Input Notebook:  notebooks/nb03_baseline_models.ipynb
Output Notebook: notebooks/executed/nb03_executed.ipynb
Executing:   0%|          | 0/46 [00:00<?, ?cell/s]Executing notebook with kernel: python3
Executing Cell 1---------------------------------------
Ending Cell 1------------------------------------------
Executing:   2%|2         | 1/46 [00:06<05:04,  6.76s/cell]Executing Cell 2---------------------------------------
Ending Cell 2------------------------------------------
Executing Cell 3---------------------------------------
Ending Cell 3------------------------------------------
Executing:   7%|6         | 3/46 [00:12<02:39,  3.70s/cell]Executing Cell 4---------------------------------------
Loaded: 1035 experiments, 123 studies
Opx-only: 1035 rows / 123 studies
Opx-liq:  600 rows / 93 studies

Ending Cell 4------------------------------------------
Executing:   9%|8         | 4/46 [00:12<01:43,  2.46s/cell]Executing Cell 5---------------------------------------
Track parquet files written.

Ending Cell 5------------------------------------------
Executing Cell 6---------------------------------------
Ending Cell 6------------------------------------------
Executing:  13%|#3        | 6/46 [00:12<00:50,  1.26s/cell]Executing Cell 7---------------------------------------
Ending Cell 7------------------------------------------
Executing Cell 8---------------------------------------
Ending Cell 8------------------------------------------
Executing Cell 9---------------------------------------
N_AUG sensitivity:   0%|          | 0/600 [00:00<?, ?it/s]
======================================================================
N_AUG SENSITIVITY RESULTS (mean +/- std test RMSE)
======================================================================

--- RF | opx_liq / P_kbar ---
repr           alr         pwlr          raw
n_aug                                       
1      6.2 +/- 0.8  6.2 +/- 1.0  5.6 +/- 0.8
3      7.0 +/- 1.3  6.1 +/- 1.2  5.8 +/- 0.5
5      7.1 +/- 1.5  6.3 +/- 1.1  5.9 +/- 0.8
10     7.4 +/- 1.5  6.3 +/- 1.0  6.4 +/- 0.6
15     7.4 +/- 1.4  6.6 +/- 1.1  6.4 +/- 0.5

--- RF | opx_liq / T_C ---
repr              alr           pwlr            raw
n_aug                                              
1        82.9 +/- 7.2   81.3 +/- 6.9   81.3 +/- 9.2
3       90.0 +/- 12.4   94.2 +/- 6.8   88.0 +/- 9.9
5       92.2 +/- 14.0   93.3 +/- 7.8   90.7 +/- 9.7
10      97.3 +/- 13.7   90.0 +/- 9.0  94.0 +/- 13.5
15     100.1 +/- 13.7  92.1 +/- 10.4  94.7 +/- 13.6

--- RF | opx_only / P_kbar ---
repr            alr          pwlr           raw
n_aug                                          
1      13.5 +/- 3.9  12.6 +/- 3.4  14.2 +/- 3.1
3      15.1 +/- 2.6  13.3 +/- 3.2  14.7 +/- 2.8
5      14.9 +/- 2.6  13.8 +/- 3.2  15.0 +/- 2.9
10     14.8 +/- 2.7  13.8 +/- 3.3  14.8 +/- 2.9
15     15.0 +/- 2.9  14.2 +/- 3.5  14.8 +/- 3.1

--- RF | opx_only / T_C ---
repr              alr            pwlr             raw
n_aug                                                
1      154.2 +/- 17.6  149.1 +/- 17.4  155.8 +/- 14.7
3      165.9 +/- 16.6  158.4 +/- 21.8  164.7 +/- 18.2
5      170.7 +/- 21.6  161.1 +/- 22.8  169.7 +/- 20.8
10     172.6 +/- 18.8  171.2 +/- 17.3  173.7 +/- 19.4
15     178.0 +/- 17.2  171.1 +/- 20.1  175.5 +/- 18.9

--- XGB | opx_liq / P_kbar ---
repr           alr         pwlr          raw
n_aug                                       
1      6.1 +/- 1.0  5.9 +/- 1.0  5.5 +/- 0.5
3      6.4 +/- 1.4  6.2 +/- 1.2  5.4 +/- 0.6
5      6.2 +/- 1.2  6.0 +/- 1.1  5.6 +/- 0.6
10     6.0 +/- 1.2  6.1 +/- 1.3  5.5 +/- 0.4
15     6.3 +/- 1.1  6.0 +/- 1.4  5.6 +/- 0.6

--- XGB | opx_liq / T_C ---
repr            alr          pwlr            raw
n_aug                                           
1      92.8 +/- 6.3  94.8 +/- 6.0   91.1 +/- 3.2
3      90.2 +/- 7.8  97.6 +/- 5.6   90.6 +/- 6.9
5      88.2 +/- 9.3  99.6 +/- 8.6   90.2 +/- 6.7
10     86.5 +/- 5.5  93.5 +/- 9.7  93.1 +/- 10.7
15     89.3 +/- 4.7  89.9 +/- 6.0  90.8 +/- 11.7

--- XGB | opx_only / P_kbar ---
repr            alr          pwlr           raw
n_aug                                          
1      14.4 +/- 3.2  13.9 +/- 2.6  14.8 +/- 3.3
3      14.3 +/- 3.1  13.8 +/- 2.4  14.0 +/- 2.8
5      14.2 +/- 3.2  14.4 +/- 3.1  13.8 +/- 3.5
10     14.1 +/- 3.1  15.3 +/- 4.2  13.8 +/- 3.5
15     13.7 +/- 3.4  14.8 +/- 3.4  14.1 +/- 3.7

--- XGB | opx_only / T_C ---
repr              alr            pwlr             raw
n_aug                                                
1       156.3 +/- 9.8  159.1 +/- 24.6  158.8 +/- 12.7
3      166.2 +/- 14.4  161.2 +/- 20.3   164.4 +/- 9.3
5      171.2 +/- 16.5  165.3 +/- 26.4  167.8 +/- 15.7
10     166.9 +/- 21.6  167.5 +/- 22.0  166.0 +/- 16.8
15     169.6 +/- 16.5  162.9 +/- 22.5  167.9 +/- 19.0

======================================================================
WILCOXON SIGNED-RANK TESTS (n_aug=1 vs n_aug=N)
======================================================================
RF   opx_liq    alr   P_kbar  1 vs  3: delta=-0.74  p=0.1875  HURTS
RF   opx_liq    alr   P_kbar  1 vs  5: delta=-0.91  p=0.3125  HURTS
RF   opx_liq    alr   P_kbar  1 vs 10: delta=-1.17  p=0.1250  HURTS
RF   opx_liq    alr   P_kbar  1 vs 15: delta=-1.21  p=0.1250  HURTS
  -> Best n_aug for RF/alr/P_kbar: 1
RF   opx_liq    alr   T_C     1 vs  3: delta=-7.09  p=0.1250  HURTS
RF   opx_liq    alr   T_C     1 vs  5: delta=-9.27  p=0.1250  HURTS
RF   opx_liq    alr   T_C     1 vs 10: delta=-14.31  p=0.0625  HURTS
RF   opx_liq    alr   T_C     1 vs 15: delta=-17.16  p=0.0625  HURTS
  -> Best n_aug for RF/alr/T_C: 1
RF   opx_liq    pwlr  P_kbar  1 vs  3: delta=+0.04  p=1.0000  HELPS
RF   opx_liq    pwlr  P_kbar  1 vs  5: delta=-0.17  p=0.6250  HURTS
RF   opx_liq    pwlr  P_kbar  1 vs 10: delta=-0.13  p=0.8125  HURTS
RF   opx_liq    pwlr  P_kbar  1 vs 15: delta=-0.41  p=0.3125  HURTS
  -> Best n_aug for RF/pwlr/P_kbar: 3
RF   opx_liq    pwlr  T_C     1 vs  3: delta=-12.88  p=0.0625  HURTS
RF   opx_liq    pwlr  T_C     1 vs  5: delta=-12.00  p=0.0625  HURTS
RF   opx_liq    pwlr  T_C     1 vs 10: delta=-8.65  p=0.3125  HURTS
RF   opx_liq    pwlr  T_C     1 vs 15: delta=-10.75  p=0.1250  HURTS
  -> Best n_aug for RF/pwlr/T_C: 1
RF   opx_liq    raw   P_kbar  1 vs  3: delta=-0.24  p=0.3125  HURTS
RF   opx_liq    raw   P_kbar  1 vs  5: delta=-0.32  p=0.3125  HURTS
RF   opx_liq    raw   P_kbar  1 vs 10: delta=-0.80  p=0.0625  HURTS
RF   opx_liq    raw   P_kbar  1 vs 15: delta=-0.88  p=0.0625  HURTS
  -> Best n_aug for RF/raw/P_kbar: 1
RF   opx_liq    raw   T_C     1 vs  3: delta=-6.73  p=0.1875  HURTS
RF   opx_liq    raw   T_C     1 vs  5: delta=-9.43  p=0.1250  HURTS
RF   opx_liq    raw   T_C     1 vs 10: delta=-12.68  p=0.0625  HURTS
RF   opx_liq    raw   T_C     1 vs 15: delta=-13.38  p=0.0625  HURTS
  -> Best n_aug for RF/raw/T_C: 1
RF   opx_only   alr   P_kbar  1 vs  3: delta=-1.64  p=0.3125  HURTS
RF   opx_only   alr   P_kbar  1 vs  5: delta=-1.42  p=0.1875  HURTS
RF   opx_only   alr   P_kbar  1 vs 10: delta=-1.30  p=0.1875  HURTS
RF   opx_only   alr   P_kbar  1 vs 15: delta=-1.57  p=0.1250  HURTS
  -> Best n_aug for RF/alr/P_kbar: 1
RF   opx_only   alr   T_C     1 vs  3: delta=-11.71  p=0.0625  HURTS
RF   opx_only   alr   T_C     1 vs  5: delta=-16.50  p=0.0625  HURTS
RF   opx_only   alr   T_C     1 vs 10: delta=-18.34  p=0.0625  HURTS
RF   opx_only   alr   T_C     1 vs 15: delta=-23.78  p=0.0625  HURTS
  -> Best n_aug for RF/alr/T_C: 1
RF   opx_only   pwlr  P_kbar  1 vs  3: delta=-0.71  p=0.1250  HURTS
RF   opx_only   pwlr  P_kbar  1 vs  5: delta=-1.27  p=0.0625  HURTS
RF   opx_only   pwlr  P_kbar  1 vs 10: delta=-1.18  p=0.0625  HURTS
RF   opx_only   pwlr  P_kbar  1 vs 15: delta=-1.67  p=0.0625  HURTS
  -> Best n_aug for RF/pwlr/P_kbar: 1
RF   opx_only   pwlr  T_C     1 vs  3: delta=-9.28  p=0.0625  HURTS
RF   opx_only   pwlr  T_C     1 vs  5: delta=-12.02  p=0.0625  HURTS
RF   opx_only   pwlr  T_C     1 vs 10: delta=-22.07  p=0.0625  HURTS
RF   opx_only   pwlr  T_C     1 vs 15: delta=-21.95  p=0.0625  HURTS
  -> Best n_aug for RF/pwlr/T_C: 1
RF   opx_only   raw   P_kbar  1 vs  3: delta=-0.52  p=0.3125  HURTS
RF   opx_only   raw   P_kbar  1 vs  5: delta=-0.75  p=0.3125  HURTS
RF   opx_only   raw   P_kbar  1 vs 10: delta=-0.60  p=0.3125  HURTS
RF   opx_only   raw   P_kbar  1 vs 15: delta=-0.55  p=0.4375  HURTS
  -> Best n_aug for RF/raw/P_kbar: 1
RF   opx_only   raw   T_C     1 vs  3: delta=-8.89  p=0.0625  HURTS
RF   opx_only   raw   T_C     1 vs  5: delta=-13.92  p=0.0625  HURTS
RF   opx_only   raw   T_C     1 vs 10: delta=-17.90  p=0.0625  HURTS
RF   opx_only   raw   T_C     1 vs 15: delta=-19.74  p=0.0625  HURTS
  -> Best n_aug for RF/raw/T_C: 1
XGB  opx_liq    alr   P_kbar  1 vs  3: delta=-0.24  p=0.8125  HURTS
XGB  opx_liq    alr   P_kbar  1 vs  5: delta=-0.05  p=0.8125  HURTS
XGB  opx_liq    alr   P_kbar  1 vs 10: delta=+0.14  p=0.6250  HELPS
XGB  opx_liq    alr   P_kbar  1 vs 15: delta=-0.20  p=0.6250  HURTS
  -> Best n_aug for XGB/alr/P_kbar: 10
XGB  opx_liq    alr   T_C     1 vs  3: delta=+2.61  p=0.1875  HELPS
XGB  opx_liq    alr   T_C     1 vs  5: delta=+4.55  p=0.1875  HELPS
XGB  opx_liq    alr   T_C     1 vs 10: delta=+6.32  p=0.1250  HELPS
XGB  opx_liq    alr   T_C     1 vs 15: delta=+3.46  p=0.8125  HELPS
  -> Best n_aug for XGB/alr/T_C: 10
XGB  opx_liq    pwlr  P_kbar  1 vs  3: delta=-0.31  p=0.3125  HURTS
XGB  opx_liq    pwlr  P_kbar  1 vs  5: delta=-0.13  p=0.8125  HURTS
XGB  opx_liq    pwlr  P_kbar  1 vs 10: delta=-0.20  p=0.6250  HURTS
XGB  opx_liq    pwlr  P_kbar  1 vs 15: delta=-0.10  p=0.8125  HURTS
  -> Best n_aug for XGB/pwlr/P_kbar: 1
XGB  opx_liq    pwlr  T_C     1 vs  3: delta=-2.75  p=0.3125  HURTS
XGB  opx_liq    pwlr  T_C     1 vs  5: delta=-4.80  p=0.3125  HURTS
XGB  opx_liq    pwlr  T_C     1 vs 10: delta=+1.27  p=1.0000  HELPS
XGB  opx_liq    pwlr  T_C     1 vs 15: delta=+4.95  p=0.6250  HELPS
  -> Best n_aug for XGB/pwlr/T_C: 15
XGB  opx_liq    raw   P_kbar  1 vs  3: delta=+0.01  p=0.8125  HELPS
XGB  opx_liq    raw   P_kbar  1 vs  5: delta=-0.15  p=0.8125  HURTS
XGB  opx_liq    raw   P_kbar  1 vs 10: delta=-0.06  p=1.0000  HURTS
XGB  opx_liq    raw   P_kbar  1 vs 15: delta=-0.17  p=0.6250  HURTS
  -> Best n_aug for XGB/raw/P_kbar: 3
XGB  opx_liq    raw   T_C     1 vs  3: delta=+0.57  p=0.6250  HELPS
XGB  opx_liq    raw   T_C     1 vs  5: delta=+0.94  p=1.0000  HELPS
XGB  opx_liq    raw   T_C     1 vs 10: delta=-1.96  p=0.6250  HURTS
XGB  opx_liq    raw   T_C     1 vs 15: delta=+0.36  p=0.6250  HELPS
  -> Best n_aug for XGB/raw/T_C: 5
XGB  opx_only   alr   P_kbar  1 vs  3: delta=+0.05  p=0.8125  HELPS
XGB  opx_only   alr   P_kbar  1 vs  5: delta=+0.24  p=0.6250  HELPS
XGB  opx_only   alr   P_kbar  1 vs 10: delta=+0.29  p=0.4375  HELPS
XGB  opx_only   alr   P_kbar  1 vs 15: delta=+0.71  p=0.3125  HELPS
  -> Best n_aug for XGB/alr/P_kbar: 15
XGB  opx_only   alr   T_C     1 vs  3: delta=-9.89  p=0.0625  HURTS
XGB  opx_only   alr   T_C     1 vs  5: delta=-14.87  p=0.0625  HURTS
XGB  opx_only   alr   T_C     1 vs 10: delta=-10.55  p=0.3125  HURTS
XGB  opx_only   alr   T_C     1 vs 15: delta=-13.29  p=0.0625  HURTS
  -> Best n_aug for XGB/alr/T_C: 1
XGB  opx_only   pwlr  P_kbar  1 vs  3: delta=+0.13  p=0.6250  HELPS
XGB  opx_only   pwlr  P_kbar  1 vs  5: delta=-0.43  p=0.4375  HURTS
XGB  opx_only   pwlr  P_kbar  1 vs 10: delta=-1.40  p=0.4375  HURTS
XGB  opx_only   pwlr  P_kbar  1 vs 15: delta=-0.92  p=0.1875  HURTS
  -> Best n_aug for XGB/pwlr/P_kbar: 3
XGB  opx_only   pwlr  T_C     1 vs  3: delta=-2.09  p=0.4375  HURTS
XGB  opx_only   pwlr  T_C     1 vs  5: delta=-6.18  p=0.3125  HURTS
XGB  opx_only   pwlr  T_C     1 vs 10: delta=-8.32  p=0.3125  HURTS
XGB  opx_only   pwlr  T_C     1 vs 15: delta=-3.73  p=0.6250  HURTS
  -> Best n_aug for XGB/pwlr/T_C: 1
XGB  opx_only   raw   P_kbar  1 vs  3: delta=+0.80  p=0.3125  HELPS
XGB  opx_only   raw   P_kbar  1 vs  5: delta=+1.01  p=0.3125  HELPS
XGB  opx_only   raw   P_kbar  1 vs 10: delta=+1.00  p=0.1875  HELPS
XGB  opx_only   raw   P_kbar  1 vs 15: delta=+0.72  p=0.4375  HELPS
  -> Best n_aug for XGB/raw/P_kbar: 5

XGB  opx_only   raw   T_C     1 vs  3: delta=-5.57  p=0.0625  HURTS
XGB  opx_only   raw   T_C     1 vs  5: delta=-9.02  p=0.1250  HURTS
XGB  opx_only   raw   T_C     1 vs 10: delta=-7.14  p=0.0625  HURTS
XGB  opx_only   raw   T_C     1 vs 15: delta=-9.06  p=0.1250  HURTS
  -> Best n_aug for XGB/raw/T_C: 1

Ending Cell 9------------------------------------------
Executing:  20%|#9        | 9/46 [34:03<3:35:46, 349.90s/cell]Executing Cell 10--------------------------------------
<Figure size 1400x1000 with 4 Axes>
<Figure size 1400x1000 with 4 Axes>

>>> SET N_AUG in the next cell based on these results <<<

Ending Cell 10-----------------------------------------
Executing:  22%|##1       | 10/46 [34:06<2:48:53, 281.50s/cell]Executing Cell 11--------------------------------------
Ending Cell 11-----------------------------------------
Executing Cell 12--------------------------------------
22:02:09 | Phase 3.3b: Optuna TPE | tune_seed=42 | n_trials=50 | n_jobs_inner=4

Optuna TPE sweep (seed 42):   0%|          | 0/48 [00:00<?, ?it/s]
22:04:00 | [OPTUNA] opx_liq raw RF T_C rmse_cv=79.472 pruned=0 failed=0 (111s)

22:06:18 | [OPTUNA] opx_liq raw RF P_kbar rmse_cv=5.616 pruned=0 failed=0 (139s)

22:07:48 | [OPTUNA] opx_liq raw ERT T_C rmse_cv=77.841 pruned=0 failed=0 (90s)

22:09:20 | [OPTUNA] opx_liq raw ERT P_kbar rmse_cv=5.469 pruned=0 failed=0 (93s)

22:10:25 | [OPTUNA] opx_liq raw XGB T_C rmse_cv=75.436 pruned=0 failed=0 (65s)

22:11:44 | [OPTUNA] opx_liq raw XGB P_kbar rmse_cv=4.842 pruned=0 failed=0 (79s)

22:13:25 | [OPTUNA] opx_liq raw GB T_C rmse_cv=78.124 pruned=0 failed=0 (101s)

22:15:07 | [OPTUNA] opx_liq raw GB P_kbar rmse_cv=4.989 pruned=0 failed=0 (102s)

22:17:28 | [OPTUNA] opx_liq alr RF T_C rmse_cv=77.863 pruned=0 failed=0 (141s)

22:19:16 | [OPTUNA] opx_liq alr RF P_kbar rmse_cv=5.499 pruned=0 failed=0 (108s)

22:20:13 | [OPTUNA] opx_liq alr ERT T_C rmse_cv=81.194 pruned=0 failed=0 (57s)

22:21:26 | [OPTUNA] opx_liq alr ERT P_kbar rmse_cv=5.721 pruned=0 failed=0 (74s)

22:23:00 | [OPTUNA] opx_liq alr XGB T_C rmse_cv=73.780 pruned=0 failed=0 (94s)

22:24:14 | [OPTUNA] opx_liq alr XGB P_kbar rmse_cv=5.097 pruned=0 failed=0 (74s)

22:26:11 | [OPTUNA] opx_liq alr GB T_C rmse_cv=76.601 pruned=0 failed=0 (117s)

22:27:26 | [OPTUNA] opx_liq alr GB P_kbar rmse_cv=5.374 pruned=0 failed=0 (75s)

22:30:04 | [OPTUNA] opx_liq pwlr RF T_C rmse_cv=77.339 pruned=0 failed=0 (158s)

22:33:15 | [OPTUNA] opx_liq pwlr RF P_kbar rmse_cv=5.478 pruned=0 failed=0 (191s)

22:34:46 | [OPTUNA] opx_liq pwlr ERT T_C rmse_cv=77.836 pruned=0 failed=0 (90s)

22:36:24 | [OPTUNA] opx_liq pwlr ERT P_kbar rmse_cv=5.718 pruned=0 failed=0 (99s)

22:39:57 | [OPTUNA] opx_liq pwlr XGB T_C rmse_cv=74.631 pruned=0 failed=0 (212s)

22:45:48 | [OPTUNA] opx_liq pwlr XGB P_kbar rmse_cv=4.777 pruned=0 failed=0 (351s)

22:54:13 | [OPTUNA] opx_liq pwlr GB T_C rmse_cv=75.635 pruned=0 failed=0 (505s)

23:00:59 | [OPTUNA] opx_liq pwlr GB P_kbar rmse_cv=5.065 pruned=0 failed=0 (407s)

23:04:35 | [OPTUNA] opx_only raw RF T_C rmse_cv=141.213 pruned=0 failed=0 (216s)

23:09:11 | [OPTUNA] opx_only raw RF P_kbar rmse_cv=10.978 pruned=0 failed=0 (276s)

23:11:23 | [OPTUNA] opx_only raw ERT T_C rmse_cv=139.512 pruned=0 failed=0 (132s)

23:13:29 | [OPTUNA] opx_only raw ERT P_kbar rmse_cv=10.793 pruned=0 failed=0 (125s)

23:14:42 | [OPTUNA] opx_only raw XGB T_C rmse_cv=136.762 pruned=0 failed=0 (73s)

23:15:49 | [OPTUNA] opx_only raw XGB P_kbar rmse_cv=10.659 pruned=0 failed=0 (67s)

23:19:47 | [OPTUNA] opx_only raw GB T_C rmse_cv=141.224 pruned=0 failed=0 (238s)

23:21:59 | [OPTUNA] opx_only raw GB P_kbar rmse_cv=10.561 pruned=0 failed=0 (133s)

23:25:20 | [OPTUNA] opx_only alr RF T_C rmse_cv=140.465 pruned=0 failed=0 (201s)

23:28:33 | [OPTUNA] opx_only alr RF P_kbar rmse_cv=10.838 pruned=0 failed=0 (193s)

23:30:43 | [OPTUNA] opx_only alr ERT T_C rmse_cv=139.909 pruned=0 failed=0 (131s)

23:32:35 | [OPTUNA] opx_only alr ERT P_kbar rmse_cv=10.864 pruned=0 failed=0 (112s)

23:35:49 | [OPTUNA] opx_only alr XGB T_C rmse_cv=134.691 pruned=0 failed=0 (194s)

23:37:29 | [OPTUNA] opx_only alr XGB P_kbar rmse_cv=10.702 pruned=0 failed=0 (100s)

23:40:22 | [OPTUNA] opx_only alr GB T_C rmse_cv=140.570 pruned=0 failed=0 (172s)

23:42:40 | [OPTUNA] opx_only alr GB P_kbar rmse_cv=10.525 pruned=0 failed=0 (138s)

23:45:59 | [OPTUNA] opx_only pwlr RF T_C rmse_cv=133.082 pruned=0 failed=0 (199s)

23:50:50 | [OPTUNA] opx_only pwlr RF P_kbar rmse_cv=10.267 pruned=0 failed=0 (291s)

23:52:40 | [OPTUNA] opx_only pwlr ERT T_C rmse_cv=132.532 pruned=0 failed=0 (110s)

23:54:00 | [OPTUNA] opx_only pwlr ERT P_kbar rmse_cv=10.393 pruned=0 failed=0 (80s)

00:02:04 | [OPTUNA] opx_only pwlr XGB T_C rmse_cv=132.055 pruned=0 failed=0 (484s)

00:06:57 | [OPTUNA] opx_only pwlr XGB P_kbar rmse_cv=10.038 pruned=0 failed=0 (292s)

00:12:25 | [OPTUNA] opx_only pwlr GB T_C rmse_cv=137.736 pruned=0 failed=0 (329s)

00:15:00 | [OPTUNA] opx_only pwlr GB P_kbar rmse_cv=10.370 pruned=0 failed=0 (155s)

00:15:00 | Optuna sweep complete: 48 combos in 2.21h


Optuna sweep complete: 48 studies in 2.21h
Frozen params persisted to C:\Users\NQTa\Documents\MLCourse\Final Project\results\nb03_optuna_best_params.json
Per-study summary: C:\Users\NQTa\Documents\MLCourse\Final Project\results\nb03_hyperparameter_search.csv

Per-study diagnostics (first 24 rows):
  track feature_set model_name target  best_rmse_cv  best_trial  n_trials_completed  n_trials_pruned  n_trials_failed  pruner_kill_rate  failure_rate  plateau_frac_25_to_50                                                                                                                                                                                                                                           best_params  elapsed_s
opx_liq        pwlr        XGB P_kbar         4.777          46                  50                0                0               0.0           0.0                  0.013        {'n_estimators': 800, 'max_depth': 3, 'learning_rate': 0.015441107302807584, 'subsample': 0.7540912918616595, 'colsample_bytree': 0.8998866913681112, 'reg_alpha': 0.9635564343883989, 'reg_lambda': 7.971774745976854, 'min_child_weight': 2}      351.1
opx_liq         raw        XGB P_kbar         4.842          41                  50                0                0               0.0           0.0                  0.026       {'n_estimators': 800, 'max_depth': 3, 'learning_rate': 0.01863482860663478, 'subsample': 0.656715645474182, 'colsample_bytree': 0.9409679707458907, 'reg_alpha': 0.0006782290125591015, 'reg_lambda': 2.520106803290839, 'min_child_weight': 3}       79.4
opx_liq         raw         GB P_kbar         4.989          40                  50                0                0               0.0           0.0                  0.009                                                                                     {'max_iter': 400, 'max_depth': 3, 'learning_rate': 0.05466586286870985, 'min_samples_leaf': 22, 'l2_regularization': 0.0008290237734273495, 'max_leaf_nodes': 39}      101.9
opx_liq        pwlr         GB P_kbar         5.065          25                  50                0                0               0.0           0.0                  0.012                                                                                       {'max_iter': 800, 'max_depth': 3, 'learning_rate': 0.030143189993220822, 'min_samples_leaf': 14, 'l2_regularization': 0.1305105585202014, 'max_leaf_nodes': 29}      406.5
opx_liq         alr        XGB P_kbar         5.097          48                  50                0                0               0.0           0.0                  0.019       {'n_estimators': 600, 'max_depth': 4, 'learning_rate': 0.05520376279413778, 'subsample': 0.8965368530363559, 'colsample_bytree': 0.9369811632028784, 'reg_alpha': 0.13218554366329102, 'reg_lambda': 1.4140951144310965, 'min_child_weight': 2}       73.6
opx_liq         alr         GB P_kbar         5.374          35                  50                0                0               0.0           0.0                  0.011                                                                                    {'max_iter': 800, 'max_depth': 3, 'learning_rate': 0.029444696740863748, 'min_samples_leaf': 42, 'l2_regularization': 0.0001642303208889874, 'max_leaf_nodes': 47}       74.6
opx_liq         raw        ERT P_kbar         5.469          28                  50                0                0               0.0           0.0                  0.009                                                                                                                             {'n_estimators': 800, 'max_depth': 38, 'min_samples_split': 3, 'min_samples_leaf': 1, 'max_features': 0.9667280361382236}       92.7
opx_liq        pwlr         RF P_kbar         5.478          40                  50                0                0               0.0           0.0                  0.003                                                                                                                             {'n_estimators': 600, 'max_depth': 13, 'min_samples_split': 2, 'min_samples_leaf': 2, 'max_features': 0.6214287464725687}      191.2
opx_liq         alr         RF P_kbar         5.499          30                  50                0                0               0.0           0.0                  0.000                                                                                                                             {'n_estimators': 400, 'max_depth': 17, 'min_samples_split': 2, 'min_samples_leaf': 1, 'max_features': 0.9913821292378133}      108.1
opx_liq         raw         RF P_kbar         5.616          47                  50                0                0               0.0           0.0                  0.003                                                                                                                             {'n_estimators': 700, 'max_depth': 19, 'min_samples_split': 2, 'min_samples_leaf': 1, 'max_features': 0.6340065654844887}      138.6
opx_liq        pwlr        ERT P_kbar         5.718          41                  50                0                0               0.0           0.0                  0.009                                                                                                                             {'n_estimators': 200, 'max_depth': 19, 'min_samples_split': 6, 'min_samples_leaf': 1, 'max_features': 0.9765770522028188}       98.8
opx_liq         alr        ERT P_kbar         5.721          27                  50                0                0               0.0           0.0                  0.011                                                                                                                             {'n_estimators': 800, 'max_depth': 40, 'min_samples_split': 4, 'min_samples_leaf': 1, 'max_features': 0.9207149490479796}       73.7
opx_liq         alr        XGB    T_C        73.780          23                  50                0                0               0.0           0.0                  0.000     {'n_estimators': 300, 'max_depth': 9, 'learning_rate': 0.044370239327904265, 'subsample': 0.6186102537284777, 'colsample_bytree': 0.8347988374863223, 'reg_alpha': 0.4266519616462753, 'reg_lambda': 0.013001812345396529, 'min_child_weight': 8}       93.8
opx_liq        pwlr        XGB    T_C        74.631          43                  50                0                0               0.0           0.0                  0.002 {'n_estimators': 200, 'max_depth': 4, 'learning_rate': 0.055660389092322814, 'subsample': 0.8352306366245513, 'colsample_bytree': 0.6092767764644771, 'reg_alpha': 0.00020031093636758556, 'reg_lambda': 0.021918881030042102, 'min_child_weight': 9}      212.4
opx_liq         raw        XGB    T_C        75.436          21                  50                0                0               0.0           0.0                  0.000   {'n_estimators': 800, 'max_depth': 4, 'learning_rate': 0.011006700027444857, 'subsample': 0.7610866841567874, 'colsample_bytree': 0.8940662480571784, 'reg_alpha': 0.0012475769766455479, 'reg_lambda': 0.04330019631637472, 'min_child_weight': 3}       64.6
opx_liq        pwlr         GB    T_C        75.635          46                  50                0                0               0.0           0.0                  0.003                                                                                      {'max_iter': 400, 'max_depth': 9, 'learning_rate': 0.01126423210556121, 'min_samples_leaf': 20, 'l2_regularization': 0.006953511542018146, 'max_leaf_nodes': 22}      505.0
opx_liq         alr         GB    T_C        76.601           9                  50                0                0               0.0           0.0                  0.000                                                                                   {'max_iter': 600, 'max_depth': 10, 'learning_rate': 0.01303561122512888, 'min_samples_leaf': 18, 'l2_regularization': 0.00016832027985721928, 'max_leaf_nodes': 29}      117.3
opx_liq        pwlr         RF    T_C        77.339          10                  50                0                0               0.0           0.0                  0.000                                                                                                                             {'n_estimators': 800, 'max_depth': 20, 'min_samples_split': 3, 'min_samples_leaf': 3, 'max_features': 0.6718327665894177}      158.2
opx_liq        pwlr        ERT    T_C        77.836          49                  50                0                0               0.0           0.0                  0.003                                                                                                                               {'n_estimators': 300, 'max_depth': 29, 'min_samples_split': 8, 'min_samples_leaf': 3, 'max_features': 0.94793431026209}       90.5
opx_liq         raw        ERT    T_C        77.841          45                  50                0                0               0.0           0.0                  0.010                                                                                                                             {'n_estimators': 800, 'max_depth': 28, 'min_samples_split': 4, 'min_samples_leaf': 2, 'max_features': 0.9762799285983367}       89.6
opx_liq         alr         RF    T_C        77.863          49                  50                0                0               0.0           0.0                  0.001                                                                                                                             {'n_estimators': 700, 'max_depth': 16, 'min_samples_split': 4, 'min_samples_leaf': 1, 'max_features': 0.9617027856430507}      141.0
opx_liq         raw         GB    T_C        78.124          27                  50                0                0               0.0           0.0                  0.008                                                                                     {'max_iter': 400, 'max_depth': 4, 'learning_rate': 0.01001391429235529, 'min_samples_leaf': 10, 'l2_regularization': 0.0004305608289370158, 'max_leaf_nodes': 81}      100.7
opx_liq         raw         RF    T_C        79.472          11                  50                0                0               0.0           0.0                  0.000                                                                                                                              {'n_estimators': 600, 'max_depth': 7, 'min_samples_split': 4, 'min_samples_leaf': 2, 'max_features': 0.8327060098896433}      110.9
opx_liq         alr        ERT    T_C        81.194          42                  50                0                0               0.0           0.0                  0.004                                                                                                                              {'n_estimators': 200, 'max_depth': 39, 'min_samples_split': 3, 'min_samples_leaf': 2, 'max_features': 0.925937244061412}       56.5

Ending Cell 12-----------------------------------------
Executing:  26%|##6       | 12/46 [2:46:58<15:16:00, 1616.49s/cell]Executing Cell 13--------------------------------------
Ending Cell 13-----------------------------------------
Executing Cell 14--------------------------------------
00:15:01 | ======================================================================

00:15:01 | Phase 3.4: final training (frozen) | N_AUG=1 | features=('raw', 'alr', 'pwlr')

Canonical seed-42 splits written: 426/174 liq, 845/190 opx-only

Training (frozen):   0%|          | 0/960 [00:00<?, ?it/s]
00:15:06 | [FROZEN] opx_liq s=42 raw RF T_C rmse=88.37 r2=0.594 (5s)

00:15:11 | [FROZEN] opx_liq s=42 raw RF P_kbar rmse=5.93 r2=0.621 (4s)

00:15:13 | [FROZEN] opx_liq s=42 raw ERT T_C rmse=90.15 r2=0.578 (2s)

00:15:15 | [FROZEN] opx_liq s=42 raw ERT P_kbar rmse=6.00 r2=0.612 (2s)

00:15:16 | [FROZEN] opx_liq s=42 raw XGB T_C rmse=86.99 r2=0.607 (1s)

00:15:17 | [FROZEN] opx_liq s=42 raw XGB P_kbar rmse=4.81 r2=0.751 (1s)

00:15:18 | [FROZEN] opx_liq s=42 raw GB T_C rmse=88.77 r2=0.591 (1s)

00:15:19 | [FROZEN] opx_liq s=42 raw GB P_kbar rmse=4.74 r2=0.758 (1s)

00:15:24 | [FROZEN] opx_liq s=42 alr RF T_C rmse=87.12 r2=0.606 (4s)

00:15:27 | [FROZEN] opx_liq s=42 alr RF P_kbar rmse=5.42 r2=0.684 (3s)

00:15:27 | [FROZEN] opx_liq s=42 alr ERT T_C rmse=91.88 r2=0.561 (1s)

00:15:30 | [FROZEN] opx_liq s=42 alr ERT P_kbar rmse=7.27 r2=0.431 (3s)

00:15:31 | [FROZEN] opx_liq s=42 alr XGB T_C rmse=90.61 r2=0.573 (1s)

00:15:32 | [FROZEN] opx_liq s=42 alr XGB P_kbar rmse=4.85 r2=0.746 (1s)

00:15:34 | [FROZEN] opx_liq s=42 alr GB T_C rmse=90.62 r2=0.573 (2s)

00:15:35 | [FROZEN] opx_liq s=42 alr GB P_kbar rmse=5.33 r2=0.694 (1s)

00:15:43 | [FROZEN] opx_liq s=42 pwlr RF T_C rmse=83.90 r2=0.634 (8s)

00:15:48 | [FROZEN] opx_liq s=42 pwlr RF P_kbar rmse=5.57 r2=0.667 (5s)

00:15:49 | [FROZEN] opx_liq s=42 pwlr ERT T_C rmse=87.11 r2=0.606 (1s)

00:15:50 | [FROZEN] opx_liq s=42 pwlr ERT P_kbar rmse=7.02 r2=0.470 (1s)

00:15:51 | [FROZEN] opx_liq s=42 pwlr XGB T_C rmse=88.37 r2=0.594 (1s)

00:15:53 | [FROZEN] opx_liq s=42 pwlr XGB P_kbar rmse=5.04 r2=0.726 (2s)

00:15:55 | [FROZEN] opx_liq s=42 pwlr GB T_C rmse=91.07 r2=0.569 (1s)

00:15:55 | [FROZEN] opx_liq s=42 pwlr GB P_kbar rmse=5.19 r2=0.710 (1s)

00:15:55 | CHECKPOINT opx_liq seed=42 | 24 rows | 0.02h

00:15:58 | [FROZEN] opx_liq s=43 raw RF T_C rmse=88.59 r2=0.798 (3s)

00:16:03 | [FROZEN] opx_liq s=43 raw RF P_kbar rmse=5.30 r2=0.734 (4s)

00:16:05 | [FROZEN] opx_liq s=43 raw ERT T_C rmse=88.17 r2=0.800 (3s)

00:16:08 | [FROZEN] opx_liq s=43 raw ERT P_kbar rmse=5.70 r2=0.692 (2s)

00:16:09 | [FROZEN] opx_liq s=43 raw XGB T_C rmse=83.17 r2=0.822 (1s)

00:16:10 | [FROZEN] opx_liq s=43 raw XGB P_kbar rmse=4.25 r2=0.829 (1s)

00:16:11 | [FROZEN] opx_liq s=43 raw GB T_C rmse=79.49 r2=0.838 (1s)

00:16:11 | [FROZEN] opx_liq s=43 raw GB P_kbar rmse=4.50 r2=0.808 (0s)

00:16:16 | [FROZEN] opx_liq s=43 alr RF T_C rmse=87.96 r2=0.801 (5s)

00:16:19 | [FROZEN] opx_liq s=43 alr RF P_kbar rmse=6.30 r2=0.624 (2s)

00:16:19 | [FROZEN] opx_liq s=43 alr ERT T_C rmse=85.63 r2=0.812 (1s)

00:16:22 | [FROZEN] opx_liq s=43 alr ERT P_kbar rmse=6.97 r2=0.540 (2s)

00:16:22 | [FROZEN] opx_liq s=43 alr XGB T_C rmse=79.24 r2=0.839 (1s)

00:16:23 | [FROZEN] opx_liq s=43 alr XGB P_kbar rmse=4.68 r2=0.792 (1s)

00:16:24 | [FROZEN] opx_liq s=43 alr GB T_C rmse=88.81 r2=0.797 (1s)

00:16:25 | [FROZEN] opx_liq s=43 alr GB P_kbar rmse=5.94 r2=0.666 (1s)

00:16:34 | [FROZEN] opx_liq s=43 pwlr RF T_C rmse=89.97 r2=0.792 (8s)

00:16:40 | [FROZEN] opx_liq s=43 pwlr RF P_kbar rmse=6.27 r2=0.628 (6s)

00:16:41 | [FROZEN] opx_liq s=43 pwlr ERT T_C rmse=87.89 r2=0.802 (1s)

00:16:42 | [FROZEN] opx_liq s=43 pwlr ERT P_kbar rmse=6.75 r2=0.569 (1s)

00:16:43 | [FROZEN] opx_liq s=43 pwlr XGB T_C rmse=86.25 r2=0.809 (1s)

00:16:45 | [FROZEN] opx_liq s=43 pwlr XGB P_kbar rmse=5.56 r2=0.707 (2s)

00:16:47 | [FROZEN] opx_liq s=43 pwlr GB T_C rmse=88.29 r2=0.800 (2s)

00:16:48 | [FROZEN] opx_liq s=43 pwlr GB P_kbar rmse=5.39 r2=0.725 (1s)

00:16:48 | CHECKPOINT opx_liq seed=43 | 48 rows | 0.03h

00:16:50 | [FROZEN] opx_liq s=44 raw RF T_C rmse=69.44 r2=0.901 (3s)

00:16:54 | [FROZEN] opx_liq s=44 raw RF P_kbar rmse=4.63 r2=0.704 (4s)

00:16:57 | [FROZEN] opx_liq s=44 raw ERT T_C rmse=68.34 r2=0.904 (3s)

00:17:00 | [FROZEN] opx_liq s=44 raw ERT P_kbar rmse=4.51 r2=0.719 (2s)

00:17:01 | [FROZEN] opx_liq s=44 raw XGB T_C rmse=75.14 r2=0.884 (1s)

00:17:01 | [FROZEN] opx_liq s=44 raw XGB P_kbar rmse=3.86 r2=0.794 (1s)

00:17:02 | [FROZEN] opx_liq s=44 raw GB T_C rmse=75.27 r2=0.883 (1s)

00:17:03 | [FROZEN] opx_liq s=44 raw GB P_kbar rmse=3.93 r2=0.786 (0s)

00:17:08 | [FROZEN] opx_liq s=44 alr RF T_C rmse=72.09 r2=0.893 (5s)

00:17:11 | [FROZEN] opx_liq s=44 alr RF P_kbar rmse=5.24 r2=0.621 (2s)

00:17:11 | [FROZEN] opx_liq s=44 alr ERT T_C rmse=73.32 r2=0.889 (0s)

00:17:14 | [FROZEN] opx_liq s=44 alr ERT P_kbar rmse=4.72 r2=0.693 (3s)

00:17:15 | [FROZEN] opx_liq s=44 alr XGB T_C rmse=68.49 r2=0.903 (1s)

00:17:16 | [FROZEN] opx_liq s=44 alr XGB P_kbar rmse=4.30 r2=0.744 (1s)

00:17:17 | [FROZEN] opx_liq s=44 alr GB T_C rmse=69.73 r2=0.900 (1s)

00:17:17 | [FROZEN] opx_liq s=44 alr GB P_kbar rmse=4.39 r2=0.734 (0s)

00:17:26 | [FROZEN] opx_liq s=44 pwlr RF T_C rmse=72.10 r2=0.893 (8s)

00:17:32 | [FROZEN] opx_liq s=44 pwlr RF P_kbar rmse=4.76 r2=0.686 (6s)

00:17:33 | [FROZEN] opx_liq s=44 pwlr ERT T_C rmse=78.33 r2=0.874 (2s)

00:17:35 | [FROZEN] opx_liq s=44 pwlr ERT P_kbar rmse=4.53 r2=0.716 (2s)

00:17:35 | [FROZEN] opx_liq s=44 pwlr XGB T_C rmse=79.81 r2=0.869 (1s)

00:17:38 | [FROZEN] opx_liq s=44 pwlr XGB P_kbar rmse=3.92 r2=0.787 (2s)

00:17:39 | [FROZEN] opx_liq s=44 pwlr GB T_C rmse=78.77 r2=0.872 (1s)

00:17:40 | [FROZEN] opx_liq s=44 pwlr GB P_kbar rmse=4.31 r2=0.744 (1s)

00:17:40 | CHECKPOINT opx_liq seed=44 | 72 rows | 0.04h

00:17:42 | [FROZEN] opx_liq s=45 raw RF T_C rmse=79.41 r2=0.827 (2s)

00:17:44 | [FROZEN] opx_liq s=45 raw RF P_kbar rmse=5.68 r2=0.689 (2s)

00:17:46 | [FROZEN] opx_liq s=45 raw ERT T_C rmse=80.01 r2=0.825 (2s)

00:17:47 | [FROZEN] opx_liq s=45 raw ERT P_kbar rmse=6.27 r2=0.621 (2s)

00:17:48 | [FROZEN] opx_liq s=45 raw XGB T_C rmse=88.81 r2=0.784 (1s)

00:17:49 | [FROZEN] opx_liq s=45 raw XGB P_kbar rmse=5.48 r2=0.711 (1s)

00:17:49 | [FROZEN] opx_liq s=45 raw GB T_C rmse=78.20 r2=0.832 (1s)

00:17:50 | [FROZEN] opx_liq s=45 raw GB P_kbar rmse=5.51 r2=0.708 (0s)

00:17:53 | [FROZEN] opx_liq s=45 alr RF T_C rmse=76.61 r2=0.839 (3s)

00:17:54 | [FROZEN] opx_liq s=45 alr RF P_kbar rmse=6.94 r2=0.536 (2s)

00:17:55 | [FROZEN] opx_liq s=45 alr ERT T_C rmse=82.29 r2=0.814 (0s)

00:17:57 | [FROZEN] opx_liq s=45 alr ERT P_kbar rmse=8.40 r2=0.320 (2s)

00:17:57 | [FROZEN] opx_liq s=45 alr XGB T_C rmse=80.99 r2=0.820 (1s)

00:17:58 | [FROZEN] opx_liq s=45 alr XGB P_kbar rmse=5.67 r2=0.690 (1s)

00:17:59 | [FROZEN] opx_liq s=45 alr GB T_C rmse=78.17 r2=0.833 (1s)

00:17:59 | [FROZEN] opx_liq s=45 alr GB P_kbar rmse=6.49 r2=0.594 (0s)

00:18:05 | [FROZEN] opx_liq s=45 pwlr RF T_C rmse=80.86 r2=0.821 (6s)

00:18:10 | [FROZEN] opx_liq s=45 pwlr RF P_kbar rmse=6.79 r2=0.556 (4s)

00:18:11 | [FROZEN] opx_liq s=45 pwlr ERT T_C rmse=83.53 r2=0.809 (1s)

00:18:12 | [FROZEN] opx_liq s=45 pwlr ERT P_kbar rmse=8.04 r2=0.378 (1s)

00:18:12 | [FROZEN] opx_liq s=45 pwlr XGB T_C rmse=86.92 r2=0.793 (0s)

00:18:14 | [FROZEN] opx_liq s=45 pwlr XGB P_kbar rmse=6.54 r2=0.588 (1s)

00:18:15 | [FROZEN] opx_liq s=45 pwlr GB T_C rmse=80.59 r2=0.822 (1s)

00:18:16 | [FROZEN] opx_liq s=45 pwlr GB P_kbar rmse=6.08 r2=0.644 (1s)

00:18:16 | CHECKPOINT opx_liq seed=45 | 96 rows | 0.05h

00:18:18 | [FROZEN] opx_liq s=46 raw RF T_C rmse=73.81 r2=0.851 (3s)

00:18:21 | [FROZEN] opx_liq s=46 raw RF P_kbar rmse=6.06 r2=0.675 (3s)

00:18:23 | [FROZEN] opx_liq s=46 raw ERT T_C rmse=70.19 r2=0.866 (2s)

00:18:25 | [FROZEN] opx_liq s=46 raw ERT P_kbar rmse=6.02 r2=0.680 (2s)

00:18:25 | [FROZEN] opx_liq s=46 raw XGB T_C rmse=78.57 r2=0.832 (1s)

00:18:26 | [FROZEN] opx_liq s=46 raw XGB P_kbar rmse=5.36 r2=0.746 (0s)

00:18:27 | [FROZEN] opx_liq s=46 raw GB T_C rmse=83.85 r2=0.808 (1s)

00:18:27 | [FROZEN] opx_liq s=46 raw GB P_kbar rmse=5.95 r2=0.686 (0s)

00:18:31 | [FROZEN] opx_liq s=46 alr RF T_C rmse=81.51 r2=0.819 (4s)

00:18:34 | [FROZEN] opx_liq s=46 alr RF P_kbar rmse=7.10 r2=0.555 (3s)

00:18:34 | [FROZEN] opx_liq s=46 alr ERT T_C rmse=73.99 r2=0.851 (1s)

00:18:36 | [FROZEN] opx_liq s=46 alr ERT P_kbar rmse=6.16 r2=0.664 (2s)

00:18:37 | [FROZEN] opx_liq s=46 alr XGB T_C rmse=76.58 r2=0.840 (1s)

00:18:38 | [FROZEN] opx_liq s=46 alr XGB P_kbar rmse=6.14 r2=0.666 (1s)

00:18:38 | [FROZEN] opx_liq s=46 alr GB T_C rmse=77.86 r2=0.835 (1s)

00:18:39 | [FROZEN] opx_liq s=46 alr GB P_kbar rmse=6.44 r2=0.634 (0s)

00:18:48 | [FROZEN] opx_liq s=46 pwlr RF T_C rmse=72.91 r2=0.855 (9s)

00:18:55 | [FROZEN] opx_liq s=46 pwlr RF P_kbar rmse=6.97 r2=0.571 (7s)

00:18:57 | [FROZEN] opx_liq s=46 pwlr ERT T_C rmse=75.94 r2=0.843 (1s)

00:18:58 | [FROZEN] opx_liq s=46 pwlr ERT P_kbar rmse=6.31 r2=0.647 (1s)

00:18:58 | [FROZEN] opx_liq s=46 pwlr XGB T_C rmse=78.23 r2=0.833 (0s)

00:19:00 | [FROZEN] opx_liq s=46 pwlr XGB P_kbar rmse=6.12 r2=0.669 (2s)

00:19:02 | [FROZEN] opx_liq s=46 pwlr GB T_C rmse=84.20 r2=0.807 (2s)

00:19:02 | [FROZEN] opx_liq s=46 pwlr GB P_kbar rmse=6.74 r2=0.598 (0s)

00:19:02 | CHECKPOINT opx_liq seed=46 | 120 rows | 0.07h

00:19:06 | [FROZEN] opx_liq s=47 raw RF T_C rmse=77.31 r2=0.815 (3s)

00:19:09 | [FROZEN] opx_liq s=47 raw RF P_kbar rmse=5.15 r2=0.700 (4s)

00:19:12 | [FROZEN] opx_liq s=47 raw ERT T_C rmse=87.15 r2=0.765 (3s)

00:19:15 | [FROZEN] opx_liq s=47 raw ERT P_kbar rmse=5.45 r2=0.663 (3s)

00:19:16 | [FROZEN] opx_liq s=47 raw XGB T_C rmse=73.95 r2=0.831 (1s)

00:19:17 | [FROZEN] opx_liq s=47 raw XGB P_kbar rmse=4.05 r2=0.814 (1s)

00:19:18 | [FROZEN] opx_liq s=47 raw GB T_C rmse=75.30 r2=0.825 (1s)

00:19:18 | [FROZEN] opx_liq s=47 raw GB P_kbar rmse=4.37 r2=0.783 (0s)

00:19:23 | [FROZEN] opx_liq s=47 alr RF T_C rmse=82.06 r2=0.792 (4s)

00:19:25 | [FROZEN] opx_liq s=47 alr RF P_kbar rmse=5.88 r2=0.608 (2s)

00:19:26 | [FROZEN] opx_liq s=47 alr ERT T_C rmse=93.01 r2=0.733 (1s)

00:19:27 | [FROZEN] opx_liq s=47 alr ERT P_kbar rmse=6.78 r2=0.479 (2s)

00:19:28 | [FROZEN] opx_liq s=47 alr XGB T_C rmse=80.04 r2=0.802 (1s)

00:19:28 | [FROZEN] opx_liq s=47 alr XGB P_kbar rmse=3.87 r2=0.830 (1s)

00:19:30 | [FROZEN] opx_liq s=47 alr GB T_C rmse=79.06 r2=0.807 (1s)

00:19:30 | [FROZEN] opx_liq s=47 alr GB P_kbar rmse=5.40 r2=0.669 (0s)

00:19:36 | [FROZEN] opx_liq s=47 pwlr RF T_C rmse=78.84 r2=0.808 (5s)

00:19:40 | [FROZEN] opx_liq s=47 pwlr RF P_kbar rmse=5.92 r2=0.603 (5s)

00:19:42 | [FROZEN] opx_liq s=47 pwlr ERT T_C rmse=83.24 r2=0.786 (1s)

00:19:42 | [FROZEN] opx_liq s=47 pwlr ERT P_kbar rmse=6.33 r2=0.546 (1s)

00:19:43 | [FROZEN] opx_liq s=47 pwlr XGB T_C rmse=78.05 r2=0.812 (0s)

00:19:44 | [FROZEN] opx_liq s=47 pwlr XGB P_kbar rmse=4.79 r2=0.740 (1s)

00:19:45 | [FROZEN] opx_liq s=47 pwlr GB T_C rmse=79.09 r2=0.807 (1s)

00:19:46 | [FROZEN] opx_liq s=47 pwlr GB P_kbar rmse=4.86 r2=0.732 (1s)

00:19:46 | CHECKPOINT opx_liq seed=47 | 144 rows | 0.08h

00:19:48 | [FROZEN] opx_liq s=48 raw RF T_C rmse=82.62 r2=0.575 (2s)

00:19:50 | [FROZEN] opx_liq s=48 raw RF P_kbar rmse=7.53 r2=0.392 (2s)

00:19:52 | [FROZEN] opx_liq s=48 raw ERT T_C rmse=75.94 r2=0.641 (2s)

00:19:54 | [FROZEN] opx_liq s=48 raw ERT P_kbar rmse=7.46 r2=0.403 (2s)

00:19:55 | [FROZEN] opx_liq s=48 raw XGB T_C rmse=75.00 r2=0.650 (1s)

00:19:55 | [FROZEN] opx_liq s=48 raw XGB P_kbar rmse=5.92 r2=0.624 (0s)

00:19:56 | [FROZEN] opx_liq s=48 raw GB T_C rmse=86.43 r2=0.535 (1s)

00:19:56 | [FROZEN] opx_liq s=48 raw GB P_kbar rmse=6.99 r2=0.476 (0s)

00:19:59 | [FROZEN] opx_liq s=48 alr RF T_C rmse=70.62 r2=0.689 (3s)

00:20:01 | [FROZEN] opx_liq s=48 alr RF P_kbar rmse=6.99 r2=0.476 (2s)

00:20:01 | [FROZEN] opx_liq s=48 alr ERT T_C rmse=66.78 r2=0.722 (0s)

00:20:02 | [FROZEN] opx_liq s=48 alr ERT P_kbar rmse=7.97 r2=0.318 (2s)

00:20:03 | [FROZEN] opx_liq s=48 alr XGB T_C rmse=80.21 r2=0.599 (1s)

00:20:04 | [FROZEN] opx_liq s=48 alr XGB P_kbar rmse=7.45 r2=0.404 (1s)

00:20:04 | [FROZEN] opx_liq s=48 alr GB T_C rmse=77.09 r2=0.630 (1s)

00:20:05 | [FROZEN] opx_liq s=48 alr GB P_kbar rmse=6.51 r2=0.545 (0s)

00:20:10 | [FROZEN] opx_liq s=48 pwlr RF T_C rmse=83.30 r2=0.568 (5s)

00:20:13 | [FROZEN] opx_liq s=48 pwlr RF P_kbar rmse=9.21 r2=0.089 (4s)

00:20:14 | [FROZEN] opx_liq s=48 pwlr ERT T_C rmse=78.27 r2=0.618 (1s)

00:20:15 | [FROZEN] opx_liq s=48 pwlr ERT P_kbar rmse=9.76 r2=-0.021 (1s)

00:20:15 | [FROZEN] opx_liq s=48 pwlr XGB T_C rmse=83.97 r2=0.561 (0s)

00:20:17 | [FROZEN] opx_liq s=48 pwlr XGB P_kbar rmse=8.45 r2=0.234 (1s)

00:20:17 | [FROZEN] opx_liq s=48 pwlr GB T_C rmse=93.76 r2=0.452 (1s)

00:20:18 | [FROZEN] opx_liq s=48 pwlr GB P_kbar rmse=9.40 r2=0.052 (1s)

00:20:18 | CHECKPOINT opx_liq seed=48 | 168 rows | 0.09h

00:20:20 | [FROZEN] opx_liq s=49 raw RF T_C rmse=87.14 r2=0.786 (2s)

00:20:23 | [FROZEN] opx_liq s=49 raw RF P_kbar rmse=8.78 r2=0.170 (2s)

00:20:24 | [FROZEN] opx_liq s=49 raw ERT T_C rmse=83.95 r2=0.801 (2s)

00:20:26 | [FROZEN] opx_liq s=49 raw ERT P_kbar rmse=6.15 r2=0.593 (2s)

00:20:27 | [FROZEN] opx_liq s=49 raw XGB T_C rmse=81.39 r2=0.813 (1s)

00:20:27 | [FROZEN] opx_liq s=49 raw XGB P_kbar rmse=4.47 r2=0.785 (0s)

00:20:28 | [FROZEN] opx_liq s=49 raw GB T_C rmse=94.86 r2=0.746 (1s)

00:20:28 | [FROZEN] opx_liq s=49 raw GB P_kbar rmse=5.29 r2=0.699 (0s)

00:20:31 | [FROZEN] opx_liq s=49 alr RF T_C rmse=73.35 r2=0.848 (3s)

00:20:33 | [FROZEN] opx_liq s=49 alr RF P_kbar rmse=6.08 r2=0.603 (2s)

00:20:34 | [FROZEN] opx_liq s=49 alr ERT T_C rmse=82.17 r2=0.809 (0s)

00:20:36 | [FROZEN] opx_liq s=49 alr ERT P_kbar rmse=6.70 r2=0.517 (2s)

00:20:36 | [FROZEN] opx_liq s=49 alr XGB T_C rmse=77.37 r2=0.831 (1s)

00:20:37 | [FROZEN] opx_liq s=49 alr XGB P_kbar rmse=4.46 r2=0.786 (1s)

00:20:38 | [FROZEN] opx_liq s=49 alr GB T_C rmse=85.02 r2=0.796 (1s)

00:20:38 | [FROZEN] opx_liq s=49 alr GB P_kbar rmse=6.32 r2=0.571 (0s)

00:20:44 | [FROZEN] opx_liq s=49 pwlr RF T_C rmse=75.91 r2=0.837 (5s)

00:20:48 | [FROZEN] opx_liq s=49 pwlr RF P_kbar rmse=6.70 r2=0.516 (4s)

00:20:48 | [FROZEN] opx_liq s=49 pwlr ERT T_C rmse=77.42 r2=0.831 (1s)

00:20:49 | [FROZEN] opx_liq s=49 pwlr ERT P_kbar rmse=6.87 r2=0.492 (1s)

00:20:50 | [FROZEN] opx_liq s=49 pwlr XGB T_C rmse=78.28 r2=0.827 (0s)

00:20:51 | [FROZEN] opx_liq s=49 pwlr XGB P_kbar rmse=4.93 r2=0.739 (1s)

00:20:52 | [FROZEN] opx_liq s=49 pwlr GB T_C rmse=86.06 r2=0.791 (1s)

00:20:52 | [FROZEN] opx_liq s=49 pwlr GB P_kbar rmse=5.41 r2=0.685 (0s)

00:20:53 | CHECKPOINT opx_liq seed=49 | 192 rows | 0.10h

00:20:55 | [FROZEN] opx_liq s=50 raw RF T_C rmse=82.73 r2=0.730 (2s)

00:20:57 | [FROZEN] opx_liq s=50 raw RF P_kbar rmse=3.89 r2=0.809 (2s)

00:20:58 | [FROZEN] opx_liq s=50 raw ERT T_C rmse=78.97 r2=0.754 (2s)

00:21:00 | [FROZEN] opx_liq s=50 raw ERT P_kbar rmse=4.88 r2=0.699 (2s)

00:21:01 | [FROZEN] opx_liq s=50 raw XGB T_C rmse=81.92 r2=0.735 (1s)

00:21:01 | [FROZEN] opx_liq s=50 raw XGB P_kbar rmse=4.12 r2=0.786 (0s)

00:21:02 | [FROZEN] opx_liq s=50 raw GB T_C rmse=79.51 r2=0.750 (1s)

00:21:02 | [FROZEN] opx_liq s=50 raw GB P_kbar rmse=4.15 r2=0.782 (0s)

00:21:05 | [FROZEN] opx_liq s=50 alr RF T_C rmse=80.97 r2=0.741 (3s)

00:21:07 | [FROZEN] opx_liq s=50 alr RF P_kbar rmse=4.46 r2=0.748 (2s)

00:21:07 | [FROZEN] opx_liq s=50 alr ERT T_C rmse=71.84 r2=0.796 (0s)

00:21:09 | [FROZEN] opx_liq s=50 alr ERT P_kbar rmse=5.56 r2=0.609 (2s)

00:21:09 | [FROZEN] opx_liq s=50 alr XGB T_C rmse=75.63 r2=0.774 (1s)

00:21:10 | [FROZEN] opx_liq s=50 alr XGB P_kbar rmse=4.82 r2=0.707 (1s)

00:21:11 | [FROZEN] opx_liq s=50 alr GB T_C rmse=75.16 r2=0.777 (1s)

00:21:12 | [FROZEN] opx_liq s=50 alr GB P_kbar rmse=6.28 r2=0.503 (0s)

00:21:17 | [FROZEN] opx_liq s=50 pwlr RF T_C rmse=76.41 r2=0.769 (5s)

00:21:21 | [FROZEN] opx_liq s=50 pwlr RF P_kbar rmse=5.49 r2=0.619 (4s)

00:21:22 | [FROZEN] opx_liq s=50 pwlr ERT T_C rmse=75.27 r2=0.776 (1s)

00:21:23 | [FROZEN] opx_liq s=50 pwlr ERT P_kbar rmse=6.31 r2=0.497 (1s)

00:21:23 | [FROZEN] opx_liq s=50 pwlr XGB T_C rmse=85.83 r2=0.709 (0s)

00:21:25 | [FROZEN] opx_liq s=50 pwlr XGB P_kbar rmse=5.47 r2=0.622 (2s)

00:21:26 | [FROZEN] opx_liq s=50 pwlr GB T_C rmse=75.47 r2=0.775 (1s)

00:21:27 | [FROZEN] opx_liq s=50 pwlr GB P_kbar rmse=5.68 r2=0.592 (1s)

00:21:27 | CHECKPOINT opx_liq seed=50 | 216 rows | 0.11h

00:21:29 | [FROZEN] opx_liq s=51 raw RF T_C rmse=68.82 r2=0.859 (2s)

00:21:31 | [FROZEN] opx_liq s=51 raw RF P_kbar rmse=6.62 r2=0.604 (2s)

00:21:33 | [FROZEN] opx_liq s=51 raw ERT T_C rmse=71.35 r2=0.848 (2s)

00:21:34 | [FROZEN] opx_liq s=51 raw ERT P_kbar rmse=6.87 r2=0.573 (2s)

00:21:35 | [FROZEN] opx_liq s=51 raw XGB T_C rmse=76.38 r2=0.826 (1s)

00:21:35 | [FROZEN] opx_liq s=51 raw XGB P_kbar rmse=5.41 r2=0.736 (0s)

00:21:36 | [FROZEN] opx_liq s=51 raw GB T_C rmse=80.50 r2=0.807 (1s)

00:21:37 | [FROZEN] opx_liq s=51 raw GB P_kbar rmse=5.32 r2=0.744 (0s)

00:21:40 | [FROZEN] opx_liq s=51 alr RF T_C rmse=69.46 r2=0.856 (3s)

00:21:41 | [FROZEN] opx_liq s=51 alr RF P_kbar rmse=6.39 r2=0.630 (2s)

00:21:42 | [FROZEN] opx_liq s=51 alr ERT T_C rmse=74.14 r2=0.836 (0s)

00:21:43 | [FROZEN] opx_liq s=51 alr ERT P_kbar rmse=7.69 r2=0.465 (2s)

00:21:44 | [FROZEN] opx_liq s=51 alr XGB T_C rmse=67.80 r2=0.863 (0s)

00:21:45 | [FROZEN] opx_liq s=51 alr XGB P_kbar rmse=5.91 r2=0.684 (1s)

00:21:45 | [FROZEN] opx_liq s=51 alr GB T_C rmse=78.72 r2=0.815 (1s)

00:21:46 | [FROZEN] opx_liq s=51 alr GB P_kbar rmse=6.42 r2=0.627 (0s)

00:21:51 | [FROZEN] opx_liq s=51 pwlr RF T_C rmse=63.51 r2=0.880 (5s)

00:21:54 | [FROZEN] opx_liq s=51 pwlr RF P_kbar rmse=6.79 r2=0.583 (4s)

00:21:55 | [FROZEN] opx_liq s=51 pwlr ERT T_C rmse=72.08 r2=0.845 (1s)

00:21:56 | [FROZEN] opx_liq s=51 pwlr ERT P_kbar rmse=7.47 r2=0.495 (1s)

00:21:57 | [FROZEN] opx_liq s=51 pwlr XGB T_C rmse=76.10 r2=0.827 (1s)

00:21:58 | [FROZEN] opx_liq s=51 pwlr XGB P_kbar rmse=6.27 r2=0.644 (2s)

00:21:59 | [FROZEN] opx_liq s=51 pwlr GB T_C rmse=79.74 r2=0.810 (1s)

00:22:00 | [FROZEN] opx_liq s=51 pwlr GB P_kbar rmse=6.24 r2=0.647 (1s)

00:22:00 | CHECKPOINT opx_liq seed=51 | 240 rows | 0.12h

00:22:02 | [FROZEN] opx_liq s=52 raw RF T_C rmse=85.38 r2=0.628 (2s)

00:22:04 | [FROZEN] opx_liq s=52 raw RF P_kbar rmse=7.52 r2=0.579 (2s)

00:22:05 | [FROZEN] opx_liq s=52 raw ERT T_C rmse=79.16 r2=0.681 (1s)

00:22:07 | [FROZEN] opx_liq s=52 raw ERT P_kbar rmse=8.10 r2=0.513 (2s)

00:22:08 | [FROZEN] opx_liq s=52 raw XGB T_C rmse=79.62 r2=0.677 (1s)

00:22:08 | [FROZEN] opx_liq s=52 raw XGB P_kbar rmse=6.66 r2=0.670 (0s)

00:22:09 | [FROZEN] opx_liq s=52 raw GB T_C rmse=85.03 r2=0.631 (1s)

00:22:09 | [FROZEN] opx_liq s=52 raw GB P_kbar rmse=5.90 r2=0.741 (0s)

00:22:12 | [FROZEN] opx_liq s=52 alr RF T_C rmse=74.57 r2=0.717 (3s)

00:22:15 | [FROZEN] opx_liq s=52 alr RF P_kbar rmse=7.81 r2=0.547 (2s)

00:22:15 | [FROZEN] opx_liq s=52 alr ERT T_C rmse=74.75 r2=0.715 (0s)

00:22:17 | [FROZEN] opx_liq s=52 alr ERT P_kbar rmse=8.39 r2=0.476 (2s)

00:22:18 | [FROZEN] opx_liq s=52 alr XGB T_C rmse=70.92 r2=0.744 (1s)

00:22:18 | [FROZEN] opx_liq s=52 alr XGB P_kbar rmse=6.38 r2=0.697 (1s)

00:22:20 | [FROZEN] opx_liq s=52 alr GB T_C rmse=81.87 r2=0.658 (1s)

00:22:20 | [FROZEN] opx_liq s=52 alr GB P_kbar rmse=6.72 r2=0.664 (0s)

00:22:26 | [FROZEN] opx_liq s=52 pwlr RF T_C rmse=82.26 r2=0.655 (6s)

00:22:31 | [FROZEN] opx_liq s=52 pwlr RF P_kbar rmse=9.28 r2=0.359 (5s)

00:22:32 | [FROZEN] opx_liq s=52 pwlr ERT T_C rmse=77.95 r2=0.690 (1s)

00:22:33 | [FROZEN] opx_liq s=52 pwlr ERT P_kbar rmse=9.63 r2=0.311 (1s)

00:22:34 | [FROZEN] opx_liq s=52 pwlr XGB T_C rmse=73.82 r2=0.722 (1s)

00:22:37 | [FROZEN] opx_liq s=52 pwlr XGB P_kbar rmse=8.29 r2=0.489 (3s)

00:22:38 | [FROZEN] opx_liq s=52 pwlr GB T_C rmse=73.10 r2=0.728 (2s)

00:22:39 | [FROZEN] opx_liq s=52 pwlr GB P_kbar rmse=7.73 r2=0.556 (1s)

00:22:39 | CHECKPOINT opx_liq seed=52 | 264 rows | 0.13h

00:22:42 | [FROZEN] opx_liq s=53 raw RF T_C rmse=100.69 r2=0.775 (3s)

00:22:45 | [FROZEN] opx_liq s=53 raw RF P_kbar rmse=6.94 r2=0.629 (3s)

00:22:48 | [FROZEN] opx_liq s=53 raw ERT T_C rmse=94.42 r2=0.802 (3s)

00:22:51 | [FROZEN] opx_liq s=53 raw ERT P_kbar rmse=7.21 r2=0.599 (3s)

00:22:52 | [FROZEN] opx_liq s=53 raw XGB T_C rmse=91.51 r2=0.814 (1s)

00:22:53 | [FROZEN] opx_liq s=53 raw XGB P_kbar rmse=5.11 r2=0.798 (1s)

00:22:53 | [FROZEN] opx_liq s=53 raw GB T_C rmse=96.36 r2=0.794 (1s)

00:22:54 | [FROZEN] opx_liq s=53 raw GB P_kbar rmse=4.70 r2=0.829 (0s)

00:22:57 | [FROZEN] opx_liq s=53 alr RF T_C rmse=94.87 r2=0.801 (3s)

00:22:58 | [FROZEN] opx_liq s=53 alr RF P_kbar rmse=7.06 r2=0.616 (2s)

00:22:59 | [FROZEN] opx_liq s=53 alr ERT T_C rmse=89.80 r2=0.821 (0s)

00:23:00 | [FROZEN] opx_liq s=53 alr ERT P_kbar rmse=8.42 r2=0.453 (2s)

00:23:01 | [FROZEN] opx_liq s=53 alr XGB T_C rmse=86.60 r2=0.834 (0s)

00:23:02 | [FROZEN] opx_liq s=53 alr XGB P_kbar rmse=5.98 r2=0.724 (1s)

00:23:02 | [FROZEN] opx_liq s=53 alr GB T_C rmse=99.89 r2=0.779 (0s)

00:23:02 | [FROZEN] opx_liq s=53 alr GB P_kbar rmse=6.33 r2=0.691 (0s)

00:23:08 | [FROZEN] opx_liq s=53 pwlr RF T_C rmse=95.36 r2=0.799 (6s)

00:23:12 | [FROZEN] opx_liq s=53 pwlr RF P_kbar rmse=7.35 r2=0.583 (4s)

00:23:13 | [FROZEN] opx_liq s=53 pwlr ERT T_C rmse=94.48 r2=0.802 (1s)

00:23:14 | [FROZEN] opx_liq s=53 pwlr ERT P_kbar rmse=8.63 r2=0.425 (1s)

00:23:14 | [FROZEN] opx_liq s=53 pwlr XGB T_C rmse=91.76 r2=0.813 (0s)

00:23:16 | [FROZEN] opx_liq s=53 pwlr XGB P_kbar rmse=6.60 r2=0.664 (1s)

00:23:16 | [FROZEN] opx_liq s=53 pwlr GB T_C rmse=102.14 r2=0.769 (0s)

00:23:17 | [FROZEN] opx_liq s=53 pwlr GB P_kbar rmse=6.78 r2=0.645 (1s)

00:23:17 | CHECKPOINT opx_liq seed=53 | 288 rows | 0.14h

00:23:19 | [FROZEN] opx_liq s=54 raw RF T_C rmse=96.20 r2=0.720 (2s)

00:23:21 | [FROZEN] opx_liq s=54 raw RF P_kbar rmse=6.40 r2=0.601 (2s)

00:23:23 | [FROZEN] opx_liq s=54 raw ERT T_C rmse=94.99 r2=0.727 (2s)

00:23:25 | [FROZEN] opx_liq s=54 raw ERT P_kbar rmse=6.94 r2=0.532 (2s)

00:23:25 | [FROZEN] opx_liq s=54 raw XGB T_C rmse=88.39 r2=0.764 (1s)

00:23:26 | [FROZEN] opx_liq s=54 raw XGB P_kbar rmse=4.94 r2=0.763 (1s)

00:23:29 | [FROZEN] opx_liq s=54 raw GB T_C rmse=99.82 r2=0.699 (3s)

00:23:29 | [FROZEN] opx_liq s=54 raw GB P_kbar rmse=5.64 r2=0.690 (0s)

00:23:35 | [FROZEN] opx_liq s=54 alr RF T_C rmse=100.30 r2=0.696 (5s)

00:23:37 | [FROZEN] opx_liq s=54 alr RF P_kbar rmse=6.99 r2=0.525 (2s)

00:23:37 | [FROZEN] opx_liq s=54 alr ERT T_C rmse=96.61 r2=0.718 (0s)

00:23:39 | [FROZEN] opx_liq s=54 alr ERT P_kbar rmse=8.57 r2=0.286 (2s)

00:23:40 | [FROZEN] opx_liq s=54 alr XGB T_C rmse=88.77 r2=0.762 (1s)

00:23:40 | [FROZEN] opx_liq s=54 alr XGB P_kbar rmse=5.42 r2=0.714 (1s)

00:23:41 | [FROZEN] opx_liq s=54 alr GB T_C rmse=97.00 r2=0.715 (1s)

00:23:42 | [FROZEN] opx_liq s=54 alr GB P_kbar rmse=6.81 r2=0.549 (0s)

00:23:49 | [FROZEN] opx_liq s=54 pwlr RF T_C rmse=92.05 r2=0.744 (7s)

00:23:54 | [FROZEN] opx_liq s=54 pwlr RF P_kbar rmse=6.92 r2=0.535 (5s)

00:23:55 | [FROZEN] opx_liq s=54 pwlr ERT T_C rmse=93.06 r2=0.738 (1s)

00:23:56 | [FROZEN] opx_liq s=54 pwlr ERT P_kbar rmse=8.22 r2=0.343 (1s)

00:23:57 | [FROZEN] opx_liq s=54 pwlr XGB T_C rmse=87.13 r2=0.770 (0s)

00:23:58 | [FROZEN] opx_liq s=54 pwlr XGB P_kbar rmse=6.34 r2=0.609 (1s)

00:24:00 | [FROZEN] opx_liq s=54 pwlr GB T_C rmse=96.59 r2=0.718 (1s)

00:24:01 | [FROZEN] opx_liq s=54 pwlr GB P_kbar rmse=7.03 r2=0.519 (1s)

00:24:01 | CHECKPOINT opx_liq seed=54 | 312 rows | 0.15h

00:24:03 | [FROZEN] opx_liq s=55 raw RF T_C rmse=67.93 r2=0.797 (2s)

00:24:06 | [FROZEN] opx_liq s=55 raw RF P_kbar rmse=6.28 r2=0.618 (2s)

00:24:07 | [FROZEN] opx_liq s=55 raw ERT T_C rmse=62.44 r2=0.828 (2s)

00:24:10 | [FROZEN] opx_liq s=55 raw ERT P_kbar rmse=5.72 r2=0.683 (2s)

00:24:10 | [FROZEN] opx_liq s=55 raw XGB T_C rmse=66.01 r2=0.808 (1s)

00:24:11 | [FROZEN] opx_liq s=55 raw XGB P_kbar rmse=5.09 r2=0.749 (0s)

00:24:11 | [FROZEN] opx_liq s=55 raw GB T_C rmse=70.79 r2=0.779 (1s)

00:24:12 | [FROZEN] opx_liq s=55 raw GB P_kbar rmse=5.28 r2=0.729 (0s)

00:24:16 | [FROZEN] opx_liq s=55 alr RF T_C rmse=62.93 r2=0.826 (4s)

00:24:18 | [FROZEN] opx_liq s=55 alr RF P_kbar rmse=4.57 r2=0.797 (3s)

00:24:19 | [FROZEN] opx_liq s=55 alr ERT T_C rmse=60.06 r2=0.841 (0s)

00:24:21 | [FROZEN] opx_liq s=55 alr ERT P_kbar rmse=6.25 r2=0.622 (2s)

00:24:21 | [FROZEN] opx_liq s=55 alr XGB T_C rmse=63.06 r2=0.825 (1s)

00:24:22 | [FROZEN] opx_liq s=55 alr XGB P_kbar rmse=5.07 r2=0.751 (1s)

00:24:23 | [FROZEN] opx_liq s=55 alr GB T_C rmse=71.46 r2=0.775 (1s)

00:24:23 | [FROZEN] opx_liq s=55 alr GB P_kbar rmse=5.11 r2=0.747 (0s)

00:24:30 | [FROZEN] opx_liq s=55 pwlr RF T_C rmse=63.74 r2=0.821 (7s)

00:24:37 | [FROZEN] opx_liq s=55 pwlr RF P_kbar rmse=6.65 r2=0.571 (7s)

00:24:39 | [FROZEN] opx_liq s=55 pwlr ERT T_C rmse=60.31 r2=0.840 (2s)

00:24:41 | [FROZEN] opx_liq s=55 pwlr ERT P_kbar rmse=8.09 r2=0.366 (1s)

00:24:41 | [FROZEN] opx_liq s=55 pwlr XGB T_C rmse=64.05 r2=0.819 (1s)

00:24:43 | [FROZEN] opx_liq s=55 pwlr XGB P_kbar rmse=6.17 r2=0.631 (2s)

00:24:45 | [FROZEN] opx_liq s=55 pwlr GB T_C rmse=61.14 r2=0.836 (2s)

00:24:47 | [FROZEN] opx_liq s=55 pwlr GB P_kbar rmse=6.67 r2=0.569 (1s)

00:24:47 | CHECKPOINT opx_liq seed=55 | 336 rows | 0.16h

00:24:51 | [FROZEN] opx_liq s=56 raw RF T_C rmse=86.11 r2=0.583 (4s)

00:24:54 | [FROZEN] opx_liq s=56 raw RF P_kbar rmse=4.90 r2=0.400 (4s)

00:24:57 | [FROZEN] opx_liq s=56 raw ERT T_C rmse=88.29 r2=0.562 (3s)

00:25:01 | [FROZEN] opx_liq s=56 raw ERT P_kbar rmse=6.32 r2=0.002 (3s)

00:25:03 | [FROZEN] opx_liq s=56 raw XGB T_C rmse=84.40 r2=0.600 (2s)

00:25:03 | [FROZEN] opx_liq s=56 raw XGB P_kbar rmse=4.50 r2=0.496 (1s)

00:25:05 | [FROZEN] opx_liq s=56 raw GB T_C rmse=89.30 r2=0.552 (1s)

00:25:05 | [FROZEN] opx_liq s=56 raw GB P_kbar rmse=4.70 r2=0.449 (1s)

00:25:10 | [FROZEN] opx_liq s=56 alr RF T_C rmse=85.59 r2=0.588 (5s)

00:25:13 | [FROZEN] opx_liq s=56 alr RF P_kbar rmse=4.25 r2=0.550 (3s)

00:25:14 | [FROZEN] opx_liq s=56 alr ERT T_C rmse=90.15 r2=0.543 (1s)

00:25:16 | [FROZEN] opx_liq s=56 alr ERT P_kbar rmse=7.15 r2=-0.276 (3s)

00:25:17 | [FROZEN] opx_liq s=56 alr XGB T_C rmse=81.39 r2=0.628 (1s)

00:25:18 | [FROZEN] opx_liq s=56 alr XGB P_kbar rmse=4.96 r2=0.387 (1s)

00:25:19 | [FROZEN] opx_liq s=56 alr GB T_C rmse=85.27 r2=0.591 (1s)

00:25:20 | [FROZEN] opx_liq s=56 alr GB P_kbar rmse=5.03 r2=0.369 (0s)

00:25:28 | [FROZEN] opx_liq s=56 pwlr RF T_C rmse=84.00 r2=0.603 (8s)

00:25:35 | [FROZEN] opx_liq s=56 pwlr RF P_kbar rmse=4.90 r2=0.402 (7s)

00:25:38 | [FROZEN] opx_liq s=56 pwlr ERT T_C rmse=84.34 r2=0.600 (2s)

00:25:39 | [FROZEN] opx_liq s=56 pwlr ERT P_kbar rmse=6.54 r2=-0.068 (2s)

00:25:40 | [FROZEN] opx_liq s=56 pwlr XGB T_C rmse=82.27 r2=0.619 (1s)

00:25:44 | [FROZEN] opx_liq s=56 pwlr XGB P_kbar rmse=4.47 r2=0.501 (3s)

00:25:46 | [FROZEN] opx_liq s=56 pwlr GB T_C rmse=86.68 r2=0.578 (3s)

00:25:47 | [FROZEN] opx_liq s=56 pwlr GB P_kbar rmse=5.22 r2=0.321 (1s)

00:25:47 | CHECKPOINT opx_liq seed=56 | 360 rows | 0.18h

00:25:52 | [FROZEN] opx_liq s=57 raw RF T_C rmse=83.61 r2=0.665 (4s)

00:25:56 | [FROZEN] opx_liq s=57 raw RF P_kbar rmse=4.64 r2=0.656 (4s)

00:25:59 | [FROZEN] opx_liq s=57 raw ERT T_C rmse=83.43 r2=0.666 (3s)

00:26:02 | [FROZEN] opx_liq s=57 raw ERT P_kbar rmse=5.53 r2=0.511 (3s)

00:26:03 | [FROZEN] opx_liq s=57 raw XGB T_C rmse=79.65 r2=0.696 (1s)

00:26:04 | [FROZEN] opx_liq s=57 raw XGB P_kbar rmse=4.51 r2=0.674 (1s)

00:26:05 | [FROZEN] opx_liq s=57 raw GB T_C rmse=72.95 r2=0.745 (1s)

00:26:06 | [FROZEN] opx_liq s=57 raw GB P_kbar rmse=4.88 r2=0.620 (1s)

00:26:11 | [FROZEN] opx_liq s=57 alr RF T_C rmse=80.22 r2=0.691 (5s)

00:26:14 | [FROZEN] opx_liq s=57 alr RF P_kbar rmse=4.99 r2=0.602 (3s)

00:26:15 | [FROZEN] opx_liq s=57 alr ERT T_C rmse=76.95 r2=0.716 (1s)

00:26:18 | [FROZEN] opx_liq s=57 alr ERT P_kbar rmse=5.46 r2=0.523 (3s)

00:26:19 | [FROZEN] opx_liq s=57 alr XGB T_C rmse=72.31 r2=0.749 (1s)

00:26:20 | [FROZEN] opx_liq s=57 alr XGB P_kbar rmse=5.39 r2=0.536 (1s)

00:26:23 | [FROZEN] opx_liq s=57 alr GB T_C rmse=75.72 r2=0.725 (2s)

00:26:24 | [FROZEN] opx_liq s=57 alr GB P_kbar rmse=6.30 r2=0.364 (1s)

00:26:33 | [FROZEN] opx_liq s=57 pwlr RF T_C rmse=73.78 r2=0.739 (9s)

00:26:40 | [FROZEN] opx_liq s=57 pwlr RF P_kbar rmse=5.58 r2=0.502 (7s)

00:26:42 | [FROZEN] opx_liq s=57 pwlr ERT T_C rmse=74.07 r2=0.737 (2s)

00:26:43 | [FROZEN] opx_liq s=57 pwlr ERT P_kbar rmse=6.54 r2=0.316 (1s)

00:26:44 | [FROZEN] opx_liq s=57 pwlr XGB T_C rmse=84.07 r2=0.661 (1s)

00:26:47 | [FROZEN] opx_liq s=57 pwlr XGB P_kbar rmse=5.41 r2=0.532 (2s)

00:26:48 | [FROZEN] opx_liq s=57 pwlr GB T_C rmse=78.45 r2=0.705 (2s)

00:26:49 | [FROZEN] opx_liq s=57 pwlr GB P_kbar rmse=5.97 r2=0.430 (1s)

00:26:49 | CHECKPOINT opx_liq seed=57 | 384 rows | 0.20h

00:26:53 | [FROZEN] opx_liq s=58 raw RF T_C rmse=66.79 r2=0.817 (3s)

00:26:56 | [FROZEN] opx_liq s=58 raw RF P_kbar rmse=6.21 r2=0.683 (3s)

00:26:58 | [FROZEN] opx_liq s=58 raw ERT T_C rmse=67.11 r2=0.815 (2s)

00:27:00 | [FROZEN] opx_liq s=58 raw ERT P_kbar rmse=7.14 r2=0.582 (2s)

00:27:01 | [FROZEN] opx_liq s=58 raw XGB T_C rmse=65.17 r2=0.826 (1s)

00:27:02 | [FROZEN] opx_liq s=58 raw XGB P_kbar rmse=5.83 r2=0.721 (0s)

00:27:03 | [FROZEN] opx_liq s=58 raw GB T_C rmse=73.42 r2=0.779 (1s)

00:27:03 | [FROZEN] opx_liq s=58 raw GB P_kbar rmse=6.32 r2=0.672 (0s)

00:27:06 | [FROZEN] opx_liq s=58 alr RF T_C rmse=67.51 r2=0.813 (3s)

00:27:08 | [FROZEN] opx_liq s=58 alr RF P_kbar rmse=6.61 r2=0.641 (2s)

00:27:09 | [FROZEN] opx_liq s=58 alr ERT T_C rmse=62.35 r2=0.840 (0s)

00:27:11 | [FROZEN] opx_liq s=58 alr ERT P_kbar rmse=7.50 r2=0.538 (2s)

00:27:11 | [FROZEN] opx_liq s=58 alr XGB T_C rmse=60.07 r2=0.852 (1s)

00:27:12 | [FROZEN] opx_liq s=58 alr XGB P_kbar rmse=6.40 r2=0.664 (1s)

00:27:14 | [FROZEN] opx_liq s=58 alr GB T_C rmse=70.50 r2=0.796 (2s)

00:27:14 | [FROZEN] opx_liq s=58 alr GB P_kbar rmse=6.78 r2=0.622 (0s)

00:27:20 | [FROZEN] opx_liq s=58 pwlr RF T_C rmse=60.11 r2=0.852 (5s)

00:27:24 | [FROZEN] opx_liq s=58 pwlr RF P_kbar rmse=8.05 r2=0.468 (4s)

00:27:26 | [FROZEN] opx_liq s=58 pwlr ERT T_C rmse=61.26 r2=0.846 (1s)

00:27:27 | [FROZEN] opx_liq s=58 pwlr ERT P_kbar rmse=8.84 r2=0.359 (1s)

00:27:27 | [FROZEN] opx_liq s=58 pwlr XGB T_C rmse=64.63 r2=0.828 (1s)

00:27:30 | [FROZEN] opx_liq s=58 pwlr XGB P_kbar rmse=7.49 r2=0.540 (3s)

00:27:32 | [FROZEN] opx_liq s=58 pwlr GB T_C rmse=65.46 r2=0.824 (2s)

00:27:33 | [FROZEN] opx_liq s=58 pwlr GB P_kbar rmse=7.71 r2=0.512 (1s)

00:27:33 | CHECKPOINT opx_liq seed=58 | 408 rows | 0.21h

00:27:36 | [FROZEN] opx_liq s=59 raw RF T_C rmse=69.35 r2=0.768 (3s)

00:27:38 | [FROZEN] opx_liq s=59 raw RF P_kbar rmse=4.47 r2=0.620 (3s)

00:27:40 | [FROZEN] opx_liq s=59 raw ERT T_C rmse=69.81 r2=0.765 (2s)

00:27:42 | [FROZEN] opx_liq s=59 raw ERT P_kbar rmse=3.31 r2=0.792 (2s)

00:27:43 | [FROZEN] opx_liq s=59 raw XGB T_C rmse=66.86 r2=0.784 (1s)

00:27:44 | [FROZEN] opx_liq s=59 raw XGB P_kbar rmse=3.25 r2=0.799 (0s)

00:27:44 | [FROZEN] opx_liq s=59 raw GB T_C rmse=66.26 r2=0.788 (1s)

00:27:44 | [FROZEN] opx_liq s=59 raw GB P_kbar rmse=3.16 r2=0.811 (0s)

00:27:48 | [FROZEN] opx_liq s=59 alr RF T_C rmse=71.90 r2=0.751 (4s)

00:27:51 | [FROZEN] opx_liq s=59 alr RF P_kbar rmse=3.78 r2=0.729 (2s)

00:27:51 | [FROZEN] opx_liq s=59 alr ERT T_C rmse=69.43 r2=0.768 (0s)

00:27:53 | [FROZEN] opx_liq s=59 alr ERT P_kbar rmse=4.21 r2=0.664 (2s)

00:27:54 | [FROZEN] opx_liq s=59 alr XGB T_C rmse=71.72 r2=0.752 (1s)

00:27:54 | [FROZEN] opx_liq s=59 alr XGB P_kbar rmse=3.51 r2=0.766 (1s)

00:27:55 | [FROZEN] opx_liq s=59 alr GB T_C rmse=63.66 r2=0.805 (1s)

00:27:56 | [FROZEN] opx_liq s=59 alr GB P_kbar rmse=3.37 r2=0.784 (0s)

00:28:04 | [FROZEN] opx_liq s=59 pwlr RF T_C rmse=69.18 r2=0.769 (9s)

00:28:12 | [FROZEN] opx_liq s=59 pwlr RF P_kbar rmse=3.97 r2=0.700 (8s)

00:28:14 | [FROZEN] opx_liq s=59 pwlr ERT T_C rmse=74.80 r2=0.730 (2s)

00:28:16 | [FROZEN] opx_liq s=59 pwlr ERT P_kbar rmse=4.53 r2=0.611 (2s)

00:28:16 | [FROZEN] opx_liq s=59 pwlr XGB T_C rmse=76.47 r2=0.718 (1s)

00:28:18 | [FROZEN] opx_liq s=59 pwlr XGB P_kbar rmse=3.71 r2=0.739 (2s)

00:28:20 | [FROZEN] opx_liq s=59 pwlr GB T_C rmse=68.62 r2=0.773 (2s)

00:28:21 | [FROZEN] opx_liq s=59 pwlr GB P_kbar rmse=3.70 r2=0.740 (1s)

00:28:21 | CHECKPOINT opx_liq seed=59 | 432 rows | 0.22h

00:28:25 | [FROZEN] opx_liq s=60 raw RF T_C rmse=83.84 r2=0.729 (3s)

00:28:29 | [FROZEN] opx_liq s=60 raw RF P_kbar rmse=7.11 r2=0.493 (4s)

00:28:32 | [FROZEN] opx_liq s=60 raw ERT T_C rmse=79.33 r2=0.758 (3s)

00:28:35 | [FROZEN] opx_liq s=60 raw ERT P_kbar rmse=5.53 r2=0.693 (3s)

00:28:37 | [FROZEN] opx_liq s=60 raw XGB T_C rmse=83.11 r2=0.734 (1s)

00:28:38 | [FROZEN] opx_liq s=60 raw XGB P_kbar rmse=4.94 r2=0.755 (1s)

00:28:39 | [FROZEN] opx_liq s=60 raw GB T_C rmse=85.04 r2=0.722 (1s)

00:28:40 | [FROZEN] opx_liq s=60 raw GB P_kbar rmse=5.17 r2=0.731 (0s)

00:28:45 | [FROZEN] opx_liq s=60 alr RF T_C rmse=92.02 r2=0.674 (5s)

00:28:48 | [FROZEN] opx_liq s=60 alr RF P_kbar rmse=7.36 r2=0.457 (3s)

00:28:48 | [FROZEN] opx_liq s=60 alr ERT T_C rmse=84.81 r2=0.723 (1s)

00:28:52 | [FROZEN] opx_liq s=60 alr ERT P_kbar rmse=6.01 r2=0.637 (3s)

00:28:53 | [FROZEN] opx_liq s=60 alr XGB T_C rmse=84.70 r2=0.724 (1s)

00:28:54 | [FROZEN] opx_liq s=60 alr XGB P_kbar rmse=6.65 r2=0.556 (1s)

00:28:55 | [FROZEN] opx_liq s=60 alr GB T_C rmse=92.30 r2=0.672 (1s)

00:28:56 | [FROZEN] opx_liq s=60 alr GB P_kbar rmse=5.70 r2=0.674 (0s)

00:29:04 | [FROZEN] opx_liq s=60 pwlr RF T_C rmse=84.85 r2=0.723 (9s)

00:29:11 | [FROZEN] opx_liq s=60 pwlr RF P_kbar rmse=6.47 r2=0.579 (7s)

00:29:13 | [FROZEN] opx_liq s=60 pwlr ERT T_C rmse=80.79 r2=0.749 (2s)

00:29:15 | [FROZEN] opx_liq s=60 pwlr ERT P_kbar rmse=6.80 r2=0.536 (1s)

00:29:15 | [FROZEN] opx_liq s=60 pwlr XGB T_C rmse=85.01 r2=0.722 (1s)

00:29:18 | [FROZEN] opx_liq s=60 pwlr XGB P_kbar rmse=7.14 r2=0.488 (2s)

00:29:20 | [FROZEN] opx_liq s=60 pwlr GB T_C rmse=93.12 r2=0.666 (3s)

00:29:22 | [FROZEN] opx_liq s=60 pwlr GB P_kbar rmse=8.03 r2=0.353 (2s)

00:29:22 | CHECKPOINT opx_liq seed=60 | 456 rows | 0.24h

00:29:25 | [FROZEN] opx_liq s=61 raw RF T_C rmse=110.72 r2=0.415 (4s)

00:29:30 | [FROZEN] opx_liq s=61 raw RF P_kbar rmse=5.03 r2=0.655 (5s)

00:29:34 | [FROZEN] opx_liq s=61 raw ERT T_C rmse=107.63 r2=0.447 (4s)

00:29:38 | [FROZEN] opx_liq s=61 raw ERT P_kbar rmse=4.09 r2=0.771 (4s)

00:29:39 | [FROZEN] opx_liq s=61 raw XGB T_C rmse=101.72 r2=0.506 (1s)

00:29:40 | [FROZEN] opx_liq s=61 raw XGB P_kbar rmse=3.68 r2=0.816 (1s)

00:29:42 | [FROZEN] opx_liq s=61 raw GB T_C rmse=107.91 r2=0.444 (1s)

00:29:42 | [FROZEN] opx_liq s=61 raw GB P_kbar rmse=3.88 r2=0.794 (1s)

00:29:48 | [FROZEN] opx_liq s=61 alr RF T_C rmse=107.88 r2=0.445 (6s)

00:29:52 | [FROZEN] opx_liq s=61 alr RF P_kbar rmse=4.57 r2=0.715 (4s)

00:29:53 | [FROZEN] opx_liq s=61 alr ERT T_C rmse=107.89 r2=0.444 (1s)

00:29:57 | [FROZEN] opx_liq s=61 alr ERT P_kbar rmse=4.59 r2=0.713 (4s)

00:29:59 | [FROZEN] opx_liq s=61 alr XGB T_C rmse=98.96 r2=0.533 (2s)

00:30:01 | [FROZEN] opx_liq s=61 alr XGB P_kbar rmse=4.21 r2=0.759 (2s)

00:30:02 | [FROZEN] opx_liq s=61 alr GB T_C rmse=100.93 r2=0.514 (2s)

00:30:03 | [FROZEN] opx_liq s=61 alr GB P_kbar rmse=4.10 r2=0.771 (1s)

00:30:14 | [FROZEN] opx_liq s=61 pwlr RF T_C rmse=108.68 r2=0.436 (11s)

00:30:22 | [FROZEN] opx_liq s=61 pwlr RF P_kbar rmse=4.06 r2=0.775 (8s)

00:30:24 | [FROZEN] opx_liq s=61 pwlr ERT T_C rmse=107.95 r2=0.444 (2s)

00:30:25 | [FROZEN] opx_liq s=61 pwlr ERT P_kbar rmse=4.81 r2=0.685 (1s)

00:30:26 | [FROZEN] opx_liq s=61 pwlr XGB T_C rmse=106.03 r2=0.463 (1s)

00:30:28 | [FROZEN] opx_liq s=61 pwlr XGB P_kbar rmse=3.97 r2=0.785 (2s)

00:30:30 | [FROZEN] opx_liq s=61 pwlr GB T_C rmse=104.58 r2=0.478 (2s)

00:30:31 | [FROZEN] opx_liq s=61 pwlr GB P_kbar rmse=3.97 r2=0.785 (1s)

00:30:31 | CHECKPOINT opx_liq seed=61 | 480 rows | 0.26h

00:30:35 | [FROZEN] opx_only s=42 raw RF T_C rmse=159.68 r2=0.174 (4s)

00:30:38 | [FROZEN] opx_only s=42 raw RF P_kbar rmse=12.87 r2=0.147 (3s)

00:30:39 | [FROZEN] opx_only s=42 raw ERT T_C rmse=163.13 r2=0.138 (1s)

00:30:42 | [FROZEN] opx_only s=42 raw ERT P_kbar rmse=12.94 r2=0.138 (2s)

00:30:42 | [FROZEN] opx_only s=42 raw XGB T_C rmse=154.10 r2=0.231 (0s)

00:30:43 | [FROZEN] opx_only s=42 raw XGB P_kbar rmse=11.90 r2=0.270 (1s)

00:30:44 | [FROZEN] opx_only s=42 raw GB T_C rmse=155.43 r2=0.218 (1s)

00:30:44 | [FROZEN] opx_only s=42 raw GB P_kbar rmse=12.27 r2=0.224 (1s)

00:30:48 | [FROZEN] opx_only s=42 alr RF T_C rmse=157.33 r2=0.199 (4s)

00:30:54 | [FROZEN] opx_only s=42 alr RF P_kbar rmse=11.98 r2=0.260 (6s)

00:30:57 | [FROZEN] opx_only s=42 alr ERT T_C rmse=170.08 r2=0.063 (2s)

00:30:58 | [FROZEN] opx_only s=42 alr ERT P_kbar rmse=11.50 r2=0.319 (1s)

00:30:59 | [FROZEN] opx_only s=42 alr XGB T_C rmse=147.88 r2=0.292 (2s)

00:31:00 | [FROZEN] opx_only s=42 alr XGB P_kbar rmse=10.45 r2=0.437 (1s)

00:31:01 | [FROZEN] opx_only s=42 alr GB T_C rmse=146.65 r2=0.304 (1s)

00:31:02 | [FROZEN] opx_only s=42 alr GB P_kbar rmse=11.81 r2=0.282 (0s)

00:31:03 | [FROZEN] opx_only s=42 pwlr RF T_C rmse=149.53 r2=0.276 (2s)

00:31:11 | [FROZEN] opx_only s=42 pwlr RF P_kbar rmse=10.37 r2=0.446 (8s)

00:31:14 | [FROZEN] opx_only s=42 pwlr ERT T_C rmse=158.99 r2=0.182 (2s)

00:31:15 | [FROZEN] opx_only s=42 pwlr ERT P_kbar rmse=11.52 r2=0.316 (1s)

00:31:23 | [FROZEN] opx_only s=42 pwlr XGB T_C rmse=157.28 r2=0.199 (8s)

00:31:27 | [FROZEN] opx_only s=42 pwlr XGB P_kbar rmse=10.11 r2=0.473 (4s)

00:31:30 | [FROZEN] opx_only s=42 pwlr GB T_C rmse=162.83 r2=0.142 (3s)

00:31:31 | [FROZEN] opx_only s=42 pwlr GB P_kbar rmse=11.61 r2=0.305 (1s)

00:31:31 | CHECKPOINT opx_only seed=42 | 504 rows | 0.28h

00:31:34 | [FROZEN] opx_only s=43 raw RF T_C rmse=153.77 r2=0.298 (3s)

00:31:37 | [FROZEN] opx_only s=43 raw RF P_kbar rmse=13.63 r2=-0.002 (3s)

00:31:38 | [FROZEN] opx_only s=43 raw ERT T_C rmse=147.27 r2=0.356 (1s)

00:31:40 | [FROZEN] opx_only s=43 raw ERT P_kbar rmse=14.16 r2=-0.082 (2s)

00:31:40 | [FROZEN] opx_only s=43 raw XGB T_C rmse=149.36 r2=0.337 (0s)

00:31:40 | [FROZEN] opx_only s=43 raw XGB P_kbar rmse=12.24 r2=0.192 (1s)

00:31:41 | [FROZEN] opx_only s=43 raw GB T_C rmse=160.21 r2=0.238 (0s)

00:31:41 | [FROZEN] opx_only s=43 raw GB P_kbar rmse=11.81 r2=0.247 (1s)

00:31:44 | [FROZEN] opx_only s=43 alr RF T_C rmse=154.55 r2=0.291 (3s)

00:31:48 | [FROZEN] opx_only s=43 alr RF P_kbar rmse=12.19 r2=0.198 (4s)

00:31:50 | [FROZEN] opx_only s=43 alr ERT T_C rmse=151.39 r2=0.319 (2s)

00:31:51 | [FROZEN] opx_only s=43 alr ERT P_kbar rmse=12.25 r2=0.190 (0s)

00:31:52 | [FROZEN] opx_only s=43 alr XGB T_C rmse=150.96 r2=0.323 (1s)

00:31:53 | [FROZEN] opx_only s=43 alr XGB P_kbar rmse=11.58 r2=0.277 (1s)

00:31:54 | [FROZEN] opx_only s=43 alr GB T_C rmse=146.70 r2=0.361 (1s)

00:31:54 | [FROZEN] opx_only s=43 alr GB P_kbar rmse=12.05 r2=0.217 (1s)

00:31:56 | [FROZEN] opx_only s=43 pwlr RF T_C rmse=149.36 r2=0.337 (2s)

00:32:04 | [FROZEN] opx_only s=43 pwlr RF P_kbar rmse=11.86 r2=0.240 (9s)

00:32:07 | [FROZEN] opx_only s=43 pwlr ERT T_C rmse=155.35 r2=0.283 (3s)

00:32:08 | [FROZEN] opx_only s=43 pwlr ERT P_kbar rmse=11.63 r2=0.270 (1s)

00:32:16 | [FROZEN] opx_only s=43 pwlr XGB T_C rmse=150.47 r2=0.328 (8s)

00:32:20 | [FROZEN] opx_only s=43 pwlr XGB P_kbar rmse=12.14 r2=0.205 (3s)

00:32:21 | [FROZEN] opx_only s=43 pwlr GB T_C rmse=152.27 r2=0.311 (2s)

00:32:22 | [FROZEN] opx_only s=43 pwlr GB P_kbar rmse=12.24 r2=0.192 (1s)

00:32:22 | CHECKPOINT opx_only seed=43 | 528 rows | 0.29h

00:32:25 | [FROZEN] opx_only s=44 raw RF T_C rmse=136.60 r2=0.415 (3s)

00:32:28 | [FROZEN] opx_only s=44 raw RF P_kbar rmse=14.54 r2=0.172 (3s)

00:32:29 | [FROZEN] opx_only s=44 raw ERT T_C rmse=126.69 r2=0.497 (1s)

00:32:32 | [FROZEN] opx_only s=44 raw ERT P_kbar rmse=13.51 r2=0.285 (3s)

00:32:32 | [FROZEN] opx_only s=44 raw XGB T_C rmse=128.96 r2=0.479 (0s)

00:32:33 | [FROZEN] opx_only s=44 raw XGB P_kbar rmse=14.77 r2=0.145 (1s)

00:32:33 | [FROZEN] opx_only s=44 raw GB T_C rmse=133.43 r2=0.442 (0s)

00:32:33 | [FROZEN] opx_only s=44 raw GB P_kbar rmse=13.69 r2=0.266 (0s)

00:32:36 | [FROZEN] opx_only s=44 alr RF T_C rmse=135.85 r2=0.422 (3s)

00:32:42 | [FROZEN] opx_only s=44 alr RF P_kbar rmse=14.52 r2=0.174 (5s)

00:32:43 | [FROZEN] opx_only s=44 alr ERT T_C rmse=136.27 r2=0.418 (2s)

00:32:44 | [FROZEN] opx_only s=44 alr ERT P_kbar rmse=15.57 r2=0.051 (1s)

00:32:45 | [FROZEN] opx_only s=44 alr XGB T_C rmse=132.05 r2=0.454 (1s)

00:32:46 | [FROZEN] opx_only s=44 alr XGB P_kbar rmse=13.79 r2=0.255 (1s)

00:32:47 | [FROZEN] opx_only s=44 alr GB T_C rmse=128.54 r2=0.482 (1s)

00:32:47 | [FROZEN] opx_only s=44 alr GB P_kbar rmse=14.15 r2=0.216 (1s)

00:32:49 | [FROZEN] opx_only s=44 pwlr RF T_C rmse=116.95 r2=0.571 (2s)

00:32:57 | [FROZEN] opx_only s=44 pwlr RF P_kbar rmse=12.35 r2=0.403 (8s)

00:33:00 | [FROZEN] opx_only s=44 pwlr ERT T_C rmse=118.28 r2=0.562 (3s)

00:33:02 | [FROZEN] opx_only s=44 pwlr ERT P_kbar rmse=13.99 r2=0.233 (2s)

00:33:12 | [FROZEN] opx_only s=44 pwlr XGB T_C rmse=115.53 r2=0.582 (11s)

00:33:18 | [FROZEN] opx_only s=44 pwlr XGB P_kbar rmse=14.15 r2=0.216 (6s)

00:33:22 | [FROZEN] opx_only s=44 pwlr GB T_C rmse=124.47 r2=0.515 (4s)

00:33:24 | [FROZEN] opx_only s=44 pwlr GB P_kbar rmse=14.59 r2=0.166 (1s)

00:33:24 | CHECKPOINT opx_only seed=44 | 552 rows | 0.31h

00:33:29 | [FROZEN] opx_only s=45 raw RF T_C rmse=170.21 r2=0.336 (6s)

00:33:35 | [FROZEN] opx_only s=45 raw RF P_kbar rmse=10.12 r2=0.265 (6s)

00:33:37 | [FROZEN] opx_only s=45 raw ERT T_C rmse=181.68 r2=0.243 (2s)

00:33:40 | [FROZEN] opx_only s=45 raw ERT P_kbar rmse=9.52 r2=0.350 (3s)

00:33:40 | [FROZEN] opx_only s=45 raw XGB T_C rmse=167.01 r2=0.361 (0s)

00:33:41 | [FROZEN] opx_only s=45 raw XGB P_kbar rmse=9.47 r2=0.357 (1s)

00:33:41 | [FROZEN] opx_only s=45 raw GB T_C rmse=164.23 r2=0.382 (1s)

00:33:42 | [FROZEN] opx_only s=45 raw GB P_kbar rmse=8.87 r2=0.435 (1s)

00:33:46 | [FROZEN] opx_only s=45 alr RF T_C rmse=171.98 r2=0.322 (4s)

00:33:53 | [FROZEN] opx_only s=45 alr RF P_kbar rmse=9.88 r2=0.300 (7s)

00:33:56 | [FROZEN] opx_only s=45 alr ERT T_C rmse=185.48 r2=0.211 (3s)

00:33:56 | [FROZEN] opx_only s=45 alr ERT P_kbar rmse=9.58 r2=0.341 (1s)

00:33:58 | [FROZEN] opx_only s=45 alr XGB T_C rmse=161.68 r2=0.401 (2s)

00:33:59 | [FROZEN] opx_only s=45 alr XGB P_kbar rmse=8.65 r2=0.463 (1s)

00:34:00 | [FROZEN] opx_only s=45 alr GB T_C rmse=160.48 r2=0.410 (1s)

00:34:01 | [FROZEN] opx_only s=45 alr GB P_kbar rmse=8.31 r2=0.505 (1s)

00:34:03 | [FROZEN] opx_only s=45 pwlr RF T_C rmse=157.28 r2=0.433 (2s)

00:34:15 | [FROZEN] opx_only s=45 pwlr RF P_kbar rmse=9.32 r2=0.377 (12s)

00:34:19 | [FROZEN] opx_only s=45 pwlr ERT T_C rmse=167.06 r2=0.360 (3s)

00:34:21 | [FROZEN] opx_only s=45 pwlr ERT P_kbar rmse=9.12 r2=0.403 (2s)

00:34:34 | [FROZEN] opx_only s=45 pwlr XGB T_C rmse=163.14 r2=0.390 (13s)

00:34:38 | [FROZEN] opx_only s=45 pwlr XGB P_kbar rmse=11.61 r2=0.033 (4s)

00:34:40 | [FROZEN] opx_only s=45 pwlr GB T_C rmse=157.14 r2=0.434 (3s)

00:34:41 | [FROZEN] opx_only s=45 pwlr GB P_kbar rmse=8.97 r2=0.422 (1s)

00:34:41 | CHECKPOINT opx_only seed=45 | 576 rows | 0.33h

00:34:45 | [FROZEN] opx_only s=46 raw RF T_C rmse=161.81 r2=0.361 (4s)

00:34:48 | [FROZEN] opx_only s=46 raw RF P_kbar rmse=19.14 r2=0.005 (3s)

00:34:49 | [FROZEN] opx_only s=46 raw ERT T_C rmse=165.98 r2=0.327 (1s)

00:34:51 | [FROZEN] opx_only s=46 raw ERT P_kbar rmse=17.66 r2=0.153 (2s)

00:34:51 | [FROZEN] opx_only s=46 raw XGB T_C rmse=161.15 r2=0.366 (0s)

00:34:52 | [FROZEN] opx_only s=46 raw XGB P_kbar rmse=18.46 r2=0.074 (1s)

00:34:52 | [FROZEN] opx_only s=46 raw GB T_C rmse=156.29 r2=0.404 (0s)

00:34:53 | [FROZEN] opx_only s=46 raw GB P_kbar rmse=18.94 r2=0.026 (1s)

00:34:56 | [FROZEN] opx_only s=46 alr RF T_C rmse=160.93 r2=0.368 (3s)

00:35:01 | [FROZEN] opx_only s=46 alr RF P_kbar rmse=19.52 r2=-0.034 (5s)

00:35:02 | [FROZEN] opx_only s=46 alr ERT T_C rmse=157.47 r2=0.395 (2s)

00:35:03 | [FROZEN] opx_only s=46 alr ERT P_kbar rmse=18.78 r2=0.043 (1s)

00:35:04 | [FROZEN] opx_only s=46 alr XGB T_C rmse=162.72 r2=0.353 (1s)

00:35:04 | [FROZEN] opx_only s=46 alr XGB P_kbar rmse=18.01 r2=0.119 (1s)

00:35:06 | [FROZEN] opx_only s=46 alr GB T_C rmse=156.15 r2=0.405 (1s)

00:35:06 | [FROZEN] opx_only s=46 alr GB P_kbar rmse=18.83 r2=0.037 (1s)

00:35:08 | [FROZEN] opx_only s=46 pwlr RF T_C rmse=158.47 r2=0.387 (2s)

00:35:15 | [FROZEN] opx_only s=46 pwlr RF P_kbar rmse=18.50 r2=0.070 (7s)

00:35:19 | [FROZEN] opx_only s=46 pwlr ERT T_C rmse=159.88 r2=0.376 (3s)

00:35:20 | [FROZEN] opx_only s=46 pwlr ERT P_kbar rmse=18.52 r2=0.069 (2s)

00:35:28 | [FROZEN] opx_only s=46 pwlr XGB T_C rmse=166.91 r2=0.320 (8s)

00:35:32 | [FROZEN] opx_only s=46 pwlr XGB P_kbar rmse=17.97 r2=0.123 (4s)

00:35:35 | [FROZEN] opx_only s=46 pwlr GB T_C rmse=164.03 r2=0.343 (2s)

00:35:36 | [FROZEN] opx_only s=46 pwlr GB P_kbar rmse=18.71 r2=0.050 (1s)

00:35:36 | CHECKPOINT opx_only seed=46 | 600 rows | 0.34h

00:35:40 | [FROZEN] opx_only s=47 raw RF T_C rmse=146.59 r2=0.359 (4s)

00:35:44 | [FROZEN] opx_only s=47 raw RF P_kbar rmse=11.66 r2=0.212 (4s)

00:35:45 | [FROZEN] opx_only s=47 raw ERT T_C rmse=149.11 r2=0.337 (1s)

00:35:47 | [FROZEN] opx_only s=47 raw ERT P_kbar rmse=11.78 r2=0.196 (2s)

00:35:47 | [FROZEN] opx_only s=47 raw XGB T_C rmse=140.54 r2=0.411 (0s)

00:35:48 | [FROZEN] opx_only s=47 raw XGB P_kbar rmse=10.63 r2=0.345 (0s)

00:35:48 | [FROZEN] opx_only s=47 raw GB T_C rmse=142.71 r2=0.393 (0s)

00:35:48 | [FROZEN] opx_only s=47 raw GB P_kbar rmse=10.91 r2=0.310 (0s)

00:35:51 | [FROZEN] opx_only s=47 alr RF T_C rmse=145.08 r2=0.372 (3s)

00:35:56 | [FROZEN] opx_only s=47 alr RF P_kbar rmse=9.81 r2=0.442 (5s)

00:35:58 | [FROZEN] opx_only s=47 alr ERT T_C rmse=155.05 r2=0.283 (2s)

00:35:59 | [FROZEN] opx_only s=47 alr ERT P_kbar rmse=10.58 r2=0.351 (1s)

00:36:00 | [FROZEN] opx_only s=47 alr XGB T_C rmse=136.31 r2=0.446 (1s)

00:36:01 | [FROZEN] opx_only s=47 alr XGB P_kbar rmse=10.27 r2=0.389 (1s)

00:36:02 | [FROZEN] opx_only s=47 alr GB T_C rmse=140.26 r2=0.413 (1s)

00:36:02 | [FROZEN] opx_only s=47 alr GB P_kbar rmse=10.59 r2=0.351 (1s)

00:36:04 | [FROZEN] opx_only s=47 pwlr RF T_C rmse=134.22 r2=0.463 (2s)

00:36:12 | [FROZEN] opx_only s=47 pwlr RF P_kbar rmse=9.64 r2=0.462 (8s)

00:36:15 | [FROZEN] opx_only s=47 pwlr ERT T_C rmse=141.19 r2=0.406 (3s)

00:36:16 | [FROZEN] opx_only s=47 pwlr ERT P_kbar rmse=10.40 r2=0.374 (2s)

00:36:26 | [FROZEN] opx_only s=47 pwlr XGB T_C rmse=140.23 r2=0.414 (10s)

00:36:31 | [FROZEN] opx_only s=47 pwlr XGB P_kbar rmse=9.97 r2=0.424 (5s)

00:36:33 | [FROZEN] opx_only s=47 pwlr GB T_C rmse=134.49 r2=0.461 (1s)

00:36:33 | [FROZEN] opx_only s=47 pwlr GB P_kbar rmse=10.29 r2=0.387 (0s)

00:36:33 | CHECKPOINT opx_only seed=47 | 624 rows | 0.36h

00:36:35 | [FROZEN] opx_only s=48 raw RF T_C rmse=151.00 r2=0.514 (2s)

00:36:37 | [FROZEN] opx_only s=48 raw RF P_kbar rmse=8.17 r2=0.519 (2s)

00:36:38 | [FROZEN] opx_only s=48 raw ERT T_C rmse=155.47 r2=0.485 (1s)

00:36:39 | [FROZEN] opx_only s=48 raw ERT P_kbar rmse=7.59 r2=0.585 (1s)

00:36:39 | [FROZEN] opx_only s=48 raw XGB T_C rmse=157.96 r2=0.468 (0s)

00:36:40 | [FROZEN] opx_only s=48 raw XGB P_kbar rmse=7.75 r2=0.566 (0s)

00:36:40 | [FROZEN] opx_only s=48 raw GB T_C rmse=152.87 r2=0.502 (0s)

00:36:40 | [FROZEN] opx_only s=48 raw GB P_kbar rmse=8.21 r2=0.513 (0s)

00:36:42 | [FROZEN] opx_only s=48 alr RF T_C rmse=150.76 r2=0.516 (2s)

00:36:46 | [FROZEN] opx_only s=48 alr RF P_kbar rmse=7.75 r2=0.566 (3s)

00:36:47 | [FROZEN] opx_only s=48 alr ERT T_C rmse=151.42 r2=0.511 (1s)

00:36:47 | [FROZEN] opx_only s=48 alr ERT P_kbar rmse=7.60 r2=0.584 (0s)

00:36:48 | [FROZEN] opx_only s=48 alr XGB T_C rmse=151.01 r2=0.514 (1s)

00:36:48 | [FROZEN] opx_only s=48 alr XGB P_kbar rmse=8.02 r2=0.537 (0s)

00:36:49 | [FROZEN] opx_only s=48 alr GB T_C rmse=154.44 r2=0.492 (1s)

00:36:49 | [FROZEN] opx_only s=48 alr GB P_kbar rmse=7.87 r2=0.553 (0s)

00:36:51 | [FROZEN] opx_only s=48 pwlr RF T_C rmse=147.72 r2=0.535 (1s)

00:36:57 | [FROZEN] opx_only s=48 pwlr RF P_kbar rmse=7.76 r2=0.566 (6s)

00:36:59 | [FROZEN] opx_only s=48 pwlr ERT T_C rmse=146.91 r2=0.540 (2s)

00:37:00 | [FROZEN] opx_only s=48 pwlr ERT P_kbar rmse=7.32 r2=0.613 (1s)

00:37:07 | [FROZEN] opx_only s=48 pwlr XGB T_C rmse=150.94 r2=0.515 (7s)

00:37:09 | [FROZEN] opx_only s=48 pwlr XGB P_kbar rmse=7.47 r2=0.598 (2s)

00:37:10 | [FROZEN] opx_only s=48 pwlr GB T_C rmse=145.90 r2=0.547 (1s)

00:37:11 | [FROZEN] opx_only s=48 pwlr GB P_kbar rmse=7.77 r2=0.564 (0s)

00:37:11 | CHECKPOINT opx_only seed=48 | 648 rows | 0.37h

00:37:13 | [FROZEN] opx_only s=49 raw RF T_C rmse=150.75 r2=0.474 (2s)

00:37:15 | [FROZEN] opx_only s=49 raw RF P_kbar rmse=13.21 r2=-0.311 (2s)

00:37:16 | [FROZEN] opx_only s=49 raw ERT T_C rmse=138.85 r2=0.554 (1s)

00:37:17 | [FROZEN] opx_only s=49 raw ERT P_kbar rmse=11.43 r2=0.019 (1s)

00:37:17 | [FROZEN] opx_only s=49 raw XGB T_C rmse=151.42 r2=0.470 (0s)

00:37:17 | [FROZEN] opx_only s=49 raw XGB P_kbar rmse=11.27 r2=0.047 (0s)

00:37:17 | [FROZEN] opx_only s=49 raw GB T_C rmse=152.79 r2=0.460 (0s)

00:37:18 | [FROZEN] opx_only s=49 raw GB P_kbar rmse=11.02 r2=0.087 (0s)

00:37:20 | [FROZEN] opx_only s=49 alr RF T_C rmse=151.28 r2=0.471 (2s)

00:37:23 | [FROZEN] opx_only s=49 alr RF P_kbar rmse=13.58 r2=-0.385 (3s)

00:37:24 | [FROZEN] opx_only s=49 alr ERT T_C rmse=145.42 r2=0.511 (1s)

00:37:24 | [FROZEN] opx_only s=49 alr ERT P_kbar rmse=10.86 r2=0.114 (0s)

00:37:25 | [FROZEN] opx_only s=49 alr XGB T_C rmse=154.56 r2=0.448 (1s)

00:37:26 | [FROZEN] opx_only s=49 alr XGB P_kbar rmse=11.60 r2=-0.010 (0s)

00:37:26 | [FROZEN] opx_only s=49 alr GB T_C rmse=154.25 r2=0.450 (1s)

00:37:27 | [FROZEN] opx_only s=49 alr GB P_kbar rmse=10.91 r2=0.107 (0s)

00:37:28 | [FROZEN] opx_only s=49 pwlr RF T_C rmse=134.15 r2=0.584 (1s)

00:37:35 | [FROZEN] opx_only s=49 pwlr RF P_kbar rmse=13.54 r2=-0.377 (7s)

00:37:37 | [FROZEN] opx_only s=49 pwlr ERT T_C rmse=133.87 r2=0.586 (2s)

00:37:38 | [FROZEN] opx_only s=49 pwlr ERT P_kbar rmse=10.38 r2=0.191 (1s)

00:37:44 | [FROZEN] opx_only s=49 pwlr XGB T_C rmse=145.69 r2=0.509 (6s)

00:37:47 | [FROZEN] opx_only s=49 pwlr XGB P_kbar rmse=12.16 r2=-0.110 (3s)

00:37:48 | [FROZEN] opx_only s=49 pwlr GB T_C rmse=146.09 r2=0.506 (1s)

00:37:49 | [FROZEN] opx_only s=49 pwlr GB P_kbar rmse=10.90 r2=0.107 (1s)

00:37:49 | CHECKPOINT opx_only seed=49 | 672 rows | 0.38h

00:37:51 | [FROZEN] opx_only s=50 raw RF T_C rmse=106.06 r2=0.640 (2s)

00:37:52 | [FROZEN] opx_only s=50 raw RF P_kbar rmse=10.80 r2=-0.312 (2s)

00:37:53 | [FROZEN] opx_only s=50 raw ERT T_C rmse=103.47 r2=0.657 (1s)

00:37:54 | [FROZEN] opx_only s=50 raw ERT P_kbar rmse=10.71 r2=-0.289 (1s)

00:37:54 | [FROZEN] opx_only s=50 raw XGB T_C rmse=106.78 r2=0.635 (0s)

00:37:55 | [FROZEN] opx_only s=50 raw XGB P_kbar rmse=10.62 r2=-0.268 (0s)

00:37:55 | [FROZEN] opx_only s=50 raw GB T_C rmse=110.96 r2=0.606 (0s)

00:37:55 | [FROZEN] opx_only s=50 raw GB P_kbar rmse=10.32 r2=-0.197 (0s)

00:37:57 | [FROZEN] opx_only s=50 alr RF T_C rmse=108.51 r2=0.623 (2s)

00:38:01 | [FROZEN] opx_only s=50 alr RF P_kbar rmse=9.37 r2=0.012 (4s)

00:38:02 | [FROZEN] opx_only s=50 alr ERT T_C rmse=110.71 r2=0.608 (1s)

00:38:03 | [FROZEN] opx_only s=50 alr ERT P_kbar rmse=12.29 r2=-0.696 (0s)

00:38:04 | [FROZEN] opx_only s=50 alr XGB T_C rmse=112.30 r2=0.596 (1s)

00:38:04 | [FROZEN] opx_only s=50 alr XGB P_kbar rmse=9.08 r2=0.074 (0s)

00:38:05 | [FROZEN] opx_only s=50 alr GB T_C rmse=108.18 r2=0.625 (1s)

00:38:05 | [FROZEN] opx_only s=50 alr GB P_kbar rmse=8.91 r2=0.109 (1s)

00:38:07 | [FROZEN] opx_only s=50 pwlr RF T_C rmse=101.79 r2=0.668 (2s)

00:38:13 | [FROZEN] opx_only s=50 pwlr RF P_kbar rmse=9.41 r2=0.005 (6s)

00:38:15 | [FROZEN] opx_only s=50 pwlr ERT T_C rmse=98.86 r2=0.687 (2s)

00:38:16 | [FROZEN] opx_only s=50 pwlr ERT P_kbar rmse=11.28 r2=-0.429 (1s)

00:38:24 | [FROZEN] opx_only s=50 pwlr XGB T_C rmse=102.21 r2=0.666 (8s)

00:38:27 | [FROZEN] opx_only s=50 pwlr XGB P_kbar rmse=10.80 r2=-0.310 (3s)

00:38:29 | [FROZEN] opx_only s=50 pwlr GB T_C rmse=103.07 r2=0.660 (3s)

00:38:30 | [FROZEN] opx_only s=50 pwlr GB P_kbar rmse=10.47 r2=-0.233 (1s)

00:38:30 | CHECKPOINT opx_only seed=50 | 696 rows | 0.39h

00:38:35 | [FROZEN] opx_only s=51 raw RF T_C rmse=116.82 r2=0.677 (5s)

00:38:38 | [FROZEN] opx_only s=51 raw RF P_kbar rmse=10.46 r2=0.139 (3s)

00:38:39 | [FROZEN] opx_only s=51 raw ERT T_C rmse=117.29 r2=0.674 (1s)

00:38:40 | [FROZEN] opx_only s=51 raw ERT P_kbar rmse=9.90 r2=0.228 (1s)

00:38:40 | [FROZEN] opx_only s=51 raw XGB T_C rmse=124.32 r2=0.634 (0s)

00:38:41 | [FROZEN] opx_only s=51 raw XGB P_kbar rmse=9.51 r2=0.288 (0s)

00:38:41 | [FROZEN] opx_only s=51 raw GB T_C rmse=125.96 r2=0.624 (0s)

00:38:41 | [FROZEN] opx_only s=51 raw GB P_kbar rmse=9.65 r2=0.267 (0s)

00:38:43 | [FROZEN] opx_only s=51 alr RF T_C rmse=115.32 r2=0.685 (2s)

00:38:47 | [FROZEN] opx_only s=51 alr RF P_kbar rmse=9.72 r2=0.257 (4s)

00:38:49 | [FROZEN] opx_only s=51 alr ERT T_C rmse=119.13 r2=0.664 (1s)

00:38:49 | [FROZEN] opx_only s=51 alr ERT P_kbar rmse=7.80 r2=0.521 (0s)

00:38:50 | [FROZEN] opx_only s=51 alr XGB T_C rmse=120.70 r2=0.655 (1s)

00:38:51 | [FROZEN] opx_only s=51 alr XGB P_kbar rmse=9.00 r2=0.362 (1s)

00:38:51 | [FROZEN] opx_only s=51 alr GB T_C rmse=122.22 r2=0.646 (1s)

00:38:52 | [FROZEN] opx_only s=51 alr GB P_kbar rmse=10.14 r2=0.190 (1s)

00:38:54 | [FROZEN] opx_only s=51 pwlr RF T_C rmse=111.87 r2=0.703 (1s)

00:38:59 | [FROZEN] opx_only s=51 pwlr RF P_kbar rmse=8.59 r2=0.419 (6s)

00:39:01 | [FROZEN] opx_only s=51 pwlr ERT T_C rmse=114.74 r2=0.688 (2s)

00:39:02 | [FROZEN] opx_only s=51 pwlr ERT P_kbar rmse=8.38 r2=0.448 (1s)

00:39:08 | [FROZEN] opx_only s=51 pwlr XGB T_C rmse=118.16 r2=0.669 (5s)

00:39:11 | [FROZEN] opx_only s=51 pwlr XGB P_kbar rmse=9.86 r2=0.234 (3s)

00:39:12 | [FROZEN] opx_only s=51 pwlr GB T_C rmse=114.12 r2=0.691 (1s)

00:39:13 | [FROZEN] opx_only s=51 pwlr GB P_kbar rmse=8.43 r2=0.441 (0s)

00:39:13 | CHECKPOINT opx_only seed=51 | 720 rows | 0.40h

00:39:15 | [FROZEN] opx_only s=52 raw RF T_C rmse=138.56 r2=0.557 (2s)

00:39:17 | [FROZEN] opx_only s=52 raw RF P_kbar rmse=8.77 r2=0.528 (2s)

00:39:18 | [FROZEN] opx_only s=52 raw ERT T_C rmse=136.30 r2=0.571 (1s)

00:39:20 | [FROZEN] opx_only s=52 raw ERT P_kbar rmse=8.91 r2=0.513 (2s)

00:39:20 | [FROZEN] opx_only s=52 raw XGB T_C rmse=136.61 r2=0.569 (0s)

00:39:20 | [FROZEN] opx_only s=52 raw XGB P_kbar rmse=8.87 r2=0.518 (1s)

00:39:21 | [FROZEN] opx_only s=52 raw GB T_C rmse=137.72 r2=0.562 (0s)

00:39:21 | [FROZEN] opx_only s=52 raw GB P_kbar rmse=8.81 r2=0.524 (1s)

00:39:24 | [FROZEN] opx_only s=52 alr RF T_C rmse=135.26 r2=0.578 (3s)

00:39:29 | [FROZEN] opx_only s=52 alr RF P_kbar rmse=8.75 r2=0.530 (5s)

00:39:31 | [FROZEN] opx_only s=52 alr ERT T_C rmse=142.26 r2=0.533 (2s)

00:39:32 | [FROZEN] opx_only s=52 alr ERT P_kbar rmse=9.10 r2=0.492 (1s)

00:39:34 | [FROZEN] opx_only s=52 alr XGB T_C rmse=134.73 r2=0.581 (2s)

00:39:35 | [FROZEN] opx_only s=52 alr XGB P_kbar rmse=8.80 r2=0.526 (1s)

00:39:36 | [FROZEN] opx_only s=52 alr GB T_C rmse=137.17 r2=0.566 (1s)

00:39:36 | [FROZEN] opx_only s=52 alr GB P_kbar rmse=8.52 r2=0.555 (1s)

00:39:38 | [FROZEN] opx_only s=52 pwlr RF T_C rmse=132.41 r2=0.595 (1s)

00:39:45 | [FROZEN] opx_only s=52 pwlr RF P_kbar rmse=8.40 r2=0.567 (7s)

00:39:48 | [FROZEN] opx_only s=52 pwlr ERT T_C rmse=130.38 r2=0.608 (3s)

00:39:49 | [FROZEN] opx_only s=52 pwlr ERT P_kbar rmse=8.30 r2=0.577 (1s)

00:39:57 | [FROZEN] opx_only s=52 pwlr XGB T_C rmse=126.59 r2=0.630 (8s)

00:40:00 | [FROZEN] opx_only s=52 pwlr XGB P_kbar rmse=8.99 r2=0.504 (3s)

00:40:01 | [FROZEN] opx_only s=52 pwlr GB T_C rmse=126.58 r2=0.630 (1s)

00:40:02 | [FROZEN] opx_only s=52 pwlr GB P_kbar rmse=8.41 r2=0.566 (0s)

00:40:02 | CHECKPOINT opx_only seed=52 | 744 rows | 0.42h

00:40:04 | [FROZEN] opx_only s=53 raw RF T_C rmse=164.21 r2=0.348 (3s)

00:40:08 | [FROZEN] opx_only s=53 raw RF P_kbar rmse=9.75 r2=0.059 (4s)

00:40:10 | [FROZEN] opx_only s=53 raw ERT T_C rmse=160.36 r2=0.379 (2s)

00:40:12 | [FROZEN] opx_only s=53 raw ERT P_kbar rmse=11.06 r2=-0.211 (2s)

00:40:12 | [FROZEN] opx_only s=53 raw XGB T_C rmse=156.71 r2=0.407 (0s)

00:40:12 | [FROZEN] opx_only s=53 raw XGB P_kbar rmse=8.44 r2=0.296 (0s)

00:40:12 | [FROZEN] opx_only s=53 raw GB T_C rmse=161.88 r2=0.367 (0s)

00:40:13 | [FROZEN] opx_only s=53 raw GB P_kbar rmse=7.58 r2=0.431 (0s)

00:40:15 | [FROZEN] opx_only s=53 alr RF T_C rmse=164.57 r2=0.346 (2s)

00:40:19 | [FROZEN] opx_only s=53 alr RF P_kbar rmse=8.88 r2=0.219 (4s)

00:40:20 | [FROZEN] opx_only s=53 alr ERT T_C rmse=162.76 r2=0.360 (1s)

00:40:20 | [FROZEN] opx_only s=53 alr ERT P_kbar rmse=9.56 r2=0.095 (0s)

00:40:21 | [FROZEN] opx_only s=53 alr XGB T_C rmse=161.57 r2=0.369 (1s)

00:40:22 | [FROZEN] opx_only s=53 alr XGB P_kbar rmse=9.50 r2=0.107 (0s)

00:40:22 | [FROZEN] opx_only s=53 alr GB T_C rmse=157.80 r2=0.398 (1s)

00:40:23 | [FROZEN] opx_only s=53 alr GB P_kbar rmse=8.50 r2=0.286 (1s)

00:40:25 | [FROZEN] opx_only s=53 pwlr RF T_C rmse=163.96 r2=0.350 (2s)

00:40:32 | [FROZEN] opx_only s=53 pwlr RF P_kbar rmse=8.21 r2=0.333 (7s)

00:40:36 | [FROZEN] opx_only s=53 pwlr ERT T_C rmse=160.73 r2=0.376 (4s)

00:40:38 | [FROZEN] opx_only s=53 pwlr ERT P_kbar rmse=7.84 r2=0.392 (2s)

00:40:49 | [FROZEN] opx_only s=53 pwlr XGB T_C rmse=163.40 r2=0.355 (10s)

00:40:54 | [FROZEN] opx_only s=53 pwlr XGB P_kbar rmse=9.98 r2=0.015 (5s)

00:40:57 | [FROZEN] opx_only s=53 pwlr GB T_C rmse=170.79 r2=0.295 (3s)

00:40:58 | [FROZEN] opx_only s=53 pwlr GB P_kbar rmse=7.68 r2=0.416 (1s)

00:40:58 | CHECKPOINT opx_only seed=53 | 768 rows | 0.43h

00:41:01 | [FROZEN] opx_only s=54 raw RF T_C rmse=139.55 r2=0.445 (3s)

00:41:04 | [FROZEN] opx_only s=54 raw RF P_kbar rmse=9.48 r2=0.252 (3s)

00:41:04 | [FROZEN] opx_only s=54 raw ERT T_C rmse=139.06 r2=0.449 (1s)

00:41:06 | [FROZEN] opx_only s=54 raw ERT P_kbar rmse=9.65 r2=0.224 (1s)

00:41:06 | [FROZEN] opx_only s=54 raw XGB T_C rmse=141.55 r2=0.429 (0s)

00:41:06 | [FROZEN] opx_only s=54 raw XGB P_kbar rmse=8.58 r2=0.387 (0s)

00:41:07 | [FROZEN] opx_only s=54 raw GB T_C rmse=143.44 r2=0.414 (1s)

00:41:07 | [FROZEN] opx_only s=54 raw GB P_kbar rmse=8.36 r2=0.418 (0s)

00:41:09 | [FROZEN] opx_only s=54 alr RF T_C rmse=139.85 r2=0.443 (2s)

00:41:13 | [FROZEN] opx_only s=54 alr RF P_kbar rmse=7.91 r2=0.479 (3s)

00:41:14 | [FROZEN] opx_only s=54 alr ERT T_C rmse=144.65 r2=0.404 (1s)

00:41:14 | [FROZEN] opx_only s=54 alr ERT P_kbar rmse=7.45 r2=0.538 (0s)

00:41:15 | [FROZEN] opx_only s=54 alr XGB T_C rmse=143.26 r2=0.415 (1s)

00:41:16 | [FROZEN] opx_only s=54 alr XGB P_kbar rmse=6.90 r2=0.604 (0s)

00:41:16 | [FROZEN] opx_only s=54 alr GB T_C rmse=141.07 r2=0.433 (1s)

00:41:17 | [FROZEN] opx_only s=54 alr GB P_kbar rmse=8.06 r2=0.459 (0s)

00:41:18 | [FROZEN] opx_only s=54 pwlr RF T_C rmse=133.19 r2=0.495 (1s)

00:41:24 | [FROZEN] opx_only s=54 pwlr RF P_kbar rmse=6.56 r2=0.641 (6s)

00:41:25 | [FROZEN] opx_only s=54 pwlr ERT T_C rmse=135.62 r2=0.476 (2s)

00:41:26 | [FROZEN] opx_only s=54 pwlr ERT P_kbar rmse=7.99 r2=0.468 (1s)

00:41:32 | [FROZEN] opx_only s=54 pwlr XGB T_C rmse=137.98 r2=0.458 (6s)

00:41:35 | [FROZEN] opx_only s=54 pwlr XGB P_kbar rmse=7.14 r2=0.575 (3s)

00:41:37 | [FROZEN] opx_only s=54 pwlr GB T_C rmse=138.31 r2=0.455 (2s)

00:41:38 | [FROZEN] opx_only s=54 pwlr GB P_kbar rmse=7.65 r2=0.513 (0s)

00:41:38 | CHECKPOINT opx_only seed=54 | 792 rows | 0.44h

00:41:40 | [FROZEN] opx_only s=55 raw RF T_C rmse=132.99 r2=0.546 (2s)

00:41:42 | [FROZEN] opx_only s=55 raw RF P_kbar rmse=10.63 r2=0.400 (2s)

00:41:43 | [FROZEN] opx_only s=55 raw ERT T_C rmse=127.99 r2=0.579 (1s)

00:41:44 | [FROZEN] opx_only s=55 raw ERT P_kbar rmse=11.73 r2=0.269 (1s)

00:41:45 | [FROZEN] opx_only s=55 raw XGB T_C rmse=129.73 r2=0.568 (0s)

00:41:45 | [FROZEN] opx_only s=55 raw XGB P_kbar rmse=10.12 r2=0.456 (0s)

00:41:45 | [FROZEN] opx_only s=55 raw GB T_C rmse=131.62 r2=0.555 (0s)

00:41:46 | [FROZEN] opx_only s=55 raw GB P_kbar rmse=10.34 r2=0.432 (0s)

00:41:48 | [FROZEN] opx_only s=55 alr RF T_C rmse=128.40 r2=0.576 (2s)

00:41:51 | [FROZEN] opx_only s=55 alr RF P_kbar rmse=10.03 r2=0.465 (3s)

00:41:52 | [FROZEN] opx_only s=55 alr ERT T_C rmse=135.81 r2=0.526 (1s)

00:41:53 | [FROZEN] opx_only s=55 alr ERT P_kbar rmse=10.88 r2=0.371 (1s)

00:41:54 | [FROZEN] opx_only s=55 alr XGB T_C rmse=127.56 r2=0.582 (1s)

00:41:54 | [FROZEN] opx_only s=55 alr XGB P_kbar rmse=10.75 r2=0.385 (0s)

00:41:55 | [FROZEN] opx_only s=55 alr GB T_C rmse=131.83 r2=0.553 (1s)

00:41:56 | [FROZEN] opx_only s=55 alr GB P_kbar rmse=11.00 r2=0.357 (0s)

00:41:57 | [FROZEN] opx_only s=55 pwlr RF T_C rmse=128.48 r2=0.576 (1s)

00:42:03 | [FROZEN] opx_only s=55 pwlr RF P_kbar rmse=8.89 r2=0.580 (6s)

00:42:05 | [FROZEN] opx_only s=55 pwlr ERT T_C rmse=131.92 r2=0.553 (2s)

00:42:06 | [FROZEN] opx_only s=55 pwlr ERT P_kbar rmse=8.91 r2=0.578 (1s)

00:42:12 | [FROZEN] opx_only s=55 pwlr XGB T_C rmse=134.69 r2=0.534 (6s)

00:42:15 | [FROZEN] opx_only s=55 pwlr XGB P_kbar rmse=10.45 r2=0.420 (3s)

00:42:16 | [FROZEN] opx_only s=55 pwlr GB T_C rmse=134.21 r2=0.537 (2s)

00:42:17 | [FROZEN] opx_only s=55 pwlr GB P_kbar rmse=9.03 r2=0.567 (0s)

00:42:17 | CHECKPOINT opx_only seed=55 | 816 rows | 0.45h

00:42:19 | [FROZEN] opx_only s=56 raw RF T_C rmse=159.76 r2=0.510 (2s)

00:42:21 | [FROZEN] opx_only s=56 raw RF P_kbar rmse=15.24 r2=0.024 (2s)

00:42:22 | [FROZEN] opx_only s=56 raw ERT T_C rmse=163.63 r2=0.486 (1s)

00:42:23 | [FROZEN] opx_only s=56 raw ERT P_kbar rmse=14.53 r2=0.113 (1s)

00:42:24 | [FROZEN] opx_only s=56 raw XGB T_C rmse=149.87 r2=0.569 (0s)

00:42:24 | [FROZEN] opx_only s=56 raw XGB P_kbar rmse=14.47 r2=0.121 (0s)

00:42:24 | [FROZEN] opx_only s=56 raw GB T_C rmse=144.17 r2=0.601 (0s)

00:42:25 | [FROZEN] opx_only s=56 raw GB P_kbar rmse=13.63 r2=0.219 (0s)

00:42:27 | [FROZEN] opx_only s=56 alr RF T_C rmse=157.83 r2=0.522 (2s)

00:42:30 | [FROZEN] opx_only s=56 alr RF P_kbar rmse=14.85 r2=0.073 (4s)

00:42:31 | [FROZEN] opx_only s=56 alr ERT T_C rmse=175.58 r2=0.408 (1s)

00:42:32 | [FROZEN] opx_only s=56 alr ERT P_kbar rmse=14.81 r2=0.079 (0s)

00:42:33 | [FROZEN] opx_only s=56 alr XGB T_C rmse=151.55 r2=0.559 (1s)

00:42:33 | [FROZEN] opx_only s=56 alr XGB P_kbar rmse=13.08 r2=0.281 (1s)

00:42:34 | [FROZEN] opx_only s=56 alr GB T_C rmse=137.64 r2=0.636 (1s)

00:42:34 | [FROZEN] opx_only s=56 alr GB P_kbar rmse=13.03 r2=0.286 (0s)

00:42:36 | [FROZEN] opx_only s=56 pwlr RF T_C rmse=155.44 r2=0.536 (2s)

00:42:42 | [FROZEN] opx_only s=56 pwlr RF P_kbar rmse=13.70 r2=0.212 (6s)

00:42:44 | [FROZEN] opx_only s=56 pwlr ERT T_C rmse=161.26 r2=0.501 (2s)

00:42:45 | [FROZEN] opx_only s=56 pwlr ERT P_kbar rmse=13.80 r2=0.200 (1s)

00:42:51 | [FROZEN] opx_only s=56 pwlr XGB T_C rmse=148.86 r2=0.574 (6s)

00:42:54 | [FROZEN] opx_only s=56 pwlr XGB P_kbar rmse=11.97 r2=0.398 (3s)

00:42:55 | [FROZEN] opx_only s=56 pwlr GB T_C rmse=147.55 r2=0.582 (1s)

00:42:56 | [FROZEN] opx_only s=56 pwlr GB P_kbar rmse=12.03 r2=0.392 (0s)

00:42:56 | CHECKPOINT opx_only seed=56 | 840 rows | 0.47h

00:42:58 | [FROZEN] opx_only s=57 raw RF T_C rmse=168.63 r2=0.236 (2s)

00:43:00 | [FROZEN] opx_only s=57 raw RF P_kbar rmse=13.81 r2=-0.228 (2s)

00:43:01 | [FROZEN] opx_only s=57 raw ERT T_C rmse=174.33 r2=0.183 (1s)

00:43:02 | [FROZEN] opx_only s=57 raw ERT P_kbar rmse=13.60 r2=-0.193 (1s)

00:43:03 | [FROZEN] opx_only s=57 raw XGB T_C rmse=164.72 r2=0.271 (0s)

00:43:03 | [FROZEN] opx_only s=57 raw XGB P_kbar rmse=12.41 r2=0.008 (0s)

00:43:03 | [FROZEN] opx_only s=57 raw GB T_C rmse=161.44 r2=0.300 (0s)

00:43:04 | [FROZEN] opx_only s=57 raw GB P_kbar rmse=11.80 r2=0.102 (0s)

00:43:06 | [FROZEN] opx_only s=57 alr RF T_C rmse=166.44 r2=0.256 (2s)

00:43:09 | [FROZEN] opx_only s=57 alr RF P_kbar rmse=13.77 r2=-0.222 (4s)

00:43:10 | [FROZEN] opx_only s=57 alr ERT T_C rmse=189.41 r2=0.036 (1s)

00:43:11 | [FROZEN] opx_only s=57 alr ERT P_kbar rmse=15.28 r2=-0.504 (0s)

00:43:12 | [FROZEN] opx_only s=57 alr XGB T_C rmse=162.75 r2=0.288 (1s)

00:43:12 | [FROZEN] opx_only s=57 alr XGB P_kbar rmse=12.27 r2=0.029 (0s)

00:43:13 | [FROZEN] opx_only s=57 alr GB T_C rmse=156.58 r2=0.341 (1s)

00:43:13 | [FROZEN] opx_only s=57 alr GB P_kbar rmse=12.96 r2=-0.082 (1s)

00:43:15 | [FROZEN] opx_only s=57 pwlr RF T_C rmse=156.51 r2=0.342 (1s)

00:43:21 | [FROZEN] opx_only s=57 pwlr RF P_kbar rmse=12.98 r2=-0.087 (6s)

00:43:23 | [FROZEN] opx_only s=57 pwlr ERT T_C rmse=173.00 r2=0.196 (2s)

00:43:24 | [FROZEN] opx_only s=57 pwlr ERT P_kbar rmse=13.06 r2=-0.100 (1s)

00:43:31 | [FROZEN] opx_only s=57 pwlr XGB T_C rmse=161.07 r2=0.303 (7s)

00:43:35 | [FROZEN] opx_only s=57 pwlr XGB P_kbar rmse=13.98 r2=-0.260 (4s)

00:43:37 | [FROZEN] opx_only s=57 pwlr GB T_C rmse=154.53 r2=0.358 (2s)

00:43:37 | [FROZEN] opx_only s=57 pwlr GB P_kbar rmse=12.71 r2=-0.041 (0s)

00:43:38 | CHECKPOINT opx_only seed=57 | 864 rows | 0.48h

00:43:40 | [FROZEN] opx_only s=58 raw RF T_C rmse=125.47 r2=0.527 (2s)

00:43:42 | [FROZEN] opx_only s=58 raw RF P_kbar rmse=6.66 r2=-0.061 (2s)

00:43:44 | [FROZEN] opx_only s=58 raw ERT T_C rmse=118.18 r2=0.581 (1s)

00:43:46 | [FROZEN] opx_only s=58 raw ERT P_kbar rmse=6.52 r2=-0.018 (3s)

00:43:47 | [FROZEN] opx_only s=58 raw XGB T_C rmse=125.69 r2=0.526 (0s)

00:43:47 | [FROZEN] opx_only s=58 raw XGB P_kbar rmse=6.40 r2=0.019 (0s)

00:43:47 | [FROZEN] opx_only s=58 raw GB T_C rmse=130.06 r2=0.492 (0s)

00:43:48 | [FROZEN] opx_only s=58 raw GB P_kbar rmse=7.27 r2=-0.266 (0s)

00:43:50 | [FROZEN] opx_only s=58 alr RF T_C rmse=124.14 r2=0.537 (3s)

00:43:56 | [FROZEN] opx_only s=58 alr RF P_kbar rmse=6.56 r2=-0.031 (6s)

00:43:59 | [FROZEN] opx_only s=58 alr ERT T_C rmse=129.61 r2=0.496 (2s)

00:44:00 | [FROZEN] opx_only s=58 alr ERT P_kbar rmse=6.37 r2=0.028 (1s)

00:44:01 | [FROZEN] opx_only s=58 alr XGB T_C rmse=123.77 r2=0.540 (2s)

00:44:02 | [FROZEN] opx_only s=58 alr XGB P_kbar rmse=6.55 r2=-0.026 (1s)

00:44:03 | [FROZEN] opx_only s=58 alr GB T_C rmse=124.13 r2=0.537 (1s)

00:44:04 | [FROZEN] opx_only s=58 alr GB P_kbar rmse=7.09 r2=-0.203 (1s)

00:44:06 | [FROZEN] opx_only s=58 pwlr RF T_C rmse=117.80 r2=0.583 (2s)

00:44:17 | [FROZEN] opx_only s=58 pwlr RF P_kbar rmse=6.38 r2=0.024 (10s)

00:44:20 | [FROZEN] opx_only s=58 pwlr ERT T_C rmse=116.36 r2=0.594 (3s)

00:44:22 | [FROZEN] opx_only s=58 pwlr ERT P_kbar rmse=6.13 r2=0.099 (2s)

00:44:32 | [FROZEN] opx_only s=58 pwlr XGB T_C rmse=115.38 r2=0.600 (11s)

00:44:38 | [FROZEN] opx_only s=58 pwlr XGB P_kbar rmse=6.55 r2=-0.026 (6s)

00:44:40 | [FROZEN] opx_only s=58 pwlr GB T_C rmse=103.07 r2=0.681 (2s)

00:44:41 | [FROZEN] opx_only s=58 pwlr GB P_kbar rmse=6.70 r2=-0.076 (1s)

00:44:41 | CHECKPOINT opx_only seed=58 | 888 rows | 0.49h

00:44:43 | [FROZEN] opx_only s=59 raw RF T_C rmse=140.51 r2=0.575 (3s)

00:44:46 | [FROZEN] opx_only s=59 raw RF P_kbar rmse=12.18 r2=0.169 (3s)

00:44:47 | [FROZEN] opx_only s=59 raw ERT T_C rmse=141.65 r2=0.568 (1s)

00:44:49 | [FROZEN] opx_only s=59 raw ERT P_kbar rmse=10.15 r2=0.423 (2s)

00:44:49 | [FROZEN] opx_only s=59 raw XGB T_C rmse=148.24 r2=0.527 (0s)

00:44:50 | [FROZEN] opx_only s=59 raw XGB P_kbar rmse=10.10 r2=0.429 (0s)

00:44:50 | [FROZEN] opx_only s=59 raw GB T_C rmse=156.17 r2=0.475 (0s)

00:44:51 | [FROZEN] opx_only s=59 raw GB P_kbar rmse=11.24 r2=0.292 (1s)

00:44:54 | [FROZEN] opx_only s=59 alr RF T_C rmse=142.13 r2=0.566 (3s)

00:44:58 | [FROZEN] opx_only s=59 alr RF P_kbar rmse=12.54 r2=0.119 (4s)

00:45:00 | [FROZEN] opx_only s=59 alr ERT T_C rmse=138.58 r2=0.587 (2s)

00:45:01 | [FROZEN] opx_only s=59 alr ERT P_kbar rmse=10.93 r2=0.331 (0s)

00:45:02 | [FROZEN] opx_only s=59 alr XGB T_C rmse=148.29 r2=0.527 (1s)

00:45:03 | [FROZEN] opx_only s=59 alr XGB P_kbar rmse=10.37 r2=0.398 (1s)

00:45:03 | [FROZEN] opx_only s=59 alr GB T_C rmse=157.75 r2=0.465 (1s)

00:45:04 | [FROZEN] opx_only s=59 alr GB P_kbar rmse=11.80 r2=0.220 (0s)

00:45:05 | [FROZEN] opx_only s=59 pwlr RF T_C rmse=134.10 r2=0.613 (2s)

00:45:13 | [FROZEN] opx_only s=59 pwlr RF P_kbar rmse=12.16 r2=0.171 (8s)

00:45:15 | [FROZEN] opx_only s=59 pwlr ERT T_C rmse=132.05 r2=0.625 (2s)

00:45:16 | [FROZEN] opx_only s=59 pwlr ERT P_kbar rmse=10.96 r2=0.327 (1s)

00:45:24 | [FROZEN] opx_only s=59 pwlr XGB T_C rmse=142.82 r2=0.561 (7s)

00:45:28 | [FROZEN] opx_only s=59 pwlr XGB P_kbar rmse=12.88 r2=0.071 (4s)

00:45:29 | [FROZEN] opx_only s=59 pwlr GB T_C rmse=142.45 r2=0.564 (1s)

00:45:30 | [FROZEN] opx_only s=59 pwlr GB P_kbar rmse=10.41 r2=0.393 (1s)

00:45:30 | CHECKPOINT opx_only seed=59 | 912 rows | 0.51h

00:45:33 | [FROZEN] opx_only s=60 raw RF T_C rmse=141.79 r2=0.588 (3s)

00:45:36 | [FROZEN] opx_only s=60 raw RF P_kbar rmse=12.84 r2=-0.310 (3s)

00:45:38 | [FROZEN] opx_only s=60 raw ERT T_C rmse=143.57 r2=0.577 (1s)

00:45:40 | [FROZEN] opx_only s=60 raw ERT P_kbar rmse=14.63 r2=-0.698 (2s)

00:45:40 | [FROZEN] opx_only s=60 raw XGB T_C rmse=134.06 r2=0.631 (0s)

00:45:40 | [FROZEN] opx_only s=60 raw XGB P_kbar rmse=11.65 r2=-0.078 (1s)

00:45:40 | [FROZEN] opx_only s=60 raw GB T_C rmse=141.65 r2=0.588 (0s)

00:45:41 | [FROZEN] opx_only s=60 raw GB P_kbar rmse=11.59 r2=-0.066 (1s)

00:45:44 | [FROZEN] opx_only s=60 alr RF T_C rmse=143.17 r2=0.579 (3s)

00:45:49 | [FROZEN] opx_only s=60 alr RF P_kbar rmse=12.23 r2=-0.188 (5s)

00:45:51 | [FROZEN] opx_only s=60 alr ERT T_C rmse=145.04 r2=0.568 (2s)

00:45:51 | [FROZEN] opx_only s=60 alr ERT P_kbar rmse=12.66 r2=-0.272 (0s)

00:45:52 | [FROZEN] opx_only s=60 alr XGB T_C rmse=133.75 r2=0.633 (1s)

00:45:53 | [FROZEN] opx_only s=60 alr XGB P_kbar rmse=11.72 r2=-0.090 (1s)

00:45:54 | [FROZEN] opx_only s=60 alr GB T_C rmse=145.49 r2=0.566 (1s)

00:45:55 | [FROZEN] opx_only s=60 alr GB P_kbar rmse=12.60 r2=-0.260 (1s)

00:45:56 | [FROZEN] opx_only s=60 pwlr RF T_C rmse=138.11 r2=0.609 (2s)

00:46:04 | [FROZEN] opx_only s=60 pwlr RF P_kbar rmse=11.43 r2=-0.037 (8s)

00:46:07 | [FROZEN] opx_only s=60 pwlr ERT T_C rmse=138.69 r2=0.605 (2s)

00:46:08 | [FROZEN] opx_only s=60 pwlr ERT P_kbar rmse=9.91 r2=0.220 (1s)

00:46:16 | [FROZEN] opx_only s=60 pwlr XGB T_C rmse=149.30 r2=0.543 (8s)

00:46:20 | [FROZEN] opx_only s=60 pwlr XGB P_kbar rmse=13.28 r2=-0.399 (4s)

00:46:21 | [FROZEN] opx_only s=60 pwlr GB T_C rmse=140.87 r2=0.593 (1s)

00:46:22 | [FROZEN] opx_only s=60 pwlr GB P_kbar rmse=11.53 r2=-0.056 (1s)

00:46:22 | CHECKPOINT opx_only seed=60 | 936 rows | 0.52h

00:46:25 | [FROZEN] opx_only s=61 raw RF T_C rmse=176.55 r2=0.378 (3s)

00:46:28 | [FROZEN] opx_only s=61 raw RF P_kbar rmse=16.40 r2=0.087 (3s)

00:46:29 | [FROZEN] opx_only s=61 raw ERT T_C rmse=178.35 r2=0.365 (1s)

00:46:31 | [FROZEN] opx_only s=61 raw ERT P_kbar rmse=16.53 r2=0.072 (2s)

00:46:31 | [FROZEN] opx_only s=61 raw XGB T_C rmse=164.63 r2=0.459 (0s)

00:46:32 | [FROZEN] opx_only s=61 raw XGB P_kbar rmse=15.33 r2=0.202 (1s)

00:46:32 | [FROZEN] opx_only s=61 raw GB T_C rmse=159.94 r2=0.490 (0s)

00:46:32 | [FROZEN] opx_only s=61 raw GB P_kbar rmse=15.88 r2=0.144 (0s)

00:46:35 | [FROZEN] opx_only s=61 alr RF T_C rmse=170.75 r2=0.418 (3s)

00:46:40 | [FROZEN] opx_only s=61 alr RF P_kbar rmse=14.93 r2=0.243 (5s)

00:46:42 | [FROZEN] opx_only s=61 alr ERT T_C rmse=192.75 r2=0.259 (2s)

00:46:42 | [FROZEN] opx_only s=61 alr ERT P_kbar rmse=15.80 r2=0.152 (0s)

00:46:44 | [FROZEN] opx_only s=61 alr XGB T_C rmse=167.95 r2=0.437 (1s)

00:46:44 | [FROZEN] opx_only s=61 alr XGB P_kbar rmse=13.93 r2=0.341 (1s)

00:46:45 | [FROZEN] opx_only s=61 alr GB T_C rmse=163.53 r2=0.466 (1s)

00:46:46 | [FROZEN] opx_only s=61 alr GB P_kbar rmse=14.67 r2=0.269 (1s)

00:46:47 | [FROZEN] opx_only s=61 pwlr RF T_C rmse=168.82 r2=0.431 (2s)

00:46:55 | [FROZEN] opx_only s=61 pwlr RF P_kbar rmse=13.96 r2=0.338 (8s)

00:46:58 | [FROZEN] opx_only s=61 pwlr ERT T_C rmse=182.27 r2=0.337 (3s)

00:46:59 | [FROZEN] opx_only s=61 pwlr ERT P_kbar rmse=15.45 r2=0.189 (1s)

00:47:08 | [FROZEN] opx_only s=61 pwlr XGB T_C rmse=168.84 r2=0.431 (9s)

00:47:12 | [FROZEN] opx_only s=61 pwlr XGB P_kbar rmse=13.15 r2=0.412 (4s)

00:47:15 | [FROZEN] opx_only s=61 pwlr GB T_C rmse=170.75 r2=0.418 (2s)

00:47:15 | [FROZEN] opx_only s=61 pwlr GB P_kbar rmse=12.86 r2=0.438 (1s)

00:47:15 | CHECKPOINT opx_only seed=61 | 960 rows | 0.54h

00:47:15 | COMPLETE: 960 rows in 0.54h


Final training complete: 960 rows in 0.54h
NaN rows: 0

Ending Cell 14-----------------------------------------
Executing:  30%|###       | 14/46 [3:19:13<12:24:29, 1395.92s/cell]Executing Cell 15--------------------------------------
Ending Cell 15-----------------------------------------
Executing:  33%|###2      | 15/46 [3:19:13<9:40:21, 1123.28s/cell] Executing Cell 16--------------------------------------
======================================================================
MULTI-SEED RESULTS: mean +/- std test RMSE across 10 splits
======================================================================

--- opx_liq / P_kbar ---
model_name              RF            ERT            XGB             GB
feature_set                                                            
raw          5.95 +/- 1.24  5.96 +/- 1.18  4.81 +/- 0.84  5.02 +/- 0.91
alr          5.94 +/- 1.20  6.74 +/- 1.35  5.31 +/- 1.02  5.79 +/- 0.97
pwlr         6.39 +/- 1.45  7.10 +/- 1.51  5.83 +/- 1.37  6.11 +/- 1.45

--- opx_liq / T_C ---
model_name                RF              ERT             XGB               GB
feature_set                                                                   
raw          82.44 +/- 11.55  81.04 +/- 11.23  80.39 +/- 8.98  83.45 +/- 10.53
alr          80.98 +/- 11.58  80.39 +/- 12.22  77.77 +/- 9.55  81.94 +/- 10.37
pwlr         79.59 +/- 11.70  80.41 +/- 10.84  81.85 +/- 9.23  83.35 +/- 11.62

--- opx_only / P_kbar ---
model_name               RF             ERT             XGB              GB
feature_set                                                                
raw          12.02 +/- 3.00  11.83 +/- 2.88  11.15 +/- 2.90  11.11 +/- 2.87
alr          11.44 +/- 3.16  11.48 +/- 3.27  10.72 +/- 2.70  11.09 +/- 2.87
pwlr         10.70 +/- 2.98  10.74 +/- 3.05  11.23 +/- 2.71  10.65 +/- 2.84

--- opx_only / T_C ---
model_name                 RF               ERT               XGB                GB
feature_set                                                                        
raw          147.06 +/- 18.27  146.62 +/- 21.46  144.67 +/- 16.18  146.15 +/- 14.45
alr          146.21 +/- 17.89  151.94 +/- 22.29  144.27 +/- 15.92  143.54 +/- 14.89
pwlr         139.51 +/- 18.36  142.87 +/- 21.77  142.98 +/- 19.14  141.68 +/- 20.02

Ending Cell 16-----------------------------------------
Executing:  35%|###4      | 16/46 [3:19:14<7:19:08, 878.28s/cell] Executing Cell 17--------------------------------------
<Figure size 1300x1000 with 8 Axes>
Ending Cell 17-----------------------------------------
Executing:  37%|###6      | 17/46 [3:19:18<5:24:07, 670.62s/cell]Executing Cell 18--------------------------------------
<Figure size 1300x1000 with 8 Axes>
Ending Cell 18-----------------------------------------
Executing:  39%|###9      | 18/46 [3:19:22<3:54:08, 501.74s/cell]Executing Cell 19--------------------------------------
<Figure size 1400x1000 with 4 Axes>
Ending Cell 19-----------------------------------------
Executing:  41%|####1     | 19/46 [3:19:28<2:46:28, 369.93s/cell]Executing Cell 20--------------------------------------
======================================================================
FEATURE SET COMPARISON: Wilcoxon signed-rank vs raw baseline
======================================================================

--- opx_liq / P_kbar ---
  [RF  ] raw vs alr  : delta=+0.015  p=0.6477     alr is BETTER
  [RF  ] raw vs pwlr : delta=-0.432  p=0.0583     pwlr is WORSE
  [ERT ] raw vs alr  : delta=-0.778  p=0.0000 *** alr is WORSE
  [ERT ] raw vs pwlr : delta=-1.140  p=0.0000 *** pwlr is WORSE
  [XGB ] raw vs alr  : delta=-0.496  p=0.0002 *** alr is WORSE
  [XGB ] raw vs pwlr : delta=-1.024  p=0.0000 *** pwlr is WORSE
  [GB  ] raw vs alr  : delta=-0.768  p=0.0000 *** alr is WORSE
  [GB  ] raw vs pwlr : delta=-1.086  p=0.0000 *** pwlr is WORSE

--- opx_liq / T_C ---
  [RF  ] raw vs alr  : delta=+1.466  p=0.3683     alr is BETTER
  [RF  ] raw vs pwlr : delta=+2.857  p=0.0064 **  pwlr is BETTER
  [ERT ] raw vs alr  : delta=+0.649  p=0.5958     alr is BETTER
  [ERT ] raw vs pwlr : delta=+0.636  p=0.4749     pwlr is BETTER
  [XGB ] raw vs alr  : delta=+2.615  p=0.0296 *   alr is BETTER
  [XGB ] raw vs pwlr : delta=-1.464  p=0.2024     pwlr is WORSE
  [GB  ] raw vs alr  : delta=+1.511  p=0.1769     alr is BETTER
  [GB  ] raw vs pwlr : delta=+0.107  p=0.9854     pwlr is BETTER

--- opx_only / P_kbar ---
  [RF  ] raw vs alr  : delta=+0.577  p=0.0009 *** alr is BETTER
  [RF  ] raw vs pwlr : delta=+1.316  p=0.0000 *** pwlr is BETTER
  [ERT ] raw vs alr  : delta=+0.344  p=0.3118     alr is BETTER
  [ERT ] raw vs pwlr : delta=+1.081  p=0.0032 **  pwlr is BETTER
  [XGB ] raw vs alr  : delta=+0.433  p=0.0362 *   alr is BETTER
  [XGB ] raw vs pwlr : delta=-0.082  p=0.8124     pwlr is WORSE
  [GB  ] raw vs alr  : delta=+0.022  p=0.9273     alr is BETTER
  [GB  ] raw vs pwlr : delta=+0.460  p=0.0362 *   pwlr is BETTER

--- opx_only / T_C ---

00:47:31 | Diagnostic plots and statistical analysis complete.

  [RF  ] raw vs alr  : delta=+0.858  p=0.1536     alr is BETTER
  [RF  ] raw vs pwlr : delta=+7.557  p=0.0000 *** pwlr is BETTER
  [ERT ] raw vs alr  : delta=-5.325  p=0.0017 **  alr is WORSE
  [ERT ] raw vs pwlr : delta=+3.749  p=0.0049 **  pwlr is BETTER
  [XGB ] raw vs alr  : delta=+0.401  p=0.5706     alr is BETTER
  [XGB ] raw vs pwlr : delta=+1.695  p=0.2455     pwlr is BETTER
  [GB  ] raw vs alr  : delta=+2.606  p=0.0136 *   alr is BETTER
  [GB  ] raw vs pwlr : delta=+4.473  p=0.0583     pwlr is BETTER

* = p<0.05, ** = p<0.01, *** = p<0.001

Ending Cell 20-----------------------------------------
Executing:  43%|####3     | 20/46 [3:19:29<1:56:14, 268.26s/cell]Executing Cell 21--------------------------------------
Ending Cell 21-----------------------------------------
Executing:  46%|####5     | 21/46 [3:19:29<1:20:15, 192.63s/cell]Executing Cell 22--------------------------------------
Ending Cell 22-----------------------------------------
Executing:  48%|####7     | 22/46 [3:19:33<55:20, 138.36s/cell]  Executing:  48%|####7     | 22/46 [3:19:34<3:37:43, 544.31s/cell]
Traceback (most recent call last):
  File "<frozen runpy>", line 198, in _run_module_as_main
  File "<frozen runpy>", line 88, in _run_code
  File "C:\Users\NQTa\Documents\MLCourse\Final Project\.venv\Lib\site-packages\papermill\__main__.py", line 4, in <module>
    papermill()
    ~~~~~~~~~^^
  File "C:\Users\NQTa\Documents\MLCourse\Final Project\.venv\Lib\site-packages\click\core.py", line 1485, in __call__
    return self.main(*args, **kwargs)
           ~~~~~~~~~^^^^^^^^^^^^^^^^^
  File "C:\Users\NQTa\Documents\MLCourse\Final Project\.venv\Lib\site-packages\click\core.py", line 1406, in main
    rv = self.invoke(ctx)
  File "C:\Users\NQTa\Documents\MLCourse\Final Project\.venv\Lib\site-packages\click\core.py", line 1269, in invoke
    return ctx.invoke(self.callback, **ctx.params)
           ~~~~~~~~~~^^^^^^^^^^^^^^^^^^^^^^^^^^^^^
  File "C:\Users\NQTa\Documents\MLCourse\Final Project\.venv\Lib\site-packages\click\core.py", line 824, in invoke
    return callback(*args, **kwargs)
  File "C:\Users\NQTa\Documents\MLCourse\Final Project\.venv\Lib\site-packages\click\decorators.py", line 34, in new_func
    return f(get_current_context(), *args, **kwargs)
  File "C:\Users\NQTa\Documents\MLCourse\Final Project\.venv\Lib\site-packages\papermill\cli.py", line 235, in papermill
    execute_notebook(
    ~~~~~~~~~~~~~~~~^
        input_path=input_path,
        ^^^^^^^^^^^^^^^^^^^^^^
    ...<15 lines>...
        execution_timeout=execution_timeout,
        ^^^^^^^^^^^^^^^^^^^^^^^^^^^^^^^^^^^^
    )
    ^
  File "C:\Users\NQTa\Documents\MLCourse\Final Project\.venv\Lib\site-packages\papermill\execute.py", line 131, in execute_notebook
    raise_for_execution_errors(nb, output_path)
    ~~~~~~~~~~~~~~~~~~~~~~~~~~^^^^^^^^^^^^^^^^^
  File "C:\Users\NQTa\Documents\MLCourse\Final Project\.venv\Lib\site-packages\papermill\execute.py", line 251, in raise_for_execution_errors
    raise error
papermill.exceptions.PapermillExecutionError: 
---------------------------------------------------------------------------
Exception encountered at "In [15]":
---------------------------------------------------------------------------
NameError                                 Traceback (most recent call last)
Cell In[15], line 66
     62             model_name = str(chosen['model_name'])
     63             feat_set = str(chosen['feature_set'])
     64             filename = f'model_{target}_{track}_{family_name}.joblib'
     65             min_row = subset.loc[subset['rmse_test_mean'].idxmin()]
---> 66             winning_model = seed42_models.get(
     67                 (track, target, model_name, feat_set)
     68             )
     69             if winning_model is None:

NameError: name 'seed42_models' is not defined

