best_params,model_name,target,rmse_train,rmse_test,mae_test,r2_test,overfit_ratio,split_seed,track,feature_set
"{'n_estimators': 600, 'max_depth': 7, 'min_samples_split': 4, 'min_samples_leaf': 2, 'max_features': 0.8327060098896433}",RF,T_C,23.105260563353063,88.37496574679696,59.621218686903426,0.5941091787833639,0.2614457654167802,42,opx_liq,raw
"{'n_estimators': 700, 'max_depth': 19, 'min_samples_split': 2, 'min_samples_leaf': 1, 'max_features': 0.6340065654844887}",RF,P_kbar,1.5562066395297857e-08,5.932569292890592,3.854815872042787,0.6211545901168091,2.623157965292872e-09,42,opx_liq,raw
"{'n_estimators': 800, 'max_depth': 28, 'min_samples_split': 4, 'min_samples_leaf': 2, 'max_features': 0.9762799285983367}",ERT,T_C,14.358616071578606,90.14581767489969,61.28169579662036,0.5776797771669604,0.1592821102733936,42,opx_liq,raw
"{'n_estimators': 800, 'max_depth': 38, 'min_samples_split': 3, 'min_samples_leaf': 1, 'max_features': 0.9667280361382236}",ERT,P_kbar,0.009930402751814662,6.003537936647204,3.708952279777257,0.6120364637218156,0.0016540917799814044,42,opx_liq,raw
"{'n_estimators': 800, 'max_depth': 4, 'learning_rate': 0.011006700027444857, 'subsample': 0.7610866841567874, 'colsample_bytree': 0.8940662480571784, 'reg_alpha': 0.0012475769766455479, 'reg_lambda': 0.04330019631637472, 'min_child_weight': 3}",XGB,T_C,15.349211340143809,86.99277665438247,59.849752141141344,0.6067062007271351,0.17644236602684132,42,opx_liq,raw
"{'n_estimators': 800, 'max_depth': 3, 'learning_rate': 0.01863482860663478, 'subsample': 0.656715645474182, 'colsample_bytree': 0.9409679707458907, 'reg_alpha': 0.0006782290125591015, 'reg_lambda': 2.520106803290839, 'min_child_weight': 3}",XGB,P_kbar,1.3284573718786117,4.8110978585162325,3.471437175829862,0.7508477738657007,0.2761235399789425,42,opx_liq,raw
"{'max_iter': 400, 'max_depth': 4, 'learning_rate': 0.01001391429235529, 'min_samples_leaf': 10, 'l2_regularization': 0.0004305608289370158, 'max_leaf_nodes': 81}",GB,T_C,35.66471626408528,88.76625391413523,60.40018600033953,0.5905069851121678,0.4017823743985437,42,opx_liq,raw
"{'max_iter': 400, 'max_depth': 3, 'learning_rate': 0.05466586286870985, 'min_samples_leaf': 22, 'l2_regularization': 0.0008290237734273495, 'max_leaf_nodes': 39}",GB,P_kbar,2.2182386968072576,4.740004653654516,3.498553361953828,0.758156774331683,0.467982387970233,42,opx_liq,raw
"{'n_estimators': 700, 'max_depth': 16, 'min_samples_split': 4, 'min_samples_leaf': 1, 'max_features': 0.9617027856430507}",RF,T_C,7.381965192783597,87.11548511017278,59.21261846490834,0.6055958898768599,0.08473769254051458,42,opx_liq,alr
"{'n_estimators': 400, 'max_depth': 17, 'min_samples_split': 2, 'min_samples_leaf': 1, 'max_features': 0.9913821292378133}",RF,P_kbar,2.006015420714412e-08,5.415638491954227,3.2785193184373873,0.6842991702431045,3.7041161881367447e-09,42,opx_liq,alr
"{'n_estimators': 200, 'max_depth': 39, 'min_samples_split': 3, 'min_samples_leaf': 2, 'max_features': 0.925937244061412}",ERT,T_C,15.854314463240458,91.87643389412347,63.58201605925205,0.5613087486454879,0.17256127378115968,42,opx_liq,alr
"{'n_estimators': 800, 'max_depth': 40, 'min_samples_split': 4, 'min_samples_leaf': 1, 'max_features': 0.9207149490479796}",ERT,P_kbar,0.3928399795110572,7.27208187529626,4.570263927760698,0.4307619654714444,0.0540202910593678,42,opx_liq,alr
"{'n_estimators': 300, 'max_depth': 9, 'learning_rate': 0.044370239327904265, 'subsample': 0.6186102537284777, 'colsample_bytree': 0.8347988374863223, 'reg_alpha': 0.4266519616462753, 'reg_lambda': 0.013001812345396529, 'min_child_weight': 8}",XGB,T_C,8.934916627566173,90.61115892183972,63.883963398549746,0.5733084095450354,0.09860724367595103,42,opx_liq,alr
"{'n_estimators': 600, 'max_depth': 4, 'learning_rate': 0.05520376279413778, 'subsample': 0.8965368530363559, 'colsample_bytree': 0.9369811632028784, 'reg_alpha': 0.13218554366329102, 'reg_lambda': 1.4140951144310965, 'min_child_weight': 2}",XGB,P_kbar,0.1338091604648548,4.854288542825131,3.552415286091214,0.7463542640310579,0.027565143539444333,42,opx_liq,alr
"{'max_iter': 600, 'max_depth': 10, 'learning_rate': 0.01303561122512888, 'min_samples_leaf': 18, 'l2_regularization': 0.00016832027985721928, 'max_leaf_nodes': 29}",GB,T_C,29.80749383003571,90.61941756648741,61.840089925011426,0.5732306254210442,0.32893053862507965,42,opx_liq,alr
"{'max_iter': 800, 'max_depth': 3, 'learning_rate': 0.029444696740863748, 'min_samples_leaf': 42, 'l2_regularization': 0.0001642303208889874, 'max_leaf_nodes': 47}",GB,P_kbar,3.522475684603284,5.330299127892324,3.3103909212638754,0.6941703738074332,0.6608401517601359,42,opx_liq,alr
"{'n_estimators': 800, 'max_depth': 20, 'min_samples_split': 3, 'min_samples_leaf': 3, 'max_features': 0.6718327665894177}",RF,T_C,20.529122798935592,83.8951644860151,57.52557686095452,0.6342161109104969,0.24469971451522324,42,opx_liq,pwlr
"{'n_estimators': 600, 'max_depth': 13, 'min_samples_split': 2, 'min_samples_leaf': 2, 'max_features': 0.6214287464725687}",RF,P_kbar,1.1281001056702544,5.566099267174491,3.84546550094298,0.6665134787681306,0.2026733716955267,42,opx_liq,pwlr
"{'n_estimators': 300, 'max_depth': 29, 'min_samples_split': 8, 'min_samples_leaf': 3, 'max_features': 0.94793431026209}",ERT,T_C,23.35702175212744,87.11400006719614,58.237682326387414,0.6056093364428918,0.26812018428852763,42,opx_liq,pwlr
"{'n_estimators': 200, 'max_depth': 19, 'min_samples_split': 6, 'min_samples_leaf': 1, 'max_features': 0.9765770522028188}",ERT,P_kbar,0.6177765457706809,7.019617849229978,4.793856151240658,0.46960022658397726,0.08800714783048315,42,opx_liq,pwlr
"{'n_estimators': 200, 'max_depth': 4, 'learning_rate': 0.055660389092322814, 'subsample': 0.8352306366245513, 'colsample_bytree': 0.6092767764644771, 'reg_alpha': 0.00020031093636758556, 'reg_lambda': 0.021918881030042102, 'min_child_weight': 9}",XGB,T_C,14.243530429204984,88.37073198221131,63.227147946412536,0.5941480677381111,0.16117927406182572,42,opx_liq,pwlr
"{'n_estimators': 800, 'max_depth': 3, 'learning_rate': 0.015441107302807584, 'subsample': 0.7540912918616595, 'colsample_bytree': 0.8998866913681112, 'reg_alpha': 0.9635564343883989, 'reg_lambda': 7.971774745976854, 'min_child_weight': 2}",XGB,P_kbar,1.554440617659102,5.044844837502131,3.72795385509489,0.7260495505264146,0.30812456432827706,42,opx_liq,pwlr
"{'max_iter': 400, 'max_depth': 9, 'learning_rate': 0.01126423210556121, 'min_samples_leaf': 20, 'l2_regularization': 0.006953511542018146, 'max_leaf_nodes': 22}",GB,T_C,30.940277450980428,91.07160447990219,63.681619066462574,0.5689608781393708,0.33973572363939597,42,opx_liq,pwlr
"{'max_iter': 800, 'max_depth': 3, 'learning_rate': 0.030143189993220822, 'min_samples_leaf': 14, 'l2_regularization': 0.1305105585202014, 'max_leaf_nodes': 29}",GB,P_kbar,2.639722094967323,5.193004974840465,3.7953784585478005,0.7097221699157958,0.50832265860643,42,opx_liq,pwlr
"{'n_estimators': 600, 'max_depth': 7, 'min_samples_split': 4, 'min_samples_leaf': 2, 'max_features': 0.8327060098896433}",RF,T_C,31.484621460029263,88.58633148553297,63.482468017240045,0.7984982617609114,0.3554117314946157,43,opx_liq,raw
"{'n_estimators': 700, 'max_depth': 19, 'min_samples_split': 2, 'min_samples_leaf': 1, 'max_features': 0.6340065654844887}",RF,P_kbar,1.6327710279314676e-08,5.299591335363487,3.2345561264199887,0.7340161622026931,3.0809376131253706e-09,43,opx_liq,raw
"{'n_estimators': 800, 'max_depth': 28, 'min_samples_split': 4, 'min_samples_leaf': 2, 'max_features': 0.9762799285983367}",ERT,T_C,17.062056051698516,88.17101612564676,62.47593587777963,0.8003832160887356,0.19351093819066906,43,opx_liq,raw
"{'n_estimators': 800, 'max_depth': 38, 'min_samples_split': 3, 'min_samples_leaf': 1, 'max_features': 0.9667280361382236}",ERT,P_kbar,0.11310023599875274,5.701225115152295,3.569755637368679,0.6921728903284112,0.019837882861029867,43,opx_liq,raw
"{'n_estimators': 800, 'max_depth': 4, 'learning_rate': 0.011006700027444857, 'subsample': 0.7610866841567874, 'colsample_bytree': 0.8940662480571784, 'reg_alpha': 0.0012475769766455479, 'reg_lambda': 0.04330019631637472, 'min_child_weight': 3}",XGB,T_C,17.744016552502572,83.17101953897709,62.27680211375719,0.8223810030989295,0.21334374221764893,43,opx_liq,raw
"{'n_estimators': 800, 'max_depth': 3, 'learning_rate': 0.01863482860663478, 'subsample': 0.656715645474182, 'colsample_bytree': 0.9409679707458907, 'reg_alpha': 0.0006782290125591015, 'reg_lambda': 2.520106803290839, 'min_child_weight': 3}",XGB,P_kbar,1.4307833164867687,4.253343971050983,2.9738916661181167,0.8286707566117061,0.3363902205476291,43,opx_liq,raw
"{'max_iter': 400, 'max_depth': 4, 'learning_rate': 0.01001391429235529, 'min_samples_leaf': 10, 'l2_regularization': 0.0004305608289370158, 'max_leaf_nodes': 81}",GB,T_C,38.40981620608697,79.49097948165749,57.39345251995653,0.837751362188,0.48319716849067157,43,opx_liq,raw
"{'max_iter': 400, 'max_depth': 3, 'learning_rate': 0.05466586286870985, 'min_samples_leaf': 22, 'l2_regularization': 0.0008290237734273495, 'max_leaf_nodes': 39}",GB,P_kbar,2.748104761255642,4.499459123367833,3.105333952000759,0.8082695433301967,0.6107633575296697,43,opx_liq,raw
"{'n_estimators': 700, 'max_depth': 16, 'min_samples_split': 4, 'min_samples_leaf': 1, 'max_features': 0.9617027856430507}",RF,T_C,7.404049246562565,87.96447472313751,64.33480057905058,0.8013173289643143,0.08417090274075222,43,opx_liq,alr
"{'n_estimators': 400, 'max_depth': 17, 'min_samples_split': 2, 'min_samples_leaf': 1, 'max_features': 0.9913821292378133}",RF,P_kbar,1.3797666605753599e-08,6.30166711882654,3.9818537029344885,0.6239189925503851,2.1895264134997535e-09,43,opx_liq,alr
"{'n_estimators': 200, 'max_depth': 39, 'min_samples_split': 3, 'min_samples_leaf': 2, 'max_features': 0.925937244061412}",ERT,T_C,17.229089227887407,85.63371455270234,61.05741526066527,0.8117066733257903,0.201195163819315,43,opx_liq,alr
"{'n_estimators': 800, 'max_depth': 40, 'min_samples_split': 4, 'min_samples_leaf': 1, 'max_features': 0.9207149490479796}",ERT,P_kbar,0.35277114732599096,6.969859784024354,4.066994624947727,0.5399356644127222,0.05061380834871015,43,opx_liq,alr
"{'n_estimators': 300, 'max_depth': 9, 'learning_rate': 0.044370239327904265, 'subsample': 0.6186102537284777, 'colsample_bytree': 0.8347988374863223, 'reg_alpha': 0.4266519616462753, 'reg_lambda': 0.013001812345396529, 'min_child_weight': 8}",XGB,T_C,9.185699057974519,79.23995743961424,59.017288563952505,0.8387744638743201,0.11592256425648122,43,opx_liq,alr
"{'n_estimators': 600, 'max_depth': 4, 'learning_rate': 0.05520376279413778, 'subsample': 0.8965368530363559, 'colsample_bytree': 0.9369811632028784, 'reg_alpha': 0.13218554366329102, 'reg_lambda': 1.4140951144310965, 'min_child_weight': 2}",XGB,P_kbar,0.17807297721615825,4.683486710412079,3.375053148807888,0.7922652891728329,0.03802145457577063,43,opx_liq,alr
"{'max_iter': 600, 'max_depth': 10, 'learning_rate': 0.01303561122512888, 'min_samples_leaf': 18, 'l2_regularization': 0.00016832027985721928, 'max_leaf_nodes': 29}",GB,T_C,40.11480853519346,88.80982646199935,65.81904010892328,0.7974802393515583,0.45169335571619545,43,opx_liq,alr
"{'max_iter': 800, 'max_depth': 3, 'learning_rate': 0.029444696740863748, 'min_samples_leaf': 42, 'l2_regularization': 0.0001642303208889874, 'max_leaf_nodes': 47}",GB,P_kbar,3.012221751291819,5.938052151620162,3.539512443824559,0.6660676449536183,0.5072743846599516,43,opx_liq,alr
"{'n_estimators': 800, 'max_depth': 20, 'min_samples_split': 3, 'min_samples_leaf': 3, 'max_features': 0.6718327665894177}",RF,T_C,22.885238155229086,89.96917237450081,65.79126968633219,0.7921582390033065,0.25436755225410135,43,opx_liq,pwlr
"{'n_estimators': 600, 'max_depth': 13, 'min_samples_split': 2, 'min_samples_leaf': 2, 'max_features': 0.6214287464725687}",RF,P_kbar,0.9563746832167008,6.266629461995142,3.737026929909057,0.6280894333478163,0.15261388742014667,43,opx_liq,pwlr
"{'n_estimators': 300, 'max_depth': 29, 'min_samples_split': 8, 'min_samples_leaf': 3, 'max_features': 0.94793431026209}",ERT,T_C,26.332272346472994,87.88645343721953,63.88395965550653,0.8016696212484338,0.29961696389629705,43,opx_liq,pwlr
"{'n_estimators': 200, 'max_depth': 19, 'min_samples_split': 6, 'min_samples_leaf': 1, 'max_features': 0.9765770522028188}",ERT,P_kbar,0.5245054968043967,6.7482284487346975,4.019154230551437,0.5687292162132747,0.07772491710809556,43,opx_liq,pwlr
"{'n_estimators': 200, 'max_depth': 4, 'learning_rate': 0.055660389092322814, 'subsample': 0.8352306366245513, 'colsample_bytree': 0.6092767764644771, 'reg_alpha': 0.00020031093636758556, 'reg_lambda': 0.021918881030042102, 'min_child_weight': 9}",XGB,T_C,15.752823974355797,86.2479479310915,63.66295065007602,0.8089958056369564,0.1826457829111673,43,opx_liq,pwlr
"{'n_estimators': 800, 'max_depth': 3, 'learning_rate': 0.015441107302807584, 'subsample': 0.7540912918616595, 'colsample_bytree': 0.8998866913681112, 'reg_alpha': 0.9635564343883989, 'reg_lambda': 7.971774745976854, 'min_child_weight': 2}",XGB,P_kbar,1.6605911379727314,5.558043167567887,3.3950600168572653,0.7074404251174395,0.2987726233690589,43,opx_liq,pwlr
"{'max_iter': 400, 'max_depth': 9, 'learning_rate': 0.01126423210556121, 'min_samples_leaf': 20, 'l2_regularization': 0.006953511542018146, 'max_leaf_nodes': 22}",GB,T_C,34.785624162287554,88.29116533197453,64.78928130768747,0.7998388163443158,0.393987598096522,43,opx_liq,pwlr
"{'max_iter': 800, 'max_depth': 3, 'learning_rate': 0.030143189993220822, 'min_samples_leaf': 14, 'l2_regularization': 0.1305105585202014, 'max_leaf_nodes': 29}",GB,P_kbar,2.117810338980785,5.389279873089597,3.413848791635433,0.724937135928982,0.39296722175363197,43,opx_liq,pwlr
"{'n_estimators': 600, 'max_depth': 7, 'min_samples_split': 4, 'min_samples_leaf': 2, 'max_features': 0.8327060098896433}",RF,T_C,31.877160895718674,69.44178615983827,56.74786216407264,0.9006300601854957,0.45904868896006107,44,opx_liq,raw
"{'n_estimators': 700, 'max_depth': 19, 'min_samples_split': 2, 'min_samples_leaf': 1, 'max_features': 0.6340065654844887}",RF,P_kbar,2.3350140161322903e-08,4.630592354219216,3.6625559543817707,0.7035632824042246,5.042581677492549e-09,44,opx_liq,raw
"{'n_estimators': 800, 'max_depth': 28, 'min_samples_split': 4, 'min_samples_leaf': 2, 'max_features': 0.9762799285983367}",ERT,T_C,15.553380910281499,68.33642548580485,52.98232177875037,0.9037683844404106,0.22760015320836932,44,opx_liq,raw
"{'n_estimators': 800, 'max_depth': 38, 'min_samples_split': 3, 'min_samples_leaf': 1, 'max_features': 0.9667280361382236}",ERT,P_kbar,0.01376206916822071,4.510565776807207,3.5103299194648705,0.7187316043895579,0.003051073822930071,44,opx_liq,raw
"{'n_estimators': 800, 'max_depth': 4, 'learning_rate': 0.011006700027444857, 'subsample': 0.7610866841567874, 'colsample_bytree': 0.8940662480571784, 'reg_alpha': 0.0012475769766455479, 'reg_lambda': 0.04330019631637472, 'min_child_weight': 3}",XGB,T_C,18.232235524672188,75.14103063152783,59.280554898679725,0.8836496870774523,0.24264021096647387,44,opx_liq,raw
"{'n_estimators': 800, 'max_depth': 3, 'learning_rate': 0.01863482860663478, 'subsample': 0.656715645474182, 'colsample_bytree': 0.9409679707458907, 'reg_alpha': 0.0006782290125591015, 'reg_lambda': 2.520106803290839, 'min_child_weight': 3}",XGB,P_kbar,1.3902614642980686,3.857751869835245,3.1395595936242118,0.7942558593332997,0.3603812560286422,44,opx_liq,raw
"{'max_iter': 400, 'max_depth': 4, 'learning_rate': 0.01001391429235529, 'min_samples_leaf': 10, 'l2_regularization': 0.0004305608289370158, 'max_leaf_nodes': 81}",GB,T_C,37.762094510212684,75.27475058253025,61.77811106961036,0.8832352077514972,0.5016568533005077,44,opx_liq,raw
"{'max_iter': 400, 'max_depth': 3, 'learning_rate': 0.05466586286870985, 'min_samples_leaf': 22, 'l2_regularization': 0.0008290237734273495, 'max_leaf_nodes': 39}",GB,P_kbar,2.5272708208638583,3.9348480383326714,3.172231526112726,0.7859502008569567,0.6422791417212516,44,opx_liq,raw
"{'n_estimators': 700, 'max_depth': 16, 'min_samples_split': 4, 'min_samples_leaf': 1, 'max_features': 0.9617027856430507}",RF,T_C,8.554763574159285,72.08709176381538,56.4623280861004,0.892915091350654,0.11867261342970988,44,opx_liq,alr
"{'n_estimators': 400, 'max_depth': 17, 'min_samples_split': 2, 'min_samples_leaf': 1, 'max_features': 0.9913821292378133}",RF,P_kbar,2.2196933853507103e-08,5.236950313640293,4.139668118086449,0.6208458603682172,4.2385229043881535e-09,44,opx_liq,alr
"{'n_estimators': 200, 'max_depth': 39, 'min_samples_split': 3, 'min_samples_leaf': 2, 'max_features': 0.925937244061412}",ERT,T_C,15.294852500478717,73.31754978066498,55.46220382508649,0.8892282170521493,0.20861106987664524,44,opx_liq,alr
"{'n_estimators': 800, 'max_depth': 40, 'min_samples_split': 4, 'min_samples_leaf': 1, 'max_features': 0.9207149490479796}",ERT,P_kbar,0.2555233726803936,4.715098160052794,3.731163151934429,0.692644936788021,0.0541925881512364,44,opx_liq,alr
"{'n_estimators': 300, 'max_depth': 9, 'learning_rate': 0.044370239327904265, 'subsample': 0.6186102537284777, 'colsample_bytree': 0.8347988374863223, 'reg_alpha': 0.4266519616462753, 'reg_lambda': 0.013001812345396529, 'min_child_weight': 8}",XGB,T_C,9.843708151062476,68.48808424255684,54.16554660288094,0.9033407775914252,0.1437287706311083,44,opx_liq,alr
"{'n_estimators': 600, 'max_depth': 4, 'learning_rate': 0.05520376279413778, 'subsample': 0.8965368530363559, 'colsample_bytree': 0.9369811632028784, 'reg_alpha': 0.13218554366329102, 'reg_lambda': 1.4140951144310965, 'min_child_weight': 2}",XGB,P_kbar,0.17332267561242815,4.302722712151863,3.487846460765924,0.744055611033768,0.04028209280670717,44,opx_liq,alr
"{'max_iter': 600, 'max_depth': 10, 'learning_rate': 0.01303561122512888, 'min_samples_leaf': 18, 'l2_regularization': 0.00016832027985721928, 'max_leaf_nodes': 29}",GB,T_C,31.321198524692,69.7293658028647,52.8882575317138,0.8998053134163668,0.4491823231727317,44,opx_liq,alr
"{'max_iter': 800, 'max_depth': 3, 'learning_rate': 0.029444696740863748, 'min_samples_leaf': 42, 'l2_regularization': 0.0001642303208889874, 'max_leaf_nodes': 47}",GB,P_kbar,3.835562688898576,4.3902927075541145,3.5394945498269017,0.7335315181625456,0.8736462337235401,44,opx_liq,alr
"{'n_estimators': 800, 'max_depth': 20, 'min_samples_split': 3, 'min_samples_leaf': 3, 'max_features': 0.6718327665894177}",RF,T_C,22.022031839158288,72.1013404206197,58.27916523669076,0.8928727545918664,0.3054316564808326,44,opx_liq,pwlr
"{'n_estimators': 600, 'max_depth': 13, 'min_samples_split': 2, 'min_samples_leaf': 2, 'max_features': 0.6214287464725687}",RF,P_kbar,0.8448415800026405,4.763618146536091,3.7791752500381186,0.6862868113541152,0.17735291830999825,44,opx_liq,pwlr
"{'n_estimators': 300, 'max_depth': 29, 'min_samples_split': 8, 'min_samples_leaf': 3, 'max_features': 0.94793431026209}",ERT,T_C,25.22514841398382,78.33162658907176,62.29944743465153,0.8735591081504487,0.3220301877084095,44,opx_liq,pwlr
"{'n_estimators': 200, 'max_depth': 19, 'min_samples_split': 6, 'min_samples_leaf': 1, 'max_features': 0.9765770522028188}",ERT,P_kbar,0.5051828115476776,4.534019905911671,3.6058388943755157,0.7157989094904522,0.11142051028249705,44,opx_liq,pwlr
"{'n_estimators': 200, 'max_depth': 4, 'learning_rate': 0.055660389092322814, 'subsample': 0.8352306366245513, 'colsample_bytree': 0.6092767764644771, 'reg_alpha': 0.00020031093636758556, 'reg_lambda': 0.021918881030042102, 'min_child_weight': 9}",XGB,T_C,17.32235438404451,79.81365584487618,65.3509776356456,0.8687293400514369,0.21703496977649792,44,opx_liq,pwlr
"{'n_estimators': 800, 'max_depth': 3, 'learning_rate': 0.015441107302807584, 'subsample': 0.7540912918616595, 'colsample_bytree': 0.8998866913681112, 'reg_alpha': 0.9635564343883989, 'reg_lambda': 7.971774745976854, 'min_child_weight': 2}",XGB,P_kbar,1.6460778328517327,3.9239126230994734,3.1685253149492003,0.7871382878355034,0.41949910483773883,44,opx_liq,pwlr
"{'max_iter': 400, 'max_depth': 9, 'learning_rate': 0.01126423210556121, 'min_samples_leaf': 20, 'l2_regularization': 0.006953511542018146, 'max_leaf_nodes': 22}",GB,T_C,33.35379110780043,78.77454693585112,64.36645292524547,0.872125164309496,0.42340822518422855,44,opx_liq,pwlr
"{'max_iter': 800, 'max_depth': 3, 'learning_rate': 0.030143189993220822, 'min_samples_leaf': 14, 'l2_regularization': 0.1305105585202014, 'max_leaf_nodes': 29}",GB,P_kbar,2.0019157690227907,4.306855177094627,3.5613626427663534,0.7435637414897629,0.46482077680941863,44,opx_liq,pwlr
"{'n_estimators': 600, 'max_depth': 7, 'min_samples_split': 4, 'min_samples_leaf': 2, 'max_features': 0.8327060098896433}",RF,T_C,28.73340970551516,79.40790729585501,51.55456755913778,0.8271732069053194,0.3618456987974925,45,opx_liq,raw
"{'n_estimators': 700, 'max_depth': 19, 'min_samples_split': 2, 'min_samples_leaf': 1, 'max_features': 0.6340065654844887}",RF,P_kbar,2.7158667007493504e-08,5.684604274659793,3.29272783769527,0.6888380077135636,4.7775826944644924e-09,45,opx_liq,raw
"{'n_estimators': 800, 'max_depth': 28, 'min_samples_split': 4, 'min_samples_leaf': 2, 'max_features': 0.9762799285983367}",ERT,T_C,14.950714503868442,80.00928136856514,49.87967437276725,0.8245455817188743,0.18686225208044963,45,opx_liq,raw
"{'n_estimators': 800, 'max_depth': 38, 'min_samples_split': 3, 'min_samples_leaf': 1, 'max_features': 0.9667280361382236}",ERT,P_kbar,0.1598795751653447,6.271867810906928,3.7177511900625446,0.621226260500415,0.02549154095488274,45,opx_liq,raw
"{'n_estimators': 800, 'max_depth': 4, 'learning_rate': 0.011006700027444857, 'subsample': 0.7610866841567874, 'colsample_bytree': 0.8940662480571784, 'reg_alpha': 0.0012475769766455479, 'reg_lambda': 0.04330019631637472, 'min_child_weight': 3}",XGB,T_C,17.75885510318941,88.80817407053691,62.088648924334755,0.7838329720541966,0.19996869983031335,45,opx_liq,raw
"{'n_estimators': 800, 'max_depth': 3, 'learning_rate': 0.01863482860663478, 'subsample': 0.656715645474182, 'colsample_bytree': 0.9409679707458907, 'reg_alpha': 0.0006782290125591015, 'reg_lambda': 2.520106803290839, 'min_child_weight': 3}",XGB,P_kbar,1.323870417782131,5.478601195099272,4.0350775812712,0.7109816317925872,0.24164387416378508,45,opx_liq,raw
"{'max_iter': 400, 'max_depth': 4, 'learning_rate': 0.01001391429235529, 'min_samples_leaf': 10, 'l2_regularization': 0.0004305608289370158, 'max_leaf_nodes': 81}",GB,T_C,37.97854753638732,78.19690815708422,51.6631254147822,0.8324043534540801,0.4856783782306956,45,opx_liq,raw
"{'max_iter': 400, 'max_depth': 3, 'learning_rate': 0.05466586286870985, 'min_samples_leaf': 22, 'l2_regularization': 0.0008290237734273495, 'max_leaf_nodes': 39}",GB,P_kbar,2.322558008122609,5.510579487926223,3.986733313297383,0.707597816428327,0.4214725535148118,45,opx_liq,raw
"{'n_estimators': 700, 'max_depth': 16, 'min_samples_split': 4, 'min_samples_leaf': 1, 'max_features': 0.9617027856430507}",RF,T_C,8.872254908623043,76.6081327771614,51.99925380332068,0.8391454596612047,0.11581348594451138,45,opx_liq,alr
"{'n_estimators': 400, 'max_depth': 17, 'min_samples_split': 2, 'min_samples_leaf': 1, 'max_features': 0.9913821292378133}",RF,P_kbar,3.03342544357108e-08,6.941014305005912,4.101911240066208,0.5360919082481466,4.3702913007733616e-09,45,opx_liq,alr
"{'n_estimators': 200, 'max_depth': 39, 'min_samples_split': 3, 'min_samples_leaf': 2, 'max_features': 0.925937244061412}",ERT,T_C,15.737190530272086,82.2947202725122,54.72601987457419,0.8143788254257496,0.19122964970486167,45,opx_liq,alr
"{'n_estimators': 800, 'max_depth': 40, 'min_samples_split': 4, 'min_samples_leaf': 1, 'max_features': 0.9207149490479796}",ERT,P_kbar,0.3534573748734497,8.402255009536447,6.043525100996551,0.3202052824992989,0.042066965888595424,45,opx_liq,alr
"{'n_estimators': 300, 'max_depth': 9, 'learning_rate': 0.044370239327904265, 'subsample': 0.6186102537284777, 'colsample_bytree': 0.8347988374863223, 'reg_alpha': 0.4266519616462753, 'reg_lambda': 0.013001812345396529, 'min_child_weight': 8}",XGB,T_C,9.378230708999947,80.9876773454667,57.6317976995246,0.8202282452133138,0.11579824260171719,45,opx_liq,alr
"{'n_estimators': 600, 'max_depth': 4, 'learning_rate': 0.05520376279413778, 'subsample': 0.8965368530363559, 'colsample_bytree': 0.9369811632028784, 'reg_alpha': 0.13218554366329102, 'reg_lambda': 1.4140951144310965, 'min_child_weight': 2}",XGB,P_kbar,0.15409974970911922,5.673161521021268,4.383211563196039,0.6900894462535413,0.027162940652777072,45,opx_liq,alr
"{'max_iter': 600, 'max_depth': 10, 'learning_rate': 0.01303561122512888, 'min_samples_leaf': 18, 'l2_regularization': 0.00016832027985721928, 'max_leaf_nodes': 29}",GB,T_C,31.46731602829604,78.17202479804398,56.78998101877121,0.8325109990802034,0.4025393497173866,45,opx_liq,alr
"{'max_iter': 800, 'max_depth': 3, 'learning_rate': 0.029444696740863748, 'min_samples_leaf': 42, 'l2_regularization': 0.0001642303208889874, 'max_leaf_nodes': 47}",GB,P_kbar,2.9182537737008083,6.493156850509414,4.556331588437284,0.5940263402301627,0.4494352810023155,45,opx_liq,alr
"{'n_estimators': 800, 'max_depth': 20, 'min_samples_split': 3, 'min_samples_leaf': 3, 'max_features': 0.6718327665894177}",RF,T_C,21.66014887690533,80.85819644831876,53.579962875801066,0.8208026140933722,0.2678782093630991,45,opx_liq,pwlr
"{'n_estimators': 600, 'max_depth': 13, 'min_samples_split': 2, 'min_samples_leaf': 2, 'max_features': 0.6214287464725687}",RF,P_kbar,0.870021712023781,6.788906637729876,4.696003139006595,0.5562015906398833,0.12815343595809195,45,opx_liq,pwlr
"{'n_estimators': 300, 'max_depth': 29, 'min_samples_split': 8, 'min_samples_leaf': 3, 'max_features': 0.94793431026209}",ERT,T_C,24.55547055888059,83.52516130372942,56.05161346103644,0.8087866475702443,0.29398890317119547,45,opx_liq,pwlr
"{'n_estimators': 200, 'max_depth': 19, 'min_samples_split': 6, 'min_samples_leaf': 1, 'max_features': 0.9765770522028188}",ERT,P_kbar,0.5156287096074426,8.039520383206057,5.919890277383638,0.377633296148139,0.06413675008331983,45,opx_liq,pwlr
"{'n_estimators': 200, 'max_depth': 4, 'learning_rate': 0.055660389092322814, 'subsample': 0.8352306366245513, 'colsample_bytree': 0.6092767764644771, 'reg_alpha': 0.00020031093636758556, 'reg_lambda': 0.021918881030042102, 'min_child_weight': 9}",XGB,T_C,16.148877755760225,86.92039810854283,62.854279970808186,0.7929253274288607,0.1857892750973613,45,opx_liq,pwlr
"{'n_estimators': 800, 'max_depth': 3, 'learning_rate': 0.015441107302807584, 'subsample': 0.7540912918616595, 'colsample_bytree': 0.8998866913681112, 'reg_alpha': 0.9635564343883989, 'reg_lambda': 7.971774745976854, 'min_child_weight': 2}",XGB,P_kbar,1.5555571172009142,6.53738309149281,5.163352613124039,0.588477164110198,0.2379479824618482,45,opx_liq,pwlr
"{'max_iter': 400, 'max_depth': 9, 'learning_rate': 0.01126423210556121, 'min_samples_leaf': 20, 'l2_regularization': 0.006953511542018146, 'max_leaf_nodes': 22}",GB,T_C,36.11889856116681,80.59258000912793,51.78268568360118,0.8219779950716689,0.4481665502838596,45,opx_liq,pwlr
"{'max_iter': 800, 'max_depth': 3, 'learning_rate': 0.030143189993220822, 'min_samples_leaf': 14, 'l2_regularization': 0.1305105585202014, 'max_leaf_nodes': 29}",GB,P_kbar,1.720356612275884,6.077743957019948,4.827541102096554,0.6443106438895607,0.28305842175020035,45,opx_liq,pwlr
"{'n_estimators': 600, 'max_depth': 7, 'min_samples_split': 4, 'min_samples_leaf': 2, 'max_features': 0.8327060098896433}",RF,T_C,30.496461427517904,73.81079839237401,56.97008620746733,0.8514290777440673,0.4131707296458229,46,opx_liq,raw
"{'n_estimators': 700, 'max_depth': 19, 'min_samples_split': 2, 'min_samples_leaf': 1, 'max_features': 0.6340065654844887}",RF,P_kbar,2.4978791118725535e-08,6.063687527726628,3.893780328056112,0.6748400682868692,4.119406055227665e-09,46,opx_liq,raw
"{'n_estimators': 800, 'max_depth': 28, 'min_samples_split': 4, 'min_samples_leaf': 2, 'max_features': 0.9762799285983367}",ERT,T_C,15.568932295846837,70.19119000133422,49.22967206404707,0.8656433322920376,0.22180749885492604,46,opx_liq,raw
"{'n_estimators': 800, 'max_depth': 38, 'min_samples_split': 3, 'min_samples_leaf': 1, 'max_features': 0.9667280361382236}",ERT,P_kbar,0.01609699224901687,6.015875469037442,3.979985061385405,0.6799476116696026,0.0026757522378687863,46,opx_liq,raw
"{'n_estimators': 800, 'max_depth': 4, 'learning_rate': 0.011006700027444857, 'subsample': 0.7610866841567874, 'colsample_bytree': 0.8940662480571784, 'reg_alpha': 0.0012475769766455479, 'reg_lambda': 0.04330019631637472, 'min_child_weight': 3}",XGB,T_C,18.449455538249637,78.57344638630694,59.89603711514722,0.8316374021249893,0.234805222206275,46,opx_liq,raw
"{'n_estimators': 800, 'max_depth': 3, 'learning_rate': 0.01863482860663478, 'subsample': 0.656715645474182, 'colsample_bytree': 0.9409679707458907, 'reg_alpha': 0.0006782290125591015, 'reg_lambda': 2.520106803290839, 'min_child_weight': 3}",XGB,P_kbar,1.3717748384160124,5.355804898213036,3.998126270875525,0.7463277894953281,0.2561286052211694,46,opx_liq,raw
"{'max_iter': 400, 'max_depth': 4, 'learning_rate': 0.01001391429235529, 'min_samples_leaf': 10, 'l2_regularization': 0.0004305608289370158, 'max_leaf_nodes': 81}",GB,T_C,43.06240894159412,83.85457994371392,65.05944369878183,0.80824460625036,0.5135367557800551,46,opx_liq,raw
"{'max_iter': 400, 'max_depth': 3, 'learning_rate': 0.05466586286870985, 'min_samples_leaf': 22, 'l2_regularization': 0.0008290237734273495, 'max_leaf_nodes': 39}",GB,P_kbar,2.734300964219966,5.954566707069013,4.194619310372308,0.6864377826257335,0.45919394285631526,46,opx_liq,raw
"{'n_estimators': 700, 'max_depth': 16, 'min_samples_split': 4, 'min_samples_leaf': 1, 'max_features': 0.9617027856430507}",RF,T_C,8.412177481520244,81.51252401648537,60.965397819772825,0.8188064659853909,0.1032010428215784,46,opx_liq,alr
"{'n_estimators': 400, 'max_depth': 17, 'min_samples_split': 2, 'min_samples_leaf': 1, 'max_features': 0.9913821292378133}",RF,P_kbar,2.643036055451477e-08,7.0964155315142685,4.332713872874666,0.5546499836106273,3.7244663079749117e-09,46,opx_liq,alr
"{'n_estimators': 200, 'max_depth': 39, 'min_samples_split': 3, 'min_samples_leaf': 2, 'max_features': 0.925937244061412}",ERT,T_C,15.44976007772951,73.99102932344637,54.681545222454304,0.8507026320663641,0.2088058541555357,46,opx_liq,alr
"{'n_estimators': 800, 'max_depth': 40, 'min_samples_split': 4, 'min_samples_leaf': 1, 'max_features': 0.9207149490479796}",ERT,P_kbar,0.11790687121592096,6.164684181440524,3.649579284669064,0.6639181477246825,0.019126181933357245,46,opx_liq,alr
"{'n_estimators': 300, 'max_depth': 9, 'learning_rate': 0.044370239327904265, 'subsample': 0.6186102537284777, 'colsample_bytree': 0.8347988374863223, 'reg_alpha': 0.4266519616462753, 'reg_lambda': 0.013001812345396529, 'min_child_weight': 8}",XGB,T_C,8.947820980972711,76.57922429936022,56.12647590243416,0.8400751547903808,0.11684397514911189,46,opx_liq,alr
"{'n_estimators': 600, 'max_depth': 4, 'learning_rate': 0.05520376279413778, 'subsample': 0.8965368530363559, 'colsample_bytree': 0.9369811632028784, 'reg_alpha': 0.13218554366329102, 'reg_lambda': 1.4140951144310965, 'min_child_weight': 2}",XGB,P_kbar,0.1393771994843521,6.144308385134204,4.505170324622602,0.6661361423885783,0.022683952488707613,46,opx_liq,alr
"{'max_iter': 600, 'max_depth': 10, 'learning_rate': 0.01303561122512888, 'min_samples_leaf': 18, 'l2_regularization': 0.00016832027985721928, 'max_leaf_nodes': 29}",GB,T_C,41.94259018246977,77.86312686623725,59.686475023821195,0.8346677051331176,0.5386707658751472,46,opx_liq,alr
"{'max_iter': 800, 'max_depth': 3, 'learning_rate': 0.029444696740863748, 'min_samples_leaf': 42, 'l2_regularization': 0.0001642303208889874, 'max_leaf_nodes': 47}",GB,P_kbar,3.338735269550631,6.436995819655713,4.528228210663074,0.633570988225337,0.5186791110467438,46,opx_liq,alr
"{'n_estimators': 800, 'max_depth': 20, 'min_samples_split': 3, 'min_samples_leaf': 3, 'max_features': 0.6718327665894177}",RF,T_C,21.7554248150122,72.90958464683573,57.101927613106604,0.8550349660692923,0.2983890927426424,46,opx_liq,pwlr
"{'n_estimators': 600, 'max_depth': 13, 'min_samples_split': 2, 'min_samples_leaf': 2, 'max_features': 0.6214287464725687}",RF,P_kbar,0.7708286868038718,6.9680436178470755,4.290621870164889,0.5706167307849098,0.1106234014996071,46,opx_liq,pwlr
"{'n_estimators': 300, 'max_depth': 29, 'min_samples_split': 8, 'min_samples_leaf': 3, 'max_features': 0.94793431026209}",ERT,T_C,24.870940058334792,75.94035383664027,57.981451652153744,0.8427324048055505,0.3275062440693406,46,opx_liq,pwlr
"{'n_estimators': 200, 'max_depth': 19, 'min_samples_split': 6, 'min_samples_leaf': 1, 'max_features': 0.9765770522028188}",ERT,P_kbar,0.24333645406074175,6.314517899849948,4.072824089008149,0.6473825548030422,0.038536030449216746,46,opx_liq,pwlr
"{'n_estimators': 200, 'max_depth': 4, 'learning_rate': 0.055660389092322814, 'subsample': 0.8352306366245513, 'colsample_bytree': 0.6092767764644771, 'reg_alpha': 0.00020031093636758556, 'reg_lambda': 0.021918881030042102, 'min_child_weight': 9}",XGB,T_C,16.78755581031346,78.23121102579944,60.63097490481523,0.8331008519969199,0.21458898041060856,46,opx_liq,pwlr
"{'n_estimators': 800, 'max_depth': 3, 'learning_rate': 0.015441107302807584, 'subsample': 0.7540912918616595, 'colsample_bytree': 0.8998866913681112, 'reg_alpha': 0.9635564343883989, 'reg_lambda': 7.971774745976854, 'min_child_weight': 2}",XGB,P_kbar,1.5567090497341922,6.11630948609019,4.366743711229265,0.6691719672181806,0.25451770438930293,46,opx_liq,pwlr
"{'max_iter': 400, 'max_depth': 9, 'learning_rate': 0.01126423210556121, 'min_samples_leaf': 20, 'l2_regularization': 0.006953511542018146, 'max_leaf_nodes': 22}",GB,T_C,37.782098858245924,84.20068849909916,62.48297455175877,0.8066584042989627,0.4487148446375251,46,opx_liq,pwlr
"{'max_iter': 800, 'max_depth': 3, 'learning_rate': 0.030143189993220822, 'min_samples_leaf': 14, 'l2_regularization': 0.1305105585202014, 'max_leaf_nodes': 29}",GB,P_kbar,2.6023650323273206,6.742887059090534,4.576988953934977,0.597917503197025,0.38594225433731677,46,opx_liq,pwlr
"{'n_estimators': 600, 'max_depth': 7, 'min_samples_split': 4, 'min_samples_leaf': 2, 'max_features': 0.8327060098896433}",RF,T_C,30.56454782086235,77.30984229406079,58.6346805711206,0.8152447518275074,0.3953513150965311,47,opx_liq,raw
"{'n_estimators': 700, 'max_depth': 19, 'min_samples_split': 2, 'min_samples_leaf': 1, 'max_features': 0.6340065654844887}",RF,P_kbar,2.3801560533313307e-08,5.148419718766587,3.1519701842709247,0.6995224309896406,4.623080835184019e-09,47,opx_liq,raw
"{'n_estimators': 800, 'max_depth': 28, 'min_samples_split': 4, 'min_samples_leaf': 2, 'max_features': 0.9762799285983367}",ERT,T_C,15.490595141505407,87.14910565899038,64.27671576720553,0.7652243354815959,0.17774818254726846,47,opx_liq,raw
"{'n_estimators': 800, 'max_depth': 38, 'min_samples_split': 3, 'min_samples_leaf': 1, 'max_features': 0.9667280361382236}",ERT,P_kbar,0.11322954272531578,5.4543583152437165,2.95893425079314,0.6627503585820027,0.02075946173335632,47,opx_liq,raw
"{'n_estimators': 800, 'max_depth': 4, 'learning_rate': 0.011006700027444857, 'subsample': 0.7610866841567874, 'colsample_bytree': 0.8940662480571784, 'reg_alpha': 0.0012475769766455479, 'reg_lambda': 0.04330019631637472, 'min_child_weight': 3}",XGB,T_C,18.263598974462838,73.95119966814977,55.37399075313657,0.8309490340848684,0.24696825820837676,47,opx_liq,raw
"{'n_estimators': 800, 'max_depth': 3, 'learning_rate': 0.01863482860663478, 'subsample': 0.656715645474182, 'colsample_bytree': 0.9409679707458907, 'reg_alpha': 0.0006782290125591015, 'reg_lambda': 2.520106803290839, 'min_child_weight': 3}",XGB,P_kbar,1.3883578891007993,4.04757105954723,2.807665731983205,0.8142823708127463,0.3430101334048238,47,opx_liq,raw
"{'max_iter': 400, 'max_depth': 4, 'learning_rate': 0.01001391429235529, 'min_samples_leaf': 10, 'l2_regularization': 0.0004305608289370158, 'max_leaf_nodes': 81}",GB,T_C,39.03518295975092,75.29902828892187,54.81910201263949,0.8247306594020694,0.5184022137705838,47,opx_liq,raw
"{'max_iter': 400, 'max_depth': 3, 'learning_rate': 0.05466586286870985, 'min_samples_leaf': 22, 'l2_regularization': 0.0008290237734273495, 'max_leaf_nodes': 39}",GB,P_kbar,2.842166670928179,4.371214109364747,2.9063247746762917,0.7833950755772748,0.6502007451063112,47,opx_liq,raw
"{'n_estimators': 700, 'max_depth': 16, 'min_samples_split': 4, 'min_samples_leaf': 1, 'max_features': 0.9617027856430507}",RF,T_C,8.38902557537328,82.06327812326842,60.354619845966,0.7918267454232941,0.10222630349682114,47,opx_liq,alr
"{'n_estimators': 400, 'max_depth': 17, 'min_samples_split': 2, 'min_samples_leaf': 1, 'max_features': 0.9913821292378133}",RF,P_kbar,2.8350092374174408e-08,5.878068445398738,3.7744758779212253,0.6083181526168343,4.823028625392483e-09,47,opx_liq,alr
"{'n_estimators': 200, 'max_depth': 39, 'min_samples_split': 3, 'min_samples_leaf': 2, 'max_features': 0.925937244061412}",ERT,T_C,16.20788999158221,93.00653722273387,68.69598397395875,0.7326044597622321,0.1742661373658847,47,opx_liq,alr
"{'n_estimators': 800, 'max_depth': 40, 'min_samples_split': 4, 'min_samples_leaf': 1, 'max_features': 0.9207149490479796}",ERT,P_kbar,0.35865705838288847,6.781679177876733,3.662145181838571,0.47863887116724,0.052886173022295625,47,opx_liq,alr
"{'n_estimators': 300, 'max_depth': 9, 'learning_rate': 0.044370239327904265, 'subsample': 0.6186102537284777, 'colsample_bytree': 0.8347988374863223, 'reg_alpha': 0.4266519616462753, 'reg_lambda': 0.013001812345396529, 'min_child_weight': 8}",XGB,T_C,9.085707919108906,80.04398190541767,60.49975134508368,0.801945561598372,0.11350894474296452,47,opx_liq,alr
"{'n_estimators': 600, 'max_depth': 4, 'learning_rate': 0.05520376279413778, 'subsample': 0.8965368530363559, 'colsample_bytree': 0.9369811632028784, 'reg_alpha': 0.13218554366329102, 'reg_lambda': 1.4140951144310965, 'min_child_weight': 2}",XGB,P_kbar,0.1661797443434779,3.8736257499645634,2.740411843384208,0.8299018911658558,0.04290030970209193,47,opx_liq,alr
"{'max_iter': 600, 'max_depth': 10, 'learning_rate': 0.01303561122512888, 'min_samples_leaf': 18, 'l2_regularization': 0.00016832027985721928, 'max_leaf_nodes': 29}",GB,T_C,28.693428385300532,79.05623128719216,59.85458730593506,0.8068034248011592,0.3629496109049804,47,opx_liq,alr
"{'max_iter': 800, 'max_depth': 3, 'learning_rate': 0.029444696740863748, 'min_samples_leaf': 42, 'l2_regularization': 0.0001642303208889874, 'max_leaf_nodes': 47}",GB,P_kbar,2.9775662155938663,5.402380325869331,3.6720039064777983,0.6691474569064586,0.5511581999023232,47,opx_liq,alr
"{'n_estimators': 800, 'max_depth': 20, 'min_samples_split': 3, 'min_samples_leaf': 3, 'max_features': 0.6718327665894177}",RF,T_C,21.85198777341615,78.83557697442089,57.032769324859174,0.8078803839451263,0.27718434508960693,47,opx_liq,pwlr
"{'n_estimators': 600, 'max_depth': 13, 'min_samples_split': 2, 'min_samples_leaf': 2, 'max_features': 0.6214287464725687}",RF,P_kbar,0.935852475844325,5.916923080819409,3.679036177298319,0.6031229243001072,0.15816539492933934,47,opx_liq,pwlr
"{'n_estimators': 300, 'max_depth': 29, 'min_samples_split': 8, 'min_samples_leaf': 3, 'max_features': 0.94793431026209}",ERT,T_C,25.907486771360425,83.23825586696263,61.33812327543869,0.7858228415080494,0.3112449498313328,47,opx_liq,pwlr
"{'n_estimators': 200, 'max_depth': 19, 'min_samples_split': 6, 'min_samples_leaf': 1, 'max_features': 0.9765770522028188}",ERT,P_kbar,0.5003224319214787,6.325253708990109,3.560216782394776,0.5464553306996487,0.0790991879440928,47,opx_liq,pwlr
"{'n_estimators': 200, 'max_depth': 4, 'learning_rate': 0.055660389092322814, 'subsample': 0.8352306366245513, 'colsample_bytree': 0.6092767764644771, 'reg_alpha': 0.00020031093636758556, 'reg_lambda': 0.021918881030042102, 'min_child_weight': 9}",XGB,T_C,16.874306887694498,78.05074158928622,58.560428506667215,0.8116865773878823,0.2161966247097232,47,opx_liq,pwlr
"{'n_estimators': 800, 'max_depth': 3, 'learning_rate': 0.015441107302807584, 'subsample': 0.7540912918616595, 'colsample_bytree': 0.8998866913681112, 'reg_alpha': 0.9635564343883989, 'reg_lambda': 7.971774745976854, 'min_child_weight': 2}",XGB,P_kbar,1.6073367451018006,4.79195688980215,3.372927911145852,0.7396905278014312,0.3354238742260814,47,opx_liq,pwlr
"{'max_iter': 400, 'max_depth': 9, 'learning_rate': 0.01126423210556121, 'min_samples_leaf': 20, 'l2_regularization': 0.006953511542018146, 'max_leaf_nodes': 22}",GB,T_C,31.580568753092724,79.08857590724203,57.17868027441273,0.8066453057501588,0.3993063269988774,47,opx_liq,pwlr
"{'max_iter': 800, 'max_depth': 3, 'learning_rate': 0.030143189993220822, 'min_samples_leaf': 14, 'l2_regularization': 0.1305105585202014, 'max_leaf_nodes': 29}",GB,P_kbar,1.6889609116150772,4.860647965260948,3.4383969248355823,0.7321741429102059,0.34747649360457317,47,opx_liq,pwlr
"{'n_estimators': 600, 'max_depth': 7, 'min_samples_split': 4, 'min_samples_leaf': 2, 'max_features': 0.8327060098896433}",RF,T_C,28.89488654245371,82.6175459565285,59.90777121760967,0.5747082035818657,0.3497427357338543,48,opx_liq,raw
"{'n_estimators': 700, 'max_depth': 19, 'min_samples_split': 2, 'min_samples_leaf': 1, 'max_features': 0.6340065654844887}",RF,P_kbar,2.422370470496038e-08,7.52830596606701,5.923186412026674,0.3921359999027988,3.2176833425934064e-09,48,opx_liq,raw
"{'n_estimators': 800, 'max_depth': 28, 'min_samples_split': 4, 'min_samples_leaf': 2, 'max_features': 0.9762799285983367}",ERT,T_C,15.978350838212604,75.93875652927983,53.030538913033126,0.6406899315200747,0.2104110149874762,48,opx_liq,raw
"{'n_estimators': 800, 'max_depth': 38, 'min_samples_split': 3, 'min_samples_leaf': 1, 'max_features': 0.9667280361382236}",ERT,P_kbar,0.012786328345411805,7.458529470520472,5.48751090864068,0.4033518189280162,0.0017143229635210582,48,opx_liq,raw
"{'n_estimators': 800, 'max_depth': 4, 'learning_rate': 0.011006700027444857, 'subsample': 0.7610866841567874, 'colsample_bytree': 0.8940662480571784, 'reg_alpha': 0.0012475769766455479, 'reg_lambda': 0.04330019631637472, 'min_child_weight': 3}",XGB,T_C,17.577159254870374,75.00099519480462,58.38200522337739,0.6495093180610694,0.23435901362663464,48,opx_liq,raw
"{'n_estimators': 800, 'max_depth': 3, 'learning_rate': 0.01863482860663478, 'subsample': 0.656715645474182, 'colsample_bytree': 0.9409679707458907, 'reg_alpha': 0.0006782290125591015, 'reg_lambda': 2.520106803290839, 'min_child_weight': 3}",XGB,P_kbar,1.364138445677139,5.917083357156094,4.696150668069006,0.6244850120058194,0.23054237423026264,48,opx_liq,raw
"{'max_iter': 400, 'max_depth': 4, 'learning_rate': 0.01001391429235529, 'min_samples_leaf': 10, 'l2_regularization': 0.0004305608289370158, 'max_leaf_nodes': 81}",GB,T_C,41.27773205167734,86.42609473884029,68.92796959724194,0.5345937589084093,0.4776072802596151,48,opx_liq,raw
"{'max_iter': 400, 'max_depth': 3, 'learning_rate': 0.05466586286870985, 'min_samples_leaf': 22, 'l2_regularization': 0.0008290237734273495, 'max_leaf_nodes': 39}",GB,P_kbar,2.07727977966967,6.990389387383826,5.5081288791557,0.47589942412817754,0.29716224155105303,48,opx_liq,raw
"{'n_estimators': 700, 'max_depth': 16, 'min_samples_split': 4, 'min_samples_leaf': 1, 'max_features': 0.9617027856430507}",RF,T_C,8.737349049042828,70.62122358988647,48.50465766183773,0.6892487387441637,0.12372129233815891,48,opx_liq,alr
"{'n_estimators': 400, 'max_depth': 17, 'min_samples_split': 2, 'min_samples_leaf': 1, 'max_features': 0.9913821292378133}",RF,P_kbar,2.432301622585013e-08,6.987045126426956,5.183233531786111,0.47640077240395995,3.4811591718298325e-09,48,opx_liq,alr
"{'n_estimators': 200, 'max_depth': 39, 'min_samples_split': 3, 'min_samples_leaf': 2, 'max_features': 0.925937244061412}",ERT,T_C,16.560763878054818,66.77703028403138,46.97434530490088,0.722158812514701,0.2480009040176656,48,opx_liq,alr
"{'n_estimators': 800, 'max_depth': 40, 'min_samples_split': 4, 'min_samples_leaf': 1, 'max_features': 0.9207149490479796}",ERT,P_kbar,0.33908312301783133,7.974830475724877,5.927617780581854,0.31788936542781865,0.04251916376780538,48,opx_liq,alr
"{'n_estimators': 300, 'max_depth': 9, 'learning_rate': 0.044370239327904265, 'subsample': 0.6186102537284777, 'colsample_bytree': 0.8347988374863223, 'reg_alpha': 0.4266519616462753, 'reg_lambda': 0.013001812345396529, 'min_child_weight': 8}",XGB,T_C,10.230095091305595,80.20892890697796,60.18498501056815,0.5991444896716331,0.12754309564674418,48,opx_liq,alr
"{'n_estimators': 600, 'max_depth': 4, 'learning_rate': 0.05520376279413778, 'subsample': 0.8965368530363559, 'colsample_bytree': 0.9369811632028784, 'reg_alpha': 0.13218554366329102, 'reg_lambda': 1.4140951144310965, 'min_child_weight': 2}",XGB,P_kbar,0.156665646973923,7.454464930232382,5.710646649967576,0.4040019309367451,0.021016350394050236,48,opx_liq,alr
"{'max_iter': 600, 'max_depth': 10, 'learning_rate': 0.01303561122512888, 'min_samples_leaf': 18, 'l2_regularization': 0.00016832027985721928, 'max_leaf_nodes': 29}",GB,T_C,38.53730746734887,77.08938694582038,58.38494458279196,0.6297188464172843,0.49990418907382783,48,opx_liq,alr
"{'max_iter': 800, 'max_depth': 3, 'learning_rate': 0.029444696740863748, 'min_samples_leaf': 42, 'l2_regularization': 0.0001642303208889874, 'max_leaf_nodes': 47}",GB,P_kbar,4.076075780526562,6.511201003434477,5.014007314976324,0.5452904184830891,0.6260098219017575,48,opx_liq,alr
"{'n_estimators': 800, 'max_depth': 20, 'min_samples_split': 3, 'min_samples_leaf': 3, 'max_features': 0.6718327665894177}",RF,T_C,23.041068738368455,83.2979098868722,62.86064224564661,0.567674718833263,0.27661040678764665,48,opx_liq,pwlr
"{'n_estimators': 600, 'max_depth': 13, 'min_samples_split': 2, 'min_samples_leaf': 2, 'max_features': 0.6214287464725687}",RF,P_kbar,0.7759050223138836,9.213849966573257,6.637517595328388,0.08947018091702474,0.08421072897092681,48,opx_liq,pwlr
"{'n_estimators': 300, 'max_depth': 29, 'min_samples_split': 8, 'min_samples_leaf': 3, 'max_features': 0.94793431026209}",ERT,T_C,25.98884490536272,78.27083219292965,58.953308628559135,0.6182822749349564,0.3320374164580601,48,opx_liq,pwlr
"{'n_estimators': 200, 'max_depth': 19, 'min_samples_split': 6, 'min_samples_leaf': 1, 'max_features': 0.9765770522028188}",ERT,P_kbar,0.5524993555065661,9.755472292028884,7.270917431831713,-0.020724408962948138,0.056634813668427805,48,opx_liq,pwlr
"{'n_estimators': 200, 'max_depth': 4, 'learning_rate': 0.055660389092322814, 'subsample': 0.8352306366245513, 'colsample_bytree': 0.6092767764644771, 'reg_alpha': 0.00020031093636758556, 'reg_lambda': 0.021918881030042102, 'min_child_weight': 9}",XGB,T_C,16.706093865668993,83.96713153946439,66.01123402722396,0.5607001463720822,0.19895992109504373,48,opx_liq,pwlr
"{'n_estimators': 800, 'max_depth': 3, 'learning_rate': 0.015441107302807584, 'subsample': 0.7540912918616595, 'colsample_bytree': 0.8998866913681112, 'reg_alpha': 0.9635564343883989, 'reg_lambda': 7.971774745976854, 'min_child_weight': 2}",XGB,P_kbar,1.4960653137080713,8.450707281544643,6.158086684780908,0.234054236693655,0.1770343314310866,48,opx_liq,pwlr
"{'max_iter': 400, 'max_depth': 9, 'learning_rate': 0.01126423210556121, 'min_samples_leaf': 20, 'l2_regularization': 0.006953511542018146, 'max_leaf_nodes': 22}",GB,T_C,37.261457050652695,93.75686921959544,73.07870150365069,0.4522925887265701,0.397426421773744,48,opx_liq,pwlr
"{'max_iter': 800, 'max_depth': 3, 'learning_rate': 0.030143189993220822, 'min_samples_leaf': 14, 'l2_regularization': 0.1305105585202014, 'max_leaf_nodes': 29}",GB,P_kbar,1.795217532973741,9.40332619385064,6.730093724532291,0.051636339619227534,0.19091303395895529,48,opx_liq,pwlr
"{'n_estimators': 600, 'max_depth': 7, 'min_samples_split': 4, 'min_samples_leaf': 2, 'max_features': 0.8327060098896433}",RF,T_C,27.814320545388306,87.14020600480487,67.30539619721195,0.7857260117763144,0.3191904382674358,49,opx_liq,raw
"{'n_estimators': 700, 'max_depth': 19, 'min_samples_split': 2, 'min_samples_leaf': 1, 'max_features': 0.6340065654844887}",RF,P_kbar,2.3430879571606755e-08,8.779569972149336,5.6957085113958605,0.17028860471484286,2.668795811860318e-09,49,opx_liq,raw
"{'n_estimators': 800, 'max_depth': 28, 'min_samples_split': 4, 'min_samples_leaf': 2, 'max_features': 0.9762799285983367}",ERT,T_C,14.703154164818246,83.95329675719259,59.62191448346341,0.8011123580642439,0.17513492301966774,49,opx_liq,raw
"{'n_estimators': 800, 'max_depth': 38, 'min_samples_split': 3, 'min_samples_leaf': 1, 'max_features': 0.9667280361382236}",ERT,P_kbar,0.16227630875017082,6.150457609335318,3.8627010179759567,0.592811574070922,0.026384428453561537,49,opx_liq,raw
"{'n_estimators': 800, 'max_depth': 4, 'learning_rate': 0.011006700027444857, 'subsample': 0.7610866841567874, 'colsample_bytree': 0.8940662480571784, 'reg_alpha': 0.0012475769766455479, 'reg_lambda': 0.04330019631637472, 'min_child_weight': 3}",XGB,T_C,16.58518682258285,81.38923861235126,61.092537257982336,0.813075486097747,0.20377616384367989,49,opx_liq,raw
"{'n_estimators': 800, 'max_depth': 3, 'learning_rate': 0.01863482860663478, 'subsample': 0.656715645474182, 'colsample_bytree': 0.9409679707458907, 'reg_alpha': 0.0006782290125591015, 'reg_lambda': 2.520106803290839, 'min_child_weight': 3}",XGB,P_kbar,1.481662600006653,4.468987421177821,3.323054786940671,0.785019617955156,0.3315432469076305,49,opx_liq,raw
"{'max_iter': 400, 'max_depth': 4, 'learning_rate': 0.01001391429235529, 'min_samples_leaf': 10, 'l2_regularization': 0.0004305608289370158, 'max_leaf_nodes': 81}",GB,T_C,35.47681455851166,94.86233884739607,71.84415415601275,0.7460665316034134,0.3739820774984559,49,opx_liq,raw
"{'max_iter': 400, 'max_depth': 3, 'learning_rate': 0.05466586286870985, 'min_samples_leaf': 22, 'l2_regularization': 0.0008290237734273495, 'max_leaf_nodes': 39}",GB,P_kbar,3.0339137543506083,5.28750792726295,4.002012491251952,0.6990581206123535,0.5737889750873806,49,opx_liq,raw
"{'n_estimators': 700, 'max_depth': 16, 'min_samples_split': 4, 'min_samples_leaf': 1, 'max_features': 0.9617027856430507}",RF,T_C,8.871374913852852,73.35165509088033,51.31019045756478,0.8481719117146899,0.12094307760147342,49,opx_liq,alr
"{'n_estimators': 400, 'max_depth': 17, 'min_samples_split': 2, 'min_samples_leaf': 1, 'max_features': 0.9913821292378133}",RF,P_kbar,2.7112702707847666e-08,6.076269374039492,3.371290589785868,0.6025755302421505,4.462063980192372e-09,49,opx_liq,alr
"{'n_estimators': 200, 'max_depth': 39, 'min_samples_split': 3, 'min_samples_leaf': 2, 'max_features': 0.925937244061412}",ERT,T_C,15.341105058904704,82.17392225529339,59.749969474969475,0.8094537868502014,0.18669067555572932,49,opx_liq,alr
"{'n_estimators': 800, 'max_depth': 40, 'min_samples_split': 4, 'min_samples_leaf': 1, 'max_features': 0.9207149490479796}",ERT,P_kbar,0.2717760679552997,6.6980518662237225,3.181385255372365,0.517077346621532,0.04057539018558296,49,opx_liq,alr
"{'n_estimators': 300, 'max_depth': 9, 'learning_rate': 0.044370239327904265, 'subsample': 0.6186102537284777, 'colsample_bytree': 0.8347988374863223, 'reg_alpha': 0.4266519616462753, 'reg_lambda': 0.013001812345396529, 'min_child_weight': 8}",XGB,T_C,9.543590043053607,77.3717751603946,54.36134086277174,0.8310736451942171,0.12334717696820817,49,opx_liq,alr
"{'n_estimators': 600, 'max_depth': 4, 'learning_rate': 0.05520376279413778, 'subsample': 0.8965368530363559, 'colsample_bytree': 0.9369811632028784, 'reg_alpha': 0.13218554366329102, 'reg_lambda': 1.4140951144310965, 'min_child_weight': 2}",XGB,P_kbar,0.15461959723075105,4.463890202580754,3.076759486477701,0.7855097410974092,0.034637858507666534,49,opx_liq,alr
"{'max_iter': 600, 'max_depth': 10, 'learning_rate': 0.01303561122512888, 'min_samples_leaf': 18, 'l2_regularization': 0.00016832027985721928, 'max_leaf_nodes': 29}",GB,T_C,29.50640722240965,85.01636330278224,61.540246486023605,0.796043601078771,0.34706738886635047,49,opx_liq,alr
"{'max_iter': 800, 'max_depth': 3, 'learning_rate': 0.029444696740863748, 'min_samples_leaf': 42, 'l2_regularization': 0.0001642303208889874, 'max_leaf_nodes': 47}",GB,P_kbar,3.6093343052216396,6.3155202348886945,3.935767611450022,0.5706624954153774,0.5715022945034156,49,opx_liq,alr
"{'n_estimators': 800, 'max_depth': 20, 'min_samples_split': 3, 'min_samples_leaf': 3, 'max_features': 0.6718327665894177}",RF,T_C,22.003000681647567,75.91283118001817,53.85060747500285,0.8373842276803447,0.2898456076479362,49,opx_liq,pwlr
"{'n_estimators': 600, 'max_depth': 13, 'min_samples_split': 2, 'min_samples_leaf': 2, 'max_features': 0.6214287464725687}",RF,P_kbar,0.9476335520311091,6.703892087820143,3.7139940757997,0.5162348315294811,0.14135572882397698,49,opx_liq,pwlr
"{'n_estimators': 300, 'max_depth': 29, 'min_samples_split': 8, 'min_samples_leaf': 3, 'max_features': 0.94793431026209}",ERT,T_C,25.57363721107344,77.41966864136074,56.59077545685853,0.830864448102357,0.33032480840935763,49,opx_liq,pwlr
"{'n_estimators': 200, 'max_depth': 19, 'min_samples_split': 6, 'min_samples_leaf': 1, 'max_features': 0.9765770522028188}",ERT,P_kbar,0.5357457281035346,6.870747630478268,3.7259851251831377,0.4918539437514199,0.07797488088879807,49,opx_liq,pwlr
"{'n_estimators': 200, 'max_depth': 4, 'learning_rate': 0.055660389092322814, 'subsample': 0.8352306366245513, 'colsample_bytree': 0.6092767764644771, 'reg_alpha': 0.00020031093636758556, 'reg_lambda': 0.021918881030042102, 'min_child_weight': 9}",XGB,T_C,15.382090661375994,78.28398428462577,56.20598409901495,0.8270668984278695,0.1964909017079358,49,opx_liq,pwlr
"{'n_estimators': 800, 'max_depth': 3, 'learning_rate': 0.015441107302807584, 'subsample': 0.7540912918616595, 'colsample_bytree': 0.8998866913681112, 'reg_alpha': 0.9635564343883989, 'reg_lambda': 7.971774745976854, 'min_child_weight': 2}",XGB,P_kbar,1.6698954612525467,4.926187130355757,3.4862189815038334,0.7387824352030614,0.33898335915061983,49,opx_liq,pwlr
"{'max_iter': 400, 'max_depth': 9, 'learning_rate': 0.01126423210556121, 'min_samples_leaf': 20, 'l2_regularization': 0.006953511542018146, 'max_leaf_nodes': 22}",GB,T_C,32.36604507945984,86.05867665795022,64.49485332625679,0.7910118720985847,0.37609275829446326,49,opx_liq,pwlr
"{'max_iter': 800, 'max_depth': 3, 'learning_rate': 0.030143189993220822, 'min_samples_leaf': 14, 'l2_regularization': 0.1305105585202014, 'max_leaf_nodes': 29}",GB,P_kbar,2.250853321906678,5.410645741968339,3.617390319416351,0.6848779701298295,0.4160045638263946,49,opx_liq,pwlr
"{'n_estimators': 600, 'max_depth': 7, 'min_samples_split': 4, 'min_samples_leaf': 2, 'max_features': 0.8327060098896433}",RF,T_C,30.128652348406426,82.73212638083328,64.10167696587703,0.7295022049180726,0.3641711347985659,50,opx_liq,raw
"{'n_estimators': 700, 'max_depth': 19, 'min_samples_split': 2, 'min_samples_leaf': 1, 'max_features': 0.6340065654844887}",RF,P_kbar,2.3952144198501924e-08,3.8887588211039263,2.3794225174130554,0.8090947193413196,6.1593287988228795e-09,50,opx_liq,raw
"{'n_estimators': 800, 'max_depth': 28, 'min_samples_split': 4, 'min_samples_leaf': 2, 'max_features': 0.9762799285983367}",ERT,T_C,16.934063607193977,78.9710045606725,62.092467851248834,0.7535375955611641,0.21443393941106237,50,opx_liq,raw
"{'n_estimators': 800, 'max_depth': 38, 'min_samples_split': 3, 'min_samples_leaf': 1, 'max_features': 0.9667280361382236}",ERT,P_kbar,0.034782601260067464,4.880294492953589,3.190166222171141,0.6993314645029387,0.007127152123768003,50,opx_liq,raw
"{'n_estimators': 800, 'max_depth': 4, 'learning_rate': 0.011006700027444857, 'subsample': 0.7610866841567874, 'colsample_bytree': 0.8940662480571784, 'reg_alpha': 0.0012475769766455479, 'reg_lambda': 0.04330019631637472, 'min_child_weight': 3}",XGB,T_C,17.03741477344102,81.91963390743985,65.81520964707444,0.7347891047313966,0.20797718398853468,50,opx_liq,raw
"{'n_estimators': 800, 'max_depth': 3, 'learning_rate': 0.01863482860663478, 'subsample': 0.656715645474182, 'colsample_bytree': 0.9409679707458907, 'reg_alpha': 0.0006782290125591015, 'reg_lambda': 2.520106803290839, 'min_child_weight': 3}",XGB,P_kbar,1.4017730975069804,4.119100989899187,3.1391795858332308,0.7858092049415238,0.34031044661065424,50,opx_liq,raw
"{'max_iter': 400, 'max_depth': 4, 'learning_rate': 0.01001391429235529, 'min_samples_leaf': 10, 'l2_regularization': 0.0004305608289370158, 'max_leaf_nodes': 81}",GB,T_C,38.637630373154856,79.51237847612752,61.91438565405797,0.7501468405216983,0.4859322675746049,50,opx_liq,raw
"{'max_iter': 400, 'max_depth': 3, 'learning_rate': 0.05466586286870985, 'min_samples_leaf': 22, 'l2_regularization': 0.0008290237734273495, 'max_leaf_nodes': 39}",GB,P_kbar,2.1157322924351125,4.153548955487806,3.1861515869078083,0.7822116772175988,0.5093794042416997,50,opx_liq,raw
"{'n_estimators': 700, 'max_depth': 16, 'min_samples_split': 4, 'min_samples_leaf': 1, 'max_features': 0.9617027856430507}",RF,T_C,9.184836797186305,80.97058003411391,58.76770156496394,0.7408985420816633,0.1134342472700161,50,opx_liq,alr
"{'n_estimators': 400, 'max_depth': 17, 'min_samples_split': 2, 'min_samples_leaf': 1, 'max_features': 0.9913821292378133}",RF,P_kbar,2.5711196903090283e-08,4.464334513514223,2.6434889045300927,0.7484007275158968,5.759245151826898e-09,50,opx_liq,alr
"{'n_estimators': 200, 'max_depth': 39, 'min_samples_split': 3, 'min_samples_leaf': 2, 'max_features': 0.925937244061412}",ERT,T_C,17.512268043734586,71.8367516519129,53.93596057294406,0.7960570354900951,0.24377867374336185,50,opx_liq,alr
"{'n_estimators': 800, 'max_depth': 40, 'min_samples_split': 4, 'min_samples_leaf': 1, 'max_features': 0.9207149490479796}",ERT,P_kbar,0.2759510674990055,5.5630905713528325,3.512372167885623,0.6093136980966695,0.0496039142199153,50,opx_liq,alr
"{'n_estimators': 300, 'max_depth': 9, 'learning_rate': 0.044370239327904265, 'subsample': 0.6186102537284777, 'colsample_bytree': 0.8347988374863223, 'reg_alpha': 0.4266519616462753, 'reg_lambda': 0.013001812345396529, 'min_child_weight': 8}",XGB,T_C,9.957883680383286,75.63079091584882,58.95629922045383,0.7739457689344448,0.13166441286410718,50,opx_liq,alr
"{'n_estimators': 600, 'max_depth': 4, 'learning_rate': 0.05520376279413778, 'subsample': 0.8965368530363559, 'colsample_bytree': 0.9369811632028784, 'reg_alpha': 0.13218554366329102, 'reg_lambda': 1.4140951144310965, 'min_child_weight': 2}",XGB,P_kbar,0.14735795775567076,4.818062363043869,3.615248860307121,0.7069506535317798,0.030584485349536984,50,opx_liq,alr
"{'max_iter': 600, 'max_depth': 10, 'learning_rate': 0.01303561122512888, 'min_samples_leaf': 18, 'l2_regularization': 0.00016832027985721928, 'max_leaf_nodes': 29}",GB,T_C,26.477758258726123,75.16264044872185,58.60466947146182,0.7767356342709386,0.3522728592376957,50,opx_liq,alr
"{'max_iter': 800, 'max_depth': 3, 'learning_rate': 0.029444696740863748, 'min_samples_leaf': 42, 'l2_regularization': 0.0001642303208889874, 'max_leaf_nodes': 47}",GB,P_kbar,2.679423578622298,6.2772615575380755,4.322213668717941,0.5025649613971396,0.42684593497696477,50,opx_liq,alr
"{'n_estimators': 800, 'max_depth': 20, 'min_samples_split': 3, 'min_samples_leaf': 3, 'max_features': 0.6718327665894177}",RF,T_C,21.744870802290706,76.41432870831531,57.93832158620381,0.7692376460538086,0.2845653579617779,50,opx_liq,pwlr
"{'n_estimators': 600, 'max_depth': 13, 'min_samples_split': 2, 'min_samples_leaf': 2, 'max_features': 0.6214287464725687}",RF,P_kbar,0.8570831280148936,5.491960959035391,3.520253046932066,0.6192404492740824,0.15606140218546488,50,opx_liq,pwlr
"{'n_estimators': 300, 'max_depth': 29, 'min_samples_split': 8, 'min_samples_leaf': 3, 'max_features': 0.94793431026209}",ERT,T_C,26.37887388858577,75.27373226826882,58.639103885041024,0.776075168539029,0.3504392979289752,50,opx_liq,pwlr
"{'n_estimators': 200, 'max_depth': 19, 'min_samples_split': 6, 'min_samples_leaf': 1, 'max_features': 0.9765770522028188}",ERT,P_kbar,0.5636014656560117,6.311775844230074,4.009146200650059,0.49707982603956335,0.08929364406551753,50,opx_liq,pwlr
"{'n_estimators': 200, 'max_depth': 4, 'learning_rate': 0.055660389092322814, 'subsample': 0.8352306366245513, 'colsample_bytree': 0.6092767764644771, 'reg_alpha': 0.00020031093636758556, 'reg_lambda': 0.021918881030042102, 'min_child_weight': 9}",XGB,T_C,15.92321165188635,85.82914353186735,69.89260979154113,0.7088713720448644,0.18552220139508033,50,opx_liq,pwlr
"{'n_estimators': 800, 'max_depth': 3, 'learning_rate': 0.015441107302807584, 'subsample': 0.7540912918616595, 'colsample_bytree': 0.8998866913681112, 'reg_alpha': 0.9635564343883989, 'reg_lambda': 7.971774745976854, 'min_child_weight': 2}",XGB,P_kbar,1.5308067109717305,5.472538003341429,3.9332840121473605,0.6219288873240167,0.2797251860173559,50,opx_liq,pwlr
"{'max_iter': 400, 'max_depth': 9, 'learning_rate': 0.01126423210556121, 'min_samples_leaf': 20, 'l2_regularization': 0.006953511542018146, 'max_leaf_nodes': 22}",GB,T_C,30.60484814066354,75.46666440859612,60.914442595877404,0.774925825706061,0.40554128608309686,50,opx_liq,pwlr
"{'max_iter': 800, 'max_depth': 3, 'learning_rate': 0.030143189993220822, 'min_samples_leaf': 14, 'l2_regularization': 0.1305105585202014, 'max_leaf_nodes': 29}",GB,P_kbar,1.7837937722329054,5.683480622306983,3.9548275065760503,0.5922211559997452,0.31385587297187706,50,opx_liq,pwlr
"{'n_estimators': 600, 'max_depth': 7, 'min_samples_split': 4, 'min_samples_leaf': 2, 'max_features': 0.8327060098896433}",RF,T_C,28.280132672716668,68.82018947753946,48.355417398120835,0.8587728472540528,0.41092785253005343,51,opx_liq,raw
"{'n_estimators': 700, 'max_depth': 19, 'min_samples_split': 2, 'min_samples_leaf': 1, 'max_features': 0.6340065654844887}",RF,P_kbar,1.499390589272321e-08,6.615553268335236,4.381594641022552,0.6038996436663803,2.266462876882909e-09,51,opx_liq,raw
"{'n_estimators': 800, 'max_depth': 28, 'min_samples_split': 4, 'min_samples_leaf': 2, 'max_features': 0.9762799285983367}",ERT,T_C,16.789942452990232,71.35184152701822,49.56804678630338,0.8481912346585863,0.23531197084286215,51,opx_liq,raw
"{'n_estimators': 800, 'max_depth': 38, 'min_samples_split': 3, 'min_samples_leaf': 1, 'max_features': 0.9667280361382236}",ERT,P_kbar,0.02545129915889753,6.869335232878091,4.689107241991682,0.5729268052753228,0.0037050599943182615,51,opx_liq,raw
"{'n_estimators': 800, 'max_depth': 4, 'learning_rate': 0.011006700027444857, 'subsample': 0.7610866841567874, 'colsample_bytree': 0.8940662480571784, 'reg_alpha': 0.0012475769766455479, 'reg_lambda': 0.04330019631637472, 'min_child_weight': 3}",XGB,T_C,17.51119184407321,76.37521087834,56.84155902160952,0.8260632623409694,0.22927847455592926,51,opx_liq,raw
"{'n_estimators': 800, 'max_depth': 3, 'learning_rate': 0.01863482860663478, 'subsample': 0.656715645474182, 'colsample_bytree': 0.9409679707458907, 'reg_alpha': 0.0006782290125591015, 'reg_lambda': 2.520106803290839, 'min_child_weight': 3}",XGB,P_kbar,1.3009530385352204,5.405993426602657,4.380612620950167,0.7355010707688239,0.24065013326381188,51,opx_liq,raw
"{'max_iter': 400, 'max_depth': 4, 'learning_rate': 0.01001391429235529, 'min_samples_leaf': 10, 'l2_regularization': 0.0004305608289370158, 'max_leaf_nodes': 81}",GB,T_C,39.982441597281266,80.501980921906,61.90842645635301,0.8067588515167031,0.496664071360775,51,opx_liq,raw
"{'max_iter': 400, 'max_depth': 3, 'learning_rate': 0.05466586286870985, 'min_samples_leaf': 22, 'l2_regularization': 0.0008290237734273495, 'max_leaf_nodes': 39}",GB,P_kbar,2.41848053669242,5.321386754151953,4.203816888966842,0.7437153824732496,0.4544831353980102,51,opx_liq,raw
"{'n_estimators': 700, 'max_depth': 16, 'min_samples_split': 4, 'min_samples_leaf': 1, 'max_features': 0.9617027856430507}",RF,T_C,7.967432311053915,69.46317047004482,50.538438300587586,0.8561215737388063,0.11470009585136598,51,opx_liq,alr
"{'n_estimators': 400, 'max_depth': 17, 'min_samples_split': 2, 'min_samples_leaf': 1, 'max_features': 0.9913821292378133}",RF,P_kbar,1.5402506634454604e-08,6.391532677675932,4.210605582321699,0.6302715084024748,2.409829912667397e-09,51,opx_liq,alr
"{'n_estimators': 200, 'max_depth': 39, 'min_samples_split': 3, 'min_samples_leaf': 2, 'max_features': 0.925937244061412}",ERT,T_C,16.954922201452217,74.13592361698342,53.92235111684125,0.8361132357880924,0.2287004919375969,51,opx_liq,alr
"{'n_estimators': 800, 'max_depth': 40, 'min_samples_split': 4, 'min_samples_leaf': 1, 'max_features': 0.9207149490479796}",ERT,P_kbar,0.37092519099048943,7.689422199886249,5.344928665003718,0.46486875879537226,0.04823836971729509,51,opx_liq,alr
"{'n_estimators': 300, 'max_depth': 9, 'learning_rate': 0.044370239327904265, 'subsample': 0.6186102537284777, 'colsample_bytree': 0.8347988374863223, 'reg_alpha': 0.4266519616462753, 'reg_lambda': 0.013001812345396529, 'min_child_weight': 8}",XGB,T_C,10.903747718007066,67.79688155678211,52.03140204882477,0.8629415197926267,0.16082963504560044,51,opx_liq,alr
"{'n_estimators': 600, 'max_depth': 4, 'learning_rate': 0.05520376279413778, 'subsample': 0.8965368530363559, 'colsample_bytree': 0.9369811632028784, 'reg_alpha': 0.13218554366329102, 'reg_lambda': 1.4140951144310965, 'min_child_weight': 2}",XGB,P_kbar,0.142739670592967,5.913189759374278,4.797460660890948,0.6835416758589552,0.02413920005977813,51,opx_liq,alr
"{'max_iter': 600, 'max_depth': 10, 'learning_rate': 0.01303561122512888, 'min_samples_leaf': 18, 'l2_regularization': 0.00016832027985721928, 'max_leaf_nodes': 29}",GB,T_C,36.19700156186734,78.71644096380136,63.04402634190958,0.8152359916829549,0.4598404236608326,51,opx_liq,alr
"{'max_iter': 800, 'max_depth': 3, 'learning_rate': 0.029444696740863748, 'min_samples_leaf': 42, 'l2_regularization': 0.0001642303208889874, 'max_leaf_nodes': 47}",GB,P_kbar,3.202420253038954,6.417331538726658,4.84470853657193,0.6272807313003802,0.49902677362285475,51,opx_liq,alr
"{'n_estimators': 800, 'max_depth': 20, 'min_samples_split': 3, 'min_samples_leaf': 3, 'max_features': 0.6718327665894177}",RF,T_C,22.91211614142611,63.51369526946805,48.36597122067673,0.8797122953967752,0.36074292393502566,51,opx_liq,pwlr
"{'n_estimators': 600, 'max_depth': 13, 'min_samples_split': 2, 'min_samples_leaf': 2, 'max_features': 0.6214287464725687}",RF,P_kbar,0.9598897989474772,6.787735709219793,5.052689382441175,0.58301278476279,0.14141531728226503,51,opx_liq,pwlr
"{'n_estimators': 300, 'max_depth': 29, 'min_samples_split': 8, 'min_samples_leaf': 3, 'max_features': 0.94793431026209}",ERT,T_C,26.314563385669384,72.07504684544156,52.338775445855006,0.8450982436087041,0.36509949750152215,51,opx_liq,pwlr
"{'n_estimators': 200, 'max_depth': 19, 'min_samples_split': 6, 'min_samples_leaf': 1, 'max_features': 0.9765770522028188}",ERT,P_kbar,0.5803987373515275,7.4708447092031305,5.431825793402992,0.49485936021342614,0.07768850243086302,51,opx_liq,pwlr
"{'n_estimators': 200, 'max_depth': 4, 'learning_rate': 0.055660389092322814, 'subsample': 0.8352306366245513, 'colsample_bytree': 0.6092767764644771, 'reg_alpha': 0.00020031093636758556, 'reg_lambda': 0.021918881030042102, 'min_child_weight': 9}",XGB,T_C,15.324239158707503,76.09738320454409,59.51179530797362,0.827326408969816,0.2013766901486887,51,opx_liq,pwlr
"{'n_estimators': 800, 'max_depth': 3, 'learning_rate': 0.015441107302807584, 'subsample': 0.7540912918616595, 'colsample_bytree': 0.8998866913681112, 'reg_alpha': 0.9635564343883989, 'reg_lambda': 7.971774745976854, 'min_child_weight': 2}",XGB,P_kbar,1.5983692921232386,6.268584363307006,5.016374176664454,0.6443589844698521,0.2549809015061281,51,opx_liq,pwlr
"{'max_iter': 400, 'max_depth': 9, 'learning_rate': 0.01126423210556121, 'min_samples_leaf': 20, 'l2_regularization': 0.006953511542018146, 'max_leaf_nodes': 22}",GB,T_C,35.62935724577078,79.73971044301159,60.33941623228171,0.8104011127935717,0.44682075026136925,51,opx_liq,pwlr
"{'max_iter': 800, 'max_depth': 3, 'learning_rate': 0.030143189993220822, 'min_samples_leaf': 14, 'l2_regularization': 0.1305105585202014, 'max_leaf_nodes': 29}",GB,P_kbar,2.230864830693635,6.24416928866585,5.102426594415226,0.6471239125704348,0.3572716765932349,51,opx_liq,pwlr
"{'n_estimators': 600, 'max_depth': 7, 'min_samples_split': 4, 'min_samples_leaf': 2, 'max_features': 0.8327060098896433}",RF,T_C,27.54678192654462,85.37749807565153,63.5492970458938,0.628396552371276,0.3226468630192922,52,opx_liq,raw
"{'n_estimators': 700, 'max_depth': 19, 'min_samples_split': 2, 'min_samples_leaf': 1, 'max_features': 0.6340065654844887}",RF,P_kbar,1.8389154457732693e-08,7.52221371854752,5.220765669487983,0.5793688742402735,2.4446466353901325e-09,52,opx_liq,raw
"{'n_estimators': 800, 'max_depth': 28, 'min_samples_split': 4, 'min_samples_leaf': 2, 'max_features': 0.9762799285983367}",ERT,T_C,17.076878647176624,79.15823440873487,58.40238491288943,0.6805630986356377,0.21573091889594043,52,opx_liq,raw
"{'n_estimators': 800, 'max_depth': 38, 'min_samples_split': 3, 'min_samples_leaf': 1, 'max_features': 0.9667280361382236}",ERT,P_kbar,0.016544293258490238,8.097480208428587,5.814949724016897,0.5125726881846497,0.0020431409318258592,52,opx_liq,raw
"{'n_estimators': 800, 'max_depth': 4, 'learning_rate': 0.011006700027444857, 'subsample': 0.7610866841567874, 'colsample_bytree': 0.8940662480571784, 'reg_alpha': 0.0012475769766455479, 'reg_lambda': 0.04330019631637472, 'min_child_weight': 3}",XGB,T_C,18.226095595198146,79.62133233014208,62.072531222932135,0.6768145743325378,0.2289097037415227,52,opx_liq,raw
"{'n_estimators': 800, 'max_depth': 3, 'learning_rate': 0.01863482860663478, 'subsample': 0.656715645474182, 'colsample_bytree': 0.9409679707458907, 'reg_alpha': 0.0006782290125591015, 'reg_lambda': 2.520106803290839, 'min_child_weight': 3}",XGB,P_kbar,1.3028057714361863,6.660213310037067,4.901355502983465,0.6702488283639791,0.19561021708911835,52,opx_liq,raw
"{'max_iter': 400, 'max_depth': 4, 'learning_rate': 0.01001391429235529, 'min_samples_leaf': 10, 'l2_regularization': 0.0004305608289370158, 'max_leaf_nodes': 81}",GB,T_C,41.345897746381304,85.0310788979948,66.9504639923884,0.6314059963472212,0.48624453884656427,52,opx_liq,raw
"{'max_iter': 400, 'max_depth': 3, 'learning_rate': 0.05466586286870985, 'min_samples_leaf': 22, 'l2_regularization': 0.0008290237734273495, 'max_leaf_nodes': 39}",GB,P_kbar,2.7787826094268975,5.89913986541971,4.258338691092005,0.7413053447178903,0.4710487753843405,52,opx_liq,raw
"{'n_estimators': 700, 'max_depth': 16, 'min_samples_split': 4, 'min_samples_leaf': 1, 'max_features': 0.9617027856430507}",RF,T_C,8.295082306840213,74.56954276557678,52.13177782335916,0.7165242931028685,0.11123954900618535,52,opx_liq,alr
"{'n_estimators': 400, 'max_depth': 17, 'min_samples_split': 2, 'min_samples_leaf': 1, 'max_features': 0.9913821292378133}",RF,P_kbar,1.0823351095184493e-08,7.809420808012417,5.277675445039052,0.546635280824961,1.3859351879309414e-09,52,opx_liq,alr
"{'n_estimators': 200, 'max_depth': 39, 'min_samples_split': 3, 'min_samples_leaf': 2, 'max_features': 0.925937244061412}",ERT,T_C,17.970544290860794,74.74854897311425,53.294948183370636,0.7151616773376852,0.24041328611374763,52,opx_liq,alr
"{'n_estimators': 800, 'max_depth': 40, 'min_samples_split': 4, 'min_samples_leaf': 1, 'max_features': 0.9207149490479796}",ERT,P_kbar,0.18763075064226964,8.393023890863414,5.832565521164316,0.47634290943397883,0.022355560174983313,52,opx_liq,alr
"{'n_estimators': 300, 'max_depth': 9, 'learning_rate': 0.044370239327904265, 'subsample': 0.6186102537284777, 'colsample_bytree': 0.8347988374863223, 'reg_alpha': 0.4266519616462753, 'reg_lambda': 0.013001812345396529, 'min_child_weight': 8}",XGB,T_C,10.513739985108142,70.92485767807452,54.81545849844042,0.743557600056223,0.148237731160909,52,opx_liq,alr
"{'n_estimators': 600, 'max_depth': 4, 'learning_rate': 0.05520376279413778, 'subsample': 0.8965368530363559, 'colsample_bytree': 0.9369811632028784, 'reg_alpha': 0.13218554366329102, 'reg_lambda': 1.4140951144310965, 'min_child_weight': 2}",XGB,P_kbar,0.12115213161290772,6.3829350615227645,4.421612665841012,0.6971337209983308,0.018980630453728085,52,opx_liq,alr
"{'max_iter': 600, 'max_depth': 10, 'learning_rate': 0.01303561122512888, 'min_samples_leaf': 18, 'l2_regularization': 0.00016832027985721928, 'max_leaf_nodes': 29}",GB,T_C,30.897325451373955,81.87261353566524,67.91950297098472,0.6582801595291654,0.3773829137372597,52,opx_liq,alr
"{'max_iter': 800, 'max_depth': 3, 'learning_rate': 0.029444696740863748, 'min_samples_leaf': 42, 'l2_regularization': 0.0001642303208889874, 'max_leaf_nodes': 47}",GB,P_kbar,3.5734739058184863,6.718191600862885,5.07550029721653,0.6644827596392802,0.5319100910071557,52,opx_liq,alr
"{'n_estimators': 800, 'max_depth': 20, 'min_samples_split': 3, 'min_samples_leaf': 3, 'max_features': 0.6718327665894177}",RF,T_C,24.138934729375812,82.25766430002743,64.99972763924147,0.6550583520812221,0.2934551440864066,52,opx_liq,pwlr
"{'n_estimators': 600, 'max_depth': 13, 'min_samples_split': 2, 'min_samples_leaf': 2, 'max_features': 0.6214287464725687}",RF,P_kbar,0.7496612538381828,9.282894805710452,6.876710212094052,0.3594147597512156,0.08075727125303869,52,opx_liq,pwlr
"{'n_estimators': 300, 'max_depth': 29, 'min_samples_split': 8, 'min_samples_leaf': 3, 'max_features': 0.94793431026209}",ERT,T_C,26.923357016584987,77.94979109659651,59.7842433400242,0.690241810024268,0.34539357499010065,52,opx_liq,pwlr
"{'n_estimators': 200, 'max_depth': 19, 'min_samples_split': 6, 'min_samples_leaf': 1, 'max_features': 0.9765770522028188}",ERT,P_kbar,0.34910018354600625,9.626870860695488,7.1764851004673496,0.311061648011264,0.036263100294749946,52,opx_liq,pwlr
"{'n_estimators': 200, 'max_depth': 4, 'learning_rate': 0.055660389092322814, 'subsample': 0.8352306366245513, 'colsample_bytree': 0.6092767764644771, 'reg_alpha': 0.00020031093636758556, 'reg_lambda': 0.021918881030042102, 'min_child_weight': 9}",XGB,T_C,17.562497518355173,73.82422460258098,57.19925270848372,0.7221626200071942,0.23789613250798936,52,opx_liq,pwlr
"{'n_estimators': 800, 'max_depth': 3, 'learning_rate': 0.015441107302807584, 'subsample': 0.7540912918616595, 'colsample_bytree': 0.8998866913681112, 'reg_alpha': 0.9635564343883989, 'reg_lambda': 7.971774745976854, 'min_child_weight': 2}",XGB,P_kbar,1.465404679895385,8.290846544894682,6.216591748474287,0.48901538597993444,0.176749704865512,52,opx_liq,pwlr
"{'max_iter': 400, 'max_depth': 9, 'learning_rate': 0.01126423210556121, 'min_samples_leaf': 20, 'l2_regularization': 0.006953511542018146, 'max_leaf_nodes': 22}",GB,T_C,37.14133490401277,73.09782849637581,56.04530686624471,0.727603302507976,0.5081044904891291,52,opx_liq,pwlr
"{'max_iter': 800, 'max_depth': 3, 'learning_rate': 0.030143189993220822, 'min_samples_leaf': 14, 'l2_regularization': 0.1305105585202014, 'max_leaf_nodes': 29}",GB,P_kbar,2.450355010822201,7.725386315564967,5.65887301459211,0.556339788697302,0.3171821978514227,52,opx_liq,pwlr
"{'n_estimators': 600, 'max_depth': 7, 'min_samples_split': 4, 'min_samples_leaf': 2, 'max_features': 0.8327060098896433}",RF,T_C,26.888287875959083,100.68512715121456,79.18139904465264,0.7754041317435528,0.26705322460959646,53,opx_liq,raw
"{'n_estimators': 700, 'max_depth': 19, 'min_samples_split': 2, 'min_samples_leaf': 1, 'max_features': 0.6340065654844887}",RF,P_kbar,1.9989791761338963e-08,6.9351593962981175,4.543309192153422,0.6288470693878097,2.882383896181133e-09,53,opx_liq,raw
"{'n_estimators': 800, 'max_depth': 28, 'min_samples_split': 4, 'min_samples_leaf': 2, 'max_features': 0.9762799285983367}",ERT,T_C,14.867715550874404,94.42111640992057,71.9547908817006,0.8024807721938045,0.15746176402244164,53,opx_liq,raw
"{'n_estimators': 800, 'max_depth': 38, 'min_samples_split': 3, 'min_samples_leaf': 1, 'max_features': 0.9667280361382236}",ERT,P_kbar,0.012840347650586866,7.2070284768536705,4.567873047792417,0.5991771463096001,0.0017816424191780772,53,opx_liq,raw
"{'n_estimators': 800, 'max_depth': 4, 'learning_rate': 0.011006700027444857, 'subsample': 0.7610866841567874, 'colsample_bytree': 0.8940662480571784, 'reg_alpha': 0.0012475769766455479, 'reg_lambda': 0.04330019631637472, 'min_child_weight': 3}",XGB,T_C,17.392705490319358,91.51150799934987,75.08525501598011,0.8144664130357498,0.19006030903176593,53,opx_liq,raw
"{'n_estimators': 800, 'max_depth': 3, 'learning_rate': 0.01863482860663478, 'subsample': 0.656715645474182, 'colsample_bytree': 0.9409679707458907, 'reg_alpha': 0.0006782290125591015, 'reg_lambda': 2.520106803290839, 'min_child_weight': 3}",XGB,P_kbar,1.3503179438950672,5.113081721315946,3.953381734847955,0.7982537515486356,0.2640908198798626,53,opx_liq,raw
"{'max_iter': 400, 'max_depth': 4, 'learning_rate': 0.01001391429235529, 'min_samples_leaf': 10, 'l2_regularization': 0.0004305608289370158, 'max_leaf_nodes': 81}",GB,T_C,42.58357973982882,96.36135659573607,79.14606852132091,0.7942798047807373,0.4419155275955623,53,opx_liq,raw
"{'max_iter': 400, 'max_depth': 3, 'learning_rate': 0.05466586286870985, 'min_samples_leaf': 22, 'l2_regularization': 0.0008290237734273495, 'max_leaf_nodes': 39}",GB,P_kbar,2.1704136790102595,4.700993307657392,3.6790443626616667,0.8294627461023186,0.46169256941397857,53,opx_liq,raw
"{'n_estimators': 700, 'max_depth': 16, 'min_samples_split': 4, 'min_samples_leaf': 1, 'max_features': 0.9617027856430507}",RF,T_C,7.29395361452473,94.86948919990414,73.53010235415537,0.8006004190236872,0.07688408229072767,53,opx_liq,alr
"{'n_estimators': 400, 'max_depth': 17, 'min_samples_split': 2, 'min_samples_leaf': 1, 'max_features': 0.9913821292378133}",RF,P_kbar,1.8526012884073007e-08,7.055056035222189,4.728200180124671,0.6159029827734251,2.625920019852763e-09,53,opx_liq,alr
"{'n_estimators': 200, 'max_depth': 39, 'min_samples_split': 3, 'min_samples_leaf': 2, 'max_features': 0.925937244061412}",ERT,T_C,15.464507434128972,89.7974248881186,67.65646390646388,0.82135170236363,0.17221548895635574,53,opx_liq,alr
"{'n_estimators': 800, 'max_depth': 40, 'min_samples_split': 4, 'min_samples_leaf': 1, 'max_features': 0.9207149490479796}",ERT,P_kbar,0.3583329835797103,8.421002148011462,4.975365503673826,0.45277295131712936,0.04255229689786116,53,opx_liq,alr
"{'n_estimators': 300, 'max_depth': 9, 'learning_rate': 0.044370239327904265, 'subsample': 0.6186102537284777, 'colsample_bytree': 0.8347988374863223, 'reg_alpha': 0.4266519616462753, 'reg_lambda': 0.013001812345396529, 'min_child_weight': 8}",XGB,T_C,9.700282622923174,86.60160413557058,67.3551543264678,0.8338413365888406,0.11201042659369052,53,opx_liq,alr
"{'n_estimators': 600, 'max_depth': 4, 'learning_rate': 0.05520376279413778, 'subsample': 0.8965368530363559, 'colsample_bytree': 0.9369811632028784, 'reg_alpha': 0.13218554366329102, 'reg_lambda': 1.4140951144310965, 'min_child_weight': 2}",XGB,P_kbar,0.1696489064920227,5.980755108898806,4.4283124496863895,0.723972698674388,0.02836580053906587,53,opx_liq,alr
"{'max_iter': 600, 'max_depth': 10, 'learning_rate': 0.01303561122512888, 'min_samples_leaf': 18, 'l2_regularization': 0.00016832027985721928, 'max_leaf_nodes': 29}",GB,T_C,44.56402345473913,99.88768102941792,82.54391395869112,0.778947730349528,0.4461413359032189,53,opx_liq,alr
"{'max_iter': 800, 'max_depth': 3, 'learning_rate': 0.029444696740863748, 'min_samples_leaf': 42, 'l2_regularization': 0.0001642303208889874, 'max_leaf_nodes': 47}",GB,P_kbar,2.899264222377777,6.325183308844393,4.548601940411404,0.6912647401068397,0.45836841097139225,53,opx_liq,alr
"{'n_estimators': 800, 'max_depth': 20, 'min_samples_split': 3, 'min_samples_leaf': 3, 'max_features': 0.6718327665894177}",RF,T_C,21.182826349946666,95.36369934965688,78.19310659584913,0.7985175159322595,0.22212672635819766,53,opx_liq,pwlr
"{'n_estimators': 600, 'max_depth': 13, 'min_samples_split': 2, 'min_samples_leaf': 2, 'max_features': 0.6214287464725687}",RF,P_kbar,0.9066639781574933,7.347589448440966,4.907357402933723,0.5833899300114587,0.12339611304083846,53,opx_liq,pwlr
"{'n_estimators': 300, 'max_depth': 29, 'min_samples_split': 8, 'min_samples_leaf': 3, 'max_features': 0.94793431026209}",ERT,T_C,24.385432489572548,94.48442233429323,76.25381744850692,0.8022158244880822,0.2580894488966127,53,opx_liq,pwlr
"{'n_estimators': 200, 'max_depth': 19, 'min_samples_split': 6, 'min_samples_leaf': 1, 'max_features': 0.9765770522028188}",ERT,P_kbar,0.49240289113303903,8.6307404664814,5.630463935752362,0.4251743832231879,0.057052218525785764,53,opx_liq,pwlr
"{'n_estimators': 200, 'max_depth': 4, 'learning_rate': 0.055660389092322814, 'subsample': 0.8352306366245513, 'colsample_bytree': 0.6092767764644771, 'reg_alpha': 0.00020031093636758556, 'reg_lambda': 0.021918881030042102, 'min_child_weight': 9}",XGB,T_C,16.901441148897803,91.7576565254297,75.14659904711175,0.8134669706665549,0.18419652145555548,53,opx_liq,pwlr
"{'n_estimators': 800, 'max_depth': 3, 'learning_rate': 0.015441107302807584, 'subsample': 0.7540912918616595, 'colsample_bytree': 0.8998866913681112, 'reg_alpha': 0.9635564343883989, 'reg_lambda': 7.971774745976854, 'min_child_weight': 2}",XGB,P_kbar,1.5699084670200945,6.601849899297342,4.7634634995122695,0.6636655980381281,0.23779826729886502,53,opx_liq,pwlr
"{'max_iter': 400, 'max_depth': 9, 'learning_rate': 0.01126423210556121, 'min_samples_leaf': 20, 'l2_regularization': 0.006953511542018146, 'max_leaf_nodes': 22}",GB,T_C,45.42627753035011,102.14173397337417,84.99902130838186,0.768858690536496,0.44473767737477043,53,opx_liq,pwlr
"{'max_iter': 800, 'max_depth': 3, 'learning_rate': 0.030143189993220822, 'min_samples_leaf': 14, 'l2_regularization': 0.1305105585202014, 'max_leaf_nodes': 29}",GB,P_kbar,1.9739797348548735,6.781586893898577,5.051151701214766,0.6451027278641064,0.2910793249041565,53,opx_liq,pwlr
"{'n_estimators': 600, 'max_depth': 7, 'min_samples_split': 4, 'min_samples_leaf': 2, 'max_features': 0.8327060098896433}",RF,T_C,28.61096483653432,96.20149625903802,68.78762236914723,0.7201626138454529,0.29740665113455916,54,opx_liq,raw
"{'n_estimators': 700, 'max_depth': 19, 'min_samples_split': 2, 'min_samples_leaf': 1, 'max_features': 0.6340065654844887}",RF,P_kbar,2.5048682956828285e-08,6.402645584844524,3.8875330980970215,0.601473091054697,3.912239499265763e-09,54,opx_liq,raw
"{'n_estimators': 800, 'max_depth': 28, 'min_samples_split': 4, 'min_samples_leaf': 2, 'max_features': 0.9762799285983367}",ERT,T_C,13.604805426020546,94.98994138864909,63.726026078426976,0.7271667343356993,0.14322364270503976,54,opx_liq,raw
"{'n_estimators': 800, 'max_depth': 38, 'min_samples_split': 3, 'min_samples_leaf': 1, 'max_features': 0.9667280361382236}",ERT,P_kbar,0.11024989951513942,6.941434076193438,3.96301306581489,0.5315781629493677,0.01588287064387112,54,opx_liq,raw
"{'n_estimators': 800, 'max_depth': 4, 'learning_rate': 0.011006700027444857, 'subsample': 0.7610866841567874, 'colsample_bytree': 0.8940662480571784, 'reg_alpha': 0.0012475769766455479, 'reg_lambda': 0.04330019631637472, 'min_child_weight': 3}",XGB,T_C,16.532948165742933,88.3899631712619,63.64003697837271,0.7637629624888497,0.18704553744081961,54,opx_liq,raw
"{'n_estimators': 800, 'max_depth': 3, 'learning_rate': 0.01863482860663478, 'subsample': 0.656715645474182, 'colsample_bytree': 0.9409679707458907, 'reg_alpha': 0.0006782290125591015, 'reg_lambda': 2.520106803290839, 'min_child_weight': 3}",XGB,P_kbar,1.42638448937462,4.937946354563193,3.483366485448009,0.7629546387499573,0.28886188446670497,54,opx_liq,raw
"{'max_iter': 400, 'max_depth': 4, 'learning_rate': 0.01001391429235529, 'min_samples_leaf': 10, 'l2_regularization': 0.0004305608289370158, 'max_leaf_nodes': 81}",GB,T_C,38.68316073844498,99.820837193338,74.90093035598021,0.6987101523417402,0.3875259096807764,54,opx_liq,raw
"{'max_iter': 400, 'max_depth': 3, 'learning_rate': 0.05466586286870985, 'min_samples_leaf': 22, 'l2_regularization': 0.0008290237734273495, 'max_leaf_nodes': 39}",GB,P_kbar,2.678979309865859,5.6444305493670655,3.851770543574981,0.6902730516980704,0.47462348707014645,54,opx_liq,raw
"{'n_estimators': 700, 'max_depth': 16, 'min_samples_split': 4, 'min_samples_leaf': 1, 'max_features': 0.9617027856430507}",RF,T_C,7.091607045604751,100.30215876233557,72.32624814935355,0.6957975955557545,0.07070243684792672,54,opx_liq,alr
"{'n_estimators': 400, 'max_depth': 17, 'min_samples_split': 2, 'min_samples_leaf': 1, 'max_features': 0.9913821292378133}",RF,P_kbar,2.7331786215020013e-08,6.9934741590636404,4.192944704513071,0.5245282976569954,3.908184343485081e-09,54,opx_liq,alr
"{'n_estimators': 200, 'max_depth': 39, 'min_samples_split': 3, 'min_samples_leaf': 2, 'max_features': 0.925937244061412}",ERT,T_C,14.276488834997222,96.60569865510618,67.64160605866019,0.7178061314381117,0.14778102155200992,54,opx_liq,alr
"{'n_estimators': 800, 'max_depth': 40, 'min_samples_split': 4, 'min_samples_leaf': 1, 'max_features': 0.9207149490479796}",ERT,P_kbar,0.34845384250476574,8.568916896692688,3.8780496622937446,0.28617691652970334,0.040664864265314224,54,opx_liq,alr
"{'n_estimators': 300, 'max_depth': 9, 'learning_rate': 0.044370239327904265, 'subsample': 0.6186102537284777, 'colsample_bytree': 0.8347988374863223, 'reg_alpha': 0.4266519616462753, 'reg_lambda': 0.013001812345396529, 'min_child_weight': 8}",XGB,T_C,8.524343452000595,88.76864946616793,63.047307456411964,0.7617344207864613,0.09602876131679176,54,opx_liq,alr
"{'n_estimators': 600, 'max_depth': 4, 'learning_rate': 0.05520376279413778, 'subsample': 0.8965368530363559, 'colsample_bytree': 0.9369811632028784, 'reg_alpha': 0.13218554366329102, 'reg_lambda': 1.4140951144310965, 'min_child_weight': 2}",XGB,P_kbar,0.17006155094759245,5.4206482998384065,3.885628171918455,0.7143454230423265,0.031372917322944956,54,opx_liq,alr
"{'max_iter': 600, 'max_depth': 10, 'learning_rate': 0.01303561122512888, 'min_samples_leaf': 18, 'l2_regularization': 0.00016832027985721928, 'max_leaf_nodes': 29}",GB,T_C,36.571115406407806,97.00287217216717,71.80221824248284,0.7154810030227361,0.3770106450198603,54,opx_liq,alr
"{'max_iter': 800, 'max_depth': 3, 'learning_rate': 0.029444696740863748, 'min_samples_leaf': 42, 'l2_regularization': 0.0001642303208889874, 'max_leaf_nodes': 47}",GB,P_kbar,3.0408967282506367,6.814732109140213,4.3287852194935725,0.5485223016272258,0.4462239570902655,54,opx_liq,alr
"{'n_estimators': 800, 'max_depth': 20, 'min_samples_split': 3, 'min_samples_leaf': 3, 'max_features': 0.6718327665894177}",RF,T_C,19.988170563939384,92.04818711022736,64.48679187174612,0.7438038725268322,0.21714898675846409,54,opx_liq,pwlr
"{'n_estimators': 600, 'max_depth': 13, 'min_samples_split': 2, 'min_samples_leaf': 2, 'max_features': 0.6214287464725687}",RF,P_kbar,0.8949644383565191,6.919522592427026,4.256143253529834,0.534530756857102,0.12933904419012957,54,opx_liq,pwlr
"{'n_estimators': 300, 'max_depth': 29, 'min_samples_split': 8, 'min_samples_leaf': 3, 'max_features': 0.94793431026209}",ERT,T_C,24.01703990134619,93.06256987653298,61.33526727612667,0.7381261312209828,0.25807411006605374,54,opx_liq,pwlr
"{'n_estimators': 200, 'max_depth': 19, 'min_samples_split': 6, 'min_samples_leaf': 1, 'max_features': 0.9765770522028188}",ERT,P_kbar,0.49524221074058883,8.219686002029587,4.597696950047494,0.3431757463089715,0.06025074566331423,54,opx_liq,pwlr
"{'n_estimators': 200, 'max_depth': 4, 'learning_rate': 0.055660389092322814, 'subsample': 0.8352306366245513, 'colsample_bytree': 0.6092767764644771, 'reg_alpha': 0.00020031093636758556, 'reg_lambda': 0.021918881030042102, 'min_child_weight': 9}",XGB,T_C,16.801296123464624,87.12865115080625,60.72253045803163,0.7704569947048165,0.19283319438039015,54,opx_liq,pwlr
"{'n_estimators': 800, 'max_depth': 3, 'learning_rate': 0.015441107302807584, 'subsample': 0.7540912918616595, 'colsample_bytree': 0.8998866913681112, 'reg_alpha': 0.9635564343883989, 'reg_lambda': 7.971774745976854, 'min_child_weight': 2}",XGB,P_kbar,1.6136111431036053,6.342835465046906,4.149966760487692,0.6088839684760134,0.2543990226446261,54,opx_liq,pwlr
"{'max_iter': 400, 'max_depth': 9, 'learning_rate': 0.01126423210556121, 'min_samples_leaf': 20, 'l2_regularization': 0.006953511542018146, 'max_leaf_nodes': 22}",GB,T_C,33.792124982726,96.59381334232567,66.56582138885105,0.7178755632857519,0.34983736342375976,54,opx_liq,pwlr
"{'max_iter': 800, 'max_depth': 3, 'learning_rate': 0.030143189993220822, 'min_samples_leaf': 14, 'l2_regularization': 0.1305105585202014, 'max_leaf_nodes': 29}",GB,P_kbar,2.1961033112643626,7.0335343555439405,4.590831628448269,0.5190654780225958,0.3122332529069628,54,opx_liq,pwlr
"{'n_estimators': 600, 'max_depth': 7, 'min_samples_split': 4, 'min_samples_leaf': 2, 'max_features': 0.8327060098896433}",RF,T_C,28.079671568682745,67.92902553448636,50.57216851232911,0.7969492397543952,0.41336779598622675,55,opx_liq,raw
"{'n_estimators': 700, 'max_depth': 19, 'min_samples_split': 2, 'min_samples_leaf': 1, 'max_features': 0.6340065654844887}",RF,P_kbar,2.2915257066738688e-08,6.275734893043151,4.044162953831607,0.6184249831749165,3.6514061631476768e-09,55,opx_liq,raw
"{'n_estimators': 800, 'max_depth': 28, 'min_samples_split': 4, 'min_samples_leaf': 2, 'max_features': 0.9762799285983367}",ERT,T_C,16.329288796283514,62.442071982725984,46.56595675910978,0.8284271908447629,0.26151100176177466,55,opx_liq,raw
"{'n_estimators': 800, 'max_depth': 38, 'min_samples_split': 3, 'min_samples_leaf': 1, 'max_features': 0.9667280361382236}",ERT,P_kbar,0.012799810082047003,5.722733780231202,3.5933997816316134,0.682708937017076,0.002236660060312972,55,opx_liq,raw
"{'n_estimators': 800, 'max_depth': 4, 'learning_rate': 0.011006700027444857, 'subsample': 0.7610866841567874, 'colsample_bytree': 0.8940662480571784, 'reg_alpha': 0.0012475769766455479, 'reg_lambda': 0.04330019631637472, 'min_child_weight': 3}",XGB,T_C,17.891535464412183,66.01440527767109,52.891531772346596,0.8082341450558587,0.2710247163351159,55,opx_liq,raw
"{'n_estimators': 800, 'max_depth': 3, 'learning_rate': 0.01863482860663478, 'subsample': 0.656715645474182, 'colsample_bytree': 0.9409679707458907, 'reg_alpha': 0.0006782290125591015, 'reg_lambda': 2.520106803290839, 'min_child_weight': 3}",XGB,P_kbar,1.3232447139206616,5.0860896526602035,3.8190371242742525,0.7493782398015576,0.26016936473555047,55,opx_liq,raw
"{'max_iter': 400, 'max_depth': 4, 'learning_rate': 0.01001391429235529, 'min_samples_leaf': 10, 'l2_regularization': 0.0004305608289370158, 'max_leaf_nodes': 81}",GB,T_C,41.42836198718322,70.79124419360764,56.74882389879385,0.7794774826267741,0.5852187295067227,55,opx_liq,raw
"{'max_iter': 400, 'max_depth': 3, 'learning_rate': 0.05466586286870985, 'min_samples_leaf': 22, 'l2_regularization': 0.0008290237734273495, 'max_leaf_nodes': 39}",GB,P_kbar,2.5205941268488092,5.284551721895018,3.965646325329229,0.7294378389345519,0.47697406695925665,55,opx_liq,raw
"{'n_estimators': 700, 'max_depth': 16, 'min_samples_split': 4, 'min_samples_leaf': 1, 'max_features': 0.9617027856430507}",RF,T_C,8.044991758691383,62.9282404093924,47.53481157203745,0.82574508872252,0.1278439013446596,55,opx_liq,alr
"{'n_estimators': 400, 'max_depth': 17, 'min_samples_split': 2, 'min_samples_leaf': 1, 'max_features': 0.9913821292378133}",RF,P_kbar,2.5390450979899563e-08,4.573759284537641,2.371171826717257,0.7973263160731727,5.551330841947943e-09,55,opx_liq,alr
"{'n_estimators': 200, 'max_depth': 39, 'min_samples_split': 3, 'min_samples_leaf': 2, 'max_features': 0.925937244061412}",ERT,T_C,17.433520340032732,60.0633550005257,45.69102240960793,0.8412502590503087,0.29025219020616055,55,opx_liq,alr
"{'n_estimators': 800, 'max_depth': 40, 'min_samples_split': 4, 'min_samples_leaf': 1, 'max_features': 0.9207149490479796}",ERT,P_kbar,0.3051854856141684,6.246775723767986,4.129020034651126,0.6219383885506358,0.04885488115940937,55,opx_liq,alr
"{'n_estimators': 300, 'max_depth': 9, 'learning_rate': 0.044370239327904265, 'subsample': 0.6186102537284777, 'colsample_bytree': 0.8347988374863223, 'reg_alpha': 0.4266519616462753, 'reg_lambda': 0.013001812345396529, 'min_child_weight': 8}",XGB,T_C,10.612540260834567,63.05626699967451,47.421813895161236,0.8250353292911352,0.16830270432738031,55,opx_liq,alr
"{'n_estimators': 600, 'max_depth': 4, 'learning_rate': 0.05520376279413778, 'subsample': 0.8965368530363559, 'colsample_bytree': 0.9369811632028784, 'reg_alpha': 0.13218554366329102, 'reg_lambda': 1.4140951144310965, 'min_child_weight': 2}",XGB,P_kbar,0.12084627370590766,5.0706832888691995,3.706981925434719,0.7508942657884301,0.02383234503546706,55,opx_liq,alr
"{'max_iter': 600, 'max_depth': 10, 'learning_rate': 0.01303561122512888, 'min_samples_leaf': 18, 'l2_regularization': 0.00016832027985721928, 'max_leaf_nodes': 29}",GB,T_C,37.72185085218091,71.45613010273232,54.797740046754896,0.7753156439820603,0.5279022359306093,55,opx_liq,alr
"{'max_iter': 800, 'max_depth': 3, 'learning_rate': 0.029444696740863748, 'min_samples_leaf': 42, 'l2_regularization': 0.0001642303208889874, 'max_leaf_nodes': 47}",GB,P_kbar,3.8692128753132105,5.1144017587650445,3.7370997253092755,0.7465802635426398,0.7565328376250783,55,opx_liq,alr
"{'n_estimators': 800, 'max_depth': 20, 'min_samples_split': 3, 'min_samples_leaf': 3, 'max_features': 0.6718327665894177}",RF,T_C,23.861104842703142,63.73961833425875,48.9800422682824,0.8212225377790481,0.37435280389619596,55,opx_liq,pwlr
"{'n_estimators': 600, 'max_depth': 13, 'min_samples_split': 2, 'min_samples_leaf': 2, 'max_features': 0.6214287464725687}",RF,P_kbar,0.7451987697107197,6.652215157774775,4.333763807382378,0.5712705385622886,0.11202264990478682,55,opx_liq,pwlr
"{'n_estimators': 300, 'max_depth': 29, 'min_samples_split': 8, 'min_samples_leaf': 3, 'max_features': 0.94793431026209}",ERT,T_C,28.627345524398528,60.3133872004756,44.746469228870545,0.8399258187758039,0.474643306456063,55,opx_liq,pwlr
"{'n_estimators': 200, 'max_depth': 19, 'min_samples_split': 6, 'min_samples_leaf': 1, 'max_features': 0.9765770522028188}",ERT,P_kbar,0.5411154330309343,8.092332017210294,5.430772200173174,0.36554892244548987,0.06686767570585611,55,opx_liq,pwlr
"{'n_estimators': 200, 'max_depth': 4, 'learning_rate': 0.055660389092322814, 'subsample': 0.8352306366245513, 'colsample_bytree': 0.6092767764644771, 'reg_alpha': 0.00020031093636758556, 'reg_lambda': 0.021918881030042102, 'min_child_weight': 9}",XGB,T_C,17.466948613529095,64.05094230895129,49.81539423068429,0.8194718641383184,0.2727040069024565,55,opx_liq,pwlr
"{'n_estimators': 800, 'max_depth': 3, 'learning_rate': 0.015441107302807584, 'subsample': 0.7540912918616595, 'colsample_bytree': 0.8998866913681112, 'reg_alpha': 0.9635564343883989, 'reg_lambda': 7.971774745976854, 'min_child_weight': 2}",XGB,P_kbar,1.482286518367817,6.174039690162004,4.58340695867032,0.6306912585023793,0.24008373654120818,55,opx_liq,pwlr
"{'max_iter': 400, 'max_depth': 9, 'learning_rate': 0.01126423210556121, 'min_samples_leaf': 20, 'l2_regularization': 0.006953511542018146, 'max_leaf_nodes': 22}",GB,T_C,35.95795688412575,61.13720124533688,45.08197249028834,0.8355230825607967,0.588151831481955,55,opx_liq,pwlr
"{'max_iter': 800, 'max_depth': 3, 'learning_rate': 0.030143189993220822, 'min_samples_leaf': 14, 'l2_regularization': 0.1305105585202014, 'max_leaf_nodes': 29}",GB,P_kbar,2.0667798149026413,6.671057743908876,4.633161625498444,0.5688383223092275,0.30981291037238434,55,opx_liq,pwlr
"{'n_estimators': 600, 'max_depth': 7, 'min_samples_split': 4, 'min_samples_leaf': 2, 'max_features': 0.8327060098896433}",RF,T_C,23.894206414294043,86.1146888810898,52.851326540625884,0.5830973852844894,0.2774695783583217,56,opx_liq,raw
"{'n_estimators': 700, 'max_depth': 19, 'min_samples_split': 2, 'min_samples_leaf': 1, 'max_features': 0.6340065654844887}",RF,P_kbar,2.3488337789078023e-08,4.904870507663056,3.3127132474101746,0.4000896059971899,4.788778368844059e-09,56,opx_liq,raw
"{'n_estimators': 800, 'max_depth': 28, 'min_samples_split': 4, 'min_samples_leaf': 2, 'max_features': 0.9762799285983367}",ERT,T_C,15.645552072750982,88.29021958448682,55.02752731921388,0.5617667364677057,0.17720594813765772,56,opx_liq,raw
"{'n_estimators': 800, 'max_depth': 38, 'min_samples_split': 3, 'min_samples_leaf': 1, 'max_features': 0.9667280361382236}",ERT,P_kbar,0.012241813265479058,6.32496293606165,4.683904787351631,0.002421078527622078,0.0019354758896186733,56,opx_liq,raw
"{'n_estimators': 800, 'max_depth': 4, 'learning_rate': 0.011006700027444857, 'subsample': 0.7610866841567874, 'colsample_bytree': 0.8940662480571784, 'reg_alpha': 0.0012475769766455479, 'reg_lambda': 0.04330019631637472, 'min_child_weight': 3}",XGB,T_C,16.748904567442736,84.3994032014749,54.02326122372583,0.5995402272949538,0.1984481398222736,56,opx_liq,raw
"{'n_estimators': 800, 'max_depth': 3, 'learning_rate': 0.01863482860663478, 'subsample': 0.656715645474182, 'colsample_bytree': 0.9409679707458907, 'reg_alpha': 0.0006782290125591015, 'reg_lambda': 2.520106803290839, 'min_child_weight': 3}",XGB,P_kbar,1.360417434940761,4.49683172048139,3.705590166924517,0.4957515570783009,0.3025279840347521,56,opx_liq,raw
"{'max_iter': 400, 'max_depth': 4, 'learning_rate': 0.01001391429235529, 'min_samples_leaf': 10, 'l2_regularization': 0.0004305608289370158, 'max_leaf_nodes': 81}",GB,T_C,37.772885095114546,89.30380181014532,57.28490958680033,0.5516470403201742,0.42297062755981546,56,opx_liq,raw
"{'max_iter': 400, 'max_depth': 3, 'learning_rate': 0.05466586286870985, 'min_samples_leaf': 22, 'l2_regularization': 0.0008290237734273495, 'max_leaf_nodes': 39}",GB,P_kbar,2.1842489562732035,4.701764846231139,3.8085148096338997,0.4487442870153784,0.4645593788094407,56,opx_liq,raw
"{'n_estimators': 700, 'max_depth': 16, 'min_samples_split': 4, 'min_samples_leaf': 1, 'max_features': 0.9617027856430507}",RF,T_C,8.199835852689388,85.58685037239498,52.18926721572356,0.58819251687445,0.0958071925419766,56,opx_liq,alr
"{'n_estimators': 400, 'max_depth': 17, 'min_samples_split': 2, 'min_samples_leaf': 1, 'max_features': 0.9913821292378133}",RF,P_kbar,2.3048255070162053e-08,4.247231530915087,2.351141492297452,0.5501754364761673,5.426653786683532e-09,56,opx_liq,alr
"{'n_estimators': 200, 'max_depth': 39, 'min_samples_split': 3, 'min_samples_leaf': 2, 'max_features': 0.925937244061412}",ERT,T_C,15.535174212568329,90.15139687688934,58.775747188915126,0.5430958886496016,0.17232316692533503,56,opx_liq,alr
"{'n_estimators': 800, 'max_depth': 40, 'min_samples_split': 4, 'min_samples_leaf': 1, 'max_features': 0.9207149490479796}",ERT,P_kbar,0.26104009295375963,7.1546715641215695,5.3330840141297795,-0.2764702537948427,0.03648526569169069,56,opx_liq,alr
"{'n_estimators': 300, 'max_depth': 9, 'learning_rate': 0.044370239327904265, 'subsample': 0.6186102537284777, 'colsample_bytree': 0.8347988374863223, 'reg_alpha': 0.4266519616462753, 'reg_lambda': 0.013001812345396529, 'min_child_weight': 8}",XGB,T_C,9.060644556602124,81.38817547368289,54.211754559245875,0.6276059179925868,0.11132630144205544,56,opx_liq,alr
"{'n_estimators': 600, 'max_depth': 4, 'learning_rate': 0.05520376279413778, 'subsample': 0.8965368530363559, 'colsample_bytree': 0.9369811632028784, 'reg_alpha': 0.13218554366329102, 'reg_lambda': 1.4140951144310965, 'min_child_weight': 2}",XGB,P_kbar,0.14168952305103635,4.956243946629973,3.9778911615027264,0.3874569132781268,0.028588084964497957,56,opx_liq,alr
"{'max_iter': 600, 'max_depth': 10, 'learning_rate': 0.01303561122512888, 'min_samples_leaf': 18, 'l2_regularization': 0.00016832027985721928, 'max_leaf_nodes': 29}",GB,T_C,39.79300450731156,85.2707481730667,53.637675291505055,0.591228797865228,0.46666653406801495,56,opx_liq,alr
"{'max_iter': 800, 'max_depth': 3, 'learning_rate': 0.029444696740863748, 'min_samples_leaf': 42, 'l2_regularization': 0.0001642303208889874, 'max_leaf_nodes': 47}",GB,P_kbar,3.399387122158183,5.029388128324787,4.091013295313316,0.3692436971982088,0.6759047095636398,56,opx_liq,alr
"{'n_estimators': 800, 'max_depth': 20, 'min_samples_split': 3, 'min_samples_leaf': 3, 'max_features': 0.6718327665894177}",RF,T_C,20.40890775046705,84.00341821462769,51.88945601772415,0.6032891650451596,0.2429533009992825,56,opx_liq,pwlr
"{'n_estimators': 600, 'max_depth': 13, 'min_samples_split': 2, 'min_samples_leaf': 2, 'max_features': 0.6214287464725687}",RF,P_kbar,0.815199495787829,4.897085889399296,2.9728114394198184,0.4019923544668754,0.1664662442520129,56,opx_liq,pwlr
"{'n_estimators': 300, 'max_depth': 29, 'min_samples_split': 8, 'min_samples_leaf': 3, 'max_features': 0.94793431026209}",ERT,T_C,23.503615981966366,84.33956738385479,52.81500982206987,0.6001078460936771,0.27867840339984584,56,opx_liq,pwlr
"{'n_estimators': 200, 'max_depth': 19, 'min_samples_split': 6, 'min_samples_leaf': 1, 'max_features': 0.9765770522028188}",ERT,P_kbar,0.5372070294435718,6.5444133127667765,4.70872569956737,-0.06800364050740915,0.08208635423370857,56,opx_liq,pwlr
"{'n_estimators': 200, 'max_depth': 4, 'learning_rate': 0.055660389092322814, 'subsample': 0.8352306366245513, 'colsample_bytree': 0.6092767764644771, 'reg_alpha': 0.00020031093636758556, 'reg_lambda': 0.021918881030042102, 'min_child_weight': 9}",XGB,T_C,14.347431842741885,82.27266808983252,54.46562260403356,0.6194678906962569,0.17438879977827024,56,opx_liq,pwlr
"{'n_estimators': 800, 'max_depth': 3, 'learning_rate': 0.015441107302807584, 'subsample': 0.7540912918616595, 'colsample_bytree': 0.8998866913681112, 'reg_alpha': 0.9635564343883989, 'reg_lambda': 7.971774745976854, 'min_child_weight': 2}",XGB,P_kbar,1.5619165355428308,4.473371338726707,3.5642032091720077,0.5009992527765371,0.349158703195745,56,opx_liq,pwlr
"{'max_iter': 400, 'max_depth': 9, 'learning_rate': 0.01126423210556121, 'min_samples_leaf': 20, 'l2_regularization': 0.006953511542018146, 'max_leaf_nodes': 22}",GB,T_C,30.77244321255703,86.6776355784439,54.734323622850745,0.5776288393089929,0.35502171935352045,56,opx_liq,pwlr
"{'max_iter': 800, 'max_depth': 3, 'learning_rate': 0.030143189993220822, 'min_samples_leaf': 14, 'l2_regularization': 0.1305105585202014, 'max_leaf_nodes': 29}",GB,P_kbar,1.828842402992331,5.2174999348036755,4.068873060489208,0.32117754687869093,0.3505208291030188,56,opx_liq,pwlr
"{'n_estimators': 600, 'max_depth': 7, 'min_samples_split': 4, 'min_samples_leaf': 2, 'max_features': 0.8327060098896433}",RF,T_C,30.557617537161764,83.60798850660095,64.80040713746536,0.664607243758117,0.3654868163076212,57,opx_liq,raw
"{'n_estimators': 700, 'max_depth': 19, 'min_samples_split': 2, 'min_samples_leaf': 1, 'max_features': 0.6340065654844887}",RF,P_kbar,2.533346429963228e-08,4.640736706647839,3.3581234959364736,0.6555462659146728,5.458931609574441e-09,57,opx_liq,raw
"{'n_estimators': 800, 'max_depth': 28, 'min_samples_split': 4, 'min_samples_leaf': 2, 'max_features': 0.9762799285983367}",ERT,T_C,16.121043202864232,83.42701692858992,66.51113181443043,0.6660576043714488,0.19323528272218074,57,opx_liq,raw
"{'n_estimators': 800, 'max_depth': 38, 'min_samples_split': 3, 'min_samples_leaf': 1, 'max_features': 0.9667280361382236}",ERT,P_kbar,0.014774774889426752,5.531786290199789,3.8518804905008266,0.5105731109207337,0.0026708867830997026,57,opx_liq,raw
"{'n_estimators': 800, 'max_depth': 4, 'learning_rate': 0.011006700027444857, 'subsample': 0.7610866841567874, 'colsample_bytree': 0.8940662480571784, 'reg_alpha': 0.0012475769766455479, 'reg_lambda': 0.04330019631637472, 'min_child_weight': 3}",XGB,T_C,17.39463672781575,79.65483968163171,62.21151612089926,0.6955734932537341,0.21837513950614262,57,opx_liq,raw
"{'n_estimators': 800, 'max_depth': 3, 'learning_rate': 0.01863482860663478, 'subsample': 0.656715645474182, 'colsample_bytree': 0.9409679707458907, 'reg_alpha': 0.0006782290125591015, 'reg_lambda': 2.520106803290839, 'min_child_weight': 3}",XGB,P_kbar,1.290451839496698,4.512263134384992,3.324259514709698,0.6743539054841337,0.2859877185935839,57,opx_liq,raw
"{'max_iter': 400, 'max_depth': 4, 'learning_rate': 0.01001391429235529, 'min_samples_leaf': 10, 'l2_regularization': 0.0004305608289370158, 'max_leaf_nodes': 81}",GB,T_C,41.22371116006009,72.95337012766508,53.81645072648397,0.7446423653305977,0.565069318770613,57,opx_liq,raw
"{'max_iter': 400, 'max_depth': 3, 'learning_rate': 0.05466586286870985, 'min_samples_leaf': 22, 'l2_regularization': 0.0008290237734273495, 'max_leaf_nodes': 39}",GB,P_kbar,1.798914058301298,4.875518597295944,3.742784526650127,0.6198117651624448,0.36896876145627056,57,opx_liq,raw
"{'n_estimators': 700, 'max_depth': 16, 'min_samples_split': 4, 'min_samples_leaf': 1, 'max_features': 0.9617027856430507}",RF,T_C,7.499951747983184,80.2211461390395,57.86820459847078,0.6912294626351265,0.09349095729677369,57,opx_liq,alr
"{'n_estimators': 400, 'max_depth': 17, 'min_samples_split': 2, 'min_samples_leaf': 1, 'max_features': 0.9913821292378133}",RF,P_kbar,2.4789148045991886e-08,4.986813902788546,3.3855315012939373,0.6022562521645085,4.9709390663506e-09,57,opx_liq,alr
"{'n_estimators': 200, 'max_depth': 39, 'min_samples_split': 3, 'min_samples_leaf': 2, 'max_features': 0.925937244061412}",ERT,T_C,16.838519659061248,76.95439344756376,57.805126697719295,0.7158648471959266,0.21881167409284968,57,opx_liq,alr
"{'n_estimators': 800, 'max_depth': 40, 'min_samples_split': 4, 'min_samples_leaf': 1, 'max_features': 0.9207149490479796}",ERT,P_kbar,0.33441278920790574,5.460190137296187,3.7716552123807694,0.5231601190803538,0.06124563079290541,57,opx_liq,alr
"{'n_estimators': 300, 'max_depth': 9, 'learning_rate': 0.044370239327904265, 'subsample': 0.6186102537284777, 'colsample_bytree': 0.8347988374863223, 'reg_alpha': 0.4266519616462753, 'reg_lambda': 0.013001812345396529, 'min_child_weight': 8}",XGB,T_C,9.537222614734759,72.31395414500055,55.72238716039579,0.7490990258474686,0.13188633822472448,57,opx_liq,alr
"{'n_estimators': 600, 'max_depth': 4, 'learning_rate': 0.05520376279413778, 'subsample': 0.8965368530363559, 'colsample_bytree': 0.9369811632028784, 'reg_alpha': 0.13218554366329102, 'reg_lambda': 1.4140951144310965, 'min_child_weight': 2}",XGB,P_kbar,0.14899976779032834,5.389043991120072,4.276017131971003,0.5355055854366522,0.02764864566625292,57,opx_liq,alr
"{'max_iter': 600, 'max_depth': 10, 'learning_rate': 0.01303561122512888, 'min_samples_leaf': 18, 'l2_regularization': 0.00016832027985721928, 'max_leaf_nodes': 29}",GB,T_C,29.645498580577684,75.72445876863442,58.326841685422146,0.7248747283385872,0.39149171961935564,57,opx_liq,alr
"{'max_iter': 800, 'max_depth': 3, 'learning_rate': 0.029444696740863748, 'min_samples_leaf': 42, 'l2_regularization': 0.0001642303208889874, 'max_leaf_nodes': 47}",GB,P_kbar,2.5695901239194665,6.304869431650969,4.648308026382043,0.36421652932048143,0.4075564374132651,57,opx_liq,alr
"{'n_estimators': 800, 'max_depth': 20, 'min_samples_split': 3, 'min_samples_leaf': 3, 'max_features': 0.6718327665894177}",RF,T_C,21.782614202324513,73.77637129632232,55.25380305681729,0.7388483887879059,0.2952519054486264,57,opx_liq,pwlr
"{'n_estimators': 600, 'max_depth': 13, 'min_samples_split': 2, 'min_samples_leaf': 2, 'max_features': 0.6214287464725687}",RF,P_kbar,0.7981264584886977,5.578543652993242,3.833964578184882,0.5022643932299642,0.14307075612117012,57,opx_liq,pwlr
"{'n_estimators': 300, 'max_depth': 29, 'min_samples_split': 8, 'min_samples_leaf': 3, 'max_features': 0.94793431026209}",ERT,T_C,25.97548560394409,74.07414379486377,57.027554935633646,0.7367360403621444,0.35066872559308887,57,opx_liq,pwlr
"{'n_estimators': 200, 'max_depth': 19, 'min_samples_split': 6, 'min_samples_leaf': 1, 'max_features': 0.9765770522028188}",ERT,P_kbar,0.5170868906021777,6.541732005127376,4.498979028958341,0.3155487273264702,0.07904434027515765,57,opx_liq,pwlr
"{'n_estimators': 200, 'max_depth': 4, 'learning_rate': 0.055660389092322814, 'subsample': 0.8352306366245513, 'colsample_bytree': 0.6092767764644771, 'reg_alpha': 0.00020031093636758556, 'reg_lambda': 0.021918881030042102, 'min_child_weight': 9}",XGB,T_C,15.486969088746786,84.06767068892772,66.66021332503368,0.6609090826983284,0.1842202711438575,57,opx_liq,pwlr
"{'n_estimators': 800, 'max_depth': 3, 'learning_rate': 0.015441107302807584, 'subsample': 0.7540912918616595, 'colsample_bytree': 0.8998866913681112, 'reg_alpha': 0.9635564343883989, 'reg_lambda': 7.971774745976854, 'min_child_weight': 2}",XGB,P_kbar,1.4969892411204793,5.410296634530078,4.001393492917235,0.5318347304072796,0.2766926366968977,57,opx_liq,pwlr
"{'max_iter': 400, 'max_depth': 9, 'learning_rate': 0.01126423210556121, 'min_samples_leaf': 20, 'l2_regularization': 0.006953511542018146, 'max_leaf_nodes': 22}",GB,T_C,33.296005883112365,78.44849752247644,62.417836973627985,0.7047245167673126,0.42443140320912653,57,opx_liq,pwlr
"{'max_iter': 800, 'max_depth': 3, 'learning_rate': 0.030143189993220822, 'min_samples_leaf': 14, 'l2_regularization': 0.1305105585202014, 'max_leaf_nodes': 29}",GB,P_kbar,1.5515577767630209,5.969122537334896,4.237774449289296,0.430127070472771,0.2599306291768242,57,opx_liq,pwlr
"{'n_estimators': 600, 'max_depth': 7, 'min_samples_split': 4, 'min_samples_leaf': 2, 'max_features': 0.8327060098896433}",RF,T_C,28.918788438251426,66.78781387790437,46.40981462021304,0.8167684838731442,0.4329949845508976,58,opx_liq,raw
"{'n_estimators': 700, 'max_depth': 19, 'min_samples_split': 2, 'min_samples_leaf': 1, 'max_features': 0.6340065654844887}",RF,P_kbar,8.065258136799336e-09,6.214770125742376,3.736786695740974,0.6830765189999292,1.2977564694455874e-09,58,opx_liq,raw
"{'n_estimators': 800, 'max_depth': 28, 'min_samples_split': 4, 'min_samples_leaf': 2, 'max_features': 0.9762799285983367}",ERT,T_C,16.643311038462812,67.1110870702446,47.38200248825248,0.8149903992634013,0.24799644537187132,58,opx_liq,raw
"{'n_estimators': 800, 'max_depth': 38, 'min_samples_split': 3, 'min_samples_leaf': 1, 'max_features': 0.9667280361382236}",ERT,P_kbar,0.01641002546924793,7.13577341086864,4.310414129041368,0.582182736212796,0.002299684214223155,58,opx_liq,raw
"{'n_estimators': 800, 'max_depth': 4, 'learning_rate': 0.011006700027444857, 'subsample': 0.7610866841567874, 'colsample_bytree': 0.8940662480571784, 'reg_alpha': 0.0012475769766455479, 'reg_lambda': 0.04330019631637472, 'min_child_weight': 3}",XGB,T_C,18.340617228521253,65.16582235910612,50.512266693645685,0.8255602405565043,0.28144534304274577,58,opx_liq,raw
"{'n_estimators': 800, 'max_depth': 3, 'learning_rate': 0.01863482860663478, 'subsample': 0.656715645474182, 'colsample_bytree': 0.9409679707458907, 'reg_alpha': 0.0006782290125591015, 'reg_lambda': 2.520106803290839, 'min_child_weight': 3}",XGB,P_kbar,1.2498591364733564,5.832571277774387,4.0388977780744995,0.7208585125918796,0.2142895606327304,58,opx_liq,raw
"{'max_iter': 400, 'max_depth': 4, 'learning_rate': 0.01001391429235529, 'min_samples_leaf': 10, 'l2_regularization': 0.0004305608289370158, 'max_leaf_nodes': 81}",GB,T_C,42.99368113001207,73.41753553976768,59.11469064941458,0.7785858750305914,0.5856050712397437,58,opx_liq,raw
"{'max_iter': 400, 'max_depth': 3, 'learning_rate': 0.05466586286870985, 'min_samples_leaf': 22, 'l2_regularization': 0.0008290237734273495, 'max_leaf_nodes': 39}",GB,P_kbar,2.415458319543837,6.318868970310352,4.496135136694615,0.6723705157015388,0.3822611816913813,58,opx_liq,raw
"{'n_estimators': 700, 'max_depth': 16, 'min_samples_split': 4, 'min_samples_leaf': 1, 'max_features': 0.9617027856430507}",RF,T_C,9.971020231141333,67.50712291050576,49.15877773765512,0.8128003997395497,0.14770323191465176,58,opx_liq,alr
"{'n_estimators': 400, 'max_depth': 17, 'min_samples_split': 2, 'min_samples_leaf': 1, 'max_features': 0.9913821292378133}",RF,P_kbar,9.028232266991817e-09,6.610108319221673,3.1379789087937784,0.6414733599118244,1.365822136490325e-09,58,opx_liq,alr
"{'n_estimators': 200, 'max_depth': 39, 'min_samples_split': 3, 'min_samples_leaf': 2, 'max_features': 0.925937244061412}",ERT,T_C,16.8929022111319,62.352741681941225,45.27905623216132,0.8402956198727316,0.27092477019377753,58,opx_liq,alr
"{'n_estimators': 800, 'max_depth': 40, 'min_samples_split': 4, 'min_samples_leaf': 1, 'max_features': 0.9207149490479796}",ERT,P_kbar,0.19638827527945182,7.501278006734182,4.507853938906426,0.5382841312482116,0.026180642165661187,58,opx_liq,alr
"{'n_estimators': 300, 'max_depth': 9, 'learning_rate': 0.044370239327904265, 'subsample': 0.6186102537284777, 'colsample_bytree': 0.8347988374863223, 'reg_alpha': 0.4266519616462753, 'reg_lambda': 0.013001812345396529, 'min_child_weight': 8}",XGB,T_C,10.512707121422915,60.070128430299555,44.51117235711807,0.8517745287911875,0.17500723564493453,58,opx_liq,alr
"{'n_estimators': 600, 'max_depth': 4, 'learning_rate': 0.05520376279413778, 'subsample': 0.8965368530363559, 'colsample_bytree': 0.9369811632028784, 'reg_alpha': 0.13218554366329102, 'reg_lambda': 1.4140951144310965, 'min_child_weight': 2}",XGB,P_kbar,0.11984979811109749,6.399479139587721,4.325346124684536,0.6639580206940109,0.018728055127126903,58,opx_liq,alr
"{'max_iter': 600, 'max_depth': 10, 'learning_rate': 0.01303561122512888, 'min_samples_leaf': 18, 'l2_regularization': 0.00016832027985721928, 'max_leaf_nodes': 29}",GB,T_C,32.49448085634788,70.49957145198546,55.39566032704923,0.7958362318023828,0.4609174238524076,58,opx_liq,alr
"{'max_iter': 800, 'max_depth': 3, 'learning_rate': 0.029444696740863748, 'min_samples_leaf': 42, 'l2_regularization': 0.0001642303208889874, 'max_leaf_nodes': 47}",GB,P_kbar,3.15945690817797,6.783471295086037,4.532682551921801,0.6224206262969404,0.4657581304230901,58,opx_liq,alr
"{'n_estimators': 800, 'max_depth': 20, 'min_samples_split': 3, 'min_samples_leaf': 3, 'max_features': 0.6718327665894177}",RF,T_C,23.720385717030926,60.10581458841918,40.75543561269933,0.8515983624020063,0.3946437774690974,58,opx_liq,pwlr
"{'n_estimators': 600, 'max_depth': 13, 'min_samples_split': 2, 'min_samples_leaf': 2, 'max_features': 0.6214287464725687}",RF,P_kbar,0.609950152774015,8.054935906469893,5.268480529040496,0.46761175630530116,0.075723774820367,58,opx_liq,pwlr
"{'n_estimators': 300, 'max_depth': 29, 'min_samples_split': 8, 'min_samples_leaf': 3, 'max_features': 0.94793431026209}",ERT,T_C,27.61432832913317,61.26469764808205,42.23980269848105,0.8458206154380348,0.45073801698583366,58,opx_liq,pwlr
"{'n_estimators': 200, 'max_depth': 19, 'min_samples_split': 6, 'min_samples_leaf': 1, 'max_features': 0.9765770522028188}",ERT,P_kbar,0.36031866758225906,8.839027125116777,6.082647913018093,0.3589185479762085,0.040764516556170055,58,opx_liq,pwlr
"{'n_estimators': 200, 'max_depth': 4, 'learning_rate': 0.055660389092322814, 'subsample': 0.8352306366245513, 'colsample_bytree': 0.6092767764644771, 'reg_alpha': 0.00020031093636758556, 'reg_lambda': 0.021918881030042102, 'min_child_weight': 9}",XGB,T_C,17.79301357389337,64.63363400932766,48.17109099992199,0.8283977933819551,0.27529031666895837,58,opx_liq,pwlr
"{'n_estimators': 800, 'max_depth': 3, 'learning_rate': 0.015441107302807584, 'subsample': 0.7540912918616595, 'colsample_bytree': 0.8998866913681112, 'reg_alpha': 0.9635564343883989, 'reg_lambda': 7.971774745976854, 'min_child_weight': 2}",XGB,P_kbar,1.3816725515947985,7.490902101667212,5.339131682357249,0.5395605555353703,0.18444675058392324,58,opx_liq,pwlr
"{'max_iter': 400, 'max_depth': 9, 'learning_rate': 0.01126423210556121, 'min_samples_leaf': 20, 'l2_regularization': 0.006953511542018146, 'max_leaf_nodes': 22}",GB,T_C,36.08226872003527,65.4615637118907,49.22353057644499,0.8239733316038486,0.5511977819356787,58,opx_liq,pwlr
"{'max_iter': 800, 'max_depth': 3, 'learning_rate': 0.030143189993220822, 'min_samples_leaf': 14, 'l2_regularization': 0.1305105585202014, 'max_leaf_nodes': 29}",GB,P_kbar,1.913604925042702,7.713454822253584,5.419914874374456,0.5117950719156555,0.24808661866040696,58,opx_liq,pwlr
"{'n_estimators': 600, 'max_depth': 7, 'min_samples_split': 4, 'min_samples_leaf': 2, 'max_features': 0.8327060098896433}",RF,T_C,32.310618284080924,69.34957702177776,56.1045947197865,0.7681066778581704,0.4659093778457288,59,opx_liq,raw
"{'n_estimators': 700, 'max_depth': 19, 'min_samples_split': 2, 'min_samples_leaf': 1, 'max_features': 0.6340065654844887}",RF,P_kbar,1.7681750171640648e-08,4.470304459489887,2.87722727655627,0.6202990087300362,3.955379400189297e-09,59,opx_liq,raw
"{'n_estimators': 800, 'max_depth': 28, 'min_samples_split': 4, 'min_samples_leaf': 2, 'max_features': 0.9762799285983367}",ERT,T_C,15.657743663485759,69.81389616485671,56.41456602506493,0.7649910723879589,0.22427832456896504,59,opx_liq,raw
"{'n_estimators': 800, 'max_depth': 38, 'min_samples_split': 3, 'min_samples_leaf': 1, 'max_features': 0.9667280361382236}",ERT,P_kbar,0.01247237336772778,3.3102674185196364,2.261248511573928,0.7917937872067047,0.0037677842273254984,59,opx_liq,raw
"{'n_estimators': 800, 'max_depth': 4, 'learning_rate': 0.011006700027444857, 'subsample': 0.7610866841567874, 'colsample_bytree': 0.8940662480571784, 'reg_alpha': 0.0012475769766455479, 'reg_lambda': 0.04330019631637472, 'min_child_weight': 3}",XGB,T_C,19.54126071503272,66.86467471198209,50.78864995690316,0.7844271409651276,0.29225089031250373,59,opx_liq,raw
"{'n_estimators': 800, 'max_depth': 3, 'learning_rate': 0.01863482860663478, 'subsample': 0.656715645474182, 'colsample_bytree': 0.9409679707458907, 'reg_alpha': 0.0006782290125591015, 'reg_lambda': 2.520106803290839, 'min_child_weight': 3}",XGB,P_kbar,1.4294696533432125,3.2497951482585665,2.5253215314344812,0.7993313645303213,0.43986454164940436,59,opx_liq,raw
"{'max_iter': 400, 'max_depth': 4, 'learning_rate': 0.01001391429235529, 'min_samples_leaf': 10, 'l2_regularization': 0.0004305608289370158, 'max_leaf_nodes': 81}",GB,T_C,40.890286890314236,66.26278575061086,52.480991723549444,0.7882906740463147,0.6170927833340795,59,opx_liq,raw
"{'max_iter': 400, 'max_depth': 3, 'learning_rate': 0.05466586286870985, 'min_samples_leaf': 22, 'l2_regularization': 0.0008290237734273495, 'max_leaf_nodes': 39}",GB,P_kbar,2.6443882154029454,3.156381940759007,2.464300797969737,0.8107017385328595,0.8377909470509315,59,opx_liq,raw
"{'n_estimators': 700, 'max_depth': 16, 'min_samples_split': 4, 'min_samples_leaf': 1, 'max_features': 0.9617027856430507}",RF,T_C,8.504895626216737,71.8973331801232,56.78699335318373,0.7507551618347719,0.11829222656853715,59,opx_liq,alr
"{'n_estimators': 400, 'max_depth': 17, 'min_samples_split': 2, 'min_samples_leaf': 1, 'max_features': 0.9913821292378133}",RF,P_kbar,1.9650566417989788e-08,3.7766013204965283,2.5457902081020665,0.7289996780088609,5.203240890517465e-09,59,opx_liq,alr
"{'n_estimators': 200, 'max_depth': 39, 'min_samples_split': 3, 'min_samples_leaf': 2, 'max_features': 0.925937244061412}",ERT,T_C,15.965543601381565,69.4265693739975,56.305472013366746,0.7675914930820458,0.22996302057467324,59,opx_liq,alr
"{'n_estimators': 800, 'max_depth': 40, 'min_samples_split': 4, 'min_samples_leaf': 1, 'max_features': 0.9207149490479796}",ERT,P_kbar,0.3186444607213084,4.2072878175440405,2.7339861186458463,0.6636650715747996,0.07573631150038927,59,opx_liq,alr
"{'n_estimators': 300, 'max_depth': 9, 'learning_rate': 0.044370239327904265, 'subsample': 0.6186102537284777, 'colsample_bytree': 0.8347988374863223, 'reg_alpha': 0.4266519616462753, 'reg_lambda': 0.013001812345396529, 'min_child_weight': 8}",XGB,T_C,9.371699323283156,71.72094198141208,56.459548203190266,0.7519766442734126,0.13066893803084767,59,opx_liq,alr
"{'n_estimators': 600, 'max_depth': 4, 'learning_rate': 0.05520376279413778, 'subsample': 0.8965368530363559, 'colsample_bytree': 0.9369811632028784, 'reg_alpha': 0.13218554366329102, 'reg_lambda': 1.4140951144310965, 'min_child_weight': 2}",XGB,P_kbar,0.16913612976359552,3.507068896690367,2.6512914193847585,0.7663013944500923,0.04822720475300895,59,opx_liq,alr
"{'max_iter': 600, 'max_depth': 10, 'learning_rate': 0.01303561122512888, 'min_samples_leaf': 18, 'l2_regularization': 0.00016832027985721928, 'max_leaf_nodes': 29}",GB,T_C,32.979166909671015,63.66034630103729,49.5978492808871,0.8045936814010753,0.5180488141506332,59,opx_liq,alr
"{'max_iter': 800, 'max_depth': 3, 'learning_rate': 0.029444696740863748, 'min_samples_leaf': 42, 'l2_regularization': 0.0001642303208889874, 'max_leaf_nodes': 47}",GB,P_kbar,3.367751819227042,3.3689513558532647,2.7287353792184437,0.7843462541591208,0.9996439436193881,59,opx_liq,alr
"{'n_estimators': 800, 'max_depth': 20, 'min_samples_split': 3, 'min_samples_leaf': 3, 'max_features': 0.6718327665894177}",RF,T_C,21.90649017969593,69.17598941521483,53.35543473897368,0.769266120474152,0.3166776560029618,59,opx_liq,pwlr
"{'n_estimators': 600, 'max_depth': 13, 'min_samples_split': 2, 'min_samples_leaf': 2, 'max_features': 0.6214287464725687}",RF,P_kbar,0.9065765509036434,3.9718889802286417,2.893434712698778,0.7002482499686191,0.22824821021343258,59,opx_liq,pwlr
"{'n_estimators': 300, 'max_depth': 29, 'min_samples_split': 8, 'min_samples_leaf': 3, 'max_features': 0.94793431026209}",ERT,T_C,25.370383937482917,74.79561703023741,56.032067411754916,0.7302553077846838,0.3391961313351624,59,opx_liq,pwlr
"{'n_estimators': 200, 'max_depth': 19, 'min_samples_split': 6, 'min_samples_leaf': 1, 'max_features': 0.9765770522028188}",ERT,P_kbar,0.5787989569919079,4.5260637121302585,3.2347376808130037,0.6107677185878253,0.12788131007539166,59,opx_liq,pwlr
"{'n_estimators': 200, 'max_depth': 4, 'learning_rate': 0.055660389092322814, 'subsample': 0.8352306366245513, 'colsample_bytree': 0.6092767764644771, 'reg_alpha': 0.00020031093636758556, 'reg_lambda': 0.021918881030042102, 'min_child_weight': 9}",XGB,T_C,17.387804662528403,76.47143937664593,60.428076740414674,0.7180324448317343,0.22737645327804,59,opx_liq,pwlr
"{'n_estimators': 800, 'max_depth': 3, 'learning_rate': 0.015441107302807584, 'subsample': 0.7540912918616595, 'colsample_bytree': 0.8998866913681112, 'reg_alpha': 0.9635564343883989, 'reg_lambda': 7.971774745976854, 'min_child_weight': 2}",XGB,P_kbar,1.6813596723028434,3.7091433260742583,2.7873133130582213,0.7385944787302228,0.4533013487193517,59,opx_liq,pwlr
"{'max_iter': 400, 'max_depth': 9, 'learning_rate': 0.01126423210556121, 'min_samples_leaf': 20, 'l2_regularization': 0.006953511542018146, 'max_leaf_nodes': 22}",GB,T_C,32.98185418381435,68.62042429091863,53.171618467829326,0.772957370806122,0.4806419447945505,59,opx_liq,pwlr
"{'max_iter': 800, 'max_depth': 3, 'learning_rate': 0.030143189993220822, 'min_samples_leaf': 14, 'l2_regularization': 0.1305105585202014, 'max_leaf_nodes': 29}",GB,P_kbar,1.9343874250705424,3.7025867156920027,2.808634571190305,0.7395178290314977,0.5224421664109522,59,opx_liq,pwlr
"{'n_estimators': 600, 'max_depth': 7, 'min_samples_split': 4, 'min_samples_leaf': 2, 'max_features': 0.8327060098896433}",RF,T_C,28.432071959504437,83.84287877947425,58.55428533591384,0.7293176178017662,0.3391113517736816,60,opx_liq,raw
"{'n_estimators': 700, 'max_depth': 19, 'min_samples_split': 2, 'min_samples_leaf': 1, 'max_features': 0.6340065654844887}",RF,P_kbar,2.806073915867738e-08,7.109702625921181,4.933545743510895,0.4925393435203326,3.9468231844706224e-09,60,opx_liq,raw
"{'n_estimators': 800, 'max_depth': 28, 'min_samples_split': 4, 'min_samples_leaf': 2, 'max_features': 0.9762799285983367}",ERT,T_C,16.151711059836984,79.32736415452499,52.61429326367292,0.75768869595695,0.20360831639854327,60,opx_liq,raw
"{'n_estimators': 800, 'max_depth': 38, 'min_samples_split': 3, 'min_samples_leaf': 1, 'max_features': 0.9667280361382236}",ERT,P_kbar,0.012490143669765846,5.533094046844772,4.211453662350266,0.6926483075863588,0.0022573524982623977,60,opx_liq,raw
"{'n_estimators': 800, 'max_depth': 4, 'learning_rate': 0.011006700027444857, 'subsample': 0.7610866841567874, 'colsample_bytree': 0.8940662480571784, 'reg_alpha': 0.0012475769766455479, 'reg_lambda': 0.04330019631637472, 'min_child_weight': 3}",XGB,T_C,15.468536396653352,83.10690486508705,56.69343195938267,0.7340488679339638,0.18612817336615356,60,opx_liq,raw
"{'n_estimators': 800, 'max_depth': 3, 'learning_rate': 0.01863482860663478, 'subsample': 0.656715645474182, 'colsample_bytree': 0.9409679707458907, 'reg_alpha': 0.0006782290125591015, 'reg_lambda': 2.520106803290839, 'min_child_weight': 3}",XGB,P_kbar,1.3684511307023886,4.937580298932486,4.113800691260034,0.7552470991296908,0.2771501520690712,60,opx_liq,raw
"{'max_iter': 400, 'max_depth': 4, 'learning_rate': 0.01001391429235529, 'min_samples_leaf': 10, 'l2_regularization': 0.0004305608289370158, 'max_leaf_nodes': 81}",GB,T_C,37.18844898727088,85.03785120208912,57.801194981631966,0.7215468200271813,0.4373164239403697,60,opx_liq,raw
"{'max_iter': 400, 'max_depth': 3, 'learning_rate': 0.05466586286870985, 'min_samples_leaf': 22, 'l2_regularization': 0.0008290237734273495, 'max_leaf_nodes': 39}",GB,P_kbar,2.565943182974222,5.174348938192904,4.331364370636839,0.731211347658701,0.4958968197978459,60,opx_liq,raw
"{'n_estimators': 700, 'max_depth': 16, 'min_samples_split': 4, 'min_samples_leaf': 1, 'max_features': 0.9617027856430507}",RF,T_C,9.134976695689206,92.0193673105476,65.08048729153676,0.6739485675239583,0.09927232671422771,60,opx_liq,alr
"{'n_estimators': 400, 'max_depth': 17, 'min_samples_split': 2, 'min_samples_leaf': 1, 'max_features': 0.9913821292378133}",RF,P_kbar,3.286839225569145e-08,7.3563636555460095,4.358044042717609,0.4567172885948052,4.468021674120441e-09,60,opx_liq,alr
"{'n_estimators': 200, 'max_depth': 39, 'min_samples_split': 3, 'min_samples_leaf': 2, 'max_features': 0.925937244061412}",ERT,T_C,16.010497811717595,84.81006698735574,57.78941429456955,0.7230365634593692,0.18878062923950512,60,opx_liq,alr
"{'n_estimators': 800, 'max_depth': 40, 'min_samples_split': 4, 'min_samples_leaf': 1, 'max_features': 0.9207149490479796}",ERT,P_kbar,0.2657383409260203,6.011321823818548,4.7583266625517595,0.6372232356219789,0.04420630748350391,60,opx_liq,alr
"{'n_estimators': 300, 'max_depth': 9, 'learning_rate': 0.044370239327904265, 'subsample': 0.6186102537284777, 'colsample_bytree': 0.8347988374863223, 'reg_alpha': 0.4266519616462753, 'reg_lambda': 0.013001812345396529, 'min_child_weight': 8}",XGB,T_C,9.43193447143992,84.6981956087432,56.79423700143082,0.7237667561635345,0.11135933184468315,60,opx_liq,alr
"{'n_estimators': 600, 'max_depth': 4, 'learning_rate': 0.05520376279413778, 'subsample': 0.8965368530363559, 'colsample_bytree': 0.9369811632028784, 'reg_alpha': 0.13218554366329102, 'reg_lambda': 1.4140951144310965, 'min_child_weight': 2}",XGB,P_kbar,0.13277020158892627,6.646600656958547,5.1073851746506955,0.5564948399518265,0.01997565499138642,60,opx_liq,alr
"{'max_iter': 600, 'max_depth': 10, 'learning_rate': 0.01303561122512888, 'min_samples_leaf': 18, 'l2_regularization': 0.00016832027985721928, 'max_leaf_nodes': 29}",GB,T_C,42.25837623545667,92.29953832931871,67.0142020734513,0.6719600898495619,0.45783951903076214,60,opx_liq,alr
"{'max_iter': 800, 'max_depth': 3, 'learning_rate': 0.029444696740863748, 'min_samples_leaf': 42, 'l2_regularization': 0.0001642303208889874, 'max_leaf_nodes': 47}",GB,P_kbar,4.2846227319664525,5.701982326050113,4.547060227289132,0.6735991820234726,0.7514268699837419,60,opx_liq,alr
"{'n_estimators': 800, 'max_depth': 20, 'min_samples_split': 3, 'min_samples_leaf': 3, 'max_features': 0.6718327665894177}",RF,T_C,21.736564230123083,84.8519964693962,58.71421707502448,0.7227626383340637,0.25617033345777396,60,opx_liq,pwlr
"{'n_estimators': 600, 'max_depth': 13, 'min_samples_split': 2, 'min_samples_leaf': 2, 'max_features': 0.6214287464725687}",RF,P_kbar,0.9045875984481655,6.4745915936752585,4.988030209299289,0.5791529736124426,0.13971346074273117,60,opx_liq,pwlr
"{'n_estimators': 300, 'max_depth': 29, 'min_samples_split': 8, 'min_samples_leaf': 3, 'max_features': 0.94793431026209}",ERT,T_C,24.306811269317517,80.7944452299023,54.13941806932453,0.7486432031890569,0.30084755455838547,60,opx_liq,pwlr
"{'n_estimators': 200, 'max_depth': 19, 'min_samples_split': 6, 'min_samples_leaf': 1, 'max_features': 0.9765770522028188}",ERT,P_kbar,0.5601445467345981,6.7993507276767735,5.582047438696834,0.535875609078549,0.0823820639895113,60,opx_liq,pwlr
"{'n_estimators': 200, 'max_depth': 4, 'learning_rate': 0.055660389092322814, 'subsample': 0.8352306366245513, 'colsample_bytree': 0.6092767764644771, 'reg_alpha': 0.00020031093636758556, 'reg_lambda': 0.021918881030042102, 'min_child_weight': 9}",XGB,T_C,15.009920684543482,85.00910740588463,56.96467709212051,0.7217350291283022,0.1765683835836211,60,opx_liq,pwlr
"{'n_estimators': 800, 'max_depth': 3, 'learning_rate': 0.015441107302807584, 'subsample': 0.7540912918616595, 'colsample_bytree': 0.8998866913681112, 'reg_alpha': 0.9635564343883989, 'reg_lambda': 7.971774745976854, 'min_child_weight': 2}",XGB,P_kbar,1.6042699829354314,7.142759043330169,5.531506188855071,0.48780951745533074,0.22460088226460354,60,opx_liq,pwlr
"{'max_iter': 400, 'max_depth': 9, 'learning_rate': 0.01126423210556121, 'min_samples_leaf': 20, 'l2_regularization': 0.006953511542018146, 'max_leaf_nodes': 22}",GB,T_C,35.76474286328992,93.11842102842787,65.00571368370039,0.6661135203104971,0.3840780639135987,60,opx_liq,pwlr
"{'max_iter': 800, 'max_depth': 3, 'learning_rate': 0.030143189993220822, 'min_samples_leaf': 14, 'l2_regularization': 0.1305105585202014, 'max_leaf_nodes': 29}",GB,P_kbar,2.2616643567592525,8.02649348246134,5.901532062454214,0.3532279860762948,0.2817748948156759,60,opx_liq,pwlr
"{'n_estimators': 600, 'max_depth': 7, 'min_samples_split': 4, 'min_samples_leaf': 2, 'max_features': 0.8327060098896433}",RF,T_C,25.117134906884576,110.71955267476791,78.8569619087771,0.41494204707379234,0.22685365231437182,61,opx_liq,raw
"{'n_estimators': 700, 'max_depth': 19, 'min_samples_split': 2, 'min_samples_leaf': 1, 'max_features': 0.6340065654844887}",RF,P_kbar,1.9926788573977082e-08,5.025144730494378,3.6382857919993143,0.655448944288922,3.965415852215001e-09,61,opx_liq,raw
"{'n_estimators': 800, 'max_depth': 28, 'min_samples_split': 4, 'min_samples_leaf': 2, 'max_features': 0.9762799285983367}",ERT,T_C,13.698587615563047,107.62980837913007,71.23046926651725,0.44713973648872707,0.1272750348798286,61,opx_liq,raw
"{'n_estimators': 800, 'max_depth': 38, 'min_samples_split': 3, 'min_samples_leaf': 1, 'max_features': 0.9667280361382236}",ERT,P_kbar,0.007667062736186211,4.093309313576289,2.858764824083908,0.771384557260707,0.0018730719202570021,61,opx_liq,raw
"{'n_estimators': 800, 'max_depth': 4, 'learning_rate': 0.011006700027444857, 'subsample': 0.7610866841567874, 'colsample_bytree': 0.8940662480571784, 'reg_alpha': 0.0012475769766455479, 'reg_lambda': 0.04330019631637472, 'min_child_weight': 3}",XGB,T_C,16.243803801264107,101.7176533268732,68.38669220396713,0.5062092993820004,0.15969503099982144,61,opx_liq,raw
"{'n_estimators': 800, 'max_depth': 3, 'learning_rate': 0.01863482860663478, 'subsample': 0.656715645474182, 'colsample_bytree': 0.9409679707458907, 'reg_alpha': 0.0006782290125591015, 'reg_lambda': 2.520106803290839, 'min_child_weight': 3}",XGB,P_kbar,1.400933147007849,3.6763210046100254,2.998603687876945,0.815590501368203,0.3810693204568126,61,opx_liq,raw
"{'max_iter': 400, 'max_depth': 4, 'learning_rate': 0.01001391429235529, 'min_samples_leaf': 10, 'l2_regularization': 0.0004305608289370158, 'max_leaf_nodes': 81}",GB,T_C,32.55177772776673,107.90521495352343,76.36922084761304,0.44430676374297506,0.3016701068784055,61,opx_liq,raw
"{'max_iter': 400, 'max_depth': 3, 'learning_rate': 0.05466586286870985, 'min_samples_leaf': 22, 'l2_regularization': 0.0008290237734273495, 'max_leaf_nodes': 39}",GB,P_kbar,2.2719650680401253,3.8834767880454297,3.1520686883302167,0.7942225110728152,0.5850337705207748,61,opx_liq,raw
"{'n_estimators': 700, 'max_depth': 16, 'min_samples_split': 4, 'min_samples_leaf': 1, 'max_features': 0.9617027856430507}",RF,T_C,8.15213803941945,107.88468337613911,76.60871337323358,0.44451821178546946,0.07556344222652148,61,opx_liq,alr
"{'n_estimators': 400, 'max_depth': 17, 'min_samples_split': 2, 'min_samples_leaf': 1, 'max_features': 0.9913821292378133}",RF,P_kbar,2.1079509010878834e-08,4.572464021482891,3.0658330079338727,0.71472939067373,4.610098387180433e-09,61,opx_liq,alr
"{'n_estimators': 200, 'max_depth': 39, 'min_samples_split': 3, 'min_samples_leaf': 2, 'max_features': 0.925937244061412}",ERT,T_C,13.87919259340483,107.89024036138744,73.08491510360197,0.44446098617188545,0.12864178026590087,61,opx_liq,alr
"{'n_estimators': 800, 'max_depth': 40, 'min_samples_split': 4, 'min_samples_leaf': 1, 'max_features': 0.9207149490479796}",ERT,P_kbar,0.25809717357372824,4.58561094442991,3.2854595550289516,0.7130865904710653,0.05628414113221619,61,opx_liq,alr
"{'n_estimators': 300, 'max_depth': 9, 'learning_rate': 0.044370239327904265, 'subsample': 0.6186102537284777, 'colsample_bytree': 0.8347988374863223, 'reg_alpha': 0.4266519616462753, 'reg_lambda': 0.013001812345396529, 'min_child_weight': 8}",XGB,T_C,8.122846824994559,98.96156498288823,65.17901998207371,0.5326057648108078,0.08208082427151497,61,opx_liq,alr
"{'n_estimators': 600, 'max_depth': 4, 'learning_rate': 0.05520376279413778, 'subsample': 0.8965368530363559, 'colsample_bytree': 0.9369811632028784, 'reg_alpha': 0.13218554366329102, 'reg_lambda': 1.4140951144310965, 'min_child_weight': 2}",XGB,P_kbar,0.1679600973443245,4.205522525997274,3.23200770881566,0.7586783072631363,0.039937985424176356,61,opx_liq,alr
"{'max_iter': 600, 'max_depth': 10, 'learning_rate': 0.01303561122512888, 'min_samples_leaf': 18, 'l2_regularization': 0.00016832027985721928, 'max_leaf_nodes': 29}",GB,T_C,29.905528963237646,100.93179060433225,66.27363776290225,0.5138098025981596,0.2962944458250206,61,opx_liq,alr
"{'max_iter': 800, 'max_depth': 3, 'learning_rate': 0.029444696740863748, 'min_samples_leaf': 42, 'l2_regularization': 0.0001642303208889874, 'max_leaf_nodes': 47}",GB,P_kbar,3.4152184136540664,4.096486982444159,3.22732760861284,0.7710294674791061,0.8336944382565532,61,opx_liq,alr
"{'n_estimators': 800, 'max_depth': 20, 'min_samples_split': 3, 'min_samples_leaf': 3, 'max_features': 0.6718327665894177}",RF,T_C,19.17393646445629,108.67737452373473,75.295831018662,0.43632533128851325,0.176429882930865,61,opx_liq,pwlr
"{'n_estimators': 600, 'max_depth': 13, 'min_samples_split': 2, 'min_samples_leaf': 2, 'max_features': 0.6214287464725687}",RF,P_kbar,0.8451740724820125,4.058767888934022,3.024370658897747,0.7752266245406265,0.20823414780291502,61,opx_liq,pwlr
"{'n_estimators': 300, 'max_depth': 29, 'min_samples_split': 8, 'min_samples_leaf': 3, 'max_features': 0.94793431026209}",ERT,T_C,22.190664243377192,107.95344051724335,72.15314754337707,0.443809946085458,0.2055577306017652,61,opx_liq,pwlr
"{'n_estimators': 200, 'max_depth': 19, 'min_samples_split': 6, 'min_samples_leaf': 1, 'max_features': 0.9765770522028188}",ERT,P_kbar,0.5675231600660244,4.8084592822196175,3.6221849631529945,0.6845225501478354,0.11802598852496717,61,opx_liq,pwlr
"{'n_estimators': 200, 'max_depth': 4, 'learning_rate': 0.055660389092322814, 'subsample': 0.8352306366245513, 'colsample_bytree': 0.6092767764644771, 'reg_alpha': 0.00020031093636758556, 'reg_lambda': 0.021918881030042102, 'min_child_weight': 9}",XGB,T_C,15.558716644191765,106.02809038439369,71.44854506690642,0.4634723336328117,0.1467414586812351,61,opx_liq,pwlr
"{'n_estimators': 800, 'max_depth': 3, 'learning_rate': 0.015441107302807584, 'subsample': 0.7540912918616595, 'colsample_bytree': 0.8998866913681112, 'reg_alpha': 0.9635564343883989, 'reg_lambda': 7.971774745976854, 'min_child_weight': 2}",XGB,P_kbar,1.6680076176976186,3.9662532455423447,3.0446326203825165,0.7853567097835705,0.42054995342828533,61,opx_liq,pwlr
"{'max_iter': 400, 'max_depth': 9, 'learning_rate': 0.01126423210556121, 'min_samples_leaf': 20, 'l2_regularization': 0.006953511542018146, 'max_leaf_nodes': 22}",GB,T_C,29.269270067587918,104.58264261970163,68.1643212554208,0.4780012473206118,0.27986737889212676,61,opx_liq,pwlr
"{'max_iter': 800, 'max_depth': 3, 'learning_rate': 0.030143189993220822, 'min_samples_leaf': 14, 'l2_regularization': 0.1305105585202014, 'max_leaf_nodes': 29}",GB,P_kbar,2.9090010087767997,3.966175817937507,3.0535683621488237,0.7853650900621909,0.7334523587231038,61,opx_liq,pwlr
"{'n_estimators': 600, 'max_depth': 13, 'min_samples_split': 5, 'min_samples_leaf': 1, 'max_features': 0.43863039467209686}",RF,T_C,27.076633967949398,159.67588819098725,118.00077018173955,0.17445918592025678,0.16957246503970105,42,opx_only,raw
"{'n_estimators': 500, 'max_depth': 14, 'min_samples_split': 2, 'min_samples_leaf': 5, 'max_features': 0.9328204779927532}",RF,P_kbar,4.378231060165693,12.867678569408566,7.245908082326475,0.1466134052737752,0.340250266320332,42,opx_only,raw
"{'n_estimators': 400, 'max_depth': 10, 'min_samples_split': 2, 'min_samples_leaf': 1, 'max_features': 0.7598116105731882}",ERT,T_C,49.80709559674603,163.1348313472274,119.9174464639881,0.1383056115424265,0.3053124534191793,42,opx_only,raw
"{'n_estimators': 800, 'max_depth': 19, 'min_samples_split': 7, 'min_samples_leaf': 4, 'max_features': 0.7903240753137547}",ERT,P_kbar,4.644082507732694,12.93603505403251,7.574554523675488,0.1375224956073533,0.35900355003173934,42,opx_only,raw
"{'n_estimators': 300, 'max_depth': 3, 'learning_rate': 0.04590417330988274, 'subsample': 0.8706421499699768, 'colsample_bytree': 0.7548360285746123, 'reg_alpha': 0.16867181293084388, 'reg_lambda': 1.6756177344558252, 'min_child_weight': 1}",XGB,T_C,68.28779149990135,154.1038160059589,110.60374434281209,0.2310702673726599,0.4431284913623475,42,opx_only,raw
"{'n_estimators': 200, 'max_depth': 6, 'learning_rate': 0.014748120873910569, 'subsample': 0.881548631898809, 'colsample_bytree': 0.9411390870933829, 'reg_alpha': 6.409731057654383, 'reg_lambda': 3.050408192597233, 'min_child_weight': 3}",XGB,P_kbar,4.341035570469575,11.900903975592104,7.260691696211751,0.2700294975772919,0.36476519593576473,42,opx_only,raw
"{'max_iter': 400, 'max_depth': 10, 'learning_rate': 0.07809496264049752, 'min_samples_leaf': 38, 'l2_regularization': 0.03901185653266186, 'max_leaf_nodes': 50}",GB,T_C,51.62510849919614,155.43162521493787,111.92054366915066,0.21776247775239987,0.3321403120362835,42,opx_only,raw
"{'max_iter': 200, 'max_depth': 10, 'learning_rate': 0.015704299630186942, 'min_samples_leaf': 48, 'l2_regularization': 0.002951691457783485, 'max_leaf_nodes': 64}",GB,P_kbar,7.402016745030688,12.269106428500365,7.75879168451137,0.2241615905410861,0.6033052845508184,42,opx_only,raw
"{'n_estimators': 700, 'max_depth': 11, 'min_samples_split': 4, 'min_samples_leaf': 1, 'max_features': 0.3614347829642153}",RF,T_C,38.446905183761714,157.32912168053292,117.66505581423002,0.19854691599610352,0.24437246437967583,42,opx_only,alr
"{'n_estimators': 800, 'max_depth': 13, 'min_samples_split': 9, 'min_samples_leaf': 5, 'max_features': 0.9531974346883314}",RF,P_kbar,4.283055692264705,11.984045662292646,6.905727172563585,0.259794480547651,0.3573964763620002,42,opx_only,alr
"{'n_estimators': 500, 'max_depth': 30, 'min_samples_split': 5, 'min_samples_leaf': 1, 'max_features': 0.9696035446516708}",ERT,T_C,18.134913433105584,170.0806026709939,123.01982177980204,0.06336703178061076,0.10662540670899429,42,opx_only,alr
"{'n_estimators': 200, 'max_depth': 38, 'min_samples_split': 5, 'min_samples_leaf': 3, 'max_features': 0.9081876172303992}",ERT,P_kbar,3.4785733507801635,11.496780733675516,7.168785299117083,0.31876350460639713,0.30256933931000224,42,opx_only,alr
"{'n_estimators': 500, 'max_depth': 6, 'learning_rate': 0.014068172374557167, 'subsample': 0.60085424293986, 'colsample_bytree': 0.7751528046837222, 'reg_alpha': 0.124089851608055, 'reg_lambda': 0.8092405952349006, 'min_child_weight': 1}",XGB,T_C,34.9367118506337,147.87929785779943,107.21069532928706,0.2919325539475289,0.23625153998383738,42,opx_only,alr
"{'n_estimators': 200, 'max_depth': 9, 'learning_rate': 0.018044582132088503, 'subsample': 0.9896459462540093, 'colsample_bytree': 0.7719290906775634, 'reg_alpha': 1.3430417787943512, 'reg_lambda': 8.449558888950277, 'min_child_weight': 8}",XGB,P_kbar,4.0548164025314595,10.452021120971576,6.28192872423137,0.4369512920644826,0.38794567630519106,42,opx_only,alr
"{'max_iter': 300, 'max_depth': 9, 'learning_rate': 0.010415644606274546, 'min_samples_leaf': 37, 'l2_regularization': 0.0001119158165983473, 'max_leaf_nodes': 34}",GB,T_C,92.8124550434592,146.6455865971006,108.40446190242268,0.30369764767042173,0.6329031592233014,42,opx_only,alr
"{'max_iter': 200, 'max_depth': 10, 'learning_rate': 0.02171103454376615, 'min_samples_leaf': 37, 'l2_regularization': 0.003618723330959626, 'max_leaf_nodes': 45}",GB,P_kbar,6.487954963147326,11.805265837425678,7.508127691492511,0.2817147450074613,0.5495814370040586,42,opx_only,alr
"{'n_estimators': 200, 'max_depth': 32, 'min_samples_split': 4, 'min_samples_leaf': 1, 'max_features': 0.3367597600898754}",RF,T_C,11.411823028512114,149.53261676106735,109.10393523243474,0.27601138825014093,0.07631661423237611,42,opx_only,pwlr
"{'n_estimators': 700, 'max_depth': 17, 'min_samples_split': 2, 'min_samples_leaf': 4, 'max_features': 0.645274662952607}",RF,P_kbar,3.4159703627342544,10.370953028084564,5.750489348176034,0.44565167013919316,0.3293786360312113,42,opx_only,pwlr
"{'n_estimators': 400, 'max_depth': 16, 'min_samples_split': 5, 'min_samples_leaf': 2, 'max_features': 0.959649015243725}",ERT,T_C,23.82430310187183,158.98719687560515,114.35859270156695,0.18156503911646293,0.14985045066561212,42,opx_only,pwlr
"{'n_estimators': 400, 'max_depth': 10, 'min_samples_split': 7, 'min_samples_leaf': 4, 'max_features': 0.5254895450437925}",ERT,P_kbar,4.480668393372778,11.519619805877774,7.074725385774328,0.3160541785543869,0.3889597459706578,42,opx_only,pwlr
"{'n_estimators': 800, 'max_depth': 8, 'learning_rate': 0.025798402314638237, 'subsample': 0.6706511760066806, 'colsample_bytree': 0.6683583148337462, 'reg_alpha': 0.0078319848508762, 'reg_lambda': 0.48631194668700506, 'min_child_weight': 2}",XGB,T_C,3.1239638919548294,157.27997668374312,112.20129657716885,0.19904753860283997,0.019862438676707478,42,opx_only,pwlr
"{'n_estimators': 700, 'max_depth': 8, 'learning_rate': 0.11774471603456654, 'subsample': 0.7739066866913367, 'colsample_bytree': 0.6488150583612358, 'reg_alpha': 0.0007156271299969353, 'reg_lambda': 1.0168608244569377, 'min_child_weight': 4}",XGB,P_kbar,0.0005620633856180722,10.110763836696268,6.004545473857343,0.4731180244801122,5.559059579436568e-05,42,opx_only,pwlr
"{'max_iter': 800, 'max_depth': 10, 'learning_rate': 0.01689596899223567, 'min_samples_leaf': 14, 'l2_regularization': 0.002313031028423451, 'max_leaf_nodes': 77}",GB,T_C,42.500805313335604,162.82709329374612,122.07025317512716,0.14155355114000923,0.26101801889113485,42,opx_only,pwlr
"{'max_iter': 200, 'max_depth': 6, 'learning_rate': 0.014184294158192657, 'min_samples_leaf': 40, 'l2_regularization': 0.000143407330654096, 'max_leaf_nodes': 31}",GB,P_kbar,6.750266226371794,11.611227045812107,7.227622540172723,0.30513306958668085,0.5813568367700168,42,opx_only,pwlr
"{'n_estimators': 600, 'max_depth': 13, 'min_samples_split': 5, 'min_samples_leaf': 1, 'max_features': 0.43863039467209686}",RF,T_C,27.09852850592327,153.77239064856596,114.27679097464761,0.2977011906850716,0.17622492823080776,43,opx_only,raw
"{'n_estimators': 500, 'max_depth': 14, 'min_samples_split': 2, 'min_samples_leaf': 5, 'max_features': 0.9328204779927532}",RF,P_kbar,5.111339645441745,13.625234561555297,8.677397450213444,-0.002153723721207701,0.37513773596704186,43,opx_only,raw
"{'n_estimators': 400, 'max_depth': 10, 'min_samples_split': 2, 'min_samples_leaf': 1, 'max_features': 0.7598116105731882}",ERT,T_C,49.724491509028496,147.2669020550727,107.52563386192033,0.3558670708572834,0.33764879151483246,43,opx_only,raw
"{'n_estimators': 800, 'max_depth': 19, 'min_samples_split': 7, 'min_samples_leaf': 4, 'max_features': 0.7903240753137547}",ERT,P_kbar,5.2562671586795995,14.15906215215641,9.041257630379128,-0.08221947702623145,0.37122989518617766,43,opx_only,raw
"{'n_estimators': 300, 'max_depth': 3, 'learning_rate': 0.04590417330988274, 'subsample': 0.8706421499699768, 'colsample_bytree': 0.7548360285746123, 'reg_alpha': 0.16867181293084388, 'reg_lambda': 1.6756177344558252, 'min_child_weight': 1}",XGB,T_C,67.46235783951269,149.36110614297266,113.32051825131032,0.33741707138062627,0.4516728590302205,43,opx_only,raw
"{'n_estimators': 200, 'max_depth': 6, 'learning_rate': 0.014748120873910569, 'subsample': 0.881548631898809, 'colsample_bytree': 0.9411390870933829, 'reg_alpha': 6.409731057654383, 'reg_lambda': 3.050408192597233, 'min_child_weight': 3}",XGB,P_kbar,4.785664578978458,12.235388299734254,8.356555662579972,0.19186878407049135,0.3911330365446922,43,opx_only,raw
"{'max_iter': 400, 'max_depth': 10, 'learning_rate': 0.07809496264049752, 'min_samples_leaf': 38, 'l2_regularization': 0.03901185653266186, 'max_leaf_nodes': 50}",GB,T_C,76.98905169070318,160.21363856017288,128.92533091894043,0.23763286333206213,0.4805399364411021,43,opx_only,raw
"{'max_iter': 200, 'max_depth': 10, 'learning_rate': 0.015704299630186942, 'min_samples_leaf': 48, 'l2_regularization': 0.002951691457783485, 'max_leaf_nodes': 64}",GB,P_kbar,8.02875902268091,11.811289518801123,8.140634714317926,0.24692019806558718,0.6797529609193638,43,opx_only,raw
"{'n_estimators': 700, 'max_depth': 11, 'min_samples_split': 4, 'min_samples_leaf': 1, 'max_features': 0.3614347829642153}",RF,T_C,37.06166143695131,154.54521787613305,115.98591997511481,0.2906242436927027,0.239811117718673,43,opx_only,alr
"{'n_estimators': 800, 'max_depth': 13, 'min_samples_split': 9, 'min_samples_leaf': 5, 'max_features': 0.9531974346883314}",RF,P_kbar,4.915324428822447,12.190700173898819,8.062103047545776,0.19776118699833456,0.40320279874871473,43,opx_only,alr
"{'n_estimators': 500, 'max_depth': 30, 'min_samples_split': 5, 'min_samples_leaf': 1, 'max_features': 0.9696035446516708}",ERT,T_C,16.53991268872877,151.3902913202111,113.30286452561539,0.3192913819329579,0.10925345703803818,43,opx_only,alr
"{'n_estimators': 200, 'max_depth': 38, 'min_samples_split': 5, 'min_samples_leaf': 3, 'max_features': 0.9081876172303992}",ERT,P_kbar,4.097963870072911,12.252511194322063,8.06105869505789,0.18960531227763067,0.33445910026770254,43,opx_only,alr
"{'n_estimators': 500, 'max_depth': 6, 'learning_rate': 0.014068172374557167, 'subsample': 0.60085424293986, 'colsample_bytree': 0.7751528046837222, 'reg_alpha': 0.124089851608055, 'reg_lambda': 0.8092405952349006, 'min_child_weight': 1}",XGB,T_C,33.53306936726294,150.96142869246756,116.45521289637114,0.3231425799157187,0.22213004777250178,43,opx_only,alr
"{'n_estimators': 200, 'max_depth': 9, 'learning_rate': 0.018044582132088503, 'subsample': 0.9896459462540093, 'colsample_bytree': 0.7719290906775634, 'reg_alpha': 1.3430417787943512, 'reg_lambda': 8.449558888950277, 'min_child_weight': 8}",XGB,P_kbar,4.80456600007159,11.575529486993293,8.046452178210787,0.2766839520088854,0.415062309285306,43,opx_only,alr
"{'max_iter': 300, 'max_depth': 9, 'learning_rate': 0.010415644606274546, 'min_samples_leaf': 37, 'l2_regularization': 0.0001119158165983473, 'max_leaf_nodes': 34}",GB,T_C,94.3809154680462,146.69669557430882,116.18320520315095,0.36084548363255575,0.6433745156872862,43,opx_only,alr
"{'max_iter': 200, 'max_depth': 10, 'learning_rate': 0.02171103454376615, 'min_samples_leaf': 37, 'l2_regularization': 0.003618723330959626, 'max_leaf_nodes': 45}",GB,P_kbar,7.078962468218198,12.046198455080738,8.415653718385892,0.21666704662193004,0.5876511577171051,43,opx_only,alr
"{'n_estimators': 200, 'max_depth': 32, 'min_samples_split': 4, 'min_samples_leaf': 1, 'max_features': 0.3367597600898754}",RF,T_C,12.555433101136087,149.35968263816565,111.17318948765504,0.33742970098030856,0.08406172856936572,43,opx_only,pwlr
"{'n_estimators': 700, 'max_depth': 17, 'min_samples_split': 2, 'min_samples_leaf': 4, 'max_features': 0.645274662952607}",RF,P_kbar,4.171921482821968,11.863057084433454,7.827685552661454,0.240304401932101,0.3516733884974986,43,opx_only,pwlr
"{'n_estimators': 400, 'max_depth': 16, 'min_samples_split': 5, 'min_samples_leaf': 2, 'max_features': 0.959649015243725}",ERT,T_C,25.19193521492143,155.3454856965393,116.04355905579634,0.28325862721960726,0.16216715343845128,43,opx_only,pwlr
"{'n_estimators': 400, 'max_depth': 10, 'min_samples_split': 7, 'min_samples_leaf': 4, 'max_features': 0.5254895450437925}",ERT,P_kbar,4.801265284806699,11.63154290577455,7.796367162463242,0.2696668335643396,0.41277974243838983,43,opx_only,pwlr
"{'n_estimators': 800, 'max_depth': 8, 'learning_rate': 0.025798402314638237, 'subsample': 0.6706511760066806, 'colsample_bytree': 0.6683583148337462, 'reg_alpha': 0.0078319848508762, 'reg_lambda': 0.48631194668700506, 'min_child_weight': 2}",XGB,T_C,3.2403451582639184,150.47422516340893,114.32134123903282,0.3275044250745439,0.021534220593228074,43,opx_only,pwlr
"{'n_estimators': 700, 'max_depth': 8, 'learning_rate': 0.11774471603456654, 'subsample': 0.7739066866913367, 'colsample_bytree': 0.6488150583612358, 'reg_alpha': 0.0007156271299969353, 'reg_lambda': 1.0168608244569377, 'min_child_weight': 4}",XGB,P_kbar,0.0014203481362239942,12.135276344210377,8.134578213617965,0.205039205984354,0.00011704291653000788,43,opx_only,pwlr
"{'max_iter': 800, 'max_depth': 10, 'learning_rate': 0.01689596899223567, 'min_samples_leaf': 14, 'l2_regularization': 0.002313031028423451, 'max_leaf_nodes': 77}",GB,T_C,60.36921240409212,152.26936088508222,115.8664516221972,0.31136316483203785,0.3964632940808939,43,opx_only,pwlr
"{'max_iter': 200, 'max_depth': 6, 'learning_rate': 0.014184294158192657, 'min_samples_leaf': 40, 'l2_regularization': 0.000143407330654096, 'max_leaf_nodes': 31}",GB,P_kbar,7.675064756139006,12.237638917242846,8.681435719477271,0.19157145610725113,0.6271687543685271,43,opx_only,pwlr
"{'n_estimators': 600, 'max_depth': 13, 'min_samples_split': 5, 'min_samples_leaf': 1, 'max_features': 0.43863039467209686}",RF,T_C,26.250850642993587,136.5997134722778,99.77185349031109,0.4153644466128228,0.19217354103982845,44,opx_only,raw
"{'n_estimators': 500, 'max_depth': 14, 'min_samples_split': 2, 'min_samples_leaf': 5, 'max_features': 0.9328204779927532}",RF,P_kbar,4.6517520196316315,14.538236258535388,8.360988352071145,0.17212174539032832,0.3199667371549689,44,opx_only,raw
"{'n_estimators': 400, 'max_depth': 10, 'min_samples_split': 2, 'min_samples_leaf': 1, 'max_features': 0.7598116105731882}",ERT,T_C,48.411032475274084,126.6918545119377,88.47618945492889,0.49709838241506954,0.38211637726648395,44,opx_only,raw
"{'n_estimators': 800, 'max_depth': 19, 'min_samples_split': 7, 'min_samples_leaf': 4, 'max_features': 0.7903240753137547}",ERT,P_kbar,4.885212068899015,13.513929038025523,8.002540737935762,0.28467023064314345,0.36149457756903963,44,opx_only,raw
"{'n_estimators': 300, 'max_depth': 3, 'learning_rate': 0.04590417330988274, 'subsample': 0.8706421499699768, 'colsample_bytree': 0.7548360285746123, 'reg_alpha': 0.16867181293084388, 'reg_lambda': 1.6756177344558252, 'min_child_weight': 1}",XGB,T_C,71.3612010475839,128.9569312725647,92.50018478833604,0.47895524857067173,0.5533723572931037,44,opx_only,raw
"{'n_estimators': 200, 'max_depth': 6, 'learning_rate': 0.014748120873910569, 'subsample': 0.881548631898809, 'colsample_bytree': 0.9411390870933829, 'reg_alpha': 6.409731057654383, 'reg_lambda': 3.050408192597233, 'min_child_weight': 3}",XGB,P_kbar,4.359369478713388,14.773599315652369,9.118423679354644,0.14509931895704742,0.29507836144538674,44,opx_only,raw
"{'max_iter': 400, 'max_depth': 10, 'learning_rate': 0.07809496264049752, 'min_samples_leaf': 38, 'l2_regularization': 0.03901185653266186, 'max_leaf_nodes': 50}",GB,T_C,88.23131173239724,133.42549072278555,93.59917470950545,0.4422195821643006,0.661277775741616,44,opx_only,raw
"{'max_iter': 200, 'max_depth': 10, 'learning_rate': 0.015704299630186942, 'min_samples_leaf': 48, 'l2_regularization': 0.002951691457783485, 'max_leaf_nodes': 64}",GB,P_kbar,7.5963440001851446,13.686705035932839,8.797538259336683,0.2662622788243133,0.5550162716476927,44,opx_only,raw
"{'n_estimators': 700, 'max_depth': 11, 'min_samples_split': 4, 'min_samples_leaf': 1, 'max_features': 0.3614347829642153}",RF,T_C,33.88919188620035,135.85363226826314,96.42859723616351,0.4217333386969401,0.24945370484670676,44,opx_only,alr
"{'n_estimators': 800, 'max_depth': 13, 'min_samples_split': 9, 'min_samples_leaf': 5, 'max_features': 0.9531974346883314}",RF,P_kbar,4.566441162007162,14.518785377248378,8.51276288817838,0.1743355200451393,0.3145195030682794,44,opx_only,alr
"{'n_estimators': 500, 'max_depth': 30, 'min_samples_split': 5, 'min_samples_leaf': 1, 'max_features': 0.9696035446516708}",ERT,T_C,20.128453573496564,136.26555531316214,99.75113729388967,0.4182212869957832,0.1477149051147801,44,opx_only,alr
"{'n_estimators': 200, 'max_depth': 38, 'min_samples_split': 5, 'min_samples_leaf': 3, 'max_features': 0.9081876172303992}",ERT,P_kbar,3.7817235815072205,15.565028127801337,8.92164525146066,0.05105104778226199,0.24296284918062747,44,opx_only,alr
"{'n_estimators': 500, 'max_depth': 6, 'learning_rate': 0.014068172374557167, 'subsample': 0.60085424293986, 'colsample_bytree': 0.7751528046837222, 'reg_alpha': 0.124089851608055, 'reg_lambda': 0.8092405952349006, 'min_child_weight': 1}",XGB,T_C,37.174152379000255,132.05309667710404,92.58371202247187,0.453635056684611,0.28150913014859785,44,opx_only,alr
"{'n_estimators': 200, 'max_depth': 9, 'learning_rate': 0.018044582132088503, 'subsample': 0.9896459462540093, 'colsample_bytree': 0.7719290906775634, 'reg_alpha': 1.3430417787943512, 'reg_lambda': 8.449558888950277, 'min_child_weight': 8}",XGB,P_kbar,4.126382431679548,13.790338168483997,8.539376014212756,0.25510876644978797,0.29922271530003897,44,opx_only,alr
"{'max_iter': 300, 'max_depth': 9, 'learning_rate': 0.010415644606274546, 'min_samples_leaf': 37, 'l2_regularization': 0.0001119158165983473, 'max_leaf_nodes': 34}",GB,T_C,98.72625505315887,128.5435049196634,88.92632658315826,0.48229075491531725,0.7680376780986359,44,opx_only,alr
"{'max_iter': 200, 'max_depth': 10, 'learning_rate': 0.02171103454376615, 'min_samples_leaf': 37, 'l2_regularization': 0.003618723330959626, 'max_leaf_nodes': 45}",GB,P_kbar,6.428446726945238,14.147867105273944,9.704716681477242,0.21598391223508417,0.45437567932405065,44,opx_only,alr
"{'n_estimators': 200, 'max_depth': 32, 'min_samples_split': 4, 'min_samples_leaf': 1, 'max_features': 0.3367597600898754}",RF,T_C,11.527611904226724,116.94886736202018,82.57045052892035,0.571473497905134,0.09856967548512045,44,opx_only,pwlr
"{'n_estimators': 700, 'max_depth': 17, 'min_samples_split': 2, 'min_samples_leaf': 4, 'max_features': 0.645274662952607}",RF,P_kbar,3.4838671316115257,12.348706179997915,7.8446896518075,0.4027090347276495,0.2821240606772712,44,opx_only,pwlr
"{'n_estimators': 400, 'max_depth': 16, 'min_samples_split': 5, 'min_samples_leaf': 2, 'max_features': 0.959649015243725}",ERT,T_C,26.485552756366882,118.28255751229612,82.15985795479307,0.5616438960144747,0.22391765373870584,44,opx_only,pwlr
"{'n_estimators': 400, 'max_depth': 10, 'min_samples_split': 7, 'min_samples_leaf': 4, 'max_features': 0.5254895450437925}",ERT,P_kbar,4.5059320221243855,13.991601693890647,8.641364677537387,0.2332074271453285,0.32204547561498087,44,opx_only,pwlr
"{'n_estimators': 800, 'max_depth': 8, 'learning_rate': 0.025798402314638237, 'subsample': 0.6706511760066806, 'colsample_bytree': 0.6683583148337462, 'reg_alpha': 0.0078319848508762, 'reg_lambda': 0.48631194668700506, 'min_child_weight': 2}",XGB,T_C,3.198123061149971,115.52511537141646,80.13287584083125,0.5818438701587385,0.027683357431567295,44,opx_only,pwlr
"{'n_estimators': 700, 'max_depth': 8, 'learning_rate': 0.11774471603456654, 'subsample': 0.7739066866913367, 'colsample_bytree': 0.6488150583612358, 'reg_alpha': 0.0007156271299969353, 'reg_lambda': 1.0168608244569377, 'min_child_weight': 4}",XGB,P_kbar,0.001143718254229564,14.146846579805748,9.361728922555509,0.21609701472919884,8.084616227210605e-05,44,opx_only,pwlr
"{'max_iter': 800, 'max_depth': 10, 'learning_rate': 0.01689596899223567, 'min_samples_leaf': 14, 'l2_regularization': 0.002313031028423451, 'max_leaf_nodes': 77}",GB,T_C,57.61830510843381,124.4665203418585,88.44495266084421,0.514610092013922,0.4629221171298109,44,opx_only,pwlr
"{'max_iter': 200, 'max_depth': 6, 'learning_rate': 0.014184294158192657, 'min_samples_leaf': 40, 'l2_regularization': 0.000143407330654096, 'max_leaf_nodes': 31}",GB,P_kbar,6.840971241499685,14.589549313898294,9.883956949554548,0.16626739954716452,0.46889530953384834,44,opx_only,pwlr
"{'n_estimators': 600, 'max_depth': 13, 'min_samples_split': 5, 'min_samples_leaf': 1, 'max_features': 0.43863039467209686}",RF,T_C,27.257949421769673,170.21238576403294,120.87630764216989,0.33588285198587386,0.1601408105492254,45,opx_only,raw
"{'n_estimators': 500, 'max_depth': 14, 'min_samples_split': 2, 'min_samples_leaf': 5, 'max_features': 0.9328204779927532}",RF,P_kbar,5.058695503862911,10.118751945018552,6.791898878198686,0.265314125242176,0.4999327517217476,45,opx_only,raw
"{'n_estimators': 400, 'max_depth': 10, 'min_samples_split': 2, 'min_samples_leaf': 1, 'max_features': 0.7598116105731882}",ERT,T_C,48.569282814554626,181.68016958447615,132.11729087768816,0.24338067523314855,0.2673339799585077,45,opx_only,raw
"{'n_estimators': 800, 'max_depth': 19, 'min_samples_split': 7, 'min_samples_leaf': 4, 'max_features': 0.7903240753137547}",ERT,P_kbar,4.993034857870013,9.521118014722555,6.523762053829654,0.34953536792216633,0.5244168647158093,45,opx_only,raw
"{'n_estimators': 300, 'max_depth': 3, 'learning_rate': 0.04590417330988274, 'subsample': 0.8706421499699768, 'colsample_bytree': 0.7548360285746123, 'reg_alpha': 0.16867181293084388, 'reg_lambda': 1.6756177344558252, 'min_child_weight': 1}",XGB,T_C,67.14624412983899,167.01442801162983,122.77456479920627,0.3606033489617252,0.40203858390703434,45,opx_only,raw
"{'n_estimators': 200, 'max_depth': 6, 'learning_rate': 0.014748120873910569, 'subsample': 0.881548631898809, 'colsample_bytree': 0.9411390870933829, 'reg_alpha': 6.409731057654383, 'reg_lambda': 3.050408192597233, 'min_child_weight': 3}",XGB,P_kbar,4.8087834993989,9.465415487525577,6.9292970022680995,0.35712408514738136,0.5080372336255468,45,opx_only,raw
"{'max_iter': 400, 'max_depth': 10, 'learning_rate': 0.07809496264049752, 'min_samples_leaf': 38, 'l2_regularization': 0.03901185653266186, 'max_leaf_nodes': 50}",GB,T_C,60.55550566569174,164.2341910422543,120.27458830925124,0.3817138366592482,0.3687143662437012,45,opx_only,raw
"{'max_iter': 200, 'max_depth': 10, 'learning_rate': 0.015704299630186942, 'min_samples_leaf': 48, 'l2_regularization': 0.002951691457783485, 'max_leaf_nodes': 64}",GB,P_kbar,8.10805340138495,8.874685837322847,6.7360294237910585,0.43486296729620966,0.9136158225777645,45,opx_only,raw
"{'n_estimators': 700, 'max_depth': 11, 'min_samples_split': 4, 'min_samples_leaf': 1, 'max_features': 0.3614347829642153}",RF,T_C,36.654854237435515,171.98253981494946,124.14559418978357,0.32199781616241363,0.21313125318928053,45,opx_only,alr
"{'n_estimators': 800, 'max_depth': 13, 'min_samples_split': 9, 'min_samples_leaf': 5, 'max_features': 0.9531974346883314}",RF,P_kbar,4.9373984708543,9.87707038264166,6.4357851736699585,0.2999902518475832,0.499884913195665,45,opx_only,alr
"{'n_estimators': 500, 'max_depth': 30, 'min_samples_split': 5, 'min_samples_leaf': 1, 'max_features': 0.9696035446516708}",ERT,T_C,19.469372734958554,185.4842948003803,130.2932817815004,0.21136388270768025,0.10496507402910663,45,opx_only,alr
"{'n_estimators': 200, 'max_depth': 38, 'min_samples_split': 5, 'min_samples_leaf': 3, 'max_features': 0.9081876172303992}",ERT,P_kbar,3.835374963921199,9.579933509448518,6.643673962627991,0.3414742212826606,0.4003550713727227,45,opx_only,alr
"{'n_estimators': 500, 'max_depth': 6, 'learning_rate': 0.014068172374557167, 'subsample': 0.60085424293986, 'colsample_bytree': 0.7751528046837222, 'reg_alpha': 0.124089851608055, 'reg_lambda': 0.8092405952349006, 'min_child_weight': 1}",XGB,T_C,36.09108573034735,161.68281741316852,117.24929356448992,0.4007747393368686,0.2232215290887667,45,opx_only,alr
"{'n_estimators': 200, 'max_depth': 9, 'learning_rate': 0.018044582132088503, 'subsample': 0.9896459462540093, 'colsample_bytree': 0.7719290906775634, 'reg_alpha': 1.3430417787943512, 'reg_lambda': 8.449558888950277, 'min_child_weight': 8}",XGB,P_kbar,4.684046535355912,8.652442134025502,6.414456166736224,0.4628133664107562,0.5413554303860666,45,opx_only,alr
"{'max_iter': 300, 'max_depth': 9, 'learning_rate': 0.010415644606274546, 'min_samples_leaf': 37, 'l2_regularization': 0.0001119158165983473, 'max_leaf_nodes': 34}",GB,T_C,91.5008273242434,160.48238901180653,121.51156013400852,0.4096397094008585,0.5701611739934391,45,opx_only,alr
"{'max_iter': 200, 'max_depth': 10, 'learning_rate': 0.02171103454376615, 'min_samples_leaf': 37, 'l2_regularization': 0.003618723330959626, 'max_leaf_nodes': 45}",GB,P_kbar,6.671833431865084,8.309792353829064,6.164365817450934,0.5045177120341895,0.8028881045133184,45,opx_only,alr
"{'n_estimators': 200, 'max_depth': 32, 'min_samples_split': 4, 'min_samples_leaf': 1, 'max_features': 0.3367597600898754}",RF,T_C,12.416084833924847,157.280969470605,111.75343916331246,0.43295864831016284,0.07894206702639477,45,opx_only,pwlr
"{'n_estimators': 700, 'max_depth': 17, 'min_samples_split': 2, 'min_samples_leaf': 4, 'max_features': 0.645274662952607}",RF,P_kbar,4.047312688493805,9.316626865159932,6.289675941953041,0.37717620672480023,0.43441824461479356,45,opx_only,pwlr
"{'n_estimators': 400, 'max_depth': 16, 'min_samples_split': 5, 'min_samples_leaf': 2, 'max_features': 0.959649015243725}",ERT,T_C,24.849682849698116,167.06074791834604,118.63091705004267,0.3602486382872617,0.14874638812130692,45,opx_only,pwlr
"{'n_estimators': 400, 'max_depth': 10, 'min_samples_split': 7, 'min_samples_leaf': 4, 'max_features': 0.5254895450437925}",ERT,P_kbar,4.822871603029016,9.124891919889706,6.577257976830805,0.40254768370502225,0.5285401345430195,45,opx_only,pwlr
"{'n_estimators': 800, 'max_depth': 8, 'learning_rate': 0.025798402314638237, 'subsample': 0.6706511760066806, 'colsample_bytree': 0.6683583148337462, 'reg_alpha': 0.0078319848508762, 'reg_lambda': 0.48631194668700506, 'min_child_weight': 2}",XGB,T_C,3.080772692038538,163.14155812058237,116.48438425107976,0.3899132572348417,0.018884046024382425,45,opx_only,pwlr
"{'n_estimators': 700, 'max_depth': 8, 'learning_rate': 0.11774471603456654, 'subsample': 0.7739066866913367, 'colsample_bytree': 0.6488150583612358, 'reg_alpha': 0.0007156271299969353, 'reg_lambda': 1.0168608244569377, 'min_child_weight': 4}",XGB,P_kbar,0.0017400243395593957,11.606645715496239,8.114772859821771,0.03336782426463214,0.0001499162102653188,45,opx_only,pwlr
"{'max_iter': 800, 'max_depth': 10, 'learning_rate': 0.01689596899223567, 'min_samples_leaf': 14, 'l2_regularization': 0.002313031028423451, 'max_leaf_nodes': 77}",GB,T_C,44.07116595319199,157.1431812224107,115.00026313914381,0.4339517425236161,0.2804522958639637,45,opx_only,pwlr
"{'max_iter': 200, 'max_depth': 6, 'learning_rate': 0.014184294158192657, 'min_samples_leaf': 40, 'l2_regularization': 0.000143407330654096, 'max_leaf_nodes': 31}",GB,P_kbar,7.37902471122173,8.97191833905205,6.602514751844353,0.42241166313062095,0.8224578548718021,45,opx_only,pwlr
"{'n_estimators': 600, 'max_depth': 13, 'min_samples_split': 5, 'min_samples_leaf': 1, 'max_features': 0.43863039467209686}",RF,T_C,23.54599251567196,161.80875676920326,126.73239379268551,0.36068441465105017,0.14551741812871663,46,opx_only,raw
"{'n_estimators': 500, 'max_depth': 14, 'min_samples_split': 2, 'min_samples_leaf': 5, 'max_features': 0.9328204779927532}",RF,P_kbar,4.076792942856711,19.140959181137276,11.665133131641657,0.004957274042292292,0.21298791268904868,46,opx_only,raw
"{'n_estimators': 400, 'max_depth': 10, 'min_samples_split': 2, 'min_samples_leaf': 1, 'max_features': 0.7598116105731882}",ERT,T_C,44.276766569374686,165.97700201447796,131.7649058346866,0.3273222213646708,0.266764467558659,46,opx_only,raw
"{'n_estimators': 800, 'max_depth': 19, 'min_samples_split': 7, 'min_samples_leaf': 4, 'max_features': 0.7903240753137547}",ERT,P_kbar,4.1706238542039955,17.657938646380494,11.13306459580056,0.15317369118386337,0.23618973526442089,46,opx_only,raw
"{'n_estimators': 300, 'max_depth': 3, 'learning_rate': 0.04590417330988274, 'subsample': 0.8706421499699768, 'colsample_bytree': 0.7548360285746123, 'reg_alpha': 0.16867181293084388, 'reg_lambda': 1.6756177344558252, 'min_child_weight': 1}",XGB,T_C,63.79718178336841,161.14510746542192,122.27901371317552,0.36591789235413463,0.3958989682454854,46,opx_only,raw
"{'n_estimators': 200, 'max_depth': 6, 'learning_rate': 0.014748120873910569, 'subsample': 0.881548631898809, 'colsample_bytree': 0.9411390870933829, 'reg_alpha': 6.409731057654383, 'reg_lambda': 3.050408192597233, 'min_child_weight': 3}",XGB,P_kbar,3.9592911231466985,18.464036076313203,12.233191125047055,0.07409247204578795,0.2144325924615106,46,opx_only,raw
"{'max_iter': 400, 'max_depth': 10, 'learning_rate': 0.07809496264049752, 'min_samples_leaf': 38, 'l2_regularization': 0.03901185653266186, 'max_leaf_nodes': 50}",GB,T_C,75.52890218615697,156.28842668606242,120.2422066461521,0.40356257264661943,0.4832661239713697,46,opx_only,raw
"{'max_iter': 200, 'max_depth': 10, 'learning_rate': 0.015704299630186942, 'min_samples_leaf': 48, 'l2_regularization': 0.002951691457783485, 'max_leaf_nodes': 64}",GB,P_kbar,6.323943039233569,18.937028961896097,12.554152232139833,0.026046950416741432,0.3339458925662632,46,opx_only,raw
"{'n_estimators': 700, 'max_depth': 11, 'min_samples_split': 4, 'min_samples_leaf': 1, 'max_features': 0.3614347829642153}",RF,T_C,32.35124985836481,160.9312228932169,125.84240658637361,0.3675999834756558,0.20102531551525535,46,opx_only,alr
"{'n_estimators': 800, 'max_depth': 13, 'min_samples_split': 9, 'min_samples_leaf': 5, 'max_features': 0.9531974346883314}",RF,P_kbar,4.014033813399909,19.51500722966667,12.252819222510192,-0.03431248744917714,0.2056895888461565,46,opx_only,alr
"{'n_estimators': 500, 'max_depth': 30, 'min_samples_split': 5, 'min_samples_leaf': 1, 'max_features': 0.9696035446516708}",ERT,T_C,17.472684316963903,157.46764088312332,122.96387147487884,0.39452823990131536,0.1109604755553085,46,opx_only,alr
"{'n_estimators': 200, 'max_depth': 38, 'min_samples_split': 5, 'min_samples_leaf': 3, 'max_features': 0.9081876172303992}",ERT,P_kbar,3.382179127417547,18.775882828351165,12.127476797486603,0.04255228338965644,0.18013422635502027,46,opx_only,alr
"{'n_estimators': 500, 'max_depth': 6, 'learning_rate': 0.014068172374557167, 'subsample': 0.60085424293986, 'colsample_bytree': 0.7751528046837222, 'reg_alpha': 0.124089851608055, 'reg_lambda': 0.8092405952349006, 'min_child_weight': 1}",XGB,T_C,34.964458406031895,162.71871556267044,122.9850549780063,0.3534735981631979,0.21487668634260745,46,opx_only,alr
"{'n_estimators': 200, 'max_depth': 9, 'learning_rate': 0.018044582132088503, 'subsample': 0.9896459462540093, 'colsample_bytree': 0.7719290906775634, 'reg_alpha': 1.3430417787943512, 'reg_lambda': 8.449558888950277, 'min_child_weight': 8}",XGB,P_kbar,3.729375748469308,18.010024410196333,11.890403785072815,0.11906688067203774,0.20707222064385047,46,opx_only,alr
"{'max_iter': 300, 'max_depth': 9, 'learning_rate': 0.010415644606274546, 'min_samples_leaf': 37, 'l2_regularization': 0.0001119158165983473, 'max_leaf_nodes': 34}",GB,T_C,90.9732940114548,156.14955805754775,122.21588407324029,0.40462201961850197,0.582603595829117,46,opx_only,alr
"{'max_iter': 200, 'max_depth': 10, 'learning_rate': 0.02171103454376615, 'min_samples_leaf': 37, 'l2_regularization': 0.003618723330959626, 'max_leaf_nodes': 45}",GB,P_kbar,5.440936531718891,18.831443230372294,12.816650782392172,0.03687746235272005,0.2889282815532416,46,opx_only,alr
"{'n_estimators': 200, 'max_depth': 32, 'min_samples_split': 4, 'min_samples_leaf': 1, 'max_features': 0.3367597600898754}",RF,T_C,10.456214080691819,158.46530944703625,122.02306476421927,0.3868317543058888,0.06598424675519655,46,opx_only,pwlr
"{'n_estimators': 700, 'max_depth': 17, 'min_samples_split': 2, 'min_samples_leaf': 4, 'max_features': 0.645274662952607}",RF,P_kbar,3.2908423806031086,18.501335414411454,11.994612901298813,0.07034782805333428,0.1778705324178781,46,opx_only,pwlr
"{'n_estimators': 400, 'max_depth': 16, 'min_samples_split': 5, 'min_samples_leaf': 2, 'max_features': 0.959649015243725}",ERT,T_C,23.7773342905804,159.88419697736552,123.59902056244312,0.3758020618616933,0.1487159753127228,46,opx_only,pwlr
"{'n_estimators': 400, 'max_depth': 10, 'min_samples_split': 7, 'min_samples_leaf': 4, 'max_features': 0.5254895450437925}",ERT,P_kbar,3.8347998885076398,18.51629099858288,12.26344256157638,0.06884424893854058,0.2071041057197217,46,opx_only,pwlr
"{'n_estimators': 800, 'max_depth': 8, 'learning_rate': 0.025798402314638237, 'subsample': 0.6706511760066806, 'colsample_bytree': 0.6683583148337462, 'reg_alpha': 0.0078319848508762, 'reg_lambda': 0.48631194668700506, 'min_child_weight': 2}",XGB,T_C,0.817262526680508,166.91374177264325,125.45496793832788,0.31970788737117906,0.0048963166124076155,46,opx_only,pwlr
"{'n_estimators': 700, 'max_depth': 8, 'learning_rate': 0.11774471603456654, 'subsample': 0.7739066866913367, 'colsample_bytree': 0.6488150583612358, 'reg_alpha': 0.0007156271299969353, 'reg_lambda': 1.0168608244569377, 'min_child_weight': 4}",XGB,P_kbar,0.0014035022236867265,17.970832209561063,12.457666840959284,0.12289676346566003,7.809889977938907e-05,46,opx_only,pwlr
"{'max_iter': 800, 'max_depth': 10, 'learning_rate': 0.01689596899223567, 'min_samples_leaf': 14, 'l2_regularization': 0.002313031028423451, 'max_leaf_nodes': 77}",GB,T_C,53.60581838840833,164.03444730873898,124.571174510028,0.342975795532111,0.32679610452500646,46,opx_only,pwlr
"{'max_iter': 200, 'max_depth': 6, 'learning_rate': 0.014184294158192657, 'min_samples_leaf': 40, 'l2_regularization': 0.000143407330654096, 'max_leaf_nodes': 31}",GB,P_kbar,5.670271956650465,18.705948094941625,12.452670213532297,0.04967143195364898,0.30312668076865845,46,opx_only,pwlr
"{'n_estimators': 600, 'max_depth': 13, 'min_samples_split': 5, 'min_samples_leaf': 1, 'max_features': 0.43863039467209686}",RF,T_C,26.985413910171307,146.58932043270548,104.63484789046973,0.35920846871812273,0.1840885395369539,47,opx_only,raw
"{'n_estimators': 500, 'max_depth': 14, 'min_samples_split': 2, 'min_samples_leaf': 5, 'max_features': 0.9328204779927532}",RF,P_kbar,4.699435189225415,11.65803235328079,7.1322328406739866,0.21238513084083233,0.4031070635949046,47,opx_only,raw
"{'n_estimators': 400, 'max_depth': 10, 'min_samples_split': 2, 'min_samples_leaf': 1, 'max_features': 0.7598116105731882}",ERT,T_C,49.31950069331343,149.10751506598393,104.59663498771225,0.3370036070849751,0.33076468796014924,47,opx_only,raw
"{'n_estimators': 800, 'max_depth': 19, 'min_samples_split': 7, 'min_samples_leaf': 4, 'max_features': 0.7903240753137547}",ERT,P_kbar,4.859858401436752,11.77993029887008,7.33597629337544,0.19582820749335905,0.4125540880240103,47,opx_only,raw
"{'n_estimators': 300, 'max_depth': 3, 'learning_rate': 0.04590417330988274, 'subsample': 0.8706421499699768, 'colsample_bytree': 0.7548360285746123, 'reg_alpha': 0.16867181293084388, 'reg_lambda': 1.6756177344558252, 'min_child_weight': 1}",XGB,T_C,68.37107332407065,140.54136194033458,99.18897580077261,0.41099305434073874,0.48648363997708305,47,opx_only,raw
"{'n_estimators': 200, 'max_depth': 6, 'learning_rate': 0.014748120873910569, 'subsample': 0.881548631898809, 'colsample_bytree': 0.9411390870933829, 'reg_alpha': 6.409731057654383, 'reg_lambda': 3.050408192597233, 'min_child_weight': 3}",XGB,P_kbar,4.384329130907578,10.631093048632996,7.144566037481697,0.34503328096525554,0.41240624184653707,47,opx_only,raw
"{'max_iter': 400, 'max_depth': 10, 'learning_rate': 0.07809496264049752, 'min_samples_leaf': 38, 'l2_regularization': 0.03901185653266186, 'max_leaf_nodes': 50}",GB,T_C,76.57997686236013,142.71239458486605,102.380638900278,0.39265496296703406,0.5366035450888654,47,opx_only,raw
"{'max_iter': 200, 'max_depth': 10, 'learning_rate': 0.015704299630186942, 'min_samples_leaf': 48, 'l2_regularization': 0.002951691457783485, 'max_leaf_nodes': 64}",GB,P_kbar,8.468621414015491,10.911249035919063,7.675179722492175,0.31005840198981316,0.7761367544758062,47,opx_only,raw
"{'n_estimators': 700, 'max_depth': 11, 'min_samples_split': 4, 'min_samples_leaf': 1, 'max_features': 0.3614347829642153}",RF,T_C,36.23472038679218,145.0793416184403,103.65097014292054,0.3723417342139518,0.24975795990369018,47,opx_only,alr
"{'n_estimators': 800, 'max_depth': 13, 'min_samples_split': 9, 'min_samples_leaf': 5, 'max_features': 0.9531974346883314}",RF,P_kbar,4.622441966436388,9.813122580180044,6.2209391883602185,0.44194392311731,0.47104700146847434,47,opx_only,alr
"{'n_estimators': 500, 'max_depth': 30, 'min_samples_split': 5, 'min_samples_leaf': 1, 'max_features': 0.9696035446516708}",ERT,T_C,18.834558010770483,155.04865725258173,106.4625396487775,0.2831172678493722,0.12147514428382362,47,opx_only,alr
"{'n_estimators': 200, 'max_depth': 38, 'min_samples_split': 5, 'min_samples_leaf': 3, 'max_features': 0.9081876172303992}",ERT,P_kbar,3.717398647899685,10.58303724162977,6.997209390077411,0.3509411995335251,0.351260093206212,47,opx_only,alr
"{'n_estimators': 500, 'max_depth': 6, 'learning_rate': 0.014068172374557167, 'subsample': 0.60085424293986, 'colsample_bytree': 0.7751528046837222, 'reg_alpha': 0.124089851608055, 'reg_lambda': 0.8092405952349006, 'min_child_weight': 1}",XGB,T_C,35.61105960949054,136.31123166209107,96.5689008474209,0.4459162871968382,0.26124816843977045,47,opx_only,alr
"{'n_estimators': 200, 'max_depth': 9, 'learning_rate': 0.018044582132088503, 'subsample': 0.9896459462540093, 'colsample_bytree': 0.7719290906775634, 'reg_alpha': 1.3430417787943512, 'reg_lambda': 8.449558888950277, 'min_child_weight': 8}",XGB,P_kbar,4.33542434789034,10.268590231316875,7.012369018486227,0.3889383318593479,0.42220248838718655,47,opx_only,alr
"{'max_iter': 300, 'max_depth': 9, 'learning_rate': 0.010415644606274546, 'min_samples_leaf': 37, 'l2_regularization': 0.0001119158165983473, 'max_leaf_nodes': 34}",GB,T_C,93.64227844291601,140.25591110058195,102.1030547875608,0.4133832657287442,0.6676529902241494,47,opx_only,alr
"{'max_iter': 200, 'max_depth': 10, 'learning_rate': 0.02171103454376615, 'min_samples_leaf': 37, 'l2_regularization': 0.003618723330959626, 'max_leaf_nodes': 45}",GB,P_kbar,7.279343286900281,10.586562619259402,7.554979019939673,0.35050870393942957,0.6876021564976601,47,opx_only,alr
"{'n_estimators': 200, 'max_depth': 32, 'min_samples_split': 4, 'min_samples_leaf': 1, 'max_features': 0.3367597600898754}",RF,T_C,11.747439514783627,134.21908021110158,96.0857851729068,0.4627942938425822,0.0875243631256234,47,opx_only,pwlr
"{'n_estimators': 700, 'max_depth': 17, 'min_samples_split': 2, 'min_samples_leaf': 4, 'max_features': 0.645274662952607}",RF,P_kbar,3.697852082927596,9.635503737938187,5.8655486543660516,0.46196287615955656,0.3837736130357068,47,opx_only,pwlr
"{'n_estimators': 400, 'max_depth': 16, 'min_samples_split': 5, 'min_samples_leaf': 2, 'max_features': 0.959649015243725}",ERT,T_C,26.148224577805447,141.18835703297952,98.43637727625244,0.40555747612914483,0.1852009976410279,47,opx_only,pwlr
"{'n_estimators': 400, 'max_depth': 10, 'min_samples_split': 7, 'min_samples_leaf': 4, 'max_features': 0.5254895450437925}",ERT,P_kbar,4.610309852088341,10.395076917029044,6.656419430993914,0.3737917162293364,0.4435089695715293,47,opx_only,pwlr
"{'n_estimators': 800, 'max_depth': 8, 'learning_rate': 0.025798402314638237, 'subsample': 0.6706511760066806, 'colsample_bytree': 0.6683583148337462, 'reg_alpha': 0.0078319848508762, 'reg_lambda': 0.48631194668700506, 'min_child_weight': 2}",XGB,T_C,1.1281258274004047,140.23359936970172,99.86382281324703,0.41356988736281997,0.008044618639690587,47,opx_only,pwlr
"{'n_estimators': 700, 'max_depth': 8, 'learning_rate': 0.11774471603456654, 'subsample': 0.7739066866913367, 'colsample_bytree': 0.6488150583612358, 'reg_alpha': 0.0007156271299969353, 'reg_lambda': 1.0168608244569377, 'min_child_weight': 4}",XGB,P_kbar,0.0006169511248969889,9.972659887595405,6.968998723328855,0.423651178050682,6.186425004470371e-05,47,opx_only,pwlr
"{'max_iter': 800, 'max_depth': 10, 'learning_rate': 0.01689596899223567, 'min_samples_leaf': 14, 'l2_regularization': 0.002313031028423451, 'max_leaf_nodes': 77}",GB,T_C,50.87826365492252,134.49390527485392,97.1053403869151,0.4605920921508575,0.3782941951975213,47,opx_only,pwlr
"{'max_iter': 200, 'max_depth': 6, 'learning_rate': 0.014184294158192657, 'min_samples_leaf': 40, 'l2_regularization': 0.000143407330654096, 'max_leaf_nodes': 31}",GB,P_kbar,7.317995050865473,10.285102880775781,7.115844450629434,0.3869714873701625,0.7115140349780822,47,opx_only,pwlr
"{'n_estimators': 600, 'max_depth': 13, 'min_samples_split': 5, 'min_samples_leaf': 1, 'max_features': 0.43863039467209686}",RF,T_C,25.104047768503552,150.99661547858355,115.0918105636375,0.514252674725969,0.1662556984402353,48,opx_only,raw
"{'n_estimators': 500, 'max_depth': 14, 'min_samples_split': 2, 'min_samples_leaf': 5, 'max_features': 0.9328204779927532}",RF,P_kbar,5.087482838921437,8.166253159930283,4.935028784583417,0.5189617022023127,0.6229886263977725,48,opx_only,raw
"{'n_estimators': 400, 'max_depth': 10, 'min_samples_split': 2, 'min_samples_leaf': 1, 'max_features': 0.7598116105731882}",ERT,T_C,41.99357271308962,155.4707211613936,118.98716405618023,0.48504032948972753,0.2701059877987974,48,opx_only,raw
"{'n_estimators': 800, 'max_depth': 19, 'min_samples_split': 7, 'min_samples_leaf': 4, 'max_features': 0.7903240753137547}",ERT,P_kbar,5.265757335395626,7.589103948283147,4.751329555718063,0.5845536206733911,0.6938575846739953,48,opx_only,raw
"{'n_estimators': 300, 'max_depth': 3, 'learning_rate': 0.04590417330988274, 'subsample': 0.8706421499699768, 'colsample_bytree': 0.7548360285746123, 'reg_alpha': 0.16867181293084388, 'reg_lambda': 1.6756177344558252, 'min_child_weight': 1}",XGB,T_C,68.76681133670571,157.96223846117311,120.46270914824558,0.46840296379301094,0.43533702742259184,48,opx_only,raw
"{'n_estimators': 200, 'max_depth': 6, 'learning_rate': 0.014748120873910569, 'subsample': 0.881548631898809, 'colsample_bytree': 0.9411390870933829, 'reg_alpha': 6.409731057654383, 'reg_lambda': 3.050408192597233, 'min_child_weight': 3}",XGB,P_kbar,4.705958996299085,7.752293713738943,5.143348338630042,0.5664946987173467,0.6070408539809302,48,opx_only,raw
"{'max_iter': 400, 'max_depth': 10, 'learning_rate': 0.07809496264049752, 'min_samples_leaf': 38, 'l2_regularization': 0.03901185653266186, 'max_leaf_nodes': 50}",GB,T_C,63.41986809069672,152.86683931416246,117.30822180400922,0.5021453538908873,0.4148700161214175,48,opx_only,raw
"{'max_iter': 200, 'max_depth': 10, 'learning_rate': 0.015704299630186942, 'min_samples_leaf': 48, 'l2_regularization': 0.002951691457783485, 'max_leaf_nodes': 64}",GB,P_kbar,8.430778743633903,8.213514507185371,5.492290639606167,0.5133776713311313,1.0264520426984654,48,opx_only,raw
"{'n_estimators': 700, 'max_depth': 11, 'min_samples_split': 4, 'min_samples_leaf': 1, 'max_features': 0.3614347829642153}",RF,T_C,28.691375490396503,150.76073982370445,116.51753619333753,0.5157690858994799,0.19031065729676985,48,opx_only,alr
"{'n_estimators': 800, 'max_depth': 13, 'min_samples_split': 9, 'min_samples_leaf': 5, 'max_features': 0.9531974346883314}",RF,P_kbar,5.066327478436378,7.75482301817064,4.785711090704329,0.5662117770970521,0.6533131016098318,48,opx_only,alr
"{'n_estimators': 500, 'max_depth': 30, 'min_samples_split': 5, 'min_samples_leaf': 1, 'max_features': 0.9696035446516708}",ERT,T_C,16.93894631118186,151.42451865703578,117.27761384970114,0.5114956945567108,0.11186396008659069,48,opx_only,alr
"{'n_estimators': 200, 'max_depth': 38, 'min_samples_split': 5, 'min_samples_leaf': 3, 'max_features': 0.9081876172303992}",ERT,P_kbar,4.022501422061112,7.597107571691098,4.72264100540779,0.5836768821979171,0.5294780130598721,48,opx_only,alr
"{'n_estimators': 500, 'max_depth': 6, 'learning_rate': 0.014068172374557167, 'subsample': 0.60085424293986, 'colsample_bytree': 0.7751528046837222, 'reg_alpha': 0.124089851608055, 'reg_lambda': 0.8092405952349006, 'min_child_weight': 1}",XGB,T_C,34.43742689930269,151.01458680455767,118.46828317745181,0.5141370424254514,0.2280404007850675,48,opx_only,alr
"{'n_estimators': 200, 'max_depth': 9, 'learning_rate': 0.018044582132088503, 'subsample': 0.9896459462540093, 'colsample_bytree': 0.7719290906775634, 'reg_alpha': 1.3430417787943512, 'reg_lambda': 8.449558888950277, 'min_child_weight': 8}",XGB,P_kbar,4.595476642869896,8.015930220789054,5.575511859208635,0.5365084386302409,0.5732929948606186,48,opx_only,alr
"{'max_iter': 300, 'max_depth': 9, 'learning_rate': 0.010415644606274546, 'min_samples_leaf': 37, 'l2_regularization': 0.0001119158165983473, 'max_leaf_nodes': 34}",GB,T_C,94.77328604179806,154.4444038339113,124.02687378296253,0.4918167512011672,0.6136401429197573,48,opx_only,alr
"{'max_iter': 200, 'max_depth': 10, 'learning_rate': 0.02171103454376615, 'min_samples_leaf': 37, 'l2_regularization': 0.003618723330959626, 'max_leaf_nodes': 45}",GB,P_kbar,7.265583655700695,7.8696849206012995,5.07450722598852,0.5532663515975913,0.9232369185049346,48,opx_only,alr
"{'n_estimators': 200, 'max_depth': 32, 'min_samples_split': 4, 'min_samples_leaf': 1, 'max_features': 0.3367597600898754}",RF,T_C,12.392784692307075,147.72456352819026,114.75478396733625,0.5350765808444917,0.08389115795181998,48,opx_only,pwlr
"{'n_estimators': 700, 'max_depth': 17, 'min_samples_split': 2, 'min_samples_leaf': 4, 'max_features': 0.645274662952607}",RF,P_kbar,4.1576024969278,7.75924430579507,4.9436598844007,0.5657170013355208,0.5358256981060195,48,opx_only,pwlr
"{'n_estimators': 400, 'max_depth': 16, 'min_samples_split': 5, 'min_samples_leaf': 2, 'max_features': 0.959649015243725}",ERT,T_C,24.67511129589986,146.91111524383612,111.75431583379834,0.5401827038892588,0.16795945803655005,48,opx_only,pwlr
"{'n_estimators': 400, 'max_depth': 10, 'min_samples_split': 7, 'min_samples_leaf': 4, 'max_features': 0.5254895450437925}",ERT,P_kbar,4.902340681968474,7.32308569565323,4.736857251343524,0.6131681647195052,0.6694364760579493,48,opx_only,pwlr
"{'n_estimators': 800, 'max_depth': 8, 'learning_rate': 0.025798402314638237, 'subsample': 0.6706511760066806, 'colsample_bytree': 0.6683583148337462, 'reg_alpha': 0.0078319848508762, 'reg_lambda': 0.48631194668700506, 'min_child_weight': 2}",XGB,T_C,3.097914196246823,150.93697352524933,121.7756500435515,0.51463632832803,0.020524554878057044,48,opx_only,pwlr
"{'n_estimators': 700, 'max_depth': 8, 'learning_rate': 0.11774471603456654, 'subsample': 0.7739066866913367, 'colsample_bytree': 0.6488150583612358, 'reg_alpha': 0.0007156271299969353, 'reg_lambda': 1.0168608244569377, 'min_child_weight': 4}",XGB,P_kbar,0.0013372686914390195,7.465896530697466,5.174023373902004,0.5979334817485229,0.000179116960158848,48,opx_only,pwlr
"{'max_iter': 800, 'max_depth': 10, 'learning_rate': 0.01689596899223567, 'min_samples_leaf': 14, 'l2_regularization': 0.002313031028423451, 'max_leaf_nodes': 77}",GB,T_C,53.66068589687867,145.89741852393308,111.56055341521188,0.5465063529938956,0.3677973636529843,48,opx_only,pwlr
"{'max_iter': 200, 'max_depth': 6, 'learning_rate': 0.014184294158192657, 'min_samples_leaf': 40, 'l2_regularization': 0.000143407330654096, 'max_leaf_nodes': 31}",GB,P_kbar,7.853872629292159,7.772615741379384,5.006004547671362,0.5642189196983973,1.0104542525472069,48,opx_only,pwlr
"{'n_estimators': 600, 'max_depth': 13, 'min_samples_split': 5, 'min_samples_leaf': 1, 'max_features': 0.43863039467209686}",RF,T_C,24.923089434202193,150.7481233106457,112.00674538509234,0.47446982492372436,0.16532935128381893,49,opx_only,raw
"{'n_estimators': 500, 'max_depth': 14, 'min_samples_split': 2, 'min_samples_leaf': 5, 'max_features': 0.9328204779927532}",RF,P_kbar,4.674707754842026,13.209249069743073,7.732023580502624,-0.31068553430454626,0.3538965561297385,49,opx_only,raw
"{'n_estimators': 400, 'max_depth': 10, 'min_samples_split': 2, 'min_samples_leaf': 1, 'max_features': 0.7598116105731882}",ERT,T_C,46.28110949147007,138.8526814188044,102.7646306171733,0.5541360379489801,0.33331088041345064,49,opx_only,raw
"{'n_estimators': 800, 'max_depth': 19, 'min_samples_split': 7, 'min_samples_leaf': 4, 'max_features': 0.7903240753137547}",ERT,P_kbar,4.709812775035617,11.428009424179008,6.977561735058693,0.018967426554709066,0.41212888441190376,49,opx_only,raw
"{'n_estimators': 300, 'max_depth': 3, 'learning_rate': 0.04590417330988274, 'subsample': 0.8706421499699768, 'colsample_bytree': 0.7548360285746123, 'reg_alpha': 0.16867181293084388, 'reg_lambda': 1.6756177344558252, 'min_child_weight': 1}",XGB,T_C,69.89707479420326,151.41793742244454,113.07882438975737,0.4697893081603778,0.461616873033977,49,opx_only,raw
"{'n_estimators': 200, 'max_depth': 6, 'learning_rate': 0.014748120873910569, 'subsample': 0.881548631898809, 'colsample_bytree': 0.9411390870933829, 'reg_alpha': 6.409731057654383, 'reg_lambda': 3.050408192597233, 'min_child_weight': 3}",XGB,P_kbar,4.401221953838021,11.265981604394293,6.9494744127249914,0.046588637522995247,0.39066475593403466,49,opx_only,raw
"{'max_iter': 400, 'max_depth': 10, 'learning_rate': 0.07809496264049752, 'min_samples_leaf': 38, 'l2_regularization': 0.03901185653266186, 'max_leaf_nodes': 50}",GB,T_C,91.78277442275039,152.7920752778801,116.19988999911416,0.4601221764157979,0.6007037619969935,49,opx_only,raw
"{'max_iter': 200, 'max_depth': 10, 'learning_rate': 0.015704299630186942, 'min_samples_leaf': 48, 'l2_regularization': 0.002951691457783485, 'max_leaf_nodes': 64}",GB,P_kbar,7.6283884275091935,11.02488168053237,6.847719671730787,0.08695933097174313,0.6919247433720154,49,opx_only,raw
"{'n_estimators': 700, 'max_depth': 11, 'min_samples_split': 4, 'min_samples_leaf': 1, 'max_features': 0.3614347829642153}",RF,T_C,30.61981162139516,151.27809957382007,111.60083366019896,0.4707681787899243,0.20240743179387596,49,opx_only,alr
"{'n_estimators': 800, 'max_depth': 13, 'min_samples_split': 9, 'min_samples_leaf': 5, 'max_features': 0.9531974346883314}",RF,P_kbar,4.521863658293399,13.57951343235877,8.427757701331537,-0.38519420474266575,0.33299158182782906,49,opx_only,alr
"{'n_estimators': 500, 'max_depth': 30, 'min_samples_split': 5, 'min_samples_leaf': 1, 'max_features': 0.9696035446516708}",ERT,T_C,16.85189142325801,145.41691113634758,109.38458816770874,0.5109833346718489,0.115886737598608,49,opx_only,alr
"{'n_estimators': 200, 'max_depth': 38, 'min_samples_split': 5, 'min_samples_leaf': 3, 'max_features': 0.9081876172303992}",ERT,P_kbar,3.5656010805515908,10.857684948602284,6.360074519864714,0.11444259383894118,0.3283942292883155,49,opx_only,alr
"{'n_estimators': 500, 'max_depth': 6, 'learning_rate': 0.014068172374557167, 'subsample': 0.60085424293986, 'colsample_bytree': 0.7751528046837222, 'reg_alpha': 0.124089851608055, 'reg_lambda': 0.8092405952349006, 'min_child_weight': 1}",XGB,T_C,34.250915610908606,154.56347956110227,121.33674126500355,0.44753139784959317,0.2215977261133571,49,opx_only,alr
"{'n_estimators': 200, 'max_depth': 9, 'learning_rate': 0.018044582132088503, 'subsample': 0.9896459462540093, 'colsample_bytree': 0.7719290906775634, 'reg_alpha': 1.3430417787943512, 'reg_lambda': 8.449558888950277, 'min_child_weight': 8}",XGB,P_kbar,4.181747344495318,11.59591926571246,7.18347610349205,-0.010072654963513727,0.3606223231357061,49,opx_only,alr
"{'max_iter': 300, 'max_depth': 9, 'learning_rate': 0.010415644606274546, 'min_samples_leaf': 37, 'l2_regularization': 0.0001119158165983473, 'max_leaf_nodes': 34}",GB,T_C,95.52442172275772,154.24757336583338,115.96110432694083,0.4497874275262148,0.6192928656076795,49,opx_only,alr
"{'max_iter': 200, 'max_depth': 10, 'learning_rate': 0.02171103454376615, 'min_samples_leaf': 37, 'l2_regularization': 0.003618723330959626, 'max_leaf_nodes': 45}",GB,P_kbar,6.379020642532175,10.905372859419328,7.271028115381806,0.10664661843663414,0.5849429198582977,49,opx_only,alr
"{'n_estimators': 200, 'max_depth': 32, 'min_samples_split': 4, 'min_samples_leaf': 1, 'max_features': 0.3367597600898754}",RF,T_C,11.803123550072456,134.14780054766587,98.92861680148518,0.5838394181556954,0.0879859640030291,49,opx_only,pwlr
"{'n_estimators': 700, 'max_depth': 17, 'min_samples_split': 2, 'min_samples_leaf': 4, 'max_features': 0.645274662952607}",RF,P_kbar,3.445318529229129,13.540969216887811,7.6900662803479,-0.3773418687819552,0.254436626658323,49,opx_only,pwlr
"{'n_estimators': 400, 'max_depth': 16, 'min_samples_split': 5, 'min_samples_leaf': 2, 'max_features': 0.959649015243725}",ERT,T_C,25.58589805169462,133.86530124881924,98.60225971554456,0.585590341884229,0.19113166603298778,49,opx_only,pwlr
"{'n_estimators': 400, 'max_depth': 10, 'min_samples_split': 7, 'min_samples_leaf': 4, 'max_features': 0.5254895450437925}",ERT,P_kbar,4.408964138648492,10.377341595075704,5.844195216730268,0.1910634220157844,0.4248645087235685,49,opx_only,pwlr
"{'n_estimators': 800, 'max_depth': 8, 'learning_rate': 0.025798402314638237, 'subsample': 0.6706511760066806, 'colsample_bytree': 0.6683583148337462, 'reg_alpha': 0.0078319848508762, 'reg_lambda': 0.48631194668700506, 'min_child_weight': 2}",XGB,T_C,1.0537894204487877,145.68906627940706,111.28022399256724,0.509151182684516,0.007233140052032438,49,opx_only,pwlr
"{'n_estimators': 700, 'max_depth': 8, 'learning_rate': 0.11774471603456654, 'subsample': 0.7739066866913367, 'colsample_bytree': 0.6488150583612358, 'reg_alpha': 0.0007156271299969353, 'reg_lambda': 1.0168608244569377, 'min_child_weight': 4}",XGB,P_kbar,0.000603128753239016,12.156606218435037,7.479411650359969,-0.11011238030788517,4.961325080386283e-05,49,opx_only,pwlr
"{'max_iter': 800, 'max_depth': 10, 'learning_rate': 0.01689596899223567, 'min_samples_leaf': 14, 'l2_regularization': 0.002313031028423451, 'max_leaf_nodes': 77}",GB,T_C,66.94610101941343,146.091416757569,106.67480566925943,0.5064362779818845,0.4582480100833505,49,opx_only,pwlr
"{'max_iter': 200, 'max_depth': 6, 'learning_rate': 0.014184294158192657, 'min_samples_leaf': 40, 'l2_regularization': 0.000143407330654096, 'max_leaf_nodes': 31}",GB,P_kbar,6.903032775849461,10.904012389327,6.587871866375187,0.10686950026973019,0.6330727194153086,49,opx_only,pwlr
"{'n_estimators': 600, 'max_depth': 13, 'min_samples_split': 5, 'min_samples_leaf': 1, 'max_features': 0.43863039467209686}",RF,T_C,28.269218602166532,106.06281186334212,79.0605887515074,0.639887666194155,0.2665328035861461,50,opx_only,raw
"{'n_estimators': 500, 'max_depth': 14, 'min_samples_split': 2, 'min_samples_leaf': 5, 'max_features': 0.9328204779927532}",RF,P_kbar,5.0614076371941055,10.80255077302013,6.366380737415173,-0.3115751266722495,0.4685381946859445,50,opx_only,raw
"{'n_estimators': 400, 'max_depth': 10, 'min_samples_split': 2, 'min_samples_leaf': 1, 'max_features': 0.7598116105731882}",ERT,T_C,41.1364005038281,103.47257071537285,76.24138357702918,0.657262045176567,0.39755850482331245,50,opx_only,raw
"{'n_estimators': 800, 'max_depth': 19, 'min_samples_split': 7, 'min_samples_leaf': 4, 'max_features': 0.7903240753137547}",ERT,P_kbar,5.136023951322768,10.711121247099742,6.245284799863739,-0.2894675290826856,0.47950385705076887,50,opx_only,raw
"{'n_estimators': 300, 'max_depth': 3, 'learning_rate': 0.04590417330988274, 'subsample': 0.8706421499699768, 'colsample_bytree': 0.7548360285746123, 'reg_alpha': 0.16867181293084388, 'reg_lambda': 1.6756177344558252, 'min_child_weight': 1}",XGB,T_C,72.20002892308352,106.78223175733761,75.29242313566297,0.6349858422659198,0.6761427227626964,50,opx_only,raw
"{'n_estimators': 200, 'max_depth': 6, 'learning_rate': 0.014748120873910569, 'subsample': 0.881548631898809, 'colsample_bytree': 0.9411390870933829, 'reg_alpha': 6.409731057654383, 'reg_lambda': 3.050408192597233, 'min_child_weight': 3}",XGB,P_kbar,4.535766543094197,10.623553767437452,6.68810836567441,-0.268469940533425,0.42695378988873767,50,opx_only,raw
"{'max_iter': 400, 'max_depth': 10, 'learning_rate': 0.07809496264049752, 'min_samples_leaf': 38, 'l2_regularization': 0.03901185653266186, 'max_leaf_nodes': 50}",GB,T_C,87.6368204585814,110.96098919285615,77.20498711488817,0.6058583209915037,0.7897984786911363,50,opx_only,raw
"{'max_iter': 200, 'max_depth': 10, 'learning_rate': 0.015704299630186942, 'min_samples_leaf': 48, 'l2_regularization': 0.002951691457783485, 'max_leaf_nodes': 64}",GB,P_kbar,8.221209676811448,10.321711499656043,6.7065883843980645,-0.19741300732323186,0.796496751249578,50,opx_only,raw
"{'n_estimators': 700, 'max_depth': 11, 'min_samples_split': 4, 'min_samples_leaf': 1, 'max_features': 0.3614347829642153}",RF,T_C,30.68050328999069,108.51182375494213,81.04235155002897,0.6230655355883028,0.28273880419960556,50,opx_only,alr
"{'n_estimators': 800, 'max_depth': 13, 'min_samples_split': 9, 'min_samples_leaf': 5, 'max_features': 0.9531974346883314}",RF,P_kbar,4.864606193554694,9.37359035255455,5.813383483573046,0.012465039553546275,0.5189693607880956,50,opx_only,alr
"{'n_estimators': 500, 'max_depth': 30, 'min_samples_split': 5, 'min_samples_leaf': 1, 'max_features': 0.9696035446516708}",ERT,T_C,19.766740428327836,110.71245834521757,81.261988945521,0.6076219437703639,0.17854124751427938,50,opx_only,alr
"{'n_estimators': 200, 'max_depth': 38, 'min_samples_split': 5, 'min_samples_leaf': 3, 'max_features': 0.9081876172303992}",ERT,P_kbar,3.828536794188898,12.28516741902646,7.1041469930786585,-0.6963001406615092,0.3116389596986291,50,opx_only,alr
"{'n_estimators': 500, 'max_depth': 6, 'learning_rate': 0.014068172374557167, 'subsample': 0.60085424293986, 'colsample_bytree': 0.7751528046837222, 'reg_alpha': 0.124089851608055, 'reg_lambda': 0.8092405952349006, 'min_child_weight': 1}",XGB,T_C,36.50562597711053,112.29819885546517,81.62480441256109,0.596301343350697,0.32507757336424925,50,opx_only,alr
"{'n_estimators': 200, 'max_depth': 9, 'learning_rate': 0.018044582132088503, 'subsample': 0.9896459462540093, 'colsample_bytree': 0.7719290906775634, 'reg_alpha': 1.3430417787943512, 'reg_lambda': 8.449558888950277, 'min_child_weight': 8}",XGB,P_kbar,4.467388330176182,9.076773328995783,5.827700571125247,0.07401592094896337,0.4921780205643227,50,opx_only,alr
"{'max_iter': 300, 'max_depth': 9, 'learning_rate': 0.010415644606274546, 'min_samples_leaf': 37, 'l2_regularization': 0.0001119158165983473, 'max_leaf_nodes': 34}",GB,T_C,103.06919495505325,108.18474609164126,80.00453403595641,0.6253344318840793,0.952714672618867,50,opx_only,alr
"{'max_iter': 200, 'max_depth': 10, 'learning_rate': 0.02171103454376615, 'min_samples_leaf': 37, 'l2_regularization': 0.003618723330959626, 'max_leaf_nodes': 45}",GB,P_kbar,6.883183071817877,8.905853574819043,5.646621051562586,0.10856097947661825,0.7728830273248385,50,opx_only,alr
"{'n_estimators': 200, 'max_depth': 32, 'min_samples_split': 4, 'min_samples_leaf': 1, 'max_features': 0.3367597600898754}",RF,T_C,11.947361972696529,101.79270035331061,73.10720948359545,0.6683003648662764,0.11736953564674703,50,opx_only,pwlr
"{'n_estimators': 700, 'max_depth': 17, 'min_samples_split': 2, 'min_samples_leaf': 4, 'max_features': 0.645274662952607}",RF,P_kbar,3.7467912788845545,9.407254355393752,6.002004835161611,0.005359101520544085,0.39828744257736487,50,opx_only,pwlr
"{'n_estimators': 400, 'max_depth': 16, 'min_samples_split': 5, 'min_samples_leaf': 2, 'max_features': 0.959649015243725}",ERT,T_C,27.612966870773114,98.85759741516017,70.73934791502354,0.6871531218148619,0.279320634860367,50,opx_only,pwlr
"{'n_estimators': 400, 'max_depth': 10, 'min_samples_split': 7, 'min_samples_leaf': 4, 'max_features': 0.5254895450437925}",ERT,P_kbar,4.514673037352021,11.27556695359693,6.861502601015063,-0.42895093098826553,0.4003943265940903,50,opx_only,pwlr
"{'n_estimators': 800, 'max_depth': 8, 'learning_rate': 0.025798402314638237, 'subsample': 0.6706511760066806, 'colsample_bytree': 0.6683583148337462, 'reg_alpha': 0.0078319848508762, 'reg_lambda': 0.48631194668700506, 'min_child_weight': 2}",XGB,T_C,3.1746902325673982,102.20518352854927,74.07269839229917,0.6656066996134109,0.031061929766806815,50,opx_only,pwlr
"{'n_estimators': 700, 'max_depth': 8, 'learning_rate': 0.11774471603456654, 'subsample': 0.7739066866913367, 'colsample_bytree': 0.6488150583612358, 'reg_alpha': 0.0007156271299969353, 'reg_lambda': 1.0168608244569377, 'min_child_weight': 4}",XGB,P_kbar,0.0005770007952629113,10.79781275983292,7.0137175791009465,-0.3104248617792045,5.343682170608778e-05,50,opx_only,pwlr
"{'max_iter': 800, 'max_depth': 10, 'learning_rate': 0.01689596899223567, 'min_samples_leaf': 14, 'l2_regularization': 0.002313031028423451, 'max_leaf_nodes': 77}",GB,T_C,61.353405514496956,103.0685431950771,73.12461446668989,0.6599333852910342,0.595267999455215,50,opx_only,pwlr
"{'max_iter': 200, 'max_depth': 6, 'learning_rate': 0.014184294158192657, 'min_samples_leaf': 40, 'l2_regularization': 0.000143407330654096, 'max_leaf_nodes': 31}",GB,P_kbar,7.525921944536225,10.473672787654285,6.766080432836856,-0.23293034920241396,0.7185561452146294,50,opx_only,pwlr
"{'n_estimators': 600, 'max_depth': 13, 'min_samples_split': 5, 'min_samples_leaf': 1, 'max_features': 0.43863039467209686}",RF,T_C,26.92048717383267,116.82270730795763,89.13742951787275,0.6765386660852761,0.2304388230180908,51,opx_only,raw
"{'n_estimators': 500, 'max_depth': 14, 'min_samples_split': 2, 'min_samples_leaf': 5, 'max_features': 0.9328204779927532}",RF,P_kbar,4.938216954022477,10.455641820615165,6.6027358422075935,0.13934307284400205,0.4723016567271748,51,opx_only,raw
"{'n_estimators': 400, 'max_depth': 10, 'min_samples_split': 2, 'min_samples_leaf': 1, 'max_features': 0.7598116105731882}",ERT,T_C,46.73714560030356,117.29229921036384,89.33728007210054,0.6739330064109166,0.3984672984922945,51,opx_only,raw
"{'n_estimators': 800, 'max_depth': 19, 'min_samples_split': 7, 'min_samples_leaf': 4, 'max_features': 0.7903240753137547}",ERT,P_kbar,5.262398091425512,9.903040097669207,6.445667504856919,0.2279138725528136,0.5313921825545347,51,opx_only,raw
"{'n_estimators': 300, 'max_depth': 3, 'learning_rate': 0.04590417330988274, 'subsample': 0.8706421499699768, 'colsample_bytree': 0.7548360285746123, 'reg_alpha': 0.16867181293084388, 'reg_lambda': 1.6756177344558252, 'min_child_weight': 1}",XGB,T_C,69.77536563009069,124.32238772854703,98.18170164554903,0.6336750279210741,0.5612453790900671,51,opx_only,raw
"{'n_estimators': 200, 'max_depth': 6, 'learning_rate': 0.014748120873910569, 'subsample': 0.881548631898809, 'colsample_bytree': 0.9411390870933829, 'reg_alpha': 6.409731057654383, 'reg_lambda': 3.050408192597233, 'min_child_weight': 3}",XGB,P_kbar,4.72482266453655,9.507722101607206,6.631406308877301,0.2883251262367176,0.4969458103679593,51,opx_only,raw
"{'max_iter': 400, 'max_depth': 10, 'learning_rate': 0.07809496264049752, 'min_samples_leaf': 38, 'l2_regularization': 0.03901185653266186, 'max_leaf_nodes': 50}",GB,T_C,74.3707567725113,125.96086432108447,96.02053667330257,0.6239556186343955,0.5904274885168634,51,opx_only,raw
"{'max_iter': 200, 'max_depth': 10, 'learning_rate': 0.015704299630186942, 'min_samples_leaf': 48, 'l2_regularization': 0.002951691457783485, 'max_leaf_nodes': 64}",GB,P_kbar,7.900979548823739,9.647613696232447,6.929015740878584,0.26722864301064686,0.8189568734400302,51,opx_only,raw
"{'n_estimators': 700, 'max_depth': 11, 'min_samples_split': 4, 'min_samples_leaf': 1, 'max_features': 0.3614347829642153}",RF,T_C,32.84880667051469,115.32192317952818,89.45920492814572,0.6847960924785803,0.2848444230276761,51,opx_only,alr
"{'n_estimators': 800, 'max_depth': 13, 'min_samples_split': 9, 'min_samples_leaf': 5, 'max_features': 0.9531974346883314}",RF,P_kbar,4.989186734716112,9.717833572575577,6.371228988876187,0.25652291349473344,0.5134052458766072,51,opx_only,alr
"{'n_estimators': 500, 'max_depth': 30, 'min_samples_split': 5, 'min_samples_leaf': 1, 'max_features': 0.9696035446516708}",ERT,T_C,19.257214036432412,119.12560802343299,91.1763391460102,0.663660324635239,0.1616546967184785,51,opx_only,alr
"{'n_estimators': 200, 'max_depth': 38, 'min_samples_split': 5, 'min_samples_leaf': 3, 'max_features': 0.9081876172303992}",ERT,P_kbar,4.057054419060202,7.7993609093490095,5.588869870592118,0.5210979356316342,0.5201778025423922,51,opx_only,alr
"{'n_estimators': 500, 'max_depth': 6, 'learning_rate': 0.014068172374557167, 'subsample': 0.60085424293986, 'colsample_bytree': 0.7751528046837222, 'reg_alpha': 0.124089851608055, 'reg_lambda': 0.8092405952349006, 'min_child_weight': 1}",XGB,T_C,35.89740692808559,120.69766652489776,97.91397524782613,0.6547246391940285,0.29741591500180825,51,opx_only,alr
"{'n_estimators': 200, 'max_depth': 9, 'learning_rate': 0.018044582132088503, 'subsample': 0.9896459462540093, 'colsample_bytree': 0.7719290906775634, 'reg_alpha': 1.3430417787943512, 'reg_lambda': 8.449558888950277, 'min_child_weight': 8}",XGB,P_kbar,4.655846042175642,9.003074046299906,6.66497560262018,0.36186830142514304,0.5171395923472503,51,opx_only,alr
"{'max_iter': 300, 'max_depth': 9, 'learning_rate': 0.010415644606274546, 'min_samples_leaf': 37, 'l2_regularization': 0.0001119158165983473, 'max_leaf_nodes': 34}",GB,T_C,97.73659872585661,122.22326694666378,96.894801027693,0.6459410183336498,0.7996562452262649,51,opx_only,alr
"{'max_iter': 200, 'max_depth': 10, 'learning_rate': 0.02171103454376615, 'min_samples_leaf': 37, 'l2_regularization': 0.003618723330959626, 'max_leaf_nodes': 45}",GB,P_kbar,6.948885271206831,10.141368316446684,7.049454979230235,0.19030438772615288,0.6852019426153304,51,opx_only,alr
"{'n_estimators': 200, 'max_depth': 32, 'min_samples_split': 4, 'min_samples_leaf': 1, 'max_features': 0.3367597600898754}",RF,T_C,11.978899486636587,111.87199949291058,84.47468277631162,0.7033730264944976,0.10707683371115308,51,opx_only,pwlr
"{'n_estimators': 700, 'max_depth': 17, 'min_samples_split': 2, 'min_samples_leaf': 4, 'max_features': 0.645274662952607}",RF,P_kbar,4.211434156647748,8.58808540245301,5.744516018267218,0.419340703872774,0.4903810289828787,51,opx_only,pwlr
"{'n_estimators': 400, 'max_depth': 16, 'min_samples_split': 5, 'min_samples_leaf': 2, 'max_features': 0.959649015243725}",ERT,T_C,26.550960694348486,114.74062983427952,85.26435183110613,0.6879657265457276,0.23139981654882125,51,opx_only,pwlr
"{'n_estimators': 400, 'max_depth': 10, 'min_samples_split': 7, 'min_samples_leaf': 4, 'max_features': 0.5254895450437925}",ERT,P_kbar,4.821880406340277,8.375094910721455,5.726872191258398,0.44778506403033824,0.5757403895408401,51,opx_only,pwlr
"{'n_estimators': 800, 'max_depth': 8, 'learning_rate': 0.025798402314638237, 'subsample': 0.6706511760066806, 'colsample_bytree': 0.6683583148337462, 'reg_alpha': 0.0078319848508762, 'reg_lambda': 0.48631194668700506, 'min_child_weight': 2}",XGB,T_C,3.1533204602899056,118.16371167242828,94.67009366742853,0.6690700386724782,0.02668603089442125,51,opx_only,pwlr
"{'n_estimators': 700, 'max_depth': 8, 'learning_rate': 0.11774471603456654, 'subsample': 0.7739066866913367, 'colsample_bytree': 0.6488150583612358, 'reg_alpha': 0.0007156271299969353, 'reg_lambda': 1.0168608244569377, 'min_child_weight': 4}",XGB,P_kbar,0.0020586104526251797,9.864652258530592,6.63968878913683,0.2338880526962167,0.00020868555714622058,51,opx_only,pwlr
"{'max_iter': 800, 'max_depth': 10, 'learning_rate': 0.01689596899223567, 'min_samples_leaf': 14, 'l2_regularization': 0.002313031028423451, 'max_leaf_nodes': 77}",GB,T_C,52.06765937032168,114.11578299700548,88.9092366618718,0.6913549835509376,0.4562704474602605,51,opx_only,pwlr
"{'max_iter': 200, 'max_depth': 6, 'learning_rate': 0.014184294158192657, 'min_samples_leaf': 40, 'l2_regularization': 0.000143407330654096, 'max_leaf_nodes': 31}",GB,P_kbar,7.36515413644649,8.427442558495379,6.336819293307009,0.4408603679334586,0.8739488979396203,51,opx_only,pwlr
"{'n_estimators': 600, 'max_depth': 13, 'min_samples_split': 5, 'min_samples_leaf': 1, 'max_features': 0.43863039467209686}",RF,T_C,26.133803954067037,138.55636746949685,101.20616489617069,0.5568103275517244,0.18861496177590242,52,opx_only,raw
"{'n_estimators': 500, 'max_depth': 14, 'min_samples_split': 2, 'min_samples_leaf': 5, 'max_features': 0.9328204779927532}",RF,P_kbar,4.959909386556276,8.772838101352276,5.6451945049294325,0.5279143912404121,0.5653711295312446,52,opx_only,raw
"{'n_estimators': 400, 'max_depth': 10, 'min_samples_split': 2, 'min_samples_leaf': 1, 'max_features': 0.7598116105731882}",ERT,T_C,45.82203770560343,136.3046779876698,99.61747643035517,0.5710978967525175,0.3361736250148987,52,opx_only,raw
"{'n_estimators': 800, 'max_depth': 19, 'min_samples_split': 7, 'min_samples_leaf': 4, 'max_features': 0.7903240753137547}",ERT,P_kbar,5.0750717684231645,8.907303011541863,5.649587099489645,0.5133317824496655,0.5697652546283664,52,opx_only,raw
"{'n_estimators': 300, 'max_depth': 3, 'learning_rate': 0.04590417330988274, 'subsample': 0.8706421499699768, 'colsample_bytree': 0.7548360285746123, 'reg_alpha': 0.16867181293084388, 'reg_lambda': 1.6756177344558252, 'min_child_weight': 1}",XGB,T_C,70.69889190109424,136.60734795104463,101.69874277710274,0.5691909935360204,0.5175335950920465,52,opx_only,raw
"{'n_estimators': 200, 'max_depth': 6, 'learning_rate': 0.014748120873910569, 'subsample': 0.881548631898809, 'colsample_bytree': 0.9411390870933829, 'reg_alpha': 6.409731057654383, 'reg_lambda': 3.050408192597233, 'min_child_weight': 3}",XGB,P_kbar,4.653757365659351,8.868003496325805,5.96516771865968,0.5176167232213791,0.5247807319412422,52,opx_only,raw
"{'max_iter': 400, 'max_depth': 10, 'learning_rate': 0.07809496264049752, 'min_samples_leaf': 38, 'l2_regularization': 0.03901185653266186, 'max_leaf_nodes': 50}",GB,T_C,84.46121257770896,137.7187274421818,101.43288246960398,0.5621527203070402,0.6132877797115004,52,opx_only,raw
"{'max_iter': 200, 'max_depth': 10, 'learning_rate': 0.015704299630186942, 'min_samples_leaf': 48, 'l2_regularization': 0.002951691457783485, 'max_leaf_nodes': 64}",GB,P_kbar,8.131078896822448,8.812624720094863,5.963304042802637,0.5236226713689922,0.9226625613912357,52,opx_only,raw
"{'n_estimators': 700, 'max_depth': 11, 'min_samples_split': 4, 'min_samples_leaf': 1, 'max_features': 0.3614347829642153}",RF,T_C,33.38562122142432,135.256802923384,98.40122644960391,0.5776671246400926,0.24683136448475393,52,opx_only,alr
"{'n_estimators': 800, 'max_depth': 13, 'min_samples_split': 9, 'min_samples_leaf': 5, 'max_features': 0.9531974346883314}",RF,P_kbar,4.961371036187948,8.749714098558451,5.680613663787937,0.5303998176433149,0.5670323601779576,52,opx_only,alr
"{'n_estimators': 500, 'max_depth': 30, 'min_samples_split': 5, 'min_samples_leaf': 1, 'max_features': 0.9696035446516708}",ERT,T_C,18.051374345647663,142.26216747298062,108.68976345001339,0.5327863783789828,0.12688808743952323,52,opx_only,alr
"{'n_estimators': 200, 'max_depth': 38, 'min_samples_split': 5, 'min_samples_leaf': 3, 'max_features': 0.9081876172303992}",ERT,P_kbar,3.8795119160766895,9.097048580181399,5.850055242674282,0.4923766862281468,0.42645830478782937,52,opx_only,alr
"{'n_estimators': 500, 'max_depth': 6, 'learning_rate': 0.014068172374557167, 'subsample': 0.60085424293986, 'colsample_bytree': 0.7751528046837222, 'reg_alpha': 0.124089851608055, 'reg_lambda': 0.8092405952349006, 'min_child_weight': 1}",XGB,T_C,36.00652145223549,134.73018103865962,99.9010823120996,0.5809494254818501,0.2672491135590751,52,opx_only,alr
"{'n_estimators': 200, 'max_depth': 9, 'learning_rate': 0.018044582132088503, 'subsample': 0.9896459462540093, 'colsample_bytree': 0.7719290906775634, 'reg_alpha': 1.3430417787943512, 'reg_lambda': 8.449558888950277, 'min_child_weight': 8}",XGB,P_kbar,4.5279954711846795,8.795090853006872,6.076110654366777,0.5255164153099847,0.5148321429376304,52,opx_only,alr
"{'max_iter': 300, 'max_depth': 9, 'learning_rate': 0.010415644606274546, 'min_samples_leaf': 37, 'l2_regularization': 0.0001119158165983473, 'max_leaf_nodes': 34}",GB,T_C,94.17185706179335,137.17005442395856,99.29332664671884,0.5656345479919644,0.6865336421806142,52,opx_only,alr
"{'max_iter': 200, 'max_depth': 10, 'learning_rate': 0.02171103454376615, 'min_samples_leaf': 37, 'l2_regularization': 0.003618723330959626, 'max_leaf_nodes': 45}",GB,P_kbar,7.172522988580227,8.518400839259295,5.863777629337439,0.554900940651812,0.8420034609693131,52,opx_only,alr
"{'n_estimators': 200, 'max_depth': 32, 'min_samples_split': 4, 'min_samples_leaf': 1, 'max_features': 0.3367597600898754}",RF,T_C,11.99604434559324,132.40698586884997,96.4513228359481,0.59527647182156,0.0905997841947358,52,opx_only,pwlr
"{'n_estimators': 700, 'max_depth': 17, 'min_samples_split': 2, 'min_samples_leaf': 4, 'max_features': 0.645274662952607}",RF,P_kbar,4.042042414962438,8.397073489079824,5.27913166985712,0.5674897143044013,0.48136322972747697,52,opx_only,pwlr
"{'n_estimators': 400, 'max_depth': 16, 'min_samples_split': 5, 'min_samples_leaf': 2, 'max_features': 0.959649015243725}",ERT,T_C,24.377035350042693,130.37637263952462,97.01177787681547,0.6075950823288632,0.18697433328232207,52,opx_only,pwlr
"{'n_estimators': 400, 'max_depth': 10, 'min_samples_split': 7, 'min_samples_leaf': 4, 'max_features': 0.5254895450437925}",ERT,P_kbar,4.711769367369895,8.300533257821655,5.212276064832994,0.5773775922145368,0.5676465861913099,52,opx_only,pwlr
"{'n_estimators': 800, 'max_depth': 8, 'learning_rate': 0.025798402314638237, 'subsample': 0.6706511760066806, 'colsample_bytree': 0.6683583148337462, 'reg_alpha': 0.0078319848508762, 'reg_lambda': 0.48631194668700506, 'min_child_weight': 2}",XGB,T_C,3.058695615851889,126.58663389809551,95.71783750544526,0.6300761291505439,0.02416286397436078,52,opx_only,pwlr
"{'n_estimators': 700, 'max_depth': 8, 'learning_rate': 0.11774471603456654, 'subsample': 0.7739066866913367, 'colsample_bytree': 0.6488150583612358, 'reg_alpha': 0.0007156271299969353, 'reg_lambda': 1.0168608244569377, 'min_child_weight': 4}",XGB,P_kbar,0.0014464640013170408,8.991066469321334,5.884144164187367,0.5041355784237791,0.0001608779121200539,52,opx_only,pwlr
"{'max_iter': 800, 'max_depth': 10, 'learning_rate': 0.01689596899223567, 'min_samples_leaf': 14, 'l2_regularization': 0.002313031028423451, 'max_leaf_nodes': 77}",GB,T_C,56.72817745017853,126.57940578164067,92.79021009230156,0.6301183733653853,0.44816277260804216,52,opx_only,pwlr
"{'max_iter': 200, 'max_depth': 6, 'learning_rate': 0.014184294158192657, 'min_samples_leaf': 40, 'l2_regularization': 0.000143407330654096, 'max_leaf_nodes': 31}",GB,P_kbar,7.71179155753624,8.412526165333293,5.512988384003601,0.5658963994391282,0.9167034260547479,52,opx_only,pwlr
"{'n_estimators': 600, 'max_depth': 13, 'min_samples_split': 5, 'min_samples_leaf': 1, 'max_features': 0.43863039467209686}",RF,T_C,29.043259370837056,164.20810443042637,117.3026738790178,0.3484886756216845,0.17686861115397898,53,opx_only,raw
"{'n_estimators': 500, 'max_depth': 14, 'min_samples_split': 2, 'min_samples_leaf': 5, 'max_features': 0.9328204779927532}",RF,P_kbar,5.266979498747749,9.748383762375143,6.256402561083215,0.059400600592214636,0.5402925887136472,53,opx_only,raw
"{'n_estimators': 400, 'max_depth': 10, 'min_samples_split': 2, 'min_samples_leaf': 1, 'max_features': 0.7598116105731882}",ERT,T_C,49.09500061236298,160.35703627987553,113.2271727802902,0.37868929646801275,0.30616056364795946,53,opx_only,raw
"{'n_estimators': 800, 'max_depth': 19, 'min_samples_split': 7, 'min_samples_leaf': 4, 'max_features': 0.7903240753137547}",ERT,P_kbar,5.08674194239713,11.060106867010198,7.185400974633354,-0.21076012208705142,0.4599179739908059,53,opx_only,raw
"{'n_estimators': 300, 'max_depth': 3, 'learning_rate': 0.04590417330988274, 'subsample': 0.8706421499699768, 'colsample_bytree': 0.7548360285746123, 'reg_alpha': 0.16867181293084388, 'reg_lambda': 1.6756177344558252, 'min_child_weight': 1}",XGB,T_C,67.7459504099688,156.70702546240872,114.27113617100188,0.4066516655514122,0.4323095930770498,53,opx_only,raw
"{'n_estimators': 200, 'max_depth': 6, 'learning_rate': 0.014748120873910569, 'subsample': 0.881548631898809, 'colsample_bytree': 0.9411390870933829, 'reg_alpha': 6.409731057654383, 'reg_lambda': 3.050408192597233, 'min_child_weight': 3}",XGB,P_kbar,4.810964634794626,8.436650449599334,5.755082091234293,0.2955023104841743,0.5702458177608987,53,opx_only,raw
"{'max_iter': 400, 'max_depth': 10, 'learning_rate': 0.07809496264049752, 'min_samples_leaf': 38, 'l2_regularization': 0.03901185653266186, 'max_leaf_nodes': 50}",GB,T_C,68.03328109986589,161.8767755560686,119.07154488943921,0.3668568924650256,0.42027820770559815,53,opx_only,raw
"{'max_iter': 200, 'max_depth': 10, 'learning_rate': 0.015704299630186942, 'min_samples_leaf': 48, 'l2_regularization': 0.002951691457783485, 'max_leaf_nodes': 64}",GB,P_kbar,8.411495917105883,7.582070732022142,5.423838826203828,0.4309962546984104,1.1093929632680348,53,opx_only,raw
"{'n_estimators': 700, 'max_depth': 11, 'min_samples_split': 4, 'min_samples_leaf': 1, 'max_features': 0.3614347829642153}",RF,T_C,36.22333930952143,164.5733024562959,119.34170419585791,0.34558753711059065,0.2201045902882146,53,opx_only,alr
"{'n_estimators': 800, 'max_depth': 13, 'min_samples_split': 9, 'min_samples_leaf': 5, 'max_features': 0.9531974346883314}",RF,P_kbar,5.171472326400927,8.880214111913077,5.679669977936202,0.21947586559033538,0.582358968063984,53,opx_only,alr
"{'n_estimators': 500, 'max_depth': 30, 'min_samples_split': 5, 'min_samples_leaf': 1, 'max_features': 0.9696035446516708}",ERT,T_C,17.575395713046348,162.76399861937182,116.10595767533346,0.35989754241892047,0.10798085487041212,53,opx_only,alr
"{'n_estimators': 200, 'max_depth': 38, 'min_samples_split': 5, 'min_samples_leaf': 3, 'max_features': 0.9081876172303992}",ERT,P_kbar,3.8515340901573265,9.563350671856345,6.531630360019431,0.09476857153914153,0.4027389794972042,53,opx_only,alr
"{'n_estimators': 500, 'max_depth': 6, 'learning_rate': 0.014068172374557167, 'subsample': 0.60085424293986, 'colsample_bytree': 0.7751528046837222, 'reg_alpha': 0.124089851608055, 'reg_lambda': 0.8092405952349006, 'min_child_weight': 1}",XGB,T_C,35.48970529713426,161.57286244080478,118.58881758626632,0.36923203077721867,0.21965139913354303,53,opx_only,alr
"{'n_estimators': 200, 'max_depth': 9, 'learning_rate': 0.018044582132088503, 'subsample': 0.9896459462540093, 'colsample_bytree': 0.7719290906775634, 'reg_alpha': 1.3430417787943512, 'reg_lambda': 8.449558888950277, 'min_child_weight': 8}",XGB,P_kbar,4.6328988194148,9.498012833964559,6.692607083062802,0.10709559391953227,0.48777559057908587,53,opx_only,alr
"{'max_iter': 300, 'max_depth': 9, 'learning_rate': 0.010415644606274546, 'min_samples_leaf': 37, 'l2_regularization': 0.0001119158165983473, 'max_leaf_nodes': 34}",GB,T_C,93.97541928314224,157.7984084603853,117.66698758592986,0.3983581601717576,0.5955409829544284,53,opx_only,alr
"{'max_iter': 200, 'max_depth': 10, 'learning_rate': 0.02171103454376615, 'min_samples_leaf': 37, 'l2_regularization': 0.003618723330959626, 'max_leaf_nodes': 45}",GB,P_kbar,7.172349911380505,8.496071424193696,6.091893163247413,0.2855435334877552,0.8441960470054762,53,opx_only,alr
"{'n_estimators': 200, 'max_depth': 32, 'min_samples_split': 4, 'min_samples_leaf': 1, 'max_features': 0.3367597600898754}",RF,T_C,12.80443578474471,163.95669453152368,113.05018010893625,0.35048213394685,0.07809644992740948,53,opx_only,pwlr
"{'n_estimators': 700, 'max_depth': 17, 'min_samples_split': 2, 'min_samples_leaf': 4, 'max_features': 0.645274662952607}",RF,P_kbar,3.9698357063617946,8.211735867905782,5.480462080470627,0.3325643418579357,0.48343441267725673,53,opx_only,pwlr
"{'n_estimators': 400, 'max_depth': 16, 'min_samples_split': 5, 'min_samples_leaf': 2, 'max_features': 0.959649015243725}",ERT,T_C,25.465998612844572,160.72594293365847,112.91748824223248,0.375827316657126,0.15844360996131138,53,opx_only,pwlr
"{'n_estimators': 400, 'max_depth': 10, 'min_samples_split': 7, 'min_samples_leaf': 4, 'max_features': 0.5254895450437925}",ERT,P_kbar,4.808610886508983,7.837484654836911,5.5199857917813295,0.39201499401136863,0.6135400703516969,53,opx_only,pwlr
"{'n_estimators': 800, 'max_depth': 8, 'learning_rate': 0.025798402314638237, 'subsample': 0.6706511760066806, 'colsample_bytree': 0.6683583148337462, 'reg_alpha': 0.0078319848508762, 'reg_lambda': 0.48631194668700506, 'min_child_weight': 2}",XGB,T_C,1.1151790456564348,163.39987835924885,116.58808516439132,0.35488632042608603,0.006824846241345521,53,opx_only,pwlr
"{'n_estimators': 700, 'max_depth': 8, 'learning_rate': 0.11774471603456654, 'subsample': 0.7739066866913367, 'colsample_bytree': 0.6488150583612358, 'reg_alpha': 0.0007156271299969353, 'reg_lambda': 1.0168608244569377, 'min_child_weight': 4}",XGB,P_kbar,0.0008120512215181778,9.977368281034215,7.349999733745857,0.014693227463529412,8.138932017391702e-05,53,opx_only,pwlr
"{'max_iter': 800, 'max_depth': 10, 'learning_rate': 0.01689596899223567, 'min_samples_leaf': 14, 'l2_regularization': 0.002313031028423451, 'max_leaf_nodes': 77}",GB,T_C,50.6092797779203,170.79124022546677,123.00053021369229,0.2952031119167715,0.2963224560645466,53,opx_only,pwlr
"{'max_iter': 200, 'max_depth': 6, 'learning_rate': 0.014184294158192657, 'min_samples_leaf': 40, 'l2_regularization': 0.000143407330654096, 'max_leaf_nodes': 31}",GB,P_kbar,7.517524841252544,7.678565193710177,5.438771178479041,0.4164210561020264,0.9790272859062853,53,opx_only,pwlr
"{'n_estimators': 600, 'max_depth': 13, 'min_samples_split': 5, 'min_samples_leaf': 1, 'max_features': 0.43863039467209686}",RF,T_C,27.856660205156388,139.5454940697852,105.75244969415597,0.44537387093476977,0.199624218544997,54,opx_only,raw
"{'n_estimators': 500, 'max_depth': 14, 'min_samples_split': 2, 'min_samples_leaf': 5, 'max_features': 0.9328204779927532}",RF,P_kbar,5.173027042303652,9.476957782053516,5.324196137117134,0.25180888128197876,0.545853127266199,54,opx_only,raw
"{'n_estimators': 400, 'max_depth': 10, 'min_samples_split': 2, 'min_samples_leaf': 1, 'max_features': 0.7598116105731882}",ERT,T_C,48.978368663057864,139.0587495111832,104.34916628543151,0.44923627337498506,0.35221349850495376,54,opx_only,raw
"{'n_estimators': 800, 'max_depth': 19, 'min_samples_split': 7, 'min_samples_leaf': 4, 'max_features': 0.7903240753137547}",ERT,P_kbar,5.361422210815856,9.64909755422161,5.437317137212301,0.22438169295472488,0.5556397560174071,54,opx_only,raw
"{'n_estimators': 300, 'max_depth': 3, 'learning_rate': 0.04590417330988274, 'subsample': 0.8706421499699768, 'colsample_bytree': 0.7548360285746123, 'reg_alpha': 0.16867181293084388, 'reg_lambda': 1.6756177344558252, 'min_child_weight': 1}",XGB,T_C,67.93819656633237,141.5532117030953,104.48620381368623,0.4292996412429776,0.4799481110243632,54,opx_only,raw
"{'n_estimators': 200, 'max_depth': 6, 'learning_rate': 0.014748120873910569, 'subsample': 0.881548631898809, 'colsample_bytree': 0.9411390870933829, 'reg_alpha': 6.409731057654383, 'reg_lambda': 3.050408192597233, 'min_child_weight': 3}",XGB,P_kbar,5.012597683794403,8.579911237391782,5.373026538605299,0.38674620187450226,0.5842248882423391,54,opx_only,raw
"{'max_iter': 400, 'max_depth': 10, 'learning_rate': 0.07809496264049752, 'min_samples_leaf': 38, 'l2_regularization': 0.03901185653266186, 'max_leaf_nodes': 50}",GB,T_C,54.76993979842509,143.44039758002097,112.93539048452598,0.4139810619215273,0.3818306468920001,54,opx_only,raw
"{'max_iter': 200, 'max_depth': 10, 'learning_rate': 0.015704299630186942, 'min_samples_leaf': 48, 'l2_regularization': 0.002951691457783485, 'max_leaf_nodes': 64}",GB,P_kbar,8.39687816558545,8.35571270008698,5.490486352897753,0.41837688949185714,1.0049266252893114,54,opx_only,raw
"{'n_estimators': 700, 'max_depth': 11, 'min_samples_split': 4, 'min_samples_leaf': 1, 'max_features': 0.3614347829642153}",RF,T_C,37.44231473109165,139.84613234168404,106.35019776429216,0.4429815119798942,0.26773936543063903,54,opx_only,alr
"{'n_estimators': 800, 'max_depth': 13, 'min_samples_split': 9, 'min_samples_leaf': 5, 'max_features': 0.9531974346883314}",RF,P_kbar,5.14099282617497,7.909951568139596,4.917396477453176,0.47877851945112626,0.6499398614376245,54,opx_only,alr
"{'n_estimators': 500, 'max_depth': 30, 'min_samples_split': 5, 'min_samples_leaf': 1, 'max_features': 0.9696035446516708}",ERT,T_C,19.00615005521228,144.64824974060173,102.204942498565,0.4040702641291354,0.1313956448784972,54,opx_only,alr
"{'n_estimators': 200, 'max_depth': 38, 'min_samples_split': 5, 'min_samples_leaf': 3, 'max_features': 0.9081876172303992}",ERT,P_kbar,4.230518570159124,7.448041478966474,4.863849673146714,0.537875674150385,0.5680041635249018,54,opx_only,alr
"{'n_estimators': 500, 'max_depth': 6, 'learning_rate': 0.014068172374557167, 'subsample': 0.60085424293986, 'colsample_bytree': 0.7751528046837222, 'reg_alpha': 0.124089851608055, 'reg_lambda': 0.8092405952349006, 'min_child_weight': 1}",XGB,T_C,34.86184739030038,143.2626531144289,111.96888491665322,0.41543249525113934,0.2433421874607823,54,opx_only,alr
"{'n_estimators': 200, 'max_depth': 9, 'learning_rate': 0.018044582132088503, 'subsample': 0.9896459462540093, 'colsample_bytree': 0.7719290906775634, 'reg_alpha': 1.3430417787943512, 'reg_lambda': 8.449558888950277, 'min_child_weight': 8}",XGB,P_kbar,4.807760580072302,6.897696751803359,4.821262665481192,0.6036463596872301,0.6970095603021899,54,opx_only,alr
"{'max_iter': 300, 'max_depth': 9, 'learning_rate': 0.010415644606274546, 'min_samples_leaf': 37, 'l2_regularization': 0.0001119158165983473, 'max_leaf_nodes': 34}",GB,T_C,95.26887719757812,141.07026301453254,108.96805979845011,0.43318720847752124,0.6753292661527388,54,opx_only,alr
"{'max_iter': 200, 'max_depth': 10, 'learning_rate': 0.02171103454376615, 'min_samples_leaf': 37, 'l2_regularization': 0.003618723330959626, 'max_leaf_nodes': 45}",GB,P_kbar,7.246650677509016,8.05962378020384,5.373020757088587,0.458866779947549,0.8991301424401894,54,opx_only,alr
"{'n_estimators': 200, 'max_depth': 32, 'min_samples_split': 4, 'min_samples_leaf': 1, 'max_features': 0.3367597600898754}",RF,T_C,13.090764216849097,133.1891312209785,100.26780078599971,0.4947500692717236,0.09828703060709792,54,opx_only,pwlr
"{'n_estimators': 700, 'max_depth': 17, 'min_samples_split': 2, 'min_samples_leaf': 4, 'max_features': 0.645274662952607}",RF,P_kbar,4.442709170590745,6.56279309513657,4.302123576755637,0.6412002912962955,0.6769540203671914,54,opx_only,pwlr
"{'n_estimators': 400, 'max_depth': 16, 'min_samples_split': 5, 'min_samples_leaf': 2, 'max_features': 0.959649015243725}",ERT,T_C,27.31425679283131,135.61689744652068,97.44395898674405,0.47616284408528764,0.2014074743422179,54,opx_only,pwlr
"{'n_estimators': 400, 'max_depth': 10, 'min_samples_split': 7, 'min_samples_leaf': 4, 'max_features': 0.5254895450437925}",ERT,P_kbar,5.092566700701573,7.992380045297869,4.9056885248800715,0.4678587683634501,0.6371777457827054,54,opx_only,pwlr
"{'n_estimators': 800, 'max_depth': 8, 'learning_rate': 0.025798402314638237, 'subsample': 0.6706511760066806, 'colsample_bytree': 0.6683583148337462, 'reg_alpha': 0.0078319848508762, 'reg_lambda': 0.48631194668700506, 'min_child_weight': 2}",XGB,T_C,1.0335474881033098,137.97855804309484,103.56760139532247,0.45775957172855064,0.007490638420648677,54,opx_only,pwlr
"{'n_estimators': 700, 'max_depth': 8, 'learning_rate': 0.11774471603456654, 'subsample': 0.7739066866913367, 'colsample_bytree': 0.6488150583612358, 'reg_alpha': 0.0007156271299969353, 'reg_lambda': 1.0168608244569377, 'min_child_weight': 4}",XGB,P_kbar,0.0014198059312729716,7.143870424909066,5.165537047947419,0.5748503809278601,0.00019874463656597527,54,opx_only,pwlr
"{'max_iter': 800, 'max_depth': 10, 'learning_rate': 0.01689596899223567, 'min_samples_leaf': 14, 'l2_regularization': 0.002313031028423451, 'max_leaf_nodes': 77}",GB,T_C,46.36435289868945,138.31269830438583,102.38395846606552,0.45513012340767833,0.3352140003563162,54,opx_only,pwlr
"{'max_iter': 200, 'max_depth': 6, 'learning_rate': 0.014184294158192657, 'min_samples_leaf': 40, 'l2_regularization': 0.000143407330654096, 'max_leaf_nodes': 31}",GB,P_kbar,7.644036053164971,7.6480959016996515,5.178310998618948,0.5127169476890461,0.9994691687203113,54,opx_only,pwlr
"{'n_estimators': 600, 'max_depth': 13, 'min_samples_split': 5, 'min_samples_leaf': 1, 'max_features': 0.43863039467209686}",RF,T_C,28.05324013337867,132.98817499539413,103.85737613044411,0.5455444587477435,0.21094537265700694,55,opx_only,raw
"{'n_estimators': 500, 'max_depth': 14, 'min_samples_split': 2, 'min_samples_leaf': 5, 'max_features': 0.9328204779927532}",RF,P_kbar,4.984296517120038,10.62565277367083,5.816496163222119,0.39995919396445967,0.4690814412334801,55,opx_only,raw
"{'n_estimators': 400, 'max_depth': 10, 'min_samples_split': 2, 'min_samples_leaf': 1, 'max_features': 0.7598116105731882}",ERT,T_C,47.8423370419031,127.99430550065847,99.7674926519666,0.5790343620862934,0.3737848871851332,55,opx_only,raw
"{'n_estimators': 800, 'max_depth': 19, 'min_samples_split': 7, 'min_samples_leaf': 4, 'max_features': 0.7903240753137547}",ERT,P_kbar,5.1359554620478,11.730639725880538,6.544384669161716,0.26867075668571805,0.43782398761396446,55,opx_only,raw
"{'n_estimators': 300, 'max_depth': 3, 'learning_rate': 0.04590417330988274, 'subsample': 0.8706421499699768, 'colsample_bytree': 0.7548360285746123, 'reg_alpha': 0.16867181293084388, 'reg_lambda': 1.6756177344558252, 'min_child_weight': 1}",XGB,T_C,70.98460470475945,129.73179402863965,101.50082892228136,0.5675277970180348,0.5471642879546462,55,opx_only,raw
"{'n_estimators': 200, 'max_depth': 6, 'learning_rate': 0.014748120873910569, 'subsample': 0.881548631898809, 'colsample_bytree': 0.9411390870933829, 'reg_alpha': 6.409731057654383, 'reg_lambda': 3.050408192597233, 'min_child_weight': 3}",XGB,P_kbar,4.781979992159154,10.117026934596378,5.964111637944078,0.45602948711356617,0.4726665277332221,55,opx_only,raw
"{'max_iter': 400, 'max_depth': 10, 'learning_rate': 0.07809496264049752, 'min_samples_leaf': 38, 'l2_regularization': 0.03901185653266186, 'max_leaf_nodes': 50}",GB,T_C,64.11771321250049,131.61772923531558,104.10927800985776,0.554862545144253,0.4871510364524392,55,opx_only,raw
"{'max_iter': 200, 'max_depth': 10, 'learning_rate': 0.015704299630186942, 'min_samples_leaf': 48, 'l2_regularization': 0.002951691457783485, 'max_leaf_nodes': 64}",GB,P_kbar,8.217661119086356,10.337179580751934,5.629108440741392,0.43209764701745557,0.7949616290296272,55,opx_only,raw
"{'n_estimators': 700, 'max_depth': 11, 'min_samples_split': 4, 'min_samples_leaf': 1, 'max_features': 0.3614347829642153}",RF,T_C,34.08282817176659,128.4025426004644,98.28441008295775,0.5763447447036327,0.26543733076858345,55,opx_only,alr
"{'n_estimators': 800, 'max_depth': 13, 'min_samples_split': 9, 'min_samples_leaf': 5, 'max_features': 0.9531974346883314}",RF,P_kbar,4.931788894535247,10.030058024382795,5.433076496237534,0.4653415476780981,0.49170093358844025,55,opx_only,alr
"{'n_estimators': 500, 'max_depth': 30, 'min_samples_split': 5, 'min_samples_leaf': 1, 'max_features': 0.9696035446516708}",ERT,T_C,18.53626619161392,135.81166948906207,103.78276828785101,0.5260423618905007,0.13648507717598438,55,opx_only,alr
"{'n_estimators': 200, 'max_depth': 38, 'min_samples_split': 5, 'min_samples_leaf': 3, 'max_features': 0.9081876172303992}",ERT,P_kbar,4.049068945725692,10.877779462169617,5.9847021299475625,0.3711456850216628,0.3722330425807409,55,opx_only,alr
"{'n_estimators': 500, 'max_depth': 6, 'learning_rate': 0.014068172374557167, 'subsample': 0.60085424293986, 'colsample_bytree': 0.7751528046837222, 'reg_alpha': 0.124089851608055, 'reg_lambda': 0.8092405952349006, 'min_child_weight': 1}",XGB,T_C,34.909899254659976,127.56224755753931,99.12929076004991,0.5818715909301053,0.27366952153232654,55,opx_only,alr
"{'n_estimators': 200, 'max_depth': 9, 'learning_rate': 0.018044582132088503, 'subsample': 0.9896459462540093, 'colsample_bytree': 0.7719290906775634, 'reg_alpha': 1.3430417787943512, 'reg_lambda': 8.449558888950277, 'min_child_weight': 8}",XGB,P_kbar,4.617315357247898,10.754871889816638,6.229539643008623,0.3852761983030826,0.42932313881115136,55,opx_only,alr
"{'max_iter': 300, 'max_depth': 9, 'learning_rate': 0.010415644606274546, 'min_samples_leaf': 37, 'l2_regularization': 0.0001119158165983473, 'max_leaf_nodes': 34}",GB,T_C,98.47212852877624,131.8254708581272,106.01322899876428,0.5534562519860968,0.7469886349562416,55,opx_only,alr
"{'max_iter': 200, 'max_depth': 10, 'learning_rate': 0.02171103454376615, 'min_samples_leaf': 37, 'l2_regularization': 0.003618723330959626, 'max_leaf_nodes': 45}",GB,P_kbar,6.817915399516723,11.003645520706156,6.136377818937072,0.3565086274943511,0.6196051469203622,55,opx_only,alr
"{'n_estimators': 200, 'max_depth': 32, 'min_samples_split': 4, 'min_samples_leaf': 1, 'max_features': 0.3367597600898754}",RF,T_C,12.335028086085659,128.47819766419056,99.5917124228914,0.5758453603901397,0.09600872607449161,55,opx_only,pwlr
"{'n_estimators': 700, 'max_depth': 17, 'min_samples_split': 2, 'min_samples_leaf': 4, 'max_features': 0.645274662952607}",RF,P_kbar,4.045055791296155,8.886885881821977,4.785306357576222,0.5802712163928511,0.45517134405543236,55,opx_only,pwlr
"{'n_estimators': 400, 'max_depth': 16, 'min_samples_split': 5, 'min_samples_leaf': 2, 'max_features': 0.959649015243725}",ERT,T_C,28.24756023831737,131.92085656949857,100.63199755431685,0.5528098017555152,0.21412505173839577,55,opx_only,pwlr
"{'n_estimators': 400, 'max_depth': 10, 'min_samples_split': 7, 'min_samples_leaf': 4, 'max_features': 0.5254895450437925}",ERT,P_kbar,4.918320176278705,8.91276054653354,4.87657946345516,0.5778235306825087,0.5518290489910669,55,opx_only,pwlr
"{'n_estimators': 800, 'max_depth': 8, 'learning_rate': 0.025798402314638237, 'subsample': 0.6706511760066806, 'colsample_bytree': 0.6683583148337462, 'reg_alpha': 0.0078319848508762, 'reg_lambda': 0.48631194668700506, 'min_child_weight': 2}",XGB,T_C,3.131842557577041,134.69441167466658,100.13371025472286,0.5338083332489749,0.023251466179172453,55,opx_only,pwlr
"{'n_estimators': 700, 'max_depth': 8, 'learning_rate': 0.11774471603456654, 'subsample': 0.7739066866913367, 'colsample_bytree': 0.6488150583612358, 'reg_alpha': 0.0007156271299969353, 'reg_lambda': 1.0168608244569377, 'min_child_weight': 4}",XGB,P_kbar,0.0010777963882251079,10.450723381909954,6.353741656279694,0.41955342718907507,0.00010313127128508226,55,opx_only,pwlr
"{'max_iter': 800, 'max_depth': 10, 'learning_rate': 0.01689596899223567, 'min_samples_leaf': 14, 'l2_regularization': 0.002313031028423451, 'max_leaf_nodes': 77}",GB,T_C,49.58076677666289,134.2104925526941,101.57461688958504,0.537152106791898,0.3694254140166899,55,opx_only,pwlr
"{'max_iter': 200, 'max_depth': 6, 'learning_rate': 0.014184294158192657, 'min_samples_leaf': 40, 'l2_regularization': 0.000143407330654096, 'max_leaf_nodes': 31}",GB,P_kbar,7.136025563589981,9.028017458386865,5.318301230770885,0.5668340341207583,0.7904310770866689,55,opx_only,pwlr
"{'n_estimators': 600, 'max_depth': 13, 'min_samples_split': 5, 'min_samples_leaf': 1, 'max_features': 0.43863039467209686}",RF,T_C,26.492606643347226,159.75681683344354,99.09255918746697,0.5098139187085238,0.16583083694617817,56,opx_only,raw
"{'n_estimators': 500, 'max_depth': 14, 'min_samples_split': 2, 'min_samples_leaf': 5, 'max_features': 0.9328204779927532}",RF,P_kbar,4.735438489016006,15.240607351984437,7.501798341048702,0.024156686754563284,0.3107119276581466,56,opx_only,raw
"{'n_estimators': 400, 'max_depth': 10, 'min_samples_split': 2, 'min_samples_leaf': 1, 'max_features': 0.7598116105731882}",ERT,T_C,47.17951356046463,163.63252059240696,101.46967391568349,0.4857415709412358,0.2883260209502261,56,opx_only,raw
"{'n_estimators': 800, 'max_depth': 19, 'min_samples_split': 7, 'min_samples_leaf': 4, 'max_features': 0.7903240753137547}",ERT,P_kbar,4.918161946188115,14.52988620049424,7.22823440185123,0.11304830592655557,0.3384859233116927,56,opx_only,raw
"{'n_estimators': 300, 'max_depth': 3, 'learning_rate': 0.04590417330988274, 'subsample': 0.8706421499699768, 'colsample_bytree': 0.7548360285746123, 'reg_alpha': 0.16867181293084388, 'reg_lambda': 1.6756177344558252, 'min_child_weight': 1}",XGB,T_C,68.498935217398,149.86759027003507,94.51208190866856,0.5686223632878092,0.4570630320670063,56,opx_only,raw
"{'n_estimators': 200, 'max_depth': 6, 'learning_rate': 0.014748120873910569, 'subsample': 0.881548631898809, 'colsample_bytree': 0.9411390870933829, 'reg_alpha': 6.409731057654383, 'reg_lambda': 3.050408192597233, 'min_child_weight': 3}",XGB,P_kbar,4.579490820295809,14.465374414227288,7.496462710394176,0.12090684154032849,0.316582944150529,56,opx_only,raw
"{'max_iter': 400, 'max_depth': 10, 'learning_rate': 0.07809496264049752, 'min_samples_leaf': 38, 'l2_regularization': 0.03901185653266186, 'max_leaf_nodes': 50}",GB,T_C,72.18733166566614,144.17372288671052,95.49683583836702,0.6007780567209587,0.5006968691679677,56,opx_only,raw
"{'max_iter': 200, 'max_depth': 10, 'learning_rate': 0.015704299630186942, 'min_samples_leaf': 48, 'l2_regularization': 0.002951691457783485, 'max_leaf_nodes': 64}",GB,P_kbar,8.011145716303927,13.630813900042787,7.1861459323706205,0.21941694605816864,0.5877232111780779,56,opx_only,raw
"{'n_estimators': 700, 'max_depth': 11, 'min_samples_split': 4, 'min_samples_leaf': 1, 'max_features': 0.3614347829642153}",RF,T_C,35.39473469583205,157.8346752969437,99.52949362837855,0.5215384746094031,0.22425195622724758,56,opx_only,alr
"{'n_estimators': 800, 'max_depth': 13, 'min_samples_split': 9, 'min_samples_leaf': 5, 'max_features': 0.9531974346883314}",RF,P_kbar,4.732359188184115,14.853275863256673,7.631729832618003,0.07312741676963275,0.31860710268573145,56,opx_only,alr
"{'n_estimators': 500, 'max_depth': 30, 'min_samples_split': 5, 'min_samples_leaf': 1, 'max_features': 0.9696035446516708}",ERT,T_C,18.111761421526587,175.57992464239328,110.3264173852037,0.40790431676991046,0.10315394233375558,56,opx_only,alr
"{'n_estimators': 200, 'max_depth': 38, 'min_samples_split': 5, 'min_samples_leaf': 3, 'max_features': 0.9081876172303992}",ERT,P_kbar,3.9208977138755823,14.808431845894978,7.283259322249096,0.0787156716340478,0.264774673961341,56,opx_only,alr
"{'n_estimators': 500, 'max_depth': 6, 'learning_rate': 0.014068172374557167, 'subsample': 0.60085424293986, 'colsample_bytree': 0.7751528046837222, 'reg_alpha': 0.124089851608055, 'reg_lambda': 0.8092405952349006, 'min_child_weight': 1}",XGB,T_C,35.24883566449227,151.5508385623513,100.23533416696935,0.5588778497686429,0.23258753299467977,56,opx_only,alr
"{'n_estimators': 200, 'max_depth': 9, 'learning_rate': 0.018044582132088503, 'subsample': 0.9896459462540093, 'colsample_bytree': 0.7719290906775634, 'reg_alpha': 1.3430417787943512, 'reg_lambda': 8.449558888950277, 'min_child_weight': 8}",XGB,P_kbar,4.38294219897335,13.084401430224313,7.243857852616921,0.28074438415575975,0.33497460486415315,56,opx_only,alr
"{'max_iter': 300, 'max_depth': 9, 'learning_rate': 0.010415644606274546, 'min_samples_leaf': 37, 'l2_regularization': 0.0001119158165983473, 'max_leaf_nodes': 34}",GB,T_C,92.41853966071274,137.63551691102452,91.81280985967612,0.6361660555986011,0.6714730451476225,56,opx_only,alr
"{'max_iter': 200, 'max_depth': 10, 'learning_rate': 0.02171103454376615, 'min_samples_leaf': 37, 'l2_regularization': 0.003618723330959626, 'max_leaf_nodes': 45}",GB,P_kbar,6.914431576962335,13.032906109590657,6.652616799913123,0.2863946868146613,0.5305364374469131,56,opx_only,alr
"{'n_estimators': 200, 'max_depth': 32, 'min_samples_split': 4, 'min_samples_leaf': 1, 'max_features': 0.3367597600898754}",RF,T_C,13.08065085921327,155.43867190392265,93.14822974304349,0.5359547494813199,0.08415313061410148,56,opx_only,pwlr
"{'n_estimators': 700, 'max_depth': 17, 'min_samples_split': 2, 'min_samples_leaf': 4, 'max_features': 0.645274662952607}",RF,P_kbar,3.7507745270691997,13.696008370045044,7.206350067844216,0.2119322282144589,0.2738589540637718,56,opx_only,pwlr
"{'n_estimators': 400, 'max_depth': 16, 'min_samples_split': 5, 'min_samples_leaf': 2, 'max_features': 0.959649015243725}",ERT,T_C,25.271410947612267,161.25743569309577,96.43378805538754,0.5005618916687309,0.15671470179960365,56,opx_only,pwlr
"{'n_estimators': 400, 'max_depth': 10, 'min_samples_split': 7, 'min_samples_leaf': 4, 'max_features': 0.5254895450437925}",ERT,P_kbar,4.668138429590753,13.798543213062956,6.95155068698028,0.2000883576192588,0.3383066137859733,56,opx_only,pwlr
"{'n_estimators': 800, 'max_depth': 8, 'learning_rate': 0.025798402314638237, 'subsample': 0.6706511760066806, 'colsample_bytree': 0.6683583148337462, 'reg_alpha': 0.0078319848508762, 'reg_lambda': 0.48631194668700506, 'min_child_weight': 2}",XGB,T_C,3.073164177727961,148.8641992654343,93.04962186725479,0.5743793313743377,0.02064407824643126,56,opx_only,pwlr
"{'n_estimators': 700, 'max_depth': 8, 'learning_rate': 0.11774471603456654, 'subsample': 0.7739066866913367, 'colsample_bytree': 0.6488150583612358, 'reg_alpha': 0.0007156271299969353, 'reg_lambda': 1.0168608244569377, 'min_child_weight': 4}",XGB,P_kbar,0.0019033773651001013,11.973800837608104,7.375830347107133,0.39766291598455616,0.00015896183600464173,56,opx_only,pwlr
"{'max_iter': 800, 'max_depth': 10, 'learning_rate': 0.01689596899223567, 'min_samples_leaf': 14, 'l2_regularization': 0.002313031028423451, 'max_leaf_nodes': 77}",GB,T_C,51.991130971935426,147.55085219603126,93.55742614337098,0.5818562377093333,0.35236076375120967,56,opx_only,pwlr
"{'max_iter': 200, 'max_depth': 6, 'learning_rate': 0.014184294158192657, 'min_samples_leaf': 40, 'l2_regularization': 0.000143407330654096, 'max_leaf_nodes': 31}",GB,P_kbar,6.942351381735073,12.032540951403623,6.454951814285981,0.39173862597271214,0.5769647001222324,56,opx_only,pwlr
"{'n_estimators': 600, 'max_depth': 13, 'min_samples_split': 5, 'min_samples_leaf': 1, 'max_features': 0.43863039467209686}",RF,T_C,24.450231073765128,168.62604897740124,118.89416856871412,0.23587325356746602,0.14499676190030328,57,opx_only,raw
"{'n_estimators': 500, 'max_depth': 14, 'min_samples_split': 2, 'min_samples_leaf': 5, 'max_features': 0.9328204779927532}",RF,P_kbar,5.160785351264277,13.805477189830391,8.025953019443772,-0.22822907165094297,0.37382158402071725,57,opx_only,raw
"{'n_estimators': 400, 'max_depth': 10, 'min_samples_split': 2, 'min_samples_leaf': 1, 'max_features': 0.7598116105731882}",ERT,T_C,45.45533653083688,174.32572866403632,116.56400317416549,0.18334419943488134,0.2607494423180598,57,opx_only,raw
"{'n_estimators': 800, 'max_depth': 19, 'min_samples_split': 7, 'min_samples_leaf': 4, 'max_features': 0.7903240753137547}",ERT,P_kbar,4.548799378965478,13.603644258763609,7.965623174632532,-0.19257873218033672,0.33438094178588174,57,opx_only,raw
"{'n_estimators': 300, 'max_depth': 3, 'learning_rate': 0.04590417330988274, 'subsample': 0.8706421499699768, 'colsample_bytree': 0.7548360285746123, 'reg_alpha': 0.16867181293084388, 'reg_lambda': 1.6756177344558252, 'min_child_weight': 1}",XGB,T_C,67.54446511519924,164.7160446383854,115.90460843523438,0.2708986831739071,0.41006609443230096,57,opx_only,raw
"{'n_estimators': 200, 'max_depth': 6, 'learning_rate': 0.014748120873910569, 'subsample': 0.881548631898809, 'colsample_bytree': 0.9411390870933829, 'reg_alpha': 6.409731057654383, 'reg_lambda': 3.050408192597233, 'min_child_weight': 3}",XGB,P_kbar,4.401972542617152,12.406917112718942,7.7044157953887495,0.008016864358978415,0.3547998670922427,57,opx_only,raw
"{'max_iter': 400, 'max_depth': 10, 'learning_rate': 0.07809496264049752, 'min_samples_leaf': 38, 'l2_regularization': 0.03901185653266186, 'max_leaf_nodes': 50}",GB,T_C,66.83501750964997,161.4375861221761,113.44962607161472,0.2996334702218899,0.41399911331100536,57,opx_only,raw
"{'max_iter': 200, 'max_depth': 10, 'learning_rate': 0.015704299630186942, 'min_samples_leaf': 48, 'l2_regularization': 0.002951691457783485, 'max_leaf_nodes': 64}",GB,P_kbar,7.848452399395302,11.803541209475101,7.6598365092142835,0.10215541340607492,0.6649235394794135,57,opx_only,raw
"{'n_estimators': 700, 'max_depth': 11, 'min_samples_split': 4, 'min_samples_leaf': 1, 'max_features': 0.3614347829642153}",RF,T_C,29.271969862145507,166.4365212693764,115.38587398276788,0.25558805620881386,0.17587467966101633,57,opx_only,alr
"{'n_estimators': 800, 'max_depth': 13, 'min_samples_split': 9, 'min_samples_leaf': 5, 'max_features': 0.9531974346883314}",RF,P_kbar,4.99259038573142,13.768171041473618,8.038709431910766,-0.22160002353874764,0.3626182715694284,57,opx_only,alr
"{'n_estimators': 500, 'max_depth': 30, 'min_samples_split': 5, 'min_samples_leaf': 1, 'max_features': 0.9696035446516708}",ERT,T_C,16.88484870542707,189.41414322571586,133.7664484803949,0.03585826970294992,0.08914249177954044,57,opx_only,alr
"{'n_estimators': 200, 'max_depth': 38, 'min_samples_split': 5, 'min_samples_leaf': 3, 'max_features': 0.9081876172303992}",ERT,P_kbar,3.394589648080758,15.277781771074036,8.597969445710591,-0.5041707243147635,0.22219126434361397,57,opx_only,alr
"{'n_estimators': 500, 'max_depth': 6, 'learning_rate': 0.014068172374557167, 'subsample': 0.60085424293986, 'colsample_bytree': 0.7751528046837222, 'reg_alpha': 0.124089851608055, 'reg_lambda': 0.8092405952349006, 'min_child_weight': 1}",XGB,T_C,34.204513994583515,162.75000422841734,114.15870059333785,0.28819982604721817,0.2101659791454012,57,opx_only,alr
"{'n_estimators': 200, 'max_depth': 9, 'learning_rate': 0.018044582132088503, 'subsample': 0.9896459462540093, 'colsample_bytree': 0.7719290906775634, 'reg_alpha': 1.3430417787943512, 'reg_lambda': 8.449558888950277, 'min_child_weight': 8}",XGB,P_kbar,4.118025450795709,12.274480011885773,7.860178247799843,0.029081596074874483,0.3354949005422708,57,opx_only,alr
"{'max_iter': 300, 'max_depth': 9, 'learning_rate': 0.010415644606274546, 'min_samples_leaf': 37, 'l2_regularization': 0.0001119158165983473, 'max_leaf_nodes': 34}",GB,T_C,91.20605970912194,156.5821446173622,109.88834335903194,0.3411287660098864,0.5824805882688671,57,opx_only,alr
"{'max_iter': 200, 'max_depth': 10, 'learning_rate': 0.02171103454376615, 'min_samples_leaf': 37, 'l2_regularization': 0.003618723330959626, 'max_leaf_nodes': 45}",GB,P_kbar,6.7801839209490975,12.956197240373573,8.743617967291058,-0.08176176981054617,0.5233158923994276,57,opx_only,alr
"{'n_estimators': 200, 'max_depth': 32, 'min_samples_split': 4, 'min_samples_leaf': 1, 'max_features': 0.3367597600898754}",RF,T_C,10.967752445697297,156.51224230404333,104.43691804563461,0.34171690896979534,0.07007600353965382,57,opx_only,pwlr
"{'n_estimators': 700, 'max_depth': 17, 'min_samples_split': 2, 'min_samples_leaf': 4, 'max_features': 0.645274662952607}",RF,P_kbar,3.2586007375733947,12.984864414685882,8.391162220911024,-0.0865541267840566,0.25095377460298446,57,opx_only,pwlr
"{'n_estimators': 400, 'max_depth': 16, 'min_samples_split': 5, 'min_samples_leaf': 2, 'max_features': 0.959649015243725}",ERT,T_C,23.416169879547823,173.0007550849907,117.05740466511314,0.195711109161255,0.13535299234991247,57,opx_only,pwlr
"{'n_estimators': 400, 'max_depth': 10, 'min_samples_split': 7, 'min_samples_leaf': 4, 'max_features': 0.5254895450437925}",ERT,P_kbar,4.2883533983853805,13.06226629785522,7.629400173082997,-0.09954648373464625,0.3283008706605157,57,opx_only,pwlr
"{'n_estimators': 800, 'max_depth': 8, 'learning_rate': 0.025798402314638237, 'subsample': 0.6706511760066806, 'colsample_bytree': 0.6683583148337462, 'reg_alpha': 0.0078319848508762, 'reg_lambda': 0.48631194668700506, 'min_child_weight': 2}",XGB,T_C,3.0626232388223653,161.07371172708832,109.51920567794005,0.3027871130300369,0.019013799371628396,57,opx_only,pwlr
"{'n_estimators': 700, 'max_depth': 8, 'learning_rate': 0.11774471603456654, 'subsample': 0.7739066866913367, 'colsample_bytree': 0.6488150583612358, 'reg_alpha': 0.0007156271299969353, 'reg_lambda': 1.0168608244569377, 'min_child_weight': 4}",XGB,P_kbar,0.0005750617782368616,13.981655733047159,9.22644603295673,-0.2597771768553139,4.1129733789513986e-05,57,opx_only,pwlr
"{'max_iter': 800, 'max_depth': 10, 'learning_rate': 0.01689596899223567, 'min_samples_leaf': 14, 'l2_regularization': 0.002313031028423451, 'max_leaf_nodes': 77}",GB,T_C,44.50773094384014,154.5316813576707,105.4017382671182,0.3582717877710675,0.28801686846870544,57,opx_only,pwlr
"{'max_iter': 200, 'max_depth': 6, 'learning_rate': 0.014184294158192657, 'min_samples_leaf': 40, 'l2_regularization': 0.000143407330654096, 'max_leaf_nodes': 31}",GB,P_kbar,7.162777486742372,12.710186565373846,8.554985825701873,-0.04107106952360806,0.563546211528933,57,opx_only,pwlr
"{'n_estimators': 600, 'max_depth': 13, 'min_samples_split': 5, 'min_samples_leaf': 1, 'max_features': 0.43863039467209686}",RF,T_C,26.372282643764645,125.47380032651616,86.02744107780786,0.5273868167228162,0.21018158830877012,58,opx_only,raw
"{'n_estimators': 500, 'max_depth': 14, 'min_samples_split': 2, 'min_samples_leaf': 5, 'max_features': 0.9328204779927532}",RF,P_kbar,4.988909945443019,6.657836285207764,4.239608648780151,-0.06136150199323276,0.7493290209804754,58,opx_only,raw
"{'n_estimators': 400, 'max_depth': 10, 'min_samples_split': 2, 'min_samples_leaf': 1, 'max_features': 0.7598116105731882}",ERT,T_C,47.64082674958999,118.17594653114253,83.62572504931478,0.5807646389350101,0.40313471690311664,58,opx_only,raw
"{'n_estimators': 800, 'max_depth': 19, 'min_samples_split': 7, 'min_samples_leaf': 4, 'max_features': 0.7903240753137547}",ERT,P_kbar,5.220287253635375,6.52088094632764,4.2217654582159145,-0.01814503958165714,0.8005493884342851,58,opx_only,raw
"{'n_estimators': 300, 'max_depth': 3, 'learning_rate': 0.04590417330988274, 'subsample': 0.8706421499699768, 'colsample_bytree': 0.7548360285746123, 'reg_alpha': 0.16867181293084388, 'reg_lambda': 1.6756177344558252, 'min_child_weight': 1}",XGB,T_C,72.47724248897252,125.68686930614605,88.32289047048569,0.525780350545948,0.57664927839386,58,opx_only,raw
"{'n_estimators': 200, 'max_depth': 6, 'learning_rate': 0.014748120873910569, 'subsample': 0.881548631898809, 'colsample_bytree': 0.9411390870933829, 'reg_alpha': 6.409731057654383, 'reg_lambda': 3.050408192597233, 'min_child_weight': 3}",XGB,P_kbar,4.6902126924469725,6.4001449978429,4.14614752608209,0.019208409051673647,0.7328291302818543,58,opx_only,raw
"{'max_iter': 400, 'max_depth': 10, 'learning_rate': 0.07809496264049752, 'min_samples_leaf': 38, 'l2_regularization': 0.03901185653266186, 'max_leaf_nodes': 50}",GB,T_C,73.87812575864774,130.06467082901318,91.41249438551212,0.4921699217211054,0.5680107079636567,58,opx_only,raw
"{'max_iter': 200, 'max_depth': 10, 'learning_rate': 0.015704299630186942, 'min_samples_leaf': 48, 'l2_regularization': 0.002951691457783485, 'max_leaf_nodes': 64}",GB,P_kbar,8.244834604214356,7.272502693317033,4.975185251815651,-0.2663824659624725,1.1336997663528998,58,opx_only,raw
"{'n_estimators': 700, 'max_depth': 11, 'min_samples_split': 4, 'min_samples_leaf': 1, 'max_features': 0.3614347829642153}",RF,T_C,34.95740064437428,124.13667348868302,85.23068528267953,0.5374060649921504,0.2816041356832491,58,opx_only,alr
"{'n_estimators': 800, 'max_depth': 13, 'min_samples_split': 9, 'min_samples_leaf': 5, 'max_features': 0.9531974346883314}",RF,P_kbar,5.052045381233935,6.562696454471424,4.143316523895433,-0.031244728845732928,0.7698124416209707,58,opx_only,alr
"{'n_estimators': 500, 'max_depth': 30, 'min_samples_split': 5, 'min_samples_leaf': 1, 'max_features': 0.9696035446516708}",ERT,T_C,17.50939963046067,129.61360339907444,92.60484214491046,0.4956861479838943,0.13508921263881554,58,opx_only,alr
"{'n_estimators': 200, 'max_depth': 38, 'min_samples_split': 5, 'min_samples_leaf': 3, 'max_features': 0.9081876172303992}",ERT,P_kbar,4.050105613903415,6.3708087729693235,4.016547360252,0.02817907461646585,0.6357286426627008,58,opx_only,alr
"{'n_estimators': 500, 'max_depth': 6, 'learning_rate': 0.014068172374557167, 'subsample': 0.60085424293986, 'colsample_bytree': 0.7751528046837222, 'reg_alpha': 0.124089851608055, 'reg_lambda': 0.8092405952349006, 'min_child_weight': 1}",XGB,T_C,37.3085749054291,123.7711650893374,93.85189681814195,0.540126180510879,0.3014318793759431,58,opx_only,alr
"{'n_estimators': 200, 'max_depth': 9, 'learning_rate': 0.018044582132088503, 'subsample': 0.9896459462540093, 'colsample_bytree': 0.7719290906775634, 'reg_alpha': 1.3430417787943512, 'reg_lambda': 8.449558888950277, 'min_child_weight': 8}",XGB,P_kbar,4.538374580725667,6.54538792419246,4.51386393305887,-0.02581226896461075,0.6933698404568727,58,opx_only,alr
"{'max_iter': 300, 'max_depth': 9, 'learning_rate': 0.010415644606274546, 'min_samples_leaf': 37, 'l2_regularization': 0.0001119158165983473, 'max_leaf_nodes': 34}",GB,T_C,95.96410007912844,124.12909807810937,86.7793986659268,0.5374625226361707,0.773099148909808,58,opx_only,alr
"{'max_iter': 200, 'max_depth': 10, 'learning_rate': 0.02171103454376615, 'min_samples_leaf': 37, 'l2_regularization': 0.003618723330959626, 'max_leaf_nodes': 45}",GB,P_kbar,6.90172235007679,7.087492926049401,4.697784100243115,-0.20276943754230436,0.9737889578288215,58,opx_only,alr
"{'n_estimators': 200, 'max_depth': 32, 'min_samples_split': 4, 'min_samples_leaf': 1, 'max_features': 0.3367597600898754}",RF,T_C,12.338480616616993,117.79648992624136,81.84260331210959,0.5834526009129739,0.10474404308942287,58,opx_only,pwlr
"{'n_estimators': 700, 'max_depth': 17, 'min_samples_split': 2, 'min_samples_leaf': 4, 'max_features': 0.645274662952607}",RF,P_kbar,3.962756276193869,6.383435670580636,3.946300153287011,0.02432297271199968,0.6207873754343666,58,opx_only,pwlr
"{'n_estimators': 400, 'max_depth': 16, 'min_samples_split': 5, 'min_samples_leaf': 2, 'max_features': 0.959649015243725}",ERT,T_C,25.212996227535424,116.35562300195691,83.12043778027463,0.5935805539991763,0.2166891085883437,58,opx_only,pwlr
"{'n_estimators': 400, 'max_depth': 10, 'min_samples_split': 7, 'min_samples_leaf': 4, 'max_features': 0.5254895450437925}",ERT,P_kbar,4.8034361773280345,6.133494983522003,3.8365516093773895,0.09923161278084602,0.7831483012919632,58,opx_only,pwlr
"{'n_estimators': 800, 'max_depth': 8, 'learning_rate': 0.025798402314638237, 'subsample': 0.6706511760066806, 'colsample_bytree': 0.6683583148337462, 'reg_alpha': 0.0078319848508762, 'reg_lambda': 0.48631194668700506, 'min_child_weight': 2}",XGB,T_C,1.0459239430099012,115.3779490154076,83.39219935456508,0.6003817101123047,0.00906519791637333,58,opx_only,pwlr
"{'n_estimators': 700, 'max_depth': 8, 'learning_rate': 0.11774471603456654, 'subsample': 0.7739066866913367, 'colsample_bytree': 0.6488150583612358, 'reg_alpha': 0.0007156271299969353, 'reg_lambda': 1.0168608244569377, 'min_child_weight': 4}",XGB,P_kbar,0.0006713847776683025,6.547019580931597,4.203818568505225,-0.026323768708592654,0.00010254815483120474,58,opx_only,pwlr
"{'max_iter': 800, 'max_depth': 10, 'learning_rate': 0.01689596899223567, 'min_samples_leaf': 14, 'l2_regularization': 0.002313031028423451, 'max_leaf_nodes': 77}",GB,T_C,52.79314686539645,103.065435440345,71.9551705762911,0.6811210783429548,0.512229406879608,58,opx_only,pwlr
"{'max_iter': 200, 'max_depth': 6, 'learning_rate': 0.014184294158192657, 'min_samples_leaf': 40, 'l2_regularization': 0.000143407330654096, 'max_leaf_nodes': 31}",GB,P_kbar,7.445413033152551,6.7038626142550095,4.572440900212565,-0.07608683503840075,1.1106153961629104,58,opx_only,pwlr
"{'n_estimators': 600, 'max_depth': 13, 'min_samples_split': 5, 'min_samples_leaf': 1, 'max_features': 0.43863039467209686}",RF,T_C,27.517931678106574,140.50511132965883,107.95528469078704,0.5753989962381056,0.19585004002838644,59,opx_only,raw
"{'n_estimators': 500, 'max_depth': 14, 'min_samples_split': 2, 'min_samples_leaf': 5, 'max_features': 0.9328204779927532}",RF,P_kbar,5.536590827595423,12.17896016750264,7.85552318234528,0.16911220669354043,0.4546029177736222,59,opx_only,raw
"{'n_estimators': 400, 'max_depth': 10, 'min_samples_split': 2, 'min_samples_leaf': 1, 'max_features': 0.7598116105731882}",ERT,T_C,38.66029853565494,141.6544747851523,110.05670088712188,0.5684239199210169,0.2729197125208442,59,opx_only,raw
"{'n_estimators': 800, 'max_depth': 19, 'min_samples_split': 7, 'min_samples_leaf': 4, 'max_features': 0.7903240753137547}",ERT,P_kbar,5.2791132945505685,10.150052282473688,7.003204614814933,0.4228901096860175,0.5201070051300254,59,opx_only,raw
"{'n_estimators': 300, 'max_depth': 3, 'learning_rate': 0.04590417330988274, 'subsample': 0.8706421499699768, 'colsample_bytree': 0.7548360285746123, 'reg_alpha': 0.16867181293084388, 'reg_lambda': 1.6756177344558252, 'min_child_weight': 1}",XGB,T_C,66.20155413198187,148.2382959518545,115.8543031115516,0.5273740126220814,0.4465887421795722,59,opx_only,raw
"{'n_estimators': 200, 'max_depth': 6, 'learning_rate': 0.014748120873910569, 'subsample': 0.881548631898809, 'colsample_bytree': 0.9411390870933829, 'reg_alpha': 6.409731057654383, 'reg_lambda': 3.050408192597233, 'min_child_weight': 3}",XGB,P_kbar,4.6090832422521615,10.096458651681063,6.869362480374854,0.4289684544692153,0.45650493913375734,59,opx_only,raw
"{'max_iter': 400, 'max_depth': 10, 'learning_rate': 0.07809496264049752, 'min_samples_leaf': 38, 'l2_regularization': 0.03901185653266186, 'max_leaf_nodes': 50}",GB,T_C,70.33359981430569,156.1695103715747,121.93675842549794,0.47544713055852517,0.45036703801504335,59,opx_only,raw
"{'max_iter': 200, 'max_depth': 10, 'learning_rate': 0.015704299630186942, 'min_samples_leaf': 48, 'l2_regularization': 0.002951691457783485, 'max_leaf_nodes': 64}",GB,P_kbar,8.217434758928825,11.244748923053486,7.47901696568748,0.2916930809894682,0.7307797457426376,59,opx_only,raw
"{'n_estimators': 700, 'max_depth': 11, 'min_samples_split': 4, 'min_samples_leaf': 1, 'max_features': 0.3614347829642153}",RF,T_C,27.69331003542872,142.12500656288438,109.53837838780333,0.5655520370753702,0.1948517766518138,59,opx_only,alr
"{'n_estimators': 800, 'max_depth': 13, 'min_samples_split': 9, 'min_samples_leaf': 5, 'max_features': 0.9531974346883314}",RF,P_kbar,5.461275846108962,12.542231626278255,8.049863404416191,0.11880587610166105,0.43543095111292607,59,opx_only,alr
"{'n_estimators': 500, 'max_depth': 30, 'min_samples_split': 5, 'min_samples_leaf': 1, 'max_features': 0.9696035446516708}",ERT,T_C,19.230038845795207,138.57696582981202,107.51404454792609,0.5869725975988969,0.13876793109622446,59,opx_only,alr
"{'n_estimators': 200, 'max_depth': 38, 'min_samples_split': 5, 'min_samples_leaf': 3, 'max_features': 0.9081876172303992}",ERT,P_kbar,3.869686398181618,10.929771486858117,7.326898456036438,0.33081819696991477,0.35405007349279927,59,opx_only,alr
"{'n_estimators': 500, 'max_depth': 6, 'learning_rate': 0.014068172374557167, 'subsample': 0.60085424293986, 'colsample_bytree': 0.7751528046837222, 'reg_alpha': 0.124089851608055, 'reg_lambda': 0.8092405952349006, 'min_child_weight': 1}",XGB,T_C,31.61858360170135,148.29099723672886,115.9499653832965,0.5270378994166203,0.2132198460519222,59,opx_only,alr
"{'n_estimators': 200, 'max_depth': 9, 'learning_rate': 0.018044582132088503, 'subsample': 0.9896459462540093, 'colsample_bytree': 0.7719290906775634, 'reg_alpha': 1.3430417787943512, 'reg_lambda': 8.449558888950277, 'min_child_weight': 8}",XGB,P_kbar,4.534497217035285,10.36626802232066,7.292638056300458,0.39804112002329484,0.437428128162575,59,opx_only,alr
"{'max_iter': 300, 'max_depth': 9, 'learning_rate': 0.010415644606274546, 'min_samples_leaf': 37, 'l2_regularization': 0.0001119158165983473, 'max_leaf_nodes': 34}",GB,T_C,94.33073843747044,157.7526339588715,127.88519630386844,0.46475821757495506,0.5979661706445034,59,opx_only,alr
"{'max_iter': 200, 'max_depth': 10, 'learning_rate': 0.02171103454376615, 'min_samples_leaf': 37, 'l2_regularization': 0.003618723330959626, 'max_leaf_nodes': 45}",GB,P_kbar,7.854823163985515,11.796608303090187,7.831699259503953,0.22046381902606849,0.6658543678124754,59,opx_only,alr
"{'n_estimators': 200, 'max_depth': 32, 'min_samples_split': 4, 'min_samples_leaf': 1, 'max_features': 0.3367597600898754}",RF,T_C,14.039984228902819,134.09808206764941,101.76341836649519,0.6132396874340429,0.10469936640719416,59,opx_only,pwlr
"{'n_estimators': 700, 'max_depth': 17, 'min_samples_split': 2, 'min_samples_leaf': 4, 'max_features': 0.645274662952607}",RF,P_kbar,4.544256872033221,12.164846715102398,8.107702856269698,0.1710368210258686,0.3735564432876596,59,opx_only,pwlr
"{'n_estimators': 400, 'max_depth': 16, 'min_samples_split': 5, 'min_samples_leaf': 2, 'max_features': 0.959649015243725}",ERT,T_C,26.40160626193552,132.05317846117714,100.5580956873206,0.6249454076054712,0.19993162277193832,59,opx_only,pwlr
"{'n_estimators': 400, 'max_depth': 10, 'min_samples_split': 7, 'min_samples_leaf': 4, 'max_features': 0.5254895450437925}",ERT,P_kbar,4.779359249469661,10.958102333769515,6.942067974699416,0.3273445546888605,0.4361484410253352,59,opx_only,pwlr
"{'n_estimators': 800, 'max_depth': 8, 'learning_rate': 0.025798402314638237, 'subsample': 0.6706511760066806, 'colsample_bytree': 0.6683583148337462, 'reg_alpha': 0.0078319848508762, 'reg_lambda': 0.48631194668700506, 'min_child_weight': 2}",XGB,T_C,1.0249396684756664,142.82103311104194,107.75458685794955,0.56128638725581,0.007176391643090734,59,opx_only,pwlr
"{'n_estimators': 700, 'max_depth': 8, 'learning_rate': 0.11774471603456654, 'subsample': 0.7739066866913367, 'colsample_bytree': 0.6488150583612358, 'reg_alpha': 0.0007156271299969353, 'reg_lambda': 1.0168608244569377, 'min_child_weight': 4}",XGB,P_kbar,0.0010848822527662596,12.878235570407496,8.42179330376166,0.07095941051687582,8.424152880532621e-05,59,opx_only,pwlr
"{'max_iter': 800, 'max_depth': 10, 'learning_rate': 0.01689596899223567, 'min_samples_leaf': 14, 'l2_regularization': 0.002313031028423451, 'max_leaf_nodes': 77}",GB,T_C,61.685888155144895,142.44748792300325,109.63285267244454,0.5635782772389673,0.4330430045104607,59,opx_only,pwlr
"{'max_iter': 200, 'max_depth': 6, 'learning_rate': 0.014184294158192657, 'min_samples_leaf': 40, 'l2_regularization': 0.000143407330654096, 'max_leaf_nodes': 31}",GB,P_kbar,7.530849387485814,10.41106103802419,7.086518722761144,0.3928277088426806,0.7233508054540249,59,opx_only,pwlr
"{'n_estimators': 600, 'max_depth': 13, 'min_samples_split': 5, 'min_samples_leaf': 1, 'max_features': 0.43863039467209686}",RF,T_C,32.03954522133881,141.7869994923782,110.4685613919206,0.5875014380457559,0.22596955529100615,60,opx_only,raw
"{'n_estimators': 500, 'max_depth': 14, 'min_samples_split': 2, 'min_samples_leaf': 5, 'max_features': 0.9328204779927532}",RF,P_kbar,5.06724065131153,12.844653088889608,8.15962103795311,-0.30950775765058114,0.39450194693810775,60,opx_only,raw
"{'n_estimators': 400, 'max_depth': 10, 'min_samples_split': 2, 'min_samples_leaf': 1, 'max_features': 0.7598116105731882}",ERT,T_C,53.32507883927143,143.56903144025858,109.95129965329585,0.5770674062411052,0.3714246610451005,60,opx_only,raw
"{'n_estimators': 800, 'max_depth': 19, 'min_samples_split': 7, 'min_samples_leaf': 4, 'max_features': 0.7903240753137547}",ERT,P_kbar,5.181743013758824,14.627667611389718,9.062655789809106,-0.6982963782925973,0.3542426004897801,60,opx_only,raw
"{'n_estimators': 300, 'max_depth': 3, 'learning_rate': 0.04590417330988274, 'subsample': 0.8706421499699768, 'colsample_bytree': 0.7548360285746123, 'reg_alpha': 0.16867181293084388, 'reg_lambda': 1.6756177344558252, 'min_child_weight': 1}",XGB,T_C,71.15925748184448,134.0560597154936,106.57875062525432,0.6312580780241757,0.5308171643480001,60,opx_only,raw
"{'n_estimators': 200, 'max_depth': 6, 'learning_rate': 0.014748120873910569, 'subsample': 0.881548631898809, 'colsample_bytree': 0.9411390870933829, 'reg_alpha': 6.409731057654383, 'reg_lambda': 3.050408192597233, 'min_child_weight': 3}",XGB,P_kbar,4.98788511466612,11.65297069807948,7.98442905784046,-0.07779614496561726,0.4280354978913806,60,opx_only,raw
"{'max_iter': 400, 'max_depth': 10, 'learning_rate': 0.07809496264049752, 'min_samples_leaf': 38, 'l2_regularization': 0.03901185653266186, 'max_leaf_nodes': 50}",GB,T_C,81.6322710228194,141.64719242048469,106.94843271359194,0.5883145137700707,0.5763070176533476,60,opx_only,raw
"{'max_iter': 200, 'max_depth': 10, 'learning_rate': 0.015704299630186942, 'min_samples_leaf': 48, 'l2_regularization': 0.002951691457783485, 'max_leaf_nodes': 64}",GB,P_kbar,8.248326147973723,11.587174168558054,8.279862462014197,-0.06565931870432284,0.7118496734394191,60,opx_only,raw
"{'n_estimators': 700, 'max_depth': 11, 'min_samples_split': 4, 'min_samples_leaf': 1, 'max_features': 0.3614347829642153}",RF,T_C,39.339310203736765,143.17266383114557,113.14926493057216,0.579399460336784,0.2747683052830016,60,opx_only,alr
"{'n_estimators': 800, 'max_depth': 13, 'min_samples_split': 9, 'min_samples_leaf': 5, 'max_features': 0.9531974346883314}",RF,P_kbar,4.871461613474823,12.232236496339175,8.006644837310418,-0.1876133072378532,0.39824782777317447,60,opx_only,alr
"{'n_estimators': 500, 'max_depth': 30, 'min_samples_split': 5, 'min_samples_leaf': 1, 'max_features': 0.9696035446516708}",ERT,T_C,18.28303087711652,145.03579456304138,112.09873305217911,0.5683815390174103,0.12605874937424225,60,opx_only,alr
"{'n_estimators': 200, 'max_depth': 38, 'min_samples_split': 5, 'min_samples_leaf': 3, 'max_features': 0.9081876172303992}",ERT,P_kbar,3.987937184803027,12.659577807398167,8.114284126254633,-0.2720429103192532,0.31501344242874396,60,opx_only,alr
"{'n_estimators': 500, 'max_depth': 6, 'learning_rate': 0.014068172374557167, 'subsample': 0.60085424293986, 'colsample_bytree': 0.7751528046837222, 'reg_alpha': 0.124089851608055, 'reg_lambda': 0.8092405952349006, 'min_child_weight': 1}",XGB,T_C,38.5077197087612,133.7499248002392,108.46401898719922,0.632940297888644,0.28790834661233644,60,opx_only,alr
"{'n_estimators': 200, 'max_depth': 9, 'learning_rate': 0.018044582132088503, 'subsample': 0.9896459462540093, 'colsample_bytree': 0.7719290906775634, 'reg_alpha': 1.3430417787943512, 'reg_lambda': 8.449558888950277, 'min_child_weight': 8}",XGB,P_kbar,4.703925398780389,11.721306788281119,8.11479371324313,-0.09047417101743305,0.4013140756185429,60,opx_only,alr
"{'max_iter': 300, 'max_depth': 9, 'learning_rate': 0.010415644606274546, 'min_samples_leaf': 37, 'l2_regularization': 0.0001119158165983473, 'max_leaf_nodes': 34}",GB,T_C,107.18587419063434,145.49362286194244,117.57428709436164,0.5656522950348291,0.7367049639855489,60,opx_only,alr
"{'max_iter': 200, 'max_depth': 10, 'learning_rate': 0.02171103454376615, 'min_samples_leaf': 37, 'l2_regularization': 0.003618723330959626, 'max_leaf_nodes': 45}",GB,P_kbar,7.078482434959652,12.600756635216348,8.759684320781922,-0.2602495901750601,0.5617505868795885,60,opx_only,alr
"{'n_estimators': 200, 'max_depth': 32, 'min_samples_split': 4, 'min_samples_leaf': 1, 'max_features': 0.3367597600898754}",RF,T_C,11.75262377806968,138.11184172357488,104.67120205885494,0.6086084474033092,0.08509497543007259,60,opx_only,pwlr
"{'n_estimators': 700, 'max_depth': 17, 'min_samples_split': 2, 'min_samples_leaf': 4, 'max_features': 0.645274662952607}",RF,P_kbar,3.8265407741374364,11.432001094760741,7.5516467479881175,-0.0373082496541719,0.33472186911276025,60,opx_only,pwlr
"{'n_estimators': 400, 'max_depth': 16, 'min_samples_split': 5, 'min_samples_leaf': 2, 'max_features': 0.959649015243725}",ERT,T_C,28.206825866168636,138.68922356651132,106.51990137010567,0.6053291523463469,0.2033815255490378,60,opx_only,pwlr
"{'n_estimators': 400, 'max_depth': 10, 'min_samples_split': 7, 'min_samples_leaf': 4, 'max_features': 0.5254895450437925}",ERT,P_kbar,4.808285585613335,9.911528769747434,6.757449027225411,0.22026934476576743,0.485120479122199,60,opx_only,pwlr
"{'n_estimators': 800, 'max_depth': 8, 'learning_rate': 0.025798402314638237, 'subsample': 0.6706511760066806, 'colsample_bytree': 0.6683583148337462, 'reg_alpha': 0.0078319848508762, 'reg_lambda': 0.48631194668700506, 'min_child_weight': 2}",XGB,T_C,1.0456918002091506,149.3005449721744,119.21144070737115,0.5426250229103227,0.007003938266963723,60,opx_only,pwlr
"{'n_estimators': 700, 'max_depth': 8, 'learning_rate': 0.11774471603456654, 'subsample': 0.7739066866913367, 'colsample_bytree': 0.6488150583612358, 'reg_alpha': 0.0007156271299969353, 'reg_lambda': 1.0168608244569377, 'min_child_weight': 4}",XGB,P_kbar,0.0010487138412205478,13.275771636480979,9.745403510976855,-0.3988877388506993,7.89945676934325e-05,60,opx_only,pwlr
"{'max_iter': 800, 'max_depth': 10, 'learning_rate': 0.01689596899223567, 'min_samples_leaf': 14, 'l2_regularization': 0.002313031028423451, 'max_leaf_nodes': 77}",GB,T_C,61.88234958010033,140.86764719781806,108.38888046416906,0.5928334081849017,0.4392942652985465,60,opx_only,pwlr
"{'max_iter': 200, 'max_depth': 6, 'learning_rate': 0.014184294158192657, 'min_samples_leaf': 40, 'l2_regularization': 0.000143407330654096, 'max_leaf_nodes': 31}",GB,P_kbar,7.50554654458049,11.534494299965571,8.35568248277915,-0.055991529560842634,0.6507044305013782,60,opx_only,pwlr
"{'n_estimators': 600, 'max_depth': 13, 'min_samples_split': 5, 'min_samples_leaf': 1, 'max_features': 0.43863039467209686}",RF,T_C,24.782488180011253,176.552457058035,118.60101809160169,0.37798613353311783,0.14036897924261083,61,opx_only,raw
"{'n_estimators': 500, 'max_depth': 14, 'min_samples_split': 2, 'min_samples_leaf': 5, 'max_features': 0.9328204779927532}",RF,P_kbar,4.759588817516164,16.398130706290203,9.768870465206119,0.08676539867954969,0.2902519136336937,61,opx_only,raw
"{'n_estimators': 400, 'max_depth': 10, 'min_samples_split': 2, 'min_samples_leaf': 1, 'max_features': 0.7598116105731882}",ERT,T_C,38.76548159619028,178.3526779388134,118.18002522291742,0.3652367081260205,0.21735295507864125,61,opx_only,raw
"{'n_estimators': 800, 'max_depth': 19, 'min_samples_split': 7, 'min_samples_leaf': 4, 'max_features': 0.7903240753137547}",ERT,P_kbar,4.928445127981569,16.531906495698326,9.835456889181238,0.07180430252185377,0.2981171669017105,61,opx_only,raw
"{'n_estimators': 300, 'max_depth': 3, 'learning_rate': 0.04590417330988274, 'subsample': 0.8706421499699768, 'colsample_bytree': 0.7548360285746123, 'reg_alpha': 0.16867181293084388, 'reg_lambda': 1.6756177344558252, 'min_child_weight': 1}",XGB,T_C,65.26775508711107,164.6256466039623,113.57063887197971,0.45918650253533655,0.3964616475835313,61,opx_only,raw
"{'n_estimators': 200, 'max_depth': 6, 'learning_rate': 0.014748120873910569, 'subsample': 0.881548631898809, 'colsample_bytree': 0.9411390870933829, 'reg_alpha': 6.409731057654383, 'reg_lambda': 3.050408192597233, 'min_child_weight': 3}",XGB,P_kbar,4.483711946087076,15.325440403104004,9.383627881247287,0.2023367243629164,0.29256659698855686,61,opx_only,raw
"{'max_iter': 400, 'max_depth': 10, 'learning_rate': 0.07809496264049752, 'min_samples_leaf': 38, 'l2_regularization': 0.03901185653266186, 'max_leaf_nodes': 50}",GB,T_C,83.88672874806551,159.93530568075803,113.02075233071928,0.4895640854253722,0.5245041324115717,61,opx_only,raw
"{'max_iter': 200, 'max_depth': 10, 'learning_rate': 0.015704299630186942, 'min_samples_leaf': 48, 'l2_regularization': 0.002951691457783485, 'max_leaf_nodes': 64}",GB,P_kbar,8.15702848585634,15.878718028283851,10.074476432399113,0.14370276087800404,0.5137082522233024,61,opx_only,raw
"{'n_estimators': 700, 'max_depth': 11, 'min_samples_split': 4, 'min_samples_leaf': 1, 'max_features': 0.3614347829642153}",RF,T_C,28.03948538957874,170.746422860945,116.76674914014521,0.4182240520338366,0.16421711752294776,61,opx_only,alr
"{'n_estimators': 800, 'max_depth': 13, 'min_samples_split': 9, 'min_samples_leaf': 5, 'max_features': 0.9531974346883314}",RF,P_kbar,4.778094378452527,14.932003057821362,8.81359150612515,0.24276651402627436,0.3199901821577627,61,opx_only,alr
"{'n_estimators': 500, 'max_depth': 30, 'min_samples_split': 5, 'min_samples_leaf': 1, 'max_features': 0.9696035446516708}",ERT,T_C,18.095904646368634,192.7456544944458,130.48749483752533,0.2586526736583131,0.09388489039523373,61,opx_only,alr
"{'n_estimators': 200, 'max_depth': 38, 'min_samples_split': 5, 'min_samples_leaf': 3, 'max_features': 0.9081876172303992}",ERT,P_kbar,3.940561692138905,15.804727848353833,9.366342926631377,0.15166435737156714,0.24932803208941942,61,opx_only,alr
"{'n_estimators': 500, 'max_depth': 6, 'learning_rate': 0.014068172374557167, 'subsample': 0.60085424293986, 'colsample_bytree': 0.7751528046837222, 'reg_alpha': 0.124089851608055, 'reg_lambda': 0.8092405952349006, 'min_child_weight': 1}",XGB,T_C,32.40266742894153,167.9542702310679,115.59362446392157,0.43709561083941495,0.19292553493497144,61,opx_only,alr
"{'n_estimators': 200, 'max_depth': 9, 'learning_rate': 0.018044582132088503, 'subsample': 0.9896459462540093, 'colsample_bytree': 0.7719290906775634, 'reg_alpha': 1.3430417787943512, 'reg_lambda': 8.449558888950277, 'min_child_weight': 8}",XGB,P_kbar,4.38400387089781,13.925359878863874,8.702833906068259,0.34142305106399307,0.31482158515356706,61,opx_only,alr
"{'max_iter': 300, 'max_depth': 9, 'learning_rate': 0.010415644606274546, 'min_samples_leaf': 37, 'l2_regularization': 0.0001119158165983473, 'max_leaf_nodes': 34}",GB,T_C,89.29822547212862,163.52702221133777,116.17862020798805,0.46638062311308304,0.5460762647333117,61,opx_only,alr
"{'max_iter': 200, 'max_depth': 10, 'learning_rate': 0.02171103454376615, 'min_samples_leaf': 37, 'l2_regularization': 0.003618723330959626, 'max_leaf_nodes': 45}",GB,P_kbar,6.441358697274765,14.666825542501584,9.04491125072986,0.26942312238254873,0.43917879016212275,61,opx_only,alr
"{'n_estimators': 200, 'max_depth': 32, 'min_samples_split': 4, 'min_samples_leaf': 1, 'max_features': 0.3367597600898754}",RF,T_C,10.785679987137017,168.8229628190357,112.93625968640612,0.43125764734490946,0.06388751747413873,61,opx_only,pwlr
"{'n_estimators': 700, 'max_depth': 17, 'min_samples_split': 2, 'min_samples_leaf': 4, 'max_features': 0.645274662952607}",RF,P_kbar,4.056484449396318,13.95868051763121,8.192156868453369,0.3382675909705839,0.29060658307012416,61,opx_only,pwlr
"{'n_estimators': 400, 'max_depth': 16, 'min_samples_split': 5, 'min_samples_leaf': 2, 'max_features': 0.959649015243725}",ERT,T_C,24.622925557486184,182.26515912924035,122.07239909577359,0.3370819369896706,0.1350939788773706,61,opx_only,pwlr
"{'n_estimators': 400, 'max_depth': 10, 'min_samples_split': 7, 'min_samples_leaf': 4, 'max_features': 0.5254895450437925}",ERT,P_kbar,4.644265747183163,15.451617596044185,9.21666886112928,0.18914803513466283,0.3005682556091833,61,opx_only,pwlr
"{'n_estimators': 800, 'max_depth': 8, 'learning_rate': 0.025798402314638237, 'subsample': 0.6706511760066806, 'colsample_bytree': 0.6683583148337462, 'reg_alpha': 0.0078319848508762, 'reg_lambda': 0.48631194668700506, 'min_child_weight': 2}",XGB,T_C,3.0725884903401717,168.84291099359285,113.8989828204932,0.4311232338525064,0.018197912321333814,61,opx_only,pwlr
"{'n_estimators': 700, 'max_depth': 8, 'learning_rate': 0.11774471603456654, 'subsample': 0.7739066866913367, 'colsample_bytree': 0.6488150583612358, 'reg_alpha': 0.0007156271299969353, 'reg_lambda': 1.0168608244569377, 'min_child_weight': 4}",XGB,P_kbar,0.0018306548211006154,13.152751570263552,8.087396993676283,0.412474250877921,0.00013918417080418808,61,opx_only,pwlr
"{'max_iter': 800, 'max_depth': 10, 'learning_rate': 0.01689596899223567, 'min_samples_leaf': 14, 'l2_regularization': 0.002313031028423451, 'max_leaf_nodes': 77}",GB,T_C,46.81424242577977,170.75044441383312,116.65159088668744,0.41819664682959135,0.2741676168778813,61,opx_only,pwlr
"{'max_iter': 200, 'max_depth': 6, 'learning_rate': 0.014184294158192657, 'min_samples_leaf': 40, 'l2_regularization': 0.000143407330654096, 'max_leaf_nodes': 31}",GB,P_kbar,6.765421323704277,12.860393233923851,8.201727260225818,0.43830291893194606,0.526066442965218,61,opx_only,pwlr
