[2026-04-17 16:51:23] Phase F universal driver START  total=16 studies n_trials=50
[2026-04-17 16:51:23] Resumed partial: 1 prior results
[2026-04-17 16:51:23] [1/16] SKIP RF/T_C/universal/universal_raw (cached)
[2026-04-17 16:51:23] [2/16]
[2026-04-17 16:51:23] START RF__P_kbar__universal__universal_raw (n_trials=50)
[2026-04-17 16:51:23]   data shape X=(2224, 45) y=(2224,) n_groups=189
C:\Users\NQTa\Documents\MLCourse\Final Project\src\optuna_search.py:226: ExperimentalWarning: Argument ``multivariate`` is an experimental feature. The interface can change in the future.
  sampler = optuna.samplers.TPESampler(multivariate=True, seed=seed)
[2026-04-17 16:54:17] DONE  RF__P_kbar__universal__universal_raw  best_rmse=13.1897  elapsed=174.0s
[2026-04-17 16:54:17] [3/16]
[2026-04-17 16:54:17] START ERT__T_C__universal__universal_raw (n_trials=50)
[2026-04-17 16:54:17]   data shape X=(2224, 45) y=(2224,) n_groups=189
C:\Users\NQTa\Documents\MLCourse\Final Project\src\optuna_search.py:226: ExperimentalWarning: Argument ``multivariate`` is an experimental feature. The interface can change in the future.
  sampler = optuna.samplers.TPESampler(multivariate=True, seed=seed)
[2026-04-17 16:55:42] DONE  ERT__T_C__universal__universal_raw  best_rmse=115.8266  elapsed=85.4s
[2026-04-17 16:55:42] [4/16]
[2026-04-17 16:55:42] START ERT__P_kbar__universal__universal_raw (n_trials=50)
[2026-04-17 16:55:42]   data shape X=(2224, 45) y=(2224,) n_groups=189
C:\Users\NQTa\Documents\MLCourse\Final Project\src\optuna_search.py:226: ExperimentalWarning: Argument ``multivariate`` is an experimental feature. The interface can change in the future.
  sampler = optuna.samplers.TPESampler(multivariate=True, seed=seed)
[2026-04-17 16:57:01] DONE  ERT__P_kbar__universal__universal_raw  best_rmse=13.2499  elapsed=79.1s
[2026-04-17 16:57:01] [5/16]
[2026-04-17 16:57:01] START XGB__T_C__universal__universal_raw (n_trials=50)
[2026-04-17 16:57:01]   data shape X=(2224, 45) y=(2224,) n_groups=189
C:\Users\NQTa\Documents\MLCourse\Final Project\src\optuna_search.py:226: ExperimentalWarning: Argument ``multivariate`` is an experimental feature. The interface can change in the future.
  sampler = optuna.samplers.TPESampler(multivariate=True, seed=seed)
[2026-04-17 17:01:31] DONE  XGB__T_C__universal__universal_raw  best_rmse=114.9872  elapsed=269.7s
[2026-04-17 17:01:31] [6/16]
[2026-04-17 17:01:31] START XGB__P_kbar__universal__universal_raw (n_trials=50)
[2026-04-17 17:01:31]   data shape X=(2224, 45) y=(2224,) n_groups=189
C:\Users\NQTa\Documents\MLCourse\Final Project\src\optuna_search.py:226: ExperimentalWarning: Argument ``multivariate`` is an experimental feature. The interface can change in the future.
  sampler = optuna.samplers.TPESampler(multivariate=True, seed=seed)
[2026-04-17 17:03:09] DONE  XGB__P_kbar__universal__universal_raw  best_rmse=12.8159  elapsed=97.8s
[2026-04-17 17:03:09] [7/16]
[2026-04-17 17:03:09] START GB__T_C__universal__universal_raw (n_trials=50)
[2026-04-17 17:03:09]   data shape X=(2224, 45) y=(2224,) n_groups=189
C:\Users\NQTa\Documents\MLCourse\Final Project\src\optuna_search.py:226: ExperimentalWarning: Argument ``multivariate`` is an experimental feature. The interface can change in the future.
  sampler = optuna.samplers.TPESampler(multivariate=True, seed=seed)
[2026-04-17 17:07:01] DONE  GB__T_C__universal__universal_raw  best_rmse=117.6182  elapsed=232.7s
[2026-04-17 17:07:01] [8/16]
[2026-04-17 17:07:01] START GB__P_kbar__universal__universal_raw (n_trials=50)
[2026-04-17 17:07:01]   data shape X=(2224, 45) y=(2224,) n_groups=189
C:\Users\NQTa\Documents\MLCourse\Final Project\src\optuna_search.py:226: ExperimentalWarning: Argument ``multivariate`` is an experimental feature. The interface can change in the future.
  sampler = optuna.samplers.TPESampler(multivariate=True, seed=seed)
[2026-04-17 17:08:58] DONE  GB__P_kbar__universal__universal_raw  best_rmse=12.6605  elapsed=116.9s
[2026-04-17 17:08:58] [9/16]
[2026-04-17 17:08:58] START CatBoost__T_C__universal__universal_raw (n_trials=50)
[2026-04-17 17:08:58]   data shape X=(2224, 45) y=(2224,) n_groups=189
C:\Users\NQTa\Documents\MLCourse\Final Project\src\optuna_search.py:226: ExperimentalWarning: Argument ``multivariate`` is an experimental feature. The interface can change in the future.
  sampler = optuna.samplers.TPESampler(multivariate=True, seed=seed)
[2026-04-17 17:27:53] DONE  CatBoost__T_C__universal__universal_raw  best_rmse=113.7868  elapsed=1134.9s
[2026-04-17 17:27:53] [10/16]
[2026-04-17 17:27:53] START CatBoost__P_kbar__universal__universal_raw (n_trials=50)
[2026-04-17 17:27:53]   data shape X=(2224, 45) y=(2224,) n_groups=189
C:\Users\NQTa\Documents\MLCourse\Final Project\src\optuna_search.py:226: ExperimentalWarning: Argument ``multivariate`` is an experimental feature. The interface can change in the future.
  sampler = optuna.samplers.TPESampler(multivariate=True, seed=seed)
[2026-04-17 17:40:54] DONE  CatBoost__P_kbar__universal__universal_raw  best_rmse=12.7785  elapsed=780.9s
[2026-04-17 17:40:54] [11/16]
[2026-04-17 17:40:54] START LightGBM__T_C__universal__universal_raw (n_trials=50)
[2026-04-17 17:40:54]   data shape X=(2224, 45) y=(2224,) n_groups=189
C:\Users\NQTa\Documents\MLCourse\Final Project\src\optuna_search.py:226: ExperimentalWarning: Argument ``multivariate`` is an experimental feature. The interface can change in the future.
  sampler = optuna.samplers.TPESampler(multivariate=True, seed=seed)
C:\Users\NQTa\Documents\MLCourse\Final Project\.venv\Lib\site-packages\sklearn\utils\validation.py:2691: UserWarning: X does not have valid feature names, but LGBMRegressor was fitted with feature names
  warnings.warn(
C:\Users\NQTa\Documents\MLCourse\Final Project\.venv\Lib\site-packages\sklearn\utils\validation.py:2691: UserWarning: X does not have valid feature names, but LGBMRegressor was fitted with feature names
  warnings.warn(
C:\Users\NQTa\Documents\MLCourse\Final Project\.venv\Lib\site-packages\sklearn\utils\validation.py:2691: UserWarning: X does not have valid feature names, but LGBMRegressor was fitted with feature names
  warnings.warn(
C:\Users\NQTa\Documents\MLCourse\Final Project\.venv\Lib\site-packages\sklearn\utils\validation.py:2691: UserWarning: X does not have valid feature names, but LGBMRegressor was fitted with feature names
  warnings.warn(
C:\Users\NQTa\Documents\MLCourse\Final Project\.venv\Lib\site-packages\sklearn\utils\validation.py:2691: UserWarning: X does not have valid feature names, but LGBMRegressor was fitted with feature names
  warnings.warn(
C:\Users\NQTa\Documents\MLCourse\Final Project\.venv\Lib\site-packages\sklearn\utils\validation.py:2691: UserWarning: X does not have valid feature names, but LGBMRegressor was fitted with feature names
  warnings.warn(
C:\Users\NQTa\Documents\MLCourse\Final Project\.venv\Lib\site-packages\sklearn\utils\validation.py:2691: UserWarning: X does not have valid feature names, but LGBMRegressor was fitted with feature names
  warnings.warn(
C:\Users\NQTa\Documents\MLCourse\Final Project\.venv\Lib\site-packages\sklearn\utils\validation.py:2691: UserWarning: X does not have valid feature names, but LGBMRegressor was fitted with feature names
  warnings.warn(
C:\Users\NQTa\Documents\MLCourse\Final Project\.venv\Lib\site-packages\sklearn\utils\validation.py:2691: UserWarning: X does not have valid feature names, but LGBMRegressor was fitted with feature names
  warnings.warn(
C:\Users\NQTa\Documents\MLCourse\Final Project\.venv\Lib\site-packages\sklearn\utils\validation.py:2691: UserWarning: X does not have valid feature names, but LGBMRegressor was fitted with feature names
  warnings.warn(
C:\Users\NQTa\Documents\MLCourse\Final Project\.venv\Lib\site-packages\sklearn\utils\validation.py:2691: UserWarning: X does not have valid feature names, but LGBMRegressor was fitted with feature names
  warnings.warn(
C:\Users\NQTa\Documents\MLCourse\Final Project\.venv\Lib\site-packages\sklearn\utils\validation.py:2691: UserWarning: X does not have valid feature names, but LGBMRegressor was fitted with feature names
  warnings.warn(
C:\Users\NQTa\Documents\MLCourse\Final Project\.venv\Lib\site-packages\sklearn\utils\validation.py:2691: UserWarning: X does not have valid feature names, but LGBMRegressor was fitted with feature names
  warnings.warn(
C:\Users\NQTa\Documents\MLCourse\Final Project\.venv\Lib\site-packages\sklearn\utils\validation.py:2691: UserWarning: X does not have valid feature names, but LGBMRegressor was fitted with feature names
  warnings.warn(
C:\Users\NQTa\Documents\MLCourse\Final Project\.venv\Lib\site-packages\sklearn\utils\validation.py:2691: UserWarning: X does not have valid feature names, but LGBMRegressor was fitted with feature names
  warnings.warn(
C:\Users\NQTa\Documents\MLCourse\Final Project\.venv\Lib\site-packages\sklearn\utils\validation.py:2691: UserWarning: X does not have valid feature names, but LGBMRegressor was fitted with feature names
  warnings.warn(
C:\Users\NQTa\Documents\MLCourse\Final Project\.venv\Lib\site-packages\sklearn\utils\validation.py:2691: UserWarning: X does not have valid feature names, but LGBMRegressor was fitted with feature names
  warnings.warn(
C:\Users\NQTa\Documents\MLCourse\Final Project\.venv\Lib\site-packages\sklearn\utils\validation.py:2691: UserWarning: X does not have valid feature names, but LGBMRegressor was fitted with feature names
  warnings.warn(
C:\Users\NQTa\Documents\MLCourse\Final Project\.venv\Lib\site-packages\sklearn\utils\validation.py:2691: UserWarning: X does not have valid feature names, but LGBMRegressor was fitted with feature names
  warnings.warn(
C:\Users\NQTa\Documents\MLCourse\Final Project\.venv\Lib\site-packages\sklearn\utils\validation.py:2691: UserWarning: X does not have valid feature names, but LGBMRegressor was fitted with feature names
  warnings.warn(
C:\Users\NQTa\Documents\MLCourse\Final Project\.venv\Lib\site-packages\sklearn\utils\validation.py:2691: UserWarning: X does not have valid feature names, but LGBMRegressor was fitted with feature names
  warnings.warn(
C:\Users\NQTa\Documents\MLCourse\Final Project\.venv\Lib\site-packages\sklearn\utils\validation.py:2691: UserWarning: X does not have valid feature names, but LGBMRegressor was fitted with feature names
  warnings.warn(
C:\Users\NQTa\Documents\MLCourse\Final Project\.venv\Lib\site-packages\sklearn\utils\validation.py:2691: UserWarning: X does not have valid feature names, but LGBMRegressor was fitted with feature names
  warnings.warn(
C:\Users\NQTa\Documents\MLCourse\Final Project\.venv\Lib\site-packages\sklearn\utils\validation.py:2691: UserWarning: X does not have valid feature names, but LGBMRegressor was fitted with feature names
  warnings.warn(
C:\Users\NQTa\Documents\MLCourse\Final Project\.venv\Lib\site-packages\sklearn\utils\validation.py:2691: UserWarning: X does not have valid feature names, but LGBMRegressor was fitted with feature names
  warnings.warn(
C:\Users\NQTa\Documents\MLCourse\Final Project\.venv\Lib\site-packages\sklearn\utils\validation.py:2691: UserWarning: X does not have valid feature names, but LGBMRegressor was fitted with feature names
  warnings.warn(
C:\Users\NQTa\Documents\MLCourse\Final Project\.venv\Lib\site-packages\sklearn\utils\validation.py:2691: UserWarning: X does not have valid feature names, but LGBMRegressor was fitted with feature names
  warnings.warn(
C:\Users\NQTa\Documents\MLCourse\Final Project\.venv\Lib\site-packages\sklearn\utils\validation.py:2691: UserWarning: X does not have valid feature names, but LGBMRegressor was fitted with feature names
  warnings.warn(
C:\Users\NQTa\Documents\MLCourse\Final Project\.venv\Lib\site-packages\sklearn\utils\validation.py:2691: UserWarning: X does not have valid feature names, but LGBMRegressor was fitted with feature names
  warnings.warn(
C:\Users\NQTa\Documents\MLCourse\Final Project\.venv\Lib\site-packages\sklearn\utils\validation.py:2691: UserWarning: X does not have valid feature names, but LGBMRegressor was fitted with feature names
  warnings.warn(
C:\Users\NQTa\Documents\MLCourse\Final Project\.venv\Lib\site-packages\sklearn\utils\validation.py:2691: UserWarning: X does not have valid feature names, but LGBMRegressor was fitted with feature names
  warnings.warn(
C:\Users\NQTa\Documents\MLCourse\Final Project\.venv\Lib\site-packages\sklearn\utils\validation.py:2691: UserWarning: X does not have valid feature names, but LGBMRegressor was fitted with feature names
  warnings.warn(
C:\Users\NQTa\Documents\MLCourse\Final Project\.venv\Lib\site-packages\sklearn\utils\validation.py:2691: UserWarning: X does not have valid feature names, but LGBMRegressor was fitted with feature names
  warnings.warn(
C:\Users\NQTa\Documents\MLCourse\Final Project\.venv\Lib\site-packages\sklearn\utils\validation.py:2691: UserWarning: X does not have valid feature names, but LGBMRegressor was fitted with feature names
  warnings.warn(
C:\Users\NQTa\Documents\MLCourse\Final Project\.venv\Lib\site-packages\sklearn\utils\validation.py:2691: UserWarning: X does not have valid feature names, but LGBMRegressor was fitted with feature names
  warnings.warn(
C:\Users\NQTa\Documents\MLCourse\Final Project\.venv\Lib\site-packages\sklearn\utils\validation.py:2691: UserWarning: X does not have valid feature names, but LGBMRegressor was fitted with feature names
  warnings.warn(
C:\Users\NQTa\Documents\MLCourse\Final Project\.venv\Lib\site-packages\sklearn\utils\validation.py:2691: UserWarning: X does not have valid feature names, but LGBMRegressor was fitted with feature names
  warnings.warn(
C:\Users\NQTa\Documents\MLCourse\Final Project\.venv\Lib\site-packages\sklearn\utils\validation.py:2691: UserWarning: X does not have valid feature names, but LGBMRegressor was fitted with feature names
  warnings.warn(
C:\Users\NQTa\Documents\MLCourse\Final Project\.venv\Lib\site-packages\sklearn\utils\validation.py:2691: UserWarning: X does not have valid feature names, but LGBMRegressor was fitted with feature names
  warnings.warn(
C:\Users\NQTa\Documents\MLCourse\Final Project\.venv\Lib\site-packages\sklearn\utils\validation.py:2691: UserWarning: X does not have valid feature names, but LGBMRegressor was fitted with feature names
  warnings.warn(
C:\Users\NQTa\Documents\MLCourse\Final Project\.venv\Lib\site-packages\sklearn\utils\validation.py:2691: UserWarning: X does not have valid feature names, but LGBMRegressor was fitted with feature names
  warnings.warn(
C:\Users\NQTa\Documents\MLCourse\Final Project\.venv\Lib\site-packages\sklearn\utils\validation.py:2691: UserWarning: X does not have valid feature names, but LGBMRegressor was fitted with feature names
  warnings.warn(
C:\Users\NQTa\Documents\MLCourse\Final Project\.venv\Lib\site-packages\sklearn\utils\validation.py:2691: UserWarning: X does not have valid feature names, but LGBMRegressor was fitted with feature names
  warnings.warn(
C:\Users\NQTa\Documents\MLCourse\Final Project\.venv\Lib\site-packages\sklearn\utils\validation.py:2691: UserWarning: X does not have valid feature names, but LGBMRegressor was fitted with feature names
  warnings.warn(
C:\Users\NQTa\Documents\MLCourse\Final Project\.venv\Lib\site-packages\sklearn\utils\validation.py:2691: UserWarning: X does not have valid feature names, but LGBMRegressor was fitted with feature names
  warnings.warn(
C:\Users\NQTa\Documents\MLCourse\Final Project\.venv\Lib\site-packages\sklearn\utils\validation.py:2691: UserWarning: X does not have valid feature names, but LGBMRegressor was fitted with feature names
  warnings.warn(
C:\Users\NQTa\Documents\MLCourse\Final Project\.venv\Lib\site-packages\sklearn\utils\validation.py:2691: UserWarning: X does not have valid feature names, but LGBMRegressor was fitted with feature names
  warnings.warn(
C:\Users\NQTa\Documents\MLCourse\Final Project\.venv\Lib\site-packages\sklearn\utils\validation.py:2691: UserWarning: X does not have valid feature names, but LGBMRegressor was fitted with feature names
  warnings.warn(
C:\Users\NQTa\Documents\MLCourse\Final Project\.venv\Lib\site-packages\sklearn\utils\validation.py:2691: UserWarning: X does not have valid feature names, but LGBMRegressor was fitted with feature names
  warnings.warn(
C:\Users\NQTa\Documents\MLCourse\Final Project\.venv\Lib\site-packages\sklearn\utils\validation.py:2691: UserWarning: X does not have valid feature names, but LGBMRegressor was fitted with feature names
  warnings.warn(
C:\Users\NQTa\Documents\MLCourse\Final Project\.venv\Lib\site-packages\sklearn\utils\validation.py:2691: UserWarning: X does not have valid feature names, but LGBMRegressor was fitted with feature names
  warnings.warn(
C:\Users\NQTa\Documents\MLCourse\Final Project\.venv\Lib\site-packages\sklearn\utils\validation.py:2691: UserWarning: X does not have valid feature names, but LGBMRegressor was fitted with feature names
  warnings.warn(
C:\Users\NQTa\Documents\MLCourse\Final Project\.venv\Lib\site-packages\sklearn\utils\validation.py:2691: UserWarning: X does not have valid feature names, but LGBMRegressor was fitted with feature names
  warnings.warn(
C:\Users\NQTa\Documents\MLCourse\Final Project\.venv\Lib\site-packages\sklearn\utils\validation.py:2691: UserWarning: X does not have valid feature names, but LGBMRegressor was fitted with feature names
  warnings.warn(
C:\Users\NQTa\Documents\MLCourse\Final Project\.venv\Lib\site-packages\sklearn\utils\validation.py:2691: UserWarning: X does not have valid feature names, but LGBMRegressor was fitted with feature names
  warnings.warn(
C:\Users\NQTa\Documents\MLCourse\Final Project\.venv\Lib\site-packages\sklearn\utils\validation.py:2691: UserWarning: X does not have valid feature names, but LGBMRegressor was fitted with feature names
  warnings.warn(
C:\Users\NQTa\Documents\MLCourse\Final Project\.venv\Lib\site-packages\sklearn\utils\validation.py:2691: UserWarning: X does not have valid feature names, but LGBMRegressor was fitted with feature names
  warnings.warn(
C:\Users\NQTa\Documents\MLCourse\Final Project\.venv\Lib\site-packages\sklearn\utils\validation.py:2691: UserWarning: X does not have valid feature names, but LGBMRegressor was fitted with feature names
  warnings.warn(
C:\Users\NQTa\Documents\MLCourse\Final Project\.venv\Lib\site-packages\sklearn\utils\validation.py:2691: UserWarning: X does not have valid feature names, but LGBMRegressor was fitted with feature names
  warnings.warn(
C:\Users\NQTa\Documents\MLCourse\Final Project\.venv\Lib\site-packages\sklearn\utils\validation.py:2691: UserWarning: X does not have valid feature names, but LGBMRegressor was fitted with feature names
  warnings.warn(
C:\Users\NQTa\Documents\MLCourse\Final Project\.venv\Lib\site-packages\sklearn\utils\validation.py:2691: UserWarning: X does not have valid feature names, but LGBMRegressor was fitted with feature names
  warnings.warn(
C:\Users\NQTa\Documents\MLCourse\Final Project\.venv\Lib\site-packages\sklearn\utils\validation.py:2691: UserWarning: X does not have valid feature names, but LGBMRegressor was fitted with feature names
  warnings.warn(
C:\Users\NQTa\Documents\MLCourse\Final Project\.venv\Lib\site-packages\sklearn\utils\validation.py:2691: UserWarning: X does not have valid feature names, but LGBMRegressor was fitted with feature names
  warnings.warn(
C:\Users\NQTa\Documents\MLCourse\Final Project\.venv\Lib\site-packages\sklearn\utils\validation.py:2691: UserWarning: X does not have valid feature names, but LGBMRegressor was fitted with feature names
  warnings.warn(
C:\Users\NQTa\Documents\MLCourse\Final Project\.venv\Lib\site-packages\sklearn\utils\validation.py:2691: UserWarning: X does not have valid feature names, but LGBMRegressor was fitted with feature names
  warnings.warn(
C:\Users\NQTa\Documents\MLCourse\Final Project\.venv\Lib\site-packages\sklearn\utils\validation.py:2691: UserWarning: X does not have valid feature names, but LGBMRegressor was fitted with feature names
  warnings.warn(
C:\Users\NQTa\Documents\MLCourse\Final Project\.venv\Lib\site-packages\sklearn\utils\validation.py:2691: UserWarning: X does not have valid feature names, but LGBMRegressor was fitted with feature names
  warnings.warn(
C:\Users\NQTa\Documents\MLCourse\Final Project\.venv\Lib\site-packages\sklearn\utils\validation.py:2691: UserWarning: X does not have valid feature names, but LGBMRegressor was fitted with feature names
  warnings.warn(
C:\Users\NQTa\Documents\MLCourse\Final Project\.venv\Lib\site-packages\sklearn\utils\validation.py:2691: UserWarning: X does not have valid feature names, but LGBMRegressor was fitted with feature names
  warnings.warn(
C:\Users\NQTa\Documents\MLCourse\Final Project\.venv\Lib\site-packages\sklearn\utils\validation.py:2691: UserWarning: X does not have valid feature names, but LGBMRegressor was fitted with feature names
  warnings.warn(
C:\Users\NQTa\Documents\MLCourse\Final Project\.venv\Lib\site-packages\sklearn\utils\validation.py:2691: UserWarning: X does not have valid feature names, but LGBMRegressor was fitted with feature names
  warnings.warn(
C:\Users\NQTa\Documents\MLCourse\Final Project\.venv\Lib\site-packages\sklearn\utils\validation.py:2691: UserWarning: X does not have valid feature names, but LGBMRegressor was fitted with feature names
  warnings.warn(
C:\Users\NQTa\Documents\MLCourse\Final Project\.venv\Lib\site-packages\sklearn\utils\validation.py:2691: UserWarning: X does not have valid feature names, but LGBMRegressor was fitted with feature names
  warnings.warn(
C:\Users\NQTa\Documents\MLCourse\Final Project\.venv\Lib\site-packages\sklearn\utils\validation.py:2691: UserWarning: X does not have valid feature names, but LGBMRegressor was fitted with feature names
  warnings.warn(
C:\Users\NQTa\Documents\MLCourse\Final Project\.venv\Lib\site-packages\sklearn\utils\validation.py:2691: UserWarning: X does not have valid feature names, but LGBMRegressor was fitted with feature names
  warnings.warn(
C:\Users\NQTa\Documents\MLCourse\Final Project\.venv\Lib\site-packages\sklearn\utils\validation.py:2691: UserWarning: X does not have valid feature names, but LGBMRegressor was fitted with feature names
  warnings.warn(
C:\Users\NQTa\Documents\MLCourse\Final Project\.venv\Lib\site-packages\sklearn\utils\validation.py:2691: UserWarning: X does not have valid feature names, but LGBMRegressor was fitted with feature names
  warnings.warn(
C:\Users\NQTa\Documents\MLCourse\Final Project\.venv\Lib\site-packages\sklearn\utils\validation.py:2691: UserWarning: X does not have valid feature names, but LGBMRegressor was fitted with feature names
  warnings.warn(
C:\Users\NQTa\Documents\MLCourse\Final Project\.venv\Lib\site-packages\sklearn\utils\validation.py:2691: UserWarning: X does not have valid feature names, but LGBMRegressor was fitted with feature names
  warnings.warn(
C:\Users\NQTa\Documents\MLCourse\Final Project\.venv\Lib\site-packages\sklearn\utils\validation.py:2691: UserWarning: X does not have valid feature names, but LGBMRegressor was fitted with feature names
  warnings.warn(
C:\Users\NQTa\Documents\MLCourse\Final Project\.venv\Lib\site-packages\sklearn\utils\validation.py:2691: UserWarning: X does not have valid feature names, but LGBMRegressor was fitted with feature names
  warnings.warn(
C:\Users\NQTa\Documents\MLCourse\Final Project\.venv\Lib\site-packages\sklearn\utils\validation.py:2691: UserWarning: X does not have valid feature names, but LGBMRegressor was fitted with feature names
  warnings.warn(
C:\Users\NQTa\Documents\MLCourse\Final Project\.venv\Lib\site-packages\sklearn\utils\validation.py:2691: UserWarning: X does not have valid feature names, but LGBMRegressor was fitted with feature names
  warnings.warn(
C:\Users\NQTa\Documents\MLCourse\Final Project\.venv\Lib\site-packages\sklearn\utils\validation.py:2691: UserWarning: X does not have valid feature names, but LGBMRegressor was fitted with feature names
  warnings.warn(
C:\Users\NQTa\Documents\MLCourse\Final Project\.venv\Lib\site-packages\sklearn\utils\validation.py:2691: UserWarning: X does not have valid feature names, but LGBMRegressor was fitted with feature names
  warnings.warn(
C:\Users\NQTa\Documents\MLCourse\Final Project\.venv\Lib\site-packages\sklearn\utils\validation.py:2691: UserWarning: X does not have valid feature names, but LGBMRegressor was fitted with feature names
  warnings.warn(
C:\Users\NQTa\Documents\MLCourse\Final Project\.venv\Lib\site-packages\sklearn\utils\validation.py:2691: UserWarning: X does not have valid feature names, but LGBMRegressor was fitted with feature names
  warnings.warn(
C:\Users\NQTa\Documents\MLCourse\Final Project\.venv\Lib\site-packages\sklearn\utils\validation.py:2691: UserWarning: X does not have valid feature names, but LGBMRegressor was fitted with feature names
  warnings.warn(
C:\Users\NQTa\Documents\MLCourse\Final Project\.venv\Lib\site-packages\sklearn\utils\validation.py:2691: UserWarning: X does not have valid feature names, but LGBMRegressor was fitted with feature names
  warnings.warn(
C:\Users\NQTa\Documents\MLCourse\Final Project\.venv\Lib\site-packages\sklearn\utils\validation.py:2691: UserWarning: X does not have valid feature names, but LGBMRegressor was fitted with feature names
  warnings.warn(
C:\Users\NQTa\Documents\MLCourse\Final Project\.venv\Lib\site-packages\sklearn\utils\validation.py:2691: UserWarning: X does not have valid feature names, but LGBMRegressor was fitted with feature names
  warnings.warn(
C:\Users\NQTa\Documents\MLCourse\Final Project\.venv\Lib\site-packages\sklearn\utils\validation.py:2691: UserWarning: X does not have valid feature names, but LGBMRegressor was fitted with feature names
  warnings.warn(
C:\Users\NQTa\Documents\MLCourse\Final Project\.venv\Lib\site-packages\sklearn\utils\validation.py:2691: UserWarning: X does not have valid feature names, but LGBMRegressor was fitted with feature names
  warnings.warn(
C:\Users\NQTa\Documents\MLCourse\Final Project\.venv\Lib\site-packages\sklearn\utils\validation.py:2691: UserWarning: X does not have valid feature names, but LGBMRegressor was fitted with feature names
  warnings.warn(
C:\Users\NQTa\Documents\MLCourse\Final Project\.venv\Lib\site-packages\sklearn\utils\validation.py:2691: UserWarning: X does not have valid feature names, but LGBMRegressor was fitted with feature names
  warnings.warn(
C:\Users\NQTa\Documents\MLCourse\Final Project\.venv\Lib\site-packages\sklearn\utils\validation.py:2691: UserWarning: X does not have valid feature names, but LGBMRegressor was fitted with feature names
  warnings.warn(
C:\Users\NQTa\Documents\MLCourse\Final Project\.venv\Lib\site-packages\sklearn\utils\validation.py:2691: UserWarning: X does not have valid feature names, but LGBMRegressor was fitted with feature names
  warnings.warn(
C:\Users\NQTa\Documents\MLCourse\Final Project\.venv\Lib\site-packages\sklearn\utils\validation.py:2691: UserWarning: X does not have valid feature names, but LGBMRegressor was fitted with feature names
  warnings.warn(
C:\Users\NQTa\Documents\MLCourse\Final Project\.venv\Lib\site-packages\sklearn\utils\validation.py:2691: UserWarning: X does not have valid feature names, but LGBMRegressor was fitted with feature names
  warnings.warn(
C:\Users\NQTa\Documents\MLCourse\Final Project\.venv\Lib\site-packages\sklearn\utils\validation.py:2691: UserWarning: X does not have valid feature names, but LGBMRegressor was fitted with feature names
  warnings.warn(
C:\Users\NQTa\Documents\MLCourse\Final Project\.venv\Lib\site-packages\sklearn\utils\validation.py:2691: UserWarning: X does not have valid feature names, but LGBMRegressor was fitted with feature names
  warnings.warn(
C:\Users\NQTa\Documents\MLCourse\Final Project\.venv\Lib\site-packages\sklearn\utils\validation.py:2691: UserWarning: X does not have valid feature names, but LGBMRegressor was fitted with feature names
  warnings.warn(
C:\Users\NQTa\Documents\MLCourse\Final Project\.venv\Lib\site-packages\sklearn\utils\validation.py:2691: UserWarning: X does not have valid feature names, but LGBMRegressor was fitted with feature names
  warnings.warn(
C:\Users\NQTa\Documents\MLCourse\Final Project\.venv\Lib\site-packages\sklearn\utils\validation.py:2691: UserWarning: X does not have valid feature names, but LGBMRegressor was fitted with feature names
  warnings.warn(
C:\Users\NQTa\Documents\MLCourse\Final Project\.venv\Lib\site-packages\sklearn\utils\validation.py:2691: UserWarning: X does not have valid feature names, but LGBMRegressor was fitted with feature names
  warnings.warn(
C:\Users\NQTa\Documents\MLCourse\Final Project\.venv\Lib\site-packages\sklearn\utils\validation.py:2691: UserWarning: X does not have valid feature names, but LGBMRegressor was fitted with feature names
  warnings.warn(
C:\Users\NQTa\Documents\MLCourse\Final Project\.venv\Lib\site-packages\sklearn\utils\validation.py:2691: UserWarning: X does not have valid feature names, but LGBMRegressor was fitted with feature names
  warnings.warn(
C:\Users\NQTa\Documents\MLCourse\Final Project\.venv\Lib\site-packages\sklearn\utils\validation.py:2691: UserWarning: X does not have valid feature names, but LGBMRegressor was fitted with feature names
  warnings.warn(
C:\Users\NQTa\Documents\MLCourse\Final Project\.venv\Lib\site-packages\sklearn\utils\validation.py:2691: UserWarning: X does not have valid feature names, but LGBMRegressor was fitted with feature names
  warnings.warn(
C:\Users\NQTa\Documents\MLCourse\Final Project\.venv\Lib\site-packages\sklearn\utils\validation.py:2691: UserWarning: X does not have valid feature names, but LGBMRegressor was fitted with feature names
  warnings.warn(
C:\Users\NQTa\Documents\MLCourse\Final Project\.venv\Lib\site-packages\sklearn\utils\validation.py:2691: UserWarning: X does not have valid feature names, but LGBMRegressor was fitted with feature names
  warnings.warn(
C:\Users\NQTa\Documents\MLCourse\Final Project\.venv\Lib\site-packages\sklearn\utils\validation.py:2691: UserWarning: X does not have valid feature names, but LGBMRegressor was fitted with feature names
  warnings.warn(
C:\Users\NQTa\Documents\MLCourse\Final Project\.venv\Lib\site-packages\sklearn\utils\validation.py:2691: UserWarning: X does not have valid feature names, but LGBMRegressor was fitted with feature names
  warnings.warn(
C:\Users\NQTa\Documents\MLCourse\Final Project\.venv\Lib\site-packages\sklearn\utils\validation.py:2691: UserWarning: X does not have valid feature names, but LGBMRegressor was fitted with feature names
  warnings.warn(
C:\Users\NQTa\Documents\MLCourse\Final Project\.venv\Lib\site-packages\sklearn\utils\validation.py:2691: UserWarning: X does not have valid feature names, but LGBMRegressor was fitted with feature names
  warnings.warn(
C:\Users\NQTa\Documents\MLCourse\Final Project\.venv\Lib\site-packages\sklearn\utils\validation.py:2691: UserWarning: X does not have valid feature names, but LGBMRegressor was fitted with feature names
  warnings.warn(
C:\Users\NQTa\Documents\MLCourse\Final Project\.venv\Lib\site-packages\sklearn\utils\validation.py:2691: UserWarning: X does not have valid feature names, but LGBMRegressor was fitted with feature names
  warnings.warn(
C:\Users\NQTa\Documents\MLCourse\Final Project\.venv\Lib\site-packages\sklearn\utils\validation.py:2691: UserWarning: X does not have valid feature names, but LGBMRegressor was fitted with feature names
  warnings.warn(
C:\Users\NQTa\Documents\MLCourse\Final Project\.venv\Lib\site-packages\sklearn\utils\validation.py:2691: UserWarning: X does not have valid feature names, but LGBMRegressor was fitted with feature names
  warnings.warn(
C:\Users\NQTa\Documents\MLCourse\Final Project\.venv\Lib\site-packages\sklearn\utils\validation.py:2691: UserWarning: X does not have valid feature names, but LGBMRegressor was fitted with feature names
  warnings.warn(
C:\Users\NQTa\Documents\MLCourse\Final Project\.venv\Lib\site-packages\sklearn\utils\validation.py:2691: UserWarning: X does not have valid feature names, but LGBMRegressor was fitted with feature names
  warnings.warn(
C:\Users\NQTa\Documents\MLCourse\Final Project\.venv\Lib\site-packages\sklearn\utils\validation.py:2691: UserWarning: X does not have valid feature names, but LGBMRegressor was fitted with feature names
  warnings.warn(
C:\Users\NQTa\Documents\MLCourse\Final Project\.venv\Lib\site-packages\sklearn\utils\validation.py:2691: UserWarning: X does not have valid feature names, but LGBMRegressor was fitted with feature names
  warnings.warn(
C:\Users\NQTa\Documents\MLCourse\Final Project\.venv\Lib\site-packages\sklearn\utils\validation.py:2691: UserWarning: X does not have valid feature names, but LGBMRegressor was fitted with feature names
  warnings.warn(
C:\Users\NQTa\Documents\MLCourse\Final Project\.venv\Lib\site-packages\sklearn\utils\validation.py:2691: UserWarning: X does not have valid feature names, but LGBMRegressor was fitted with feature names
  warnings.warn(
C:\Users\NQTa\Documents\MLCourse\Final Project\.venv\Lib\site-packages\sklearn\utils\validation.py:2691: UserWarning: X does not have valid feature names, but LGBMRegressor was fitted with feature names
  warnings.warn(
C:\Users\NQTa\Documents\MLCourse\Final Project\.venv\Lib\site-packages\sklearn\utils\validation.py:2691: UserWarning: X does not have valid feature names, but LGBMRegressor was fitted with feature names
  warnings.warn(
C:\Users\NQTa\Documents\MLCourse\Final Project\.venv\Lib\site-packages\sklearn\utils\validation.py:2691: UserWarning: X does not have valid feature names, but LGBMRegressor was fitted with feature names
  warnings.warn(
C:\Users\NQTa\Documents\MLCourse\Final Project\.venv\Lib\site-packages\sklearn\utils\validation.py:2691: UserWarning: X does not have valid feature names, but LGBMRegressor was fitted with feature names
  warnings.warn(
C:\Users\NQTa\Documents\MLCourse\Final Project\.venv\Lib\site-packages\sklearn\utils\validation.py:2691: UserWarning: X does not have valid feature names, but LGBMRegressor was fitted with feature names
  warnings.warn(
C:\Users\NQTa\Documents\MLCourse\Final Project\.venv\Lib\site-packages\sklearn\utils\validation.py:2691: UserWarning: X does not have valid feature names, but LGBMRegressor was fitted with feature names
  warnings.warn(
C:\Users\NQTa\Documents\MLCourse\Final Project\.venv\Lib\site-packages\sklearn\utils\validation.py:2691: UserWarning: X does not have valid feature names, but LGBMRegressor was fitted with feature names
  warnings.warn(
C:\Users\NQTa\Documents\MLCourse\Final Project\.venv\Lib\site-packages\sklearn\utils\validation.py:2691: UserWarning: X does not have valid feature names, but LGBMRegressor was fitted with feature names
  warnings.warn(
C:\Users\NQTa\Documents\MLCourse\Final Project\.venv\Lib\site-packages\sklearn\utils\validation.py:2691: UserWarning: X does not have valid feature names, but LGBMRegressor was fitted with feature names
  warnings.warn(
C:\Users\NQTa\Documents\MLCourse\Final Project\.venv\Lib\site-packages\sklearn\utils\validation.py:2691: UserWarning: X does not have valid feature names, but LGBMRegressor was fitted with feature names
  warnings.warn(
C:\Users\NQTa\Documents\MLCourse\Final Project\.venv\Lib\site-packages\sklearn\utils\validation.py:2691: UserWarning: X does not have valid feature names, but LGBMRegressor was fitted with feature names
  warnings.warn(
C:\Users\NQTa\Documents\MLCourse\Final Project\.venv\Lib\site-packages\sklearn\utils\validation.py:2691: UserWarning: X does not have valid feature names, but LGBMRegressor was fitted with feature names
  warnings.warn(
C:\Users\NQTa\Documents\MLCourse\Final Project\.venv\Lib\site-packages\sklearn\utils\validation.py:2691: UserWarning: X does not have valid feature names, but LGBMRegressor was fitted with feature names
  warnings.warn(
C:\Users\NQTa\Documents\MLCourse\Final Project\.venv\Lib\site-packages\sklearn\utils\validation.py:2691: UserWarning: X does not have valid feature names, but LGBMRegressor was fitted with feature names
  warnings.warn(
C:\Users\NQTa\Documents\MLCourse\Final Project\.venv\Lib\site-packages\sklearn\utils\validation.py:2691: UserWarning: X does not have valid feature names, but LGBMRegressor was fitted with feature names
  warnings.warn(
C:\Users\NQTa\Documents\MLCourse\Final Project\.venv\Lib\site-packages\sklearn\utils\validation.py:2691: UserWarning: X does not have valid feature names, but LGBMRegressor was fitted with feature names
  warnings.warn(
C:\Users\NQTa\Documents\MLCourse\Final Project\.venv\Lib\site-packages\sklearn\utils\validation.py:2691: UserWarning: X does not have valid feature names, but LGBMRegressor was fitted with feature names
  warnings.warn(
C:\Users\NQTa\Documents\MLCourse\Final Project\.venv\Lib\site-packages\sklearn\utils\validation.py:2691: UserWarning: X does not have valid feature names, but LGBMRegressor was fitted with feature names
  warnings.warn(
C:\Users\NQTa\Documents\MLCourse\Final Project\.venv\Lib\site-packages\sklearn\utils\validation.py:2691: UserWarning: X does not have valid feature names, but LGBMRegressor was fitted with feature names
  warnings.warn(
C:\Users\NQTa\Documents\MLCourse\Final Project\.venv\Lib\site-packages\sklearn\utils\validation.py:2691: UserWarning: X does not have valid feature names, but LGBMRegressor was fitted with feature names
  warnings.warn(
C:\Users\NQTa\Documents\MLCourse\Final Project\.venv\Lib\site-packages\sklearn\utils\validation.py:2691: UserWarning: X does not have valid feature names, but LGBMRegressor was fitted with feature names
  warnings.warn(
C:\Users\NQTa\Documents\MLCourse\Final Project\.venv\Lib\site-packages\sklearn\utils\validation.py:2691: UserWarning: X does not have valid feature names, but LGBMRegressor was fitted with feature names
  warnings.warn(
C:\Users\NQTa\Documents\MLCourse\Final Project\.venv\Lib\site-packages\sklearn\utils\validation.py:2691: UserWarning: X does not have valid feature names, but LGBMRegressor was fitted with feature names
  warnings.warn(
C:\Users\NQTa\Documents\MLCourse\Final Project\.venv\Lib\site-packages\sklearn\utils\validation.py:2691: UserWarning: X does not have valid feature names, but LGBMRegressor was fitted with feature names
  warnings.warn(
C:\Users\NQTa\Documents\MLCourse\Final Project\.venv\Lib\site-packages\sklearn\utils\validation.py:2691: UserWarning: X does not have valid feature names, but LGBMRegressor was fitted with feature names
  warnings.warn(
[2026-04-17 17:43:26] DONE  LightGBM__T_C__universal__universal_raw  best_rmse=117.0637  elapsed=151.9s
[2026-04-17 17:43:26] [12/16]
[2026-04-17 17:43:26] START LightGBM__P_kbar__universal__universal_raw (n_trials=50)
[2026-04-17 17:43:26]   data shape X=(2224, 45) y=(2224,) n_groups=189
C:\Users\NQTa\Documents\MLCourse\Final Project\src\optuna_search.py:226: ExperimentalWarning: Argument ``multivariate`` is an experimental feature. The interface can change in the future.
  sampler = optuna.samplers.TPESampler(multivariate=True, seed=seed)
C:\Users\NQTa\Documents\MLCourse\Final Project\.venv\Lib\site-packages\sklearn\utils\validation.py:2691: UserWarning: X does not have valid feature names, but LGBMRegressor was fitted with feature names
  warnings.warn(
C:\Users\NQTa\Documents\MLCourse\Final Project\.venv\Lib\site-packages\sklearn\utils\validation.py:2691: UserWarning: X does not have valid feature names, but LGBMRegressor was fitted with feature names
  warnings.warn(
C:\Users\NQTa\Documents\MLCourse\Final Project\.venv\Lib\site-packages\sklearn\utils\validation.py:2691: UserWarning: X does not have valid feature names, but LGBMRegressor was fitted with feature names
  warnings.warn(
C:\Users\NQTa\Documents\MLCourse\Final Project\.venv\Lib\site-packages\sklearn\utils\validation.py:2691: UserWarning: X does not have valid feature names, but LGBMRegressor was fitted with feature names
  warnings.warn(
C:\Users\NQTa\Documents\MLCourse\Final Project\.venv\Lib\site-packages\sklearn\utils\validation.py:2691: UserWarning: X does not have valid feature names, but LGBMRegressor was fitted with feature names
  warnings.warn(
C:\Users\NQTa\Documents\MLCourse\Final Project\.venv\Lib\site-packages\sklearn\utils\validation.py:2691: UserWarning: X does not have valid feature names, but LGBMRegressor was fitted with feature names
  warnings.warn(
C:\Users\NQTa\Documents\MLCourse\Final Project\.venv\Lib\site-packages\sklearn\utils\validation.py:2691: UserWarning: X does not have valid feature names, but LGBMRegressor was fitted with feature names
  warnings.warn(
C:\Users\NQTa\Documents\MLCourse\Final Project\.venv\Lib\site-packages\sklearn\utils\validation.py:2691: UserWarning: X does not have valid feature names, but LGBMRegressor was fitted with feature names
  warnings.warn(
C:\Users\NQTa\Documents\MLCourse\Final Project\.venv\Lib\site-packages\sklearn\utils\validation.py:2691: UserWarning: X does not have valid feature names, but LGBMRegressor was fitted with feature names
  warnings.warn(
C:\Users\NQTa\Documents\MLCourse\Final Project\.venv\Lib\site-packages\sklearn\utils\validation.py:2691: UserWarning: X does not have valid feature names, but LGBMRegressor was fitted with feature names
  warnings.warn(
C:\Users\NQTa\Documents\MLCourse\Final Project\.venv\Lib\site-packages\sklearn\utils\validation.py:2691: UserWarning: X does not have valid feature names, but LGBMRegressor was fitted with feature names
  warnings.warn(
C:\Users\NQTa\Documents\MLCourse\Final Project\.venv\Lib\site-packages\sklearn\utils\validation.py:2691: UserWarning: X does not have valid feature names, but LGBMRegressor was fitted with feature names
  warnings.warn(
C:\Users\NQTa\Documents\MLCourse\Final Project\.venv\Lib\site-packages\sklearn\utils\validation.py:2691: UserWarning: X does not have valid feature names, but LGBMRegressor was fitted with feature names
  warnings.warn(
C:\Users\NQTa\Documents\MLCourse\Final Project\.venv\Lib\site-packages\sklearn\utils\validation.py:2691: UserWarning: X does not have valid feature names, but LGBMRegressor was fitted with feature names
  warnings.warn(
C:\Users\NQTa\Documents\MLCourse\Final Project\.venv\Lib\site-packages\sklearn\utils\validation.py:2691: UserWarning: X does not have valid feature names, but LGBMRegressor was fitted with feature names
  warnings.warn(
C:\Users\NQTa\Documents\MLCourse\Final Project\.venv\Lib\site-packages\sklearn\utils\validation.py:2691: UserWarning: X does not have valid feature names, but LGBMRegressor was fitted with feature names
  warnings.warn(
C:\Users\NQTa\Documents\MLCourse\Final Project\.venv\Lib\site-packages\sklearn\utils\validation.py:2691: UserWarning: X does not have valid feature names, but LGBMRegressor was fitted with feature names
  warnings.warn(
C:\Users\NQTa\Documents\MLCourse\Final Project\.venv\Lib\site-packages\sklearn\utils\validation.py:2691: UserWarning: X does not have valid feature names, but LGBMRegressor was fitted with feature names
  warnings.warn(
C:\Users\NQTa\Documents\MLCourse\Final Project\.venv\Lib\site-packages\sklearn\utils\validation.py:2691: UserWarning: X does not have valid feature names, but LGBMRegressor was fitted with feature names
  warnings.warn(
C:\Users\NQTa\Documents\MLCourse\Final Project\.venv\Lib\site-packages\sklearn\utils\validation.py:2691: UserWarning: X does not have valid feature names, but LGBMRegressor was fitted with feature names
  warnings.warn(
C:\Users\NQTa\Documents\MLCourse\Final Project\.venv\Lib\site-packages\sklearn\utils\validation.py:2691: UserWarning: X does not have valid feature names, but LGBMRegressor was fitted with feature names
  warnings.warn(
C:\Users\NQTa\Documents\MLCourse\Final Project\.venv\Lib\site-packages\sklearn\utils\validation.py:2691: UserWarning: X does not have valid feature names, but LGBMRegressor was fitted with feature names
  warnings.warn(
C:\Users\NQTa\Documents\MLCourse\Final Project\.venv\Lib\site-packages\sklearn\utils\validation.py:2691: UserWarning: X does not have valid feature names, but LGBMRegressor was fitted with feature names
  warnings.warn(
C:\Users\NQTa\Documents\MLCourse\Final Project\.venv\Lib\site-packages\sklearn\utils\validation.py:2691: UserWarning: X does not have valid feature names, but LGBMRegressor was fitted with feature names
  warnings.warn(
C:\Users\NQTa\Documents\MLCourse\Final Project\.venv\Lib\site-packages\sklearn\utils\validation.py:2691: UserWarning: X does not have valid feature names, but LGBMRegressor was fitted with feature names
  warnings.warn(
C:\Users\NQTa\Documents\MLCourse\Final Project\.venv\Lib\site-packages\sklearn\utils\validation.py:2691: UserWarning: X does not have valid feature names, but LGBMRegressor was fitted with feature names
  warnings.warn(
C:\Users\NQTa\Documents\MLCourse\Final Project\.venv\Lib\site-packages\sklearn\utils\validation.py:2691: UserWarning: X does not have valid feature names, but LGBMRegressor was fitted with feature names
  warnings.warn(
C:\Users\NQTa\Documents\MLCourse\Final Project\.venv\Lib\site-packages\sklearn\utils\validation.py:2691: UserWarning: X does not have valid feature names, but LGBMRegressor was fitted with feature names
  warnings.warn(
C:\Users\NQTa\Documents\MLCourse\Final Project\.venv\Lib\site-packages\sklearn\utils\validation.py:2691: UserWarning: X does not have valid feature names, but LGBMRegressor was fitted with feature names
  warnings.warn(
C:\Users\NQTa\Documents\MLCourse\Final Project\.venv\Lib\site-packages\sklearn\utils\validation.py:2691: UserWarning: X does not have valid feature names, but LGBMRegressor was fitted with feature names
  warnings.warn(
C:\Users\NQTa\Documents\MLCourse\Final Project\.venv\Lib\site-packages\sklearn\utils\validation.py:2691: UserWarning: X does not have valid feature names, but LGBMRegressor was fitted with feature names
  warnings.warn(
C:\Users\NQTa\Documents\MLCourse\Final Project\.venv\Lib\site-packages\sklearn\utils\validation.py:2691: UserWarning: X does not have valid feature names, but LGBMRegressor was fitted with feature names
  warnings.warn(
C:\Users\NQTa\Documents\MLCourse\Final Project\.venv\Lib\site-packages\sklearn\utils\validation.py:2691: UserWarning: X does not have valid feature names, but LGBMRegressor was fitted with feature names
  warnings.warn(
C:\Users\NQTa\Documents\MLCourse\Final Project\.venv\Lib\site-packages\sklearn\utils\validation.py:2691: UserWarning: X does not have valid feature names, but LGBMRegressor was fitted with feature names
  warnings.warn(
C:\Users\NQTa\Documents\MLCourse\Final Project\.venv\Lib\site-packages\sklearn\utils\validation.py:2691: UserWarning: X does not have valid feature names, but LGBMRegressor was fitted with feature names
  warnings.warn(
C:\Users\NQTa\Documents\MLCourse\Final Project\.venv\Lib\site-packages\sklearn\utils\validation.py:2691: UserWarning: X does not have valid feature names, but LGBMRegressor was fitted with feature names
  warnings.warn(
C:\Users\NQTa\Documents\MLCourse\Final Project\.venv\Lib\site-packages\sklearn\utils\validation.py:2691: UserWarning: X does not have valid feature names, but LGBMRegressor was fitted with feature names
  warnings.warn(
C:\Users\NQTa\Documents\MLCourse\Final Project\.venv\Lib\site-packages\sklearn\utils\validation.py:2691: UserWarning: X does not have valid feature names, but LGBMRegressor was fitted with feature names
  warnings.warn(
C:\Users\NQTa\Documents\MLCourse\Final Project\.venv\Lib\site-packages\sklearn\utils\validation.py:2691: UserWarning: X does not have valid feature names, but LGBMRegressor was fitted with feature names
  warnings.warn(
C:\Users\NQTa\Documents\MLCourse\Final Project\.venv\Lib\site-packages\sklearn\utils\validation.py:2691: UserWarning: X does not have valid feature names, but LGBMRegressor was fitted with feature names
  warnings.warn(
C:\Users\NQTa\Documents\MLCourse\Final Project\.venv\Lib\site-packages\sklearn\utils\validation.py:2691: UserWarning: X does not have valid feature names, but LGBMRegressor was fitted with feature names
  warnings.warn(
C:\Users\NQTa\Documents\MLCourse\Final Project\.venv\Lib\site-packages\sklearn\utils\validation.py:2691: UserWarning: X does not have valid feature names, but LGBMRegressor was fitted with feature names
  warnings.warn(
C:\Users\NQTa\Documents\MLCourse\Final Project\.venv\Lib\site-packages\sklearn\utils\validation.py:2691: UserWarning: X does not have valid feature names, but LGBMRegressor was fitted with feature names
  warnings.warn(
C:\Users\NQTa\Documents\MLCourse\Final Project\.venv\Lib\site-packages\sklearn\utils\validation.py:2691: UserWarning: X does not have valid feature names, but LGBMRegressor was fitted with feature names
  warnings.warn(
C:\Users\NQTa\Documents\MLCourse\Final Project\.venv\Lib\site-packages\sklearn\utils\validation.py:2691: UserWarning: X does not have valid feature names, but LGBMRegressor was fitted with feature names
  warnings.warn(
C:\Users\NQTa\Documents\MLCourse\Final Project\.venv\Lib\site-packages\sklearn\utils\validation.py:2691: UserWarning: X does not have valid feature names, but LGBMRegressor was fitted with feature names
  warnings.warn(
C:\Users\NQTa\Documents\MLCourse\Final Project\.venv\Lib\site-packages\sklearn\utils\validation.py:2691: UserWarning: X does not have valid feature names, but LGBMRegressor was fitted with feature names
  warnings.warn(
C:\Users\NQTa\Documents\MLCourse\Final Project\.venv\Lib\site-packages\sklearn\utils\validation.py:2691: UserWarning: X does not have valid feature names, but LGBMRegressor was fitted with feature names
  warnings.warn(
C:\Users\NQTa\Documents\MLCourse\Final Project\.venv\Lib\site-packages\sklearn\utils\validation.py:2691: UserWarning: X does not have valid feature names, but LGBMRegressor was fitted with feature names
  warnings.warn(
C:\Users\NQTa\Documents\MLCourse\Final Project\.venv\Lib\site-packages\sklearn\utils\validation.py:2691: UserWarning: X does not have valid feature names, but LGBMRegressor was fitted with feature names
  warnings.warn(
C:\Users\NQTa\Documents\MLCourse\Final Project\.venv\Lib\site-packages\sklearn\utils\validation.py:2691: UserWarning: X does not have valid feature names, but LGBMRegressor was fitted with feature names
  warnings.warn(
C:\Users\NQTa\Documents\MLCourse\Final Project\.venv\Lib\site-packages\sklearn\utils\validation.py:2691: UserWarning: X does not have valid feature names, but LGBMRegressor was fitted with feature names
  warnings.warn(
C:\Users\NQTa\Documents\MLCourse\Final Project\.venv\Lib\site-packages\sklearn\utils\validation.py:2691: UserWarning: X does not have valid feature names, but LGBMRegressor was fitted with feature names
  warnings.warn(
C:\Users\NQTa\Documents\MLCourse\Final Project\.venv\Lib\site-packages\sklearn\utils\validation.py:2691: UserWarning: X does not have valid feature names, but LGBMRegressor was fitted with feature names
  warnings.warn(
C:\Users\NQTa\Documents\MLCourse\Final Project\.venv\Lib\site-packages\sklearn\utils\validation.py:2691: UserWarning: X does not have valid feature names, but LGBMRegressor was fitted with feature names
  warnings.warn(
C:\Users\NQTa\Documents\MLCourse\Final Project\.venv\Lib\site-packages\sklearn\utils\validation.py:2691: UserWarning: X does not have valid feature names, but LGBMRegressor was fitted with feature names
  warnings.warn(
C:\Users\NQTa\Documents\MLCourse\Final Project\.venv\Lib\site-packages\sklearn\utils\validation.py:2691: UserWarning: X does not have valid feature names, but LGBMRegressor was fitted with feature names
  warnings.warn(
C:\Users\NQTa\Documents\MLCourse\Final Project\.venv\Lib\site-packages\sklearn\utils\validation.py:2691: UserWarning: X does not have valid feature names, but LGBMRegressor was fitted with feature names
  warnings.warn(
C:\Users\NQTa\Documents\MLCourse\Final Project\.venv\Lib\site-packages\sklearn\utils\validation.py:2691: UserWarning: X does not have valid feature names, but LGBMRegressor was fitted with feature names
  warnings.warn(
C:\Users\NQTa\Documents\MLCourse\Final Project\.venv\Lib\site-packages\sklearn\utils\validation.py:2691: UserWarning: X does not have valid feature names, but LGBMRegressor was fitted with feature names
  warnings.warn(
C:\Users\NQTa\Documents\MLCourse\Final Project\.venv\Lib\site-packages\sklearn\utils\validation.py:2691: UserWarning: X does not have valid feature names, but LGBMRegressor was fitted with feature names
  warnings.warn(
C:\Users\NQTa\Documents\MLCourse\Final Project\.venv\Lib\site-packages\sklearn\utils\validation.py:2691: UserWarning: X does not have valid feature names, but LGBMRegressor was fitted with feature names
  warnings.warn(
C:\Users\NQTa\Documents\MLCourse\Final Project\.venv\Lib\site-packages\sklearn\utils\validation.py:2691: UserWarning: X does not have valid feature names, but LGBMRegressor was fitted with feature names
  warnings.warn(
C:\Users\NQTa\Documents\MLCourse\Final Project\.venv\Lib\site-packages\sklearn\utils\validation.py:2691: UserWarning: X does not have valid feature names, but LGBMRegressor was fitted with feature names
  warnings.warn(
C:\Users\NQTa\Documents\MLCourse\Final Project\.venv\Lib\site-packages\sklearn\utils\validation.py:2691: UserWarning: X does not have valid feature names, but LGBMRegressor was fitted with feature names
  warnings.warn(
C:\Users\NQTa\Documents\MLCourse\Final Project\.venv\Lib\site-packages\sklearn\utils\validation.py:2691: UserWarning: X does not have valid feature names, but LGBMRegressor was fitted with feature names
  warnings.warn(
C:\Users\NQTa\Documents\MLCourse\Final Project\.venv\Lib\site-packages\sklearn\utils\validation.py:2691: UserWarning: X does not have valid feature names, but LGBMRegressor was fitted with feature names
  warnings.warn(
C:\Users\NQTa\Documents\MLCourse\Final Project\.venv\Lib\site-packages\sklearn\utils\validation.py:2691: UserWarning: X does not have valid feature names, but LGBMRegressor was fitted with feature names
  warnings.warn(
C:\Users\NQTa\Documents\MLCourse\Final Project\.venv\Lib\site-packages\sklearn\utils\validation.py:2691: UserWarning: X does not have valid feature names, but LGBMRegressor was fitted with feature names
  warnings.warn(
C:\Users\NQTa\Documents\MLCourse\Final Project\.venv\Lib\site-packages\sklearn\utils\validation.py:2691: UserWarning: X does not have valid feature names, but LGBMRegressor was fitted with feature names
  warnings.warn(
C:\Users\NQTa\Documents\MLCourse\Final Project\.venv\Lib\site-packages\sklearn\utils\validation.py:2691: UserWarning: X does not have valid feature names, but LGBMRegressor was fitted with feature names
  warnings.warn(
C:\Users\NQTa\Documents\MLCourse\Final Project\.venv\Lib\site-packages\sklearn\utils\validation.py:2691: UserWarning: X does not have valid feature names, but LGBMRegressor was fitted with feature names
  warnings.warn(
C:\Users\NQTa\Documents\MLCourse\Final Project\.venv\Lib\site-packages\sklearn\utils\validation.py:2691: UserWarning: X does not have valid feature names, but LGBMRegressor was fitted with feature names
  warnings.warn(
C:\Users\NQTa\Documents\MLCourse\Final Project\.venv\Lib\site-packages\sklearn\utils\validation.py:2691: UserWarning: X does not have valid feature names, but LGBMRegressor was fitted with feature names
  warnings.warn(
C:\Users\NQTa\Documents\MLCourse\Final Project\.venv\Lib\site-packages\sklearn\utils\validation.py:2691: UserWarning: X does not have valid feature names, but LGBMRegressor was fitted with feature names
  warnings.warn(
C:\Users\NQTa\Documents\MLCourse\Final Project\.venv\Lib\site-packages\sklearn\utils\validation.py:2691: UserWarning: X does not have valid feature names, but LGBMRegressor was fitted with feature names
  warnings.warn(
C:\Users\NQTa\Documents\MLCourse\Final Project\.venv\Lib\site-packages\sklearn\utils\validation.py:2691: UserWarning: X does not have valid feature names, but LGBMRegressor was fitted with feature names
  warnings.warn(
C:\Users\NQTa\Documents\MLCourse\Final Project\.venv\Lib\site-packages\sklearn\utils\validation.py:2691: UserWarning: X does not have valid feature names, but LGBMRegressor was fitted with feature names
  warnings.warn(
C:\Users\NQTa\Documents\MLCourse\Final Project\.venv\Lib\site-packages\sklearn\utils\validation.py:2691: UserWarning: X does not have valid feature names, but LGBMRegressor was fitted with feature names
  warnings.warn(
C:\Users\NQTa\Documents\MLCourse\Final Project\.venv\Lib\site-packages\sklearn\utils\validation.py:2691: UserWarning: X does not have valid feature names, but LGBMRegressor was fitted with feature names
  warnings.warn(
C:\Users\NQTa\Documents\MLCourse\Final Project\.venv\Lib\site-packages\sklearn\utils\validation.py:2691: UserWarning: X does not have valid feature names, but LGBMRegressor was fitted with feature names
  warnings.warn(
C:\Users\NQTa\Documents\MLCourse\Final Project\.venv\Lib\site-packages\sklearn\utils\validation.py:2691: UserWarning: X does not have valid feature names, but LGBMRegressor was fitted with feature names
  warnings.warn(
C:\Users\NQTa\Documents\MLCourse\Final Project\.venv\Lib\site-packages\sklearn\utils\validation.py:2691: UserWarning: X does not have valid feature names, but LGBMRegressor was fitted with feature names
  warnings.warn(
C:\Users\NQTa\Documents\MLCourse\Final Project\.venv\Lib\site-packages\sklearn\utils\validation.py:2691: UserWarning: X does not have valid feature names, but LGBMRegressor was fitted with feature names
  warnings.warn(
C:\Users\NQTa\Documents\MLCourse\Final Project\.venv\Lib\site-packages\sklearn\utils\validation.py:2691: UserWarning: X does not have valid feature names, but LGBMRegressor was fitted with feature names
  warnings.warn(
C:\Users\NQTa\Documents\MLCourse\Final Project\.venv\Lib\site-packages\sklearn\utils\validation.py:2691: UserWarning: X does not have valid feature names, but LGBMRegressor was fitted with feature names
  warnings.warn(
C:\Users\NQTa\Documents\MLCourse\Final Project\.venv\Lib\site-packages\sklearn\utils\validation.py:2691: UserWarning: X does not have valid feature names, but LGBMRegressor was fitted with feature names
  warnings.warn(
C:\Users\NQTa\Documents\MLCourse\Final Project\.venv\Lib\site-packages\sklearn\utils\validation.py:2691: UserWarning: X does not have valid feature names, but LGBMRegressor was fitted with feature names
  warnings.warn(
C:\Users\NQTa\Documents\MLCourse\Final Project\.venv\Lib\site-packages\sklearn\utils\validation.py:2691: UserWarning: X does not have valid feature names, but LGBMRegressor was fitted with feature names
  warnings.warn(
C:\Users\NQTa\Documents\MLCourse\Final Project\.venv\Lib\site-packages\sklearn\utils\validation.py:2691: UserWarning: X does not have valid feature names, but LGBMRegressor was fitted with feature names
  warnings.warn(
C:\Users\NQTa\Documents\MLCourse\Final Project\.venv\Lib\site-packages\sklearn\utils\validation.py:2691: UserWarning: X does not have valid feature names, but LGBMRegressor was fitted with feature names
  warnings.warn(
C:\Users\NQTa\Documents\MLCourse\Final Project\.venv\Lib\site-packages\sklearn\utils\validation.py:2691: UserWarning: X does not have valid feature names, but LGBMRegressor was fitted with feature names
  warnings.warn(
C:\Users\NQTa\Documents\MLCourse\Final Project\.venv\Lib\site-packages\sklearn\utils\validation.py:2691: UserWarning: X does not have valid feature names, but LGBMRegressor was fitted with feature names
  warnings.warn(
C:\Users\NQTa\Documents\MLCourse\Final Project\.venv\Lib\site-packages\sklearn\utils\validation.py:2691: UserWarning: X does not have valid feature names, but LGBMRegressor was fitted with feature names
  warnings.warn(
C:\Users\NQTa\Documents\MLCourse\Final Project\.venv\Lib\site-packages\sklearn\utils\validation.py:2691: UserWarning: X does not have valid feature names, but LGBMRegressor was fitted with feature names
  warnings.warn(
C:\Users\NQTa\Documents\MLCourse\Final Project\.venv\Lib\site-packages\sklearn\utils\validation.py:2691: UserWarning: X does not have valid feature names, but LGBMRegressor was fitted with feature names
  warnings.warn(
C:\Users\NQTa\Documents\MLCourse\Final Project\.venv\Lib\site-packages\sklearn\utils\validation.py:2691: UserWarning: X does not have valid feature names, but LGBMRegressor was fitted with feature names
  warnings.warn(
C:\Users\NQTa\Documents\MLCourse\Final Project\.venv\Lib\site-packages\sklearn\utils\validation.py:2691: UserWarning: X does not have valid feature names, but LGBMRegressor was fitted with feature names
  warnings.warn(
C:\Users\NQTa\Documents\MLCourse\Final Project\.venv\Lib\site-packages\sklearn\utils\validation.py:2691: UserWarning: X does not have valid feature names, but LGBMRegressor was fitted with feature names
  warnings.warn(
C:\Users\NQTa\Documents\MLCourse\Final Project\.venv\Lib\site-packages\sklearn\utils\validation.py:2691: UserWarning: X does not have valid feature names, but LGBMRegressor was fitted with feature names
  warnings.warn(
C:\Users\NQTa\Documents\MLCourse\Final Project\.venv\Lib\site-packages\sklearn\utils\validation.py:2691: UserWarning: X does not have valid feature names, but LGBMRegressor was fitted with feature names
  warnings.warn(
C:\Users\NQTa\Documents\MLCourse\Final Project\.venv\Lib\site-packages\sklearn\utils\validation.py:2691: UserWarning: X does not have valid feature names, but LGBMRegressor was fitted with feature names
  warnings.warn(
C:\Users\NQTa\Documents\MLCourse\Final Project\.venv\Lib\site-packages\sklearn\utils\validation.py:2691: UserWarning: X does not have valid feature names, but LGBMRegressor was fitted with feature names
  warnings.warn(
C:\Users\NQTa\Documents\MLCourse\Final Project\.venv\Lib\site-packages\sklearn\utils\validation.py:2691: UserWarning: X does not have valid feature names, but LGBMRegressor was fitted with feature names
  warnings.warn(
C:\Users\NQTa\Documents\MLCourse\Final Project\.venv\Lib\site-packages\sklearn\utils\validation.py:2691: UserWarning: X does not have valid feature names, but LGBMRegressor was fitted with feature names
  warnings.warn(
C:\Users\NQTa\Documents\MLCourse\Final Project\.venv\Lib\site-packages\sklearn\utils\validation.py:2691: UserWarning: X does not have valid feature names, but LGBMRegressor was fitted with feature names
  warnings.warn(
C:\Users\NQTa\Documents\MLCourse\Final Project\.venv\Lib\site-packages\sklearn\utils\validation.py:2691: UserWarning: X does not have valid feature names, but LGBMRegressor was fitted with feature names
  warnings.warn(
C:\Users\NQTa\Documents\MLCourse\Final Project\.venv\Lib\site-packages\sklearn\utils\validation.py:2691: UserWarning: X does not have valid feature names, but LGBMRegressor was fitted with feature names
  warnings.warn(
C:\Users\NQTa\Documents\MLCourse\Final Project\.venv\Lib\site-packages\sklearn\utils\validation.py:2691: UserWarning: X does not have valid feature names, but LGBMRegressor was fitted with feature names
  warnings.warn(
C:\Users\NQTa\Documents\MLCourse\Final Project\.venv\Lib\site-packages\sklearn\utils\validation.py:2691: UserWarning: X does not have valid feature names, but LGBMRegressor was fitted with feature names
  warnings.warn(
C:\Users\NQTa\Documents\MLCourse\Final Project\.venv\Lib\site-packages\sklearn\utils\validation.py:2691: UserWarning: X does not have valid feature names, but LGBMRegressor was fitted with feature names
  warnings.warn(
C:\Users\NQTa\Documents\MLCourse\Final Project\.venv\Lib\site-packages\sklearn\utils\validation.py:2691: UserWarning: X does not have valid feature names, but LGBMRegressor was fitted with feature names
  warnings.warn(
C:\Users\NQTa\Documents\MLCourse\Final Project\.venv\Lib\site-packages\sklearn\utils\validation.py:2691: UserWarning: X does not have valid feature names, but LGBMRegressor was fitted with feature names
  warnings.warn(
C:\Users\NQTa\Documents\MLCourse\Final Project\.venv\Lib\site-packages\sklearn\utils\validation.py:2691: UserWarning: X does not have valid feature names, but LGBMRegressor was fitted with feature names
  warnings.warn(
C:\Users\NQTa\Documents\MLCourse\Final Project\.venv\Lib\site-packages\sklearn\utils\validation.py:2691: UserWarning: X does not have valid feature names, but LGBMRegressor was fitted with feature names
  warnings.warn(
C:\Users\NQTa\Documents\MLCourse\Final Project\.venv\Lib\site-packages\sklearn\utils\validation.py:2691: UserWarning: X does not have valid feature names, but LGBMRegressor was fitted with feature names
  warnings.warn(
C:\Users\NQTa\Documents\MLCourse\Final Project\.venv\Lib\site-packages\sklearn\utils\validation.py:2691: UserWarning: X does not have valid feature names, but LGBMRegressor was fitted with feature names
  warnings.warn(
C:\Users\NQTa\Documents\MLCourse\Final Project\.venv\Lib\site-packages\sklearn\utils\validation.py:2691: UserWarning: X does not have valid feature names, but LGBMRegressor was fitted with feature names
  warnings.warn(
C:\Users\NQTa\Documents\MLCourse\Final Project\.venv\Lib\site-packages\sklearn\utils\validation.py:2691: UserWarning: X does not have valid feature names, but LGBMRegressor was fitted with feature names
  warnings.warn(
C:\Users\NQTa\Documents\MLCourse\Final Project\.venv\Lib\site-packages\sklearn\utils\validation.py:2691: UserWarning: X does not have valid feature names, but LGBMRegressor was fitted with feature names
  warnings.warn(
C:\Users\NQTa\Documents\MLCourse\Final Project\.venv\Lib\site-packages\sklearn\utils\validation.py:2691: UserWarning: X does not have valid feature names, but LGBMRegressor was fitted with feature names
  warnings.warn(
C:\Users\NQTa\Documents\MLCourse\Final Project\.venv\Lib\site-packages\sklearn\utils\validation.py:2691: UserWarning: X does not have valid feature names, but LGBMRegressor was fitted with feature names
  warnings.warn(
C:\Users\NQTa\Documents\MLCourse\Final Project\.venv\Lib\site-packages\sklearn\utils\validation.py:2691: UserWarning: X does not have valid feature names, but LGBMRegressor was fitted with feature names
  warnings.warn(
C:\Users\NQTa\Documents\MLCourse\Final Project\.venv\Lib\site-packages\sklearn\utils\validation.py:2691: UserWarning: X does not have valid feature names, but LGBMRegressor was fitted with feature names
  warnings.warn(
C:\Users\NQTa\Documents\MLCourse\Final Project\.venv\Lib\site-packages\sklearn\utils\validation.py:2691: UserWarning: X does not have valid feature names, but LGBMRegressor was fitted with feature names
  warnings.warn(
C:\Users\NQTa\Documents\MLCourse\Final Project\.venv\Lib\site-packages\sklearn\utils\validation.py:2691: UserWarning: X does not have valid feature names, but LGBMRegressor was fitted with feature names
  warnings.warn(
C:\Users\NQTa\Documents\MLCourse\Final Project\.venv\Lib\site-packages\sklearn\utils\validation.py:2691: UserWarning: X does not have valid feature names, but LGBMRegressor was fitted with feature names
  warnings.warn(
C:\Users\NQTa\Documents\MLCourse\Final Project\.venv\Lib\site-packages\sklearn\utils\validation.py:2691: UserWarning: X does not have valid feature names, but LGBMRegressor was fitted with feature names
  warnings.warn(
C:\Users\NQTa\Documents\MLCourse\Final Project\.venv\Lib\site-packages\sklearn\utils\validation.py:2691: UserWarning: X does not have valid feature names, but LGBMRegressor was fitted with feature names
  warnings.warn(
C:\Users\NQTa\Documents\MLCourse\Final Project\.venv\Lib\site-packages\sklearn\utils\validation.py:2691: UserWarning: X does not have valid feature names, but LGBMRegressor was fitted with feature names
  warnings.warn(
C:\Users\NQTa\Documents\MLCourse\Final Project\.venv\Lib\site-packages\sklearn\utils\validation.py:2691: UserWarning: X does not have valid feature names, but LGBMRegressor was fitted with feature names
  warnings.warn(
C:\Users\NQTa\Documents\MLCourse\Final Project\.venv\Lib\site-packages\sklearn\utils\validation.py:2691: UserWarning: X does not have valid feature names, but LGBMRegressor was fitted with feature names
  warnings.warn(
C:\Users\NQTa\Documents\MLCourse\Final Project\.venv\Lib\site-packages\sklearn\utils\validation.py:2691: UserWarning: X does not have valid feature names, but LGBMRegressor was fitted with feature names
  warnings.warn(
C:\Users\NQTa\Documents\MLCourse\Final Project\.venv\Lib\site-packages\sklearn\utils\validation.py:2691: UserWarning: X does not have valid feature names, but LGBMRegressor was fitted with feature names
  warnings.warn(
C:\Users\NQTa\Documents\MLCourse\Final Project\.venv\Lib\site-packages\sklearn\utils\validation.py:2691: UserWarning: X does not have valid feature names, but LGBMRegressor was fitted with feature names
  warnings.warn(
C:\Users\NQTa\Documents\MLCourse\Final Project\.venv\Lib\site-packages\sklearn\utils\validation.py:2691: UserWarning: X does not have valid feature names, but LGBMRegressor was fitted with feature names
  warnings.warn(
C:\Users\NQTa\Documents\MLCourse\Final Project\.venv\Lib\site-packages\sklearn\utils\validation.py:2691: UserWarning: X does not have valid feature names, but LGBMRegressor was fitted with feature names
  warnings.warn(
C:\Users\NQTa\Documents\MLCourse\Final Project\.venv\Lib\site-packages\sklearn\utils\validation.py:2691: UserWarning: X does not have valid feature names, but LGBMRegressor was fitted with feature names
  warnings.warn(
C:\Users\NQTa\Documents\MLCourse\Final Project\.venv\Lib\site-packages\sklearn\utils\validation.py:2691: UserWarning: X does not have valid feature names, but LGBMRegressor was fitted with feature names
  warnings.warn(
C:\Users\NQTa\Documents\MLCourse\Final Project\.venv\Lib\site-packages\sklearn\utils\validation.py:2691: UserWarning: X does not have valid feature names, but LGBMRegressor was fitted with feature names
  warnings.warn(
C:\Users\NQTa\Documents\MLCourse\Final Project\.venv\Lib\site-packages\sklearn\utils\validation.py:2691: UserWarning: X does not have valid feature names, but LGBMRegressor was fitted with feature names
  warnings.warn(
C:\Users\NQTa\Documents\MLCourse\Final Project\.venv\Lib\site-packages\sklearn\utils\validation.py:2691: UserWarning: X does not have valid feature names, but LGBMRegressor was fitted with feature names
  warnings.warn(
C:\Users\NQTa\Documents\MLCourse\Final Project\.venv\Lib\site-packages\sklearn\utils\validation.py:2691: UserWarning: X does not have valid feature names, but LGBMRegressor was fitted with feature names
  warnings.warn(
C:\Users\NQTa\Documents\MLCourse\Final Project\.venv\Lib\site-packages\sklearn\utils\validation.py:2691: UserWarning: X does not have valid feature names, but LGBMRegressor was fitted with feature names
  warnings.warn(
C:\Users\NQTa\Documents\MLCourse\Final Project\.venv\Lib\site-packages\sklearn\utils\validation.py:2691: UserWarning: X does not have valid feature names, but LGBMRegressor was fitted with feature names
  warnings.warn(
C:\Users\NQTa\Documents\MLCourse\Final Project\.venv\Lib\site-packages\sklearn\utils\validation.py:2691: UserWarning: X does not have valid feature names, but LGBMRegressor was fitted with feature names
  warnings.warn(
C:\Users\NQTa\Documents\MLCourse\Final Project\.venv\Lib\site-packages\sklearn\utils\validation.py:2691: UserWarning: X does not have valid feature names, but LGBMRegressor was fitted with feature names
  warnings.warn(
C:\Users\NQTa\Documents\MLCourse\Final Project\.venv\Lib\site-packages\sklearn\utils\validation.py:2691: UserWarning: X does not have valid feature names, but LGBMRegressor was fitted with feature names
  warnings.warn(
C:\Users\NQTa\Documents\MLCourse\Final Project\.venv\Lib\site-packages\sklearn\utils\validation.py:2691: UserWarning: X does not have valid feature names, but LGBMRegressor was fitted with feature names
  warnings.warn(
C:\Users\NQTa\Documents\MLCourse\Final Project\.venv\Lib\site-packages\sklearn\utils\validation.py:2691: UserWarning: X does not have valid feature names, but LGBMRegressor was fitted with feature names
  warnings.warn(
[2026-04-17 17:44:36] DONE  LightGBM__P_kbar__universal__universal_raw  best_rmse=12.6952  elapsed=70.6s
[2026-04-17 17:44:36] [13/16]
[2026-04-17 17:44:36] START ElasticNet__T_C__universal__universal_raw (n_trials=50)
[2026-04-17 17:44:36]   data shape X=(2224, 45) y=(2224,) n_groups=189
C:\Users\NQTa\Documents\MLCourse\Final Project\src\optuna_search.py:226: ExperimentalWarning: Argument ``multivariate`` is an experimental feature. The interface can change in the future.
  sampler = optuna.samplers.TPESampler(multivariate=True, seed=seed)
C:\Users\NQTa\Documents\MLCourse\Final Project\.venv\Lib\site-packages\sklearn\linear_model\_coordinate_descent.py:716: ConvergenceWarning: Objective did not converge. You might want to increase the number of iterations, check the scale of the features or consider increasing regularisation. Duality gap: 2.791e+06, tolerance: 5.613e+03
  model = cd_fast.enet_coordinate_descent(
C:\Users\NQTa\Documents\MLCourse\Final Project\.venv\Lib\site-packages\sklearn\linear_model\_coordinate_descent.py:716: ConvergenceWarning: Objective did not converge. You might want to increase the number of iterations, check the scale of the features or consider increasing regularisation. Duality gap: 4.643e+06, tolerance: 6.432e+03
  model = cd_fast.enet_coordinate_descent(
C:\Users\NQTa\Documents\MLCourse\Final Project\.venv\Lib\site-packages\sklearn\linear_model\_coordinate_descent.py:716: ConvergenceWarning: Objective did not converge. You might want to increase the number of iterations, check the scale of the features or consider increasing regularisation. Duality gap: 2.993e+06, tolerance: 4.912e+03
  model = cd_fast.enet_coordinate_descent(
C:\Users\NQTa\Documents\MLCourse\Final Project\.venv\Lib\site-packages\sklearn\linear_model\_coordinate_descent.py:716: ConvergenceWarning: Objective did not converge. You might want to increase the number of iterations, check the scale of the features or consider increasing regularisation. Duality gap: 9.041e+06, tolerance: 5.613e+03
  model = cd_fast.enet_coordinate_descent(
C:\Users\NQTa\Documents\MLCourse\Final Project\.venv\Lib\site-packages\sklearn\linear_model\_coordinate_descent.py:716: ConvergenceWarning: Objective did not converge. You might want to increase the number of iterations, check the scale of the features or consider increasing regularisation. Duality gap: 9.512e+06, tolerance: 6.432e+03
  model = cd_fast.enet_coordinate_descent(
C:\Users\NQTa\Documents\MLCourse\Final Project\.venv\Lib\site-packages\sklearn\linear_model\_coordinate_descent.py:716: ConvergenceWarning: Objective did not converge. You might want to increase the number of iterations, check the scale of the features or consider increasing regularisation. Duality gap: 8.306e+06, tolerance: 4.912e+03
  model = cd_fast.enet_coordinate_descent(
C:\Users\NQTa\Documents\MLCourse\Final Project\.venv\Lib\site-packages\sklearn\linear_model\_coordinate_descent.py:716: ConvergenceWarning: Objective did not converge. You might want to increase the number of iterations, check the scale of the features or consider increasing regularisation. Duality gap: 9.032e+06, tolerance: 5.613e+03
  model = cd_fast.enet_coordinate_descent(
C:\Users\NQTa\Documents\MLCourse\Final Project\.venv\Lib\site-packages\sklearn\linear_model\_coordinate_descent.py:716: ConvergenceWarning: Objective did not converge. You might want to increase the number of iterations, check the scale of the features or consider increasing regularisation. Duality gap: 9.369e+06, tolerance: 6.432e+03
  model = cd_fast.enet_coordinate_descent(
C:\Users\NQTa\Documents\MLCourse\Final Project\.venv\Lib\site-packages\sklearn\linear_model\_coordinate_descent.py:716: ConvergenceWarning: Objective did not converge. You might want to increase the number of iterations, check the scale of the features or consider increasing regularisation. Duality gap: 8.021e+06, tolerance: 4.912e+03
  model = cd_fast.enet_coordinate_descent(
C:\Users\NQTa\Documents\MLCourse\Final Project\.venv\Lib\site-packages\sklearn\linear_model\_coordinate_descent.py:716: ConvergenceWarning: Objective did not converge. You might want to increase the number of iterations, check the scale of the features or consider increasing regularisation. Duality gap: 9.037e+06, tolerance: 5.613e+03
  model = cd_fast.enet_coordinate_descent(
C:\Users\NQTa\Documents\MLCourse\Final Project\.venv\Lib\site-packages\sklearn\linear_model\_coordinate_descent.py:716: ConvergenceWarning: Objective did not converge. You might want to increase the number of iterations, check the scale of the features or consider increasing regularisation. Duality gap: 9.383e+06, tolerance: 6.432e+03
  model = cd_fast.enet_coordinate_descent(
C:\Users\NQTa\Documents\MLCourse\Final Project\.venv\Lib\site-packages\sklearn\linear_model\_coordinate_descent.py:716: ConvergenceWarning: Objective did not converge. You might want to increase the number of iterations, check the scale of the features or consider increasing regularisation. Duality gap: 8.046e+06, tolerance: 4.912e+03
  model = cd_fast.enet_coordinate_descent(
C:\Users\NQTa\Documents\MLCourse\Final Project\.venv\Lib\site-packages\sklearn\linear_model\_coordinate_descent.py:716: ConvergenceWarning: Objective did not converge. You might want to increase the number of iterations, check the scale of the features or consider increasing regularisation. Duality gap: 8.905e+06, tolerance: 5.613e+03
  model = cd_fast.enet_coordinate_descent(
C:\Users\NQTa\Documents\MLCourse\Final Project\.venv\Lib\site-packages\sklearn\linear_model\_coordinate_descent.py:716: ConvergenceWarning: Objective did not converge. You might want to increase the number of iterations, check the scale of the features or consider increasing regularisation. Duality gap: 9.455e+06, tolerance: 6.432e+03
  model = cd_fast.enet_coordinate_descent(
C:\Users\NQTa\Documents\MLCourse\Final Project\.venv\Lib\site-packages\sklearn\linear_model\_coordinate_descent.py:716: ConvergenceWarning: Objective did not converge. You might want to increase the number of iterations, check the scale of the features or consider increasing regularisation. Duality gap: 8.174e+06, tolerance: 4.912e+03
  model = cd_fast.enet_coordinate_descent(
C:\Users\NQTa\Documents\MLCourse\Final Project\.venv\Lib\site-packages\sklearn\linear_model\_coordinate_descent.py:716: ConvergenceWarning: Objective did not converge. You might want to increase the number of iterations, check the scale of the features or consider increasing regularisation. Duality gap: 4.860e+05, tolerance: 5.613e+03
  model = cd_fast.enet_coordinate_descent(
C:\Users\NQTa\Documents\MLCourse\Final Project\.venv\Lib\site-packages\sklearn\linear_model\_coordinate_descent.py:716: ConvergenceWarning: Objective did not converge. You might want to increase the number of iterations, check the scale of the features or consider increasing regularisation. Duality gap: 1.858e+06, tolerance: 6.432e+03
  model = cd_fast.enet_coordinate_descent(
C:\Users\NQTa\Documents\MLCourse\Final Project\.venv\Lib\site-packages\sklearn\linear_model\_coordinate_descent.py:716: ConvergenceWarning: Objective did not converge. You might want to increase the number of iterations, check the scale of the features or consider increasing regularisation. Duality gap: 2.871e+06, tolerance: 4.912e+03
  model = cd_fast.enet_coordinate_descent(
C:\Users\NQTa\Documents\MLCourse\Final Project\.venv\Lib\site-packages\sklearn\linear_model\_coordinate_descent.py:716: ConvergenceWarning: Objective did not converge. You might want to increase the number of iterations, check the scale of the features or consider increasing regularisation. Duality gap: 9.015e+06, tolerance: 5.613e+03
  model = cd_fast.enet_coordinate_descent(
C:\Users\NQTa\Documents\MLCourse\Final Project\.venv\Lib\site-packages\sklearn\linear_model\_coordinate_descent.py:716: ConvergenceWarning: Objective did not converge. You might want to increase the number of iterations, check the scale of the features or consider increasing regularisation. Duality gap: 9.372e+06, tolerance: 6.432e+03
  model = cd_fast.enet_coordinate_descent(
C:\Users\NQTa\Documents\MLCourse\Final Project\.venv\Lib\site-packages\sklearn\linear_model\_coordinate_descent.py:716: ConvergenceWarning: Objective did not converge. You might want to increase the number of iterations, check the scale of the features or consider increasing regularisation. Duality gap: 8.129e+06, tolerance: 4.912e+03
  model = cd_fast.enet_coordinate_descent(
C:\Users\NQTa\Documents\MLCourse\Final Project\.venv\Lib\site-packages\sklearn\linear_model\_coordinate_descent.py:716: ConvergenceWarning: Objective did not converge. You might want to increase the number of iterations, check the scale of the features or consider increasing regularisation. Duality gap: 2.848e+05, tolerance: 5.613e+03
  model = cd_fast.enet_coordinate_descent(
C:\Users\NQTa\Documents\MLCourse\Final Project\.venv\Lib\site-packages\sklearn\linear_model\_coordinate_descent.py:716: ConvergenceWarning: Objective did not converge. You might want to increase the number of iterations, check the scale of the features or consider increasing regularisation. Duality gap: 1.269e+05, tolerance: 6.432e+03
  model = cd_fast.enet_coordinate_descent(
C:\Users\NQTa\Documents\MLCourse\Final Project\.venv\Lib\site-packages\sklearn\linear_model\_coordinate_descent.py:716: ConvergenceWarning: Objective did not converge. You might want to increase the number of iterations, check the scale of the features or consider increasing regularisation. Duality gap: 5.750e+05, tolerance: 4.912e+03
  model = cd_fast.enet_coordinate_descent(
C:\Users\NQTa\Documents\MLCourse\Final Project\.venv\Lib\site-packages\sklearn\linear_model\_coordinate_descent.py:716: ConvergenceWarning: Objective did not converge. You might want to increase the number of iterations, check the scale of the features or consider increasing regularisation. Duality gap: 5.450e+04, tolerance: 5.613e+03
  model = cd_fast.enet_coordinate_descent(
C:\Users\NQTa\Documents\MLCourse\Final Project\.venv\Lib\site-packages\sklearn\linear_model\_coordinate_descent.py:716: ConvergenceWarning: Objective did not converge. You might want to increase the number of iterations, check the scale of the features or consider increasing regularisation. Duality gap: 9.066e+05, tolerance: 6.432e+03
  model = cd_fast.enet_coordinate_descent(
C:\Users\NQTa\Documents\MLCourse\Final Project\.venv\Lib\site-packages\sklearn\linear_model\_coordinate_descent.py:716: ConvergenceWarning: Objective did not converge. You might want to increase the number of iterations, check the scale of the features or consider increasing regularisation. Duality gap: 1.286e+06, tolerance: 4.912e+03
  model = cd_fast.enet_coordinate_descent(
[2026-04-17 17:44:47] DONE  ElasticNet__T_C__universal__universal_raw  best_rmse=137.9350  elapsed=10.9s
[2026-04-17 17:44:47] [14/16]
[2026-04-17 17:44:47] START ElasticNet__P_kbar__universal__universal_raw (n_trials=50)
[2026-04-17 17:44:47]   data shape X=(2224, 45) y=(2224,) n_groups=189
C:\Users\NQTa\Documents\MLCourse\Final Project\src\optuna_search.py:226: ExperimentalWarning: Argument ``multivariate`` is an experimental feature. The interface can change in the future.
  sampler = optuna.samplers.TPESampler(multivariate=True, seed=seed)
C:\Users\NQTa\Documents\MLCourse\Final Project\.venv\Lib\site-packages\sklearn\linear_model\_coordinate_descent.py:716: ConvergenceWarning: Objective did not converge. You might want to increase the number of iterations, check the scale of the features or consider increasing regularisation. Duality gap: 8.082e+04, tolerance: 7.902e+01
  model = cd_fast.enet_coordinate_descent(
C:\Users\NQTa\Documents\MLCourse\Final Project\.venv\Lib\site-packages\sklearn\linear_model\_coordinate_descent.py:716: ConvergenceWarning: Objective did not converge. You might want to increase the number of iterations, check the scale of the features or consider increasing regularisation. Duality gap: 8.033e+04, tolerance: 6.807e+01
  model = cd_fast.enet_coordinate_descent(
C:\Users\NQTa\Documents\MLCourse\Final Project\.venv\Lib\site-packages\sklearn\linear_model\_coordinate_descent.py:716: ConvergenceWarning: Objective did not converge. You might want to increase the number of iterations, check the scale of the features or consider increasing regularisation. Duality gap: 6.684e+04, tolerance: 3.102e+01
  model = cd_fast.enet_coordinate_descent(
C:\Users\NQTa\Documents\MLCourse\Final Project\.venv\Lib\site-packages\sklearn\linear_model\_coordinate_descent.py:716: ConvergenceWarning: Objective did not converge. You might want to increase the number of iterations, check the scale of the features or consider increasing regularisation. Duality gap: 7.946e+04, tolerance: 7.902e+01
  model = cd_fast.enet_coordinate_descent(
C:\Users\NQTa\Documents\MLCourse\Final Project\.venv\Lib\site-packages\sklearn\linear_model\_coordinate_descent.py:716: ConvergenceWarning: Objective did not converge. You might want to increase the number of iterations, check the scale of the features or consider increasing regularisation. Duality gap: 7.736e+04, tolerance: 6.807e+01
  model = cd_fast.enet_coordinate_descent(
C:\Users\NQTa\Documents\MLCourse\Final Project\.venv\Lib\site-packages\sklearn\linear_model\_coordinate_descent.py:716: ConvergenceWarning: Objective did not converge. You might want to increase the number of iterations, check the scale of the features or consider increasing regularisation. Duality gap: 6.925e+04, tolerance: 3.102e+01
  model = cd_fast.enet_coordinate_descent(
C:\Users\NQTa\Documents\MLCourse\Final Project\.venv\Lib\site-packages\sklearn\linear_model\_coordinate_descent.py:716: ConvergenceWarning: Objective did not converge. You might want to increase the number of iterations, check the scale of the features or consider increasing regularisation. Duality gap: 8.951e+04, tolerance: 7.902e+01
  model = cd_fast.enet_coordinate_descent(
C:\Users\NQTa\Documents\MLCourse\Final Project\.venv\Lib\site-packages\sklearn\linear_model\_coordinate_descent.py:716: ConvergenceWarning: Objective did not converge. You might want to increase the number of iterations, check the scale of the features or consider increasing regularisation. Duality gap: 8.018e+04, tolerance: 6.807e+01
  model = cd_fast.enet_coordinate_descent(
C:\Users\NQTa\Documents\MLCourse\Final Project\.venv\Lib\site-packages\sklearn\linear_model\_coordinate_descent.py:716: ConvergenceWarning: Objective did not converge. You might want to increase the number of iterations, check the scale of the features or consider increasing regularisation. Duality gap: 7.346e+04, tolerance: 3.102e+01
  model = cd_fast.enet_coordinate_descent(
C:\Users\NQTa\Documents\MLCourse\Final Project\.venv\Lib\site-packages\sklearn\linear_model\_coordinate_descent.py:716: ConvergenceWarning: Objective did not converge. You might want to increase the number of iterations, check the scale of the features or consider increasing regularisation. Duality gap: 4.497e+04, tolerance: 7.902e+01
  model = cd_fast.enet_coordinate_descent(
C:\Users\NQTa\Documents\MLCourse\Final Project\.venv\Lib\site-packages\sklearn\linear_model\_coordinate_descent.py:716: ConvergenceWarning: Objective did not converge. You might want to increase the number of iterations, check the scale of the features or consider increasing regularisation. Duality gap: 7.691e+04, tolerance: 6.807e+01
  model = cd_fast.enet_coordinate_descent(
C:\Users\NQTa\Documents\MLCourse\Final Project\.venv\Lib\site-packages\sklearn\linear_model\_coordinate_descent.py:716: ConvergenceWarning: Objective did not converge. You might want to increase the number of iterations, check the scale of the features or consider increasing regularisation. Duality gap: 4.351e+04, tolerance: 3.102e+01
  model = cd_fast.enet_coordinate_descent(
C:\Users\NQTa\Documents\MLCourse\Final Project\.venv\Lib\site-packages\sklearn\linear_model\_coordinate_descent.py:716: ConvergenceWarning: Objective did not converge. You might want to increase the number of iterations, check the scale of the features or consider increasing regularisation. Duality gap: 8.645e+01, tolerance: 6.807e+01
  model = cd_fast.enet_coordinate_descent(
C:\Users\NQTa\Documents\MLCourse\Final Project\.venv\Lib\site-packages\sklearn\linear_model\_coordinate_descent.py:716: ConvergenceWarning: Objective did not converge. You might want to increase the number of iterations, check the scale of the features or consider increasing regularisation. Duality gap: 9.111e+04, tolerance: 7.902e+01
  model = cd_fast.enet_coordinate_descent(
C:\Users\NQTa\Documents\MLCourse\Final Project\.venv\Lib\site-packages\sklearn\linear_model\_coordinate_descent.py:716: ConvergenceWarning: Objective did not converge. You might want to increase the number of iterations, check the scale of the features or consider increasing regularisation. Duality gap: 8.315e+04, tolerance: 6.807e+01
  model = cd_fast.enet_coordinate_descent(
C:\Users\NQTa\Documents\MLCourse\Final Project\.venv\Lib\site-packages\sklearn\linear_model\_coordinate_descent.py:716: ConvergenceWarning: Objective did not converge. You might want to increase the number of iterations, check the scale of the features or consider increasing regularisation. Duality gap: 7.403e+04, tolerance: 3.102e+01
  model = cd_fast.enet_coordinate_descent(
C:\Users\NQTa\Documents\MLCourse\Final Project\.venv\Lib\site-packages\sklearn\linear_model\_coordinate_descent.py:716: ConvergenceWarning: Objective did not converge. You might want to increase the number of iterations, check the scale of the features or consider increasing regularisation. Duality gap: 1.161e+04, tolerance: 7.902e+01
  model = cd_fast.enet_coordinate_descent(
C:\Users\NQTa\Documents\MLCourse\Final Project\.venv\Lib\site-packages\sklearn\linear_model\_coordinate_descent.py:716: ConvergenceWarning: Objective did not converge. You might want to increase the number of iterations, check the scale of the features or consider increasing regularisation. Duality gap: 3.602e+04, tolerance: 6.807e+01
  model = cd_fast.enet_coordinate_descent(
C:\Users\NQTa\Documents\MLCourse\Final Project\.venv\Lib\site-packages\sklearn\linear_model\_coordinate_descent.py:716: ConvergenceWarning: Objective did not converge. You might want to increase the number of iterations, check the scale of the features or consider increasing regularisation. Duality gap: 6.286e+03, tolerance: 3.102e+01
  model = cd_fast.enet_coordinate_descent(
[2026-04-17 17:44:57] DONE  ElasticNet__P_kbar__universal__universal_raw  best_rmse=14.7013  elapsed=9.7s
[2026-04-17 17:44:57] [15/16]
[2026-04-17 17:44:57] START MLP__T_C__universal__universal_raw (n_trials=50)
[2026-04-17 17:44:57]   data shape X=(2224, 45) y=(2224,) n_groups=189
C:\Users\NQTa\Documents\MLCourse\Final Project\src\optuna_search.py:226: ExperimentalWarning: Argument ``multivariate`` is an experimental feature. The interface can change in the future.
  sampler = optuna.samplers.TPESampler(multivariate=True, seed=seed)
C:\Users\NQTa\Documents\MLCourse\Final Project\.venv\Lib\site-packages\sklearn\neural_network\_multilayer_perceptron.py:785: ConvergenceWarning: Stochastic Optimizer: Maximum iterations (500) reached and the optimization hasn't converged yet.
  warnings.warn(
C:\Users\NQTa\Documents\MLCourse\Final Project\.venv\Lib\site-packages\sklearn\neural_network\_multilayer_perceptron.py:785: ConvergenceWarning: Stochastic Optimizer: Maximum iterations (500) reached and the optimization hasn't converged yet.
  warnings.warn(
C:\Users\NQTa\Documents\MLCourse\Final Project\.venv\Lib\site-packages\sklearn\neural_network\_multilayer_perceptron.py:785: ConvergenceWarning: Stochastic Optimizer: Maximum iterations (500) reached and the optimization hasn't converged yet.
  warnings.warn(
C:\Users\NQTa\Documents\MLCourse\Final Project\.venv\Lib\site-packages\sklearn\neural_network\_multilayer_perceptron.py:785: ConvergenceWarning: Stochastic Optimizer: Maximum iterations (500) reached and the optimization hasn't converged yet.
  warnings.warn(
C:\Users\NQTa\Documents\MLCourse\Final Project\.venv\Lib\site-packages\sklearn\neural_network\_multilayer_perceptron.py:785: ConvergenceWarning: Stochastic Optimizer: Maximum iterations (500) reached and the optimization hasn't converged yet.
  warnings.warn(
C:\Users\NQTa\Documents\MLCourse\Final Project\.venv\Lib\site-packages\sklearn\neural_network\_multilayer_perceptron.py:785: ConvergenceWarning: Stochastic Optimizer: Maximum iterations (500) reached and the optimization hasn't converged yet.
  warnings.warn(
C:\Users\NQTa\Documents\MLCourse\Final Project\.venv\Lib\site-packages\sklearn\neural_network\_multilayer_perceptron.py:785: ConvergenceWarning: Stochastic Optimizer: Maximum iterations (500) reached and the optimization hasn't converged yet.
  warnings.warn(
C:\Users\NQTa\Documents\MLCourse\Final Project\.venv\Lib\site-packages\sklearn\neural_network\_multilayer_perceptron.py:785: ConvergenceWarning: Stochastic Optimizer: Maximum iterations (500) reached and the optimization hasn't converged yet.
  warnings.warn(
C:\Users\NQTa\Documents\MLCourse\Final Project\.venv\Lib\site-packages\sklearn\neural_network\_multilayer_perceptron.py:785: ConvergenceWarning: Stochastic Optimizer: Maximum iterations (500) reached and the optimization hasn't converged yet.
  warnings.warn(
C:\Users\NQTa\Documents\MLCourse\Final Project\.venv\Lib\site-packages\sklearn\neural_network\_multilayer_perceptron.py:785: ConvergenceWarning: Stochastic Optimizer: Maximum iterations (500) reached and the optimization hasn't converged yet.
  warnings.warn(
C:\Users\NQTa\Documents\MLCourse\Final Project\.venv\Lib\site-packages\sklearn\neural_network\_multilayer_perceptron.py:785: ConvergenceWarning: Stochastic Optimizer: Maximum iterations (500) reached and the optimization hasn't converged yet.
  warnings.warn(
C:\Users\NQTa\Documents\MLCourse\Final Project\.venv\Lib\site-packages\sklearn\neural_network\_multilayer_perceptron.py:785: ConvergenceWarning: Stochastic Optimizer: Maximum iterations (500) reached and the optimization hasn't converged yet.
  warnings.warn(
C:\Users\NQTa\Documents\MLCourse\Final Project\.venv\Lib\site-packages\sklearn\neural_network\_multilayer_perceptron.py:785: ConvergenceWarning: Stochastic Optimizer: Maximum iterations (500) reached and the optimization hasn't converged yet.
  warnings.warn(
C:\Users\NQTa\Documents\MLCourse\Final Project\.venv\Lib\site-packages\sklearn\neural_network\_multilayer_perceptron.py:785: ConvergenceWarning: Stochastic Optimizer: Maximum iterations (500) reached and the optimization hasn't converged yet.
  warnings.warn(
C:\Users\NQTa\Documents\MLCourse\Final Project\.venv\Lib\site-packages\sklearn\neural_network\_multilayer_perceptron.py:785: ConvergenceWarning: Stochastic Optimizer: Maximum iterations (500) reached and the optimization hasn't converged yet.
  warnings.warn(
C:\Users\NQTa\Documents\MLCourse\Final Project\.venv\Lib\site-packages\sklearn\neural_network\_multilayer_perceptron.py:785: ConvergenceWarning: Stochastic Optimizer: Maximum iterations (500) reached and the optimization hasn't converged yet.
  warnings.warn(
C:\Users\NQTa\Documents\MLCourse\Final Project\.venv\Lib\site-packages\sklearn\neural_network\_multilayer_perceptron.py:785: ConvergenceWarning: Stochastic Optimizer: Maximum iterations (500) reached and the optimization hasn't converged yet.
  warnings.warn(
C:\Users\NQTa\Documents\MLCourse\Final Project\.venv\Lib\site-packages\sklearn\neural_network\_multilayer_perceptron.py:785: ConvergenceWarning: Stochastic Optimizer: Maximum iterations (500) reached and the optimization hasn't converged yet.
  warnings.warn(
C:\Users\NQTa\Documents\MLCourse\Final Project\.venv\Lib\site-packages\sklearn\neural_network\_multilayer_perceptron.py:785: ConvergenceWarning: Stochastic Optimizer: Maximum iterations (500) reached and the optimization hasn't converged yet.
  warnings.warn(
C:\Users\NQTa\Documents\MLCourse\Final Project\.venv\Lib\site-packages\sklearn\neural_network\_multilayer_perceptron.py:785: ConvergenceWarning: Stochastic Optimizer: Maximum iterations (500) reached and the optimization hasn't converged yet.
  warnings.warn(
C:\Users\NQTa\Documents\MLCourse\Final Project\.venv\Lib\site-packages\sklearn\neural_network\_multilayer_perceptron.py:785: ConvergenceWarning: Stochastic Optimizer: Maximum iterations (500) reached and the optimization hasn't converged yet.
  warnings.warn(
C:\Users\NQTa\Documents\MLCourse\Final Project\.venv\Lib\site-packages\sklearn\neural_network\_multilayer_perceptron.py:785: ConvergenceWarning: Stochastic Optimizer: Maximum iterations (500) reached and the optimization hasn't converged yet.
  warnings.warn(
C:\Users\NQTa\Documents\MLCourse\Final Project\.venv\Lib\site-packages\sklearn\neural_network\_multilayer_perceptron.py:785: ConvergenceWarning: Stochastic Optimizer: Maximum iterations (500) reached and the optimization hasn't converged yet.
  warnings.warn(
C:\Users\NQTa\Documents\MLCourse\Final Project\.venv\Lib\site-packages\sklearn\neural_network\_multilayer_perceptron.py:785: ConvergenceWarning: Stochastic Optimizer: Maximum iterations (500) reached and the optimization hasn't converged yet.
  warnings.warn(
C:\Users\NQTa\Documents\MLCourse\Final Project\.venv\Lib\site-packages\sklearn\neural_network\_multilayer_perceptron.py:785: ConvergenceWarning: Stochastic Optimizer: Maximum iterations (500) reached and the optimization hasn't converged yet.
  warnings.warn(
C:\Users\NQTa\Documents\MLCourse\Final Project\.venv\Lib\site-packages\sklearn\neural_network\_multilayer_perceptron.py:785: ConvergenceWarning: Stochastic Optimizer: Maximum iterations (500) reached and the optimization hasn't converged yet.
  warnings.warn(
C:\Users\NQTa\Documents\MLCourse\Final Project\.venv\Lib\site-packages\sklearn\neural_network\_multilayer_perceptron.py:785: ConvergenceWarning: Stochastic Optimizer: Maximum iterations (500) reached and the optimization hasn't converged yet.
  warnings.warn(
C:\Users\NQTa\Documents\MLCourse\Final Project\.venv\Lib\site-packages\sklearn\neural_network\_multilayer_perceptron.py:785: ConvergenceWarning: Stochastic Optimizer: Maximum iterations (500) reached and the optimization hasn't converged yet.
  warnings.warn(
C:\Users\NQTa\Documents\MLCourse\Final Project\.venv\Lib\site-packages\sklearn\neural_network\_multilayer_perceptron.py:785: ConvergenceWarning: Stochastic Optimizer: Maximum iterations (500) reached and the optimization hasn't converged yet.
  warnings.warn(
C:\Users\NQTa\Documents\MLCourse\Final Project\.venv\Lib\site-packages\sklearn\neural_network\_multilayer_perceptron.py:785: ConvergenceWarning: Stochastic Optimizer: Maximum iterations (500) reached and the optimization hasn't converged yet.
  warnings.warn(
C:\Users\NQTa\Documents\MLCourse\Final Project\.venv\Lib\site-packages\sklearn\neural_network\_multilayer_perceptron.py:785: ConvergenceWarning: Stochastic Optimizer: Maximum iterations (500) reached and the optimization hasn't converged yet.
  warnings.warn(
C:\Users\NQTa\Documents\MLCourse\Final Project\.venv\Lib\site-packages\sklearn\neural_network\_multilayer_perceptron.py:785: ConvergenceWarning: Stochastic Optimizer: Maximum iterations (500) reached and the optimization hasn't converged yet.
  warnings.warn(
C:\Users\NQTa\Documents\MLCourse\Final Project\.venv\Lib\site-packages\sklearn\neural_network\_multilayer_perceptron.py:785: ConvergenceWarning: Stochastic Optimizer: Maximum iterations (500) reached and the optimization hasn't converged yet.
  warnings.warn(
C:\Users\NQTa\Documents\MLCourse\Final Project\.venv\Lib\site-packages\sklearn\neural_network\_multilayer_perceptron.py:785: ConvergenceWarning: Stochastic Optimizer: Maximum iterations (500) reached and the optimization hasn't converged yet.
  warnings.warn(
C:\Users\NQTa\Documents\MLCourse\Final Project\.venv\Lib\site-packages\sklearn\neural_network\_multilayer_perceptron.py:785: ConvergenceWarning: Stochastic Optimizer: Maximum iterations (500) reached and the optimization hasn't converged yet.
  warnings.warn(
C:\Users\NQTa\Documents\MLCourse\Final Project\.venv\Lib\site-packages\sklearn\neural_network\_multilayer_perceptron.py:785: ConvergenceWarning: Stochastic Optimizer: Maximum iterations (500) reached and the optimization hasn't converged yet.
  warnings.warn(
C:\Users\NQTa\Documents\MLCourse\Final Project\.venv\Lib\site-packages\sklearn\neural_network\_multilayer_perceptron.py:785: ConvergenceWarning: Stochastic Optimizer: Maximum iterations (500) reached and the optimization hasn't converged yet.
  warnings.warn(
C:\Users\NQTa\Documents\MLCourse\Final Project\.venv\Lib\site-packages\sklearn\neural_network\_multilayer_perceptron.py:785: ConvergenceWarning: Stochastic Optimizer: Maximum iterations (500) reached and the optimization hasn't converged yet.
  warnings.warn(
C:\Users\NQTa\Documents\MLCourse\Final Project\.venv\Lib\site-packages\sklearn\neural_network\_multilayer_perceptron.py:785: ConvergenceWarning: Stochastic Optimizer: Maximum iterations (500) reached and the optimization hasn't converged yet.
  warnings.warn(
C:\Users\NQTa\Documents\MLCourse\Final Project\.venv\Lib\site-packages\sklearn\neural_network\_multilayer_perceptron.py:785: ConvergenceWarning: Stochastic Optimizer: Maximum iterations (500) reached and the optimization hasn't converged yet.
  warnings.warn(
C:\Users\NQTa\Documents\MLCourse\Final Project\.venv\Lib\site-packages\sklearn\neural_network\_multilayer_perceptron.py:785: ConvergenceWarning: Stochastic Optimizer: Maximum iterations (500) reached and the optimization hasn't converged yet.
  warnings.warn(
C:\Users\NQTa\Documents\MLCourse\Final Project\.venv\Lib\site-packages\sklearn\neural_network\_multilayer_perceptron.py:785: ConvergenceWarning: Stochastic Optimizer: Maximum iterations (500) reached and the optimization hasn't converged yet.
  warnings.warn(
C:\Users\NQTa\Documents\MLCourse\Final Project\.venv\Lib\site-packages\sklearn\neural_network\_multilayer_perceptron.py:785: ConvergenceWarning: Stochastic Optimizer: Maximum iterations (500) reached and the optimization hasn't converged yet.
  warnings.warn(
C:\Users\NQTa\Documents\MLCourse\Final Project\.venv\Lib\site-packages\sklearn\neural_network\_multilayer_perceptron.py:785: ConvergenceWarning: Stochastic Optimizer: Maximum iterations (500) reached and the optimization hasn't converged yet.
  warnings.warn(
C:\Users\NQTa\Documents\MLCourse\Final Project\.venv\Lib\site-packages\sklearn\neural_network\_multilayer_perceptron.py:785: ConvergenceWarning: Stochastic Optimizer: Maximum iterations (500) reached and the optimization hasn't converged yet.
  warnings.warn(
C:\Users\NQTa\Documents\MLCourse\Final Project\.venv\Lib\site-packages\sklearn\neural_network\_multilayer_perceptron.py:785: ConvergenceWarning: Stochastic Optimizer: Maximum iterations (500) reached and the optimization hasn't converged yet.
  warnings.warn(
C:\Users\NQTa\Documents\MLCourse\Final Project\.venv\Lib\site-packages\sklearn\neural_network\_multilayer_perceptron.py:785: ConvergenceWarning: Stochastic Optimizer: Maximum iterations (500) reached and the optimization hasn't converged yet.
  warnings.warn(
C:\Users\NQTa\Documents\MLCourse\Final Project\.venv\Lib\site-packages\sklearn\neural_network\_multilayer_perceptron.py:785: ConvergenceWarning: Stochastic Optimizer: Maximum iterations (500) reached and the optimization hasn't converged yet.
  warnings.warn(
C:\Users\NQTa\Documents\MLCourse\Final Project\.venv\Lib\site-packages\sklearn\neural_network\_multilayer_perceptron.py:785: ConvergenceWarning: Stochastic Optimizer: Maximum iterations (500) reached and the optimization hasn't converged yet.
  warnings.warn(
C:\Users\NQTa\Documents\MLCourse\Final Project\.venv\Lib\site-packages\sklearn\neural_network\_multilayer_perceptron.py:785: ConvergenceWarning: Stochastic Optimizer: Maximum iterations (500) reached and the optimization hasn't converged yet.
  warnings.warn(
C:\Users\NQTa\Documents\MLCourse\Final Project\.venv\Lib\site-packages\sklearn\neural_network\_multilayer_perceptron.py:785: ConvergenceWarning: Stochastic Optimizer: Maximum iterations (500) reached and the optimization hasn't converged yet.
  warnings.warn(
C:\Users\NQTa\Documents\MLCourse\Final Project\.venv\Lib\site-packages\sklearn\neural_network\_multilayer_perceptron.py:785: ConvergenceWarning: Stochastic Optimizer: Maximum iterations (500) reached and the optimization hasn't converged yet.
  warnings.warn(
C:\Users\NQTa\Documents\MLCourse\Final Project\.venv\Lib\site-packages\sklearn\neural_network\_multilayer_perceptron.py:785: ConvergenceWarning: Stochastic Optimizer: Maximum iterations (500) reached and the optimization hasn't converged yet.
  warnings.warn(
C:\Users\NQTa\Documents\MLCourse\Final Project\.venv\Lib\site-packages\sklearn\neural_network\_multilayer_perceptron.py:785: ConvergenceWarning: Stochastic Optimizer: Maximum iterations (500) reached and the optimization hasn't converged yet.
  warnings.warn(
C:\Users\NQTa\Documents\MLCourse\Final Project\.venv\Lib\site-packages\sklearn\neural_network\_multilayer_perceptron.py:785: ConvergenceWarning: Stochastic Optimizer: Maximum iterations (500) reached and the optimization hasn't converged yet.
  warnings.warn(
C:\Users\NQTa\Documents\MLCourse\Final Project\.venv\Lib\site-packages\sklearn\neural_network\_multilayer_perceptron.py:785: ConvergenceWarning: Stochastic Optimizer: Maximum iterations (500) reached and the optimization hasn't converged yet.
  warnings.warn(
C:\Users\NQTa\Documents\MLCourse\Final Project\.venv\Lib\site-packages\sklearn\neural_network\_multilayer_perceptron.py:785: ConvergenceWarning: Stochastic Optimizer: Maximum iterations (500) reached and the optimization hasn't converged yet.
  warnings.warn(
C:\Users\NQTa\Documents\MLCourse\Final Project\.venv\Lib\site-packages\sklearn\neural_network\_multilayer_perceptron.py:785: ConvergenceWarning: Stochastic Optimizer: Maximum iterations (500) reached and the optimization hasn't converged yet.
  warnings.warn(
C:\Users\NQTa\Documents\MLCourse\Final Project\.venv\Lib\site-packages\sklearn\neural_network\_multilayer_perceptron.py:785: ConvergenceWarning: Stochastic Optimizer: Maximum iterations (500) reached and the optimization hasn't converged yet.
  warnings.warn(
C:\Users\NQTa\Documents\MLCourse\Final Project\.venv\Lib\site-packages\sklearn\neural_network\_multilayer_perceptron.py:785: ConvergenceWarning: Stochastic Optimizer: Maximum iterations (500) reached and the optimization hasn't converged yet.
  warnings.warn(
C:\Users\NQTa\Documents\MLCourse\Final Project\.venv\Lib\site-packages\sklearn\neural_network\_multilayer_perceptron.py:785: ConvergenceWarning: Stochastic Optimizer: Maximum iterations (500) reached and the optimization hasn't converged yet.
  warnings.warn(
C:\Users\NQTa\Documents\MLCourse\Final Project\.venv\Lib\site-packages\sklearn\neural_network\_multilayer_perceptron.py:785: ConvergenceWarning: Stochastic Optimizer: Maximum iterations (500) reached and the optimization hasn't converged yet.
  warnings.warn(
C:\Users\NQTa\Documents\MLCourse\Final Project\.venv\Lib\site-packages\sklearn\neural_network\_multilayer_perceptron.py:785: ConvergenceWarning: Stochastic Optimizer: Maximum iterations (500) reached and the optimization hasn't converged yet.
  warnings.warn(
C:\Users\NQTa\Documents\MLCourse\Final Project\.venv\Lib\site-packages\sklearn\neural_network\_multilayer_perceptron.py:785: ConvergenceWarning: Stochastic Optimizer: Maximum iterations (500) reached and the optimization hasn't converged yet.
  warnings.warn(
C:\Users\NQTa\Documents\MLCourse\Final Project\.venv\Lib\site-packages\sklearn\neural_network\_multilayer_perceptron.py:785: ConvergenceWarning: Stochastic Optimizer: Maximum iterations (500) reached and the optimization hasn't converged yet.
  warnings.warn(
C:\Users\NQTa\Documents\MLCourse\Final Project\.venv\Lib\site-packages\sklearn\neural_network\_multilayer_perceptron.py:785: ConvergenceWarning: Stochastic Optimizer: Maximum iterations (500) reached and the optimization hasn't converged yet.
  warnings.warn(
C:\Users\NQTa\Documents\MLCourse\Final Project\.venv\Lib\site-packages\sklearn\neural_network\_multilayer_perceptron.py:785: ConvergenceWarning: Stochastic Optimizer: Maximum iterations (500) reached and the optimization hasn't converged yet.
  warnings.warn(
C:\Users\NQTa\Documents\MLCourse\Final Project\.venv\Lib\site-packages\sklearn\neural_network\_multilayer_perceptron.py:785: ConvergenceWarning: Stochastic Optimizer: Maximum iterations (500) reached and the optimization hasn't converged yet.
  warnings.warn(
C:\Users\NQTa\Documents\MLCourse\Final Project\.venv\Lib\site-packages\sklearn\neural_network\_multilayer_perceptron.py:785: ConvergenceWarning: Stochastic Optimizer: Maximum iterations (500) reached and the optimization hasn't converged yet.
  warnings.warn(
C:\Users\NQTa\Documents\MLCourse\Final Project\.venv\Lib\site-packages\sklearn\neural_network\_multilayer_perceptron.py:785: ConvergenceWarning: Stochastic Optimizer: Maximum iterations (500) reached and the optimization hasn't converged yet.
  warnings.warn(
C:\Users\NQTa\Documents\MLCourse\Final Project\.venv\Lib\site-packages\sklearn\neural_network\_multilayer_perceptron.py:785: ConvergenceWarning: Stochastic Optimizer: Maximum iterations (500) reached and the optimization hasn't converged yet.
  warnings.warn(
C:\Users\NQTa\Documents\MLCourse\Final Project\.venv\Lib\site-packages\sklearn\neural_network\_multilayer_perceptron.py:785: ConvergenceWarning: Stochastic Optimizer: Maximum iterations (500) reached and the optimization hasn't converged yet.
  warnings.warn(
C:\Users\NQTa\Documents\MLCourse\Final Project\.venv\Lib\site-packages\sklearn\neural_network\_multilayer_perceptron.py:785: ConvergenceWarning: Stochastic Optimizer: Maximum iterations (500) reached and the optimization hasn't converged yet.
  warnings.warn(
C:\Users\NQTa\Documents\MLCourse\Final Project\.venv\Lib\site-packages\sklearn\neural_network\_multilayer_perceptron.py:785: ConvergenceWarning: Stochastic Optimizer: Maximum iterations (500) reached and the optimization hasn't converged yet.
  warnings.warn(
C:\Users\NQTa\Documents\MLCourse\Final Project\.venv\Lib\site-packages\sklearn\neural_network\_multilayer_perceptron.py:785: ConvergenceWarning: Stochastic Optimizer: Maximum iterations (500) reached and the optimization hasn't converged yet.
  warnings.warn(
C:\Users\NQTa\Documents\MLCourse\Final Project\.venv\Lib\site-packages\sklearn\neural_network\_multilayer_perceptron.py:785: ConvergenceWarning: Stochastic Optimizer: Maximum iterations (500) reached and the optimization hasn't converged yet.
  warnings.warn(
C:\Users\NQTa\Documents\MLCourse\Final Project\.venv\Lib\site-packages\sklearn\neural_network\_multilayer_perceptron.py:785: ConvergenceWarning: Stochastic Optimizer: Maximum iterations (500) reached and the optimization hasn't converged yet.
  warnings.warn(
C:\Users\NQTa\Documents\MLCourse\Final Project\.venv\Lib\site-packages\sklearn\neural_network\_multilayer_perceptron.py:785: ConvergenceWarning: Stochastic Optimizer: Maximum iterations (500) reached and the optimization hasn't converged yet.
  warnings.warn(
C:\Users\NQTa\Documents\MLCourse\Final Project\.venv\Lib\site-packages\sklearn\neural_network\_multilayer_perceptron.py:785: ConvergenceWarning: Stochastic Optimizer: Maximum iterations (500) reached and the optimization hasn't converged yet.
  warnings.warn(
C:\Users\NQTa\Documents\MLCourse\Final Project\.venv\Lib\site-packages\sklearn\neural_network\_multilayer_perceptron.py:785: ConvergenceWarning: Stochastic Optimizer: Maximum iterations (500) reached and the optimization hasn't converged yet.
  warnings.warn(
C:\Users\NQTa\Documents\MLCourse\Final Project\.venv\Lib\site-packages\sklearn\neural_network\_multilayer_perceptron.py:785: ConvergenceWarning: Stochastic Optimizer: Maximum iterations (500) reached and the optimization hasn't converged yet.
  warnings.warn(
C:\Users\NQTa\Documents\MLCourse\Final Project\.venv\Lib\site-packages\sklearn\neural_network\_multilayer_perceptron.py:785: ConvergenceWarning: Stochastic Optimizer: Maximum iterations (500) reached and the optimization hasn't converged yet.
  warnings.warn(
C:\Users\NQTa\Documents\MLCourse\Final Project\.venv\Lib\site-packages\sklearn\neural_network\_multilayer_perceptron.py:785: ConvergenceWarning: Stochastic Optimizer: Maximum iterations (500) reached and the optimization hasn't converged yet.
  warnings.warn(
C:\Users\NQTa\Documents\MLCourse\Final Project\.venv\Lib\site-packages\sklearn\neural_network\_multilayer_perceptron.py:785: ConvergenceWarning: Stochastic Optimizer: Maximum iterations (500) reached and the optimization hasn't converged yet.
  warnings.warn(
C:\Users\NQTa\Documents\MLCourse\Final Project\.venv\Lib\site-packages\sklearn\neural_network\_multilayer_perceptron.py:785: ConvergenceWarning: Stochastic Optimizer: Maximum iterations (500) reached and the optimization hasn't converged yet.
  warnings.warn(
C:\Users\NQTa\Documents\MLCourse\Final Project\.venv\Lib\site-packages\sklearn\neural_network\_multilayer_perceptron.py:785: ConvergenceWarning: Stochastic Optimizer: Maximum iterations (500) reached and the optimization hasn't converged yet.
  warnings.warn(
C:\Users\NQTa\Documents\MLCourse\Final Project\.venv\Lib\site-packages\sklearn\neural_network\_multilayer_perceptron.py:785: ConvergenceWarning: Stochastic Optimizer: Maximum iterations (500) reached and the optimization hasn't converged yet.
  warnings.warn(
C:\Users\NQTa\Documents\MLCourse\Final Project\.venv\Lib\site-packages\sklearn\neural_network\_multilayer_perceptron.py:785: ConvergenceWarning: Stochastic Optimizer: Maximum iterations (500) reached and the optimization hasn't converged yet.
  warnings.warn(
C:\Users\NQTa\Documents\MLCourse\Final Project\.venv\Lib\site-packages\sklearn\neural_network\_multilayer_perceptron.py:785: ConvergenceWarning: Stochastic Optimizer: Maximum iterations (500) reached and the optimization hasn't converged yet.
  warnings.warn(
C:\Users\NQTa\Documents\MLCourse\Final Project\.venv\Lib\site-packages\sklearn\neural_network\_multilayer_perceptron.py:785: ConvergenceWarning: Stochastic Optimizer: Maximum iterations (500) reached and the optimization hasn't converged yet.
  warnings.warn(
C:\Users\NQTa\Documents\MLCourse\Final Project\.venv\Lib\site-packages\sklearn\neural_network\_multilayer_perceptron.py:785: ConvergenceWarning: Stochastic Optimizer: Maximum iterations (500) reached and the optimization hasn't converged yet.
  warnings.warn(
C:\Users\NQTa\Documents\MLCourse\Final Project\.venv\Lib\site-packages\sklearn\neural_network\_multilayer_perceptron.py:785: ConvergenceWarning: Stochastic Optimizer: Maximum iterations (500) reached and the optimization hasn't converged yet.
  warnings.warn(
C:\Users\NQTa\Documents\MLCourse\Final Project\.venv\Lib\site-packages\sklearn\neural_network\_multilayer_perceptron.py:785: ConvergenceWarning: Stochastic Optimizer: Maximum iterations (500) reached and the optimization hasn't converged yet.
  warnings.warn(
C:\Users\NQTa\Documents\MLCourse\Final Project\.venv\Lib\site-packages\sklearn\neural_network\_multilayer_perceptron.py:785: ConvergenceWarning: Stochastic Optimizer: Maximum iterations (500) reached and the optimization hasn't converged yet.
  warnings.warn(
C:\Users\NQTa\Documents\MLCourse\Final Project\.venv\Lib\site-packages\sklearn\neural_network\_multilayer_perceptron.py:785: ConvergenceWarning: Stochastic Optimizer: Maximum iterations (500) reached and the optimization hasn't converged yet.
  warnings.warn(
C:\Users\NQTa\Documents\MLCourse\Final Project\.venv\Lib\site-packages\sklearn\neural_network\_multilayer_perceptron.py:785: ConvergenceWarning: Stochastic Optimizer: Maximum iterations (500) reached and the optimization hasn't converged yet.
  warnings.warn(
C:\Users\NQTa\Documents\MLCourse\Final Project\.venv\Lib\site-packages\sklearn\neural_network\_multilayer_perceptron.py:785: ConvergenceWarning: Stochastic Optimizer: Maximum iterations (500) reached and the optimization hasn't converged yet.
  warnings.warn(
C:\Users\NQTa\Documents\MLCourse\Final Project\.venv\Lib\site-packages\sklearn\neural_network\_multilayer_perceptron.py:785: ConvergenceWarning: Stochastic Optimizer: Maximum iterations (500) reached and the optimization hasn't converged yet.
  warnings.warn(
C:\Users\NQTa\Documents\MLCourse\Final Project\.venv\Lib\site-packages\sklearn\neural_network\_multilayer_perceptron.py:785: ConvergenceWarning: Stochastic Optimizer: Maximum iterations (500) reached and the optimization hasn't converged yet.
  warnings.warn(
C:\Users\NQTa\Documents\MLCourse\Final Project\.venv\Lib\site-packages\sklearn\neural_network\_multilayer_perceptron.py:785: ConvergenceWarning: Stochastic Optimizer: Maximum iterations (500) reached and the optimization hasn't converged yet.
  warnings.warn(
C:\Users\NQTa\Documents\MLCourse\Final Project\.venv\Lib\site-packages\sklearn\neural_network\_multilayer_perceptron.py:785: ConvergenceWarning: Stochastic Optimizer: Maximum iterations (500) reached and the optimization hasn't converged yet.
  warnings.warn(
[2026-04-17 17:53:44] DONE  MLP__T_C__universal__universal_raw  best_rmse=114.7205  elapsed=526.7s
[2026-04-17 17:53:44] [16/16]
[2026-04-17 17:53:44] START MLP__P_kbar__universal__universal_raw (n_trials=50)
[2026-04-17 17:53:44]   data shape X=(2224, 45) y=(2224,) n_groups=189
C:\Users\NQTa\Documents\MLCourse\Final Project\src\optuna_search.py:226: ExperimentalWarning: Argument ``multivariate`` is an experimental feature. The interface can change in the future.
  sampler = optuna.samplers.TPESampler(multivariate=True, seed=seed)
C:\Users\NQTa\Documents\MLCourse\Final Project\.venv\Lib\site-packages\sklearn\neural_network\_multilayer_perceptron.py:785: ConvergenceWarning: Stochastic Optimizer: Maximum iterations (500) reached and the optimization hasn't converged yet.
  warnings.warn(
C:\Users\NQTa\Documents\MLCourse\Final Project\.venv\Lib\site-packages\sklearn\neural_network\_multilayer_perceptron.py:785: ConvergenceWarning: Stochastic Optimizer: Maximum iterations (500) reached and the optimization hasn't converged yet.
  warnings.warn(
C:\Users\NQTa\Documents\MLCourse\Final Project\.venv\Lib\site-packages\sklearn\neural_network\_multilayer_perceptron.py:785: ConvergenceWarning: Stochastic Optimizer: Maximum iterations (500) reached and the optimization hasn't converged yet.
  warnings.warn(
C:\Users\NQTa\Documents\MLCourse\Final Project\.venv\Lib\site-packages\sklearn\neural_network\_multilayer_perceptron.py:785: ConvergenceWarning: Stochastic Optimizer: Maximum iterations (500) reached and the optimization hasn't converged yet.
  warnings.warn(
C:\Users\NQTa\Documents\MLCourse\Final Project\.venv\Lib\site-packages\sklearn\neural_network\_multilayer_perceptron.py:785: ConvergenceWarning: Stochastic Optimizer: Maximum iterations (500) reached and the optimization hasn't converged yet.
  warnings.warn(
C:\Users\NQTa\Documents\MLCourse\Final Project\.venv\Lib\site-packages\sklearn\neural_network\_multilayer_perceptron.py:785: ConvergenceWarning: Stochastic Optimizer: Maximum iterations (500) reached and the optimization hasn't converged yet.
  warnings.warn(
C:\Users\NQTa\Documents\MLCourse\Final Project\.venv\Lib\site-packages\sklearn\neural_network\_multilayer_perceptron.py:785: ConvergenceWarning: Stochastic Optimizer: Maximum iterations (500) reached and the optimization hasn't converged yet.
  warnings.warn(
C:\Users\NQTa\Documents\MLCourse\Final Project\.venv\Lib\site-packages\sklearn\neural_network\_multilayer_perceptron.py:785: ConvergenceWarning: Stochastic Optimizer: Maximum iterations (500) reached and the optimization hasn't converged yet.
  warnings.warn(
C:\Users\NQTa\Documents\MLCourse\Final Project\.venv\Lib\site-packages\sklearn\neural_network\_multilayer_perceptron.py:785: ConvergenceWarning: Stochastic Optimizer: Maximum iterations (500) reached and the optimization hasn't converged yet.
  warnings.warn(
C:\Users\NQTa\Documents\MLCourse\Final Project\.venv\Lib\site-packages\sklearn\neural_network\_multilayer_perceptron.py:785: ConvergenceWarning: Stochastic Optimizer: Maximum iterations (500) reached and the optimization hasn't converged yet.
  warnings.warn(
C:\Users\NQTa\Documents\MLCourse\Final Project\.venv\Lib\site-packages\sklearn\neural_network\_multilayer_perceptron.py:785: ConvergenceWarning: Stochastic Optimizer: Maximum iterations (500) reached and the optimization hasn't converged yet.
  warnings.warn(
C:\Users\NQTa\Documents\MLCourse\Final Project\.venv\Lib\site-packages\sklearn\neural_network\_multilayer_perceptron.py:785: ConvergenceWarning: Stochastic Optimizer: Maximum iterations (500) reached and the optimization hasn't converged yet.
  warnings.warn(
C:\Users\NQTa\Documents\MLCourse\Final Project\.venv\Lib\site-packages\sklearn\neural_network\_multilayer_perceptron.py:785: ConvergenceWarning: Stochastic Optimizer: Maximum iterations (500) reached and the optimization hasn't converged yet.
  warnings.warn(
C:\Users\NQTa\Documents\MLCourse\Final Project\.venv\Lib\site-packages\sklearn\neural_network\_multilayer_perceptron.py:785: ConvergenceWarning: Stochastic Optimizer: Maximum iterations (500) reached and the optimization hasn't converged yet.
  warnings.warn(
C:\Users\NQTa\Documents\MLCourse\Final Project\.venv\Lib\site-packages\sklearn\neural_network\_multilayer_perceptron.py:785: ConvergenceWarning: Stochastic Optimizer: Maximum iterations (500) reached and the optimization hasn't converged yet.
  warnings.warn(
C:\Users\NQTa\Documents\MLCourse\Final Project\.venv\Lib\site-packages\sklearn\neural_network\_multilayer_perceptron.py:785: ConvergenceWarning: Stochastic Optimizer: Maximum iterations (500) reached and the optimization hasn't converged yet.
  warnings.warn(
C:\Users\NQTa\Documents\MLCourse\Final Project\.venv\Lib\site-packages\sklearn\neural_network\_multilayer_perceptron.py:785: ConvergenceWarning: Stochastic Optimizer: Maximum iterations (500) reached and the optimization hasn't converged yet.
  warnings.warn(
C:\Users\NQTa\Documents\MLCourse\Final Project\.venv\Lib\site-packages\sklearn\neural_network\_multilayer_perceptron.py:785: ConvergenceWarning: Stochastic Optimizer: Maximum iterations (500) reached and the optimization hasn't converged yet.
  warnings.warn(
C:\Users\NQTa\Documents\MLCourse\Final Project\.venv\Lib\site-packages\sklearn\neural_network\_multilayer_perceptron.py:785: ConvergenceWarning: Stochastic Optimizer: Maximum iterations (500) reached and the optimization hasn't converged yet.
  warnings.warn(
C:\Users\NQTa\Documents\MLCourse\Final Project\.venv\Lib\site-packages\sklearn\neural_network\_multilayer_perceptron.py:785: ConvergenceWarning: Stochastic Optimizer: Maximum iterations (500) reached and the optimization hasn't converged yet.
  warnings.warn(
C:\Users\NQTa\Documents\MLCourse\Final Project\.venv\Lib\site-packages\sklearn\neural_network\_multilayer_perceptron.py:785: ConvergenceWarning: Stochastic Optimizer: Maximum iterations (500) reached and the optimization hasn't converged yet.
  warnings.warn(
C:\Users\NQTa\Documents\MLCourse\Final Project\.venv\Lib\site-packages\sklearn\neural_network\_multilayer_perceptron.py:785: ConvergenceWarning: Stochastic Optimizer: Maximum iterations (500) reached and the optimization hasn't converged yet.
  warnings.warn(
C:\Users\NQTa\Documents\MLCourse\Final Project\.venv\Lib\site-packages\sklearn\neural_network\_multilayer_perceptron.py:785: ConvergenceWarning: Stochastic Optimizer: Maximum iterations (500) reached and the optimization hasn't converged yet.
  warnings.warn(
C:\Users\NQTa\Documents\MLCourse\Final Project\.venv\Lib\site-packages\sklearn\neural_network\_multilayer_perceptron.py:785: ConvergenceWarning: Stochastic Optimizer: Maximum iterations (500) reached and the optimization hasn't converged yet.
  warnings.warn(
C:\Users\NQTa\Documents\MLCourse\Final Project\.venv\Lib\site-packages\sklearn\neural_network\_multilayer_perceptron.py:785: ConvergenceWarning: Stochastic Optimizer: Maximum iterations (500) reached and the optimization hasn't converged yet.
  warnings.warn(
C:\Users\NQTa\Documents\MLCourse\Final Project\.venv\Lib\site-packages\sklearn\neural_network\_multilayer_perceptron.py:785: ConvergenceWarning: Stochastic Optimizer: Maximum iterations (500) reached and the optimization hasn't converged yet.
  warnings.warn(
C:\Users\NQTa\Documents\MLCourse\Final Project\.venv\Lib\site-packages\sklearn\neural_network\_multilayer_perceptron.py:785: ConvergenceWarning: Stochastic Optimizer: Maximum iterations (500) reached and the optimization hasn't converged yet.
  warnings.warn(
C:\Users\NQTa\Documents\MLCourse\Final Project\.venv\Lib\site-packages\sklearn\neural_network\_multilayer_perceptron.py:785: ConvergenceWarning: Stochastic Optimizer: Maximum iterations (500) reached and the optimization hasn't converged yet.
  warnings.warn(
C:\Users\NQTa\Documents\MLCourse\Final Project\.venv\Lib\site-packages\sklearn\neural_network\_multilayer_perceptron.py:785: ConvergenceWarning: Stochastic Optimizer: Maximum iterations (500) reached and the optimization hasn't converged yet.
  warnings.warn(
C:\Users\NQTa\Documents\MLCourse\Final Project\.venv\Lib\site-packages\sklearn\neural_network\_multilayer_perceptron.py:785: ConvergenceWarning: Stochastic Optimizer: Maximum iterations (500) reached and the optimization hasn't converged yet.
  warnings.warn(
C:\Users\NQTa\Documents\MLCourse\Final Project\.venv\Lib\site-packages\sklearn\neural_network\_multilayer_perceptron.py:785: ConvergenceWarning: Stochastic Optimizer: Maximum iterations (500) reached and the optimization hasn't converged yet.
  warnings.warn(
C:\Users\NQTa\Documents\MLCourse\Final Project\.venv\Lib\site-packages\sklearn\neural_network\_multilayer_perceptron.py:785: ConvergenceWarning: Stochastic Optimizer: Maximum iterations (500) reached and the optimization hasn't converged yet.
  warnings.warn(
C:\Users\NQTa\Documents\MLCourse\Final Project\.venv\Lib\site-packages\sklearn\neural_network\_multilayer_perceptron.py:785: ConvergenceWarning: Stochastic Optimizer: Maximum iterations (500) reached and the optimization hasn't converged yet.
  warnings.warn(
C:\Users\NQTa\Documents\MLCourse\Final Project\.venv\Lib\site-packages\sklearn\neural_network\_multilayer_perceptron.py:785: ConvergenceWarning: Stochastic Optimizer: Maximum iterations (500) reached and the optimization hasn't converged yet.
  warnings.warn(
C:\Users\NQTa\Documents\MLCourse\Final Project\.venv\Lib\site-packages\sklearn\neural_network\_multilayer_perceptron.py:785: ConvergenceWarning: Stochastic Optimizer: Maximum iterations (500) reached and the optimization hasn't converged yet.
  warnings.warn(
C:\Users\NQTa\Documents\MLCourse\Final Project\.venv\Lib\site-packages\sklearn\neural_network\_multilayer_perceptron.py:785: ConvergenceWarning: Stochastic Optimizer: Maximum iterations (500) reached and the optimization hasn't converged yet.
  warnings.warn(
C:\Users\NQTa\Documents\MLCourse\Final Project\.venv\Lib\site-packages\sklearn\neural_network\_multilayer_perceptron.py:785: ConvergenceWarning: Stochastic Optimizer: Maximum iterations (500) reached and the optimization hasn't converged yet.
  warnings.warn(
C:\Users\NQTa\Documents\MLCourse\Final Project\.venv\Lib\site-packages\sklearn\neural_network\_multilayer_perceptron.py:785: ConvergenceWarning: Stochastic Optimizer: Maximum iterations (500) reached and the optimization hasn't converged yet.
  warnings.warn(
C:\Users\NQTa\Documents\MLCourse\Final Project\.venv\Lib\site-packages\sklearn\neural_network\_multilayer_perceptron.py:785: ConvergenceWarning: Stochastic Optimizer: Maximum iterations (500) reached and the optimization hasn't converged yet.
  warnings.warn(
C:\Users\NQTa\Documents\MLCourse\Final Project\.venv\Lib\site-packages\sklearn\neural_network\_multilayer_perceptron.py:785: ConvergenceWarning: Stochastic Optimizer: Maximum iterations (500) reached and the optimization hasn't converged yet.
  warnings.warn(
C:\Users\NQTa\Documents\MLCourse\Final Project\.venv\Lib\site-packages\sklearn\neural_network\_multilayer_perceptron.py:785: ConvergenceWarning: Stochastic Optimizer: Maximum iterations (500) reached and the optimization hasn't converged yet.
  warnings.warn(
C:\Users\NQTa\Documents\MLCourse\Final Project\.venv\Lib\site-packages\sklearn\neural_network\_multilayer_perceptron.py:785: ConvergenceWarning: Stochastic Optimizer: Maximum iterations (500) reached and the optimization hasn't converged yet.
  warnings.warn(
C:\Users\NQTa\Documents\MLCourse\Final Project\.venv\Lib\site-packages\sklearn\neural_network\_multilayer_perceptron.py:785: ConvergenceWarning: Stochastic Optimizer: Maximum iterations (500) reached and the optimization hasn't converged yet.
  warnings.warn(
C:\Users\NQTa\Documents\MLCourse\Final Project\.venv\Lib\site-packages\sklearn\neural_network\_multilayer_perceptron.py:785: ConvergenceWarning: Stochastic Optimizer: Maximum iterations (500) reached and the optimization hasn't converged yet.
  warnings.warn(
C:\Users\NQTa\Documents\MLCourse\Final Project\.venv\Lib\site-packages\sklearn\neural_network\_multilayer_perceptron.py:785: ConvergenceWarning: Stochastic Optimizer: Maximum iterations (500) reached and the optimization hasn't converged yet.
  warnings.warn(
C:\Users\NQTa\Documents\MLCourse\Final Project\.venv\Lib\site-packages\sklearn\neural_network\_multilayer_perceptron.py:785: ConvergenceWarning: Stochastic Optimizer: Maximum iterations (500) reached and the optimization hasn't converged yet.
  warnings.warn(
C:\Users\NQTa\Documents\MLCourse\Final Project\.venv\Lib\site-packages\sklearn\neural_network\_multilayer_perceptron.py:785: ConvergenceWarning: Stochastic Optimizer: Maximum iterations (500) reached and the optimization hasn't converged yet.
  warnings.warn(
C:\Users\NQTa\Documents\MLCourse\Final Project\.venv\Lib\site-packages\sklearn\neural_network\_multilayer_perceptron.py:785: ConvergenceWarning: Stochastic Optimizer: Maximum iterations (500) reached and the optimization hasn't converged yet.
  warnings.warn(
C:\Users\NQTa\Documents\MLCourse\Final Project\.venv\Lib\site-packages\sklearn\neural_network\_multilayer_perceptron.py:785: ConvergenceWarning: Stochastic Optimizer: Maximum iterations (500) reached and the optimization hasn't converged yet.
  warnings.warn(
C:\Users\NQTa\Documents\MLCourse\Final Project\.venv\Lib\site-packages\sklearn\neural_network\_multilayer_perceptron.py:785: ConvergenceWarning: Stochastic Optimizer: Maximum iterations (500) reached and the optimization hasn't converged yet.
  warnings.warn(
C:\Users\NQTa\Documents\MLCourse\Final Project\.venv\Lib\site-packages\sklearn\neural_network\_multilayer_perceptron.py:785: ConvergenceWarning: Stochastic Optimizer: Maximum iterations (500) reached and the optimization hasn't converged yet.
  warnings.warn(
C:\Users\NQTa\Documents\MLCourse\Final Project\.venv\Lib\site-packages\sklearn\neural_network\_multilayer_perceptron.py:785: ConvergenceWarning: Stochastic Optimizer: Maximum iterations (500) reached and the optimization hasn't converged yet.
  warnings.warn(
C:\Users\NQTa\Documents\MLCourse\Final Project\.venv\Lib\site-packages\sklearn\neural_network\_multilayer_perceptron.py:785: ConvergenceWarning: Stochastic Optimizer: Maximum iterations (500) reached and the optimization hasn't converged yet.
  warnings.warn(
C:\Users\NQTa\Documents\MLCourse\Final Project\.venv\Lib\site-packages\sklearn\neural_network\_multilayer_perceptron.py:785: ConvergenceWarning: Stochastic Optimizer: Maximum iterations (500) reached and the optimization hasn't converged yet.
  warnings.warn(
C:\Users\NQTa\Documents\MLCourse\Final Project\.venv\Lib\site-packages\sklearn\neural_network\_multilayer_perceptron.py:785: ConvergenceWarning: Stochastic Optimizer: Maximum iterations (500) reached and the optimization hasn't converged yet.
  warnings.warn(
C:\Users\NQTa\Documents\MLCourse\Final Project\.venv\Lib\site-packages\sklearn\neural_network\_multilayer_perceptron.py:785: ConvergenceWarning: Stochastic Optimizer: Maximum iterations (500) reached and the optimization hasn't converged yet.
  warnings.warn(
C:\Users\NQTa\Documents\MLCourse\Final Project\.venv\Lib\site-packages\sklearn\neural_network\_multilayer_perceptron.py:785: ConvergenceWarning: Stochastic Optimizer: Maximum iterations (500) reached and the optimization hasn't converged yet.
  warnings.warn(
C:\Users\NQTa\Documents\MLCourse\Final Project\.venv\Lib\site-packages\sklearn\neural_network\_multilayer_perceptron.py:785: ConvergenceWarning: Stochastic Optimizer: Maximum iterations (500) reached and the optimization hasn't converged yet.
  warnings.warn(
C:\Users\NQTa\Documents\MLCourse\Final Project\.venv\Lib\site-packages\sklearn\neural_network\_multilayer_perceptron.py:785: ConvergenceWarning: Stochastic Optimizer: Maximum iterations (500) reached and the optimization hasn't converged yet.
  warnings.warn(
C:\Users\NQTa\Documents\MLCourse\Final Project\.venv\Lib\site-packages\sklearn\neural_network\_multilayer_perceptron.py:785: ConvergenceWarning: Stochastic Optimizer: Maximum iterations (500) reached and the optimization hasn't converged yet.
  warnings.warn(
C:\Users\NQTa\Documents\MLCourse\Final Project\.venv\Lib\site-packages\sklearn\neural_network\_multilayer_perceptron.py:785: ConvergenceWarning: Stochastic Optimizer: Maximum iterations (500) reached and the optimization hasn't converged yet.
  warnings.warn(
C:\Users\NQTa\Documents\MLCourse\Final Project\.venv\Lib\site-packages\sklearn\neural_network\_multilayer_perceptron.py:785: ConvergenceWarning: Stochastic Optimizer: Maximum iterations (500) reached and the optimization hasn't converged yet.
  warnings.warn(
C:\Users\NQTa\Documents\MLCourse\Final Project\.venv\Lib\site-packages\sklearn\neural_network\_multilayer_perceptron.py:785: ConvergenceWarning: Stochastic Optimizer: Maximum iterations (500) reached and the optimization hasn't converged yet.
  warnings.warn(
C:\Users\NQTa\Documents\MLCourse\Final Project\.venv\Lib\site-packages\sklearn\neural_network\_multilayer_perceptron.py:785: ConvergenceWarning: Stochastic Optimizer: Maximum iterations (500) reached and the optimization hasn't converged yet.
  warnings.warn(
C:\Users\NQTa\Documents\MLCourse\Final Project\.venv\Lib\site-packages\sklearn\neural_network\_multilayer_perceptron.py:785: ConvergenceWarning: Stochastic Optimizer: Maximum iterations (500) reached and the optimization hasn't converged yet.
  warnings.warn(
C:\Users\NQTa\Documents\MLCourse\Final Project\.venv\Lib\site-packages\sklearn\neural_network\_multilayer_perceptron.py:785: ConvergenceWarning: Stochastic Optimizer: Maximum iterations (500) reached and the optimization hasn't converged yet.
  warnings.warn(
C:\Users\NQTa\Documents\MLCourse\Final Project\.venv\Lib\site-packages\sklearn\neural_network\_multilayer_perceptron.py:785: ConvergenceWarning: Stochastic Optimizer: Maximum iterations (500) reached and the optimization hasn't converged yet.
  warnings.warn(
C:\Users\NQTa\Documents\MLCourse\Final Project\.venv\Lib\site-packages\sklearn\neural_network\_multilayer_perceptron.py:785: ConvergenceWarning: Stochastic Optimizer: Maximum iterations (500) reached and the optimization hasn't converged yet.
  warnings.warn(
C:\Users\NQTa\Documents\MLCourse\Final Project\.venv\Lib\site-packages\sklearn\neural_network\_multilayer_perceptron.py:785: ConvergenceWarning: Stochastic Optimizer: Maximum iterations (500) reached and the optimization hasn't converged yet.
  warnings.warn(
C:\Users\NQTa\Documents\MLCourse\Final Project\.venv\Lib\site-packages\sklearn\neural_network\_multilayer_perceptron.py:785: ConvergenceWarning: Stochastic Optimizer: Maximum iterations (500) reached and the optimization hasn't converged yet.
  warnings.warn(
C:\Users\NQTa\Documents\MLCourse\Final Project\.venv\Lib\site-packages\sklearn\neural_network\_multilayer_perceptron.py:785: ConvergenceWarning: Stochastic Optimizer: Maximum iterations (500) reached and the optimization hasn't converged yet.
  warnings.warn(
C:\Users\NQTa\Documents\MLCourse\Final Project\.venv\Lib\site-packages\sklearn\neural_network\_multilayer_perceptron.py:785: ConvergenceWarning: Stochastic Optimizer: Maximum iterations (500) reached and the optimization hasn't converged yet.
  warnings.warn(
C:\Users\NQTa\Documents\MLCourse\Final Project\.venv\Lib\site-packages\sklearn\neural_network\_multilayer_perceptron.py:785: ConvergenceWarning: Stochastic Optimizer: Maximum iterations (500) reached and the optimization hasn't converged yet.
  warnings.warn(
C:\Users\NQTa\Documents\MLCourse\Final Project\.venv\Lib\site-packages\sklearn\neural_network\_multilayer_perceptron.py:785: ConvergenceWarning: Stochastic Optimizer: Maximum iterations (500) reached and the optimization hasn't converged yet.
  warnings.warn(
[2026-04-17 18:00:50] DONE  MLP__P_kbar__universal__universal_raw  best_rmse=12.6540  elapsed=426.7s
[2026-04-17 18:00:50] Phase F universal driver DONE  completed=16  failed=0
