pipeline,track,target,feature_set,model,seed,aug_n_copies,aug_rel_noise,test_rmse,elapsed_s
opx,opx_liq,T_C,raw,RF,42,15,0.03,92.38355807504917,6.032733201980591
opx,opx_liq,T_C,raw,RF,43,15,0.03,91.66176155824937,6.023087024688721
opx,opx_liq,T_C,raw,RF,44,15,0.03,92.1777086808422,6.255568504333496
opx,opx_liq,T_C,raw,RF,45,15,0.03,93.88446316599851,6.094609498977661
opx,opx_liq,T_C,raw,RF,46,15,0.03,91.66484491742426,6.208622932434082
opx,opx_liq,T_C,raw,RF,47,15,0.03,93.12198399973695,6.082931995391846
opx,opx_liq,T_C,raw,RF,48,15,0.03,91.93305847707767,6.087883472442627
opx,opx_liq,T_C,raw,RF,49,15,0.03,92.10834274034394,7.178963899612427
opx,opx_liq,T_C,raw,RF,50,15,0.03,92.029781998117,7.222030401229858
opx,opx_liq,T_C,raw,RF,51,15,0.03,91.87832353623286,6.9503173828125
opx,opx_liq,T_C,raw,RF,52,15,0.03,90.92181583357814,7.429959297180176
opx,opx_liq,T_C,raw,RF,53,15,0.03,90.94623146090115,7.088471412658691
opx,opx_liq,T_C,raw,RF,54,15,0.03,90.37834680246215,6.1453938484191895
opx,opx_liq,T_C,raw,RF,55,15,0.03,92.87480455158236,6.22509765625
opx,opx_liq,T_C,raw,RF,56,15,0.03,91.08611479910408,5.962554216384888
opx,opx_liq,T_C,raw,RF,57,15,0.03,90.47574443967743,6.090868234634399
opx,opx_liq,T_C,raw,RF,58,15,0.03,92.02266199974426,6.139300346374512
opx,opx_liq,T_C,raw,RF,59,15,0.03,92.98825023924405,6.014331340789795
opx,opx_liq,T_C,raw,RF,60,15,0.03,90.3166083502099,5.857543230056763
opx,opx_liq,T_C,raw,RF,61,15,0.03,92.78177096938879,6.15390157699585
opx,opx_liq,T_C,raw,ERT,42,15,0.03,92.33165131660432,3.132556438446045
opx,opx_liq,T_C,raw,ERT,43,15,0.03,92.69745807150794,3.174734115600586
opx,opx_liq,T_C,raw,ERT,44,15,0.03,92.99404939964734,3.143263816833496
opx,opx_liq,T_C,raw,ERT,45,15,0.03,92.68460095968052,3.140900135040283
opx,opx_liq,T_C,raw,ERT,46,15,0.03,92.7506678697419,3.828631639480591
opx,opx_liq,T_C,raw,ERT,47,15,0.03,92.40540533733571,3.200209617614746
opx,opx_liq,T_C,raw,ERT,48,15,0.03,92.91567237388415,3.001443386077881
opx,opx_liq,T_C,raw,ERT,49,15,0.03,93.0047627977209,3.1501121520996094
opx,opx_liq,T_C,raw,ERT,50,15,0.03,92.27786624669504,3.1982407569885254
opx,opx_liq,T_C,raw,ERT,51,15,0.03,92.70799192224385,3.190328598022461
opx,opx_liq,T_C,raw,ERT,52,15,0.03,92.66311116967822,3.026533365249634
opx,opx_liq,T_C,raw,ERT,53,15,0.03,92.13390940725183,3.3084206581115723
opx,opx_liq,T_C,raw,ERT,54,15,0.03,92.27264542032925,3.203315496444702
opx,opx_liq,T_C,raw,ERT,55,15,0.03,92.98256530414302,3.2460594177246094
opx,opx_liq,T_C,raw,ERT,56,15,0.03,92.69701258393104,4.158674955368042
opx,opx_liq,T_C,raw,ERT,57,15,0.03,92.07158986924105,3.7174923419952393
opx,opx_liq,T_C,raw,ERT,58,15,0.03,93.27797864717739,3.6749050617218018
opx,opx_liq,T_C,raw,ERT,59,15,0.03,92.82160639362453,3.1984517574310303
opx,opx_liq,T_C,raw,ERT,60,15,0.03,92.26174201463068,3.210196018218994
opx,opx_liq,T_C,raw,ERT,61,15,0.03,93.35196759522685,3.222047805786133
opx,opx_liq,T_C,raw,XGB,42,15,0.03,89.85716320283765,1.617475986480713
opx,opx_liq,T_C,raw,XGB,43,15,0.03,89.14188758756676,1.515913724899292
opx,opx_liq,T_C,raw,XGB,44,15,0.03,89.79439425802187,1.3171546459197998
opx,opx_liq,T_C,raw,XGB,45,15,0.03,91.18969189555398,1.396691083908081
opx,opx_liq,T_C,raw,XGB,46,15,0.03,89.97989896924562,1.4460835456848145
opx,opx_liq,T_C,raw,XGB,47,15,0.03,90.16957979019547,1.3578159809112549
opx,opx_liq,T_C,raw,XGB,48,15,0.03,90.28119709694855,1.6720564365386963
opx,opx_liq,T_C,raw,XGB,49,15,0.03,89.63967721085959,1.5292603969573975
opx,opx_liq,T_C,raw,XGB,50,15,0.03,88.56975723282477,1.398928165435791
opx,opx_liq,T_C,raw,XGB,51,15,0.03,89.7348657228383,1.4998314380645752
opx,opx_liq,T_C,raw,XGB,52,15,0.03,90.26875351515766,1.4358303546905518
opx,opx_liq,T_C,raw,XGB,53,15,0.03,89.63877648265672,1.5676510334014893
opx,opx_liq,T_C,raw,XGB,54,15,0.03,88.34173154710129,1.315087080001831
opx,opx_liq,T_C,raw,XGB,55,15,0.03,88.04746231524294,1.5183138847351074
opx,opx_liq,T_C,raw,XGB,56,15,0.03,89.12551588746084,1.7121243476867676
opx,opx_liq,T_C,raw,XGB,57,15,0.03,89.81785157287801,1.1974401473999023
opx,opx_liq,T_C,raw,XGB,58,15,0.03,89.45407756527455,1.4152395725250244
opx,opx_liq,T_C,raw,XGB,59,15,0.03,90.11974417576455,1.51131010055542
opx,opx_liq,T_C,raw,XGB,60,15,0.03,88.46825423496416,1.720083475112915
opx,opx_liq,T_C,raw,XGB,61,15,0.03,91.42398396319022,1.4379830360412598
opx,opx_liq,T_C,raw,GB,42,15,0.03,89.13341936623254,2.899583339691162
opx,opx_liq,T_C,raw,GB,43,15,0.03,90.22331236806963,0.8442277908325195
opx,opx_liq,T_C,raw,GB,44,15,0.03,90.92385336015766,0.9175286293029785
opx,opx_liq,T_C,raw,GB,45,15,0.03,90.82187447523087,1.2123353481292725
opx,opx_liq,T_C,raw,GB,46,15,0.03,89.77905924749507,0.9703969955444336
opx,opx_liq,T_C,raw,GB,47,15,0.03,90.16597976688575,1.3660719394683838
opx,opx_liq,T_C,raw,GB,48,15,0.03,90.60875595401873,1.1186151504516602
opx,opx_liq,T_C,raw,GB,49,15,0.03,90.03787051961663,1.0873539447784424
opx,opx_liq,T_C,raw,GB,50,15,0.03,89.83513769918589,1.0738089084625244
opx,opx_liq,T_C,raw,GB,51,15,0.03,89.70555410609379,1.1996095180511475
opx,opx_liq,T_C,raw,GB,52,15,0.03,91.16285010316312,1.063979148864746
opx,opx_liq,T_C,raw,GB,53,15,0.03,89.13188739551263,0.9131205081939697
opx,opx_liq,T_C,raw,GB,54,15,0.03,88.49300678125404,0.9710297584533691
opx,opx_liq,T_C,raw,GB,55,15,0.03,89.24242159218485,0.8548195362091064
opx,opx_liq,T_C,raw,GB,56,15,0.03,89.58234123788179,1.256330966949463
opx,opx_liq,T_C,raw,GB,57,15,0.03,89.29004451616622,0.9532475471496582
opx,opx_liq,T_C,raw,GB,58,15,0.03,89.59234931788902,0.9434378147125244
opx,opx_liq,T_C,raw,GB,59,15,0.03,90.65970090790465,0.817610502243042
opx,opx_liq,T_C,raw,GB,60,15,0.03,88.45739896113497,0.985882043838501
opx,opx_liq,T_C,raw,GB,61,15,0.03,91.71822763753013,0.9956803321838379
opx,opx_liq,T_C,raw,CatBoost,42,15,0.03,89.50563802423397,1.2990334033966064
opx,opx_liq,T_C,raw,CatBoost,43,15,0.03,90.41541955256463,1.3658199310302734
opx,opx_liq,T_C,raw,CatBoost,44,15,0.03,91.16032069693898,1.4589829444885254
opx,opx_liq,T_C,raw,CatBoost,45,15,0.03,91.4839186491598,1.4771177768707275
opx,opx_liq,T_C,raw,CatBoost,46,15,0.03,88.98109724951138,1.1256213188171387
opx,opx_liq,T_C,raw,CatBoost,47,15,0.03,91.49596215687197,0.9572763442993164
opx,opx_liq,T_C,raw,CatBoost,48,15,0.03,90.33501877187636,1.03879714012146
opx,opx_liq,T_C,raw,CatBoost,49,15,0.03,89.74524922539909,1.0819392204284668
opx,opx_liq,T_C,raw,CatBoost,50,15,0.03,88.97550231642809,1.1584951877593994
opx,opx_liq,T_C,raw,CatBoost,51,15,0.03,89.51183519039762,1.179715633392334
opx,opx_liq,T_C,raw,CatBoost,52,15,0.03,91.79139242314639,1.0034546852111816
opx,opx_liq,T_C,raw,CatBoost,53,15,0.03,90.6463366427306,1.1420903205871582
opx,opx_liq,T_C,raw,CatBoost,54,15,0.03,89.59735881135947,1.0867664813995361
opx,opx_liq,T_C,raw,CatBoost,55,15,0.03,89.14744840871386,1.1973745822906494
opx,opx_liq,T_C,raw,CatBoost,56,15,0.03,90.72414085249902,1.0942256450653076
opx,opx_liq,T_C,raw,CatBoost,57,15,0.03,90.44668846897841,1.0126948356628418
opx,opx_liq,T_C,raw,CatBoost,58,15,0.03,89.74938086984903,1.0344693660736084
opx,opx_liq,T_C,raw,CatBoost,59,15,0.03,90.26885313509645,1.085979700088501
opx,opx_liq,T_C,raw,CatBoost,60,15,0.03,90.69635577841277,1.1809120178222656
opx,opx_liq,T_C,raw,CatBoost,61,15,0.03,89.57625004963336,1.0369713306427002
opx,opx_liq,T_C,raw,LightGBM,42,15,0.03,90.61749089734934,0.5588319301605225
opx,opx_liq,T_C,raw,LightGBM,43,15,0.03,90.63720113763439,0.4740009307861328
opx,opx_liq,T_C,raw,LightGBM,44,15,0.03,90.53730532135862,0.7425472736358643
opx,opx_liq,T_C,raw,LightGBM,45,15,0.03,91.22299397698156,0.6318933963775635
opx,opx_liq,T_C,raw,LightGBM,46,15,0.03,91.23338181484357,0.5107038021087646
opx,opx_liq,T_C,raw,LightGBM,47,15,0.03,91.65955438375912,0.5386288166046143
opx,opx_liq,T_C,raw,LightGBM,48,15,0.03,92.17863026693014,0.6935560703277588
opx,opx_liq,T_C,raw,LightGBM,49,15,0.03,91.67173122689242,0.6095716953277588
opx,opx_liq,T_C,raw,LightGBM,50,15,0.03,88.87269000479478,0.6579403877258301
opx,opx_liq,T_C,raw,LightGBM,51,15,0.03,90.8249795415041,0.6523876190185547
opx,opx_liq,T_C,raw,LightGBM,52,15,0.03,93.34272661005862,0.6745080947875977
opx,opx_liq,T_C,raw,LightGBM,53,15,0.03,90.00027910473442,1.0353765487670898
opx,opx_liq,T_C,raw,LightGBM,54,15,0.03,90.53220444312807,0.9233052730560303
opx,opx_liq,T_C,raw,LightGBM,55,15,0.03,90.48901960184668,0.9958400726318359
opx,opx_liq,T_C,raw,LightGBM,56,15,0.03,91.14724997918495,0.9327347278594971
opx,opx_liq,T_C,raw,LightGBM,57,15,0.03,90.73469176285103,1.5399792194366455
opx,opx_liq,T_C,raw,LightGBM,58,15,0.03,90.80995198227592,0.806865930557251
opx,opx_liq,T_C,raw,LightGBM,59,15,0.03,91.31496175224808,0.7104141712188721
opx,opx_liq,T_C,raw,LightGBM,60,15,0.03,89.8870069554839,0.6864855289459229
opx,opx_liq,T_C,raw,LightGBM,61,15,0.03,93.79425285975222,0.7170600891113281
opx,opx_liq,T_C,raw,ElasticNet,42,15,0.03,77.08604361246275,0.025109529495239258
opx,opx_liq,T_C,raw,ElasticNet,43,15,0.03,77.18827223788848,0.016504526138305664
opx,opx_liq,T_C,raw,ElasticNet,44,15,0.03,77.24636056157284,0.025278091430664062
opx,opx_liq,T_C,raw,ElasticNet,45,15,0.03,77.1869250150112,0.020566701889038086
opx,opx_liq,T_C,raw,ElasticNet,46,15,0.03,77.08497887423863,0.021962642669677734
opx,opx_liq,T_C,raw,ElasticNet,47,15,0.03,77.41575783671563,0.014769315719604492
opx,opx_liq,T_C,raw,ElasticNet,48,15,0.03,77.12147075890722,0.02025318145751953
opx,opx_liq,T_C,raw,ElasticNet,49,15,0.03,77.19633259544965,0.017675399780273438
opx,opx_liq,T_C,raw,ElasticNet,50,15,0.03,77.18014920182061,0.013397932052612305
opx,opx_liq,T_C,raw,ElasticNet,51,15,0.03,77.09575443106374,0.014236688613891602
opx,opx_liq,T_C,raw,ElasticNet,52,15,0.03,77.2739437976022,0.012943744659423828
opx,opx_liq,T_C,raw,ElasticNet,53,15,0.03,77.36954432879037,0.018980026245117188
opx,opx_liq,T_C,raw,ElasticNet,54,15,0.03,77.06110474637427,0.019739866256713867
opx,opx_liq,T_C,raw,ElasticNet,55,15,0.03,77.14860615614215,0.01155543327331543
opx,opx_liq,T_C,raw,ElasticNet,56,15,0.03,77.21281458200184,0.01255035400390625
opx,opx_liq,T_C,raw,ElasticNet,57,15,0.03,77.36745647126935,0.013566732406616211
opx,opx_liq,T_C,raw,ElasticNet,58,15,0.03,77.02025989102903,0.015912532806396484
opx,opx_liq,T_C,raw,ElasticNet,59,15,0.03,77.10339599794501,0.018711328506469727
opx,opx_liq,T_C,raw,ElasticNet,60,15,0.03,77.23416885063,0.015987634658813477
opx,opx_liq,T_C,raw,ElasticNet,61,15,0.03,77.20867018070642,0.018398046493530273
opx,opx_liq,T_C,raw,MLP,42,15,0.03,103.86676789152081,5.619807958602905
opx,opx_liq,T_C,raw,MLP,43,15,0.03,104.90102418535936,4.805923700332642
opx,opx_liq,T_C,raw,MLP,44,15,0.03,108.71384819661083,4.320279598236084
opx,opx_liq,T_C,raw,MLP,45,15,0.03,103.8568811416108,5.799001216888428
opx,opx_liq,T_C,raw,MLP,46,15,0.03,101.44307476969587,4.741572380065918
opx,opx_liq,T_C,raw,MLP,47,15,0.03,119.98278171331286,10.617959260940552
opx,opx_liq,T_C,raw,MLP,48,15,0.03,102.04101161107609,4.2713096141815186
opx,opx_liq,T_C,raw,MLP,49,15,0.03,103.50774952857466,4.093441724777222
opx,opx_liq,T_C,raw,MLP,50,15,0.03,104.48305510971478,3.3882367610931396
opx,opx_liq,T_C,raw,MLP,51,15,0.03,105.17978840521131,3.677086353302002
opx,opx_liq,T_C,raw,MLP,52,15,0.03,107.08819865298686,3.843083143234253
opx,opx_liq,T_C,raw,MLP,53,15,0.03,104.76165531191334,4.602081775665283
opx,opx_liq,T_C,raw,MLP,54,15,0.03,102.4514959608008,4.2907023429870605
opx,opx_liq,T_C,raw,MLP,55,15,0.03,107.70381793408669,4.939524412155151
opx,opx_liq,T_C,raw,MLP,56,15,0.03,103.23198504034188,3.547203779220581
opx,opx_liq,T_C,raw,MLP,57,15,0.03,100.62418648548329,4.214484453201294
opx,opx_liq,T_C,raw,MLP,58,15,0.03,102.84007777293411,8.031844854354858
opx,opx_liq,T_C,raw,MLP,59,15,0.03,107.47864072009514,5.215141773223877
opx,opx_liq,T_C,raw,MLP,60,15,0.03,121.8029317038992,18.091572284698486
opx,opx_liq,T_C,raw,MLP,61,15,0.03,106.22388703620533,4.9421398639678955
opx,opx_liq,T_C,alr,RF,42,15,0.03,159.2896204102911,5.818869590759277
opx,opx_liq,T_C,alr,RF,43,15,0.03,163.66491456246135,6.377405643463135
opx,opx_liq,T_C,alr,RF,44,15,0.03,161.90491173481377,5.849317789077759
opx,opx_liq,T_C,alr,RF,45,15,0.03,162.83397713806164,6.0014328956604
opx,opx_liq,T_C,alr,RF,46,15,0.03,162.4266415445103,5.997707366943359
opx,opx_liq,T_C,alr,RF,47,15,0.03,159.6988194837032,5.872109413146973
opx,opx_liq,T_C,alr,RF,48,15,0.03,162.68485064791466,5.86699366569519
opx,opx_liq,T_C,alr,RF,49,15,0.03,162.18259401538472,5.850676774978638
opx,opx_liq,T_C,alr,RF,50,15,0.03,160.388063915544,5.930141925811768
opx,opx_liq,T_C,alr,RF,51,15,0.03,157.97690319688365,5.9529030323028564
opx,opx_liq,T_C,alr,RF,52,15,0.03,159.11762861187532,6.659454584121704
opx,opx_liq,T_C,alr,RF,53,15,0.03,157.9460980431668,5.901458978652954
opx,opx_liq,T_C,alr,RF,54,15,0.03,155.29741170774457,5.9208824634552
opx,opx_liq,T_C,alr,RF,55,15,0.03,163.28255379567264,5.994641542434692
opx,opx_liq,T_C,alr,RF,56,15,0.03,157.36877512645796,6.267780065536499
opx,opx_liq,T_C,alr,RF,57,15,0.03,158.78685724701606,5.949563026428223
opx,opx_liq,T_C,alr,RF,58,15,0.03,162.4995698503299,5.874053239822388
opx,opx_liq,T_C,alr,RF,59,15,0.03,160.86827950436933,6.0707597732543945
opx,opx_liq,T_C,alr,RF,60,15,0.03,159.35172656261884,7.548617362976074
opx,opx_liq,T_C,alr,RF,61,15,0.03,161.15949206679846,6.929590463638306
opx,opx_liq,T_C,alr,ERT,42,15,0.03,157.87921527984722,0.874065637588501
opx,opx_liq,T_C,alr,ERT,43,15,0.03,155.75482467840297,0.8691995143890381
opx,opx_liq,T_C,alr,ERT,44,15,0.03,157.9219848275098,1.1604244709014893
opx,opx_liq,T_C,alr,ERT,45,15,0.03,156.33979177936706,1.0950632095336914
opx,opx_liq,T_C,alr,ERT,46,15,0.03,156.18986950603855,0.9558641910552979
opx,opx_liq,T_C,alr,ERT,47,15,0.03,157.23748050729694,0.8948009014129639
opx,opx_liq,T_C,alr,ERT,48,15,0.03,158.37752352331182,0.8695194721221924
opx,opx_liq,T_C,alr,ERT,49,15,0.03,155.6219302373852,0.9117493629455566
opx,opx_liq,T_C,alr,ERT,50,15,0.03,158.62807375965556,0.8879542350769043
opx,opx_liq,T_C,alr,ERT,51,15,0.03,157.88287277767236,1.1100149154663086
opx,opx_liq,T_C,alr,ERT,52,15,0.03,156.70737064285424,0.9733736515045166
opx,opx_liq,T_C,alr,ERT,53,15,0.03,157.41833516234428,0.9351131916046143
opx,opx_liq,T_C,alr,ERT,54,15,0.03,156.18575053309328,0.8899164199829102
opx,opx_liq,T_C,alr,ERT,55,15,0.03,157.52108815005025,0.9888217449188232
opx,opx_liq,T_C,alr,ERT,56,15,0.03,157.0321407687551,0.9386138916015625
opx,opx_liq,T_C,alr,ERT,57,15,0.03,157.74629739022475,0.9456675052642822
opx,opx_liq,T_C,alr,ERT,58,15,0.03,156.74787100063568,1.196744441986084
opx,opx_liq,T_C,alr,ERT,59,15,0.03,159.53764900446973,1.0797626972198486
opx,opx_liq,T_C,alr,ERT,60,15,0.03,154.68738916880224,0.8153400421142578
opx,opx_liq,T_C,alr,ERT,61,15,0.03,155.08125838985148,0.7784719467163086
opx,opx_liq,T_C,alr,XGB,42,15,0.03,162.68411085976317,1.8697681427001953
opx,opx_liq,T_C,alr,XGB,43,15,0.03,163.1893785774103,1.8149170875549316
opx,opx_liq,T_C,alr,XGB,44,15,0.03,161.46891178890232,1.9685678482055664
opx,opx_liq,T_C,alr,XGB,45,15,0.03,162.36880209455774,1.5591816902160645
opx,opx_liq,T_C,alr,XGB,46,15,0.03,160.74626094688767,1.8957574367523193
opx,opx_liq,T_C,alr,XGB,47,15,0.03,160.3962761492292,1.7129909992218018
opx,opx_liq,T_C,alr,XGB,48,15,0.03,164.44232515719932,1.9090776443481445
opx,opx_liq,T_C,alr,XGB,49,15,0.03,160.53064265927028,1.8526833057403564
opx,opx_liq,T_C,alr,XGB,50,15,0.03,161.36361936687803,1.9378271102905273
opx,opx_liq,T_C,alr,XGB,51,15,0.03,156.51187393860354,2.034954309463501
opx,opx_liq,T_C,alr,XGB,52,15,0.03,164.1247682716934,1.7548093795776367
opx,opx_liq,T_C,alr,XGB,53,15,0.03,159.41718343771933,1.6335930824279785
opx,opx_liq,T_C,alr,XGB,54,15,0.03,160.35675484932216,1.5796434879302979
opx,opx_liq,T_C,alr,XGB,55,15,0.03,160.74109023112663,2.2519216537475586
opx,opx_liq,T_C,alr,XGB,56,15,0.03,160.05962368017677,1.9676263332366943
opx,opx_liq,T_C,alr,XGB,57,15,0.03,159.28133944125003,2.3246047496795654
opx,opx_liq,T_C,alr,XGB,58,15,0.03,163.15862515740523,17.242428064346313
opx,opx_liq,T_C,alr,XGB,59,15,0.03,160.84008257473798,17.196584224700928
opx,opx_liq,T_C,alr,XGB,60,15,0.03,160.30452545202903,17.049343585968018
opx,opx_liq,T_C,alr,XGB,61,15,0.03,160.1059573728954,7.181149244308472
opx,opx_liq,T_C,alr,GB,42,15,0.03,149.49486790063136,4.001073360443115
opx,opx_liq,T_C,alr,GB,43,15,0.03,152.65289343214604,2.895320177078247
opx,opx_liq,T_C,alr,GB,44,15,0.03,152.56846995744536,2.9162063598632812
opx,opx_liq,T_C,alr,GB,45,15,0.03,152.4722998869228,3.7353785037994385
opx,opx_liq,T_C,alr,GB,46,15,0.03,154.3194257754878,4.629902362823486
opx,opx_liq,T_C,alr,GB,47,15,0.03,151.4056452255162,2.6629178524017334
opx,opx_liq,T_C,alr,GB,48,15,0.03,149.3459739354479,3.018338203430176
opx,opx_liq,T_C,alr,GB,49,15,0.03,153.5757909439187,2.865107297897339
opx,opx_liq,T_C,alr,GB,50,15,0.03,150.49891569571375,5.003262281417847
opx,opx_liq,T_C,alr,GB,51,15,0.03,153.2029157680787,5.1280553340911865
opx,opx_liq,T_C,alr,GB,52,15,0.03,149.53721173589926,5.580543279647827
opx,opx_liq,T_C,alr,GB,53,15,0.03,149.7531829286958,5.089064359664917
opx,opx_liq,T_C,alr,GB,54,15,0.03,151.1796464637809,5.611644744873047
opx,opx_liq,T_C,alr,GB,55,15,0.03,153.24736350370083,4.692197322845459
opx,opx_liq,T_C,alr,GB,56,15,0.03,150.25732219359537,3.8880932331085205
opx,opx_liq,T_C,alr,GB,57,15,0.03,151.07536921490126,4.217206716537476
opx,opx_liq,T_C,alr,GB,58,15,0.03,149.32477250988836,3.9321022033691406
opx,opx_liq,T_C,alr,GB,59,15,0.03,152.95864486860918,3.8641066551208496
opx,opx_liq,T_C,alr,GB,60,15,0.03,152.13037909891966,3.786522388458252
opx,opx_liq,T_C,alr,GB,61,15,0.03,152.59993691649916,2.987332344055176
opx,opx_liq,T_C,alr,CatBoost,42,15,0.03,142.3453115726895,2.196366786956787
opx,opx_liq,T_C,alr,CatBoost,43,15,0.03,140.80631790415984,2.1325862407684326
opx,opx_liq,T_C,alr,CatBoost,44,15,0.03,139.39853325183196,2.3974575996398926
opx,opx_liq,T_C,alr,CatBoost,45,15,0.03,140.29865556119142,2.001255512237549
opx,opx_liq,T_C,alr,CatBoost,46,15,0.03,139.1713639309203,1.9428801536560059
opx,opx_liq,T_C,alr,CatBoost,47,15,0.03,139.66619313303826,2.0862436294555664
opx,opx_liq,T_C,alr,CatBoost,48,15,0.03,142.19030825877823,2.1163525581359863
opx,opx_liq,T_C,alr,CatBoost,49,15,0.03,142.45613504248965,2.082070827484131
opx,opx_liq,T_C,alr,CatBoost,50,15,0.03,143.0430553328582,2.141922950744629
opx,opx_liq,T_C,alr,CatBoost,51,15,0.03,140.9048239091127,1.8668255805969238
opx,opx_liq,T_C,alr,CatBoost,52,15,0.03,138.77809806158422,2.1683013439178467
opx,opx_liq,T_C,alr,CatBoost,53,15,0.03,139.9060909429121,1.9545485973358154
opx,opx_liq,T_C,alr,CatBoost,54,15,0.03,139.83860738841412,2.4400932788848877
opx,opx_liq,T_C,alr,CatBoost,55,15,0.03,140.49805809111663,2.107739210128784
opx,opx_liq,T_C,alr,CatBoost,56,15,0.03,138.5684514671571,1.981982707977295
opx,opx_liq,T_C,alr,CatBoost,57,15,0.03,141.49378831225647,2.0723843574523926
opx,opx_liq,T_C,alr,CatBoost,58,15,0.03,141.08270945095165,2.048462390899658
opx,opx_liq,T_C,alr,CatBoost,59,15,0.03,140.00462918752328,2.055126190185547
opx,opx_liq,T_C,alr,CatBoost,60,15,0.03,141.57358142540176,2.0741047859191895
opx,opx_liq,T_C,alr,CatBoost,61,15,0.03,141.24857159497114,1.9542560577392578
opx,opx_liq,T_C,alr,LightGBM,42,15,0.03,156.7952066971341,0.8046245574951172
opx,opx_liq,T_C,alr,LightGBM,43,15,0.03,156.4292723937648,0.906303882598877
opx,opx_liq,T_C,alr,LightGBM,44,15,0.03,160.64562025202787,0.665585994720459
opx,opx_liq,T_C,alr,LightGBM,45,15,0.03,154.0578147876603,0.6418235301971436
opx,opx_liq,T_C,alr,LightGBM,46,15,0.03,160.13431453148692,0.7829713821411133
opx,opx_liq,T_C,alr,LightGBM,47,15,0.03,153.39032840399256,0.9548518657684326
opx,opx_liq,T_C,alr,LightGBM,48,15,0.03,155.0775483633806,0.8818807601928711
opx,opx_liq,T_C,alr,LightGBM,49,15,0.03,156.60056719004726,0.9371428489685059
opx,opx_liq,T_C,alr,LightGBM,50,15,0.03,158.30547761431717,0.8879396915435791
opx,opx_liq,T_C,alr,LightGBM,51,15,0.03,153.9158816834607,1.030843734741211
opx,opx_liq,T_C,alr,LightGBM,52,15,0.03,155.49091575394394,0.991020679473877
opx,opx_liq,T_C,alr,LightGBM,53,15,0.03,156.55990047160537,0.757824182510376
opx,opx_liq,T_C,alr,LightGBM,54,15,0.03,152.92926687510902,0.7973566055297852
opx,opx_liq,T_C,alr,LightGBM,55,15,0.03,155.88965736195843,0.8436629772186279
opx,opx_liq,T_C,alr,LightGBM,56,15,0.03,156.00142165616955,0.8409891128540039
opx,opx_liq,T_C,alr,LightGBM,57,15,0.03,158.49518044104533,0.66867995262146
opx,opx_liq,T_C,alr,LightGBM,58,15,0.03,159.6942664391038,0.6742472648620605
opx,opx_liq,T_C,alr,LightGBM,59,15,0.03,154.9369462941657,0.8354470729827881
opx,opx_liq,T_C,alr,LightGBM,60,15,0.03,152.60940524975882,0.7398505210876465
opx,opx_liq,T_C,alr,LightGBM,61,15,0.03,151.47391721209533,0.8231875896453857
opx,opx_liq,T_C,alr,ElasticNet,42,15,0.03,93.00082760765548,0.16381573677062988
opx,opx_liq,T_C,alr,ElasticNet,43,15,0.03,93.20126835773102,0.10802984237670898
opx,opx_liq,T_C,alr,ElasticNet,44,15,0.03,93.13589945125489,0.09427928924560547
opx,opx_liq,T_C,alr,ElasticNet,45,15,0.03,93.06793348272524,0.08898425102233887
opx,opx_liq,T_C,alr,ElasticNet,46,15,0.03,93.12020953634322,0.08308768272399902
opx,opx_liq,T_C,alr,ElasticNet,47,15,0.03,93.15100479041794,0.08171606063842773
opx,opx_liq,T_C,alr,ElasticNet,48,15,0.03,93.06232789831938,0.09079766273498535
opx,opx_liq,T_C,alr,ElasticNet,49,15,0.03,93.00348988954435,0.08798503875732422
opx,opx_liq,T_C,alr,ElasticNet,50,15,0.03,93.02533128822058,0.08694314956665039
opx,opx_liq,T_C,alr,ElasticNet,51,15,0.03,93.08373594491361,0.08574438095092773
opx,opx_liq,T_C,alr,ElasticNet,52,15,0.03,93.15423983790177,0.08202672004699707
opx,opx_liq,T_C,alr,ElasticNet,53,15,0.03,93.1132552071757,0.08354520797729492
opx,opx_liq,T_C,alr,ElasticNet,54,15,0.03,92.9193009914754,0.08350467681884766
opx,opx_liq,T_C,alr,ElasticNet,55,15,0.03,93.09940431505719,0.07989192008972168
opx,opx_liq,T_C,alr,ElasticNet,56,15,0.03,93.07618187573436,0.07906937599182129
opx,opx_liq,T_C,alr,ElasticNet,57,15,0.03,93.11802139671178,0.08346962928771973
opx,opx_liq,T_C,alr,ElasticNet,58,15,0.03,93.09376234242868,0.07926344871520996
opx,opx_liq,T_C,alr,ElasticNet,59,15,0.03,93.04409305390105,0.084869384765625
opx,opx_liq,T_C,alr,ElasticNet,60,15,0.03,92.9804078326999,0.078948974609375
opx,opx_liq,T_C,alr,ElasticNet,61,15,0.03,92.93211098016644,0.07805895805358887
opx,opx_liq,T_C,alr,MLP,42,15,0.03,116.37520559132062,13.365234136581421
opx,opx_liq,T_C,alr,MLP,43,15,0.03,146.5935581051723,26.59413170814514
opx,opx_liq,T_C,alr,MLP,44,15,0.03,100.83261500826654,34.330865144729614
opx,opx_liq,T_C,alr,MLP,45,15,0.03,107.55549863122296,33.43422770500183
opx,opx_liq,T_C,alr,MLP,46,15,0.03,147.36434361684925,32.153069257736206
opx,opx_liq,T_C,alr,MLP,47,15,0.03,133.52698476358933,14.835235834121704
opx,opx_liq,T_C,alr,MLP,48,15,0.03,143.22241982269148,27.660417079925537
opx,opx_liq,T_C,alr,MLP,49,15,0.03,111.50979602007271,26.273168087005615
opx,opx_liq,T_C,alr,MLP,50,15,0.03,145.44159056923118,32.17227244377136
opx,opx_liq,T_C,alr,MLP,51,15,0.03,94.51144284469946,32.23646640777588
opx,opx_liq,T_C,alr,MLP,52,15,0.03,95.87542578847409,31.800723791122437
opx,opx_liq,T_C,alr,MLP,53,15,0.03,148.25562818581818,30.52800679206848
opx,opx_liq,T_C,alr,MLP,54,15,0.03,124.3877475720777,18.614858388900757
opx,opx_liq,T_C,alr,MLP,55,15,0.03,135.5971751648323,32.476396799087524
opx,opx_liq,T_C,alr,MLP,56,15,0.03,119.84186422939102,23.03384494781494
opx,opx_liq,T_C,alr,MLP,57,15,0.03,94.05446774305524,32.33386969566345
opx,opx_liq,T_C,alr,MLP,58,15,0.03,110.96979410203014,32.87507247924805
opx,opx_liq,T_C,alr,MLP,59,15,0.03,141.480604068692,32.092835426330566
opx,opx_liq,T_C,alr,MLP,60,15,0.03,108.33533033269207,29.783655166625977
opx,opx_liq,T_C,alr,MLP,61,15,0.03,141.6307882863361,29.866894006729126
opx,opx_liq,T_C,pwlr,RF,42,15,0.03,91.72396366652356,19.901060104370117
opx,opx_liq,T_C,pwlr,RF,43,15,0.03,92.17688769503532,19.881521701812744
opx,opx_liq,T_C,pwlr,RF,44,15,0.03,93.55741117066347,19.93314790725708
opx,opx_liq,T_C,pwlr,RF,45,15,0.03,91.4621432089046,20.121689319610596
opx,opx_liq,T_C,pwlr,RF,46,15,0.03,91.72506323878304,19.71287202835083
opx,opx_liq,T_C,pwlr,RF,47,15,0.03,94.11421138335338,20.16041660308838
opx,opx_liq,T_C,pwlr,RF,48,15,0.03,92.91632544881894,19.797403812408447
opx,opx_liq,T_C,pwlr,RF,49,15,0.03,91.63427925071606,20.03485345840454
opx,opx_liq,T_C,pwlr,RF,50,15,0.03,92.50576777829775,19.703643798828125
opx,opx_liq,T_C,pwlr,RF,51,15,0.03,91.53284734581462,20.155006170272827
opx,opx_liq,T_C,pwlr,RF,52,15,0.03,91.66116087386597,19.855936765670776
opx,opx_liq,T_C,pwlr,RF,53,15,0.03,91.87528277865897,19.989346981048584
opx,opx_liq,T_C,pwlr,RF,54,15,0.03,91.53912182294263,19.715189933776855
opx,opx_liq,T_C,pwlr,RF,55,15,0.03,91.5048855618243,19.965949773788452
opx,opx_liq,T_C,pwlr,RF,56,15,0.03,91.78359070685269,19.50978684425354
opx,opx_liq,T_C,pwlr,RF,57,15,0.03,92.57572947787229,19.935874938964844
opx,opx_liq,T_C,pwlr,RF,58,15,0.03,94.32184127421112,19.790946006774902
opx,opx_liq,T_C,pwlr,RF,59,15,0.03,91.49345000577617,19.75431227684021
opx,opx_liq,T_C,pwlr,RF,60,15,0.03,91.48341442313519,20.128214359283447
opx,opx_liq,T_C,pwlr,RF,61,15,0.03,91.8099703666395,19.657857418060303
opx,opx_liq,T_C,pwlr,ERT,42,15,0.03,88.06951754289146,2.7230358123779297
opx,opx_liq,T_C,pwlr,ERT,43,15,0.03,88.04365014069569,2.546830892562866
opx,opx_liq,T_C,pwlr,ERT,44,15,0.03,88.51064248681553,2.625338077545166
opx,opx_liq,T_C,pwlr,ERT,45,15,0.03,88.64059730780423,2.535174608230591
opx,opx_liq,T_C,pwlr,ERT,46,15,0.03,90.10359215144426,2.591210126876831
opx,opx_liq,T_C,pwlr,ERT,47,15,0.03,88.4654461271448,2.747403383255005
opx,opx_liq,T_C,pwlr,ERT,48,15,0.03,88.41193648163997,2.703450918197632
opx,opx_liq,T_C,pwlr,ERT,49,15,0.03,88.41177056848625,2.5179738998413086
opx,opx_liq,T_C,pwlr,ERT,50,15,0.03,87.93714191059905,2.448927164077759
opx,opx_liq,T_C,pwlr,ERT,51,15,0.03,87.17533581413824,2.512539863586426
opx,opx_liq,T_C,pwlr,ERT,52,15,0.03,89.04407608926742,2.5777578353881836
opx,opx_liq,T_C,pwlr,ERT,53,15,0.03,88.25895453985835,2.622936487197876
opx,opx_liq,T_C,pwlr,ERT,54,15,0.03,87.9776767386544,2.4548211097717285
opx,opx_liq,T_C,pwlr,ERT,55,15,0.03,87.43721412737783,2.679239273071289
opx,opx_liq,T_C,pwlr,ERT,56,15,0.03,88.10456917478308,2.5649757385253906
opx,opx_liq,T_C,pwlr,ERT,57,15,0.03,88.88475695447988,2.627985715866089
opx,opx_liq,T_C,pwlr,ERT,58,15,0.03,88.01131539815559,2.4622631072998047
opx,opx_liq,T_C,pwlr,ERT,59,15,0.03,88.30949373865049,2.6415748596191406
opx,opx_liq,T_C,pwlr,ERT,60,15,0.03,88.30781924425753,2.636823892593384
opx,opx_liq,T_C,pwlr,ERT,61,15,0.03,89.03335888645226,2.5078577995300293
opx,opx_liq,T_C,pwlr,XGB,42,15,0.03,90.55674276947073,0.7041819095611572
opx,opx_liq,T_C,pwlr,XGB,43,15,0.03,94.54768836271668,0.5509023666381836
opx,opx_liq,T_C,pwlr,XGB,44,15,0.03,91.58095032554372,0.5179994106292725
opx,opx_liq,T_C,pwlr,XGB,45,15,0.03,89.24404969031742,0.5383579730987549
opx,opx_liq,T_C,pwlr,XGB,46,15,0.03,91.73026145240678,0.5177915096282959
opx,opx_liq,T_C,pwlr,XGB,47,15,0.03,92.06100710610141,0.5352566242218018
opx,opx_liq,T_C,pwlr,XGB,48,15,0.03,94.01973515506214,0.5138437747955322
opx,opx_liq,T_C,pwlr,XGB,49,15,0.03,92.56029618720503,0.5671584606170654
opx,opx_liq,T_C,pwlr,XGB,50,15,0.03,91.60185638035624,0.6719563007354736
opx,opx_liq,T_C,pwlr,XGB,51,15,0.03,91.94669192608595,0.6080615520477295
opx,opx_liq,T_C,pwlr,XGB,52,15,0.03,94.45022811167026,0.6471152305603027
opx,opx_liq,T_C,pwlr,XGB,53,15,0.03,94.26455052866369,0.5108261108398438
opx,opx_liq,T_C,pwlr,XGB,54,15,0.03,91.42043982431638,0.5447671413421631
opx,opx_liq,T_C,pwlr,XGB,55,15,0.03,91.70462877589901,0.5786588191986084
opx,opx_liq,T_C,pwlr,XGB,56,15,0.03,93.25497380888315,0.5659141540527344
opx,opx_liq,T_C,pwlr,XGB,57,15,0.03,94.5211440229165,0.5516693592071533
opx,opx_liq,T_C,pwlr,XGB,58,15,0.03,95.41686497740088,0.4502706527709961
opx,opx_liq,T_C,pwlr,XGB,59,15,0.03,91.19130967572114,0.552731990814209
opx,opx_liq,T_C,pwlr,XGB,60,15,0.03,93.75553257922739,0.48752903938293457
opx,opx_liq,T_C,pwlr,XGB,61,15,0.03,92.69344214086787,0.5289883613586426
opx,opx_liq,T_C,pwlr,GB,42,15,0.03,94.1229736140441,2.774003744125366
opx,opx_liq,T_C,pwlr,GB,43,15,0.03,96.0355284337577,2.1638784408569336
opx,opx_liq,T_C,pwlr,GB,44,15,0.03,96.31895892635936,2.686816453933716
opx,opx_liq,T_C,pwlr,GB,45,15,0.03,92.14660017459893,2.3025739192962646
opx,opx_liq,T_C,pwlr,GB,46,15,0.03,95.27164372327248,2.418971538543701
opx,opx_liq,T_C,pwlr,GB,47,15,0.03,95.31287216681007,2.3708443641662598
opx,opx_liq,T_C,pwlr,GB,48,15,0.03,95.33332316301438,2.502506971359253
opx,opx_liq,T_C,pwlr,GB,49,15,0.03,95.82830063815291,2.32488751411438
opx,opx_liq,T_C,pwlr,GB,50,15,0.03,95.4433779666063,2.3423383235931396
opx,opx_liq,T_C,pwlr,GB,51,15,0.03,94.14870759626386,2.451653480529785
opx,opx_liq,T_C,pwlr,GB,52,15,0.03,92.10452365851964,3.341670036315918
opx,opx_liq,T_C,pwlr,GB,53,15,0.03,94.46481651560786,2.4039337635040283
opx,opx_liq,T_C,pwlr,GB,54,15,0.03,95.60677745913864,2.2773656845092773
opx,opx_liq,T_C,pwlr,GB,55,15,0.03,92.2682022862738,2.5178120136260986
opx,opx_liq,T_C,pwlr,GB,56,15,0.03,94.410101171304,2.481964349746704
opx,opx_liq,T_C,pwlr,GB,57,15,0.03,95.26675399026345,2.412222385406494
opx,opx_liq,T_C,pwlr,GB,58,15,0.03,96.38889838598539,2.3320188522338867
opx,opx_liq,T_C,pwlr,GB,59,15,0.03,93.53138476147032,2.318502187728882
opx,opx_liq,T_C,pwlr,GB,60,15,0.03,95.28337875094806,2.6856305599212646
opx,opx_liq,T_C,pwlr,GB,61,15,0.03,94.97664924581201,2.7870097160339355
opx,opx_liq,T_C,pwlr,CatBoost,42,15,0.03,91.07545186402263,4.499547243118286
opx,opx_liq,T_C,pwlr,CatBoost,43,15,0.03,91.83808790718251,4.491333246231079
opx,opx_liq,T_C,pwlr,CatBoost,44,15,0.03,92.74094893332376,4.487762928009033
opx,opx_liq,T_C,pwlr,CatBoost,45,15,0.03,91.03653485868864,4.472223997116089
opx,opx_liq,T_C,pwlr,CatBoost,46,15,0.03,91.31823574267548,4.817484617233276
opx,opx_liq,T_C,pwlr,CatBoost,47,15,0.03,92.9142189389437,4.497544527053833
opx,opx_liq,T_C,pwlr,CatBoost,48,15,0.03,91.69008879937468,4.630669355392456
opx,opx_liq,T_C,pwlr,CatBoost,49,15,0.03,92.10411359068502,4.6123363971710205
opx,opx_liq,T_C,pwlr,CatBoost,50,15,0.03,91.31045815311309,4.648944616317749
opx,opx_liq,T_C,pwlr,CatBoost,51,15,0.03,90.27044974005304,4.6355650424957275
opx,opx_liq,T_C,pwlr,CatBoost,52,15,0.03,92.05400618407062,4.649784564971924
opx,opx_liq,T_C,pwlr,CatBoost,53,15,0.03,92.41265988045573,4.5684661865234375
opx,opx_liq,T_C,pwlr,CatBoost,54,15,0.03,91.55126334569906,4.478108167648315
opx,opx_liq,T_C,pwlr,CatBoost,55,15,0.03,90.50821349256638,4.663703918457031
opx,opx_liq,T_C,pwlr,CatBoost,56,15,0.03,90.69047293930288,4.513700723648071
opx,opx_liq,T_C,pwlr,CatBoost,57,15,0.03,92.91844008559198,4.5025811195373535
opx,opx_liq,T_C,pwlr,CatBoost,58,15,0.03,92.15135221605141,4.573021173477173
opx,opx_liq,T_C,pwlr,CatBoost,59,15,0.03,91.90259068194683,4.5727338790893555
opx,opx_liq,T_C,pwlr,CatBoost,60,15,0.03,91.7487618352576,4.427746295928955
opx,opx_liq,T_C,pwlr,CatBoost,61,15,0.03,92.67464770290256,4.572449684143066
opx,opx_liq,T_C,pwlr,LightGBM,42,15,0.03,93.93542180845772,2.9643115997314453
opx,opx_liq,T_C,pwlr,LightGBM,43,15,0.03,93.88400945697954,3.246380567550659
opx,opx_liq,T_C,pwlr,LightGBM,44,15,0.03,96.85358821085674,3.4576375484466553
opx,opx_liq,T_C,pwlr,LightGBM,45,15,0.03,92.96420757324938,3.248286485671997
opx,opx_liq,T_C,pwlr,LightGBM,46,15,0.03,93.05049775664816,3.1630771160125732
opx,opx_liq,T_C,pwlr,LightGBM,47,15,0.03,93.46543183598867,2.996246099472046
opx,opx_liq,T_C,pwlr,LightGBM,48,15,0.03,95.46352345661717,3.4206295013427734
opx,opx_liq,T_C,pwlr,LightGBM,49,15,0.03,91.94016338400212,3.557140827178955
opx,opx_liq,T_C,pwlr,LightGBM,50,15,0.03,95.19846015241646,3.0092883110046387
opx,opx_liq,T_C,pwlr,LightGBM,51,15,0.03,93.12681942823563,3.488431215286255
opx,opx_liq,T_C,pwlr,LightGBM,52,15,0.03,93.2638718953728,3.2448840141296387
opx,opx_liq,T_C,pwlr,LightGBM,53,15,0.03,93.83125066244355,3.0681300163269043
opx,opx_liq,T_C,pwlr,LightGBM,54,15,0.03,93.7482207243913,3.2893173694610596
opx,opx_liq,T_C,pwlr,LightGBM,55,15,0.03,92.42430979604252,3.316423177719116
opx,opx_liq,T_C,pwlr,LightGBM,56,15,0.03,95.31102424302017,3.177172899246216
opx,opx_liq,T_C,pwlr,LightGBM,57,15,0.03,92.86503903146308,3.0059218406677246
opx,opx_liq,T_C,pwlr,LightGBM,58,15,0.03,94.66057380163996,3.297302484512329
opx,opx_liq,T_C,pwlr,LightGBM,59,15,0.03,93.86378037495153,3.3582470417022705
opx,opx_liq,T_C,pwlr,LightGBM,60,15,0.03,93.4351556610339,3.0148613452911377
opx,opx_liq,T_C,pwlr,LightGBM,61,15,0.03,92.5719622435821,3.5239689350128174
opx,opx_liq,T_C,pwlr,ElasticNet,42,15,0.03,81.06109129877761,1.1333932876586914
opx,opx_liq,T_C,pwlr,ElasticNet,43,15,0.03,81.02990909663477,0.826871395111084
opx,opx_liq,T_C,pwlr,ElasticNet,44,15,0.03,80.86802476389775,1.0868873596191406
opx,opx_liq,T_C,pwlr,ElasticNet,45,15,0.03,80.76280101306196,0.886892557144165
opx,opx_liq,T_C,pwlr,ElasticNet,46,15,0.03,81.94249858975952,0.9259459972381592
opx,opx_liq,T_C,pwlr,ElasticNet,47,15,0.03,81.56445948193826,0.8783235549926758
opx,opx_liq,T_C,pwlr,ElasticNet,48,15,0.03,81.13745398490025,0.9192454814910889
opx,opx_liq,T_C,pwlr,ElasticNet,49,15,0.03,82.49257828812948,1.1204354763031006
opx,opx_liq,T_C,pwlr,ElasticNet,50,15,0.03,82.44998165637237,0.8874461650848389
opx,opx_liq,T_C,pwlr,ElasticNet,51,15,0.03,81.17946024432254,1.0262720584869385
opx,opx_liq,T_C,pwlr,ElasticNet,52,15,0.03,81.60299781656875,0.8588497638702393
opx,opx_liq,T_C,pwlr,ElasticNet,53,15,0.03,81.69057347419596,1.0965349674224854
opx,opx_liq,T_C,pwlr,ElasticNet,54,15,0.03,81.26982509956088,1.0374948978424072
opx,opx_liq,T_C,pwlr,ElasticNet,55,15,0.03,80.5354133163687,0.9750936031341553
opx,opx_liq,T_C,pwlr,ElasticNet,56,15,0.03,81.29982851129961,0.8502845764160156
opx,opx_liq,T_C,pwlr,ElasticNet,57,15,0.03,81.05833234582227,1.1173322200775146
opx,opx_liq,T_C,pwlr,ElasticNet,58,15,0.03,80.65743456180832,0.8295309543609619
opx,opx_liq,T_C,pwlr,ElasticNet,59,15,0.03,81.56077670706892,0.9027645587921143
opx,opx_liq,T_C,pwlr,ElasticNet,60,15,0.03,81.84048683082285,0.9442508220672607
opx,opx_liq,T_C,pwlr,ElasticNet,61,15,0.03,81.23557622030535,1.1110153198242188
opx,opx_liq,T_C,pwlr,MLP,42,15,0.03,138.25968564007013,33.71808338165283
opx,opx_liq,T_C,pwlr,MLP,43,15,0.03,144.92934800147495,34.16343712806702
opx,opx_liq,T_C,pwlr,MLP,44,15,0.03,192.17846638468376,49.83288359642029
opx,opx_liq,T_C,pwlr,MLP,45,15,0.03,212.72401469764517,43.00579333305359
opx,opx_liq,T_C,pwlr,MLP,46,15,0.03,140.8231991344832,42.304641008377075
opx,opx_liq,T_C,pwlr,MLP,47,15,0.03,173.16819215858638,29.92632484436035
opx,opx_liq,T_C,pwlr,MLP,48,15,0.03,149.68769522517368,30.035385847091675
opx,opx_liq,T_C,pwlr,MLP,49,15,0.03,160.35855127862874,36.43575596809387
opx,opx_liq,T_C,pwlr,MLP,50,15,0.03,139.17310534169658,29.655325412750244
opx,opx_liq,T_C,pwlr,MLP,51,15,0.03,162.53456082987458,41.46174335479736
opx,opx_liq,T_C,pwlr,MLP,52,15,0.03,113.00208279872598,27.368272066116333
opx,opx_liq,T_C,pwlr,MLP,53,15,0.03,182.65774404504734,66.14815902709961
opx,opx_liq,T_C,pwlr,MLP,54,15,0.03,128.03485529993708,41.647313356399536
opx,opx_liq,T_C,pwlr,MLP,55,15,0.03,163.81497371299787,28.12936043739319
opx,opx_liq,T_C,pwlr,MLP,56,15,0.03,167.44218320804552,34.20737600326538
opx,opx_liq,T_C,pwlr,MLP,57,15,0.03,129.28281806499237,30.99645209312439
opx,opx_liq,T_C,pwlr,MLP,58,15,0.03,192.48683676576738,34.800004959106445
opx,opx_liq,T_C,pwlr,MLP,59,15,0.03,194.54019314695418,36.086535692214966
opx,opx_liq,T_C,pwlr,MLP,60,15,0.03,132.7849369542349,28.647461652755737
opx,opx_liq,T_C,pwlr,MLP,61,15,0.03,165.5433223469941,39.36348867416382
opx,opx_liq,P_kbar,raw,RF,42,15,0.03,5.808704671841163,7.768410921096802
opx,opx_liq,P_kbar,raw,RF,43,15,0.03,5.8064678753355885,7.843555688858032
opx,opx_liq,P_kbar,raw,RF,44,15,0.03,5.70908924288456,7.84767484664917
opx,opx_liq,P_kbar,raw,RF,45,15,0.03,5.753664147130286,7.807250738143921
opx,opx_liq,P_kbar,raw,RF,46,15,0.03,5.661797217408006,7.725721120834351
opx,opx_liq,P_kbar,raw,RF,47,15,0.03,5.809331582516508,7.7904438972473145
opx,opx_liq,P_kbar,raw,RF,48,15,0.03,5.869936388683932,7.667238712310791
opx,opx_liq,P_kbar,raw,RF,49,15,0.03,5.672049008650977,7.844188928604126
opx,opx_liq,P_kbar,raw,RF,50,15,0.03,5.852729645189956,7.743839502334595
opx,opx_liq,P_kbar,raw,RF,51,15,0.03,5.703645333195951,7.961943864822388
opx,opx_liq,P_kbar,raw,RF,52,15,0.03,5.7690868410520055,7.626041412353516
opx,opx_liq,P_kbar,raw,RF,53,15,0.03,5.8617542443863275,7.716313600540161
opx,opx_liq,P_kbar,raw,RF,54,15,0.03,5.820750824768866,7.797964811325073
opx,opx_liq,P_kbar,raw,RF,55,15,0.03,5.693680142779439,7.811611890792847
opx,opx_liq,P_kbar,raw,RF,56,15,0.03,5.661223174724329,7.586702823638916
opx,opx_liq,P_kbar,raw,RF,57,15,0.03,5.688595603342921,7.821016788482666
opx,opx_liq,P_kbar,raw,RF,58,15,0.03,5.804513957731196,7.825512647628784
opx,opx_liq,P_kbar,raw,RF,59,15,0.03,5.762866984077416,7.799942970275879
opx,opx_liq,P_kbar,raw,RF,60,15,0.03,5.700267805082133,7.52501368522644
opx,opx_liq,P_kbar,raw,RF,61,15,0.03,5.780632096769064,7.897232532501221
opx,opx_liq,P_kbar,raw,ERT,42,15,0.03,6.011100248761036,3.043705463409424
opx,opx_liq,P_kbar,raw,ERT,43,15,0.03,6.044149135691154,2.9927866458892822
opx,opx_liq,P_kbar,raw,ERT,44,15,0.03,6.1020384656051005,2.9736993312835693
opx,opx_liq,P_kbar,raw,ERT,45,15,0.03,6.093173140181299,2.8983983993530273
opx,opx_liq,P_kbar,raw,ERT,46,15,0.03,6.112773178435257,3.0165812969207764
opx,opx_liq,P_kbar,raw,ERT,47,15,0.03,6.013286651445927,3.0366718769073486
opx,opx_liq,P_kbar,raw,ERT,48,15,0.03,5.992259203958588,3.05334210395813
opx,opx_liq,P_kbar,raw,ERT,49,15,0.03,6.109418491526714,2.9425013065338135
opx,opx_liq,P_kbar,raw,ERT,50,15,0.03,6.100143301846728,3.0599160194396973
opx,opx_liq,P_kbar,raw,ERT,51,15,0.03,5.99621146942155,3.079198122024536
opx,opx_liq,P_kbar,raw,ERT,52,15,0.03,6.036341323993113,2.994703531265259
opx,opx_liq,P_kbar,raw,ERT,53,15,0.03,6.023415815879365,3.0008742809295654
opx,opx_liq,P_kbar,raw,ERT,54,15,0.03,5.9864409824768865,2.965437650680542
opx,opx_liq,P_kbar,raw,ERT,55,15,0.03,5.971612777876674,2.958472490310669
opx,opx_liq,P_kbar,raw,ERT,56,15,0.03,6.160903865145784,2.8204505443573
opx,opx_liq,P_kbar,raw,ERT,57,15,0.03,5.963711936993616,3.1091649532318115
opx,opx_liq,P_kbar,raw,ERT,58,15,0.03,6.160993715157088,2.9018077850341797
opx,opx_liq,P_kbar,raw,ERT,59,15,0.03,6.097908765241203,3.0330464839935303
opx,opx_liq,P_kbar,raw,ERT,60,15,0.03,6.048458657258237,2.856010675430298
opx,opx_liq,P_kbar,raw,ERT,61,15,0.03,5.981240494922179,3.1693191528320312
opx,opx_liq,P_kbar,raw,XGB,42,15,0.03,4.7112905184904035,1.1505398750305176
opx,opx_liq,P_kbar,raw,XGB,43,15,0.03,4.760803518051602,1.22096586227417
opx,opx_liq,P_kbar,raw,XGB,44,15,0.03,4.77684396178838,1.090385913848877
opx,opx_liq,P_kbar,raw,XGB,45,15,0.03,4.69932755781879,1.038902997970581
opx,opx_liq,P_kbar,raw,XGB,46,15,0.03,4.730348553333639,1.0047645568847656
opx,opx_liq,P_kbar,raw,XGB,47,15,0.03,4.8051981744060015,0.9088823795318604
opx,opx_liq,P_kbar,raw,XGB,48,15,0.03,4.804235524971344,0.9293098449707031
opx,opx_liq,P_kbar,raw,XGB,49,15,0.03,4.788002486612207,1.0298142433166504
opx,opx_liq,P_kbar,raw,XGB,50,15,0.03,4.809616016841726,0.9227237701416016
opx,opx_liq,P_kbar,raw,XGB,51,15,0.03,4.629433789142317,1.0235021114349365
opx,opx_liq,P_kbar,raw,XGB,52,15,0.03,4.623191552468639,0.9367985725402832
opx,opx_liq,P_kbar,raw,XGB,53,15,0.03,4.66835493505418,0.9466953277587891
opx,opx_liq,P_kbar,raw,XGB,54,15,0.03,4.884926755108308,0.9903936386108398
opx,opx_liq,P_kbar,raw,XGB,55,15,0.03,4.7253939584250615,0.907599687576294
opx,opx_liq,P_kbar,raw,XGB,56,15,0.03,4.857016161519299,1.0686683654785156
opx,opx_liq,P_kbar,raw,XGB,57,15,0.03,4.892725703265549,0.9451215267181396
opx,opx_liq,P_kbar,raw,XGB,58,15,0.03,4.817175873014168,0.9225409030914307
opx,opx_liq,P_kbar,raw,XGB,59,15,0.03,4.733847963084514,0.919809103012085
opx,opx_liq,P_kbar,raw,XGB,60,15,0.03,4.7776352872450065,1.0470597743988037
opx,opx_liq,P_kbar,raw,XGB,61,15,0.03,4.7419785898970925,0.8862612247467041
opx,opx_liq,P_kbar,raw,GB,42,15,0.03,5.123034160197398,0.7246127128601074
opx,opx_liq,P_kbar,raw,GB,43,15,0.03,4.993158527379952,0.5444049835205078
opx,opx_liq,P_kbar,raw,GB,44,15,0.03,5.3130742686898875,0.5217163562774658
opx,opx_liq,P_kbar,raw,GB,45,15,0.03,4.853013658102698,0.45826029777526855
opx,opx_liq,P_kbar,raw,GB,46,15,0.03,4.946358291328599,0.4694554805755615
opx,opx_liq,P_kbar,raw,GB,47,15,0.03,5.163578155503961,0.4895310401916504
opx,opx_liq,P_kbar,raw,GB,48,15,0.03,5.373068633464318,0.4385504722595215
opx,opx_liq,P_kbar,raw,GB,49,15,0.03,4.9418687556577465,0.45954251289367676
opx,opx_liq,P_kbar,raw,GB,50,15,0.03,5.204394206672543,0.46452808380126953
opx,opx_liq,P_kbar,raw,GB,51,15,0.03,4.948364315146608,0.4864332675933838
opx,opx_liq,P_kbar,raw,GB,52,15,0.03,4.969157282084732,0.6259262561798096
opx,opx_liq,P_kbar,raw,GB,53,15,0.03,5.032117998847124,0.4730095863342285
opx,opx_liq,P_kbar,raw,GB,54,15,0.03,5.0934849304714716,0.4686295986175537
opx,opx_liq,P_kbar,raw,GB,55,15,0.03,5.049289080199382,0.5023810863494873
opx,opx_liq,P_kbar,raw,GB,56,15,0.03,5.107965577338782,0.488616943359375
opx,opx_liq,P_kbar,raw,GB,57,15,0.03,5.145438482623825,0.45099401473999023
opx,opx_liq,P_kbar,raw,GB,58,15,0.03,5.296923407037127,0.45472121238708496
opx,opx_liq,P_kbar,raw,GB,59,15,0.03,5.148877815284881,0.51664137840271
opx,opx_liq,P_kbar,raw,GB,60,15,0.03,5.143744117510257,0.5082790851593018
opx,opx_liq,P_kbar,raw,GB,61,15,0.03,5.00803134751397,0.5125977993011475
opx,opx_liq,P_kbar,raw,CatBoost,42,15,0.03,5.736533876322304,2.0087013244628906
opx,opx_liq,P_kbar,raw,CatBoost,43,15,0.03,5.454901672769341,1.8574962615966797
opx,opx_liq,P_kbar,raw,CatBoost,44,15,0.03,5.265928066230118,1.8574142456054688
opx,opx_liq,P_kbar,raw,CatBoost,45,15,0.03,5.302649085583409,2.0111091136932373
opx,opx_liq,P_kbar,raw,CatBoost,46,15,0.03,5.577965163307691,1.9921824932098389
opx,opx_liq,P_kbar,raw,CatBoost,47,15,0.03,5.472882727849671,1.952970027923584
opx,opx_liq,P_kbar,raw,CatBoost,48,15,0.03,5.462990750504028,2.1315791606903076
opx,opx_liq,P_kbar,raw,CatBoost,49,15,0.03,5.470823520291792,1.9314093589782715
opx,opx_liq,P_kbar,raw,CatBoost,50,15,0.03,5.347820552767147,2.28993821144104
opx,opx_liq,P_kbar,raw,CatBoost,51,15,0.03,5.491480364012444,1.9737491607666016
opx,opx_liq,P_kbar,raw,CatBoost,52,15,0.03,5.135272390927765,1.9639289379119873
opx,opx_liq,P_kbar,raw,CatBoost,53,15,0.03,5.37647152812815,2.027285099029541
opx,opx_liq,P_kbar,raw,CatBoost,54,15,0.03,5.498162738150373,1.9135527610778809
opx,opx_liq,P_kbar,raw,CatBoost,55,15,0.03,5.367220073435773,2.1508421897888184
opx,opx_liq,P_kbar,raw,CatBoost,56,15,0.03,5.05630508647369,2.02006459236145
opx,opx_liq,P_kbar,raw,CatBoost,57,15,0.03,5.490978293440233,2.010916233062744
opx,opx_liq,P_kbar,raw,CatBoost,58,15,0.03,5.1688672689523285,2.0141608715057373
opx,opx_liq,P_kbar,raw,CatBoost,59,15,0.03,5.563794673267941,1.8599605560302734
opx,opx_liq,P_kbar,raw,CatBoost,60,15,0.03,5.4051376125909085,1.9044041633605957
opx,opx_liq,P_kbar,raw,CatBoost,61,15,0.03,5.416126406937673,2.1145966053009033
opx,opx_liq,P_kbar,raw,LightGBM,42,15,0.03,5.1397912315372425,0.16088414192199707
opx,opx_liq,P_kbar,raw,LightGBM,43,15,0.03,5.161637269261675,0.15674686431884766
opx,opx_liq,P_kbar,raw,LightGBM,44,15,0.03,5.246616103647395,0.1475813388824463
opx,opx_liq,P_kbar,raw,LightGBM,45,15,0.03,5.063715186004072,0.17410492897033691
opx,opx_liq,P_kbar,raw,LightGBM,46,15,0.03,4.877044681288307,0.2678217887878418
opx,opx_liq,P_kbar,raw,LightGBM,47,15,0.03,5.120748876720248,0.25762176513671875
opx,opx_liq,P_kbar,raw,LightGBM,48,15,0.03,5.316155791545166,0.23096275329589844
opx,opx_liq,P_kbar,raw,LightGBM,49,15,0.03,5.07755227490834,0.2795448303222656
opx,opx_liq,P_kbar,raw,LightGBM,50,15,0.03,5.089733844085061,0.28580451011657715
opx,opx_liq,P_kbar,raw,LightGBM,51,15,0.03,5.075251315658457,0.2690126895904541
opx,opx_liq,P_kbar,raw,LightGBM,52,15,0.03,5.014895990523691,0.2671840190887451
opx,opx_liq,P_kbar,raw,LightGBM,53,15,0.03,4.995785303276666,0.25787353515625
opx,opx_liq,P_kbar,raw,LightGBM,54,15,0.03,5.263185372641972,0.2686643600463867
opx,opx_liq,P_kbar,raw,LightGBM,55,15,0.03,4.782007091403716,0.29570579528808594
opx,opx_liq,P_kbar,raw,LightGBM,56,15,0.03,4.968813260873191,0.35381150245666504
opx,opx_liq,P_kbar,raw,LightGBM,57,15,0.03,5.193701617491941,0.23527288436889648
opx,opx_liq,P_kbar,raw,LightGBM,58,15,0.03,5.040780543880317,0.2349247932434082
opx,opx_liq,P_kbar,raw,LightGBM,59,15,0.03,4.909916732032828,0.21587347984313965
opx,opx_liq,P_kbar,raw,LightGBM,60,15,0.03,5.12357246390095,0.2460174560546875
opx,opx_liq,P_kbar,raw,LightGBM,61,15,0.03,4.834229771305618,0.2118973731994629
opx,opx_liq,P_kbar,raw,ElasticNet,42,15,0.03,5.942954181174551,0.057595014572143555
opx,opx_liq,P_kbar,raw,ElasticNet,43,15,0.03,5.8913606290251215,0.05881333351135254
opx,opx_liq,P_kbar,raw,ElasticNet,44,15,0.03,5.890858170522902,0.056237220764160156
opx,opx_liq,P_kbar,raw,ElasticNet,45,15,0.03,5.899728602416566,0.055274248123168945
opx,opx_liq,P_kbar,raw,ElasticNet,46,15,0.03,5.916090672851704,0.0743703842163086
opx,opx_liq,P_kbar,raw,ElasticNet,47,15,0.03,5.9345135603897825,0.049703359603881836
opx,opx_liq,P_kbar,raw,ElasticNet,48,15,0.03,5.921935194845115,0.05046987533569336
opx,opx_liq,P_kbar,raw,ElasticNet,49,15,0.03,5.94080096687393,0.0596921443939209
opx,opx_liq,P_kbar,raw,ElasticNet,50,15,0.03,5.904150906091584,0.040604591369628906
opx,opx_liq,P_kbar,raw,ElasticNet,51,15,0.03,5.9205402669265945,0.03303074836730957
opx,opx_liq,P_kbar,raw,ElasticNet,52,15,0.03,5.919594960439856,0.06664872169494629
opx,opx_liq,P_kbar,raw,ElasticNet,53,15,0.03,5.940382516225889,0.04732799530029297
opx,opx_liq,P_kbar,raw,ElasticNet,54,15,0.03,5.885297419318626,0.05252528190612793
opx,opx_liq,P_kbar,raw,ElasticNet,55,15,0.03,5.918783679838517,0.03777909278869629
opx,opx_liq,P_kbar,raw,ElasticNet,56,15,0.03,5.880230020251793,0.04984450340270996
opx,opx_liq,P_kbar,raw,ElasticNet,57,15,0.03,5.914755539464319,0.06972694396972656
opx,opx_liq,P_kbar,raw,ElasticNet,58,15,0.03,5.929140029568799,0.04520368576049805
opx,opx_liq,P_kbar,raw,ElasticNet,59,15,0.03,5.913588830420826,0.06120896339416504
opx,opx_liq,P_kbar,raw,ElasticNet,60,15,0.03,5.90976667410812,0.06049752235412598
opx,opx_liq,P_kbar,raw,ElasticNet,61,15,0.03,5.918227237148025,0.05728316307067871
opx,opx_liq,P_kbar,raw,MLP,42,15,0.03,6.411964605279195,1.5999629497528076
opx,opx_liq,P_kbar,raw,MLP,43,15,0.03,5.362866674613845,1.789050579071045
opx,opx_liq,P_kbar,raw,MLP,44,15,0.03,7.174888416278062,1.269052267074585
opx,opx_liq,P_kbar,raw,MLP,45,15,0.03,5.67176933418668,1.8521432876586914
opx,opx_liq,P_kbar,raw,MLP,46,15,0.03,5.945362356085813,2.1270830631256104
opx,opx_liq,P_kbar,raw,MLP,47,15,0.03,4.8503663659683856,1.506683588027954
opx,opx_liq,P_kbar,raw,MLP,48,15,0.03,6.064711821384043,1.7823095321655273
opx,opx_liq,P_kbar,raw,MLP,49,15,0.03,5.802771808847839,2.621206521987915
opx,opx_liq,P_kbar,raw,MLP,50,15,0.03,5.782481999064107,2.6011910438537598
opx,opx_liq,P_kbar,raw,MLP,51,15,0.03,6.505435043099422,1.871239185333252
opx,opx_liq,P_kbar,raw,MLP,52,15,0.03,5.935681211959221,2.1017160415649414
opx,opx_liq,P_kbar,raw,MLP,53,15,0.03,6.323305036364971,2.768510580062866
opx,opx_liq,P_kbar,raw,MLP,54,15,0.03,5.858218152398754,2.336804151535034
opx,opx_liq,P_kbar,raw,MLP,55,15,0.03,5.132436067519177,2.0991013050079346
opx,opx_liq,P_kbar,raw,MLP,56,15,0.03,6.1362420748148745,3.179306745529175
opx,opx_liq,P_kbar,raw,MLP,57,15,0.03,5.62492661591082,2.220719575881958
opx,opx_liq,P_kbar,raw,MLP,58,15,0.03,6.020132764208201,1.6051814556121826
opx,opx_liq,P_kbar,raw,MLP,59,15,0.03,5.131062487502086,1.4382550716400146
opx,opx_liq,P_kbar,raw,MLP,60,15,0.03,5.725857343737317,3.313710927963257
opx,opx_liq,P_kbar,raw,MLP,61,15,0.03,5.316649160627147,1.7479004859924316
opx,opx_liq,P_kbar,alr,RF,42,15,0.03,9.804941251979518,3.1787164211273193
opx,opx_liq,P_kbar,alr,RF,43,15,0.03,9.771940176305769,3.301205635070801
opx,opx_liq,P_kbar,alr,RF,44,15,0.03,9.63703311501565,3.299929141998291
opx,opx_liq,P_kbar,alr,RF,45,15,0.03,9.755382419212903,3.2223317623138428
opx,opx_liq,P_kbar,alr,RF,46,15,0.03,9.923458544271554,3.447828769683838
opx,opx_liq,P_kbar,alr,RF,47,15,0.03,9.650518621381647,3.2641608715057373
opx,opx_liq,P_kbar,alr,RF,48,15,0.03,9.733023817053377,3.2660183906555176
opx,opx_liq,P_kbar,alr,RF,49,15,0.03,9.694152162846592,3.3626976013183594
opx,opx_liq,P_kbar,alr,RF,50,15,0.03,9.761871591935593,3.127963066101074
opx,opx_liq,P_kbar,alr,RF,51,15,0.03,9.617276666023615,3.2903988361358643
opx,opx_liq,P_kbar,alr,RF,52,15,0.03,9.571066232062062,3.2198572158813477
opx,opx_liq,P_kbar,alr,RF,53,15,0.03,9.700685479202086,3.353713035583496
opx,opx_liq,P_kbar,alr,RF,54,15,0.03,9.565677563283788,3.1798722743988037
opx,opx_liq,P_kbar,alr,RF,55,15,0.03,9.791218075945315,3.210402727127075
opx,opx_liq,P_kbar,alr,RF,56,15,0.03,9.713608168553755,3.616643190383911
opx,opx_liq,P_kbar,alr,RF,57,15,0.03,9.610762257537075,3.286623001098633
opx,opx_liq,P_kbar,alr,RF,58,15,0.03,9.649696325481703,3.4008686542510986
opx,opx_liq,P_kbar,alr,RF,59,15,0.03,9.958849897668866,3.245391368865967
opx,opx_liq,P_kbar,alr,RF,60,15,0.03,9.691250675311078,3.2244112491607666
opx,opx_liq,P_kbar,alr,RF,61,15,0.03,9.704109982825335,3.2369942665100098
opx,opx_liq,P_kbar,alr,ERT,42,15,0.03,9.308227321750888,2.7949798107147217
opx,opx_liq,P_kbar,alr,ERT,43,15,0.03,9.405376844630364,2.96035099029541
opx,opx_liq,P_kbar,alr,ERT,44,15,0.03,9.343653819511932,2.808190107345581
opx,opx_liq,P_kbar,alr,ERT,45,15,0.03,9.345811114551209,2.9457991123199463
opx,opx_liq,P_kbar,alr,ERT,46,15,0.03,9.382110710438567,2.732145309448242
opx,opx_liq,P_kbar,alr,ERT,47,15,0.03,9.307314258837804,2.8945188522338867
opx,opx_liq,P_kbar,alr,ERT,48,15,0.03,9.290325815211913,2.774587869644165
opx,opx_liq,P_kbar,alr,ERT,49,15,0.03,9.349510061661727,2.8768515586853027
opx,opx_liq,P_kbar,alr,ERT,50,15,0.03,9.393261757650498,2.8030824661254883
opx,opx_liq,P_kbar,alr,ERT,51,15,0.03,9.338900034964693,2.796661615371704
opx,opx_liq,P_kbar,alr,ERT,52,15,0.03,9.304226200894341,2.6816067695617676
opx,opx_liq,P_kbar,alr,ERT,53,15,0.03,9.332733562803906,2.880831241607666
opx,opx_liq,P_kbar,alr,ERT,54,15,0.03,9.280009283637515,2.85079026222229
opx,opx_liq,P_kbar,alr,ERT,55,15,0.03,9.343552400040071,2.8571183681488037
opx,opx_liq,P_kbar,alr,ERT,56,15,0.03,9.295478259704575,2.8040642738342285
opx,opx_liq,P_kbar,alr,ERT,57,15,0.03,9.32496457842159,2.968153715133667
opx,opx_liq,P_kbar,alr,ERT,58,15,0.03,9.373484202364592,2.7185041904449463
opx,opx_liq,P_kbar,alr,ERT,59,15,0.03,9.372533300130753,2.9157721996307373
opx,opx_liq,P_kbar,alr,ERT,60,15,0.03,9.327266953964598,2.946044683456421
opx,opx_liq,P_kbar,alr,ERT,61,15,0.03,9.343505409679887,3.1740686893463135
opx,opx_liq,P_kbar,alr,XGB,42,15,0.03,8.602606151952054,0.9158928394317627
opx,opx_liq,P_kbar,alr,XGB,43,15,0.03,8.618788111572877,0.8975410461425781
opx,opx_liq,P_kbar,alr,XGB,44,15,0.03,8.823595935158117,0.864154577255249
opx,opx_liq,P_kbar,alr,XGB,45,15,0.03,8.76145066697031,0.7542166709899902
opx,opx_liq,P_kbar,alr,XGB,46,15,0.03,8.943418472786277,0.8851032257080078
opx,opx_liq,P_kbar,alr,XGB,47,15,0.03,8.89176210378721,1.07932448387146
opx,opx_liq,P_kbar,alr,XGB,48,15,0.03,9.032071624537073,1.1055898666381836
opx,opx_liq,P_kbar,alr,XGB,49,15,0.03,8.776570344604767,0.8986802101135254
opx,opx_liq,P_kbar,alr,XGB,50,15,0.03,8.745062471484335,0.6284263134002686
opx,opx_liq,P_kbar,alr,XGB,51,15,0.03,8.888591887223434,0.928330659866333
opx,opx_liq,P_kbar,alr,XGB,52,15,0.03,8.717574447969552,0.9128499031066895
opx,opx_liq,P_kbar,alr,XGB,53,15,0.03,8.7758167539697,0.8471071720123291
opx,opx_liq,P_kbar,alr,XGB,54,15,0.03,8.642140487169074,0.8182711601257324
opx,opx_liq,P_kbar,alr,XGB,55,15,0.03,8.87957114494153,0.7928142547607422
opx,opx_liq,P_kbar,alr,XGB,56,15,0.03,8.701414263078068,0.8939323425292969
opx,opx_liq,P_kbar,alr,XGB,57,15,0.03,8.786919719073714,0.817065954208374
opx,opx_liq,P_kbar,alr,XGB,58,15,0.03,8.821208593467812,0.8034994602203369
opx,opx_liq,P_kbar,alr,XGB,59,15,0.03,8.91360036579756,0.7572526931762695
opx,opx_liq,P_kbar,alr,XGB,60,15,0.03,8.692623266682565,0.7528133392333984
opx,opx_liq,P_kbar,alr,XGB,61,15,0.03,8.530139716516459,0.8868405818939209
opx,opx_liq,P_kbar,alr,GB,42,15,0.03,7.738413874155569,1.0105223655700684
opx,opx_liq,P_kbar,alr,GB,43,15,0.03,7.861793019243716,1.2592222690582275
opx,opx_liq,P_kbar,alr,GB,44,15,0.03,7.804254759812038,0.9508450031280518
opx,opx_liq,P_kbar,alr,GB,45,15,0.03,7.837020336040793,1.0730667114257812
opx,opx_liq,P_kbar,alr,GB,46,15,0.03,7.993972884404546,0.9219362735748291
opx,opx_liq,P_kbar,alr,GB,47,15,0.03,7.868427836881238,0.9965872764587402
opx,opx_liq,P_kbar,alr,GB,48,15,0.03,7.944777713435324,1.131725788116455
opx,opx_liq,P_kbar,alr,GB,49,15,0.03,7.844569801484943,1.0758016109466553
opx,opx_liq,P_kbar,alr,GB,50,15,0.03,7.8086637724093775,1.0885899066925049
opx,opx_liq,P_kbar,alr,GB,51,15,0.03,7.9293373549914925,0.9210553169250488
opx,opx_liq,P_kbar,alr,GB,52,15,0.03,7.724356726508074,0.8807051181793213
opx,opx_liq,P_kbar,alr,GB,53,15,0.03,7.836445235283817,1.3350496292114258
opx,opx_liq,P_kbar,alr,GB,54,15,0.03,7.790219827194577,0.9776368141174316
opx,opx_liq,P_kbar,alr,GB,55,15,0.03,7.63738306125996,0.8989624977111816
opx,opx_liq,P_kbar,alr,GB,56,15,0.03,7.677292505178829,0.9332349300384521
opx,opx_liq,P_kbar,alr,GB,57,15,0.03,7.829584202915064,1.0311968326568604
opx,opx_liq,P_kbar,alr,GB,58,15,0.03,7.774944583157993,1.1616995334625244
opx,opx_liq,P_kbar,alr,GB,59,15,0.03,7.9022352556276845,0.9312427043914795
opx,opx_liq,P_kbar,alr,GB,60,15,0.03,7.670195493772468,0.9598612785339355
opx,opx_liq,P_kbar,alr,GB,61,15,0.03,7.81925142980083,1.2112038135528564
opx,opx_liq,P_kbar,alr,CatBoost,42,15,0.03,7.870345438484778,1.9383831024169922
opx,opx_liq,P_kbar,alr,CatBoost,43,15,0.03,8.049172731577446,1.8349940776824951
opx,opx_liq,P_kbar,alr,CatBoost,44,15,0.03,8.041976650694366,1.6196482181549072
opx,opx_liq,P_kbar,alr,CatBoost,45,15,0.03,7.9254987482592885,1.8549423217773438
opx,opx_liq,P_kbar,alr,CatBoost,46,15,0.03,8.104544330400957,1.7274408340454102
opx,opx_liq,P_kbar,alr,CatBoost,47,15,0.03,8.055367029142234,1.6226811408996582
opx,opx_liq,P_kbar,alr,CatBoost,48,15,0.03,8.060039073149753,1.8414890766143799
opx,opx_liq,P_kbar,alr,CatBoost,49,15,0.03,8.104432276283903,1.7371189594268799
opx,opx_liq,P_kbar,alr,CatBoost,50,15,0.03,8.203660506649115,1.7269372940063477
opx,opx_liq,P_kbar,alr,CatBoost,51,15,0.03,8.126727681189053,1.7381393909454346
opx,opx_liq,P_kbar,alr,CatBoost,52,15,0.03,7.7721768884875555,1.7492899894714355
opx,opx_liq,P_kbar,alr,CatBoost,53,15,0.03,8.077229556868469,1.6804335117340088
opx,opx_liq,P_kbar,alr,CatBoost,54,15,0.03,8.09444143677648,1.8013699054718018
opx,opx_liq,P_kbar,alr,CatBoost,55,15,0.03,8.121261524779497,1.8590569496154785
opx,opx_liq,P_kbar,alr,CatBoost,56,15,0.03,7.9275775066077925,1.579531192779541
opx,opx_liq,P_kbar,alr,CatBoost,57,15,0.03,8.03002718652765,1.762298345565796
opx,opx_liq,P_kbar,alr,CatBoost,58,15,0.03,8.007757400303884,1.6956162452697754
opx,opx_liq,P_kbar,alr,CatBoost,59,15,0.03,8.026281355895213,1.7419157028198242
opx,opx_liq,P_kbar,alr,CatBoost,60,15,0.03,7.972366023163641,1.7052769660949707
opx,opx_liq,P_kbar,alr,CatBoost,61,15,0.03,7.915943840876842,1.908155918121338
opx,opx_liq,P_kbar,alr,LightGBM,42,15,0.03,8.604542045535124,0.5942082405090332
opx,opx_liq,P_kbar,alr,LightGBM,43,15,0.03,8.236623563113044,0.5221130847930908
opx,opx_liq,P_kbar,alr,LightGBM,44,15,0.03,8.527045451292867,0.4806084632873535
opx,opx_liq,P_kbar,alr,LightGBM,45,15,0.03,8.786582078347045,0.4670686721801758
opx,opx_liq,P_kbar,alr,LightGBM,46,15,0.03,8.71456621984205,0.44872355461120605
opx,opx_liq,P_kbar,alr,LightGBM,47,15,0.03,8.744827531534769,0.37335872650146484
opx,opx_liq,P_kbar,alr,LightGBM,48,15,0.03,8.720200788948269,0.47153663635253906
opx,opx_liq,P_kbar,alr,LightGBM,49,15,0.03,8.816345385368693,0.5137407779693604
opx,opx_liq,P_kbar,alr,LightGBM,50,15,0.03,8.828189016652008,0.4886434078216553
opx,opx_liq,P_kbar,alr,LightGBM,51,15,0.03,8.802564021313067,0.4278678894042969
opx,opx_liq,P_kbar,alr,LightGBM,52,15,0.03,8.707489492636435,0.38194704055786133
opx,opx_liq,P_kbar,alr,LightGBM,53,15,0.03,8.79534312910876,0.46027207374572754
opx,opx_liq,P_kbar,alr,LightGBM,54,15,0.03,8.852388901164112,0.43404507637023926
opx,opx_liq,P_kbar,alr,LightGBM,55,15,0.03,8.670403718335335,0.45240283012390137
opx,opx_liq,P_kbar,alr,LightGBM,56,15,0.03,8.688891243418494,0.331376314163208
opx,opx_liq,P_kbar,alr,LightGBM,57,15,0.03,8.535657215598304,0.46194982528686523
opx,opx_liq,P_kbar,alr,LightGBM,58,15,0.03,8.959132459064998,0.5362882614135742
opx,opx_liq,P_kbar,alr,LightGBM,59,15,0.03,8.867943359693376,0.517237663269043
opx,opx_liq,P_kbar,alr,LightGBM,60,15,0.03,8.555794156510077,0.5475893020629883
opx,opx_liq,P_kbar,alr,LightGBM,61,15,0.03,8.606755504311998,0.590660572052002
opx,opx_liq,P_kbar,alr,ElasticNet,42,15,0.03,8.625799477582778,0.014732599258422852
opx,opx_liq,P_kbar,alr,ElasticNet,43,15,0.03,8.627213579765225,0.014011859893798828
opx,opx_liq,P_kbar,alr,ElasticNet,44,15,0.03,8.623720630379648,0.015597820281982422
opx,opx_liq,P_kbar,alr,ElasticNet,45,15,0.03,8.623936711154501,0.01252436637878418
opx,opx_liq,P_kbar,alr,ElasticNet,46,15,0.03,8.616627298261516,0.01075434684753418
opx,opx_liq,P_kbar,alr,ElasticNet,47,15,0.03,8.630706751099009,0.014391422271728516
opx,opx_liq,P_kbar,alr,ElasticNet,48,15,0.03,8.626804426711137,0.012793540954589844
opx,opx_liq,P_kbar,alr,ElasticNet,49,15,0.03,8.631463312361536,0.011123895645141602
opx,opx_liq,P_kbar,alr,ElasticNet,50,15,0.03,8.610486635467701,0.009093284606933594
opx,opx_liq,P_kbar,alr,ElasticNet,51,15,0.03,8.617218483599373,0.010380268096923828
opx,opx_liq,P_kbar,alr,ElasticNet,52,15,0.03,8.625216547108149,0.009994268417358398
opx,opx_liq,P_kbar,alr,ElasticNet,53,15,0.03,8.630606984189257,0.010245084762573242
opx,opx_liq,P_kbar,alr,ElasticNet,54,15,0.03,8.6207330833115,0.009415864944458008
opx,opx_liq,P_kbar,alr,ElasticNet,55,15,0.03,8.619898460264942,0.01206350326538086
opx,opx_liq,P_kbar,alr,ElasticNet,56,15,0.03,8.629623904717985,0.010623693466186523
opx,opx_liq,P_kbar,alr,ElasticNet,57,15,0.03,8.623488735819441,0.008449077606201172
opx,opx_liq,P_kbar,alr,ElasticNet,58,15,0.03,8.625938106515642,0.012507915496826172
opx,opx_liq,P_kbar,alr,ElasticNet,59,15,0.03,8.622465954301408,0.011496782302856445
opx,opx_liq,P_kbar,alr,ElasticNet,60,15,0.03,8.621630691449212,0.010160446166992188
opx,opx_liq,P_kbar,alr,ElasticNet,61,15,0.03,8.61824438423515,0.010480403900146484
opx,opx_liq,P_kbar,alr,MLP,42,15,0.03,5.2397504315680345,18.617228507995605
opx,opx_liq,P_kbar,alr,MLP,43,15,0.03,6.176169766589199,18.17444682121277
opx,opx_liq,P_kbar,alr,MLP,44,15,0.03,6.592134136467836,18.66172480583191
opx,opx_liq,P_kbar,alr,MLP,45,15,0.03,6.734824363854501,13.789992809295654
opx,opx_liq,P_kbar,alr,MLP,46,15,0.03,6.565818739559581,18.34476900100708
opx,opx_liq,P_kbar,alr,MLP,47,15,0.03,8.949845326982217,18.66531777381897
opx,opx_liq,P_kbar,alr,MLP,48,15,0.03,9.284876461668281,10.427655220031738
opx,opx_liq,P_kbar,alr,MLP,49,15,0.03,7.579212718775835,18.092525959014893
opx,opx_liq,P_kbar,alr,MLP,50,15,0.03,9.667523462754108,18.23944091796875
opx,opx_liq,P_kbar,alr,MLP,51,15,0.03,5.740104972714951,18.584014892578125
opx,opx_liq,P_kbar,alr,MLP,52,15,0.03,6.849694890147845,18.488155841827393
opx,opx_liq,P_kbar,alr,MLP,53,15,0.03,8.566453887626935,18.22665023803711
opx,opx_liq,P_kbar,alr,MLP,54,15,0.03,5.756150305277823,18.46364736557007
opx,opx_liq,P_kbar,alr,MLP,55,15,0.03,6.785593722881859,18.488316774368286
opx,opx_liq,P_kbar,alr,MLP,56,15,0.03,7.074697934449297,15.546645641326904
opx,opx_liq,P_kbar,alr,MLP,57,15,0.03,7.686146691263375,14.47962212562561
opx,opx_liq,P_kbar,alr,MLP,58,15,0.03,10.824476435425028,18.465585947036743
opx,opx_liq,P_kbar,alr,MLP,59,15,0.03,4.639680311890777,18.17854142189026
opx,opx_liq,P_kbar,alr,MLP,60,15,0.03,9.181281226004847,18.627081632614136
opx,opx_liq,P_kbar,alr,MLP,61,15,0.03,4.83106500299556,15.03247618675232
opx,opx_liq,P_kbar,pwlr,RF,42,15,0.03,6.2449499061934475,13.60340142250061
opx,opx_liq,P_kbar,pwlr,RF,43,15,0.03,6.00080780195226,13.812058448791504
opx,opx_liq,P_kbar,pwlr,RF,44,15,0.03,6.059202515329134,13.35119891166687
opx,opx_liq,P_kbar,pwlr,RF,45,15,0.03,6.054983500711127,13.608501195907593
opx,opx_liq,P_kbar,pwlr,RF,46,15,0.03,6.21448604794015,13.486450910568237
opx,opx_liq,P_kbar,pwlr,RF,47,15,0.03,6.19813740942696,13.762511730194092
opx,opx_liq,P_kbar,pwlr,RF,48,15,0.03,6.150065108097826,13.324502229690552
opx,opx_liq,P_kbar,pwlr,RF,49,15,0.03,6.188476026949546,13.468019485473633
opx,opx_liq,P_kbar,pwlr,RF,50,15,0.03,6.298072273936336,13.366946935653687
opx,opx_liq,P_kbar,pwlr,RF,51,15,0.03,6.411811630035483,14.033873081207275
opx,opx_liq,P_kbar,pwlr,RF,52,15,0.03,6.259177658446657,13.261569499969482
opx,opx_liq,P_kbar,pwlr,RF,53,15,0.03,6.269552428127097,13.678027153015137
opx,opx_liq,P_kbar,pwlr,RF,54,15,0.03,6.188762452543442,13.551004886627197
opx,opx_liq,P_kbar,pwlr,RF,55,15,0.03,6.15367775906269,13.72695803642273
opx,opx_liq,P_kbar,pwlr,RF,56,15,0.03,6.226493896725918,13.91435718536377
opx,opx_liq,P_kbar,pwlr,RF,57,15,0.03,6.054740085152268,13.79078483581543
opx,opx_liq,P_kbar,pwlr,RF,58,15,0.03,6.108343248038855,14.223671913146973
opx,opx_liq,P_kbar,pwlr,RF,59,15,0.03,6.0823728975996545,13.988809585571289
opx,opx_liq,P_kbar,pwlr,RF,60,15,0.03,6.206957623757057,13.624956607818604
opx,opx_liq,P_kbar,pwlr,RF,61,15,0.03,6.387328627024695,13.734120607376099
opx,opx_liq,P_kbar,pwlr,ERT,42,15,0.03,6.716942484981895,1.7896792888641357
opx,opx_liq,P_kbar,pwlr,ERT,43,15,0.03,6.597700833833013,1.736982822418213
opx,opx_liq,P_kbar,pwlr,ERT,44,15,0.03,6.476877010305252,1.7171578407287598
opx,opx_liq,P_kbar,pwlr,ERT,45,15,0.03,6.675459592312831,1.8411555290222168
opx,opx_liq,P_kbar,pwlr,ERT,46,15,0.03,6.470532488469784,1.933685302734375
opx,opx_liq,P_kbar,pwlr,ERT,47,15,0.03,6.867910902266126,1.7086966037750244
opx,opx_liq,P_kbar,pwlr,ERT,48,15,0.03,6.4721875582025055,1.7160518169403076
opx,opx_liq,P_kbar,pwlr,ERT,49,15,0.03,6.749637191611198,1.6973657608032227
opx,opx_liq,P_kbar,pwlr,ERT,50,15,0.03,6.544531663459901,1.6561164855957031
opx,opx_liq,P_kbar,pwlr,ERT,51,15,0.03,6.673896045271462,1.7334272861480713
opx,opx_liq,P_kbar,pwlr,ERT,52,15,0.03,6.72905433829684,1.9136168956756592
opx,opx_liq,P_kbar,pwlr,ERT,53,15,0.03,6.460867631491616,1.651547908782959
opx,opx_liq,P_kbar,pwlr,ERT,54,15,0.03,6.7757292434995415,1.748199701309204
opx,opx_liq,P_kbar,pwlr,ERT,55,15,0.03,6.805834216489878,1.7464568614959717
opx,opx_liq,P_kbar,pwlr,ERT,56,15,0.03,6.493354708075816,1.6801695823669434
opx,opx_liq,P_kbar,pwlr,ERT,57,15,0.03,6.5416940946055995,1.7259159088134766
opx,opx_liq,P_kbar,pwlr,ERT,58,15,0.03,6.502696644617327,1.8804492950439453
opx,opx_liq,P_kbar,pwlr,ERT,59,15,0.03,6.409538665509552,1.666424036026001
opx,opx_liq,P_kbar,pwlr,ERT,60,15,0.03,6.517563847874199,1.6666350364685059
opx,opx_liq,P_kbar,pwlr,ERT,61,15,0.03,6.60658176299668,1.6898488998413086
opx,opx_liq,P_kbar,pwlr,XGB,42,15,0.03,5.6359451139294725,1.971531629562378
opx,opx_liq,P_kbar,pwlr,XGB,43,15,0.03,5.366110234626461,1.639763593673706
opx,opx_liq,P_kbar,pwlr,XGB,44,15,0.03,5.497219578480086,1.8938708305358887
opx,opx_liq,P_kbar,pwlr,XGB,45,15,0.03,5.414514533838927,1.785398006439209
opx,opx_liq,P_kbar,pwlr,XGB,46,15,0.03,5.639233247027796,1.634505271911621
opx,opx_liq,P_kbar,pwlr,XGB,47,15,0.03,5.477165000182837,1.8072900772094727
opx,opx_liq,P_kbar,pwlr,XGB,48,15,0.03,5.4735247180953674,1.954397201538086
opx,opx_liq,P_kbar,pwlr,XGB,49,15,0.03,5.63645123364433,1.6483817100524902
opx,opx_liq,P_kbar,pwlr,XGB,50,15,0.03,5.631748342633059,1.692336082458496
opx,opx_liq,P_kbar,pwlr,XGB,51,15,0.03,5.620341284978125,1.7436697483062744
opx,opx_liq,P_kbar,pwlr,XGB,52,15,0.03,5.6393462707353486,1.5148932933807373
opx,opx_liq,P_kbar,pwlr,XGB,53,15,0.03,5.442568068319375,1.6308250427246094
opx,opx_liq,P_kbar,pwlr,XGB,54,15,0.03,5.5931508511559045,1.8183391094207764
opx,opx_liq,P_kbar,pwlr,XGB,55,15,0.03,5.5628175447156725,1.5582196712493896
opx,opx_liq,P_kbar,pwlr,XGB,56,15,0.03,5.415083409875802,1.6316182613372803
opx,opx_liq,P_kbar,pwlr,XGB,57,15,0.03,5.5520221579535525,1.9172825813293457
opx,opx_liq,P_kbar,pwlr,XGB,58,15,0.03,5.510632437438027,1.6459298133850098
opx,opx_liq,P_kbar,pwlr,XGB,59,15,0.03,5.641791978793676,1.5590527057647705
opx,opx_liq,P_kbar,pwlr,XGB,60,15,0.03,5.430165303906448,1.7408287525177002
opx,opx_liq,P_kbar,pwlr,XGB,61,15,0.03,5.628007833543314,1.757847547531128
opx,opx_liq,P_kbar,pwlr,GB,42,15,0.03,5.830777616875396,1.3480849266052246
opx,opx_liq,P_kbar,pwlr,GB,43,15,0.03,5.61317770900664,1.9175605773925781
opx,opx_liq,P_kbar,pwlr,GB,44,15,0.03,5.658813191114926,1.4160044193267822
opx,opx_liq,P_kbar,pwlr,GB,45,15,0.03,5.583042774712864,1.3961403369903564
opx,opx_liq,P_kbar,pwlr,GB,46,15,0.03,5.9081375874270625,1.5308313369750977
opx,opx_liq,P_kbar,pwlr,GB,47,15,0.03,5.778264548570524,1.6075985431671143
opx,opx_liq,P_kbar,pwlr,GB,48,15,0.03,5.672983963630205,1.503251075744629
opx,opx_liq,P_kbar,pwlr,GB,49,15,0.03,5.807146205654082,1.4880402088165283
opx,opx_liq,P_kbar,pwlr,GB,50,15,0.03,5.749687793583786,1.758321762084961
opx,opx_liq,P_kbar,pwlr,GB,51,15,0.03,5.720362822198959,1.5320591926574707
opx,opx_liq,P_kbar,pwlr,GB,52,15,0.03,5.712296491299055,1.503023386001587
opx,opx_liq,P_kbar,pwlr,GB,53,15,0.03,5.655092951381892,1.4163618087768555
opx,opx_liq,P_kbar,pwlr,GB,54,15,0.03,5.876541656123022,1.7698242664337158
opx,opx_liq,P_kbar,pwlr,GB,55,15,0.03,5.70396058091633,1.50502610206604
opx,opx_liq,P_kbar,pwlr,GB,56,15,0.03,5.854925520021538,1.6599962711334229
opx,opx_liq,P_kbar,pwlr,GB,57,15,0.03,5.854067683955115,1.6133174896240234
opx,opx_liq,P_kbar,pwlr,GB,58,15,0.03,5.817835381320801,1.4766597747802734
opx,opx_liq,P_kbar,pwlr,GB,59,15,0.03,5.755004550725707,1.4648621082305908
opx,opx_liq,P_kbar,pwlr,GB,60,15,0.03,5.695899504042329,1.5672378540039062
opx,opx_liq,P_kbar,pwlr,GB,61,15,0.03,5.902036979088051,1.525160551071167
opx,opx_liq,P_kbar,pwlr,CatBoost,42,15,0.03,5.906481171242323,4.678864479064941
opx,opx_liq,P_kbar,pwlr,CatBoost,43,15,0.03,5.267146694636736,4.679147005081177
opx,opx_liq,P_kbar,pwlr,CatBoost,44,15,0.03,5.96216492186936,4.554728746414185
opx,opx_liq,P_kbar,pwlr,CatBoost,45,15,0.03,5.6018878195393516,4.525030851364136
opx,opx_liq,P_kbar,pwlr,CatBoost,46,15,0.03,5.731360912502608,4.467966318130493
opx,opx_liq,P_kbar,pwlr,CatBoost,47,15,0.03,5.3395839968180345,4.7489399909973145
opx,opx_liq,P_kbar,pwlr,CatBoost,48,15,0.03,6.051163738957235,4.557413339614868
opx,opx_liq,P_kbar,pwlr,CatBoost,49,15,0.03,5.49261520109593,4.732874155044556
opx,opx_liq,P_kbar,pwlr,CatBoost,50,15,0.03,5.534427992617338,4.511781454086304
opx,opx_liq,P_kbar,pwlr,CatBoost,51,15,0.03,5.9475693075665985,4.461258888244629
opx,opx_liq,P_kbar,pwlr,CatBoost,52,15,0.03,5.918342223471041,4.5211732387542725
opx,opx_liq,P_kbar,pwlr,CatBoost,53,15,0.03,5.986630797464248,4.590240716934204
opx,opx_liq,P_kbar,pwlr,CatBoost,54,15,0.03,5.4066816841733,4.613524675369263
opx,opx_liq,P_kbar,pwlr,CatBoost,55,15,0.03,5.687757304232878,4.622817277908325
opx,opx_liq,P_kbar,pwlr,CatBoost,56,15,0.03,5.657931178389747,4.615266799926758
opx,opx_liq,P_kbar,pwlr,CatBoost,57,15,0.03,5.441459687929741,4.487888336181641
opx,opx_liq,P_kbar,pwlr,CatBoost,58,15,0.03,5.6096949086578975,4.522335052490234
opx,opx_liq,P_kbar,pwlr,CatBoost,59,15,0.03,5.230625718389011,4.519026279449463
opx,opx_liq,P_kbar,pwlr,CatBoost,60,15,0.03,5.691057937150516,4.697573661804199
opx,opx_liq,P_kbar,pwlr,CatBoost,61,15,0.03,5.5403866953268865,4.6804304122924805
opx,opx_liq,P_kbar,pwlr,LightGBM,42,15,0.03,6.536255647213041,0.804924726486206
opx,opx_liq,P_kbar,pwlr,LightGBM,43,15,0.03,6.9451795738319015,0.7463347911834717
opx,opx_liq,P_kbar,pwlr,LightGBM,44,15,0.03,5.94876649515086,0.7343757152557373
opx,opx_liq,P_kbar,pwlr,LightGBM,45,15,0.03,5.940412733843189,0.8319623470306396
opx,opx_liq,P_kbar,pwlr,LightGBM,46,15,0.03,6.409389131183261,0.9249012470245361
opx,opx_liq,P_kbar,pwlr,LightGBM,47,15,0.03,6.1639726800765,0.9130911827087402
opx,opx_liq,P_kbar,pwlr,LightGBM,48,15,0.03,5.407781783790163,0.9343738555908203
opx,opx_liq,P_kbar,pwlr,LightGBM,49,15,0.03,6.563306683155514,0.7603979110717773
opx,opx_liq,P_kbar,pwlr,LightGBM,50,15,0.03,6.041151479876596,0.897465705871582
opx,opx_liq,P_kbar,pwlr,LightGBM,51,15,0.03,6.208448696295516,0.8351423740386963
opx,opx_liq,P_kbar,pwlr,LightGBM,52,15,0.03,6.060750303451286,0.8300282955169678
opx,opx_liq,P_kbar,pwlr,LightGBM,53,15,0.03,5.694334830078699,0.872382402420044
opx,opx_liq,P_kbar,pwlr,LightGBM,54,15,0.03,6.366080409184511,0.9583003520965576
opx,opx_liq,P_kbar,pwlr,LightGBM,55,15,0.03,5.379941166094249,0.9301636219024658
opx,opx_liq,P_kbar,pwlr,LightGBM,56,15,0.03,6.070816088322147,0.7671046257019043
opx,opx_liq,P_kbar,pwlr,LightGBM,57,15,0.03,6.378285574557206,0.763087272644043
opx,opx_liq,P_kbar,pwlr,LightGBM,58,15,0.03,6.60565339245305,0.7624475955963135
opx,opx_liq,P_kbar,pwlr,LightGBM,59,15,0.03,5.995770696115969,0.8988616466522217
opx,opx_liq,P_kbar,pwlr,LightGBM,60,15,0.03,6.80864491033733,1.1391398906707764
opx,opx_liq,P_kbar,pwlr,LightGBM,61,15,0.03,6.264272409940839,0.9539427757263184
opx,opx_liq,P_kbar,pwlr,ElasticNet,42,15,0.03,6.120130432758761,0.04880380630493164
opx,opx_liq,P_kbar,pwlr,ElasticNet,43,15,0.03,6.083426640076451,0.04698300361633301
opx,opx_liq,P_kbar,pwlr,ElasticNet,44,15,0.03,6.058060592833127,0.044267892837524414
opx,opx_liq,P_kbar,pwlr,ElasticNet,45,15,0.03,6.071068758173648,0.04273843765258789
opx,opx_liq,P_kbar,pwlr,ElasticNet,46,15,0.03,6.060675227815975,0.039266347885131836
opx,opx_liq,P_kbar,pwlr,ElasticNet,47,15,0.03,6.075234544919688,0.044226646423339844
opx,opx_liq,P_kbar,pwlr,ElasticNet,48,15,0.03,6.059366182166326,0.03805065155029297
opx,opx_liq,P_kbar,pwlr,ElasticNet,49,15,0.03,6.094723992148589,0.04908347129821777
opx,opx_liq,P_kbar,pwlr,ElasticNet,50,15,0.03,6.0773517944113715,0.036322832107543945
opx,opx_liq,P_kbar,pwlr,ElasticNet,51,15,0.03,6.078923586872811,0.030612468719482422
opx,opx_liq,P_kbar,pwlr,ElasticNet,52,15,0.03,6.12447907728904,0.035001277923583984
opx,opx_liq,P_kbar,pwlr,ElasticNet,53,15,0.03,6.018539209502858,0.034026145935058594
opx,opx_liq,P_kbar,pwlr,ElasticNet,54,15,0.03,6.038369438099294,0.036577701568603516
opx,opx_liq,P_kbar,pwlr,ElasticNet,55,15,0.03,6.059544055121779,0.03176999092102051
opx,opx_liq,P_kbar,pwlr,ElasticNet,56,15,0.03,6.094070691299464,0.035872459411621094
opx,opx_liq,P_kbar,pwlr,ElasticNet,57,15,0.03,6.153519710498004,0.03358745574951172
opx,opx_liq,P_kbar,pwlr,ElasticNet,58,15,0.03,6.05559175745204,0.03432130813598633
opx,opx_liq,P_kbar,pwlr,ElasticNet,59,15,0.03,6.111335397445161,0.03095269203186035
opx,opx_liq,P_kbar,pwlr,ElasticNet,60,15,0.03,6.068699810702898,0.03279542922973633
opx,opx_liq,P_kbar,pwlr,ElasticNet,61,15,0.03,6.096492385793254,0.030001163482666016
opx,opx_liq,P_kbar,pwlr,MLP,42,15,0.03,5.6539567288834025,100.44215893745422
opx,opx_liq,P_kbar,pwlr,MLP,43,15,0.03,5.691222155147717,105.46505808830261
opx,opx_liq,P_kbar,pwlr,MLP,44,15,0.03,5.038819850941247,72.54630732536316
opx,opx_liq,P_kbar,pwlr,MLP,45,15,0.03,5.5006732125791435,62.67378807067871
opx,opx_liq,P_kbar,pwlr,MLP,46,15,0.03,5.043685563870659,61.07837390899658
opx,opx_liq,P_kbar,pwlr,MLP,47,15,0.03,5.711028420116685,78.24092721939087
opx,opx_liq,P_kbar,pwlr,MLP,48,15,0.03,7.29983452696696,82.53242611885071
opx,opx_liq,P_kbar,pwlr,MLP,49,15,0.03,6.096019966886501,79.52889609336853
opx,opx_liq,P_kbar,pwlr,MLP,50,15,0.03,5.2571783532290794,80.38857412338257
opx,opx_liq,P_kbar,pwlr,MLP,51,15,0.03,5.618334151866066,71.54286503791809
opx,opx_liq,P_kbar,pwlr,MLP,52,15,0.03,5.864032456543408,81.89094877243042
opx,opx_liq,P_kbar,pwlr,MLP,53,15,0.03,5.596965571471979,90.04207682609558
opx,opx_liq,P_kbar,pwlr,MLP,54,15,0.03,6.069057682259893,102.73097372055054
opx,opx_liq,P_kbar,pwlr,MLP,55,15,0.03,6.374179379968631,80.38373851776123
opx,opx_liq,P_kbar,pwlr,MLP,56,15,0.03,6.415368360935982,82.55824398994446
opx,opx_liq,P_kbar,pwlr,MLP,57,15,0.03,5.7110501394588855,73.86348128318787
opx,opx_liq,P_kbar,pwlr,MLP,58,15,0.03,5.583345051351879,91.01835775375366
opx,opx_liq,P_kbar,pwlr,MLP,59,15,0.03,5.1316934973393735,67.76190686225891
opx,opx_liq,P_kbar,pwlr,MLP,60,15,0.03,6.11845144337778,89.62359404563904
opx,opx_liq,P_kbar,pwlr,MLP,61,15,0.03,6.070690572920008,78.35494351387024
opx,opx_only,T_C,raw,RF,42,15,0.03,161.26399607683376,7.020769357681274
opx,opx_only,T_C,raw,RF,43,15,0.03,159.96010426037464,7.014737129211426
opx,opx_only,T_C,raw,RF,44,15,0.03,162.42393219740114,7.060959577560425
opx,opx_only,T_C,raw,RF,45,15,0.03,160.94946308160792,7.109480381011963
opx,opx_only,T_C,raw,RF,46,15,0.03,160.73083590050183,7.0847718715667725
opx,opx_only,T_C,raw,RF,47,15,0.03,160.1252088247722,7.154287576675415
opx,opx_only,T_C,raw,RF,48,15,0.03,159.72771613720786,7.110178232192993
opx,opx_only,T_C,raw,RF,49,15,0.03,161.32375634157694,7.1853721141815186
opx,opx_only,T_C,raw,RF,50,15,0.03,160.67181237585993,6.884385347366333
opx,opx_only,T_C,raw,RF,51,15,0.03,159.66356438632448,7.177075147628784
opx,opx_only,T_C,raw,RF,52,15,0.03,161.21467510965473,6.951126337051392
opx,opx_only,T_C,raw,RF,53,15,0.03,161.2914274481609,7.011005878448486
opx,opx_only,T_C,raw,RF,54,15,0.03,161.36332358477662,6.987256288528442
opx,opx_only,T_C,raw,RF,55,15,0.03,160.30968526876512,7.30305027961731
opx,opx_only,T_C,raw,RF,56,15,0.03,160.75185620046017,6.902587175369263
opx,opx_only,T_C,raw,RF,57,15,0.03,161.98014878138588,7.2258312702178955
opx,opx_only,T_C,raw,RF,58,15,0.03,161.86402300740704,6.998884439468384
opx,opx_only,T_C,raw,RF,59,15,0.03,160.50255140835705,7.200453281402588
opx,opx_only,T_C,raw,RF,60,15,0.03,161.5875103489379,6.970144748687744
opx,opx_only,T_C,raw,RF,61,15,0.03,160.95026024033493,7.080520391464233
opx,opx_only,T_C,raw,ERT,42,15,0.03,162.19337039903652,1.158219575881958
opx,opx_only,T_C,raw,ERT,43,15,0.03,161.901687470554,1.1950459480285645
opx,opx_only,T_C,raw,ERT,44,15,0.03,161.68598157357528,1.0817925930023193
opx,opx_only,T_C,raw,ERT,45,15,0.03,161.7542896403569,1.1324779987335205
opx,opx_only,T_C,raw,ERT,46,15,0.03,162.42252730079477,1.1216847896575928
opx,opx_only,T_C,raw,ERT,47,15,0.03,161.0162309516744,1.2420613765716553
opx,opx_only,T_C,raw,ERT,48,15,0.03,162.2011816487874,1.1725471019744873
opx,opx_only,T_C,raw,ERT,49,15,0.03,161.7351318838374,1.1369452476501465
opx,opx_only,T_C,raw,ERT,50,15,0.03,161.70951667907343,1.1968286037445068
opx,opx_only,T_C,raw,ERT,51,15,0.03,162.60382111370444,1.0947532653808594
opx,opx_only,T_C,raw,ERT,52,15,0.03,160.87345557030278,1.2124814987182617
opx,opx_only,T_C,raw,ERT,53,15,0.03,161.7788053599144,1.148029088973999
opx,opx_only,T_C,raw,ERT,54,15,0.03,160.7116793714009,1.154649257659912
opx,opx_only,T_C,raw,ERT,55,15,0.03,161.6907992617797,1.1170356273651123
opx,opx_only,T_C,raw,ERT,56,15,0.03,162.1296985477765,1.1061511039733887
opx,opx_only,T_C,raw,ERT,57,15,0.03,162.45401959247957,1.1766915321350098
opx,opx_only,T_C,raw,ERT,58,15,0.03,161.6846463881558,1.201843500137329
opx,opx_only,T_C,raw,ERT,59,15,0.03,161.92671546252643,1.204746961593628
opx,opx_only,T_C,raw,ERT,60,15,0.03,161.03446275784734,1.1504631042480469
opx,opx_only,T_C,raw,ERT,61,15,0.03,161.55538894896947,1.156299352645874
opx,opx_only,T_C,raw,XGB,42,15,0.03,153.37197481537333,0.5214495658874512
opx,opx_only,T_C,raw,XGB,43,15,0.03,152.57023882837282,0.41630029678344727
opx,opx_only,T_C,raw,XGB,44,15,0.03,154.51674276705816,0.3931853771209717
opx,opx_only,T_C,raw,XGB,45,15,0.03,154.14607025693,0.36661410331726074
opx,opx_only,T_C,raw,XGB,46,15,0.03,152.71274730189214,0.39073896408081055
opx,opx_only,T_C,raw,XGB,47,15,0.03,153.0077814418176,0.3850874900817871
opx,opx_only,T_C,raw,XGB,48,15,0.03,154.67537628505818,0.38007450103759766
opx,opx_only,T_C,raw,XGB,49,15,0.03,153.50055603325515,0.34732723236083984
opx,opx_only,T_C,raw,XGB,50,15,0.03,155.37057751902483,0.38404393196105957
opx,opx_only,T_C,raw,XGB,51,15,0.03,152.82164032645238,0.37863659858703613
opx,opx_only,T_C,raw,XGB,52,15,0.03,154.6487104462734,0.4076054096221924
opx,opx_only,T_C,raw,XGB,53,15,0.03,154.78642092744798,0.3953816890716553
opx,opx_only,T_C,raw,XGB,54,15,0.03,153.51465328539888,0.4034593105316162
opx,opx_only,T_C,raw,XGB,55,15,0.03,153.78184549185477,0.37219882011413574
opx,opx_only,T_C,raw,XGB,56,15,0.03,154.25306527035278,0.3782806396484375
opx,opx_only,T_C,raw,XGB,57,15,0.03,153.4451035644062,0.4008612632751465
opx,opx_only,T_C,raw,XGB,58,15,0.03,153.93763636816385,0.36375975608825684
opx,opx_only,T_C,raw,XGB,59,15,0.03,152.8191913508681,0.3434460163116455
opx,opx_only,T_C,raw,XGB,60,15,0.03,154.09645681863068,0.3766055107116699
opx,opx_only,T_C,raw,XGB,61,15,0.03,153.65207685211308,0.3681156635284424
opx,opx_only,T_C,raw,GB,42,15,0.03,158.3595062018556,2.743788957595825
opx,opx_only,T_C,raw,GB,43,15,0.03,163.71112143882957,2.2599613666534424
opx,opx_only,T_C,raw,GB,44,15,0.03,163.4861555679108,2.4476308822631836
opx,opx_only,T_C,raw,GB,45,15,0.03,162.27014278190597,2.333326816558838
opx,opx_only,T_C,raw,GB,46,15,0.03,161.29042527476514,2.6358482837677
opx,opx_only,T_C,raw,GB,47,15,0.03,162.09709154352157,2.382794141769409
opx,opx_only,T_C,raw,GB,48,15,0.03,157.44264020144885,2.4938838481903076
opx,opx_only,T_C,raw,GB,49,15,0.03,161.38648783718224,2.3143157958984375
opx,opx_only,T_C,raw,GB,50,15,0.03,163.3842851447636,2.497648239135742
opx,opx_only,T_C,raw,GB,51,15,0.03,162.7988789995525,2.483163356781006
opx,opx_only,T_C,raw,GB,52,15,0.03,156.5628383504462,2.37996768951416
opx,opx_only,T_C,raw,GB,53,15,0.03,160.33128396840226,2.5887022018432617
opx,opx_only,T_C,raw,GB,54,15,0.03,161.53727327786328,2.452247142791748
opx,opx_only,T_C,raw,GB,55,15,0.03,159.29226691552418,3.062718629837036
opx,opx_only,T_C,raw,GB,56,15,0.03,160.86767252750352,2.3403916358947754
opx,opx_only,T_C,raw,GB,57,15,0.03,152.3702415162015,2.3209314346313477
opx,opx_only,T_C,raw,GB,58,15,0.03,159.04590319964973,2.484572410583496
opx,opx_only,T_C,raw,GB,59,15,0.03,163.8232981896581,2.478832721710205
opx,opx_only,T_C,raw,GB,60,15,0.03,166.2395803450638,2.293400287628174
opx,opx_only,T_C,raw,GB,61,15,0.03,162.06679213692004,2.643998384475708
opx,opx_only,T_C,raw,CatBoost,42,15,0.03,157.89458683707147,18.05123233795166
opx,opx_only,T_C,raw,CatBoost,43,15,0.03,154.8777657764328,18.166566133499146
opx,opx_only,T_C,raw,CatBoost,44,15,0.03,158.1765298926013,18.208906173706055
opx,opx_only,T_C,raw,CatBoost,45,15,0.03,156.1390165400364,18.32421588897705
opx,opx_only,T_C,raw,CatBoost,46,15,0.03,156.89382641689124,19.791261911392212
opx,opx_only,T_C,raw,CatBoost,47,15,0.03,156.06629755258635,19.19459843635559
opx,opx_only,T_C,raw,CatBoost,48,15,0.03,155.59911694804416,18.371067762374878
opx,opx_only,T_C,raw,CatBoost,49,15,0.03,158.65208989506937,17.903681755065918
opx,opx_only,T_C,raw,CatBoost,50,15,0.03,155.8446870163985,18.370498180389404
opx,opx_only,T_C,raw,CatBoost,51,15,0.03,153.82570965541836,18.137220859527588
opx,opx_only,T_C,raw,CatBoost,52,15,0.03,158.6440445285798,18.004396438598633
opx,opx_only,T_C,raw,CatBoost,53,15,0.03,157.04015692328917,17.950907707214355
opx,opx_only,T_C,raw,CatBoost,54,15,0.03,152.33470454376163,18.14539361000061
opx,opx_only,T_C,raw,CatBoost,55,15,0.03,159.47801130163708,18.305721282958984
opx,opx_only,T_C,raw,CatBoost,56,15,0.03,157.90570724979608,18.137173652648926
opx,opx_only,T_C,raw,CatBoost,57,15,0.03,160.84507180939937,18.071900606155396
opx,opx_only,T_C,raw,CatBoost,58,15,0.03,157.27689251110272,18.32695722579956
opx,opx_only,T_C,raw,CatBoost,59,15,0.03,155.20199003169495,18.018266439437866
opx,opx_only,T_C,raw,CatBoost,60,15,0.03,157.21825781523768,18.19609498977661
opx,opx_only,T_C,raw,CatBoost,61,15,0.03,155.1895377126709,18.115478992462158
opx,opx_only,T_C,raw,LightGBM,42,15,0.03,158.37322514123252,0.33452773094177246
opx,opx_only,T_C,raw,LightGBM,43,15,0.03,157.51098395049976,0.3308541774749756
opx,opx_only,T_C,raw,LightGBM,44,15,0.03,156.90955143666747,0.36363887786865234
opx,opx_only,T_C,raw,LightGBM,45,15,0.03,159.45765796821968,0.31726861000061035
opx,opx_only,T_C,raw,LightGBM,46,15,0.03,156.72075290886767,0.21836304664611816
opx,opx_only,T_C,raw,LightGBM,47,15,0.03,156.58408527843582,0.26491308212280273
opx,opx_only,T_C,raw,LightGBM,48,15,0.03,157.06280418053106,0.30669689178466797
opx,opx_only,T_C,raw,LightGBM,49,15,0.03,158.29709979453847,0.2965209484100342
opx,opx_only,T_C,raw,LightGBM,50,15,0.03,158.40453932233095,0.32762956619262695
opx,opx_only,T_C,raw,LightGBM,51,15,0.03,157.82615820893903,0.3557858467102051
opx,opx_only,T_C,raw,LightGBM,52,15,0.03,158.901102312265,0.3616805076599121
opx,opx_only,T_C,raw,LightGBM,53,15,0.03,158.44704265067642,0.3565077781677246
opx,opx_only,T_C,raw,LightGBM,54,15,0.03,161.09737432578305,0.3001112937927246
opx,opx_only,T_C,raw,LightGBM,55,15,0.03,157.94953086409,0.3055899143218994
opx,opx_only,T_C,raw,LightGBM,56,15,0.03,158.57906709940417,0.3538978099822998
opx,opx_only,T_C,raw,LightGBM,57,15,0.03,159.753178331518,0.4500882625579834
opx,opx_only,T_C,raw,LightGBM,58,15,0.03,156.33748045043183,0.31677722930908203
opx,opx_only,T_C,raw,LightGBM,59,15,0.03,156.31344103743808,0.2713634967803955
opx,opx_only,T_C,raw,LightGBM,60,15,0.03,160.2208268202251,0.2892305850982666
opx,opx_only,T_C,raw,LightGBM,61,15,0.03,157.12050420050394,0.2922053337097168
opx,opx_only,T_C,raw,ElasticNet,42,15,0.03,161.38336934289924,0.3069756031036377
opx,opx_only,T_C,raw,ElasticNet,43,15,0.03,161.36410137960115,0.25351548194885254
opx,opx_only,T_C,raw,ElasticNet,44,15,0.03,161.40612466886142,0.26851487159729004
opx,opx_only,T_C,raw,ElasticNet,45,15,0.03,161.37465200654088,0.24385285377502441
opx,opx_only,T_C,raw,ElasticNet,46,15,0.03,161.38188693001152,0.2293233871459961
opx,opx_only,T_C,raw,ElasticNet,47,15,0.03,161.42556077589418,0.21947550773620605
opx,opx_only,T_C,raw,ElasticNet,48,15,0.03,161.42998041194392,0.23319292068481445
opx,opx_only,T_C,raw,ElasticNet,49,15,0.03,161.42044153024108,0.22810935974121094
opx,opx_only,T_C,raw,ElasticNet,50,15,0.03,161.39755561430343,0.23299741744995117
opx,opx_only,T_C,raw,ElasticNet,51,15,0.03,161.39215556628622,0.25353121757507324
opx,opx_only,T_C,raw,ElasticNet,52,15,0.03,161.38086007323767,0.23595190048217773
opx,opx_only,T_C,raw,ElasticNet,53,15,0.03,161.44188140864313,0.21065783500671387
opx,opx_only,T_C,raw,ElasticNet,54,15,0.03,161.38577394014473,0.18720245361328125
opx,opx_only,T_C,raw,ElasticNet,55,15,0.03,161.38918311952705,0.21267223358154297
opx,opx_only,T_C,raw,ElasticNet,56,15,0.03,161.37117270086097,0.21189308166503906
opx,opx_only,T_C,raw,ElasticNet,57,15,0.03,161.4360978033419,0.22126984596252441
opx,opx_only,T_C,raw,ElasticNet,58,15,0.03,161.38194097078863,0.22384047508239746
opx,opx_only,T_C,raw,ElasticNet,59,15,0.03,161.36573008198187,0.2209784984588623
opx,opx_only,T_C,raw,ElasticNet,60,15,0.03,161.385602615752,0.23986387252807617
opx,opx_only,T_C,raw,ElasticNet,61,15,0.03,161.45690841106318,0.22665953636169434
opx,opx_only,T_C,raw,MLP,42,15,0.03,178.78407161270673,38.68895196914673
opx,opx_only,T_C,raw,MLP,43,15,0.03,162.9868320842416,35.77491784095764
opx,opx_only,T_C,raw,MLP,44,15,0.03,184.6492625094862,78.88105130195618
opx,opx_only,T_C,raw,MLP,45,15,0.03,189.5037835025435,51.988078594207764
opx,opx_only,T_C,raw,MLP,46,15,0.03,165.85259014687927,30.208955764770508
opx,opx_only,T_C,raw,MLP,47,15,0.03,169.3992255511738,73.33198261260986
opx,opx_only,T_C,raw,MLP,48,15,0.03,154.92770994342663,71.80120182037354
opx,opx_only,T_C,raw,MLP,49,15,0.03,171.87103763519374,72.07165884971619
opx,opx_only,T_C,raw,MLP,50,15,0.03,151.16342703668872,9.862365007400513
opx,opx_only,T_C,raw,MLP,51,15,0.03,186.96362463884682,47.97742533683777
opx,opx_only,T_C,raw,MLP,52,15,0.03,189.1269644684477,73.6929862499237
opx,opx_only,T_C,raw,MLP,53,15,0.03,179.93584739193966,50.64163017272949
opx,opx_only,T_C,raw,MLP,54,15,0.03,182.85144355826404,50.998658180236816
opx,opx_only,T_C,raw,MLP,55,15,0.03,163.97139164107574,29.860965251922607
opx,opx_only,T_C,raw,MLP,56,15,0.03,166.56770936602078,38.34610629081726
opx,opx_only,T_C,raw,MLP,57,15,0.03,182.26652285406834,45.75327515602112
opx,opx_only,T_C,raw,MLP,58,15,0.03,164.10494015933392,46.37770175933838
opx,opx_only,T_C,raw,MLP,59,15,0.03,182.58306974020368,42.63389849662781
opx,opx_only,T_C,raw,MLP,60,15,0.03,158.34605305698776,56.162561655044556
opx,opx_only,T_C,raw,MLP,61,15,0.03,166.17753868441716,56.40211081504822
opx,opx_only,T_C,alr,RF,42,15,0.03,192.03704478013708,3.611098527908325
opx,opx_only,T_C,alr,RF,43,15,0.03,192.3220590495451,3.587864398956299
opx,opx_only,T_C,alr,RF,44,15,0.03,193.41388208005026,3.6016032695770264
opx,opx_only,T_C,alr,RF,45,15,0.03,193.2043154588552,3.703763723373413
opx,opx_only,T_C,alr,RF,46,15,0.03,191.63198553412778,3.472137928009033
opx,opx_only,T_C,alr,RF,47,15,0.03,192.3976075163895,3.673401355743408
opx,opx_only,T_C,alr,RF,48,15,0.03,193.26387040285908,3.6819403171539307
opx,opx_only,T_C,alr,RF,49,15,0.03,192.6836710813345,3.470684051513672
opx,opx_only,T_C,alr,RF,50,15,0.03,191.3378148091405,3.547480821609497
opx,opx_only,T_C,alr,RF,51,15,0.03,191.2570570455414,3.7258384227752686
opx,opx_only,T_C,alr,RF,52,15,0.03,192.9524501978317,3.391681432723999
opx,opx_only,T_C,alr,RF,53,15,0.03,192.1612058577608,3.603311061859131
opx,opx_only,T_C,alr,RF,54,15,0.03,191.82158925031177,3.547595500946045
opx,opx_only,T_C,alr,RF,55,15,0.03,192.34976875138474,3.545112371444702
opx,opx_only,T_C,alr,RF,56,15,0.03,192.34461325452548,3.5552382469177246
opx,opx_only,T_C,alr,RF,57,15,0.03,193.38005437670114,3.8176848888397217
opx,opx_only,T_C,alr,RF,58,15,0.03,191.20759718848427,3.6260619163513184
opx,opx_only,T_C,alr,RF,59,15,0.03,192.9735533441207,3.518934488296509
opx,opx_only,T_C,alr,RF,60,15,0.03,192.00092662884612,3.5981693267822266
opx,opx_only,T_C,alr,RF,61,15,0.03,192.8269333356932,3.518268585205078
opx,opx_only,T_C,alr,ERT,42,15,0.03,207.5632612482363,2.821613311767578
opx,opx_only,T_C,alr,ERT,43,15,0.03,206.00050913229774,2.9636664390563965
opx,opx_only,T_C,alr,ERT,44,15,0.03,209.0058794544733,2.9211604595184326
opx,opx_only,T_C,alr,ERT,45,15,0.03,208.1397449188778,2.9147708415985107
opx,opx_only,T_C,alr,ERT,46,15,0.03,207.3858649356069,3.8380565643310547
opx,opx_only,T_C,alr,ERT,47,15,0.03,206.18380293457437,3.1853365898132324
opx,opx_only,T_C,alr,ERT,48,15,0.03,207.87917642032863,3.1575050354003906
opx,opx_only,T_C,alr,ERT,49,15,0.03,206.00856017771008,2.93908429145813
opx,opx_only,T_C,alr,ERT,50,15,0.03,205.83262128082805,2.930117130279541
opx,opx_only,T_C,alr,ERT,51,15,0.03,206.7986866087297,2.7570548057556152
opx,opx_only,T_C,alr,ERT,52,15,0.03,207.82881814248586,2.8304967880249023
opx,opx_only,T_C,alr,ERT,53,15,0.03,207.9990889076707,2.911940097808838
opx,opx_only,T_C,alr,ERT,54,15,0.03,206.95218740409604,3.0802979469299316
opx,opx_only,T_C,alr,ERT,55,15,0.03,208.2836034326596,3.0273115634918213
opx,opx_only,T_C,alr,ERT,56,15,0.03,208.81246521817974,2.8636434078216553
opx,opx_only,T_C,alr,ERT,57,15,0.03,208.0640901970347,2.987504005432129
opx,opx_only,T_C,alr,ERT,58,15,0.03,208.35476467904567,3.1123435497283936
opx,opx_only,T_C,alr,ERT,59,15,0.03,207.87515329413037,3.174630641937256
opx,opx_only,T_C,alr,ERT,60,15,0.03,207.90986238927246,2.979391098022461
opx,opx_only,T_C,alr,ERT,61,15,0.03,208.32125829295927,2.9344077110290527
opx,opx_only,T_C,alr,XGB,42,15,0.03,196.2307615657036,1.6874606609344482
opx,opx_only,T_C,alr,XGB,43,15,0.03,194.45982814936323,1.5535695552825928
opx,opx_only,T_C,alr,XGB,44,15,0.03,199.07555651551917,1.661318302154541
opx,opx_only,T_C,alr,XGB,45,15,0.03,198.07715379184592,1.9118270874023438
opx,opx_only,T_C,alr,XGB,46,15,0.03,197.46040099066434,1.8786265850067139
opx,opx_only,T_C,alr,XGB,47,15,0.03,197.24666778071344,1.8806474208831787
opx,opx_only,T_C,alr,XGB,48,15,0.03,196.15710610845574,1.816246747970581
opx,opx_only,T_C,alr,XGB,49,15,0.03,195.81568640730623,1.4698877334594727
opx,opx_only,T_C,alr,XGB,50,15,0.03,196.04435483288626,1.648705244064331
opx,opx_only,T_C,alr,XGB,51,15,0.03,196.23855599974289,1.703406572341919
opx,opx_only,T_C,alr,XGB,52,15,0.03,199.05808128596775,1.8241500854492188
opx,opx_only,T_C,alr,XGB,53,15,0.03,196.25557883551076,1.6591534614562988
opx,opx_only,T_C,alr,XGB,54,15,0.03,197.0765649236225,1.5793399810791016
opx,opx_only,T_C,alr,XGB,55,15,0.03,197.331556209554,1.5559170246124268
opx,opx_only,T_C,alr,XGB,56,15,0.03,196.18955508130995,1.6999011039733887
opx,opx_only,T_C,alr,XGB,57,15,0.03,194.200868194538,1.7356252670288086
opx,opx_only,T_C,alr,XGB,58,15,0.03,195.59968897721615,1.9958117008209229
opx,opx_only,T_C,alr,XGB,59,15,0.03,198.7012858379575,1.5414958000183105
opx,opx_only,T_C,alr,XGB,60,15,0.03,195.9772448172593,1.4197182655334473
opx,opx_only,T_C,alr,XGB,61,15,0.03,196.03120379083487,1.9220085144042969
opx,opx_only,T_C,alr,GB,42,15,0.03,197.61168906205796,3.080479145050049
opx,opx_only,T_C,alr,GB,43,15,0.03,197.04244068829834,2.1026740074157715
opx,opx_only,T_C,alr,GB,44,15,0.03,195.0005461848541,2.198239803314209
opx,opx_only,T_C,alr,GB,45,15,0.03,195.19702075164017,1.9750657081604004
opx,opx_only,T_C,alr,GB,46,15,0.03,197.62035907456908,2.328453540802002
opx,opx_only,T_C,alr,GB,47,15,0.03,196.5122152823378,1.8005518913269043
opx,opx_only,T_C,alr,GB,48,15,0.03,197.96534787505234,2.5166478157043457
opx,opx_only,T_C,alr,GB,49,15,0.03,195.2414546265669,1.894345760345459
opx,opx_only,T_C,alr,GB,50,15,0.03,197.25531878844578,1.8187251091003418
opx,opx_only,T_C,alr,GB,51,15,0.03,196.65191186314877,2.7070207595825195
opx,opx_only,T_C,alr,GB,52,15,0.03,197.3593869407411,2.4065637588500977
opx,opx_only,T_C,alr,GB,53,15,0.03,196.04010951445076,2.4363324642181396
opx,opx_only,T_C,alr,GB,54,15,0.03,199.02968037336896,2.0437088012695312
opx,opx_only,T_C,alr,GB,55,15,0.03,197.588803366178,1.9293105602264404
opx,opx_only,T_C,alr,GB,56,15,0.03,196.90612775867345,2.1079399585723877
opx,opx_only,T_C,alr,GB,57,15,0.03,197.854701099773,1.5803563594818115
opx,opx_only,T_C,alr,GB,58,15,0.03,191.9340385989903,1.9787681102752686
opx,opx_only,T_C,alr,GB,59,15,0.03,195.99682799584798,1.5012915134429932
opx,opx_only,T_C,alr,GB,60,15,0.03,196.61250990404625,1.6355400085449219
opx,opx_only,T_C,alr,GB,61,15,0.03,198.13501536331788,1.783078908920288
opx,opx_only,T_C,alr,CatBoost,42,15,0.03,179.28208601101144,3.4351255893707275
opx,opx_only,T_C,alr,CatBoost,43,15,0.03,178.16296069757,3.6089890003204346
opx,opx_only,T_C,alr,CatBoost,44,15,0.03,173.85454893150427,3.585601329803467
opx,opx_only,T_C,alr,CatBoost,45,15,0.03,175.10500168727435,3.363421678543091
opx,opx_only,T_C,alr,CatBoost,46,15,0.03,176.5891472688352,3.614582061767578
opx,opx_only,T_C,alr,CatBoost,47,15,0.03,172.957295870926,3.4783592224121094
opx,opx_only,T_C,alr,CatBoost,48,15,0.03,174.6947399072815,3.3859894275665283
opx,opx_only,T_C,alr,CatBoost,49,15,0.03,175.29798923851328,3.7809231281280518
opx,opx_only,T_C,alr,CatBoost,50,15,0.03,178.3074607272016,3.456603765487671
opx,opx_only,T_C,alr,CatBoost,51,15,0.03,181.13872770288017,3.346121072769165
opx,opx_only,T_C,alr,CatBoost,52,15,0.03,181.41293378460267,3.718492031097412
opx,opx_only,T_C,alr,CatBoost,53,15,0.03,176.81656365062915,3.6230595111846924
opx,opx_only,T_C,alr,CatBoost,54,15,0.03,176.60557906220475,3.766606330871582
opx,opx_only,T_C,alr,CatBoost,55,15,0.03,177.2235515105436,3.973832368850708
opx,opx_only,T_C,alr,CatBoost,56,15,0.03,179.28830653447994,3.8660569190979004
opx,opx_only,T_C,alr,CatBoost,57,15,0.03,177.901913765067,4.0849292278289795
opx,opx_only,T_C,alr,CatBoost,58,15,0.03,178.60755473768296,3.702794075012207
opx,opx_only,T_C,alr,CatBoost,59,15,0.03,175.9938282988789,3.8962552547454834
opx,opx_only,T_C,alr,CatBoost,60,15,0.03,178.21356653972543,3.8696129322052
opx,opx_only,T_C,alr,CatBoost,61,15,0.03,180.14064201719495,3.873026132583618
opx,opx_only,T_C,alr,LightGBM,42,15,0.03,196.11665092277045,1.8946855068206787
opx,opx_only,T_C,alr,LightGBM,43,15,0.03,195.22464185800123,2.123567581176758
opx,opx_only,T_C,alr,LightGBM,44,15,0.03,196.66251548873035,2.092278003692627
opx,opx_only,T_C,alr,LightGBM,45,15,0.03,197.78585219422718,2.070110321044922
opx,opx_only,T_C,alr,LightGBM,46,15,0.03,195.06239365684493,2.079282283782959
opx,opx_only,T_C,alr,LightGBM,47,15,0.03,192.86783227937943,2.3698554039001465
opx,opx_only,T_C,alr,LightGBM,48,15,0.03,194.3866635101558,1.8298745155334473
opx,opx_only,T_C,alr,LightGBM,49,15,0.03,193.36354559250168,2.177030324935913
opx,opx_only,T_C,alr,LightGBM,50,15,0.03,192.6401921106051,1.597181797027588
opx,opx_only,T_C,alr,LightGBM,51,15,0.03,195.3180371742796,1.702002763748169
opx,opx_only,T_C,alr,LightGBM,52,15,0.03,196.99932063265462,1.5314886569976807
opx,opx_only,T_C,alr,LightGBM,53,15,0.03,195.1813968192697,1.7163968086242676
opx,opx_only,T_C,alr,LightGBM,54,15,0.03,193.7117527606854,1.5945639610290527
opx,opx_only,T_C,alr,LightGBM,55,15,0.03,195.03820061560816,1.4048080444335938
opx,opx_only,T_C,alr,LightGBM,56,15,0.03,194.3189156491727,2.0077314376831055
opx,opx_only,T_C,alr,LightGBM,57,15,0.03,195.43294365367905,1.405637502670288
opx,opx_only,T_C,alr,LightGBM,58,15,0.03,193.7954471426856,1.7692646980285645
opx,opx_only,T_C,alr,LightGBM,59,15,0.03,194.9555378583103,1.83445143699646
opx,opx_only,T_C,alr,LightGBM,60,15,0.03,195.67724627537223,1.7143397331237793
opx,opx_only,T_C,alr,LightGBM,61,15,0.03,195.33831698624041,1.5778093338012695
opx,opx_only,T_C,alr,ElasticNet,42,15,0.03,173.29561626241988,0.08399319648742676
opx,opx_only,T_C,alr,ElasticNet,43,15,0.03,173.34552607508869,0.06500983238220215
opx,opx_only,T_C,alr,ElasticNet,44,15,0.03,173.31165462686306,0.06472539901733398
opx,opx_only,T_C,alr,ElasticNet,45,15,0.03,173.3164154234118,0.07495522499084473
opx,opx_only,T_C,alr,ElasticNet,46,15,0.03,173.31475772340536,0.06267857551574707
opx,opx_only,T_C,alr,ElasticNet,47,15,0.03,173.30853602558403,0.09230256080627441
opx,opx_only,T_C,alr,ElasticNet,48,15,0.03,173.3076406567482,0.09621524810791016
opx,opx_only,T_C,alr,ElasticNet,49,15,0.03,173.32058111994198,0.07736921310424805
opx,opx_only,T_C,alr,ElasticNet,50,15,0.03,173.33261939696362,0.07142138481140137
opx,opx_only,T_C,alr,ElasticNet,51,15,0.03,173.30761659952333,0.053610801696777344
opx,opx_only,T_C,alr,ElasticNet,52,15,0.03,173.33620360228204,0.05536007881164551
opx,opx_only,T_C,alr,ElasticNet,53,15,0.03,173.30734111021837,0.05304765701293945
opx,opx_only,T_C,alr,ElasticNet,54,15,0.03,173.30405519226147,0.08419680595397949
opx,opx_only,T_C,alr,ElasticNet,55,15,0.03,173.31780678302584,0.07034444808959961
opx,opx_only,T_C,alr,ElasticNet,56,15,0.03,173.3221607377483,0.05545806884765625
opx,opx_only,T_C,alr,ElasticNet,57,15,0.03,173.29844424138307,0.053548336029052734
opx,opx_only,T_C,alr,ElasticNet,58,15,0.03,173.30736252252422,0.0502777099609375
opx,opx_only,T_C,alr,ElasticNet,59,15,0.03,173.3283977270912,0.05197548866271973
opx,opx_only,T_C,alr,ElasticNet,60,15,0.03,173.30773925954279,0.04997849464416504
opx,opx_only,T_C,alr,ElasticNet,61,15,0.03,173.3085006716707,0.05212116241455078
opx,opx_only,T_C,alr,MLP,42,15,0.03,157.6807591469389,4.2495317459106445
opx,opx_only,T_C,alr,MLP,43,15,0.03,171.57694551120906,2.73616623878479
opx,opx_only,T_C,alr,MLP,44,15,0.03,166.72085454212854,8.869080066680908
opx,opx_only,T_C,alr,MLP,45,15,0.03,173.1787115153179,2.4223926067352295
opx,opx_only,T_C,alr,MLP,46,15,0.03,188.63309118588208,7.404835939407349
opx,opx_only,T_C,alr,MLP,47,15,0.03,168.70934444870667,2.5096635818481445
opx,opx_only,T_C,alr,MLP,48,15,0.03,175.36752392553197,2.383937358856201
opx,opx_only,T_C,alr,MLP,49,15,0.03,163.95884064932966,3.135535717010498
opx,opx_only,T_C,alr,MLP,50,15,0.03,176.34094380749445,3.9145803451538086
opx,opx_only,T_C,alr,MLP,51,15,0.03,167.00677974926452,6.6833319664001465
opx,opx_only,T_C,alr,MLP,52,15,0.03,204.04753116209577,6.679132461547852
opx,opx_only,T_C,alr,MLP,53,15,0.03,180.41800717311074,7.986034393310547
opx,opx_only,T_C,alr,MLP,54,15,0.03,161.53954281617885,2.510655164718628
opx,opx_only,T_C,alr,MLP,55,15,0.03,189.5299903233471,7.8673624992370605
opx,opx_only,T_C,alr,MLP,56,15,0.03,174.5223927191151,3.8026392459869385
opx,opx_only,T_C,alr,MLP,57,15,0.03,182.27741135803885,5.17752742767334
opx,opx_only,T_C,alr,MLP,58,15,0.03,163.56019308234247,6.390852451324463
opx,opx_only,T_C,alr,MLP,59,15,0.03,151.55691607277984,2.2487618923187256
opx,opx_only,T_C,alr,MLP,60,15,0.03,177.2478631224406,3.377908229827881
opx,opx_only,T_C,alr,MLP,61,15,0.03,196.61465674202785,7.399838924407959
opx,opx_only,T_C,pwlr,RF,42,15,0.03,162.6345568909301,3.918430805206299
opx,opx_only,T_C,pwlr,RF,43,15,0.03,162.4862409641197,4.176167964935303
opx,opx_only,T_C,pwlr,RF,44,15,0.03,164.45395381483698,4.008182525634766
opx,opx_only,T_C,pwlr,RF,45,15,0.03,161.37606913307403,4.197869539260864
opx,opx_only,T_C,pwlr,RF,46,15,0.03,164.4981364476702,3.9308981895446777
opx,opx_only,T_C,pwlr,RF,47,15,0.03,164.31508982078702,4.158764600753784
opx,opx_only,T_C,pwlr,RF,48,15,0.03,163.80028944563097,4.270184755325317
opx,opx_only,T_C,pwlr,RF,49,15,0.03,164.17496366868625,4.240003824234009
opx,opx_only,T_C,pwlr,RF,50,15,0.03,163.35847156445018,4.2267372608184814
opx,opx_only,T_C,pwlr,RF,51,15,0.03,163.3228392053625,4.246374607086182
opx,opx_only,T_C,pwlr,RF,52,15,0.03,163.45083459702764,4.321519374847412
opx,opx_only,T_C,pwlr,RF,53,15,0.03,162.8928824732222,4.314811944961548
opx,opx_only,T_C,pwlr,RF,54,15,0.03,165.0601214897377,4.056867599487305
opx,opx_only,T_C,pwlr,RF,55,15,0.03,164.617556974587,4.118156433105469
opx,opx_only,T_C,pwlr,RF,56,15,0.03,164.20187678146797,3.9889755249023438
opx,opx_only,T_C,pwlr,RF,57,15,0.03,163.65337995376467,4.152261734008789
opx,opx_only,T_C,pwlr,RF,58,15,0.03,164.59146597396236,4.0742106437683105
opx,opx_only,T_C,pwlr,RF,59,15,0.03,162.62809587246727,4.185596227645874
opx,opx_only,T_C,pwlr,RF,60,15,0.03,162.19888896063722,3.955470323562622
opx,opx_only,T_C,pwlr,RF,61,15,0.03,163.4833653009744,4.312289237976074
opx,opx_only,T_C,pwlr,ERT,42,15,0.03,168.56384557298446,4.513575553894043
opx,opx_only,T_C,pwlr,ERT,43,15,0.03,169.0931324828064,4.74734091758728
opx,opx_only,T_C,pwlr,ERT,44,15,0.03,166.83164284362377,4.577122926712036
opx,opx_only,T_C,pwlr,ERT,45,15,0.03,167.97345238537883,4.614364862442017
opx,opx_only,T_C,pwlr,ERT,46,15,0.03,170.0279400544641,4.513106107711792
opx,opx_only,T_C,pwlr,ERT,47,15,0.03,169.18607088775633,4.738259792327881
opx,opx_only,T_C,pwlr,ERT,48,15,0.03,167.04434332912,4.9900195598602295
opx,opx_only,T_C,pwlr,ERT,49,15,0.03,168.6056492461102,4.740297317504883
opx,opx_only,T_C,pwlr,ERT,50,15,0.03,168.99922858960338,4.604480028152466
opx,opx_only,T_C,pwlr,ERT,51,15,0.03,168.91089307226443,4.64342737197876
opx,opx_only,T_C,pwlr,ERT,52,15,0.03,169.32711409952964,4.824699878692627
opx,opx_only,T_C,pwlr,ERT,53,15,0.03,168.23305587098275,4.5500640869140625
opx,opx_only,T_C,pwlr,ERT,54,15,0.03,167.82297605741732,4.832900524139404
opx,opx_only,T_C,pwlr,ERT,55,15,0.03,168.09405178961902,4.545880079269409
opx,opx_only,T_C,pwlr,ERT,56,15,0.03,168.24726859384756,4.647945404052734
opx,opx_only,T_C,pwlr,ERT,57,15,0.03,168.4395667029789,4.664657115936279
opx,opx_only,T_C,pwlr,ERT,58,15,0.03,168.87795254152576,4.597206354141235
opx,opx_only,T_C,pwlr,ERT,59,15,0.03,169.35218381964478,4.816885709762573
opx,opx_only,T_C,pwlr,ERT,60,15,0.03,169.11898052006777,4.454015731811523
opx,opx_only,T_C,pwlr,ERT,61,15,0.03,169.78090651980185,4.7324559688568115
opx,opx_only,T_C,pwlr,XGB,42,15,0.03,164.34998387853489,7.977838754653931
opx,opx_only,T_C,pwlr,XGB,43,15,0.03,160.38110011219288,8.33586573600769
opx,opx_only,T_C,pwlr,XGB,44,15,0.03,163.10476312650414,7.199343919754028
opx,opx_only,T_C,pwlr,XGB,45,15,0.03,162.18857614785495,7.201565504074097
opx,opx_only,T_C,pwlr,XGB,46,15,0.03,164.38555435038361,7.114710807800293
opx,opx_only,T_C,pwlr,XGB,47,15,0.03,165.91344231643495,7.3490025997161865
opx,opx_only,T_C,pwlr,XGB,48,15,0.03,161.04760360042042,7.3705480098724365
opx,opx_only,T_C,pwlr,XGB,49,15,0.03,162.65560270974746,7.882617950439453
opx,opx_only,T_C,pwlr,XGB,50,15,0.03,162.94609007984604,7.858099937438965
opx,opx_only,T_C,pwlr,XGB,51,15,0.03,160.7041392672195,8.014132022857666
opx,opx_only,T_C,pwlr,XGB,52,15,0.03,164.1283988176611,8.03196120262146
opx,opx_only,T_C,pwlr,XGB,53,15,0.03,162.62934445636648,7.657274007797241
opx,opx_only,T_C,pwlr,XGB,54,15,0.03,163.1347646892856,7.334253787994385
opx,opx_only,T_C,pwlr,XGB,55,15,0.03,164.8608912196744,7.195929288864136
opx,opx_only,T_C,pwlr,XGB,56,15,0.03,164.6043785298659,7.02111291885376
opx,opx_only,T_C,pwlr,XGB,57,15,0.03,160.92083820186605,7.359022617340088
opx,opx_only,T_C,pwlr,XGB,58,15,0.03,162.8512051994217,7.18866491317749
opx,opx_only,T_C,pwlr,XGB,59,15,0.03,160.59804029084822,7.200254440307617
opx,opx_only,T_C,pwlr,XGB,60,15,0.03,162.43761136978034,7.032573938369751
opx,opx_only,T_C,pwlr,XGB,61,15,0.03,163.45508418170485,7.186973810195923
opx,opx_only,T_C,pwlr,GB,42,15,0.03,171.05068686835176,9.643130779266357
opx,opx_only,T_C,pwlr,GB,43,15,0.03,164.6743556184095,10.037551403045654
opx,opx_only,T_C,pwlr,GB,44,15,0.03,165.64654391617717,9.076321125030518
opx,opx_only,T_C,pwlr,GB,45,15,0.03,168.6134130200256,9.927872657775879
opx,opx_only,T_C,pwlr,GB,46,15,0.03,170.14883572664144,9.41878867149353
opx,opx_only,T_C,pwlr,GB,47,15,0.03,166.23564408467547,9.404352188110352
opx,opx_only,T_C,pwlr,GB,48,15,0.03,171.47272051777904,9.272433042526245
opx,opx_only,T_C,pwlr,GB,49,15,0.03,165.56137784872874,9.236051797866821
opx,opx_only,T_C,pwlr,GB,50,15,0.03,170.09396062703007,9.262686252593994
opx,opx_only,T_C,pwlr,GB,51,15,0.03,165.05424173832455,9.956432104110718
opx,opx_only,T_C,pwlr,GB,52,15,0.03,165.08117991601344,10.220590591430664
opx,opx_only,T_C,pwlr,GB,53,15,0.03,166.1788405801777,10.099848985671997
opx,opx_only,T_C,pwlr,GB,54,15,0.03,166.4977938629223,9.31061601638794
opx,opx_only,T_C,pwlr,GB,55,15,0.03,165.425962253735,9.311942100524902
opx,opx_only,T_C,pwlr,GB,56,15,0.03,171.46412562811201,9.91265058517456
opx,opx_only,T_C,pwlr,GB,57,15,0.03,168.63276285956817,9.548965692520142
opx,opx_only,T_C,pwlr,GB,58,15,0.03,167.68720255293357,9.236994504928589
opx,opx_only,T_C,pwlr,GB,59,15,0.03,167.67956914602138,9.292158365249634
opx,opx_only,T_C,pwlr,GB,60,15,0.03,165.5374615651709,9.750447750091553
opx,opx_only,T_C,pwlr,GB,61,15,0.03,167.14600818179886,9.392955780029297
opx,opx_only,T_C,pwlr,CatBoost,42,15,0.03,161.82884271819543,12.916545152664185
opx,opx_only,T_C,pwlr,CatBoost,43,15,0.03,156.30544163875498,12.25075626373291
opx,opx_only,T_C,pwlr,CatBoost,44,15,0.03,156.68540803143478,12.402196168899536
opx,opx_only,T_C,pwlr,CatBoost,45,15,0.03,159.29590311192632,12.501364946365356
opx,opx_only,T_C,pwlr,CatBoost,46,15,0.03,161.78986223557155,12.40628433227539
opx,opx_only,T_C,pwlr,CatBoost,47,15,0.03,158.31479593007148,12.38668966293335
opx,opx_only,T_C,pwlr,CatBoost,48,15,0.03,163.59278424216424,12.719945430755615
opx,opx_only,T_C,pwlr,CatBoost,49,15,0.03,161.5715458998967,15.30936884880066
opx,opx_only,T_C,pwlr,CatBoost,50,15,0.03,161.98452168895415,13.588122844696045
opx,opx_only,T_C,pwlr,CatBoost,51,15,0.03,161.2210691040007,14.36741828918457
opx,opx_only,T_C,pwlr,CatBoost,52,15,0.03,167.16026956546307,13.52806830406189
opx,opx_only,T_C,pwlr,CatBoost,53,15,0.03,158.6374637092866,13.177292823791504
opx,opx_only,T_C,pwlr,CatBoost,54,15,0.03,162.89494377171,13.581881523132324
opx,opx_only,T_C,pwlr,CatBoost,55,15,0.03,154.52949794901534,13.892360925674438
opx,opx_only,T_C,pwlr,CatBoost,56,15,0.03,166.68071375407493,13.143552541732788
opx,opx_only,T_C,pwlr,CatBoost,57,15,0.03,161.65787833119427,13.035409927368164
opx,opx_only,T_C,pwlr,CatBoost,58,15,0.03,160.624698684535,13.118785858154297
opx,opx_only,T_C,pwlr,CatBoost,59,15,0.03,159.74669376574403,13.31360125541687
opx,opx_only,T_C,pwlr,CatBoost,60,15,0.03,160.70979369312522,13.021415948867798
opx,opx_only,T_C,pwlr,CatBoost,61,15,0.03,156.96635953255995,13.20212721824646
opx,opx_only,T_C,pwlr,LightGBM,42,15,0.03,158.49878004704647,1.4765346050262451
opx,opx_only,T_C,pwlr,LightGBM,43,15,0.03,157.6226780618436,1.4312009811401367
opx,opx_only,T_C,pwlr,LightGBM,44,15,0.03,158.37843052481472,1.4935660362243652
opx,opx_only,T_C,pwlr,LightGBM,45,15,0.03,158.87779421744094,1.465806245803833
opx,opx_only,T_C,pwlr,LightGBM,46,15,0.03,158.38130795084007,1.416111946105957
opx,opx_only,T_C,pwlr,LightGBM,47,15,0.03,156.84301464997466,1.4661400318145752
opx,opx_only,T_C,pwlr,LightGBM,48,15,0.03,158.08025175632352,1.466346263885498
opx,opx_only,T_C,pwlr,LightGBM,49,15,0.03,155.97927697336237,1.4819533824920654
opx,opx_only,T_C,pwlr,LightGBM,50,15,0.03,158.35735332318868,1.4509170055389404
opx,opx_only,T_C,pwlr,LightGBM,51,15,0.03,156.1740352721216,1.5569255352020264
opx,opx_only,T_C,pwlr,LightGBM,52,15,0.03,159.46003234978423,1.5314390659332275
opx,opx_only,T_C,pwlr,LightGBM,53,15,0.03,157.83613416239737,1.4448671340942383
opx,opx_only,T_C,pwlr,LightGBM,54,15,0.03,158.12985753104832,1.4663963317871094
opx,opx_only,T_C,pwlr,LightGBM,55,15,0.03,155.6182295178484,1.4483282566070557
opx,opx_only,T_C,pwlr,LightGBM,56,15,0.03,157.09452769735404,1.4414341449737549
opx,opx_only,T_C,pwlr,LightGBM,57,15,0.03,158.51224320729366,1.459909200668335
opx,opx_only,T_C,pwlr,LightGBM,58,15,0.03,157.87738495589443,1.4619333744049072
opx,opx_only,T_C,pwlr,LightGBM,59,15,0.03,158.2403011464383,1.4869897365570068
opx,opx_only,T_C,pwlr,LightGBM,60,15,0.03,157.80936136229968,1.5383033752441406
opx,opx_only,T_C,pwlr,LightGBM,61,15,0.03,159.05549288267346,1.4683218002319336
opx,opx_only,T_C,pwlr,ElasticNet,42,15,0.03,179.09903433538892,105.48853802680969
opx,opx_only,T_C,pwlr,ElasticNet,43,15,0.03,178.94838106887065,110.91300511360168
opx,opx_only,T_C,pwlr,ElasticNet,44,15,0.03,179.52459077111064,87.00508236885071
opx,opx_only,T_C,pwlr,ElasticNet,45,15,0.03,179.3476284616364,86.31945538520813
opx,opx_only,T_C,pwlr,ElasticNet,46,15,0.03,179.15025407698297,85.25754404067993
opx,opx_only,T_C,pwlr,ElasticNet,47,15,0.03,179.28119504389755,85.36020708084106
opx,opx_only,T_C,pwlr,ElasticNet,48,15,0.03,179.23403039204672,84.17946720123291
opx,opx_only,T_C,pwlr,ElasticNet,49,15,0.03,179.14286810642042,84.24217581748962
opx,opx_only,T_C,pwlr,ElasticNet,50,15,0.03,179.44241275238662,101.4289538860321
opx,opx_only,T_C,pwlr,ElasticNet,51,15,0.03,178.99213892381243,111.33625841140747
opx,opx_only,T_C,pwlr,ElasticNet,52,15,0.03,179.19043573448417,122.37318801879883
opx,opx_only,T_C,pwlr,ElasticNet,53,15,0.03,179.2065775995942,126.42671918869019
opx,opx_only,T_C,pwlr,ElasticNet,54,15,0.03,179.69895323676977,110.43619775772095
opx,opx_only,T_C,pwlr,ElasticNet,55,15,0.03,179.71968642875166,99.59057307243347
opx,opx_only,T_C,pwlr,ElasticNet,56,15,0.03,179.30983689257724,112.03247928619385
opx,opx_only,T_C,pwlr,ElasticNet,57,15,0.03,179.27416364815411,105.53797698020935
opx,opx_only,T_C,pwlr,ElasticNet,58,15,0.03,178.7103728538353,100.86327862739563
opx,opx_only,T_C,pwlr,ElasticNet,59,15,0.03,179.83940298257664,101.49051713943481
opx,opx_only,T_C,pwlr,ElasticNet,60,15,0.03,179.49860081060032,138.23585963249207
opx,opx_only,T_C,pwlr,ElasticNet,61,15,0.03,179.7866186135578,127.85125231742859
opx,opx_only,T_C,pwlr,MLP,42,15,0.03,178.86404518434023,110.14147138595581
opx,opx_only,T_C,pwlr,MLP,43,15,0.03,179.208626121595,128.94562220573425
opx,opx_only,T_C,pwlr,MLP,44,15,0.03,167.99572274729044,136.8810167312622
opx,opx_only,T_C,pwlr,MLP,45,15,0.03,180.44220183819098,145.7302749156952
opx,opx_only,T_C,pwlr,MLP,46,15,0.03,175.6032179767494,103.91700053215027
opx,opx_only,T_C,pwlr,MLP,47,15,0.03,200.16034993885495,96.20980072021484
opx,opx_only,T_C,pwlr,MLP,48,15,0.03,199.61571703184813,88.82813692092896
opx,opx_only,T_C,pwlr,MLP,49,15,0.03,193.1718874869719,78.5658118724823
opx,opx_only,T_C,pwlr,MLP,50,15,0.03,172.57778350054448,114.57645416259766
opx,opx_only,T_C,pwlr,MLP,51,15,0.03,176.03151505838642,116.36104011535645
opx,opx_only,T_C,pwlr,MLP,52,15,0.03,185.02135723780367,80.45558786392212
opx,opx_only,T_C,pwlr,MLP,53,15,0.03,177.12690223355386,78.58876347541809
opx,opx_only,T_C,pwlr,MLP,54,15,0.03,165.42172385169383,142.17150354385376
opx,opx_only,T_C,pwlr,MLP,55,15,0.03,158.3104348969775,96.40515375137329
opx,opx_only,T_C,pwlr,MLP,56,15,0.03,183.3354467957302,124.7012505531311
opx,opx_only,T_C,pwlr,MLP,57,15,0.03,178.28766866927674,121.64536666870117
opx,opx_only,T_C,pwlr,MLP,58,15,0.03,175.69800514444026,78.74551486968994
opx,opx_only,T_C,pwlr,MLP,59,15,0.03,172.14130006802495,132.46029782295227
opx,opx_only,T_C,pwlr,MLP,60,15,0.03,182.79798429530047,110.60720944404602
opx,opx_only,T_C,pwlr,MLP,61,15,0.03,173.13339344518252,85.74051642417908
opx,opx_only,P_kbar,raw,RF,42,15,0.03,12.928463663767719,11.185668468475342
opx,opx_only,P_kbar,raw,RF,43,15,0.03,13.14917641685372,11.03853154182434
opx,opx_only,P_kbar,raw,RF,44,15,0.03,12.909726169063498,11.182741403579712
opx,opx_only,P_kbar,raw,RF,45,15,0.03,13.003397322957278,11.198702573776245
opx,opx_only,P_kbar,raw,RF,46,15,0.03,12.929403661552351,11.234461545944214
opx,opx_only,P_kbar,raw,RF,47,15,0.03,13.051738718786869,11.274036884307861
opx,opx_only,P_kbar,raw,RF,48,15,0.03,13.069017415855544,11.819518327713013
opx,opx_only,P_kbar,raw,RF,49,15,0.03,13.09395373478124,11.336050510406494
opx,opx_only,P_kbar,raw,RF,50,15,0.03,12.937085589029325,11.115225553512573
opx,opx_only,P_kbar,raw,RF,51,15,0.03,13.015307401897791,11.129512786865234
opx,opx_only,P_kbar,raw,RF,52,15,0.03,13.00264409286201,11.330191373825073
opx,opx_only,P_kbar,raw,RF,53,15,0.03,12.955230063641888,12.166463851928711
opx,opx_only,P_kbar,raw,RF,54,15,0.03,13.15962366291188,14.003054141998291
opx,opx_only,P_kbar,raw,RF,55,15,0.03,12.895476766774822,11.7366304397583
opx,opx_only,P_kbar,raw,RF,56,15,0.03,12.991930791501762,11.46782660484314
opx,opx_only,P_kbar,raw,RF,57,15,0.03,13.076707494574343,11.198184490203857
opx,opx_only,P_kbar,raw,RF,58,15,0.03,13.10519917617285,11.25281572341919
opx,opx_only,P_kbar,raw,RF,59,15,0.03,12.952200323926043,11.482175827026367
opx,opx_only,P_kbar,raw,RF,60,15,0.03,12.84456269199573,11.199884176254272
opx,opx_only,P_kbar,raw,RF,61,15,0.03,13.12719424318559,11.3207426071167
opx,opx_only,P_kbar,raw,ERT,42,15,0.03,12.242824410282648,3.6044857501983643
opx,opx_only,P_kbar,raw,ERT,43,15,0.03,12.294219862254849,3.7451882362365723
opx,opx_only,P_kbar,raw,ERT,44,15,0.03,12.250052213130639,3.599749803543091
opx,opx_only,P_kbar,raw,ERT,45,15,0.03,12.234718171149574,3.7343502044677734
opx,opx_only,P_kbar,raw,ERT,46,15,0.03,12.244026950558618,3.7670397758483887
opx,opx_only,P_kbar,raw,ERT,47,15,0.03,12.382556419670953,3.595334768295288
opx,opx_only,P_kbar,raw,ERT,48,15,0.03,12.292642623960985,3.6979002952575684
opx,opx_only,P_kbar,raw,ERT,49,15,0.03,12.266889416270207,3.6361262798309326
opx,opx_only,P_kbar,raw,ERT,50,15,0.03,12.17371504276203,3.67189359664917
opx,opx_only,P_kbar,raw,ERT,51,15,0.03,12.341516021617526,3.693662405014038
opx,opx_only,P_kbar,raw,ERT,52,15,0.03,12.189979932129209,3.624370574951172
opx,opx_only,P_kbar,raw,ERT,53,15,0.03,12.232665808936867,3.585179090499878
opx,opx_only,P_kbar,raw,ERT,54,15,0.03,12.1999019744049,3.7039804458618164
opx,opx_only,P_kbar,raw,ERT,55,15,0.03,12.230577730139974,3.9588475227355957
opx,opx_only,P_kbar,raw,ERT,56,15,0.03,12.225388690262616,3.593111991882324
opx,opx_only,P_kbar,raw,ERT,57,15,0.03,12.222427475600258,3.8128609657287598
opx,opx_only,P_kbar,raw,ERT,58,15,0.03,12.227070317033185,3.6485772132873535
opx,opx_only,P_kbar,raw,ERT,59,15,0.03,12.256626229203391,3.576202869415283
opx,opx_only,P_kbar,raw,ERT,60,15,0.03,12.282167184353776,3.69429874420166
opx,opx_only,P_kbar,raw,ERT,61,15,0.03,12.227614028330994,3.5893988609313965
opx,opx_only,P_kbar,raw,XGB,42,15,0.03,12.5759887649558,0.7099616527557373
opx,opx_only,P_kbar,raw,XGB,43,15,0.03,12.507914826795973,0.6706907749176025
opx,opx_only,P_kbar,raw,XGB,44,15,0.03,12.662067067538526,0.6739993095397949
opx,opx_only,P_kbar,raw,XGB,45,15,0.03,12.725483249976069,0.6683511734008789
opx,opx_only,P_kbar,raw,XGB,46,15,0.03,12.549790109035628,0.6787381172180176
opx,opx_only,P_kbar,raw,XGB,47,15,0.03,12.690667855989554,0.6987400054931641
opx,opx_only,P_kbar,raw,XGB,48,15,0.03,12.683481315865613,0.7163910865783691
opx,opx_only,P_kbar,raw,XGB,49,15,0.03,12.366669993493892,0.6866195201873779
opx,opx_only,P_kbar,raw,XGB,50,15,0.03,12.481747929347732,0.6588151454925537
opx,opx_only,P_kbar,raw,XGB,51,15,0.03,12.764741415210338,0.6674909591674805
opx,opx_only,P_kbar,raw,XGB,52,15,0.03,12.436379517771613,0.666574239730835
opx,opx_only,P_kbar,raw,XGB,53,15,0.03,12.882166136090405,0.6600611209869385
opx,opx_only,P_kbar,raw,XGB,54,15,0.03,12.569978792596746,0.6677265167236328
opx,opx_only,P_kbar,raw,XGB,55,15,0.03,12.550939596417187,0.6828708648681641
opx,opx_only,P_kbar,raw,XGB,56,15,0.03,12.548360266540218,0.6722872257232666
opx,opx_only,P_kbar,raw,XGB,57,15,0.03,12.30653553760145,0.6641654968261719
opx,opx_only,P_kbar,raw,XGB,58,15,0.03,12.346143974999588,0.6571598052978516
opx,opx_only,P_kbar,raw,XGB,59,15,0.03,12.631277815036055,0.65608811378479
opx,opx_only,P_kbar,raw,XGB,60,15,0.03,12.692823377426153,0.6712291240692139
opx,opx_only,P_kbar,raw,XGB,61,15,0.03,12.750216367198849,0.6716675758361816
opx,opx_only,P_kbar,raw,GB,42,15,0.03,12.832395565570197,5.251570463180542
opx,opx_only,P_kbar,raw,GB,43,15,0.03,13.104224340448354,5.097376823425293
opx,opx_only,P_kbar,raw,GB,44,15,0.03,12.647993302082556,5.3409583568573
opx,opx_only,P_kbar,raw,GB,45,15,0.03,12.739075826022173,5.372405767440796
opx,opx_only,P_kbar,raw,GB,46,15,0.03,12.982243993044923,5.474868059158325
opx,opx_only,P_kbar,raw,GB,47,15,0.03,13.395149442959983,5.455992937088013
opx,opx_only,P_kbar,raw,GB,48,15,0.03,12.840616322476421,5.622095346450806
opx,opx_only,P_kbar,raw,GB,49,15,0.03,13.013229378726303,5.483731269836426
opx,opx_only,P_kbar,raw,GB,50,15,0.03,13.389291760981735,5.371823072433472
opx,opx_only,P_kbar,raw,GB,51,15,0.03,12.705110082474478,5.313929796218872
opx,opx_only,P_kbar,raw,GB,52,15,0.03,13.041515215897237,5.368205308914185
opx,opx_only,P_kbar,raw,GB,53,15,0.03,12.842187750143674,5.328793525695801
opx,opx_only,P_kbar,raw,GB,54,15,0.03,13.40200719522213,5.467771291732788
opx,opx_only,P_kbar,raw,GB,55,15,0.03,13.121633752304708,5.349247217178345
opx,opx_only,P_kbar,raw,GB,56,15,0.03,12.400417978831618,5.356482028961182
opx,opx_only,P_kbar,raw,GB,57,15,0.03,12.790807543711098,5.3018763065338135
opx,opx_only,P_kbar,raw,GB,58,15,0.03,13.172141592834592,5.3405046463012695
opx,opx_only,P_kbar,raw,GB,59,15,0.03,12.556650249981857,5.307269096374512
opx,opx_only,P_kbar,raw,GB,60,15,0.03,13.160695634551423,5.273752450942993
opx,opx_only,P_kbar,raw,GB,61,15,0.03,13.405382551664104,5.339383363723755
opx,opx_only,P_kbar,raw,CatBoost,42,15,0.03,12.393946617365255,8.550557851791382
opx,opx_only,P_kbar,raw,CatBoost,43,15,0.03,12.29905132374991,8.672545909881592
opx,opx_only,P_kbar,raw,CatBoost,44,15,0.03,12.461340476481162,8.646627187728882
opx,opx_only,P_kbar,raw,CatBoost,45,15,0.03,12.266889679115309,8.548568725585938
opx,opx_only,P_kbar,raw,CatBoost,46,15,0.03,12.27936986784737,8.459608554840088
opx,opx_only,P_kbar,raw,CatBoost,47,15,0.03,12.438463670515773,8.674156665802002
opx,opx_only,P_kbar,raw,CatBoost,48,15,0.03,12.403586672284213,8.463155269622803
opx,opx_only,P_kbar,raw,CatBoost,49,15,0.03,12.0114094781311,8.464216947555542
opx,opx_only,P_kbar,raw,CatBoost,50,15,0.03,12.069322288194975,8.931056499481201
opx,opx_only,P_kbar,raw,CatBoost,51,15,0.03,12.395336481361271,8.713120460510254
opx,opx_only,P_kbar,raw,CatBoost,52,15,0.03,12.261727994868563,8.876709461212158
opx,opx_only,P_kbar,raw,CatBoost,53,15,0.03,12.1966372880253,8.575621128082275
opx,opx_only,P_kbar,raw,CatBoost,54,15,0.03,12.211577366090008,8.571686744689941
opx,opx_only,P_kbar,raw,CatBoost,55,15,0.03,12.49706733714161,8.448105573654175
opx,opx_only,P_kbar,raw,CatBoost,56,15,0.03,12.263300259438347,8.481446981430054
opx,opx_only,P_kbar,raw,CatBoost,57,15,0.03,12.235094085457257,8.584143161773682
opx,opx_only,P_kbar,raw,CatBoost,58,15,0.03,11.999031660772955,8.691895723342896
opx,opx_only,P_kbar,raw,CatBoost,59,15,0.03,12.469238454217079,8.550399780273438
opx,opx_only,P_kbar,raw,CatBoost,60,15,0.03,12.480920256407929,8.479016304016113
opx,opx_only,P_kbar,raw,CatBoost,61,15,0.03,12.074641618433658,8.434255599975586
opx,opx_only,P_kbar,raw,LightGBM,42,15,0.03,13.042008587269498,1.2359354496002197
opx,opx_only,P_kbar,raw,LightGBM,43,15,0.03,13.102176912785314,1.1644070148468018
opx,opx_only,P_kbar,raw,LightGBM,44,15,0.03,12.764288006565511,1.158703088760376
opx,opx_only,P_kbar,raw,LightGBM,45,15,0.03,13.085396788771536,1.149179220199585
opx,opx_only,P_kbar,raw,LightGBM,46,15,0.03,13.05255830264802,1.140674114227295
opx,opx_only,P_kbar,raw,LightGBM,47,15,0.03,13.104770555885526,1.1375195980072021
opx,opx_only,P_kbar,raw,LightGBM,48,15,0.03,12.793526357804438,1.163116693496704
opx,opx_only,P_kbar,raw,LightGBM,49,15,0.03,13.12658378477416,1.143143653869629
opx,opx_only,P_kbar,raw,LightGBM,50,15,0.03,12.896638473521438,1.1329913139343262
opx,opx_only,P_kbar,raw,LightGBM,51,15,0.03,13.071630940453405,1.158916711807251
opx,opx_only,P_kbar,raw,LightGBM,52,15,0.03,13.12841869361876,1.1804754734039307
opx,opx_only,P_kbar,raw,LightGBM,53,15,0.03,13.072415031017947,1.1592121124267578
opx,opx_only,P_kbar,raw,LightGBM,54,15,0.03,12.976737034720655,1.1653151512145996
opx,opx_only,P_kbar,raw,LightGBM,55,15,0.03,13.09416382817747,1.1635267734527588
opx,opx_only,P_kbar,raw,LightGBM,56,15,0.03,12.614097914722416,1.1771295070648193
opx,opx_only,P_kbar,raw,LightGBM,57,15,0.03,13.133290392710569,1.184561014175415
opx,opx_only,P_kbar,raw,LightGBM,58,15,0.03,13.025762452136165,1.1774847507476807
opx,opx_only,P_kbar,raw,LightGBM,59,15,0.03,13.105977743744196,1.14302659034729
opx,opx_only,P_kbar,raw,LightGBM,60,15,0.03,12.789273511830444,1.1506717205047607
opx,opx_only,P_kbar,raw,LightGBM,61,15,0.03,13.194765495862935,1.2015149593353271
opx,opx_only,P_kbar,raw,ElasticNet,42,15,0.03,13.464838358658355,4.003338098526001
opx,opx_only,P_kbar,raw,ElasticNet,43,15,0.03,13.470403059002694,3.5741302967071533
opx,opx_only,P_kbar,raw,ElasticNet,44,15,0.03,13.463530920103969,1.8743047714233398
opx,opx_only,P_kbar,raw,ElasticNet,45,15,0.03,13.462852426386478,2.3850462436676025
opx,opx_only,P_kbar,raw,ElasticNet,46,15,0.03,13.460471042902704,2.249821424484253
opx,opx_only,P_kbar,raw,ElasticNet,47,15,0.03,13.492795505012602,2.4514846801757812
opx,opx_only,P_kbar,raw,ElasticNet,48,15,0.03,13.469027624453329,2.1348447799682617
opx,opx_only,P_kbar,raw,ElasticNet,49,15,0.03,13.483848396854267,2.026487350463867
opx,opx_only,P_kbar,raw,ElasticNet,50,15,0.03,13.490880085542397,2.17008638381958
opx,opx_only,P_kbar,raw,ElasticNet,51,15,0.03,13.471798077665326,2.127310037612915
opx,opx_only,P_kbar,raw,ElasticNet,52,15,0.03,13.4724235742604,2.0346057415008545
opx,opx_only,P_kbar,raw,ElasticNet,53,15,0.03,13.467271663624896,2.788025379180908
opx,opx_only,P_kbar,raw,ElasticNet,54,15,0.03,13.462190058538223,3.5223569869995117
opx,opx_only,P_kbar,raw,ElasticNet,55,15,0.03,13.454484494880358,3.137336015701294
opx,opx_only,P_kbar,raw,ElasticNet,56,15,0.03,13.469030131669728,3.3306667804718018
opx,opx_only,P_kbar,raw,ElasticNet,57,15,0.03,13.478039132571515,3.196803569793701
opx,opx_only,P_kbar,raw,ElasticNet,58,15,0.03,13.485134163961868,3.0758376121520996
opx,opx_only,P_kbar,raw,ElasticNet,59,15,0.03,13.460287267483663,2.276435375213623
opx,opx_only,P_kbar,raw,ElasticNet,60,15,0.03,13.452468391188848,2.174344778060913
opx,opx_only,P_kbar,raw,ElasticNet,61,15,0.03,13.46899906225312,2.5130350589752197
opx,opx_only,P_kbar,raw,MLP,42,15,0.03,14.801610964179448,13.041799306869507
opx,opx_only,P_kbar,raw,MLP,43,15,0.03,15.18510007316275,10.880260229110718
opx,opx_only,P_kbar,raw,MLP,44,15,0.03,13.699734286925654,11.284536361694336
opx,opx_only,P_kbar,raw,MLP,45,15,0.03,13.931016802781725,6.590898036956787
opx,opx_only,P_kbar,raw,MLP,46,15,0.03,15.075928361739647,16.05230402946472
opx,opx_only,P_kbar,raw,MLP,47,15,0.03,14.252827355031393,11.619356155395508
opx,opx_only,P_kbar,raw,MLP,48,15,0.03,15.919366700776918,7.0585596561431885
opx,opx_only,P_kbar,raw,MLP,49,15,0.03,15.389136224627551,8.70513916015625
opx,opx_only,P_kbar,raw,MLP,50,15,0.03,14.284472120484148,10.473217010498047
opx,opx_only,P_kbar,raw,MLP,51,15,0.03,14.432998996870941,10.844472408294678
opx,opx_only,P_kbar,raw,MLP,52,15,0.03,14.693134478139307,12.202365636825562
opx,opx_only,P_kbar,raw,MLP,53,15,0.03,14.180484798428752,9.69332766532898
opx,opx_only,P_kbar,raw,MLP,54,15,0.03,15.704533949392834,10.147626638412476
opx,opx_only,P_kbar,raw,MLP,55,15,0.03,14.294072963327046,10.97381854057312
opx,opx_only,P_kbar,raw,MLP,56,15,0.03,14.986762714063879,7.599020957946777
opx,opx_only,P_kbar,raw,MLP,57,15,0.03,15.203933776351233,9.40215516090393
opx,opx_only,P_kbar,raw,MLP,58,15,0.03,14.820596972953368,10.049543857574463
opx,opx_only,P_kbar,raw,MLP,59,15,0.03,14.685647258202494,8.52608060836792
opx,opx_only,P_kbar,raw,MLP,60,15,0.03,16.182710598268105,8.878915548324585
opx,opx_only,P_kbar,raw,MLP,61,15,0.03,14.26855231469857,8.815628051757812
opx,opx_only,P_kbar,alr,RF,42,15,0.03,14.011370868826631,10.615325689315796
opx,opx_only,P_kbar,alr,RF,43,15,0.03,14.043917405225534,10.52923321723938
opx,opx_only,P_kbar,alr,RF,44,15,0.03,14.036672082225746,10.437618494033813
opx,opx_only,P_kbar,alr,RF,45,15,0.03,13.78973552001498,10.447984457015991
opx,opx_only,P_kbar,alr,RF,46,15,0.03,13.859458659139213,10.727309942245483
opx,opx_only,P_kbar,alr,RF,47,15,0.03,13.981374130527476,10.577727317810059
opx,opx_only,P_kbar,alr,RF,48,15,0.03,13.862723949348466,10.507277011871338
opx,opx_only,P_kbar,alr,RF,49,15,0.03,14.002963384561989,10.519161701202393
opx,opx_only,P_kbar,alr,RF,50,15,0.03,14.09028478077178,10.537559032440186
opx,opx_only,P_kbar,alr,RF,51,15,0.03,14.017767526934517,11.141765356063843
opx,opx_only,P_kbar,alr,RF,52,15,0.03,14.09613480072502,10.567258358001709
opx,opx_only,P_kbar,alr,RF,53,15,0.03,14.12550169119849,10.503801822662354
opx,opx_only,P_kbar,alr,RF,54,15,0.03,13.954163356075204,10.597827672958374
opx,opx_only,P_kbar,alr,RF,55,15,0.03,13.929619579835318,10.542414426803589
opx,opx_only,P_kbar,alr,RF,56,15,0.03,13.752128268829152,10.585695028305054
opx,opx_only,P_kbar,alr,RF,57,15,0.03,14.207432922126342,10.591224193572998
opx,opx_only,P_kbar,alr,RF,58,15,0.03,14.041833129888198,10.710584878921509
opx,opx_only,P_kbar,alr,RF,59,15,0.03,14.177649211586077,10.608587503433228
opx,opx_only,P_kbar,alr,RF,60,15,0.03,13.862898548787873,10.560131549835205
opx,opx_only,P_kbar,alr,RF,61,15,0.03,13.941285268410114,10.733935594558716
opx,opx_only,P_kbar,alr,ERT,42,15,0.03,12.878665593993652,1.0836617946624756
opx,opx_only,P_kbar,alr,ERT,43,15,0.03,12.922841059818367,1.0973427295684814
opx,opx_only,P_kbar,alr,ERT,44,15,0.03,13.245443571543415,1.0517802238464355
opx,opx_only,P_kbar,alr,ERT,45,15,0.03,13.038865340185632,1.051070213317871
opx,opx_only,P_kbar,alr,ERT,46,15,0.03,12.833288300578248,1.0406525135040283
opx,opx_only,P_kbar,alr,ERT,47,15,0.03,13.069212126463674,1.0517768859863281
opx,opx_only,P_kbar,alr,ERT,48,15,0.03,13.069346237296294,1.0738568305969238
opx,opx_only,P_kbar,alr,ERT,49,15,0.03,13.077862438507712,1.1868431568145752
opx,opx_only,P_kbar,alr,ERT,50,15,0.03,13.109611967941127,1.0832011699676514
opx,opx_only,P_kbar,alr,ERT,51,15,0.03,12.955124645751342,1.0865874290466309
opx,opx_only,P_kbar,alr,ERT,52,15,0.03,13.017817675365734,1.090926170349121
opx,opx_only,P_kbar,alr,ERT,53,15,0.03,13.024544726206738,1.0875184535980225
opx,opx_only,P_kbar,alr,ERT,54,15,0.03,12.888750554296676,1.0678155422210693
opx,opx_only,P_kbar,alr,ERT,55,15,0.03,13.115855382313145,1.0867116451263428
opx,opx_only,P_kbar,alr,ERT,56,15,0.03,13.077886092382428,1.1055529117584229
opx,opx_only,P_kbar,alr,ERT,57,15,0.03,13.024383352284513,1.0976800918579102
opx,opx_only,P_kbar,alr,ERT,58,15,0.03,13.05501163864641,1.0721337795257568
opx,opx_only,P_kbar,alr,ERT,59,15,0.03,13.093770058075451,1.2284018993377686
opx,opx_only,P_kbar,alr,ERT,60,15,0.03,12.96022656276173,1.0474445819854736
opx,opx_only,P_kbar,alr,ERT,61,15,0.03,13.045577129323892,1.0559661388397217
opx,opx_only,P_kbar,alr,XGB,42,15,0.03,13.525532628159977,1.2583966255187988
opx,opx_only,P_kbar,alr,XGB,43,15,0.03,13.432892217430952,1.5758106708526611
opx,opx_only,P_kbar,alr,XGB,44,15,0.03,13.62713192071459,2.1940999031066895
opx,opx_only,P_kbar,alr,XGB,45,15,0.03,13.330185647410094,1.4654417037963867
opx,opx_only,P_kbar,alr,XGB,46,15,0.03,13.548892359933221,1.353700876235962
opx,opx_only,P_kbar,alr,XGB,47,15,0.03,13.550110045404915,1.321997880935669
opx,opx_only,P_kbar,alr,XGB,48,15,0.03,13.49771427129145,1.28965425491333
opx,opx_only,P_kbar,alr,XGB,49,15,0.03,13.612909890218518,1.2526955604553223
opx,opx_only,P_kbar,alr,XGB,50,15,0.03,13.423982810555318,1.3990859985351562
opx,opx_only,P_kbar,alr,XGB,51,15,0.03,13.463720640185684,1.5565948486328125
opx,opx_only,P_kbar,alr,XGB,52,15,0.03,13.548100291819306,1.8115041255950928
opx,opx_only,P_kbar,alr,XGB,53,15,0.03,13.225748635276961,1.9263591766357422
opx,opx_only,P_kbar,alr,XGB,54,15,0.03,13.391236495741165,1.5615434646606445
opx,opx_only,P_kbar,alr,XGB,55,15,0.03,13.573977122675597,1.553790807723999
opx,opx_only,P_kbar,alr,XGB,56,15,0.03,13.528321772505505,1.4381976127624512
opx,opx_only,P_kbar,alr,XGB,57,15,0.03,13.68602824053444,1.580209732055664
opx,opx_only,P_kbar,alr,XGB,58,15,0.03,13.493730009361055,1.8845546245574951
opx,opx_only,P_kbar,alr,XGB,59,15,0.03,13.546834494973533,1.294630527496338
opx,opx_only,P_kbar,alr,XGB,60,15,0.03,13.42522366372277,1.392549753189087
opx,opx_only,P_kbar,alr,XGB,61,15,0.03,13.467095432640132,1.2954449653625488
opx,opx_only,P_kbar,alr,GB,42,15,0.03,13.763551335049163,3.738077402114868
opx,opx_only,P_kbar,alr,GB,43,15,0.03,13.545105367210567,3.757418632507324
opx,opx_only,P_kbar,alr,GB,44,15,0.03,13.195667445595689,3.7803432941436768
opx,opx_only,P_kbar,alr,GB,45,15,0.03,13.40308598725038,3.7394957542419434
opx,opx_only,P_kbar,alr,GB,46,15,0.03,13.38370958038151,3.836186408996582
opx,opx_only,P_kbar,alr,GB,47,15,0.03,13.318845480505276,3.9151411056518555
opx,opx_only,P_kbar,alr,GB,48,15,0.03,13.413879991694468,3.925879955291748
opx,opx_only,P_kbar,alr,GB,49,15,0.03,13.439094492767984,3.8529090881347656
opx,opx_only,P_kbar,alr,GB,50,15,0.03,13.591036346214741,3.7451069355010986
opx,opx_only,P_kbar,alr,GB,51,15,0.03,13.168508078196593,3.872843027114868
opx,opx_only,P_kbar,alr,GB,52,15,0.03,13.461145869082978,3.907823085784912
opx,opx_only,P_kbar,alr,GB,53,15,0.03,13.360739116486865,3.9752132892608643
opx,opx_only,P_kbar,alr,GB,54,15,0.03,13.60923603539251,3.8971705436706543
opx,opx_only,P_kbar,alr,GB,55,15,0.03,13.706198224540495,3.9475131034851074
opx,opx_only,P_kbar,alr,GB,56,15,0.03,13.633955038652713,3.865278720855713
opx,opx_only,P_kbar,alr,GB,57,15,0.03,13.653760233814397,3.8379361629486084
opx,opx_only,P_kbar,alr,GB,58,15,0.03,13.819964501011437,3.867663860321045
opx,opx_only,P_kbar,alr,GB,59,15,0.03,13.159379212484463,3.903677225112915
opx,opx_only,P_kbar,alr,GB,60,15,0.03,13.667771107438709,3.870122194290161
opx,opx_only,P_kbar,alr,GB,61,15,0.03,13.688119045192934,3.8973541259765625
opx,opx_only,P_kbar,alr,CatBoost,42,15,0.03,14.279118512087518,26.152932167053223
opx,opx_only,P_kbar,alr,CatBoost,43,15,0.03,14.197093909250997,25.20184326171875
opx,opx_only,P_kbar,alr,CatBoost,44,15,0.03,14.266489460073203,25.363922595977783
opx,opx_only,P_kbar,alr,CatBoost,45,15,0.03,14.225057651173966,25.633788585662842
opx,opx_only,P_kbar,alr,CatBoost,46,15,0.03,14.561247525970755,25.142902851104736
opx,opx_only,P_kbar,alr,CatBoost,47,15,0.03,14.216130689888132,25.60840892791748
opx,opx_only,P_kbar,alr,CatBoost,48,15,0.03,13.87341587809611,25.043718576431274
opx,opx_only,P_kbar,alr,CatBoost,49,15,0.03,13.80024976334246,25.189388751983643
opx,opx_only,P_kbar,alr,CatBoost,50,15,0.03,14.453732215105044,25.10802388191223
opx,opx_only,P_kbar,alr,CatBoost,51,15,0.03,14.44800308048433,25.062257528305054
opx,opx_only,P_kbar,alr,CatBoost,52,15,0.03,14.497932308869,25.678593397140503
opx,opx_only,P_kbar,alr,CatBoost,53,15,0.03,14.613518405949861,25.883931398391724
opx,opx_only,P_kbar,alr,CatBoost,54,15,0.03,13.689054836664685,25.289560079574585
opx,opx_only,P_kbar,alr,CatBoost,55,15,0.03,14.624211788929715,25.02538251876831
opx,opx_only,P_kbar,alr,CatBoost,56,15,0.03,14.345467515833716,26.5509672164917
opx,opx_only,P_kbar,alr,CatBoost,57,15,0.03,14.59963367980278,25.557313919067383
opx,opx_only,P_kbar,alr,CatBoost,58,15,0.03,14.190430711445089,25.10592818260193
opx,opx_only,P_kbar,alr,CatBoost,59,15,0.03,13.734802425624723,24.958781480789185
opx,opx_only,P_kbar,alr,CatBoost,60,15,0.03,14.363476652004739,24.893177270889282
opx,opx_only,P_kbar,alr,CatBoost,61,15,0.03,14.085879361451118,25.264233827590942
opx,opx_only,P_kbar,alr,LightGBM,42,15,0.03,13.786645076356379,3.1014482975006104
opx,opx_only,P_kbar,alr,LightGBM,43,15,0.03,13.839161823866334,3.2761189937591553
opx,opx_only,P_kbar,alr,LightGBM,44,15,0.03,14.159266713199933,3.3079442977905273
opx,opx_only,P_kbar,alr,LightGBM,45,15,0.03,13.646742410349924,3.2477879524230957
opx,opx_only,P_kbar,alr,LightGBM,46,15,0.03,13.781483257714005,3.2564890384674072
opx,opx_only,P_kbar,alr,LightGBM,47,15,0.03,13.636340342140377,3.2948527336120605
opx,opx_only,P_kbar,alr,LightGBM,48,15,0.03,13.94519116846428,3.19337797164917
opx,opx_only,P_kbar,alr,LightGBM,49,15,0.03,14.15493219980167,3.3458456993103027
opx,opx_only,P_kbar,alr,LightGBM,50,15,0.03,14.077727709034844,3.26293683052063
opx,opx_only,P_kbar,alr,LightGBM,51,15,0.03,14.050316592818865,3.218268394470215
opx,opx_only,P_kbar,alr,LightGBM,52,15,0.03,13.935796713664027,3.166900157928467
opx,opx_only,P_kbar,alr,LightGBM,53,15,0.03,14.035906589083215,3.178950786590576
opx,opx_only,P_kbar,alr,LightGBM,54,15,0.03,13.90743298087132,3.336181163787842
opx,opx_only,P_kbar,alr,LightGBM,55,15,0.03,14.318136038965934,3.12241268157959
opx,opx_only,P_kbar,alr,LightGBM,56,15,0.03,13.745356084404635,3.2113561630249023
opx,opx_only,P_kbar,alr,LightGBM,57,15,0.03,14.15717698111913,3.3617286682128906
opx,opx_only,P_kbar,alr,LightGBM,58,15,0.03,14.013383173953473,3.2775838375091553
opx,opx_only,P_kbar,alr,LightGBM,59,15,0.03,13.885724779297192,3.364532947540283
opx,opx_only,P_kbar,alr,LightGBM,60,15,0.03,14.054957539823056,3.2403619289398193
opx,opx_only,P_kbar,alr,LightGBM,61,15,0.03,13.780358553430036,3.2048962116241455
opx,opx_only,P_kbar,alr,ElasticNet,42,15,0.03,13.364265248371645,0.05922865867614746
opx,opx_only,P_kbar,alr,ElasticNet,43,15,0.03,13.361950109081773,0.0584716796875
opx,opx_only,P_kbar,alr,ElasticNet,44,15,0.03,13.361399318869546,0.06011462211608887
opx,opx_only,P_kbar,alr,ElasticNet,45,15,0.03,13.363008341661349,0.07186198234558105
opx,opx_only,P_kbar,alr,ElasticNet,46,15,0.03,13.362521314850783,0.08230400085449219
opx,opx_only,P_kbar,alr,ElasticNet,47,15,0.03,13.361946089037824,0.0867927074432373
opx,opx_only,P_kbar,alr,ElasticNet,48,15,0.03,13.36121330806738,0.08693504333496094
opx,opx_only,P_kbar,alr,ElasticNet,49,15,0.03,13.361283357531088,0.09304141998291016
opx,opx_only,P_kbar,alr,ElasticNet,50,15,0.03,13.362462423768521,0.08111357688903809
opx,opx_only,P_kbar,alr,ElasticNet,51,15,0.03,13.362827245004528,0.08088850975036621
opx,opx_only,P_kbar,alr,ElasticNet,52,15,0.03,13.361323310305725,0.07983517646789551
opx,opx_only,P_kbar,alr,ElasticNet,53,15,0.03,13.364301778021863,0.08020758628845215
opx,opx_only,P_kbar,alr,ElasticNet,54,15,0.03,13.362488236625538,0.07944464683532715
opx,opx_only,P_kbar,alr,ElasticNet,55,15,0.03,13.362471948614374,0.07820630073547363
opx,opx_only,P_kbar,alr,ElasticNet,56,15,0.03,13.36511461552946,0.07270288467407227
opx,opx_only,P_kbar,alr,ElasticNet,57,15,0.03,13.36504220474303,0.07103466987609863
opx,opx_only,P_kbar,alr,ElasticNet,58,15,0.03,13.362806425301107,0.07246088981628418
opx,opx_only,P_kbar,alr,ElasticNet,59,15,0.03,13.36121851773496,0.06794953346252441
opx,opx_only,P_kbar,alr,ElasticNet,60,15,0.03,13.36478444952981,0.06853961944580078
opx,opx_only,P_kbar,alr,ElasticNet,61,15,0.03,13.365910792020316,0.0654914379119873
opx,opx_only,P_kbar,alr,MLP,42,15,0.03,14.904804655668974,144.400817155838
opx,opx_only,P_kbar,alr,MLP,43,15,0.03,13.291880433841285,258.2278437614441
opx,opx_only,P_kbar,alr,MLP,44,15,0.03,12.053419671512088,259.71027660369873
opx,opx_only,P_kbar,alr,MLP,45,15,0.03,12.950077590261476,233.32987141609192
opx,opx_only,P_kbar,alr,MLP,46,15,0.03,13.99782139568474,157.5543828010559
opx,opx_only,P_kbar,alr,MLP,47,15,0.03,12.880762345114187,151.0233976840973
opx,opx_only,P_kbar,alr,MLP,48,15,0.03,12.943651217127188,241.87070178985596
opx,opx_only,P_kbar,alr,MLP,49,15,0.03,14.31366069505965,175.39778518676758
opx,opx_only,P_kbar,alr,MLP,50,15,0.03,11.560407171809265,159.4284131526947
opx,opx_only,P_kbar,alr,MLP,51,15,0.03,12.063648179694342,169.93000030517578
opx,opx_only,P_kbar,alr,MLP,52,15,0.03,12.028523654490105,171.39821314811707
opx,opx_only,P_kbar,alr,MLP,53,15,0.03,12.79248175386179,261.8817021846771
opx,opx_only,P_kbar,alr,MLP,54,15,0.03,13.26772679750278,220.09813570976257
opx,opx_only,P_kbar,alr,MLP,55,15,0.03,13.05381409535026,242.2914001941681
opx,opx_only,P_kbar,alr,MLP,56,15,0.03,13.17184261585954,178.93095183372498
opx,opx_only,P_kbar,alr,MLP,57,15,0.03,11.431287722123345,193.4121265411377
opx,opx_only,P_kbar,alr,MLP,58,15,0.03,12.49371966281694,261.9695100784302
opx,opx_only,P_kbar,alr,MLP,59,15,0.03,13.658887729123343,165.91225600242615
opx,opx_only,P_kbar,alr,MLP,60,15,0.03,12.263001488542146,184.45717024803162
opx,opx_only,P_kbar,alr,MLP,61,15,0.03,11.291670097486566,194.38532400131226
opx,opx_only,P_kbar,pwlr,RF,42,15,0.03,12.462824859468626,24.227819204330444
opx,opx_only,P_kbar,pwlr,RF,43,15,0.03,12.294788111143752,24.168299436569214
opx,opx_only,P_kbar,pwlr,RF,44,15,0.03,12.298903927398895,24.491975784301758
opx,opx_only,P_kbar,pwlr,RF,45,15,0.03,12.119181637127651,24.327543020248413
opx,opx_only,P_kbar,pwlr,RF,46,15,0.03,12.432311331702751,24.323033332824707
opx,opx_only,P_kbar,pwlr,RF,47,15,0.03,11.753460317334318,24.577903509140015
opx,opx_only,P_kbar,pwlr,RF,48,15,0.03,11.841293967723663,24.414243698120117
opx,opx_only,P_kbar,pwlr,RF,49,15,0.03,12.48221067442054,24.43278217315674
opx,opx_only,P_kbar,pwlr,RF,50,15,0.03,12.248873781374229,24.149282693862915
opx,opx_only,P_kbar,pwlr,RF,51,15,0.03,12.166716998387223,24.407288789749146
opx,opx_only,P_kbar,pwlr,RF,52,15,0.03,12.03508244031752,24.531206846237183
opx,opx_only,P_kbar,pwlr,RF,53,15,0.03,12.079591278438857,24.608556985855103
opx,opx_only,P_kbar,pwlr,RF,54,15,0.03,12.228736896507236,24.134446382522583
opx,opx_only,P_kbar,pwlr,RF,55,15,0.03,12.39843663137603,24.163012981414795
opx,opx_only,P_kbar,pwlr,RF,56,15,0.03,12.65145202909439,25.674710273742676
opx,opx_only,P_kbar,pwlr,RF,57,15,0.03,12.166648981166741,31.74610996246338
opx,opx_only,P_kbar,pwlr,RF,58,15,0.03,12.093170449703498,27.27107334136963
opx,opx_only,P_kbar,pwlr,RF,59,15,0.03,12.281148710892378,27.35597252845764
opx,opx_only,P_kbar,pwlr,RF,60,15,0.03,12.37900494719295,28.830575704574585
opx,opx_only,P_kbar,pwlr,RF,61,15,0.03,12.263008533851634,27.931299924850464
opx,opx_only,P_kbar,pwlr,ERT,42,15,0.03,10.911780703449523,2.450676441192627
opx,opx_only,P_kbar,pwlr,ERT,43,15,0.03,11.126770797209169,2.4192793369293213
opx,opx_only,P_kbar,pwlr,ERT,44,15,0.03,11.08461522107668,2.0952091217041016
opx,opx_only,P_kbar,pwlr,ERT,45,15,0.03,11.080025680357737,2.4799413681030273
opx,opx_only,P_kbar,pwlr,ERT,46,15,0.03,11.115062128229505,2.5747275352478027
opx,opx_only,P_kbar,pwlr,ERT,47,15,0.03,11.1033231568745,2.738950490951538
opx,opx_only,P_kbar,pwlr,ERT,48,15,0.03,11.192855753147517,2.2140283584594727
opx,opx_only,P_kbar,pwlr,ERT,49,15,0.03,11.216246175192206,2.141237497329712
opx,opx_only,P_kbar,pwlr,ERT,50,15,0.03,11.022567503421916,2.6408989429473877
opx,opx_only,P_kbar,pwlr,ERT,51,15,0.03,11.366124497358486,2.3092527389526367
opx,opx_only,P_kbar,pwlr,ERT,52,15,0.03,10.998083289752339,2.834836006164551
opx,opx_only,P_kbar,pwlr,ERT,53,15,0.03,11.24290988455017,2.809412717819214
opx,opx_only,P_kbar,pwlr,ERT,54,15,0.03,11.012772776021805,2.353078842163086
opx,opx_only,P_kbar,pwlr,ERT,55,15,0.03,11.082570253720958,2.3570475578308105
opx,opx_only,P_kbar,pwlr,ERT,56,15,0.03,11.045529277244867,2.4521865844726562
opx,opx_only,P_kbar,pwlr,ERT,57,15,0.03,11.176322889755852,2.1480424404144287
opx,opx_only,P_kbar,pwlr,ERT,58,15,0.03,11.29708171887095,2.4277713298797607
opx,opx_only,P_kbar,pwlr,ERT,59,15,0.03,11.177594768294696,2.4731147289276123
opx,opx_only,P_kbar,pwlr,ERT,60,15,0.03,11.05325138173145,2.583829164505005
opx,opx_only,P_kbar,pwlr,ERT,61,15,0.03,11.138824407851388,2.6411619186401367
opx,opx_only,P_kbar,pwlr,XGB,42,15,0.03,13.121206247034095,7.614102602005005
opx,opx_only,P_kbar,pwlr,XGB,43,15,0.03,12.336318383828678,7.810559272766113
opx,opx_only,P_kbar,pwlr,XGB,44,15,0.03,13.20238774708899,8.119410753250122
opx,opx_only,P_kbar,pwlr,XGB,45,15,0.03,12.948212158342786,7.130284070968628
opx,opx_only,P_kbar,pwlr,XGB,46,15,0.03,12.424696365175812,7.239118576049805
opx,opx_only,P_kbar,pwlr,XGB,47,15,0.03,11.53150383927271,7.213838338851929
opx,opx_only,P_kbar,pwlr,XGB,48,15,0.03,11.293376172191314,8.198249578475952
opx,opx_only,P_kbar,pwlr,XGB,49,15,0.03,12.149465963848836,6.720924139022827
opx,opx_only,P_kbar,pwlr,XGB,50,15,0.03,12.201828238994391,7.265995502471924
opx,opx_only,P_kbar,pwlr,XGB,51,15,0.03,12.69202244931254,7.259939908981323
opx,opx_only,P_kbar,pwlr,XGB,52,15,0.03,12.254993005799124,7.1849658489227295
opx,opx_only,P_kbar,pwlr,XGB,53,15,0.03,12.578189907283663,7.413564682006836
opx,opx_only,P_kbar,pwlr,XGB,54,15,0.03,13.123398810219499,6.87488579750061
opx,opx_only,P_kbar,pwlr,XGB,55,15,0.03,12.81308731802259,6.284232139587402
opx,opx_only,P_kbar,pwlr,XGB,56,15,0.03,12.234575201430673,6.491927862167358
opx,opx_only,P_kbar,pwlr,XGB,57,15,0.03,12.702204513180575,7.630843877792358
opx,opx_only,P_kbar,pwlr,XGB,58,15,0.03,12.199106394219788,8.316065549850464
opx,opx_only,P_kbar,pwlr,XGB,59,15,0.03,11.451061778021353,9.959728479385376
opx,opx_only,P_kbar,pwlr,XGB,60,15,0.03,12.334519421873729,7.83442759513855
opx,opx_only,P_kbar,pwlr,XGB,61,15,0.03,12.834443827700339,8.429340839385986
opx,opx_only,P_kbar,pwlr,GB,42,15,0.03,12.378465875964938,5.166035175323486
opx,opx_only,P_kbar,pwlr,GB,43,15,0.03,12.508486709868544,3.6528823375701904
opx,opx_only,P_kbar,pwlr,GB,44,15,0.03,12.720856089269382,3.2528669834136963
opx,opx_only,P_kbar,pwlr,GB,45,15,0.03,12.062628827028519,2.398756265640259
opx,opx_only,P_kbar,pwlr,GB,46,15,0.03,12.668021347070436,4.9233622550964355
opx,opx_only,P_kbar,pwlr,GB,47,15,0.03,12.361793105048204,4.464457988739014
opx,opx_only,P_kbar,pwlr,GB,48,15,0.03,12.369787114004598,3.809032917022705
opx,opx_only,P_kbar,pwlr,GB,49,15,0.03,12.485758289879978,3.715881586074829
opx,opx_only,P_kbar,pwlr,GB,50,15,0.03,12.654031662430727,3.1725821495056152
opx,opx_only,P_kbar,pwlr,GB,51,15,0.03,12.691283898330566,3.1955246925354004
opx,opx_only,P_kbar,pwlr,GB,52,15,0.03,12.718280656401493,3.2127838134765625
opx,opx_only,P_kbar,pwlr,GB,53,15,0.03,11.737246684765553,3.077458620071411
opx,opx_only,P_kbar,pwlr,GB,54,15,0.03,12.867291460978956,3.222026824951172
opx,opx_only,P_kbar,pwlr,GB,55,15,0.03,12.366361195929718,3.2862470149993896
opx,opx_only,P_kbar,pwlr,GB,56,15,0.03,12.738921246883463,3.0386202335357666
opx,opx_only,P_kbar,pwlr,GB,57,15,0.03,12.593359154694866,3.261967182159424
opx,opx_only,P_kbar,pwlr,GB,58,15,0.03,12.347263685202602,3.2580907344818115
opx,opx_only,P_kbar,pwlr,GB,59,15,0.03,12.11010451512662,3.169315814971924
opx,opx_only,P_kbar,pwlr,GB,60,15,0.03,12.92347907083087,3.1401679515838623
opx,opx_only,P_kbar,pwlr,GB,61,15,0.03,12.686654459470274,3.1424436569213867
opx,opx_only,P_kbar,pwlr,CatBoost,42,15,0.03,11.980872968936675,51.97736120223999
opx,opx_only,P_kbar,pwlr,CatBoost,43,15,0.03,11.706453035319509,51.55566930770874
opx,opx_only,P_kbar,pwlr,CatBoost,44,15,0.03,11.921780908138329,51.036370038986206
opx,opx_only,P_kbar,pwlr,CatBoost,45,15,0.03,11.933145838339616,52.233996629714966
opx,opx_only,P_kbar,pwlr,CatBoost,46,15,0.03,11.825669742837759,51.06091070175171
opx,opx_only,P_kbar,pwlr,CatBoost,47,15,0.03,12.028538822399227,50.47940492630005
opx,opx_only,P_kbar,pwlr,CatBoost,48,15,0.03,11.578706350721632,54.823814392089844
opx,opx_only,P_kbar,pwlr,CatBoost,49,15,0.03,11.743667215138963,58.69934940338135
opx,opx_only,P_kbar,pwlr,CatBoost,50,15,0.03,12.163703531636179,55.098023414611816
opx,opx_only,P_kbar,pwlr,CatBoost,51,15,0.03,11.68169055266499,53.64093255996704
opx,opx_only,P_kbar,pwlr,CatBoost,52,15,0.03,12.211155548094421,58.28947353363037
opx,opx_only,P_kbar,pwlr,CatBoost,53,15,0.03,11.31942017774776,54.139686584472656
opx,opx_only,P_kbar,pwlr,CatBoost,54,15,0.03,11.576027596331679,61.38340902328491
opx,opx_only,P_kbar,pwlr,CatBoost,55,15,0.03,11.575998922975273,56.02147173881531
opx,opx_only,P_kbar,pwlr,CatBoost,56,15,0.03,11.751636121792878,55.838881969451904
opx,opx_only,P_kbar,pwlr,CatBoost,57,15,0.03,11.492007632387212,64.17765164375305
opx,opx_only,P_kbar,pwlr,CatBoost,58,15,0.03,11.489343759963395,59.28777837753296
opx,opx_only,P_kbar,pwlr,CatBoost,59,15,0.03,11.57276325130054,51.46213388442993
opx,opx_only,P_kbar,pwlr,CatBoost,60,15,0.03,11.52511949194502,48.34644603729248
opx,opx_only,P_kbar,pwlr,CatBoost,61,15,0.03,11.603330382240868,57.14134740829468
opx,opx_only,P_kbar,pwlr,LightGBM,42,15,0.03,13.215772646599827,11.909274578094482
opx,opx_only,P_kbar,pwlr,LightGBM,43,15,0.03,13.267079861230705,7.718729019165039
opx,opx_only,P_kbar,pwlr,LightGBM,44,15,0.03,13.371656021701927,6.046396732330322
opx,opx_only,P_kbar,pwlr,LightGBM,45,15,0.03,13.164280506342484,5.2086570262908936
opx,opx_only,P_kbar,pwlr,LightGBM,46,15,0.03,13.532630990403694,5.846435785293579
opx,opx_only,P_kbar,pwlr,LightGBM,47,15,0.03,12.08154815850085,4.979911804199219
opx,opx_only,P_kbar,pwlr,LightGBM,48,15,0.03,12.985266510238672,5.209791898727417
opx,opx_only,P_kbar,pwlr,LightGBM,49,15,0.03,13.214313324090197,4.90947961807251
opx,opx_only,P_kbar,pwlr,LightGBM,50,15,0.03,13.177409003544303,5.183643102645874
opx,opx_only,P_kbar,pwlr,LightGBM,51,15,0.03,12.830633830940107,5.081546068191528
opx,opx_only,P_kbar,pwlr,LightGBM,52,15,0.03,12.278001884152175,6.060689210891724
opx,opx_only,P_kbar,pwlr,LightGBM,53,15,0.03,12.24019101196011,5.517434597015381
opx,opx_only,P_kbar,pwlr,LightGBM,54,15,0.03,12.870559708321204,6.536142826080322
opx,opx_only,P_kbar,pwlr,LightGBM,55,15,0.03,13.10335647997795,5.866462707519531
opx,opx_only,P_kbar,pwlr,LightGBM,56,15,0.03,13.835688142487083,5.782680034637451
opx,opx_only,P_kbar,pwlr,LightGBM,57,15,0.03,13.334619233287006,5.1633594036102295
opx,opx_only,P_kbar,pwlr,LightGBM,58,15,0.03,13.08908485795535,5.386407375335693
opx,opx_only,P_kbar,pwlr,LightGBM,59,15,0.03,12.951845931810265,6.668325901031494
opx,opx_only,P_kbar,pwlr,LightGBM,60,15,0.03,13.115868432430446,5.517005443572998
opx,opx_only,P_kbar,pwlr,LightGBM,61,15,0.03,13.169934175034026,5.3941428661346436
opx,opx_only,P_kbar,pwlr,ElasticNet,42,15,0.03,13.323128943308205,0.2931177616119385
opx,opx_only,P_kbar,pwlr,ElasticNet,43,15,0.03,13.325499155654017,0.22897744178771973
opx,opx_only,P_kbar,pwlr,ElasticNet,44,15,0.03,13.321846985531215,0.24278044700622559
opx,opx_only,P_kbar,pwlr,ElasticNet,45,15,0.03,13.325666531341055,0.24386334419250488
opx,opx_only,P_kbar,pwlr,ElasticNet,46,15,0.03,13.321175849229766,0.2358262538909912
opx,opx_only,P_kbar,pwlr,ElasticNet,47,15,0.03,13.322600086095232,0.18601012229919434
opx,opx_only,P_kbar,pwlr,ElasticNet,48,15,0.03,13.321625898559724,0.18259143829345703
opx,opx_only,P_kbar,pwlr,ElasticNet,49,15,0.03,13.325512769008427,0.1543104648590088
opx,opx_only,P_kbar,pwlr,ElasticNet,50,15,0.03,13.322721700610446,0.1445627212524414
opx,opx_only,P_kbar,pwlr,ElasticNet,51,15,0.03,13.32380231461196,0.15506625175476074
opx,opx_only,P_kbar,pwlr,ElasticNet,52,15,0.03,13.323633443878032,0.16049504280090332
opx,opx_only,P_kbar,pwlr,ElasticNet,53,15,0.03,13.323785815973165,0.14261651039123535
opx,opx_only,P_kbar,pwlr,ElasticNet,54,15,0.03,13.327546940274887,0.12839818000793457
opx,opx_only,P_kbar,pwlr,ElasticNet,55,15,0.03,13.328609382694806,0.2266690731048584
opx,opx_only,P_kbar,pwlr,ElasticNet,56,15,0.03,13.322502099414312,0.1820688247680664
opx,opx_only,P_kbar,pwlr,ElasticNet,57,15,0.03,13.325537131522276,0.22308969497680664
opx,opx_only,P_kbar,pwlr,ElasticNet,58,15,0.03,13.326127387307492,0.21322417259216309
opx,opx_only,P_kbar,pwlr,ElasticNet,59,15,0.03,13.324781418388095,0.2445526123046875
opx,opx_only,P_kbar,pwlr,ElasticNet,60,15,0.03,13.32265133668962,0.2767660617828369
opx,opx_only,P_kbar,pwlr,ElasticNet,61,15,0.03,13.320527022814662,0.23502182960510254
opx,opx_only,P_kbar,pwlr,MLP,42,15,0.03,13.99998725424392,76.15996623039246
opx,opx_only,P_kbar,pwlr,MLP,43,15,0.03,12.816841375705954,55.44073557853699
opx,opx_only,P_kbar,pwlr,MLP,44,15,0.03,11.280939894751167,52.92687487602234
opx,opx_only,P_kbar,pwlr,MLP,45,15,0.03,13.015973274999796,42.28379678726196
opx,opx_only,P_kbar,pwlr,MLP,46,15,0.03,14.002935677379314,98.4688413143158
opx,opx_only,P_kbar,pwlr,MLP,47,15,0.03,11.81172314521965,49.28879761695862
opx,opx_only,P_kbar,pwlr,MLP,48,15,0.03,14.008516233893092,72.99615359306335
opx,opx_only,P_kbar,pwlr,MLP,49,15,0.03,11.768475787975598,66.21451187133789
opx,opx_only,P_kbar,pwlr,MLP,50,15,0.03,14.429421131758707,60.33633732795715
opx,opx_only,P_kbar,pwlr,MLP,51,15,0.03,13.828302069122572,45.041277170181274
opx,opx_only,P_kbar,pwlr,MLP,52,15,0.03,14.104012569422187,73.20810222625732
opx,opx_only,P_kbar,pwlr,MLP,53,15,0.03,13.608361358847032,63.13013815879822
opx,opx_only,P_kbar,pwlr,MLP,54,15,0.03,12.398748906570338,87.79496240615845
opx,opx_only,P_kbar,pwlr,MLP,55,15,0.03,12.118877584966167,36.42594599723816
opx,opx_only,P_kbar,pwlr,MLP,56,15,0.03,12.15241499652437,37.917147397994995
opx,opx_only,P_kbar,pwlr,MLP,57,15,0.03,13.281303858253482,65.63508796691895
opx,opx_only,P_kbar,pwlr,MLP,58,15,0.03,13.234302097652925,58.47701287269592
opx,opx_only,P_kbar,pwlr,MLP,59,15,0.03,13.048767113975726,72.39581441879272
opx,opx_only,P_kbar,pwlr,MLP,60,15,0.03,13.577351738566115,79.63754105567932
opx,opx_only,P_kbar,pwlr,MLP,61,15,0.03,13.195290552100237,48.25476002693176
