track,target,model,feature_set,form,seed,regime,n,pre_rmse,pre_lo,pre_hi,post_rmse,post_lo,post_hi,delta_rmse,delta_lo,delta_hi
opx_liq,P_kbar,MLP,raw,A,42,shallow_crustal,47,5.662229779283632,4.838304377077298,6.689015223720542,1.024443994237125,0.9616530231087099,1.100278088968366,4.637785785046507,3.850820210903173,5.629432201741475
opx_liq,P_kbar,MLP,raw,A,42,deep_crustal_MASH,61,3.510254489931553,2.9693361177978406,3.9779005793543054,2.063115654452284,1.693673854173711,2.4158983093310145,1.4471388354792687,0.8595926489518935,1.9919070783061588
opx_liq,P_kbar,MLP,raw,A,42,lithospheric_mantle,58,6.164577124625117,4.957937343337413,7.410215476429683,3.2439046124603963,2.492440117578122,4.065328013638933,2.9206725121647206,1.988244675959487,3.8365184387618383
opx_liq,P_kbar,MLP,raw,A,42,deeper_mantle,8,18.340873019474902,10.783535799835338,23.820038228232274,10.61582706024571,2.043119935744788,14.921362258069886,7.725045959229192,5.544436210558832,9.860172395009254
opx_liq,P_kbar,MLP,raw,A,42,ALL,174,6.411964605279195,5.285800342597119,7.6266429844398465,3.2349248103648423,2.3351856768742194,4.050918151948591,3.1770397949143527,2.6601587640674733,3.704358014354702
opx_liq,P_kbar,MLP,raw,B,42,shallow_crustal,47,5.662229779283632,4.838304377077298,6.689015223720542,5.672591546163254,4.868573844365466,6.684164110079609,-0.010361766879621648,-0.12134337348118057,0.10649699776738725
opx_liq,P_kbar,MLP,raw,B,42,deep_crustal_MASH,61,3.510254489931553,2.9693361177978406,3.9779005793543054,3.347354053483764,2.8489346172470795,3.7950067936200482,0.16290043644778907,0.08451155913689745,0.2453294677212598
opx_liq,P_kbar,MLP,raw,B,42,lithospheric_mantle,58,6.164577124625117,4.957937343337413,7.410215476429683,6.164178794586436,5.057386775476405,7.247822270530014,0.00039833003868050554,-0.17923519675873475,0.1935309027843543
opx_liq,P_kbar,MLP,raw,B,42,deeper_mantle,8,18.340873019474902,10.783535799835338,23.820038228232274,19.440673425170164,11.899986187085602,25.154667967616188,-1.0998004056952624,-1.3864771772225097,-0.8424381644819613
opx_liq,P_kbar,MLP,raw,B,42,ALL,174,6.411964605279195,5.285800342597119,7.6266429844398465,6.531630143079166,5.349639622176035,7.815526525467092,-0.11966553779997113,-0.24233859103357036,0.0010810421717694608
opx_liq,P_kbar,MLP,raw,A,43,shallow_crustal,47,7.025702896744131,6.092483841958024,7.942942985871813,1.0670257145870774,1.01268880517791,1.1188803715052766,5.958677182157054,5.0553799740545085,6.830464131982566
opx_liq,P_kbar,MLP,raw,A,43,deep_crustal_MASH,61,3.436047921958694,2.6961007141057918,4.100749935346351,2.0349055667086766,1.6668273323662695,2.3883658456229298,1.4011423552500175,0.8400058375725418,2.043184393794341
opx_liq,P_kbar,MLP,raw,A,43,lithospheric_mantle,58,4.30288951341943,3.4644368796092446,5.2202439395824705,2.7956611010900714,2.2628710872365314,3.3233674147618695,1.5072284123293587,0.6747826023922823,2.3883961156283386
opx_liq,P_kbar,MLP,raw,A,43,deeper_mantle,8,10.549299185519905,2.611097923697314,15.673849067718802,9.744421571779442,3.2278586775409437,13.42734044097485,0.8048776137404623,-3.239532982388342,3.6188700592364103
opx_liq,P_kbar,MLP,raw,A,43,ALL,174,5.362866674613845,4.704743232000632,6.096040214159002,2.954681337658362,2.1988934718270445,3.683987335721455,2.408185336955483,1.799140024394237,3.015337732129845
opx_liq,P_kbar,MLP,raw,B,43,shallow_crustal,47,7.025702896744131,6.092483841958024,7.942942985871813,7.160620985879649,6.313443250476001,8.053461742558138,-0.1349180891355175,-0.29722034222256166,0.03917834981263229
opx_liq,P_kbar,MLP,raw,B,43,deep_crustal_MASH,61,3.436047921958694,2.6961007141057918,4.100749935346351,3.0815520340135274,2.4121852283282115,3.7123434364030197,0.35449588794516673,0.19985867358163334,0.5110112814635207
opx_liq,P_kbar,MLP,raw,B,43,lithospheric_mantle,58,4.30288951341943,3.4644368796092446,5.2202439395824705,4.570463943752275,3.7387201413337046,5.396021528463225,-0.26757443033284467,-0.5437902667963689,0.01591121613953467
opx_liq,P_kbar,MLP,raw,B,43,deeper_mantle,8,10.549299185519905,2.611097923697314,15.673849067718802,14.583568357806476,6.4643914526294814,19.851726516082543,-4.034269172286571,-5.744721360261535,-2.8287394627692017
opx_liq,P_kbar,MLP,raw,B,43,ALL,174,5.362866674613845,4.704743232000632,6.096040214159002,5.824131720802888,4.95210628243453,6.794941853247635,-0.46126504618904285,-0.7792369125586964,-0.1501089307239918
opx_liq,P_kbar,MLP,raw,A,44,shallow_crustal,47,7.115935488795487,6.254993371589829,7.945692555853993,1.0808050221590033,1.0535755221008054,1.1091695286661176,6.035130466636484,5.1931518543032045,6.841388287229015
opx_liq,P_kbar,MLP,raw,A,44,deep_crustal_MASH,61,3.8948891342158363,3.0624216244486364,4.570773963629605,2.0672948475352064,1.6410639294260103,2.4322214781701144,1.8275942866806298,1.2075417898155487,2.3333647784880984
opx_liq,P_kbar,MLP,raw,A,44,lithospheric_mantle,58,6.366418719337911,4.858490980197172,7.989735996054158,3.477539393088879,2.8447021657801965,4.085081819308468,2.8888793262490324,1.6419348161311065,4.129425903682757
opx_liq,P_kbar,MLP,raw,A,44,deeper_mantle,8,20.313906415815907,12.708898191328332,26.344158620796115,11.806932709603554,2.5371855000511925,16.59525009734396,8.506973706212353,5.7992686885805265,10.965299837405798
opx_liq,P_kbar,MLP,raw,A,44,ALL,174,7.174888416278062,5.918931409647272,8.596881814912496,3.5006060862213024,2.503381760197663,4.471171716837815,3.6742823300567595,3.0802923225444885,4.272392261105315
opx_liq,P_kbar,MLP,raw,B,44,shallow_crustal,47,7.115935488795487,6.254993371589829,7.945692555853993,7.12953820516127,6.286527573169283,7.9517941878341265,-0.013602716365783252,-0.0703191571634882,0.05718380462133822
opx_liq,P_kbar,MLP,raw,B,44,deep_crustal_MASH,61,3.8948891342158363,3.0624216244486364,4.570773963629605,3.693562431162607,2.8294273405734574,4.359802583208286,0.2013267030532293,0.06374581103460988,0.41335816643490336
opx_liq,P_kbar,MLP,raw,B,44,lithospheric_mantle,58,6.366418719337911,4.858490980197172,7.989735996054158,6.099149671819872,4.862707336247506,7.394852673023334,0.26726904751803904,-0.1205675252098757,0.730462009061316
opx_liq,P_kbar,MLP,raw,B,44,deeper_mantle,8,20.313906415815907,12.708898191328332,26.344158620796115,20.98259094821444,13.324202460833867,27.08081186334019,-0.6686845323985331,-1.0200112331954008,-0.3699548836895875
opx_liq,P_kbar,MLP,raw,B,44,ALL,174,7.174888416278062,5.918931409647272,8.596881814912496,7.152261417238663,5.9210319715798345,8.524549159201783,0.022626999039398576,-0.11957035441836317,0.20786546972098424
opx_liq,P_kbar,MLP,raw,A,45,shallow_crustal,47,5.688319575746371,4.548135526366784,6.718789937171723,1.0257341137341385,0.9990398886519655,1.0523122232669961,4.662585462012233,3.5469107764099173,5.669520177902135
opx_liq,P_kbar,MLP,raw,A,45,deep_crustal_MASH,61,3.386567697351563,2.524195051193273,4.200066695364407,2.0508867078159603,1.6735039304238646,2.404137764021666,1.3356809895356028,0.5847391931392361,2.1846029382462153
opx_liq,P_kbar,MLP,raw,A,45,lithospheric_mantle,58,5.66431073835119,4.374696514271655,7.055219481274886,2.964875349912195,2.3669548347862777,3.5755671632313293,2.6994353884389954,1.6632029949715748,3.695845478203255
opx_liq,P_kbar,MLP,raw,A,45,deeper_mantle,8,13.766475856707842,5.152319656799534,19.267384020494074,10.277715595017657,2.9043733643567076,14.302231195454363,3.488760261690185,1.637718458218727,5.025402784057405
opx_liq,P_kbar,MLP,raw,A,45,ALL,174,5.67176933418668,4.696465828274138,6.687365241392429,3.089585888387905,2.271968675633786,3.895282563832304,2.5821834457987753,2.0614070316929642,3.148191939247773
opx_liq,P_kbar,MLP,raw,B,45,shallow_crustal,47,5.688319575746371,4.548135526366784,6.718789937171723,5.890162390189614,4.884558453665115,6.845187451182101,-0.2018428144432427,-0.35577820173353436,-0.09363195025151312
opx_liq,P_kbar,MLP,raw,B,45,deep_crustal_MASH,61,3.386567697351563,2.524195051193273,4.200066695364407,3.008425286433151,2.3783816141003933,3.607092481824372,0.37814241091841216,0.08604066257691359,0.8472805186450348
opx_liq,P_kbar,MLP,raw,B,45,lithospheric_mantle,58,5.66431073835119,4.374696514271655,7.055219481274886,5.531734915350705,4.341578823365845,6.766518154692362,0.13257582300048565,-0.09150337358707404,0.356772477004862
opx_liq,P_kbar,MLP,raw,B,45,deeper_mantle,8,13.766475856707842,5.152319656799534,19.267384020494074,15.623548259901618,7.12053132877822,21.320165684184953,-1.8570724031937758,-2.2872378515738228,-1.508035176642529
opx_liq,P_kbar,MLP,raw,B,45,ALL,174,5.67176933418668,4.696465828274138,6.687365241392429,5.828129352816398,4.748605379864781,6.915607503086447,-0.1563600186297176,-0.36623136324957306,0.08030939867546927
opx_liq,P_kbar,MLP,raw,A,46,shallow_crustal,47,6.461960858792657,4.9723726655277725,8.082521197832234,1.0623917054108667,1.0218030765606092,1.1102309582815941,5.39956915338179,3.9450116730207996,6.974036322784084
opx_liq,P_kbar,MLP,raw,A,46,deep_crustal_MASH,61,4.223101890925753,3.1001029772851116,5.418732822355798,2.074532700089503,1.693295797579604,2.426801403635808,2.1485691908362505,1.2655394366582011,3.077696466566113
opx_liq,P_kbar,MLP,raw,A,46,lithospheric_mantle,58,6.044896885228737,4.838498263691095,7.4421744462334125,2.925641926313167,2.4078875888744498,3.4301212114859183,3.11925495891557,1.988172305203514,4.332138971514114
opx_liq,P_kbar,MLP,raw,A,46,deeper_mantle,8,11.071273838887901,2.5740352132074515,16.91076999486654,9.208612114604644,4.025042097309086,13.196695907737254,1.8626617242832566,-2.317292014807734,3.916906184453606
opx_liq,P_kbar,MLP,raw,A,46,ALL,174,5.945362356085813,5.001407316555945,6.842252026729839,2.9266953980765646,2.2516971241206383,3.6786148959498366,3.018666958009248,2.3383169102914074,3.686894420860198
opx_liq,P_kbar,MLP,raw,B,46,shallow_crustal,47,6.461960858792657,4.9723726655277725,8.082521197832234,6.380804158384826,4.973786789305178,7.920595639521348,0.0811567004078313,-0.010739695773421442,0.1862239449102496
opx_liq,P_kbar,MLP,raw,B,46,deep_crustal_MASH,61,4.223101890925753,3.1001029772851116,5.418732822355798,3.9934468435189525,2.965190105826214,5.098038053509881,0.22965504740680087,0.1193245325299651,0.3340441926488026
opx_liq,P_kbar,MLP,raw,B,46,lithospheric_mantle,58,6.044896885228737,4.838498263691095,7.4421744462334125,5.682644283540021,4.55647269506089,6.92520089315882,0.3622526016887164,0.11468976795481943,0.5874809765924774
opx_liq,P_kbar,MLP,raw,B,46,deeper_mantle,8,11.071273838887901,2.5740352132074515,16.91076999486654,12.173163960115271,2.854332230418856,18.661234578817986,-1.1018901212273704,-1.7148848255363371,-0.006406508507384377
opx_liq,P_kbar,MLP,raw,B,46,ALL,174,5.945362356085813,5.001407316555945,6.842252026729839,5.845148797531827,4.8797493818132605,6.8034734829768535,0.1002135585539854,-0.06881526370585982,0.27023246395381056
opx_liq,P_kbar,MLP,raw,A,47,shallow_crustal,47,6.153264599440316,4.388613690084667,7.739867918951476,1.049465290149305,1.0156823407733742,1.0895694294966645,5.103799309291011,3.3747214723474728,6.651811004729932
opx_liq,P_kbar,MLP,raw,A,47,deep_crustal_MASH,61,3.489844471320135,2.8065482053976614,4.057403017135959,2.0305630408426816,1.6366210954436953,2.369123871015481,1.4592814304774535,0.8378980160057412,1.9746515835366305
opx_liq,P_kbar,MLP,raw,A,47,lithospheric_mantle,58,4.887075260167749,4.181421159445908,5.442489923424736,2.89060222807099,2.2864729748449233,3.46414479480922,1.996473032096759,1.172812659261222,2.795600555300223
opx_liq,P_kbar,MLP,raw,A,47,deeper_mantle,8,4.819556032491069,2.7188337907720843,6.6484042985856115,7.0368249926813204,4.390997188651333,9.334992549075627,-2.2172689601902515,-4.185101644238259,0.1179390645247584
opx_liq,P_kbar,MLP,raw,A,47,ALL,174,4.8503663659683856,4.251044328543044,5.559048326150399,2.608604307547256,2.2099196837785704,3.0992280159661516,2.2417620584211297,1.5010878884895762,3.0049954613329364
opx_liq,P_kbar,MLP,raw,B,47,shallow_crustal,47,6.153264599440316,4.388613690084667,7.739867918951476,6.115129825585996,4.577416658618858,7.5616736782606555,0.038134773854320514,-0.1774288110184893,0.18978531655170933
opx_liq,P_kbar,MLP,raw,B,47,deep_crustal_MASH,61,3.489844471320135,2.8065482053976614,4.057403017135959,3.2919799733253616,2.653492997622059,3.7945484632941175,0.19786449799477346,0.04517568845076799,0.4409894064897212
opx_liq,P_kbar,MLP,raw,B,47,lithospheric_mantle,58,4.887075260167749,4.181421159445908,5.442489923424736,4.974303687898377,4.295560596487934,5.531679599321242,-0.08722842773062833,-0.38054674420279516,0.25316637712826023
opx_liq,P_kbar,MLP,raw,B,47,deeper_mantle,8,4.819556032491069,2.7188337907720843,6.6484042985856115,8.05665927164382,5.072364839643643,10.648780006424886,-3.237103239152751,-5.408760798276902,-0.5120170232260063
opx_liq,P_kbar,MLP,raw,B,47,ALL,174,4.8503663659683856,4.251044328543044,5.559048326150399,5.0132203194595615,4.424879526965684,5.623229069945329,-0.16285395349117593,-0.421483856136343,0.06404721828963059
opx_liq,P_kbar,MLP,raw,A,48,shallow_crustal,47,6.629502961682857,5.913153707875878,7.362360144457311,1.0429908705721673,1.034421374814023,1.0524380656678365,5.58651209111069,4.877223395548736,6.310860162479268
opx_liq,P_kbar,MLP,raw,A,48,deep_crustal_MASH,61,3.7121286339177857,2.8549311930046017,4.388188918453723,2.0168959471376366,1.6395750328206937,2.348180635004365,1.695232686780149,0.8673424515142734,2.3957073677985536
opx_liq,P_kbar,MLP,raw,A,48,lithospheric_mantle,58,6.2694915778628975,4.752283266744824,7.652629518071291,3.6126461805567356,2.8445098820181425,4.298855355525778,2.656845397306162,1.5265988735411813,3.912573747007028
opx_liq,P_kbar,MLP,raw,A,48,deeper_mantle,8,12.317823029176145,5.011809576661663,17.54021512275669,9.780824500300882,4.391199725128127,13.550431948113888,2.5369985288752623,-0.0006306839674919771,4.253985853770775
opx_liq,P_kbar,MLP,raw,A,48,ALL,174,6.064711821384043,5.224784906935873,6.908715955222991,3.2355377396343887,2.5533043384504928,3.9818330606260326,2.8291740817496547,2.323095871135272,3.386150356099346
opx_liq,P_kbar,MLP,raw,B,48,shallow_crustal,47,6.629502961682857,5.913153707875878,7.362360144457311,6.94729786594315,6.320376183227501,7.580006520700911,-0.31779490426029255,-0.45782304751387587,-0.20094669320117045
opx_liq,P_kbar,MLP,raw,B,48,deep_crustal_MASH,61,3.7121286339177857,2.8549311930046017,4.388188918453723,3.249638398335684,2.5832074544806813,3.7796174851912343,0.46249023558210167,0.23139096491705158,0.6612174892722018
opx_liq,P_kbar,MLP,raw,B,48,lithospheric_mantle,58,6.2694915778628975,4.752283266744824,7.652629518071291,5.953198624897776,4.6503207608306205,7.058215125154548,0.3162929529651217,-0.017799633041072613,0.7380189375170989
opx_liq,P_kbar,MLP,raw,B,48,deeper_mantle,8,12.317823029176145,5.011809576661663,17.54021512275669,13.051963164892296,5.50852326397825,18.327613554295265,-0.7341401357161512,-1.0983723714205096,-0.38345849485917716
opx_liq,P_kbar,MLP,raw,B,48,ALL,174,6.064711821384043,5.224784906935873,6.908715955222991,6.0320051068058085,5.254963298212002,6.899367494787115,0.03270671457823493,-0.12061556166062651,0.22979624789061556
opx_liq,P_kbar,MLP,raw,A,49,shallow_crustal,47,8.236328551293248,7.327341697168968,9.096790915053587,1.0637420303439271,1.0537487528263765,1.07438849946473,7.172586520949321,6.274753056410385,8.02286089914648
opx_liq,P_kbar,MLP,raw,A,49,deep_crustal_MASH,61,3.071678728802148,2.384896501006953,3.7800870317252566,2.0429354540503666,1.6520453545690224,2.398547766420437,1.0287432747517813,0.4847881939612691,1.517629525378964
opx_liq,P_kbar,MLP,raw,A,49,lithospheric_mantle,58,4.697415596089749,3.8078363848208845,5.4814242125104675,3.2094690862139146,2.5744821425840425,3.8140442335209634,1.487946509875834,0.781288857420183,2.3143025506018167
opx_liq,P_kbar,MLP,raw,A,49,deeper_mantle,8,10.094879185814124,5.752681845310916,14.322228818876518,8.3154746274747,3.0212754582831343,11.543866031456098,1.779404558339424,-2.919683397781981,5.414894037479425
opx_liq,P_kbar,MLP,raw,A,49,ALL,174,5.802771808847839,5.148285794977138,6.446940028164636,2.8950894681760837,2.3021962053862204,3.5112337144667585,2.9076823406717556,2.2014063045427696,3.5902551395362385
opx_liq,P_kbar,MLP,raw,B,49,shallow_crustal,47,8.236328551293248,7.327341697168968,9.096790915053587,8.253478344369377,7.3672865334668565,9.103985312694451,-0.017149793076129072,-0.048694149310823276,0.010401713059190406
opx_liq,P_kbar,MLP,raw,B,49,deep_crustal_MASH,61,3.071678728802148,2.384896501006953,3.7800870317252566,2.9014454717278513,2.2535172368017173,3.577570233051571,0.1702332570742966,0.08042891968043396,0.2536218645954686
opx_liq,P_kbar,MLP,raw,B,49,lithospheric_mantle,58,4.697415596089749,3.8078363848208845,5.4814242125104675,4.852472290510425,3.9110183001963343,5.6727385553639404,-0.1550566944206766,-0.4330252576891132,0.14987094649363114
opx_liq,P_kbar,MLP,raw,B,49,deeper_mantle,8,10.094879185814124,5.752681845310916,14.322228818876518,13.041123160735511,8.998711015076424,17.238823436746326,-2.946243974921387,-4.789099562148795,-1.8766983194047298
opx_liq,P_kbar,MLP,raw,B,49,ALL,174,5.802771808847839,5.148285794977138,6.446940028164636,6.084378183717013,5.383039273848947,6.79521396419909,-0.28160637486917395,-0.5105132364422763,-0.09213121800740803
opx_liq,P_kbar,MLP,raw,A,50,shallow_crustal,47,6.925154546965689,3.361576788253696,9.237015836976752,0.953814419718484,0.7907498553140151,1.1066824142794884,5.971340127247204,2.5957975834462164,8.13777540197717
opx_liq,P_kbar,MLP,raw,A,50,deep_crustal_MASH,61,3.4063225943377353,2.7404079745222356,3.9825627548559805,2.028992791966119,1.6432010765279794,2.3721762971159475,1.3773298023716163,0.7324159229760661,1.969806601999956
opx_liq,P_kbar,MLP,raw,A,50,lithospheric_mantle,58,6.303058976487308,5.189004192791835,7.450415441913666,2.9412881630273016,2.410764606573012,3.408470151616169,3.3617708134600064,2.362624960683391,4.3426951760437875
opx_liq,P_kbar,MLP,raw,A,50,deeper_mantle,8,8.306616280579107,3.934204448648943,11.573047681145265,8.694537492281805,5.583221789458975,11.211004543644327,-0.38792121170269844,-5.975193299880004,4.289008030866944
opx_liq,P_kbar,MLP,raw,A,50,ALL,174,5.782481999064107,4.665856916199366,6.888934476571592,2.8369608934032895,2.2893411803630643,3.4176757673292855,2.9455211056608173,1.8275787051878907,4.132501859711665
opx_liq,P_kbar,MLP,raw,B,50,shallow_crustal,47,6.925154546965689,3.361576788253696,9.237015836976752,8.865922101968945,6.932451775583997,10.539964550263692,-1.940767555003256,-3.6136104238205307,-1.1413114990746827
opx_liq,P_kbar,MLP,raw,B,50,deep_crustal_MASH,61,3.4063225943377353,2.7404079745222356,3.9825627548559805,3.214300828595888,2.5723379981100236,3.7499030433293137,0.19202176574184726,0.031126548206571136,0.39845870715924026
opx_liq,P_kbar,MLP,raw,B,50,lithospheric_mantle,58,6.303058976487308,5.189004192791835,7.450415441913666,6.156311750417595,5.057811280918974,7.189225711379562,0.1467472260697127,-0.037919530631648435,0.3589302848846247
opx_liq,P_kbar,MLP,raw,B,50,deeper_mantle,8,8.306616280579107,3.934204448648943,11.573047681145265,7.70219951611861,4.884966675586437,9.81290419750548,0.6044167644604963,-2.0266141352387863,2.300972796430157
opx_liq,P_kbar,MLP,raw,B,50,ALL,174,5.782481999064107,4.665856916199366,6.888934476571592,6.34154866280134,5.457863492108271,7.265548665706587,-0.5590666637372337,-0.9347649758150652,-0.24065235178357744
opx_liq,P_kbar,MLP,raw,A,51,shallow_crustal,47,5.763742634638516,5.156722429544306,6.522369529112309,1.114818586619209,1.063663819178859,1.1616057945655522,4.648924048019307,4.023887623877617,5.434844485323486
opx_liq,P_kbar,MLP,raw,A,51,deep_crustal_MASH,61,3.358105660932097,2.72740138257414,3.9025597961957543,2.0646104740826576,1.6952563535757341,2.416444181633843,1.2934951868494395,0.8250371312197264,1.7153826375486239
opx_liq,P_kbar,MLP,raw,A,51,lithospheric_mantle,58,5.438852768136611,4.291948040417945,6.697334924843797,3.3552413814108673,2.637085715425003,4.0756778059328145,2.0836113867257438,1.297181116430517,2.983217788474479
opx_liq,P_kbar,MLP,raw,A,51,deeper_mantle,8,20.611982917665223,13.190694504894857,26.267739991405822,12.511333746096131,2.7899836776394498,17.53863338278479,8.100649171569092,6.494277317690696,9.962358050027726
opx_liq,P_kbar,MLP,raw,A,51,ALL,174,6.505435043099422,5.226060449013693,7.8659602422954515,3.5748509611631394,2.441244292919482,4.5992347317620785,2.9305840819362827,2.4549060794966415,3.411597929836385
opx_liq,P_kbar,MLP,raw,B,51,shallow_crustal,47,5.763742634638516,5.156722429544306,6.522369529112309,5.927697892349839,5.333382754401629,6.654658214825744,-0.16395525771132302,-0.28682972328742734,-0.019542359152452095
opx_liq,P_kbar,MLP,raw,B,51,deep_crustal_MASH,61,3.358105660932097,2.72740138257414,3.9025597961957543,3.231948339711315,2.6120974176334206,3.741449658499477,0.12615732122078205,0.04478060538778147,0.2498390245066128
opx_liq,P_kbar,MLP,raw,B,51,lithospheric_mantle,58,5.438852768136611,4.291948040417945,6.697334924843797,5.32505672137367,4.263296988128973,6.437584149578734,0.11379604676294086,-0.08013831230362309,0.333178178724793
opx_liq,P_kbar,MLP,raw,B,51,deeper_mantle,8,20.611982917665223,13.190694504894857,26.267739991405822,21.201497427713768,13.798338710607545,26.94942562051134,-0.589514510048545,-0.8551966103039663,-0.35702145163121213
opx_liq,P_kbar,MLP,raw,B,51,ALL,174,6.505435043099422,5.226060449013693,7.8659602422954515,6.578147135861651,5.29261687617842,7.9592296421613575,-0.07271209276222912,-0.1614709800254904,0.026503182494293537
opx_liq,P_kbar,MLP,raw,A,52,shallow_crustal,47,4.706915714729648,3.852868478895806,5.658863265614402,1.015118499802055,0.9888231881616972,1.044245849677528,3.6917972149275933,2.8538630022302267,4.6231787457962765
opx_liq,P_kbar,MLP,raw,A,52,deep_crustal_MASH,61,4.160449851418503,3.0474510140948463,5.073846016428325,2.050614003509982,1.6643831036442382,2.387315065572384,2.1098358479085206,1.090365720180632,2.932576202961054
opx_liq,P_kbar,MLP,raw,A,52,lithospheric_mantle,58,7.520867054269944,4.423364611325315,10.870311168319644,3.777072244155831,2.6889790731986456,4.802814230729649,3.743794810114113,1.369199348705139,6.4646279430365725
opx_liq,P_kbar,MLP,raw,A,52,deeper_mantle,8,9.699130556000947,6.297060719980237,13.026647608005586,6.3950699719509165,1.4926246615663652,9.814592006654713,3.3040605840500303,-2.630149033930837,10.134096626350978
opx_liq,P_kbar,MLP,raw,A,52,ALL,174,5.935681211959221,4.612804429652165,7.465791895311514,2.896249319844097,2.294571858088089,3.5151176510394633,3.0394318921151235,1.8493360828831094,4.264341719546229
opx_liq,P_kbar,MLP,raw,B,52,shallow_crustal,47,4.706915714729648,3.852868478895806,5.658863265614402,4.988936708834604,4.225884404248743,5.87419223166283,-0.28202099410495585,-0.43253584162171627,-0.1673911203412657
opx_liq,P_kbar,MLP,raw,B,52,deep_crustal_MASH,61,4.160449851418503,3.0474510140948463,5.073846016428325,3.7087836029069203,2.8614349730192994,4.448550380582053,0.4516662485115823,0.19051389564167376,0.6587062886786849
opx_liq,P_kbar,MLP,raw,B,52,lithospheric_mantle,58,7.520867054269944,4.423364611325315,10.870311168319644,6.785329007442193,4.445094760788138,9.214578282521527,0.7355380468277515,-0.2041338025575443,1.7403388373741746
opx_liq,P_kbar,MLP,raw,B,52,deeper_mantle,8,9.699130556000947,6.297060719980237,13.026647608005586,10.049267850729734,8.815540777155741,11.009815631782416,-0.3501372947287873,-3.48300141786721,3.0930577479855392
opx_liq,P_kbar,MLP,raw,B,52,ALL,174,5.935681211959221,4.612804429652165,7.465791895311514,5.615622661225905,4.707316904761571,6.687828887542507,0.32005855073331535,-0.21201628228392502,0.8901669416130802
opx_liq,P_kbar,MLP,raw,A,53,shallow_crustal,47,8.892131096901172,7.795610651373349,9.936169504092515,1.1957964918321837,1.1455421380849418,1.2487302486577432,7.696334605068989,6.663471948635611,8.687440356207592
opx_liq,P_kbar,MLP,raw,A,53,deep_crustal_MASH,61,4.421895374813884,3.5120234550231064,5.199063561303718,2.034543403250345,1.6510938948313731,2.376261197196733,2.387351971563539,1.6700958272931974,3.0575373830533428
opx_liq,P_kbar,MLP,raw,A,53,lithospheric_mantle,58,5.444898029834011,4.274175361118193,6.597738671323936,2.913891542478271,2.443265343360191,3.3067778464313364,2.53100648735574,1.4713778492401144,3.470933005211332
opx_liq,P_kbar,MLP,raw,A,53,deeper_mantle,8,6.409903999639582,3.723950858500602,8.577118633732765,9.099012488995491,2.8697916614366763,12.574779955225035,-2.6891084893559096,-6.1528828965726,1.5846575349268455
opx_liq,P_kbar,MLP,raw,A,53,ALL,174,6.323305036364971,5.695479840335677,6.927331407168577,2.9110457366022175,2.246269011780742,3.668035131135096,3.4122592997627534,2.477035417527794,4.253280971594444
opx_liq,P_kbar,MLP,raw,B,53,shallow_crustal,47,8.892131096901172,7.795610651373349,9.936169504092515,8.854807056430431,7.8024139474005425,9.822738411070317,0.03732404047074134,-0.03162390474978189,0.13845481128965567
opx_liq,P_kbar,MLP,raw,B,53,deep_crustal_MASH,61,4.421895374813884,3.5120234550231064,5.199063561303718,3.932287726701203,3.04190510409411,4.60993518578853,0.4896076481126812,0.2549822279030884,0.7705803283773549
opx_liq,P_kbar,MLP,raw,B,53,lithospheric_mantle,58,5.444898029834011,4.274175361118193,6.597738671323936,4.836416194853616,3.742070548066412,6.040842488768273,0.6084818349803953,0.13651351057308284,1.3196218201099268
opx_liq,P_kbar,MLP,raw,B,53,deeper_mantle,8,6.409903999639582,3.723950858500602,8.577118633732765,11.301820660165214,8.336939807185953,14.145745519862148,-4.891916660525633,-6.367771742963998,-3.3355101752692042
opx_liq,P_kbar,MLP,raw,B,53,ALL,174,6.323305036364971,5.695479840335677,6.927331407168577,6.345835961278521,5.658707855044984,6.9899346841875705,-0.02253092491354991,-0.3534136542379304,0.2733667079326967
opx_liq,P_kbar,MLP,raw,A,54,shallow_crustal,47,5.796545315911742,4.357706632229108,7.011032558989891,1.2193808455834492,1.1488956835403616,1.2771106398224468,4.577164470328293,3.1186768866645065,5.845378703710266
opx_liq,P_kbar,MLP,raw,A,54,deep_crustal_MASH,61,3.2814206123658884,2.3076074261670043,4.0898818833027875,2.0804366084546566,1.713764057147985,2.4362483399103954,1.2009840039112318,0.47299656626525166,1.8110075336143563
opx_liq,P_kbar,MLP,raw,A,54,lithospheric_mantle,58,6.639862584663451,4.687073221001571,8.554855439075425,3.0569781370698124,2.392201266485954,3.7337907897346345,3.5828844475936386,2.272146817735468,4.9739721658561695
opx_liq,P_kbar,MLP,raw,A,54,deeper_mantle,8,12.136403119543438,5.507505185082732,17.04626722310921,9.93085096968831,3.507588022019861,13.60116709299159,2.2055521498551283,0.6422291693152952,3.9842687143341533
opx_liq,P_kbar,MLP,raw,A,54,ALL,174,5.858218152398754,4.829517100161504,6.885916489810703,3.093277950919661,2.3642567529744514,3.857900840287863,2.764940201479093,2.0606751694863803,3.4810342190583796
opx_liq,P_kbar,MLP,raw,B,54,shallow_crustal,47,5.796545315911742,4.357706632229108,7.011032558989891,6.507432127451036,5.44669811678112,7.525446517380319,-0.7108868115392939,-1.125146108950634,-0.4322431919926522
opx_liq,P_kbar,MLP,raw,B,54,deep_crustal_MASH,61,3.2814206123658884,2.3076074261670043,4.0898818833027875,3.1180583224055565,2.210321442861427,3.8771341756646596,0.16336228996033197,0.060787858791595664,0.28355569539544445
opx_liq,P_kbar,MLP,raw,B,54,lithospheric_mantle,58,6.639862584663451,4.687073221001571,8.554855439075425,5.645427273357115,4.3374107689417984,6.879663288515006,0.9944353113063356,0.20008932306052532,1.8598528476270975
opx_liq,P_kbar,MLP,raw,B,54,deeper_mantle,8,12.136403119543438,5.507505185082732,17.04626722310921,14.00601054886577,3.118024529152305,19.724108606593884,-1.8696074293223326,-3.2059093743949845,0.950871714110756
opx_liq,P_kbar,MLP,raw,B,54,ALL,174,5.858218152398754,4.829517100161504,6.885916489810703,5.872793826657437,4.88023615300121,6.888674240976248,-0.014575674258683335,-0.44784692025072853,0.4414710902468206
opx_liq,P_kbar,MLP,raw,A,55,shallow_crustal,47,4.997934646121738,4.162315471217121,5.980774154577063,1.0708260220046315,1.053156794038258,1.0835439763326746,3.927108624117107,3.0873907521340227,4.914207961855174
opx_liq,P_kbar,MLP,raw,A,55,deep_crustal_MASH,61,3.837790033199623,2.8435355246476663,4.993563875542948,2.0302675124732614,1.6533226178190732,2.3930881663093766,1.8075225207263617,0.8967547830695494,2.939475347178954
opx_liq,P_kbar,MLP,raw,A,55,lithospheric_mantle,58,5.587347485697605,4.138769476140253,6.862254448830604,2.7184070262716147,2.278021743036372,3.1128379074487786,2.8689404594259904,1.520890795871797,4.0514137273728
opx_liq,P_kbar,MLP,raw,A,55,deeper_mantle,8,9.356443830489647,6.158314106045793,12.07336064291006,7.912377126244774,1.5770311827985726,11.890455109629713,1.4440667042448734,-0.48698894471444304,5.735682298903455
opx_liq,P_kbar,MLP,raw,A,55,ALL,174,5.132436067519177,4.443651878045198,5.816876842365928,2.6639191984459942,2.045087827595695,3.319312147743774,2.468516869073183,1.8044850518113655,3.1856582004695264
opx_liq,P_kbar,MLP,raw,B,55,shallow_crustal,47,4.997934646121738,4.162315471217121,5.980774154577063,5.435689543161573,4.741990631627034,6.2889638974869095,-0.4377548970398344,-0.6543603315563282,-0.24719498358396091
opx_liq,P_kbar,MLP,raw,B,55,deep_crustal_MASH,61,3.837790033199623,2.8435355246476663,4.993563875542948,3.423671973760474,2.5627714856826764,4.39485525272059,0.4141180594391489,0.2140127848783695,0.6443177395403699
opx_liq,P_kbar,MLP,raw,B,55,lithospheric_mantle,58,5.587347485697605,4.138769476140253,6.862254448830604,5.28169108258626,4.155175220628237,6.452916324881993,0.3056564031113451,-0.19414108175249647,0.9804879798396218
opx_liq,P_kbar,MLP,raw,B,55,deeper_mantle,8,9.356443830489647,6.158314106045793,12.07336064291006,12.780447003309563,8.542559778635495,16.713058247295432,-3.4240031728199156,-4.727241785105394,-2.092288012996492
opx_liq,P_kbar,MLP,raw,B,55,ALL,174,5.132436067519177,4.443651878045198,5.816876842365928,5.375770952373907,4.641291359667766,6.116050090818122,-0.24333488485472987,-0.5902273402847934,0.1466473637881485
opx_liq,P_kbar,MLP,raw,A,56,shallow_crustal,47,6.934790029703113,5.690947521983523,7.970727505006568,1.0526261563636297,1.040004159332229,1.06246037980449,5.882163873339484,4.637138963877881,6.922163054523574
opx_liq,P_kbar,MLP,raw,A,56,deep_crustal_MASH,61,4.217842014126646,3.4377812571442923,4.9560114987714865,2.048159269799281,1.6313249274151596,2.4088247451232347,2.1696827443273645,1.501360642587446,2.7634956835356084
opx_liq,P_kbar,MLP,raw,A,56,lithospheric_mantle,58,5.911576288564505,4.615676879238492,7.233973292317125,3.305076762796208,2.5674038617718784,3.9957961444432173,2.606499525768297,1.5885810372706335,3.6319819442254064
opx_liq,P_kbar,MLP,raw,A,56,deeper_mantle,8,12.141351205010933,5.294792961346957,17.150396533030044,9.90631391081266,3.408703627503421,13.620149191989496,2.235037294198273,0.05331223056999594,3.859373196938344
opx_liq,P_kbar,MLP,raw,A,56,ALL,174,6.1362420748148745,5.351352356744719,6.924971738366575,3.1500909382050093,2.4071689554161115,3.9049871604787203,2.986151136609865,2.4337883774814224,3.537698836480374
opx_liq,P_kbar,MLP,raw,B,56,shallow_crustal,47,6.934790029703113,5.690947521983523,7.970727505006568,7.204888536094048,6.144374390575177,8.134886740583028,-0.27009850639093447,-0.4231206011280607,-0.15306136983330082
opx_liq,P_kbar,MLP,raw,B,56,deep_crustal_MASH,61,4.217842014126646,3.4377812571442923,4.9560114987714865,3.821410525031482,3.0836282757164084,4.514885824814391,0.3964314890951637,0.23636068793218706,0.5519440688243149
opx_liq,P_kbar,MLP,raw,B,56,lithospheric_mantle,58,5.911576288564505,4.615676879238492,7.233973292317125,5.7908612464478555,4.7440263559102895,6.778078093437534,0.12071504211664941,-0.2035536894913969,0.47667773652312595
opx_liq,P_kbar,MLP,raw,B,56,deeper_mantle,8,12.141351205010933,5.294792961346957,17.150396533030044,14.592908890632753,7.113372020449339,19.86035118714213,-2.45155768562182,-3.253593861422998,-1.6487120226905525
opx_liq,P_kbar,MLP,raw,B,56,ALL,174,6.1362420748148745,5.351352356744719,6.924971738366575,6.333265476004777,5.48689819507104,7.262977072719789,-0.19702340118990236,-0.43362442396110396,0.01456904934269871
opx_liq,P_kbar,MLP,raw,A,57,shallow_crustal,47,6.698424883922707,5.109106239041065,8.094629759103519,1.0604241317952035,1.03591960050641,1.0867653089746871,5.638000752127503,4.0749921798259745,7.007945489865571
opx_liq,P_kbar,MLP,raw,A,57,deep_crustal_MASH,61,2.794604856586605,2.305851864936541,3.2591740202178707,2.0704266544507246,1.7026683308583235,2.424387916100627,0.7241782021358802,0.2139275312500112,1.2043184318968612
opx_liq,P_kbar,MLP,raw,A,57,lithospheric_mantle,58,5.877454468294482,4.638143861314939,7.063687526853647,3.188481922351933,2.472708672411195,3.764953687644043,2.6889725459425486,1.6048205397025839,3.681023012932787
opx_liq,P_kbar,MLP,raw,A,57,deeper_mantle,8,10.703439160795106,7.342869030464432,13.553219022152408,9.40007717039176,2.8254626456639143,13.097485935789425,1.3033619904033458,-1.8333499144362655,5.473961265635368
opx_liq,P_kbar,MLP,raw,A,57,ALL,174,5.62492661591082,4.73221625299834,6.465720325587643,3.042686651262352,2.319717595362864,3.742611581715708,2.5822399646484686,1.7189587933074113,3.483056422744402
opx_liq,P_kbar,MLP,raw,B,57,shallow_crustal,47,6.698424883922707,5.109106239041065,8.094629759103519,6.56718242000312,5.192204896504199,7.813874563440867,0.1312424639195866,-0.0890019461582102,0.30927259352998865
opx_liq,P_kbar,MLP,raw,B,57,deep_crustal_MASH,61,2.794604856586605,2.305851864936541,3.2591740202178707,2.5029353558789067,2.1284741956407998,2.9110862406066804,0.29166950070769815,0.0822084130417093,0.6056612386405178
opx_liq,P_kbar,MLP,raw,B,57,lithospheric_mantle,58,5.877454468294482,4.638143861314939,7.063687526853647,6.176302513056412,5.034248571595208,7.319451505509335,-0.2988480447619306,-0.5095344132510379,-0.14061270183835023
opx_liq,P_kbar,MLP,raw,B,57,deeper_mantle,8,10.703439160795106,7.342869030464432,13.553219022152408,13.916448006337209,9.622507220928311,17.539832906593045,-3.2130088455421024,-4.643272779739423,-1.6323029935911673
opx_liq,P_kbar,MLP,raw,B,57,ALL,174,5.62492661591082,4.73221625299834,6.465720325587643,5.955296078519162,5.045056229150629,6.876610632517695,-0.330369462608342,-0.6316083529885205,-0.05978217022586175
opx_liq,P_kbar,MLP,raw,A,58,shallow_crustal,47,5.804606240426539,4.819584953985199,6.7292396686496705,1.1035014688450897,1.0397552139166282,1.179698742517161,4.701104771581449,3.7806726990819057,5.548874816492221
opx_liq,P_kbar,MLP,raw,A,58,deep_crustal_MASH,61,3.130385110053683,2.5102049820739762,3.6592787981047787,2.0456256735980545,1.677132257011453,2.377343356312333,1.0847594364556286,0.5737773695877424,1.5022405940921435
opx_liq,P_kbar,MLP,raw,A,58,lithospheric_mantle,58,6.123058196606131,4.839099272991554,7.428663360714055,3.6957959220089758,2.939906489041616,4.3750146630114415,2.427262274597155,1.5186778011419524,3.3779539039862008
opx_liq,P_kbar,MLP,raw,A,58,deeper_mantle,8,15.61341824648106,10.890382004332906,19.65916070631047,9.894262078206804,2.3366958572033267,13.910522805952267,5.719156168274257,2.9969362948364666,9.630376091656043
opx_liq,P_kbar,MLP,raw,A,58,ALL,174,6.020132764208201,5.069438381846389,6.960692544661933,3.2939166217397484,2.5339938969804945,4.12410972201776,2.7262161424684526,2.0993581849093754,3.3737234412165216
opx_liq,P_kbar,MLP,raw,B,58,shallow_crustal,47,5.804606240426539,4.819584953985199,6.7292396686496705,5.873765692571608,4.951922722524276,6.7632525501745615,-0.06915945214506891,-0.13529827271676076,-0.01787647388906746
opx_liq,P_kbar,MLP,raw,B,58,deep_crustal_MASH,61,3.130385110053683,2.5102049820739762,3.6592787981047787,3.015207125738871,2.3961560608598655,3.54434801050418,0.11517798431481197,0.04664212265862899,0.21023346373342386
opx_liq,P_kbar,MLP,raw,B,58,lithospheric_mantle,58,6.123058196606131,4.839099272991554,7.428663360714055,6.219783310848771,4.950188958810851,7.429521148782759,-0.09672511424264041,-0.3377454250623887,0.12338362238297579
opx_liq,P_kbar,MLP,raw,B,58,deeper_mantle,8,15.61341824648106,10.890382004332906,19.65916070631047,17.48574625774733,12.42446861760019,21.852145492934913,-1.8723280112662692,-2.848896625484514,-0.8069827065839381
opx_liq,P_kbar,MLP,raw,B,58,ALL,174,6.020132764208201,5.069438381846389,6.960692544661933,6.281661939517641,5.276649476280745,7.318846512517766,-0.2615291753094402,-0.46823623481274546,-0.08406956579448249
opx_liq,P_kbar,MLP,raw,A,59,shallow_crustal,47,4.415926299272404,3.428067928879736,5.3272585457187525,1.0458672459685618,1.0374817243401142,1.052169339681701,3.370059053303842,2.388304566212009,4.278129308336129
opx_liq,P_kbar,MLP,raw,A,59,deep_crustal_MASH,61,2.773860753695522,2.2953466579115402,3.183410902661119,2.0145675221840817,1.6350351193888777,2.357042726544879,0.7592932315114402,0.2642459546519671,1.2629821352189396
opx_liq,P_kbar,MLP,raw,A,59,lithospheric_mantle,58,5.958844993408514,4.65020562719024,7.305905760623782,2.728884365339803,2.0631985182814967,3.374855888594295,3.2299606280687105,2.367136019074164,4.150294761404729
opx_liq,P_kbar,MLP,raw,A,59,deeper_mantle,8,11.91486303148903,4.660225049499317,18.230898210934544,10.115083337219145,3.8882704699663804,13.971446272144904,1.7997796942698852,-1.3019455821700014,4.5628935909285655
opx_liq,P_kbar,MLP,raw,A,59,ALL,174,5.131062487502086,4.161620033855203,6.173309809562699,2.984068888323009,2.1937406653173857,3.8567518137563623,2.1469935991790767,1.5735582072995302,2.7110570301793335
opx_liq,P_kbar,MLP,raw,B,59,shallow_crustal,47,4.415926299272404,3.428067928879736,5.3272585457187525,4.707917451374889,3.8377634337213467,5.555139833416194,-0.2919911521024847,-0.4578629362335489,-0.1767091591100062
opx_liq,P_kbar,MLP,raw,B,59,deep_crustal_MASH,61,2.773860753695522,2.2953466579115402,3.183410902661119,2.5321942246656053,2.1414328222256414,2.8517631412466065,0.2416665290299167,0.1146492929588394,0.3749988800802016
opx_liq,P_kbar,MLP,raw,B,59,lithospheric_mantle,58,5.958844993408514,4.65020562719024,7.305905760623782,5.754991301614736,4.565279754455233,6.9631855535659355,0.20385369179377744,-0.12615781080936778,0.5762402991869098
opx_liq,P_kbar,MLP,raw,B,59,deeper_mantle,8,11.91486303148903,4.660225049499317,18.230898210934544,13.84505299611172,3.667820230025634,20.665174817549776,-1.9301899646226897,-3.565024906820178,0.4701654833450457
opx_liq,P_kbar,MLP,raw,B,59,ALL,174,5.131062487502086,4.161620033855203,6.173309809562699,5.299806395398962,4.217368383572183,6.448955391751659,-0.168743907896876,-0.4668143111815311,0.13152626385503774
opx_liq,P_kbar,MLP,raw,A,60,shallow_crustal,47,5.296494027650415,4.240509143770064,6.2757695492415975,1.0237040443241257,0.984665814828758,1.0693180706818617,4.272789983326289,3.2541494800995836,5.205505085029521
opx_liq,P_kbar,MLP,raw,A,60,deep_crustal_MASH,61,2.822492684309544,2.3111484568478557,3.3266317802309144,1.9746882103670307,1.5884524378436147,2.3133357487234187,0.8478044739425135,0.38636235392311574,1.2873377200722937
opx_liq,P_kbar,MLP,raw,A,60,lithospheric_mantle,58,7.044669148053036,5.754996875534979,8.209147113165276,3.7648149973592,3.0499688332848893,4.399014974673631,3.2798541506938363,2.220857021761604,4.302760585988832
opx_liq,P_kbar,MLP,raw,A,60,deeper_mantle,8,11.301778742082538,7.002604643798249,15.545703003426057,9.601415702554025,2.0288513839210154,13.454567525618662,1.7003630395285132,-1.7867545426843405,5.8938067758377235
opx_liq,P_kbar,MLP,raw,A,60,ALL,174,5.725857343737317,4.934213111084414,6.483570233338894,3.2577911172771024,2.552454134469123,3.971137136990001,2.468066226460215,1.7684568671238936,3.167456122914845
opx_liq,P_kbar,MLP,raw,B,60,shallow_crustal,47,5.296494027650415,4.240509143770064,6.2757695492415975,5.326636420836228,4.2886713220139265,6.28709490078025,-0.030142393185812466,-0.061141838110050695,-0.0018561143519890333
opx_liq,P_kbar,MLP,raw,B,60,deep_crustal_MASH,61,2.822492684309544,2.3111484568478557,3.3266317802309144,2.6100513243897483,2.086554126097352,3.0900742930223144,0.21244135991979585,0.10329610717333801,0.33788061602432656
opx_liq,P_kbar,MLP,raw,B,60,lithospheric_mantle,58,7.044669148053036,5.754996875534979,8.209147113165276,6.864650074991947,5.558325868273971,8.046954663569196,0.18001907306108933,-0.1452271668179406,0.595553866335914
opx_liq,P_kbar,MLP,raw,B,60,deeper_mantle,8,11.301778742082538,7.002604643798249,15.545703003426057,14.827233242627296,10.398092389806994,19.51221994862393,-3.5254545005447575,-4.945500493567076,-2.1791967722888193
opx_liq,P_kbar,MLP,raw,B,60,ALL,174,5.725857343737317,4.934213111084414,6.483570233338894,5.9889847243956345,5.063219952736686,6.932089108539397,-0.2631273806583172,-0.6021916793930627,0.0361387785784162
opx_liq,P_kbar,MLP,raw,A,61,shallow_crustal,47,4.052172577431711,3.464466865516426,4.594440519404956,1.0076659377345523,0.9945397075683955,1.0212506711996039,3.0445066396971585,2.4707441730611874,3.575678616073679
opx_liq,P_kbar,MLP,raw,A,61,deep_crustal_MASH,61,4.511073885195456,3.235626661290085,5.656920825574069,2.0828499194505237,1.6881505118952849,2.444179470947032,2.4282239657449325,1.3559299809496403,3.29065604109042
opx_liq,P_kbar,MLP,raw,A,61,lithospheric_mantle,58,5.756866647861278,4.3398004083446615,7.362835036425607,3.220476162817628,2.6819795517883533,3.6655244754880276,2.53639048504365,1.2093876280373124,3.91843487448786
opx_liq,P_kbar,MLP,raw,A,61,deeper_mantle,8,11.08561167294995,4.8982802653561635,15.905798812180207,9.875442591369465,3.618369560378677,13.528156571688008,1.210169081580485,-0.5639654086016317,2.7046531891209424
opx_liq,P_kbar,MLP,raw,A,61,ALL,174,5.316649160627147,4.443167542504755,6.200946188190373,3.1202872064896896,2.4081923305921147,3.855817351103166,2.1963619541374575,1.6139713122446202,2.829733074378183
opx_liq,P_kbar,MLP,raw,B,61,shallow_crustal,47,4.052172577431711,3.464466865516426,4.594440519404956,4.563343203478232,4.169725317728997,4.966400746755082,-0.5111706260465212,-0.6980246269483624,-0.3594954238277923
opx_liq,P_kbar,MLP,raw,B,61,deep_crustal_MASH,61,4.511073885195456,3.235626661290085,5.656920825574069,4.121027076700749,2.923304782924972,5.158381492457895,0.3900468084947075,0.2632886434741575,0.523862607227786
opx_liq,P_kbar,MLP,raw,B,61,lithospheric_mantle,58,5.756866647861278,4.3398004083446615,7.362835036425607,5.477502510635899,4.331472801846144,6.73105072686279,0.2793641372253788,-0.1559627195868865,0.6341169074415685
opx_liq,P_kbar,MLP,raw,B,61,deeper_mantle,8,11.08561167294995,4.8982802653561635,15.905798812180207,13.326226639885245,5.9630065946796496,18.47445131339452,-2.2406149669352953,-3.0806602683888844,-1.1536687803427292
opx_liq,P_kbar,MLP,raw,B,61,ALL,174,5.316649160627147,4.443167542504755,6.200946188190373,5.453866054499442,4.565607250588789,6.390397373602977,-0.13721689387229485,-0.4023443591561379,0.11804762898521771
opx_liq,T_C,ElasticNet,raw,A,42,shallow_crustal,47,34.868237227301414,27.533222116923124,43.137223448270625,54.02804205886413,47.3258808103581,62.58821017196307,-19.159804831562717,-22.06397371066454,-15.446865541535072
opx_liq,T_C,ElasticNet,raw,A,42,deep_crustal_MASH,61,78.47208868798552,30.28137292014896,111.6695068878404,76.93851353439004,33.23447484616793,107.73928571407221,1.5335751535954785,-3.0207287988398455,4.072986321408442
opx_liq,T_C,ElasticNet,raw,A,42,lithospheric_mantle,58,93.83446240986662,79.36841972125251,108.7774200216383,93.75648618160267,79.28307953983317,108.98042452428133,0.07797622826394957,-2.7957739846538883,3.471648038264285
opx_liq,T_C,ElasticNet,raw,A,42,deeper_mantle,8,106.35790874706056,79.05494094581258,130.3797835625463,61.043140095570784,52.847852006739295,68.65594217761242,45.31476865148978,23.525524858140365,64.32280378546777
opx_liq,T_C,ElasticNet,raw,A,42,ALL,174,77.08604361246275,61.80687406879168,92.76481037636755,77.23424176193691,63.24204054149906,91.73429976246167,-0.14819814947416887,-3.4354811125812077,3.0825449736885604
opx_liq,T_C,ElasticNet,raw,B,42,shallow_crustal,47,34.868237227301414,27.533222116923124,43.137223448270625,34.868237227301414,27.533222116923124,43.137223448270625,0.0,0.0,0.0
opx_liq,T_C,ElasticNet,raw,B,42,deep_crustal_MASH,61,78.47208868798552,30.28137292014896,111.6695068878404,78.47208868798552,30.28137292014896,111.6695068878404,0.0,0.0,0.0
opx_liq,T_C,ElasticNet,raw,B,42,lithospheric_mantle,58,93.83446240986662,79.36841972125251,108.7774200216383,95.60394363338521,80.25231724099203,111.54921183914439,-1.7694812235185964,-4.880985826279071,0.3277452883670989
opx_liq,T_C,ElasticNet,raw,B,42,deeper_mantle,8,106.35790874706056,79.05494094581258,130.3797835625463,81.61479400825917,65.21591345485726,96.02792454098163,24.743114738801395,12.316857510552257,34.89683483930257
opx_liq,T_C,ElasticNet,raw,B,42,ALL,174,77.08604361246275,61.80687406879168,92.76481037636755,76.42089736386097,61.544308993633386,91.92119490054637,0.6651462486017721,-0.8701490088138119,2.5255928791136197
opx_liq,T_C,ElasticNet,raw,A,43,shallow_crustal,47,35.242308785695066,27.837198722338016,43.48480586199288,55.97031050298977,49.40502396304367,64.29198587739847,-20.728001717294703,-23.76625359058957,-16.885818004331664
opx_liq,T_C,ElasticNet,raw,A,43,deep_crustal_MASH,61,78.5108164135565,30.384184309503866,111.69814285959727,77.03522118529624,33.15052342215957,107.90367467608084,1.4755952282602607,-2.825549989338723,3.9047207679025817
opx_liq,T_C,ElasticNet,raw,A,43,lithospheric_mantle,58,93.81796338111398,79.34828043642202,108.73195414791509,93.67206609653468,79.14186603699913,108.78707034229853,0.14589728457930562,-2.7366803460055054,3.5755375417115136
opx_liq,T_C,ElasticNet,raw,A,43,deeper_mantle,8,107.13094471394338,79.85780371999398,131.15451034756697,63.48470724639008,53.47121873927881,72.73605996012971,43.6462374675533,24.32407553856238,60.23467604565519
opx_liq,T_C,ElasticNet,raw,A,43,ALL,174,77.18827223788848,61.9085398243953,92.85213882013909,77.69660305267996,63.98472472308196,92.10442274550618,-0.5083308147914778,-3.7405740521320032,2.691204598506846
opx_liq,T_C,ElasticNet,raw,B,43,shallow_crustal,47,35.242308785695066,27.837198722338016,43.48480586199288,35.242308785695066,27.837198722338016,43.48480586199288,0.0,0.0,0.0
opx_liq,T_C,ElasticNet,raw,B,43,deep_crustal_MASH,61,78.5108164135565,30.384184309503866,111.69814285959727,78.5108164135565,30.384184309503866,111.69814285959727,0.0,0.0,0.0
opx_liq,T_C,ElasticNet,raw,B,43,lithospheric_mantle,58,93.81796338111398,79.34828043642202,108.73195414791509,95.6531895454868,80.4839088028055,111.43984781148325,-1.8352261643728127,-4.758688022928611,0.04793119851668414
opx_liq,T_C,ElasticNet,raw,B,43,deeper_mantle,8,107.13094471394338,79.85780371999398,131.15451034756697,83.6048205800398,69.91681655688326,96.08116964805217,23.52612413390358,8.093339293503623,36.22493824599334
opx_liq,T_C,ElasticNet,raw,B,43,ALL,174,77.18827223788848,61.9085398243953,92.85213882013909,76.60042707324426,61.73737073306687,92.09954156891968,0.5878451646442215,-0.9632301309911682,2.377853543440148
opx_liq,T_C,ElasticNet,raw,A,44,shallow_crustal,47,35.07790598519219,27.656348732453694,43.36455055496107,57.46570926657116,50.75696316984788,65.92376693947205,-22.38780328137897,-25.489472590411516,-18.521427699229847
opx_liq,T_C,ElasticNet,raw,A,44,deep_crustal_MASH,61,78.54082829294634,30.250564338152728,111.77076803264256,77.27436849254032,33.004444722794084,108.33126359806164,1.2664598004060252,-2.8522229586875545,3.490766206343884
opx_liq,T_C,ElasticNet,raw,A,44,lithospheric_mantle,58,94.00447036306677,79.68103449946182,108.95337432420541,94.07676164286089,79.5484227126892,109.30113512419173,-0.07229127979411487,-3.173543778660409,3.578868825565343
opx_liq,T_C,ElasticNet,raw,A,44,deeper_mantle,8,107.00545084695057,79.73371387316875,131.19682061224367,59.25391872902277,51.07454700599293,67.18764198914418,47.751532117927795,25.39585065270523,67.24777393838282
opx_liq,T_C,ElasticNet,raw,A,44,ALL,174,77.24636056157284,61.92241849091707,92.9339240983592,78.08310630201022,64.10991789816484,92.66916636704109,-0.8367457404373795,-4.26054353298183,2.612323659449361
opx_liq,T_C,ElasticNet,raw,B,44,shallow_crustal,47,35.07790598519219,27.656348732453694,43.36455055496107,35.07790598519219,27.656348732453694,43.36455055496107,0.0,0.0,0.0
opx_liq,T_C,ElasticNet,raw,B,44,deep_crustal_MASH,61,78.54082829294634,30.250564338152728,111.77076803264256,78.54082829294634,30.250564338152728,111.77076803264256,0.0,0.0,0.0
opx_liq,T_C,ElasticNet,raw,B,44,lithospheric_mantle,58,94.00447036306677,79.68103449946182,108.95337432420541,95.8152174862087,80.476632973538,111.72810358805708,-1.8107471231419225,-5.036897627658582,0.3708549649741439
opx_liq,T_C,ElasticNet,raw,B,44,deeper_mantle,8,107.00545084695057,79.73371387316875,131.19682061224367,81.39399684661858,65.30030122191077,96.06754452587019,25.61145400033199,12.935875899298026,35.94591651981389
opx_liq,T_C,ElasticNet,raw,B,44,ALL,174,77.24636056157284,61.92241849091707,92.9339240983592,76.54883740076397,61.64455659758371,92.07226516753072,0.6975231608088706,-0.8909596522449181,2.622812596042331
opx_liq,T_C,ElasticNet,raw,A,45,shallow_crustal,47,34.97061651713868,27.57796830579968,43.29581636290091,58.64979079383254,51.784468210222705,67.4675212017712,-23.679174276693857,-26.91853027720161,-19.548768770708175
opx_liq,T_C,ElasticNet,raw,A,45,deep_crustal_MASH,61,78.49774950576868,30.39998241360769,111.65798300945984,77.05959992372534,33.5137164726116,107.8415673368406,1.4381495820433372,-3.0953508870549884,3.971205969234205
opx_liq,T_C,ElasticNet,raw,A,45,lithospheric_mantle,58,93.90548462771609,79.5351558881558,108.86803814573481,94.10961031080839,79.52178822980659,109.43495512048618,-0.2041256830923004,-3.307118033303604,3.527812034680221
opx_liq,T_C,ElasticNet,raw,A,45,deeper_mantle,8,107.14997298149878,79.72129023663534,131.32866601396063,55.526383611093316,47.844320542270516,62.91860026293318,51.62358937040546,28.69172348147095,71.83674612063848
opx_liq,T_C,ElasticNet,raw,A,45,ALL,174,77.1869250150112,61.89548685809383,92.8441900137721,78.13372431739839,64.10813003977505,92.61291624302001,-0.9467993023871912,-4.583460366104786,2.712782281139415
opx_liq,T_C,ElasticNet,raw,B,45,shallow_crustal,47,34.97061651713868,27.57796830579968,43.29581636290091,34.97061651713868,27.57796830579968,43.29581636290091,0.0,0.0,0.0
opx_liq,T_C,ElasticNet,raw,B,45,deep_crustal_MASH,61,78.49774950576868,30.39998241360769,111.65798300945984,78.49774950576868,30.39998241360769,111.65798300945984,0.0,0.0,0.0
opx_liq,T_C,ElasticNet,raw,B,45,lithospheric_mantle,58,93.90548462771609,79.5351558881558,108.86803814573481,95.84102148355011,80.50812338961582,111.7188753054226,-1.935536855834016,-5.362802366500369,0.37712026428673184
opx_liq,T_C,ElasticNet,raw,B,45,deeper_mantle,8,107.14997298149878,79.72129023663534,131.32866601396063,79.84327700840966,64.31681162527178,93.69413437770848,27.30669597308912,13.757331380267047,38.43790023062925
opx_liq,T_C,ElasticNet,raw,B,45,ALL,174,77.1869250150112,61.89548685809383,92.8441900137721,76.45570945567557,61.48294506439748,91.9658433576754,0.7312155593356238,-0.9526078958909828,2.7782652613753585
opx_liq,T_C,ElasticNet,raw,A,46,shallow_crustal,47,35.004200622309924,27.61873727962725,43.25367662651099,54.83317648951307,47.99593057693522,63.51601720122126,-19.828975867203148,-22.743929287029555,-16.075505837017435
opx_liq,T_C,ElasticNet,raw,A,46,deep_crustal_MASH,61,78.47082116389467,30.276320974641163,111.6707000421653,76.96434328288176,32.906776956868825,107.85567653554088,1.5064778810129127,-2.7892114737449294,3.9194332310599056
opx_liq,T_C,ElasticNet,raw,A,46,lithospheric_mantle,58,93.82766603185334,79.38516864225625,108.83816245656428,93.70835300861052,79.25733582309144,108.90464269871518,0.11931302324282456,-2.880491402185638,3.6688532431771894
opx_liq,T_C,ElasticNet,raw,A,46,deeper_mantle,8,106.129096144229,78.91348211436747,130.20095655152477,54.86087596006554,47.766830804609235,61.721413948702136,51.268220184163454,26.834211760017954,73.11984714308903
opx_liq,T_C,ElasticNet,raw,A,46,ALL,174,77.08497887423863,61.796600401956,92.75871493346447,77.16374919672153,62.93471185288134,91.79657446541663,-0.07877032248289595,-3.4419185236742234,3.3057509973308856
opx_liq,T_C,ElasticNet,raw,B,46,shallow_crustal,47,35.004200622309924,27.61873727962725,43.25367662651099,35.004200622309924,27.61873727962725,43.25367662651099,0.0,0.0,0.0
opx_liq,T_C,ElasticNet,raw,B,46,deep_crustal_MASH,61,78.47082116389467,30.276320974641163,111.6707000421653,78.47082116389467,30.276320974641163,111.6707000421653,0.0,0.0,0.0
opx_liq,T_C,ElasticNet,raw,B,46,lithospheric_mantle,58,93.82766603185334,79.38516864225625,108.83816245656428,95.77872409390109,80.35665900616537,111.80723748958097,-1.9510580620477498,-5.374601903301942,0.3512015258257725
opx_liq,T_C,ElasticNet,raw,B,46,deeper_mantle,8,106.129096144229,78.91348211436747,130.20095655152477,79.41404457496594,64.41737431666002,93.14600332632301,26.715051569263053,13.194905226781001,37.7797860172855
opx_liq,T_C,ElasticNet,raw,B,46,ALL,174,77.08497887423863,61.796600401956,92.75871493346447,76.40357578253743,61.412786282931286,91.98318639016377,0.6814030917011991,-0.9809285431288799,2.6897405027760817
opx_liq,T_C,ElasticNet,raw,A,47,shallow_crustal,47,34.909939235396095,27.599599373348664,43.20492811638378,54.66473759634256,47.74981439134495,63.337201321516865,-19.754798360946467,-22.64574059505942,-16.080149036059044
opx_liq,T_C,ElasticNet,raw,A,47,deep_crustal_MASH,61,78.57134662614622,30.346994976068622,111.76734228653059,77.02929445490014,33.22841193171563,107.83410274442345,1.542052171246084,-3.0115407181305587,4.059344343060832
opx_liq,T_C,ElasticNet,raw,A,47,lithospheric_mantle,58,94.26473527825229,79.9532531406194,109.22694508714555,94.15601135282913,79.6742814003947,109.32965087136243,0.10872392542316334,-2.9000348440682253,3.679120575619508
opx_liq,T_C,ElasticNet,raw,A,47,deeper_mantle,8,108.15385849026508,81.28624736537047,131.9787388319582,60.8740927048839,51.49005364718521,69.31630717978524,47.27976578538118,27.424370863031115,64.57429900976263
opx_liq,T_C,ElasticNet,raw,A,47,ALL,174,77.41575783671563,62.13033924100082,93.12445543032136,77.54223993343628,63.55220518246823,92.08567493963825,-0.12648209672065036,-3.4254017990095607,3.1776035074086364
opx_liq,T_C,ElasticNet,raw,B,47,shallow_crustal,47,34.909939235396095,27.599599373348664,43.20492811638378,34.909939235396095,27.599599373348664,43.20492811638378,0.0,0.0,0.0
opx_liq,T_C,ElasticNet,raw,B,47,deep_crustal_MASH,61,78.57134662614622,30.346994976068622,111.76734228653059,78.57134662614622,30.346994976068622,111.76734228653059,0.0,0.0,0.0
opx_liq,T_C,ElasticNet,raw,B,47,lithospheric_mantle,58,94.26473527825229,79.9532531406194,109.22694508714555,96.11624034761266,80.9182902853791,112.00366153898428,-1.8515050693603712,-5.091110222795874,0.34553342796998177
opx_liq,T_C,ElasticNet,raw,B,47,deeper_mantle,8,108.15385849026508,81.28624736537047,131.9787388319582,82.32832388238025,66.9744426702405,96.34894420925563,25.825534607884833,12.93761952454051,36.493597715296346
opx_liq,T_C,ElasticNet,raw,B,47,ALL,174,77.41575783671563,62.13033924100082,93.12445543032136,76.71063661469917,61.8086314628744,92.1825381877312,0.7051212220164587,-0.9005369849951136,2.6602620003283706
opx_liq,T_C,ElasticNet,raw,A,48,shallow_crustal,47,34.94835531989943,27.407424952286103,43.40063634654622,57.62390478453303,50.49547167953388,66.71627366494272,-22.675549464633605,-26.02757312110404,-18.42679524436965
opx_liq,T_C,ElasticNet,raw,A,48,deep_crustal_MASH,61,78.44334175674767,30.48514081153158,111.56500033314262,77.08856102862009,32.85274254843428,108.0732432940764,1.3547807281275794,-2.6564783040694477,3.5769429921896543
opx_liq,T_C,ElasticNet,raw,A,48,lithospheric_mantle,58,93.79206894514216,79.49786882731563,108.84146760378952,93.97640104183348,79.4553299062371,109.32197724707,-0.1843320966913211,-3.3728025177691525,3.6545332449979506
opx_liq,T_C,ElasticNet,raw,A,48,deeper_mantle,8,107.19154948084609,79.46731021803164,131.71716009499607,57.5137230126558,49.96585698783563,64.63200168598107,49.67782646819029,25.27525432505771,71.28596541570184
opx_liq,T_C,ElasticNet,raw,A,48,ALL,174,77.12147075890722,61.81904861243675,92.70800486045383,77.9499888888186,63.83584171589878,92.46609888432165,-0.8285181299113731,-4.444884828005972,2.6955189602697187
opx_liq,T_C,ElasticNet,raw,B,48,shallow_crustal,47,34.94835531989943,27.407424952286103,43.40063634654622,34.94835531989943,27.407424952286103,43.40063634654622,0.0,0.0,0.0
opx_liq,T_C,ElasticNet,raw,B,48,deep_crustal_MASH,61,78.44334175674767,30.48514081153158,111.56500033314262,78.44334175674767,30.48514081153158,111.56500033314262,0.0,0.0,0.0
opx_liq,T_C,ElasticNet,raw,B,48,lithospheric_mantle,58,93.79206894514216,79.49786882731563,108.84146760378952,96.01602675478885,80.70660780077108,111.9752777841956,-2.2239578096466914,-5.726233542489139,0.03905196642244064
opx_liq,T_C,ElasticNet,raw,B,48,deeper_mantle,8,107.19154948084609,79.46731021803164,131.71716009499607,79.51525580582009,68.21476802856799,89.79378704940271,27.676293675026002,8.807491021891913,43.377409818714455
opx_liq,T_C,ElasticNet,raw,B,48,ALL,174,77.12147075890722,61.81904861243675,92.70800486045383,76.49085063871182,61.54758212356235,92.05448961729049,0.6306201201954025,-1.203377825162443,2.752142985673317
opx_liq,T_C,ElasticNet,raw,A,49,shallow_crustal,47,34.82074262128766,27.41941451770417,43.14654832773787,56.651518311452854,49.809990954467885,65.32181987136401,-21.830775690165197,-24.90991087612657,-17.968405655696216
opx_liq,T_C,ElasticNet,raw,A,49,deep_crustal_MASH,61,78.55737095687134,30.278874905829987,111.78221988725474,77.06143350848131,33.009285825010274,107.97325469169172,1.4959374483900234,-2.823902024510746,3.9223447540032272
opx_liq,T_C,ElasticNet,raw,A,49,lithospheric_mantle,58,94.03200838878331,79.575030156257,109.01367671404286,94.00595528139173,79.53259760957793,109.2461000746304,0.026053107391575736,-3.017402296308632,3.628619327418616
opx_liq,T_C,ElasticNet,raw,A,49,deeper_mantle,8,106.4441816789212,79.62805482908813,130.22661837715663,59.613247486222015,49.3171635413161,68.86108229929108,46.83093419269918,28.356341024546268,62.744716582432154
opx_liq,T_C,ElasticNet,raw,A,49,ALL,174,77.19633259544965,61.88391471487531,92.90574084183946,77.83236968137935,63.901438779359154,92.37427715739017,-0.6360370859297007,-3.9770885040822708,2.6301402847205293
opx_liq,T_C,ElasticNet,raw,B,49,shallow_crustal,47,34.82074262128766,27.41941451770417,43.14654832773787,34.82074262128766,27.41941451770417,43.14654832773787,0.0,0.0,0.0
opx_liq,T_C,ElasticNet,raw,B,49,deep_crustal_MASH,61,78.55737095687134,30.278874905829987,111.78221988725474,78.55737095687134,30.278874905829987,111.78221988725474,0.0,0.0,0.0
opx_liq,T_C,ElasticNet,raw,B,49,lithospheric_mantle,58,94.03200838878331,79.575030156257,109.01367671404286,95.68564058477656,80.29381846178721,111.64874025294583,-1.6536321959932536,-4.597044599218019,0.3702419496566983
opx_liq,T_C,ElasticNet,raw,B,49,deeper_mantle,8,106.4441816789212,79.62805482908813,130.22661837715663,83.06761291560241,66.15728600483334,98.10279654962544,23.376568763318787,12.195648106683313,32.53362723969721
opx_liq,T_C,ElasticNet,raw,B,49,ALL,174,77.19633259544965,61.88391471487531,92.90574084183946,76.55170657567012,61.73940506005433,92.04781533475563,0.6446260197795226,-0.8105258019735625,2.407546769896756
opx_liq,T_C,ElasticNet,raw,A,50,shallow_crustal,47,35.02692737257373,27.618193775368024,43.36169443752601,55.69999175986812,48.813262431191845,64.47623483877905,-20.67306438729439,-23.676811907683728,-16.815555945585487
opx_liq,T_C,ElasticNet,raw,A,50,deep_crustal_MASH,61,78.51127753093348,30.33327034903079,111.71779384356951,77.04513382829848,33.23527539508736,107.90266196593915,1.4661437026350086,-2.9837379224652607,3.963319159027094
opx_liq,T_C,ElasticNet,raw,A,50,lithospheric_mantle,58,93.86183730826046,79.37843771209046,108.8222483137039,94.1338294464446,79.57298340296472,109.53583019919506,-0.2719921381841317,-3.380675811007958,3.4887617481987108
opx_liq,T_C,ElasticNet,raw,A,50,deeper_mantle,8,107.13744442776651,79.94905957089783,131.1251244080347,58.54215742769832,50.6438485985283,66.21390835590356,48.59528700006819,26.255495923854202,68.23254084721012
opx_liq,T_C,ElasticNet,raw,A,50,ALL,174,77.18014920182061,61.88892037171056,92.86141199180771,77.65514271048458,63.49362266287154,92.22069455079452,-0.47499350866397094,-3.9556110948207563,2.94341601921604
opx_liq,T_C,ElasticNet,raw,B,50,shallow_crustal,47,35.02692737257373,27.618193775368024,43.36169443752601,35.02692737257373,27.618193775368024,43.36169443752601,0.0,0.0,0.0
opx_liq,T_C,ElasticNet,raw,B,50,deep_crustal_MASH,61,78.51127753093348,30.33327034903079,111.71779384356951,78.51127753093348,30.33327034903079,111.71779384356951,0.0,0.0,0.0
opx_liq,T_C,ElasticNet,raw,B,50,lithospheric_mantle,58,93.86183730826046,79.37843771209046,108.8222483137039,95.89157157642168,80.4307994290748,111.87164900385639,-2.0297342681612207,-5.592774992283152,0.37431658642806626
opx_liq,T_C,ElasticNet,raw,B,50,deeper_mantle,8,107.13744442776651,79.94905957089783,131.1251244080347,79.1388140279777,64.60674091999002,92.37439599186054,27.99863039978881,13.853751272302059,39.672409112264546
opx_liq,T_C,ElasticNet,raw,B,50,ALL,174,77.18014920182061,61.88892037171056,92.86141199180771,76.45499486992891,61.436219281983284,92.04133204111452,0.7251543318917015,-1.0110876314194577,2.832255579492192
opx_liq,T_C,ElasticNet,raw,A,51,shallow_crustal,47,35.05205897019307,27.62535605571811,43.3764450322755,55.211741929505074,48.24426674627198,64.03470929914748,-20.159682959312,-23.070192206665197,-16.42505978700702
opx_liq,T_C,ElasticNet,raw,A,51,deep_crustal_MASH,61,78.43742890001944,30.384855382216536,111.56600084997298,76.99736189342563,33.12207816581149,107.81859074115026,1.4400670065938073,-2.811685751097822,3.8435798861932993
opx_liq,T_C,ElasticNet,raw,A,51,lithospheric_mantle,58,93.86552424994105,79.49678056365833,108.83097761510594,93.75709425777296,79.22112416120719,108.96935548129457,0.1084299921680838,-2.717022827627107,3.438762817695669
opx_liq,T_C,ElasticNet,raw,A,51,deeper_mantle,8,106.15204841419641,79.19884949003261,130.16556803392197,53.70969453305675,46.050741628765365,61.14407961022145,52.44235388113967,28.904347885285063,73.26995579520988
opx_liq,T_C,ElasticNet,raw,A,51,ALL,174,77.09575443106374,61.87213284982054,92.71932431511274,77.23068368111134,63.04457507047369,91.8342317088246,-0.13492925004760536,-3.4720649194974826,3.223269915576438
opx_liq,T_C,ElasticNet,raw,B,51,shallow_crustal,47,35.05205897019307,27.62535605571811,43.3764450322755,35.05205897019307,27.62535605571811,43.3764450322755,0.0,0.0,0.0
opx_liq,T_C,ElasticNet,raw,B,51,deep_crustal_MASH,61,78.43742890001944,30.384855382216536,111.56600084997298,78.43742890001944,30.384855382216536,111.56600084997298,0.0,0.0,0.0
opx_liq,T_C,ElasticNet,raw,B,51,lithospheric_mantle,58,93.86552424994105,79.49678056365833,108.83097761510594,95.7384743980235,80.29704386146517,111.66179858299475,-1.8729501480824524,-5.184787847256902,0.3770561123436027
opx_liq,T_C,ElasticNet,raw,B,51,deeper_mantle,8,106.15204841419641,79.19884949003261,130.16556803392197,80.27841570168873,64.65110119257828,94.76680981163412,25.873632712507685,13.104467740432277,36.29064392227542
opx_liq,T_C,ElasticNet,raw,B,51,ALL,174,77.09575443106374,61.87213284982054,92.71932431511274,76.42219606156023,61.50926243763565,91.88723503638579,0.6735583695035103,-0.9413896521380329,2.6238528680410997
opx_liq,T_C,ElasticNet,raw,A,52,shallow_crustal,47,34.995779398387846,27.657941303462604,43.210253768496884,54.6656771052928,47.73350875882476,63.397704197731514,-19.669897706904955,-22.668763382346526,-15.877357540858773
opx_liq,T_C,ElasticNet,raw,A,52,deep_crustal_MASH,61,78.5442096813373,30.148036134007135,111.7934560642242,77.15838704109568,32.901559026345396,108.15564660916955,1.3858226402416278,-2.741568250044576,3.684659131920527
opx_liq,T_C,ElasticNet,raw,A,52,lithospheric_mantle,58,94.08962274846687,79.6962651294445,109.02953487596658,94.04045581963298,79.46403443148705,109.19193268639292,0.04916692883388407,-2.970396036545443,3.6168718609206083
opx_liq,T_C,ElasticNet,raw,A,52,deeper_mantle,8,107.03507786393418,79.58084442293735,131.1814473298387,55.03580659730903,46.41700186246052,63.06457166580222,51.99927126662514,30.32357428465119,70.85938452196848
opx_liq,T_C,ElasticNet,raw,A,52,ALL,174,77.2739437976022,61.940501899470924,93.00038135017803,77.33978498009535,63.110385563856134,92.03913784620464,-0.06584118249314486,-3.3934290101505393,3.303665637001262
opx_liq,T_C,ElasticNet,raw,B,52,shallow_crustal,47,34.995779398387846,27.657941303462604,43.210253768496884,34.995779398387846,27.657941303462604,43.210253768496884,0.0,0.0,0.0
opx_liq,T_C,ElasticNet,raw,B,52,deep_crustal_MASH,61,78.5442096813373,30.148036134007135,111.7934560642242,78.5442096813373,30.148036134007135,111.7934560642242,0.0,0.0,0.0
opx_liq,T_C,ElasticNet,raw,B,52,lithospheric_mantle,58,94.08962274846687,79.6962651294445,109.02953487596658,95.87773002279114,80.55248215242686,111.73956523128199,-1.7881072743242754,-4.965547886042106,0.37029919262557626
opx_liq,T_C,ElasticNet,raw,B,52,deeper_mantle,8,107.03507786393418,79.58084442293735,131.1814473298387,81.43114728078665,64.99107990559779,96.07803514586861,25.60393058314753,13.039846214093616,35.8556993398079
opx_liq,T_C,ElasticNet,raw,B,52,ALL,174,77.2739437976022,61.940501899470924,93.00038135017803,76.56780493742606,61.66091277284572,92.10981481668539,0.7061388601761394,-0.8702716887193699,2.625880248166605
opx_liq,T_C,ElasticNet,raw,A,53,shallow_crustal,47,35.13586736869278,27.784736150660155,43.43930940278242,55.348711292616294,48.442279290475405,64.12791166241792,-20.212843923923515,-23.24721116854297,-16.37055900487396
opx_liq,T_C,ElasticNet,raw,A,53,deep_crustal_MASH,61,78.5542855366958,30.2651904976582,111.75914931325815,77.23573021784891,32.742391178065134,108.31739853790299,1.3185553188468901,-2.5449648956642896,3.4615426302165746
opx_liq,T_C,ElasticNet,raw,A,53,lithospheric_mantle,58,94.16747461444776,79.83960035143136,109.1480568162537,94.42911405575666,79.77299191469862,109.74395613691719,-0.26163944130890116,-3.4457192161564154,3.5900869165198523
opx_liq,T_C,ElasticNet,raw,A,53,deeper_mantle,8,107.71264330711358,80.44182262887756,131.72635387764655,59.559570868385904,48.655643101515984,69.2130983039201,48.153072438727676,29.759663660124364,63.95359602729951
opx_liq,T_C,ElasticNet,raw,A,53,ALL,174,77.36954432879037,62.05190109787503,93.064671825468,77.80859478485667,63.70252103278065,92.51019191658793,-0.43905045606629756,-3.8339510503940955,2.8699852371901162
opx_liq,T_C,ElasticNet,raw,B,53,shallow_crustal,47,35.13586736869278,27.784736150660155,43.43930940278242,35.13586736869278,27.784736150660155,43.43930940278242,0.0,0.0,0.0
opx_liq,T_C,ElasticNet,raw,B,53,deep_crustal_MASH,61,78.5542855366958,30.2651904976582,111.75914931325815,78.5542855366958,30.2651904976582,111.75914931325815,0.0,0.0,0.0
opx_liq,T_C,ElasticNet,raw,B,53,lithospheric_mantle,58,94.16747461444776,79.83960035143136,109.1480568162537,96.3698687795764,81.09199514839274,112.28551178859954,-2.202394165128638,-5.707536721281263,0.06319053060915641
opx_liq,T_C,ElasticNet,raw,B,53,deeper_mantle,8,107.71264330711358,80.44182262887756,131.72635387764655,79.82989832609384,68.06889111084016,90.41225538115961,27.88274498101974,10.115203095216621,42.75602422288112
opx_liq,T_C,ElasticNet,raw,B,53,ALL,174,77.36954432879037,62.05190109787503,93.064671825468,76.71703074269323,61.723664156194566,92.32463789178543,0.6525135860971432,-1.1635166645762947,2.7549402657223534
opx_liq,T_C,ElasticNet,raw,A,54,shallow_crustal,47,35.03508617325581,27.67288343429104,43.2676788826359,56.74950273414443,49.841689053360575,65.52860452569048,-21.714416560888615,-24.823956306571827,-17.728310300333554
opx_liq,T_C,ElasticNet,raw,A,54,deep_crustal_MASH,61,78.41640151013993,30.31173180130863,111.55940110179615,76.87773556793569,33.305163326124884,107.61073507372541,1.538665942204247,-3.1271846652698705,4.124209664685226
opx_liq,T_C,ElasticNet,raw,A,54,lithospheric_mantle,58,93.82883455498727,79.36858190121531,108.78804564796576,93.60455719734101,79.14629945899719,108.71800829624858,0.22427735764625822,-2.690813399409961,3.6081192202507135
opx_liq,T_C,ElasticNet,raw,A,54,deeper_mantle,8,105.99124744037553,79.41134122523486,129.5427887339326,56.124474601128526,49.674231422670715,62.79911928140997,49.866772839247005,24.385556828208113,73.40166577011342
opx_liq,T_C,ElasticNet,raw,A,54,ALL,174,77.06110474637427,61.84312192582293,92.70487819968497,77.506764972099,63.41135091875681,91.93781802629934,-0.44566022572473685,-3.882140142569001,3.063231054923891
opx_liq,T_C,ElasticNet,raw,B,54,shallow_crustal,47,35.03508617325581,27.67288343429104,43.2676788826359,35.03508617325581,27.67288343429104,43.2676788826359,0.0,0.0,0.0
opx_liq,T_C,ElasticNet,raw,B,54,deep_crustal_MASH,61,78.41640151013993,30.31173180130863,111.55940110179615,78.41640151013993,30.31173180130863,111.55940110179615,0.0,0.0,0.0
opx_liq,T_C,ElasticNet,raw,B,54,lithospheric_mantle,58,93.82883455498727,79.36858190121531,108.78804564796576,95.77500877256927,80.40242397714663,111.73997412643028,-1.9461742175819978,-5.342202119356961,0.30204283096661366
opx_liq,T_C,ElasticNet,raw,B,54,deeper_mantle,8,105.99124744037553,79.41134122523486,129.5427887339326,79.59454426779283,65.26534329876336,92.72058490799928,26.396703172582704,12.733913820812148,37.713564150917705
opx_liq,T_C,ElasticNet,raw,B,54,ALL,174,77.06110474637427,61.84312192582293,92.70487819968497,76.39489475903987,61.4347335119961,91.93866027894731,0.6662099873343976,-0.9721704331164848,2.660641946877124
opx_liq,T_C,ElasticNet,raw,A,55,shallow_crustal,47,35.024256237309785,27.667459271359558,43.2973913591526,55.82306545580415,49.0100526803584,64.53541845241556,-20.798809218494362,-23.84431604775762,-16.88879350277826
opx_liq,T_C,ElasticNet,raw,A,55,deep_crustal_MASH,61,78.53392832877915,30.33125087830391,111.73238963638993,77.00101187286077,33.08920998620033,107.85602500093391,1.5329164559183823,-2.817344537367589,3.98178539284878
opx_liq,T_C,ElasticNet,raw,A,55,lithospheric_mantle,58,93.79791455604492,79.31891529143392,108.76074829025077,93.8898780933136,79.40930885816448,109.19498024751324,-0.09196353726868267,-3.3633890338224006,3.7588667263235798
opx_liq,T_C,ElasticNet,raw,A,55,deeper_mantle,8,106.92753485893934,79.77124946696344,130.87345574153233,60.749893531418145,53.77348992720092,67.49396558529217,46.177641327521194,22.048170387365293,67.79493386758243
opx_liq,T_C,ElasticNet,raw,A,55,ALL,174,77.14860615614215,61.849183940665526,92.82678844243843,77.64319082312444,63.526036292189104,92.17043155142639,-0.4945846669822913,-4.045121669707591,2.926673969601055
opx_liq,T_C,ElasticNet,raw,B,55,shallow_crustal,47,35.024256237309785,27.667459271359558,43.2973913591526,35.024256237309785,27.667459271359558,43.2973913591526,0.0,0.0,0.0
opx_liq,T_C,ElasticNet,raw,B,55,deep_crustal_MASH,61,78.53392832877915,30.33125087830391,111.73238963638993,78.53392832877915,30.33125087830391,111.73238963638993,0.0,0.0,0.0
opx_liq,T_C,ElasticNet,raw,B,55,lithospheric_mantle,58,93.79791455604492,79.31891529143392,108.76074829025077,95.5177797105909,80.23546354492804,111.36289547960905,-1.7198651545459853,-4.735191432211675,0.28853467966495955
opx_liq,T_C,ElasticNet,raw,B,55,deeper_mantle,8,106.92753485893934,79.77124946696344,130.87345574153233,82.90719108184798,66.6029481819771,97.3846340618692,24.020343777091355,11.669849395983496,34.11818785895371
opx_liq,T_C,ElasticNet,raw,B,55,ALL,174,77.14860615614215,61.849183940665526,92.82678844243843,76.4904540333275,61.66364756850978,91.96187727603501,0.6581521228146556,-0.834155401946456,2.473095331493131
opx_liq,T_C,ElasticNet,raw,A,56,shallow_crustal,47,35.202209201318205,27.847973055684623,43.43317410000467,58.021267132607846,51.48260999534567,66.19500963700254,-22.81905793128964,-25.98968429917237,-18.824472890940616
opx_liq,T_C,ElasticNet,raw,A,56,deep_crustal_MASH,61,78.49416749299321,30.34153056954972,111.65951614667878,77.02210884619264,33.280648770295535,107.83790993350476,1.4720586468005763,-2.9793578654629087,3.96531044696575
opx_liq,T_C,ElasticNet,raw,A,56,lithospheric_mantle,58,93.80763786586442,79.46773628260537,108.75379228016621,93.89937227235697,79.40176693061638,109.13908564439792,-0.09173440649254871,-3.3897484217682585,3.7990477064660184
opx_liq,T_C,ElasticNet,raw,A,56,deeper_mantle,8,107.74985286690979,80.40112275663223,131.87438120960437,60.53230000488185,50.97234401035352,69.0078006540427,47.217552862027944,26.83208772888569,64.84323809323816
opx_liq,T_C,ElasticNet,raw,A,56,ALL,174,77.21281458200184,61.883365938601415,92.86442329774519,78.08061363641384,64.30269296952189,92.54620286683576,-0.8677990544120036,-4.396601298904704,2.569097150948427
opx_liq,T_C,ElasticNet,raw,B,56,shallow_crustal,47,35.202209201318205,27.847973055684623,43.43317410000467,35.202209201318205,27.847973055684623,43.43317410000467,0.0,0.0,0.0
opx_liq,T_C,ElasticNet,raw,B,56,deep_crustal_MASH,61,78.49416749299321,30.34153056954972,111.65951614667878,78.49416749299321,30.34153056954972,111.65951614667878,0.0,0.0,0.0
opx_liq,T_C,ElasticNet,raw,B,56,lithospheric_mantle,58,93.80763786586442,79.46773628260537,108.75379228016621,95.73368563340868,80.60088057502563,111.47771035971488,-1.9260477675442615,-4.997933428404048,0.052224441708294114
opx_liq,T_C,ElasticNet,raw,B,56,deeper_mantle,8,107.74985286690979,80.40112275663223,131.87438120960437,83.18561201562541,69.88924556955334,95.41239709586954,24.56424085128438,8.53633904362677,37.79530204435015
opx_liq,T_C,ElasticNet,raw,B,56,ALL,174,77.21281458200184,61.883365938601415,92.86442329774519,76.6020013141891,61.70923181890278,92.09607026324028,0.6108132678127447,-1.0078918755409318,2.482329636571705
opx_liq,T_C,ElasticNet,raw,A,57,shallow_crustal,47,34.99781631798448,27.661884278516748,43.32918193139319,56.99045499705116,50.19287349920867,65.65736025546575,-21.99263867906668,-25.10597629157983,-18.101086787980467
opx_liq,T_C,ElasticNet,raw,A,57,deep_crustal_MASH,61,78.62940454130144,30.30413297038316,111.88948346976103,77.10237440532019,33.137130259561374,108.00566811059905,1.5270301359812493,-2.8506877185356148,3.9815209405831182
opx_liq,T_C,ElasticNet,raw,A,57,lithospheric_mantle,58,94.12106197923819,79.67378923393514,109.0893745577438,94.3718080615466,79.72937766727766,109.72708432783685,-0.2507460823084102,-3.4751077735340328,3.629308172676448
opx_liq,T_C,ElasticNet,raw,A,57,deeper_mantle,8,107.82019365320247,80.3658967893631,131.9001656734814,61.59684199156631,54.175865899538685,68.86427693043534,46.22335166163616,23.022867970188077,66.75997481069429
opx_liq,T_C,ElasticNet,raw,A,57,ALL,174,77.36745647126935,62.03437076205278,93.10746818718,78.13143903663811,64.07431421830206,92.66788343978777,-0.7639825653687637,-4.355207177731119,2.7391222829234105
opx_liq,T_C,ElasticNet,raw,B,57,shallow_crustal,47,34.99781631798448,27.661884278516748,43.32918193139319,34.99781631798448,27.661884278516748,43.32918193139319,0.0,0.0,0.0
opx_liq,T_C,ElasticNet,raw,B,57,deep_crustal_MASH,61,78.62940454130144,30.30413297038316,111.88948346976103,78.62940454130144,30.30413297038316,111.88948346976103,0.0,0.0,0.0
opx_liq,T_C,ElasticNet,raw,B,57,lithospheric_mantle,58,94.12106197923819,79.67378923393514,109.0893745577438,95.922781210198,80.63460837656848,111.79316458218416,-1.8017192309598045,-4.981503116502674,0.3448260313098412
opx_liq,T_C,ElasticNet,raw,B,57,deeper_mantle,8,107.82019365320247,80.3658967893631,131.9001656734814,82.1320485191165,65.96191559889985,96.31008250486359,25.68814513408597,12.856062689399943,36.225191102802896
opx_liq,T_C,ElasticNet,raw,B,57,ALL,174,77.36745647126935,62.03437076205278,93.10746818718,76.65189335026271,61.7516904321945,92.18544848705096,0.7155631210066389,-0.8664308526477228,2.647423163211929
opx_liq,T_C,ElasticNet,raw,A,58,shallow_crustal,47,35.06788429471491,27.70014176211391,43.29257068452871,56.01545100101032,49.47225101218527,64.2620121210792,-20.94756670629541,-23.97450907768736,-17.16590749663172
opx_liq,T_C,ElasticNet,raw,A,58,deep_crustal_MASH,61,78.45432074265456,30.264126271362713,111.63030147367482,77.02803126182744,33.14876680781803,107.89703403755745,1.4262894808271227,-2.875913138861719,3.8302505431692775
opx_liq,T_C,ElasticNet,raw,A,58,lithospheric_mantle,58,93.77763507155636,79.27035769690043,108.75960296179214,93.63121748574999,79.10502137063001,108.82074194022528,0.14641758580637543,-2.883773377252678,3.718688519347778
opx_liq,T_C,ElasticNet,raw,A,58,deeper_mantle,8,105.39467005598081,77.94008900282934,129.62876978122281,56.75554376365302,47.025231065341885,65.33266678540087,48.63912629232779,28.05308497772566,66.27460648686636
opx_liq,T_C,ElasticNet,raw,A,58,ALL,174,77.02025989102903,61.74279769870707,92.68427719281621,77.44667933538678,63.53439343979477,92.03721239799054,-0.42641944435774803,-3.700407179859773,2.8752153530319955
opx_liq,T_C,ElasticNet,raw,B,58,shallow_crustal,47,35.06788429471491,27.70014176211391,43.29257068452871,35.06788429471491,27.70014176211391,43.29257068452871,0.0,0.0,0.0
opx_liq,T_C,ElasticNet,raw,B,58,deep_crustal_MASH,61,78.45432074265456,30.264126271362713,111.63030147367482,78.45432074265456,30.264126271362713,111.63030147367482,0.0,0.0,0.0
opx_liq,T_C,ElasticNet,raw,B,58,lithospheric_mantle,58,93.77763507155636,79.27035769690043,108.75960296179214,95.72449601557574,80.4823661056856,111.68852721040692,-1.9468609440193774,-5.032696072352812,0.05583794248800941
opx_liq,T_C,ElasticNet,raw,B,58,deeper_mantle,8,105.39467005598081,77.94008900282934,129.62876978122281,80.7056950377586,67.04084827356017,93.27245649985962,24.68897501822221,9.02858416988711,37.43121298525959
opx_liq,T_C,ElasticNet,raw,B,58,ALL,174,77.02025989102903,61.74279769870707,92.68427719281621,76.44508684274997,61.53385418823104,92.00157394868185,0.5751730482790549,-1.0285707690072428,2.429091046969321
opx_liq,T_C,ElasticNet,raw,A,59,shallow_crustal,47,35.06188293992348,27.582684053606407,43.504773168273665,57.88216314456207,51.276072941635626,66.10072381139734,-22.820280204638593,-26.08465147316288,-18.769749127210112
opx_liq,T_C,ElasticNet,raw,A,59,deep_crustal_MASH,61,78.49308870242272,30.460756010304006,111.63746364767582,76.98731626780378,33.531039767596994,107.7338283432851,1.5057724346189474,-3.0846292579890706,4.084899813996168
opx_liq,T_C,ElasticNet,raw,A,59,lithospheric_mantle,58,93.720206345121,79.34764393567042,108.7122566519475,93.66534192544435,79.1130802386098,108.86527498048737,0.05486441967664746,-2.8114919639022173,3.4318924677000426
opx_liq,T_C,ElasticNet,raw,A,59,deeper_mantle,8,106.86846505470787,79.01959818481664,131.402669755077,59.44504653139285,50.559872317276685,67.72174145276703,47.42341852331502,25.177265181074706,66.63174318181902
opx_liq,T_C,ElasticNet,raw,A,59,ALL,174,77.10339599794501,61.77724119126632,92.71105940916613,77.90840324361062,64.17858983734654,92.27109426697145,-0.8050072456656068,-4.234682412664451,2.6612599293230423
opx_liq,T_C,ElasticNet,raw,B,59,shallow_crustal,47,35.06188293992348,27.582684053606407,43.504773168273665,35.06188293992348,27.582684053606407,43.504773168273665,0.0,0.0,0.0
opx_liq,T_C,ElasticNet,raw,B,59,deep_crustal_MASH,61,78.49308870242272,30.460756010304006,111.63746364767582,78.49308870242272,30.460756010304006,111.63746364767582,0.0,0.0,0.0
opx_liq,T_C,ElasticNet,raw,B,59,lithospheric_mantle,58,93.720206345121,79.34764393567042,108.7122566519475,95.59889318897233,80.31584650559849,111.43027764177917,-1.8786868438513267,-5.225352398999722,0.351419970195128
opx_liq,T_C,ElasticNet,raw,B,59,deeper_mantle,8,106.86846505470787,79.01959818481664,131.402669755077,80.32391971404934,63.9101470585998,94.94242709146921,26.54454534065853,13.223472914938904,37.35854425275422
opx_liq,T_C,ElasticNet,raw,B,59,ALL,174,77.10339599794501,61.77724119126632,92.71105940916613,76.38739367924964,61.46656658391692,91.86572080913176,0.7160023186953737,-0.9231500873151283,2.7067498295849166
opx_liq,T_C,ElasticNet,raw,A,60,shallow_crustal,47,35.185065832706826,27.887363440009672,43.34385385456559,57.028435646409484,50.43548273169802,65.35254972720034,-21.843369813702658,-24.92702411237496,-17.979438552862167
opx_liq,T_C,ElasticNet,raw,A,60,deep_crustal_MASH,61,78.46375872437349,30.290851360518463,111.63921896250037,77.10819652484308,32.960517001873036,108.05827978596645,1.3555621995304108,-2.7657755220729943,3.654486031319111
opx_liq,T_C,ElasticNet,raw,A,60,lithospheric_mantle,58,93.94344673147535,79.5611581621555,108.87836265871547,93.78553058735802,79.30953341375495,108.97575152941961,0.1579161441173227,-3.6590944898047777,4.621396936293044
opx_liq,T_C,ElasticNet,raw,A,60,deeper_mantle,8,107.42618246282801,80.4605778705507,131.28726477905317,60.25649260136719,51.05713065085412,68.59821335493885,47.16968986146082,26.80652363174102,64.88090406418821
opx_liq,T_C,ElasticNet,raw,A,60,ALL,174,77.23416885063,61.9745716386875,92.91951805777512,77.85708839085801,64.04874557364488,92.43917375943704,-0.6229195402280112,-4.245428950195155,2.827437365986006
opx_liq,T_C,ElasticNet,raw,B,60,shallow_crustal,47,35.185065832706826,27.887363440009672,43.34385385456559,35.185065832706826,27.887363440009672,43.34385385456559,0.0,0.0,0.0
opx_liq,T_C,ElasticNet,raw,B,60,deep_crustal_MASH,61,78.46375872437349,30.290851360518463,111.63921896250037,78.46375872437349,30.290851360518463,111.63921896250037,0.0,0.0,0.0
opx_liq,T_C,ElasticNet,raw,B,60,lithospheric_mantle,58,93.94344673147535,79.5611581621555,108.87836265871547,95.10136628633187,80.11634342355522,110.29682586766391,-1.1579195548565195,-3.232034084109558,0.250215463364676
opx_liq,T_C,ElasticNet,raw,B,60,deeper_mantle,8,107.42618246282801,80.4605778705507,131.28726477905317,90.48168931834121,70.77468199726745,107.62257501082846,16.9444931444868,8.504934346403957,23.760464949609187
opx_liq,T_C,ElasticNet,raw,B,60,ALL,174,77.23416885063,61.9745716386875,92.91951805777512,76.70659373791419,61.926568049529976,92.27158108065872,0.5275751127158088,-0.5227780163642958,1.8184537816706787
opx_liq,T_C,ElasticNet,raw,A,61,shallow_crustal,47,35.18989246691884,27.819987028736048,43.41904245115378,56.377681189117226,49.61110426559776,64.99722440642098,-21.187788722198384,-24.20966648491825,-17.347406443369433
opx_liq,T_C,ElasticNet,raw,A,61,deep_crustal_MASH,61,78.52528073633312,30.207113826834657,111.7564632079266,77.14381211461259,33.172555708115766,108.06773386153428,1.3814686217205292,-2.981588404488348,3.7927692182833845
opx_liq,T_C,ElasticNet,raw,A,61,lithospheric_mantle,58,93.91095073474652,79.43664111525855,108.86091418040641,93.8992207029471,79.34775974811073,109.10863436464743,0.011730031799416452,-2.801951767948262,3.312555088168364
opx_liq,T_C,ElasticNet,raw,A,61,deeper_mantle,8,106.88006850800548,79.55591740157247,130.9960956631731,55.925029929332915,48.914027328335344,62.80612485032095,50.955038578672564,26.16691388549287,73.15941928578556
opx_liq,T_C,ElasticNet,raw,A,61,ALL,174,77.20867018070642,61.88524973482093,92.90855334615117,77.63821986592073,63.47833778674779,92.19717688072015,-0.4295496852143117,-3.833107083165384,3.0228560225758665
opx_liq,T_C,ElasticNet,raw,B,61,shallow_crustal,47,35.18989246691884,27.819987028736048,43.41904245115378,35.18989246691884,27.819987028736048,43.41904245115378,0.0,0.0,0.0
opx_liq,T_C,ElasticNet,raw,B,61,deep_crustal_MASH,61,78.52528073633312,30.207113826834657,111.7564632079266,78.52528073633312,30.207113826834657,111.7564632079266,0.0,0.0,0.0
opx_liq,T_C,ElasticNet,raw,B,61,lithospheric_mantle,58,93.91095073474652,79.43664111525855,108.86091418040641,96.04092382630427,80.60542763135217,111.99688406697503,-2.129973091557744,-5.8762803971433,0.36048639455542175
opx_liq,T_C,ElasticNet,raw,B,61,deeper_mantle,8,106.88006850800548,79.55591740157247,130.9960956631731,77.42981917271116,63.394863295888264,90.24961278219638,29.450249335294316,14.440090351122802,41.828017973941414
opx_liq,T_C,ElasticNet,raw,B,61,ALL,174,77.20867018070642,61.88524973482093,92.90855334615117,76.46228443122425,61.41653031331543,92.11220303503836,0.7463857494821724,-1.0618382775298756,2.9542072173752465
opx_only,P_kbar,RF,pwlr,A,42,shallow_crustal,48,8.494949530317243,6.628127409551054,10.094249311097483,1.1398857140916876,0.8880472891803702,1.4344323430580581,7.355063816225555,5.463313423977153,8.978947076383259
opx_only,P_kbar,RF,pwlr,A,42,deep_crustal_MASH,76,6.607998145302229,4.6473945779060895,9.07874962412656,1.9583989139924276,1.6509954218429088,2.2755985592394055,4.649599231309802,2.7210783412127117,7.201815007263951
opx_only,P_kbar,RF,pwlr,A,42,lithospheric_mantle,37,6.207291216662593,4.045355722712232,8.322402361252486,3.3817618988591014,2.798834872679453,4.014878216647705,2.825529317803492,0.7978299336041172,4.831844668916275
opx_only,P_kbar,RF,pwlr,A,42,deeper_mantle,29,27.103304825457474,19.565282978730227,34.58834742673199,14.354691050373717,8.351827595857213,21.32972109913456,12.748613775083758,8.852236952358556,17.671800632219945
opx_only,P_kbar,RF,pwlr,A,42,ALL,190,12.462824859468626,9.417569392365627,15.480890428496911,5.961567346392066,3.5985547276846748,8.822992174182923,6.50125751307656,4.7833863324913874,8.343798044581165
opx_only,P_kbar,RF,pwlr,B,42,shallow_crustal,48,8.494949530317243,6.628127409551054,10.094249311097483,8.502436949949967,6.641061918614102,10.098766794890093,-0.007487419632724368,-0.021811069776216517,0.0
opx_only,P_kbar,RF,pwlr,B,42,deep_crustal_MASH,76,6.607998145302229,4.6473945779060895,9.07874962412656,5.545341239285957,4.577753971235764,6.5719181467000185,1.0626569060162723,0.010228534434867865,2.6715484634783127
opx_only,P_kbar,RF,pwlr,B,42,lithospheric_mantle,37,6.207291216662593,4.045355722712232,8.322402361252486,5.30621589854059,3.5601535744331048,7.126101141297672,0.901075318122003,0.03305197391155137,1.9742707148718721
opx_only,P_kbar,RF,pwlr,B,42,deeper_mantle,29,27.103304825457474,19.565282978730227,34.58834742673199,27.93953794827024,20.819773570419237,35.305823576870694,-0.8362331228127644,-1.9247877474335542,-0.06058991222993656
opx_only,P_kbar,RF,pwlr,B,42,ALL,190,12.462824859468626,9.417569392365627,15.480890428496911,12.45766204776484,9.35174777676802,15.44087148489214,0.005162811703785408,-0.441187693627994,0.5316940198216814
opx_only,P_kbar,RF,pwlr,A,43,shallow_crustal,48,8.43748028265822,6.480793029725063,10.067361296024492,1.1293125057380091,0.8811682067646457,1.4186371460420206,7.30816777692021,5.340485740273702,8.905404894460661
opx_only,P_kbar,RF,pwlr,A,43,deep_crustal_MASH,76,6.332384845046904,4.514015372443628,8.651398165798824,1.9425155534558698,1.6449252592819332,2.2491897514979864,4.389869291591034,2.5487499018186845,6.742369960624001
opx_only,P_kbar,RF,pwlr,A,43,lithospheric_mantle,37,6.166040777412954,4.011246729414501,8.359416286605777,3.3852411941691836,2.811971821046692,3.9888979995711953,2.7807995832437706,0.7432195947553909,4.834689826642363
opx_only,P_kbar,RF,pwlr,A,43,deeper_mantle,29,26.813082017302698,19.363260226816028,34.14938306218578,14.324880143648485,8.403292764087812,21.228585800700447,12.488201873654212,8.578924050186625,17.552314873133408
opx_only,P_kbar,RF,pwlr,A,43,ALL,190,12.294788111143752,9.280023906411198,15.290721315553856,5.948405711788925,3.6134281921004416,8.798505699372017,6.346382399354828,4.5906309457571055,8.20354286607571
opx_only,P_kbar,RF,pwlr,B,43,shallow_crustal,48,8.43748028265822,6.480793029725063,10.067361296024492,8.442993719124596,6.494378612695773,10.07056451664262,-0.005513436466376476,-0.018085860476559332,0.0
opx_only,P_kbar,RF,pwlr,B,43,deep_crustal_MASH,76,6.332384845046904,4.514015372443628,8.651398165798824,5.262543724015093,4.281399493585018,6.238033626637762,1.0698411210318106,0.012038877814742822,2.814506483747726
opx_only,P_kbar,RF,pwlr,B,43,lithospheric_mantle,37,6.166040777412954,4.011246729414501,8.359416286605777,5.176730200839853,3.560777468777701,6.904186859285853,0.989310576573101,0.0172599662056794,2.440995779017084
opx_only,P_kbar,RF,pwlr,B,43,deeper_mantle,29,26.813082017302698,19.363260226816028,34.14938306218578,27.998547261901173,21.000232965614842,35.02260931346883,-1.1854652445984755,-2.7009366403070607,-0.21857541277071768
opx_only,P_kbar,RF,pwlr,B,43,ALL,190,12.294788111143752,9.280023906411198,15.290721315553856,12.407891661499487,9.300470420820059,15.30006377605171,-0.11310355035573494,-0.6402382957237518,0.43374175522913344
opx_only,P_kbar,RF,pwlr,A,44,shallow_crustal,48,8.324479680616616,6.47867144314933,9.867930867739654,1.1154317701629937,0.8699609207016379,1.39807765419513,7.209047910453622,5.359946144566352,8.751046633316104
opx_only,P_kbar,RF,pwlr,A,44,deep_crustal_MASH,76,6.31528683216463,4.343421476688462,8.778549680951132,1.9536559293864375,1.6462740262862068,2.2687245604092405,4.3616309027781925,2.379632393923657,6.972977123324209
opx_only,P_kbar,RF,pwlr,A,44,lithospheric_mantle,37,6.2113312292875005,4.138922175037015,8.283465684140866,3.3709349788929677,2.7940994161677675,4.000434342617917,2.840396250394533,0.8781081893828651,4.758823783085472
opx_only,P_kbar,RF,pwlr,A,44,deeper_mantle,29,26.88105541197711,19.22094000914737,34.429357980703124,14.3542701598818,8.376177319840535,21.309663101376884,12.526785252095308,8.69272866399064,17.4856368013703
opx_only,P_kbar,RF,pwlr,A,44,ALL,190,12.298903927398895,9.231661201995012,15.300568336354544,5.958426690584662,3.5996812283025466,8.81982483217044,6.340477236814233,4.622028131955395,8.149917390754581
opx_only,P_kbar,RF,pwlr,B,44,shallow_crustal,48,8.324479680616616,6.47867144314933,9.867930867739654,8.26869634818765,6.660106876510325,9.65574957356915,0.05578333242896605,-0.19889538985577077,0.2736580293482097
opx_only,P_kbar,RF,pwlr,B,44,deep_crustal_MASH,76,6.31528683216463,4.343421476688462,8.778549680951132,4.837729109582934,3.8430841533367537,5.986830935851187,1.4775577225816958,0.3994240155988329,2.7907952635817526
opx_only,P_kbar,RF,pwlr,B,44,lithospheric_mantle,37,6.2113312292875005,4.138922175037015,8.283465684140866,4.984360955390214,3.345431618904959,6.738402108541382,1.2269702738972867,0.2855090312517344,2.323042967673286
opx_only,P_kbar,RF,pwlr,B,44,deeper_mantle,29,26.88105541197711,19.22094000914737,34.429357980703124,28.156489437456596,20.726260941875267,35.9557336560883,-1.2754340254794876,-2.368000289172667,-0.3168108927464388
opx_only,P_kbar,RF,pwlr,B,44,ALL,190,12.298903927398895,9.231661201995012,15.300568336354544,12.348145238593442,9.082840039153798,15.527149731088798,-0.04924131119454778,-0.5048567058269645,0.48241664871543793
opx_only,P_kbar,RF,pwlr,A,45,shallow_crustal,48,8.522090462615637,6.694870064509688,10.09755496296693,1.1199533793166576,0.8713862528795535,1.402959580797984,7.402137083298979,5.546948768163131,8.988796632587514
opx_only,P_kbar,RF,pwlr,A,45,deep_crustal_MASH,76,6.082848001096065,4.457285730303519,8.107933758513518,1.9619691791743794,1.6619551527894212,2.2802658379086247,4.120878821921686,2.484007533487876,6.192545015770659
opx_only,P_kbar,RF,pwlr,A,45,lithospheric_mantle,37,5.968472562694306,3.9036220176114744,8.097842146049894,3.357954983670908,2.7554368804833604,3.9968878596305357,2.6105175790233974,0.633979243312551,4.5916539546013455
opx_only,P_kbar,RF,pwlr,A,45,deeper_mantle,29,26.45099581858516,18.95531354689882,33.78465626161911,14.310193422226883,8.493223529948706,21.19078368911943,12.140802396358277,8.162685419263749,17.2648163078134
opx_only,P_kbar,RF,pwlr,A,45,ALL,190,12.119181637127651,9.17818041792737,15.11191198981153,5.942101816499516,3.629477742697342,8.791231957791213,6.177079820628135,4.451927861324909,8.03097356899748
opx_only,P_kbar,RF,pwlr,B,45,shallow_crustal,48,8.522090462615637,6.694870064509688,10.09755496296693,8.659396312007289,6.913594416783267,10.171494861037653,-0.1373058493916517,-0.250742650377407,-0.02925901656247982
opx_only,P_kbar,RF,pwlr,B,45,deep_crustal_MASH,76,6.082848001096065,4.457285730303519,8.107933758513518,4.911151347006596,4.1022174306607875,5.761173104930398,1.1716966540894687,0.1963649975233077,2.5856119761934413
opx_only,P_kbar,RF,pwlr,B,45,lithospheric_mantle,37,5.968472562694306,3.9036220176114744,8.097842146049894,5.069747022209102,3.5795746631883407,6.77207469750941,0.8987255404852039,0.10303261573190502,2.236644181155776
opx_only,P_kbar,RF,pwlr,B,45,deeper_mantle,29,26.45099581858516,18.95531354689882,33.78465626161911,28.15000999546102,20.879227433013053,35.604159348199794,-1.6990141768758598,-3.108575969070124,-0.5395601660529561
opx_only,P_kbar,RF,pwlr,B,45,ALL,190,12.119181637127651,9.17818041792737,15.11191198981153,12.431627136427274,9.315887615862774,15.400663613689392,-0.3124454992996224,-0.7950514385890962,0.25520299490737963
opx_only,P_kbar,RF,pwlr,A,46,shallow_crustal,48,8.443877190099867,6.511095116556022,10.041417627809281,1.1158001240681314,0.8646470262205479,1.4036473064338066,7.328077066031735,5.375334396763355,8.927906920007144
opx_only,P_kbar,RF,pwlr,A,46,deep_crustal_MASH,76,6.504679263837198,4.590089618726512,8.94910414442767,1.9528420309184606,1.650406849583907,2.2637985304802135,4.5518372329187375,2.667169211786131,7.046545231104192
opx_only,P_kbar,RF,pwlr,A,46,lithospheric_mantle,37,6.320738566717004,4.194612529669061,8.438300766001872,3.3327264919220925,2.760141030429092,3.91964287431916,2.988012074794912,1.0303193282732745,4.990262806483173
opx_only,P_kbar,RF,pwlr,A,46,deeper_mantle,29,27.069932023739664,19.713052606668988,34.37803838035065,14.326998490987213,8.550240449618228,21.19275038020902,12.74293353275245,8.586369922984924,18.154350589497614
opx_only,P_kbar,RF,pwlr,A,46,ALL,190,12.432311331702751,9.406181734880294,15.430792940654685,5.944116326731872,3.6156293151461716,8.791517394272022,6.488195004970879,4.692993924827768,8.417065054440604
opx_only,P_kbar,RF,pwlr,B,46,shallow_crustal,48,8.443877190099867,6.511095116556022,10.041417627809281,8.71914072522175,6.89907347267181,10.235776630309836,-0.2752635351218835,-0.4050347347431769,-0.1892373544050816
opx_only,P_kbar,RF,pwlr,B,46,deep_crustal_MASH,76,6.504679263837198,4.590089618726512,8.94910414442767,5.046828562773905,4.070293073607631,5.985256447911149,1.4578507010632924,0.12385590699840991,3.8011872445762886
opx_only,P_kbar,RF,pwlr,B,46,lithospheric_mantle,37,6.320738566717004,4.194612529669061,8.438300766001872,5.1256494560573955,3.6235049857857677,6.766880116657673,1.1950891106596089,0.18998544022967281,2.457532600401436
opx_only,P_kbar,RF,pwlr,B,46,deeper_mantle,29,27.069932023739664,19.713052606668988,34.37803838035065,28.591905875262928,21.586582298699007,35.288698861679705,-1.5219738515232635,-3.4499572160641554,-0.23347145143459647
opx_only,P_kbar,RF,pwlr,B,46,ALL,190,12.432311331702751,9.406181734880294,15.430792940654685,12.62086203185778,9.498481916911132,15.364249610845738,-0.1885507001550284,-0.9089755906864752,0.5017849220914715
opx_only,P_kbar,RF,pwlr,A,47,shallow_crustal,48,8.451850772747527,6.5678135607457655,10.065531278310416,1.132343750649768,0.8667900908634931,1.4238812100535685,7.319507022097759,5.508568264401474,8.885475191341937
opx_only,P_kbar,RF,pwlr,A,47,deep_crustal_MASH,76,6.1723400518820615,4.337751904990275,8.409681752462696,1.95074255333545,1.6475514444095993,2.268356712270899,4.221597498546611,2.3844672656837127,6.55214286921699
opx_only,P_kbar,RF,pwlr,A,47,lithospheric_mantle,37,5.865787278693088,3.8842622433308986,7.838144453433399,3.3710446322991467,2.7680638010378957,4.032102448770345,2.4947426463939415,0.6132608711677575,4.442280609542392
opx_only,P_kbar,RF,pwlr,A,47,deeper_mantle,29,25.35948345733958,17.760414394624547,32.927166222511936,14.290357840284278,8.259847485036328,21.2581235137299,11.0691256170553,7.589822408275932,15.755774030532606
opx_only,P_kbar,RF,pwlr,A,47,ALL,190,11.753460317334318,8.869849797783704,14.679139787986513,5.935369978329088,3.580965105474299,8.783587491659436,5.81809033900523,4.246084005806359,7.534448613098309
opx_only,P_kbar,RF,pwlr,B,47,shallow_crustal,48,8.451850772747527,6.5678135607457655,10.065531278310416,8.293519109000297,6.685300722830354,9.635517050841974,0.15833166374723007,-0.20822134188788002,0.6076087391650554
opx_only,P_kbar,RF,pwlr,B,47,deep_crustal_MASH,76,6.1723400518820615,4.337751904990275,8.409681752462696,4.719348005558976,3.901444601489417,5.704514091068763,1.4529920463230859,0.38435295672142333,2.741706009725998
opx_only,P_kbar,RF,pwlr,B,47,lithospheric_mantle,37,5.865787278693088,3.8842622433308986,7.838144453433399,4.942973176258749,3.3987599347923587,6.709102224200751,0.922814102434339,0.17106556945509968,2.018867921417124
opx_only,P_kbar,RF,pwlr,B,47,deeper_mantle,29,25.35948345733958,17.760414394624547,32.927166222511936,26.99561819216182,19.542573984189783,34.76286860898804,-1.6361347348222424,-2.8576045200046485,-0.4416265307560499
opx_only,P_kbar,RF,pwlr,B,47,ALL,190,11.753460317334318,8.869849797783704,14.679139787986513,11.92794325471822,8.876421649781712,15.003075428516558,-0.1744829373839032,-0.6855830429986007,0.4191655205378531
opx_only,P_kbar,RF,pwlr,A,48,shallow_crustal,48,8.532808127433965,6.69374987472213,10.08322519749014,1.1352832168412446,0.8882220330678039,1.4242890166760445,7.39752491059272,5.521826910074527,8.964688975093484
opx_only,P_kbar,RF,pwlr,A,48,deep_crustal_MASH,76,6.2478044219011615,4.413753481871627,8.647239581602083,1.9481912485676987,1.6455923861457922,2.2535193742562667,4.299613173333463,2.4106460351754104,6.729080085953038
opx_only,P_kbar,RF,pwlr,A,48,lithospheric_mantle,37,6.084152487707794,3.9661252438918697,8.294354599688091,3.3883169940862103,2.781584209678964,4.038518918048384,2.6958354936215834,0.6965844507691958,4.735085473050596
opx_only,P_kbar,RF,pwlr,A,48,deeper_mantle,29,25.46801425139819,17.80143845246945,32.98434345376218,14.285186147153341,8.265274249599967,21.233965600446435,11.18282810424485,7.708322340653932,15.890464925957698
opx_only,P_kbar,RF,pwlr,A,48,ALL,190,11.841293967723663,8.900927833814206,14.76472793540693,5.9351917267475525,3.573950126201741,8.778154727382987,5.906102240976111,4.325317200190757,7.599514825644331
opx_only,P_kbar,RF,pwlr,B,48,shallow_crustal,48,8.532808127433965,6.69374987472213,10.08322519749014,8.537659521549214,6.697405171418756,10.083589564157002,-0.0048513941152492635,-0.01641650844788305,0.0
opx_only,P_kbar,RF,pwlr,B,48,deep_crustal_MASH,76,6.2478044219011615,4.413753481871627,8.647239581602083,5.174909319339136,4.203941602271802,6.117015971068365,1.0728951025620255,0.0,2.9768749783908084
opx_only,P_kbar,RF,pwlr,B,48,lithospheric_mantle,37,6.084152487707794,3.9661252438918697,8.294354599688091,5.244440940548616,3.6002864458116584,7.039251571984114,0.8397115471591778,0.0,2.1344992892903507
opx_only,P_kbar,RF,pwlr,B,48,deeper_mantle,29,25.46801425139819,17.80143845246945,32.98434345376218,26.732047239878604,19.66099539020092,33.82423542193776,-1.2640329884804125,-2.8586231578555203,-0.2456225252760525
opx_only,P_kbar,RF,pwlr,B,48,ALL,190,11.841293967723663,8.900927833814206,14.76472793540693,11.981383916317768,8.990128182854619,14.792512865024705,-0.14008994859410429,-0.6967641894878803,0.44231016144761787
opx_only,P_kbar,RF,pwlr,A,49,shallow_crustal,48,8.17363963107762,6.212726270239991,9.773271183120267,1.1199403872634404,0.8789905261554943,1.4061662784831659,7.0536992438141795,5.146375380636459,8.688678249428566
opx_only,P_kbar,RF,pwlr,A,49,deep_crustal_MASH,76,6.2496476032116925,4.396032633990278,8.59512094062359,1.9535959210533365,1.64638700057185,2.271576287731464,4.296051682158356,2.4520918770923794,6.673261731525079
opx_only,P_kbar,RF,pwlr,A,49,lithospheric_mantle,37,6.200676190159522,4.050262031663004,8.372587672880556,3.4027620192071297,2.7939923418091865,4.039609624098828,2.7979141709523927,0.7118889337253962,4.8971948280667865
opx_only,P_kbar,RF,pwlr,A,49,deeper_mantle,29,27.546357712901596,20.218022549136162,34.804462045372844,14.373512157566175,8.381538463833238,21.31287971004844,13.172845555335421,9.238854863076199,18.16314293885628
opx_only,P_kbar,RF,pwlr,A,49,ALL,190,12.482210674420537,9.364821385431476,15.488061729927132,5.9692256886565405,3.6173243295642,8.825732405885844,6.512984985763997,4.718006973423697,8.397729024839098
opx_only,P_kbar,RF,pwlr,B,49,shallow_crustal,48,8.17363963107762,6.212726270239991,9.773271183120267,8.180406180474602,6.219964951626174,9.781147486180005,-0.006766549396981958,-0.02102632047982589,0.0
opx_only,P_kbar,RF,pwlr,B,49,deep_crustal_MASH,76,6.2496476032116925,4.396032633990278,8.59512094062359,5.209486953359012,4.30081260228453,6.168589173994723,1.0401606498526803,0.0,2.828799895516311
opx_only,P_kbar,RF,pwlr,B,49,lithospheric_mantle,37,6.200676190159522,4.050262031663004,8.372587672880556,5.206273662315055,3.510313662068834,6.9788566097024605,0.9944025278444677,0.03730748373975488,2.4045631064926094
opx_only,P_kbar,RF,pwlr,B,49,deeper_mantle,29,27.546357712901596,20.218022549136162,34.804462045372844,28.606864044310896,21.707834818860004,35.46893140205919,-1.0605063314093002,-2.4644852190247053,-0.15576615962822116
opx_only,P_kbar,RF,pwlr,B,49,ALL,190,12.482210674420537,9.364821385431476,15.488061729927132,12.567665802201677,9.38812185282859,15.486535349522676,-0.08545512778113995,-0.5908894962724984,0.4476064990566445
opx_only,P_kbar,RF,pwlr,A,50,shallow_crustal,48,8.659306899598116,6.8447456823929205,10.215710409670896,1.1260716870010197,0.8754405313578939,1.4132326920156315,7.533235212597097,5.734372929283699,9.11993693135238
opx_only,P_kbar,RF,pwlr,A,50,deep_crustal_MASH,76,6.524938561532667,4.589310495846218,8.972374506964442,1.957929923743911,1.6575122180541624,2.268992668839963,4.567008637788756,2.6474046293660733,7.079006949545652
opx_only,P_kbar,RF,pwlr,A,50,lithospheric_mantle,37,6.239335257388856,4.20325548310556,8.377303228299128,3.368017596692666,2.7758535763221928,4.0023266552536825,2.8713176606961897,0.910404012277452,4.902592356772616
opx_only,P_kbar,RF,pwlr,A,50,deeper_mantle,29,26.41273808141273,18.80340128158516,33.81480402143524,14.294851187966962,8.43393821476005,21.192633402252493,12.117886893445768,8.234287290904243,17.194090848858593
opx_only,P_kbar,RF,pwlr,A,50,ALL,190,12.248873781374229,9.283563951402963,15.20856748833488,5.937331681226744,3.6208842089760234,8.78891500301707,6.311542100147485,4.640839701255815,8.110743538925403
opx_only,P_kbar,RF,pwlr,B,50,shallow_crustal,48,8.659306899598116,6.8447456823929205,10.215710409670896,8.836464060138443,7.177680191373813,10.303025949207266,-0.17715716054032704,-0.35512176533048645,-0.007957074741794311
opx_only,P_kbar,RF,pwlr,B,50,deep_crustal_MASH,76,6.524938561532667,4.589310495846218,8.972374506964442,4.9920915017612115,4.167620998407106,5.941919893928235,1.5328470597714556,0.3626498636613803,3.0897327325916053
opx_only,P_kbar,RF,pwlr,B,50,lithospheric_mantle,37,6.239335257388856,4.20325548310556,8.377303228299128,5.054211832706118,3.534483663580753,6.751014567481735,1.1851234246827378,0.2541372375217058,2.4631812315405526
opx_only,P_kbar,RF,pwlr,B,50,deeper_mantle,29,26.41273808141273,18.80340128158516,33.81480402143524,27.974607527029068,20.602694738678665,35.64107501588513,-1.5618694456163382,-2.818531421736719,-0.5316973481729602
opx_only,P_kbar,RF,pwlr,B,50,ALL,190,12.248873781374229,9.283563951402963,15.20856748833488,12.414323517516172,9.310450447086065,15.450863486640316,-0.1654497361419427,-0.6612719596340689,0.42164279124585996
opx_only,P_kbar,RF,pwlr,A,51,shallow_crustal,48,8.478256611603983,6.657764956266913,10.095217972574083,1.14190580185242,0.8729411290237976,1.4389450410040097,7.336350809751563,5.500282685343067,8.835138997926075
opx_only,P_kbar,RF,pwlr,A,51,deep_crustal_MASH,76,6.530667244623933,4.639836985793448,9.012513071193759,1.954011854313776,1.6597572722901155,2.259791789182603,4.576655390310156,2.6313371223622424,7.07566242198101
opx_only,P_kbar,RF,pwlr,A,51,lithospheric_mantle,37,6.155206262850748,4.0832775566378166,8.30544673089871,3.3635925923328904,2.776635459223796,3.9894092507665526,2.7916136705178576,0.8167831024277107,4.769685102237619
opx_only,P_kbar,RF,pwlr,A,51,deeper_mantle,29,26.2823244675039,18.91967568465637,33.42490036328712,14.306462950630756,8.333387304260205,21.228476679699103,11.975861516873145,8.229030899335434,17.00915754508939
opx_only,P_kbar,RF,pwlr,A,51,ALL,190,12.166716998387223,9.306735711600796,15.112448338879956,5.941358343896988,3.5891411732251606,8.777509944445773,6.225358654490234,4.54652982516507,8.042217128503566
opx_only,P_kbar,RF,pwlr,B,51,shallow_crustal,48,8.478256611603983,6.657764956266913,10.095217972574083,8.355782520179789,6.796427516565505,9.691347106083043,0.12247409142419485,-0.26150612556415836,0.5232771039187984
opx_only,P_kbar,RF,pwlr,B,51,deep_crustal_MASH,76,6.530667244623933,4.639836985793448,9.012513071193759,5.046275001829257,4.02298350620699,6.363128612700579,1.4843922427946756,0.5738484649725134,2.574587990068576
opx_only,P_kbar,RF,pwlr,B,51,lithospheric_mantle,37,6.155206262850748,4.0832775566378166,8.30544673089871,5.026257934216065,3.33755769665318,6.721027579502475,1.1289483286346833,0.28354885650083184,2.1616818053254083
opx_only,P_kbar,RF,pwlr,B,51,deeper_mantle,29,26.2823244675039,18.91967568465637,33.42490036328712,27.486582276161776,20.274168707724925,35.143936643708,-1.204257808657875,-2.2216943104215736,-0.24691926951915702
opx_only,P_kbar,RF,pwlr,B,51,ALL,190,12.166716998387223,9.306735711600796,15.112448338879956,12.16795695280668,9.067392363753898,15.243930242480431,-0.0012399544194572343,-0.4674926730306317,0.520635810189636
opx_only,P_kbar,RF,pwlr,A,52,shallow_crustal,48,8.604417258782167,6.7676952952267975,10.24536019405044,1.1393895606971605,0.8753117929673366,1.4333424205881617,7.465027698085007,5.711972459753736,8.995987160107143
opx_only,P_kbar,RF,pwlr,A,52,deep_crustal_MASH,76,6.598491251593374,4.525204777279881,9.211700087636832,1.95728075936871,1.6544669496395255,2.270014532372037,4.641210492224664,2.600695384682243,7.3536287002912
opx_only,P_kbar,RF,pwlr,A,52,lithospheric_mantle,37,6.154981891402224,4.141153298708481,8.243757371166987,3.389897783880968,2.7962728066067246,4.031431959273668,2.765084107521256,0.8409455629881906,4.725698575447805
opx_only,P_kbar,RF,pwlr,A,52,deeper_mantle,29,25.768019926118548,18.13709158285756,33.311109682286116,14.265469823823834,8.309555655146916,21.207388550655814,11.502550102294714,7.878287706478022,16.30305066308305
opx_only,P_kbar,RF,pwlr,A,52,ALL,190,12.03508244031752,9.160087635722789,14.965856648782658,5.929521754565404,3.584440933375444,8.778579341009392,6.105560685752116,4.452164682680184,7.799686109823654
opx_only,P_kbar,RF,pwlr,B,52,shallow_crustal,48,8.604417258782167,6.7676952952267975,10.24536019405044,8.3583527698949,6.661122056944633,9.806632470983281,0.24606448888726717,-0.007139348252520073,0.6565010044545876
opx_only,P_kbar,RF,pwlr,B,52,deep_crustal_MASH,76,6.598491251593374,4.525204777279881,9.211700087636832,5.18646178816957,4.305407488898905,6.269973149096238,1.4120294634238038,0.16436133716308352,2.9666772777243646
opx_only,P_kbar,RF,pwlr,B,52,lithospheric_mantle,37,6.154981891402224,4.141153298708481,8.243757371166987,5.149405833651737,3.524965226828924,6.910952302220948,1.0055760577504875,0.05303977859373013,2.214737505717008
opx_only,P_kbar,RF,pwlr,B,52,deeper_mantle,29,25.768019926118548,18.13709158285756,33.311109682286116,27.194748349843067,19.828735650758983,34.977143800107484,-1.4267284237245192,-2.6520845213163375,-0.3956273307139076
opx_only,P_kbar,RF,pwlr,B,52,ALL,190,12.03508244031752,9.160087635722789,14.965856648782658,12.101742834235367,9.03061117673329,15.135048229464948,-0.0666603939178465,-0.5853930717931022,0.5704591035998767
opx_only,P_kbar,RF,pwlr,A,53,shallow_crustal,48,8.411310531219284,6.680767557197488,9.926017302424642,1.1339289594135464,0.8842311954019877,1.4267866654945796,7.277381571805737,5.535325489699603,8.762054288797026
opx_only,P_kbar,RF,pwlr,A,53,deep_crustal_MASH,76,6.163439895013771,4.25708978783609,8.442739214104469,1.9350797159973596,1.6338795875725949,2.2504010821025155,4.228360179016411,2.314978058255442,6.5583757249669805
opx_only,P_kbar,RF,pwlr,A,53,lithospheric_mantle,37,5.88959005504499,3.8531598993693215,7.877101877928698,3.415535910921991,2.816609733073377,4.066583634257735,2.474054144122999,0.5232084550994418,4.335194779754964
opx_only,P_kbar,RF,pwlr,A,53,deeper_mantle,29,26.36456380483228,18.827556567402503,34.008397437170906,14.332036809003574,8.367748153872835,21.297456764480312,12.032526995828706,8.211486629982089,16.91583520589297
opx_only,P_kbar,RF,pwlr,A,53,ALL,190,12.079591278438857,9.025196525724922,15.07586511278456,5.95365944982439,3.6025433520966055,8.816584418425958,6.125931828614466,4.484108349039827,7.870519896591544
opx_only,P_kbar,RF,pwlr,B,53,shallow_crustal,48,8.411310531219284,6.680767557197488,9.926017302424642,8.416642358053807,6.684638773336164,9.932477596187349,-0.005331826834522602,-0.017372660389926776,0.0
opx_only,P_kbar,RF,pwlr,B,53,deep_crustal_MASH,76,6.163439895013771,4.25708978783609,8.442739214104469,5.147704632219961,4.171581276562681,6.0755372848604345,1.01573526279381,0.0,2.769783450678485
opx_only,P_kbar,RF,pwlr,B,53,lithospheric_mantle,37,5.88959005504499,3.8531598993693215,7.877101877928698,5.315162892289243,3.564247075639079,7.09376976723239,0.5744271627557467,0.0,1.4107362686152112
opx_only,P_kbar,RF,pwlr,B,53,deeper_mantle,29,26.36456380483228,18.827556567402503,34.008397437170906,27.362024475068583,20.07808301064563,34.77688547704248,-0.997460670236304,-2.4100578935734265,-0.11351971671375952
opx_only,P_kbar,RF,pwlr,B,53,ALL,190,12.079591278438857,9.025196525724922,15.07586511278456,12.176604787682392,9.122125557786825,15.028844196961314,-0.09701350924353491,-0.610449659819053,0.42074798864761725
opx_only,P_kbar,RF,pwlr,A,54,shallow_crustal,48,8.563053961793281,6.673139289657163,10.155051207348377,1.1406913596425154,0.8849971378600217,1.433420878653276,7.422362602150766,5.495823887554472,8.972735077224316
opx_only,P_kbar,RF,pwlr,A,54,deep_crustal_MASH,76,6.540509179382815,4.50202854251904,9.126785599967839,1.960050299632395,1.671020610520051,2.2645778203458917,4.58045887975042,2.560445255911546,7.259271905955532
opx_only,P_kbar,RF,pwlr,A,54,lithospheric_mantle,37,6.240585692073872,4.09594055661053,8.406975489969902,3.3601118409911974,2.779868757589251,3.975599420564949,2.880473851082675,0.8897137132930864,4.8738504635131195
opx_only,P_kbar,RF,pwlr,A,54,deeper_mantle,29,26.39306912549154,18.926786561158465,33.69659394482052,14.290826023495768,8.27205465153577,21.263376266088358,12.102243101995771,8.419072547244378,17.045345281419372
opx_only,P_kbar,RF,pwlr,A,54,ALL,190,12.228736896507238,9.325533354246495,15.179164606416165,5.935965147431355,3.5697484554697563,8.783887966999394,6.292771749075883,4.628100929249467,8.076037538602833
opx_only,P_kbar,RF,pwlr,B,54,shallow_crustal,48,8.563053961793281,6.673139289657163,10.155051207348377,8.475216104645169,6.783849933307982,9.920528783025006,0.08783785714811287,-0.2005837807377466,0.3631696341144178
opx_only,P_kbar,RF,pwlr,B,54,deep_crustal_MASH,76,6.540509179382815,4.50202854251904,9.126785599967839,5.208361415201699,4.082843484241701,6.647679270859212,1.3321477641811166,0.401840831774693,2.4232499923981514
opx_only,P_kbar,RF,pwlr,B,54,lithospheric_mantle,37,6.240585692073872,4.09594055661053,8.406975489969902,5.1116702524487385,3.341015784996169,6.808524753774852,1.1289154396251337,0.26367321179517306,2.121565641515115
opx_only,P_kbar,RF,pwlr,B,54,deeper_mantle,29,26.39306912549154,18.926786561158465,33.69659394482052,27.395073481302518,20.036441852573724,35.17601032858001,-1.0020043558109784,-1.8564822052573504,-0.1998332554634887
opx_only,P_kbar,RF,pwlr,B,54,ALL,190,12.228736896507238,9.325533354246495,15.179164606416165,12.19155248388233,9.138417224512914,15.253945280912262,0.03718441262490835,-0.3823781676445576,0.5352697611353648
opx_only,P_kbar,RF,pwlr,A,55,shallow_crustal,48,8.361291987513843,6.374519373560803,10.013817159607674,1.1260625417290726,0.8805590916095223,1.4166371273664768,7.23522944578477,5.276106794578763,8.875137915905457
opx_only,P_kbar,RF,pwlr,A,55,deep_crustal_MASH,76,6.589870003620569,4.582929997220544,9.119406229189162,1.9523818303369218,1.6553242361748601,2.2607395826990775,4.637488173283647,2.640191206449063,7.148010534758782
opx_only,P_kbar,RF,pwlr,A,55,lithospheric_mantle,37,6.10879864600508,3.977519833122414,8.314422600535146,3.3776949946597754,2.782318010209299,4.008389204268665,2.7311036513453044,0.6986548004971812,4.790291515483432
opx_only,P_kbar,RF,pwlr,A,55,deeper_mantle,29,27.018605424901306,19.583452492952492,34.30683628713943,14.321805310711222,8.520684768959836,21.18966335890594,12.696800114190085,8.569184296372336,17.99894677779576
opx_only,P_kbar,RF,pwlr,A,55,ALL,190,12.39843663137603,9.342834063147054,15.401659594409214,5.947576594667898,3.6338746449207124,8.799775280909078,6.450860036708133,4.6596417502463625,8.3710076687998
opx_only,P_kbar,RF,pwlr,B,55,shallow_crustal,48,8.361291987513843,6.374519373560803,10.013817159607674,8.377177579578905,6.399444690921112,10.024615257165957,-0.01588559206506268,-0.03723803699562269,-0.00038820289570131735
opx_only,P_kbar,RF,pwlr,B,55,deep_crustal_MASH,76,6.589870003620569,4.582929997220544,9.119406229189162,5.272793756812732,4.1996386351316515,6.255037513599978,1.3170762468078374,0.0,3.6440404748638513
opx_only,P_kbar,RF,pwlr,B,55,lithospheric_mantle,37,6.10879864600508,3.977519833122414,8.314422600535146,5.237599249304251,3.5857351103281436,7.014602894689481,0.8711993967008285,0.037228782933396695,2.1338010389122943
opx_only,P_kbar,RF,pwlr,B,55,deeper_mantle,29,27.018605424901306,19.583452492952492,34.30683628713943,28.53615415790204,21.603189401405906,35.245987713111546,-1.5175487330007336,-3.6465406871600425,-0.1551756484594339
opx_only,P_kbar,RF,pwlr,B,55,ALL,190,12.39843663137603,9.342834063147054,15.401659594409214,12.588953205401534,9.436553240607294,15.320520281472211,-0.19051657402550326,-0.9252401168945202,0.5024888414377072
opx_only,P_kbar,RF,pwlr,A,56,shallow_crustal,48,8.693241745394113,6.630438393013177,10.431106139138729,1.1384591722236324,0.8866073625589064,1.428867654060884,7.554782573170481,5.521226644390567,9.299510964845377
opx_only,P_kbar,RF,pwlr,A,56,deep_crustal_MASH,76,6.571893223060346,4.599800546850812,9.103563266245027,1.9653777834750614,1.6759369091894958,2.274557250456152,4.606515439585285,2.6644798509274055,7.169197204809891
opx_only,P_kbar,RF,pwlr,A,56,lithospheric_mantle,37,6.449115318555176,4.144590629470382,8.74453138945649,3.329747779883952,2.7514314096306873,3.925149168568542,3.119367538671224,0.9752991414887152,5.235990810283253
opx_only,P_kbar,RF,pwlr,A,56,deeper_mantle,29,27.51957548737649,20.002445690288837,34.952871186136626,14.376034678907084,8.402081747914925,21.306952672624426,13.143540808469405,9.183289193023409,18.210531243389507
opx_only,P_kbar,RF,pwlr,A,56,ALL,190,12.65145202909439,9.594657942802026,15.703755455298028,5.964564749126927,3.5954693725762903,8.823061566936756,6.686887279967463,4.874357700766384,8.588857837757729
opx_only,P_kbar,RF,pwlr,B,56,shallow_crustal,48,8.693241745394113,6.630438393013177,10.431106139138729,8.479910479477601,6.767564576837767,9.976189454022991,0.21333126591651208,-0.1543316782702796,0.5108027659954627
opx_only,P_kbar,RF,pwlr,B,56,deep_crustal_MASH,76,6.571893223060346,4.599800546850812,9.103563266245027,5.196105691915221,4.008751573855096,6.666635960461811,1.375787531145125,0.5674867335711925,2.377496267000368
opx_only,P_kbar,RF,pwlr,B,56,lithospheric_mantle,37,6.449115318555176,4.144590629470382,8.74453138945649,5.1844727850803665,3.3374060881302814,6.947450175241454,1.2646425334748095,0.34177440347422783,2.2986441941423292
opx_only,P_kbar,RF,pwlr,B,56,deeper_mantle,29,27.51957548737649,20.002445690288837,34.952871186136626,28.37323504468304,21.131159390457597,36.17414514173895,-0.8536595573065497,-1.6496001965921996,-0.11057639252055991
opx_only,P_kbar,RF,pwlr,B,56,ALL,190,12.65145202909439,9.594657942802026,15.703755455298028,12.53296222457778,9.36497180211659,15.637840437360163,0.11848980451661006,-0.26776241448346155,0.5674089753451977
opx_only,P_kbar,RF,pwlr,A,57,shallow_crustal,48,8.470943483280154,6.401222003132496,10.13030233068314,1.119640602136693,0.8587680026479544,1.4024481449750779,7.351302881143461,5.302401458514703,9.029257443449445
opx_only,P_kbar,RF,pwlr,A,57,deep_crustal_MASH,76,6.326960045082611,4.5195313324822814,8.671479627938627,1.9493772509049077,1.6412542910108334,2.2661176982145776,4.3775827941777035,2.5170396355892435,6.712204025283786
opx_only,P_kbar,RF,pwlr,A,57,lithospheric_mantle,37,6.324557380175846,4.073122774365679,8.657425259660142,3.3850849192454,2.7962499255863587,4.027260218551443,2.939472460930446,0.8303583369519044,5.0755893520173
opx_only,P_kbar,RF,pwlr,A,57,deeper_mantle,29,26.365175869765245,18.8020786976279,33.77037931504995,14.328377656204712,8.55593132576694,21.193255026824005,12.036798213560534,7.861370184478829,17.18499370114014
opx_only,P_kbar,RF,pwlr,A,57,ALL,190,12.166648981166741,9.155750480206024,15.148816434987587,5.95010985682687,3.6281185047860935,8.802630254158096,6.216539124339871,4.48627342456088,8.039594109205666
opx_only,P_kbar,RF,pwlr,B,57,shallow_crustal,48,8.470943483280154,6.401222003132496,10.13030233068314,8.099822434551239,6.409510500630569,9.526326945441461,0.3711210487289147,-0.03771405065174566,0.7512410711719201
opx_only,P_kbar,RF,pwlr,B,57,deep_crustal_MASH,76,6.326960045082611,4.5195313324822814,8.671479627938627,4.626309069751412,3.8871280913645143,5.497240608498746,1.7006509753311994,0.5559759613084613,3.13652800718862
opx_only,P_kbar,RF,pwlr,B,57,lithospheric_mantle,37,6.324557380175846,4.073122774365679,8.657425259660142,5.056155945352221,3.3995584069578033,6.824848763459647,1.268401434823625,0.20372895662135942,2.762584562822814
opx_only,P_kbar,RF,pwlr,B,57,deeper_mantle,29,26.365175869765245,18.8020786976279,33.77037931504995,28.184033305324938,20.801429136063554,35.98038024246016,-1.8188574355596927,-3.152537903427774,-0.6251669241749013
opx_only,P_kbar,RF,pwlr,B,57,ALL,190,12.166648981166741,9.155750480206024,15.148816434987587,12.302651934724457,9.092204622451106,15.446551490953478,-0.13600295355771586,-0.6808107989233821,0.4844079174120979
opx_only,P_kbar,RF,pwlr,A,58,shallow_crustal,48,8.437124947776201,6.556974993987809,10.030195096384054,1.1308852643550469,0.8799502866834389,1.4214671783664274,7.306239683421154,5.400186100765728,8.89819925979327
opx_only,P_kbar,RF,pwlr,A,58,deep_crustal_MASH,76,6.359222076706311,4.509877278711439,8.701215573926941,1.9566310445432713,1.665890857781816,2.262954185177819,4.4025910321630395,2.503860724722133,6.800561110080308
opx_only,P_kbar,RF,pwlr,A,58,lithospheric_mantle,37,6.144797675407412,4.0701975533112495,8.189742274792463,3.368278119027915,2.78990224776294,3.9768578213539065,2.776519556379497,0.8802349235895838,4.721021555802641
opx_only,P_kbar,RF,pwlr,A,58,deeper_mantle,29,26.19498460812108,18.527192102049284,33.70384777503203,14.341154816480351,8.308340227059958,21.310705168884603,11.853829791640727,8.18396253225263,16.6643034869027
opx_only,P_kbar,RF,pwlr,A,58,ALL,190,12.093170449703498,9.103771398714997,15.045421580891771,5.954438850283415,3.5833386715140616,8.802756497093926,6.138731599420083,4.482633610671352,7.870570909686446
opx_only,P_kbar,RF,pwlr,B,58,shallow_crustal,48,8.437124947776201,6.556974993987809,10.030195096384054,8.44315482986586,6.5608591398719005,10.035140931678548,-0.006029882089658045,-0.020701590900677268,0.0
opx_only,P_kbar,RF,pwlr,B,58,deep_crustal_MASH,76,6.359222076706311,4.509877278711439,8.701215573926941,5.2943934302269335,4.340524926499139,6.2688395325412785,1.064828646479377,0.010380920856939757,2.8458018211174534
opx_only,P_kbar,RF,pwlr,B,58,lithospheric_mantle,37,6.144797675407412,4.0701975533112495,8.189742274792463,5.326401717619338,3.598958482996633,7.134690915890777,0.8183959577880744,0.0345936674518405,1.9101984315187401
opx_only,P_kbar,RF,pwlr,B,58,deeper_mantle,29,26.19498460812108,18.527192102049284,33.70384777503203,27.27491658724276,20.136791746829985,34.49709374028125,-1.0799319791216817,-2.5405183153399085,-0.11069572963045984
opx_only,P_kbar,RF,pwlr,B,58,ALL,190,12.093170449703498,9.103771398714997,15.045421580891771,12.177528246810509,9.145613447869687,15.029211791045233,-0.08435779710701041,-0.6140709191440348,0.46259034060290993
opx_only,P_kbar,RF,pwlr,A,59,shallow_crustal,48,8.48439720430484,6.532185443423873,10.083460781279342,1.1388120102822814,0.8893046449551075,1.433750553958664,7.345585194022558,5.376867712295496,8.969181645084259
opx_only,P_kbar,RF,pwlr,A,59,deep_crustal_MASH,76,6.280723407449606,4.643137399587345,8.22570861523262,1.9688391204764897,1.6700403467421117,2.2771730511314106,4.311884286973116,2.7197163222144223,6.262525832684925
opx_only,P_kbar,RF,pwlr,A,59,lithospheric_mantle,37,6.125058642471167,4.088481805855675,8.198650485784096,3.36660638330524,2.7813722750017793,3.9871449407456816,2.758452259165927,0.8283266525168703,4.72619649073589
opx_only,P_kbar,RF,pwlr,A,59,deeper_mantle,29,26.79144427934592,19.042634059572155,34.326851014370625,14.368315309772575,8.352523157570374,21.334904657332206,12.423128969573346,8.681562701035528,17.294602459102016
opx_only,P_kbar,RF,pwlr,A,59,ALL,190,12.281148710892378,9.219963093931632,15.296708698540224,5.9662283021667175,3.609491730259262,8.828433010592567,6.31492040872566,4.675822156143911,8.049129750093599
opx_only,P_kbar,RF,pwlr,B,59,shallow_crustal,48,8.48439720430484,6.532185443423873,10.083460781279342,8.499956125338867,6.556215771602702,10.094143354497183,-0.015558921034028117,-0.03629156206554292,-0.0003575483149154568
opx_only,P_kbar,RF,pwlr,B,59,deep_crustal_MASH,76,6.280723407449606,4.643137399587345,8.22570861523262,5.510034060133557,4.481046941105055,6.531928186501251,0.7706893473160488,0.012725014950022474,2.0086917183487785
opx_only,P_kbar,RF,pwlr,B,59,lithospheric_mantle,37,6.125058642471167,4.088481805855675,8.198650485784096,5.23673286037602,3.5307414539458146,6.969520214237408,0.8883257820951469,0.0773454274056221,1.972148967136681
opx_only,P_kbar,RF,pwlr,B,59,deeper_mantle,29,26.79144427934592,19.042634059572155,34.326851014370625,27.589268426630486,20.3004610781653,35.00123852048357,-0.7978241472845653,-1.9742428132502032,0.054762384037486345
opx_only,P_kbar,RF,pwlr,B,59,ALL,190,12.281148710892378,9.219963093931632,15.296708698540224,12.325388707560721,9.188163180130445,15.291531551859569,-0.04423999666834355,-0.47542338322527267,0.37406164517555063
opx_only,P_kbar,RF,pwlr,A,60,shallow_crustal,48,8.520474497621047,6.573763894795365,10.108258859712985,1.1223741795688182,0.8629483308495377,1.4056637731766326,7.3981003180522285,5.4101898615278365,8.974601556995108
opx_only,P_kbar,RF,pwlr,A,60,deep_crustal_MASH,76,6.553123855290057,4.649300658685326,8.981065647537726,1.9685447378890795,1.673227816583517,2.2750628265172455,4.584579117400978,2.6917692217726668,7.039745774835577
opx_only,P_kbar,RF,pwlr,A,60,lithospheric_mantle,37,6.195938274720738,4.155172849402023,8.34686273554405,3.3502891615740538,2.7603524575074303,3.9683509042148093,2.845649113146684,0.9132552739585454,4.79136924883537
opx_only,P_kbar,RF,pwlr,A,60,deeper_mantle,29,26.87564581868701,19.46170656724325,34.029331354578076,14.402899326083391,8.311016431502576,21.391011589603387,12.472746492603617,8.817312750271524,17.175812611798445
opx_only,P_kbar,RF,pwlr,A,60,ALL,190,12.37900494719295,9.410092817076931,15.340984471591772,5.976332921918381,3.576953498857394,8.820153645967029,6.402672025274569,4.751940515284466,8.241184778703424
opx_only,P_kbar,RF,pwlr,B,60,shallow_crustal,48,8.520474497621047,6.573763894795365,10.108258859712985,8.066809664554974,6.352096525360066,9.470948403879385,0.45366483306607286,0.14115592041820138,0.7656539245955133
opx_only,P_kbar,RF,pwlr,B,60,deep_crustal_MASH,76,6.553123855290057,4.649300658685326,8.981065647537726,5.113946623965505,4.167017098112407,6.244711432767512,1.4391772313245514,0.41648778692633925,2.706727535693367
opx_only,P_kbar,RF,pwlr,B,60,lithospheric_mantle,37,6.195938274720738,4.155172849402023,8.34686273554405,5.148123955366715,3.387753317504542,6.979525638461527,1.047814319354023,0.13541474084850388,2.207570024052694
opx_only,P_kbar,RF,pwlr,B,60,deeper_mantle,29,26.87564581868701,19.46170656724325,34.029331354578076,28.126142320982026,20.936749557600518,35.79916781724544,-1.250496502295018,-2.3706360364178662,-0.16489121578918123
opx_only,P_kbar,RF,pwlr,B,60,ALL,190,12.37900494719295,9.410092817076931,15.340984471591772,12.361452078084316,9.137069815186988,15.468061499461426,0.017552869108634184,-0.4747024352790724,0.5966634870098938
opx_only,P_kbar,RF,pwlr,A,61,shallow_crustal,48,8.446594594951975,6.616320056210934,10.00882372606347,1.1207887971396078,0.8762041583322561,1.4070066345592476,7.325805797812367,5.48823191819097,8.933379874803633
opx_only,P_kbar,RF,pwlr,A,61,deep_crustal_MASH,76,6.416391562364998,4.571292367554946,8.802055563020541,1.9682288803681656,1.6684760276874158,2.2826842619606484,4.448162681996832,2.632758216272596,6.8426908467831655
opx_only,P_kbar,RF,pwlr,A,61,lithospheric_mantle,37,6.198326210705387,4.218768540499448,8.166295218435607,3.373732594314266,2.791663065504178,4.0069969768050715,2.824593616391121,0.9492925896320076,4.703132484233755
opx_only,P_kbar,RF,pwlr,A,61,deeper_mantle,29,26.65065534825278,18.983412001896475,34.01739997262604,14.396512487396201,8.34282193261221,21.36999336534689,12.254142860856579,8.604255083730642,16.997322592031722
opx_only,P_kbar,RF,pwlr,A,61,ALL,190,12.263008533851634,9.249299098992127,15.223571749048112,5.976435554360172,3.603493089445261,8.828152150560994,6.286572979491462,4.584657756216641,8.056533339711772
opx_only,P_kbar,RF,pwlr,B,61,shallow_crustal,48,8.446594594951975,6.616320056210934,10.00882372606347,8.732271614587741,7.007117633436175,10.215653575778182,-0.2856770196357665,-0.4148815453466136,-0.19658608347041595
opx_only,P_kbar,RF,pwlr,B,61,deep_crustal_MASH,76,6.416391562364998,4.571292367554946,8.802055563020541,5.131795639505966,4.183384467226166,6.02187821643228,1.2845959228590322,0.1236600582179026,3.293672639375759
opx_only,P_kbar,RF,pwlr,B,61,lithospheric_mantle,37,6.198326210705387,4.218768540499448,8.166295218435607,5.445152100637347,3.632918926479227,7.179483148794538,0.7531741100680405,0.23607673052039937,1.3839242247336705
opx_only,P_kbar,RF,pwlr,B,61,deeper_mantle,29,26.65065534825278,18.983412001896475,34.01739997262604,27.51829437857617,20.369853307719943,34.62662698672076,-0.8676390303233887,-2.191706722056437,0.006105765468334326
opx_only,P_kbar,RF,pwlr,B,61,ALL,190,12.263008533851634,9.249299098992127,15.223571749048112,12.294432952141507,9.140423076792029,15.129264524533006,-0.0314244182898733,-0.5854080935565467,0.5135547460686805
opx_only,T_C,LightGBM,alr,A,42,shallow_crustal,48,210.291276658176,180.69029178555635,237.22589980253892,161.23032642011287,136.53866431215914,183.77022431888534,49.06095023806313,41.13953749340345,55.68890175080857
opx_only,T_C,LightGBM,alr,A,42,deep_crustal_MASH,76,156.82537402698753,137.17556579239698,177.58493022108615,115.49959681899624,97.3967722168948,134.45517647516522,41.325777207991294,34.286038896615,47.94574597935636
opx_only,T_C,LightGBM,alr,A,42,lithospheric_mantle,37,115.3296044344828,84.32520809839522,147.50731120077396,103.57846445436242,81.83829225058106,123.03758402747955,11.751139980120385,-9.736824088717798,34.66183721771569
opx_only,T_C,LightGBM,alr,A,42,deeper_mantle,29,312.0434065499058,221.01402539569364,389.93835046191947,228.04390580104192,155.41329656408084,288.9626436515015,83.99950074886388,57.8175385049527,106.26299072058286
opx_only,T_C,LightGBM,alr,A,42,ALL,190,196.11665092277045,171.506590273742,218.8745999992372,148.08769621939706,129.23596816567436,165.55142062991513,48.02895470337339,40.22717321929041,55.86831291742979
opx_only,T_C,LightGBM,alr,B,42,shallow_crustal,48,210.291276658176,180.69029178555635,237.22589980253892,211.2791447830027,181.72270525371016,237.85234497081152,-0.9878681248266901,-2.214508667290055,0.3868220625779085
opx_only,T_C,LightGBM,alr,B,42,deep_crustal_MASH,76,156.82537402698753,137.17556579239698,177.58493022108615,147.7853519829614,128.4740887701403,168.11348342932675,9.04002204402613,4.017666672341526,16.346871812884796
opx_only,T_C,LightGBM,alr,B,42,lithospheric_mantle,37,115.3296044344828,84.32520809839522,147.50731120077396,110.60933225780197,78.42715337100958,141.67965777049443,4.720272176680837,1.775421124813095,8.018832290325625
opx_only,T_C,LightGBM,alr,B,42,deeper_mantle,29,312.0434065499058,221.01402539569364,389.93835046191947,308.4098547476513,218.88125264443093,384.3021844938411,3.6335518022544875,1.5723679497163354,5.633090146089728
opx_only,T_C,LightGBM,alr,B,42,ALL,190,196.11665092277045,171.506590273742,218.8745999992372,192.12935740493566,168.138122069287,215.31408837670872,3.987293517834786,2.0843666038204725,6.240487902044916
opx_only,T_C,LightGBM,alr,A,43,shallow_crustal,48,211.24527205295058,181.55950124174376,239.88698516609057,163.99983019490773,138.96791025735467,187.42316985860268,47.24544185804285,39.42065022946132,53.44950822238927
opx_only,T_C,LightGBM,alr,A,43,deep_crustal_MASH,76,156.33199507216403,135.82259909591343,176.19279608948844,116.06118750868002,96.84611111795407,134.87491013202447,40.27080756348401,32.990404091731065,47.901177854285585
opx_only,T_C,LightGBM,alr,A,43,lithospheric_mantle,37,116.15243686133329,85.60444317158175,148.8381449401611,106.75259748271596,83.98937654226087,127.11987826061186,9.39983937861733,-9.322042316456233,28.908701100411548
opx_only,T_C,LightGBM,alr,A,43,deeper_mantle,29,307.53908693610356,219.33024897934203,382.91108722881523,225.7580894795345,152.56334526543378,285.6418058153481,81.78099745656905,55.31162617003547,103.90910168620431
opx_only,T_C,LightGBM,alr,A,43,ALL,190,195.22464185800123,171.9115991750605,217.54858948657153,148.93360468489053,129.9608789886181,166.3692719589984,46.29103717311071,38.581832667482274,53.89584521994949
opx_only,T_C,LightGBM,alr,B,43,shallow_crustal,48,211.24527205295058,181.55950124174376,239.88698516609057,211.57280407656123,181.8088803477991,238.82336035059717,-0.3275320236106438,-1.9305034523979423,1.40667650250676
opx_only,T_C,LightGBM,alr,B,43,deep_crustal_MASH,76,156.33199507216403,135.82259909591343,176.19279608948844,146.2087236056794,125.89764447292245,165.93558553098904,10.123271466484624,4.4345288756797405,18.468056125106685
opx_only,T_C,LightGBM,alr,B,43,lithospheric_mantle,37,116.15243686133329,85.60444317158175,148.8381449401611,108.36809761722172,76.07312536030392,140.5451770223828,7.784339244111564,3.0566138739224176,14.367105426522414
opx_only,T_C,LightGBM,alr,B,43,deeper_mantle,29,307.53908693610356,219.33024897934203,382.91108722881523,304.40613684483344,217.59792574702095,378.77828410134015,3.132950091270118,1.340748235755291,4.942813922746491
opx_only,T_C,LightGBM,alr,B,43,ALL,190,195.22464185800123,171.9115991750605,217.54858948657153,190.49827201106643,167.22003227749005,212.70797639948714,4.7263698469348014,2.6178291541142023,7.1240824281923825
opx_only,T_C,LightGBM,alr,A,44,shallow_crustal,48,207.55485939129755,178.76290117853944,234.73029704542643,160.54950500406733,136.6641250162637,182.4523668974759,47.00535438723023,39.5112006507984,53.1310288388572
opx_only,T_C,LightGBM,alr,A,44,deep_crustal_MASH,76,159.21092626345958,139.93314941207507,179.88464572419502,114.34428829825292,95.31182031980399,133.27365729109434,44.866637965206664,37.48310619090797,52.08287582178199
opx_only,T_C,LightGBM,alr,A,44,lithospheric_mantle,37,118.45428828360097,86.69598946583977,151.5233699479983,107.95547270097302,83.19292077069244,129.4984546648163,10.498815582627955,-8.272290897587146,31.023691665684353
opx_only,T_C,LightGBM,alr,A,44,deeper_mantle,29,312.6667873650802,222.9842163404226,390.0247723257566,226.32934005531234,152.13557049838207,285.05061650746836,86.33744730976787,59.20615993161907,109.2310042008021
opx_only,T_C,LightGBM,alr,A,44,ALL,190,196.66251548873035,172.4337207650728,219.85842562217448,147.74911297443424,128.5051960089542,164.75889012944972,48.91340251429611,40.9699467706504,56.989849893474364
opx_only,T_C,LightGBM,alr,B,44,shallow_crustal,48,207.55485939129755,178.76290117853944,234.73029704542643,207.55971855201466,179.3375634871017,232.74783016667925,-0.00485916071710335,-2.3384979190334767,2.682299223330679
opx_only,T_C,LightGBM,alr,B,44,deep_crustal_MASH,76,159.21092626345958,139.93314941207507,179.88464572419502,149.26316268868223,129.82651796034094,169.17733970985174,9.947763574777355,4.938401140929419,17.091441721189355
opx_only,T_C,LightGBM,alr,B,44,lithospheric_mantle,37,118.45428828360097,86.69598946583977,151.5233699479983,112.22973324184832,79.99307893659817,143.88313991284713,6.224555041752652,2.9221492129166875,10.206112481913443
opx_only,T_C,LightGBM,alr,B,44,deeper_mantle,29,312.6667873650802,222.9842163404226,390.0247723257566,308.97309321586863,221.21260699851328,384.6035876407954,3.6936941492115807,1.725599272797642,5.679618991757369
opx_only,T_C,LightGBM,alr,B,44,ALL,190,196.66251548873035,172.4337207650728,219.85842562217448,191.88307728436914,168.36441157059707,214.72212432033348,4.779438204361213,2.8337524836053953,7.12898933816762
opx_only,T_C,LightGBM,alr,A,45,shallow_crustal,48,211.51201392496046,181.5165209394843,238.7098688105179,167.7120845169005,142.3989342345961,191.9460363176236,43.79992940805997,36.303259374035484,49.66950291060092
opx_only,T_C,LightGBM,alr,A,45,deep_crustal_MASH,76,162.4310363615344,141.6267992156589,182.82852072294327,118.93610244010166,99.41291213747249,137.9511527757463,43.49493392143275,36.41822066867406,50.47755133041011
opx_only,T_C,LightGBM,alr,A,45,lithospheric_mantle,37,121.8729865374001,91.54431424611471,152.5331065954841,108.24607896609159,84.03565543863617,130.08794042523857,13.626907571308507,-5.187205597836649,33.9183464991441
opx_only,T_C,LightGBM,alr,A,45,deeper_mantle,29,306.84885731067277,218.45792047954214,381.47542038045793,219.7589735318963,145.91985663609785,278.3427579403455,87.08988377877648,61.90066870584398,110.66711419239122
opx_only,T_C,LightGBM,alr,A,45,ALL,190,197.78585219422718,174.6650276828771,220.39533133200953,149.7235364529138,130.630782008807,166.05469233689413,48.06231574131337,40.32089101905483,55.95385679685356
opx_only,T_C,LightGBM,alr,B,45,shallow_crustal,48,211.51201392496046,181.5165209394843,238.7098688105179,211.57469757333894,182.31475971081449,238.31372946367222,-0.0626836483784814,-1.7908349573290507,1.7430536675971746
opx_only,T_C,LightGBM,alr,B,45,deep_crustal_MASH,76,162.4310363615344,141.6267992156589,182.82852072294327,152.86648003278555,132.20617856022358,173.42527549490723,9.564556328748864,4.1870655711628135,17.162682984476238
opx_only,T_C,LightGBM,alr,B,45,lithospheric_mantle,37,121.8729865374001,91.54431424611471,152.5331065954841,115.07419689023783,83.67874716713553,144.91824226439658,6.798789647162266,2.660948319138718,12.536642288708977
opx_only,T_C,LightGBM,alr,B,45,deeper_mantle,29,306.84885731067277,218.45792047954214,381.47542038045793,303.9921324179859,217.18678382460493,377.8805037068928,2.8567248926868842,1.130831147609213,4.5970127654972845
opx_only,T_C,LightGBM,alr,B,45,ALL,190,197.78585219422718,174.6650276828771,220.39533133200953,193.23461389980372,170.7769667562436,216.49069607308496,4.551238294423456,2.50250291814093,6.974920062756774
opx_only,T_C,LightGBM,alr,A,46,shallow_crustal,48,207.93890475539501,178.5827382577535,236.10091909327522,162.78865182945285,137.98184155654533,185.87231197573587,45.15025292594217,37.68748595868623,51.27849504096405
opx_only,T_C,LightGBM,alr,A,46,deep_crustal_MASH,76,157.1069431797674,136.9389918004128,178.7673979181108,113.80308220428644,94.77964350346461,132.97884282006265,43.30386097548096,35.48844332604069,50.723464559472404
opx_only,T_C,LightGBM,alr,A,46,lithospheric_mantle,37,113.33670820785507,82.18363531316994,146.6296899429743,102.01172951901148,80.44487435600819,122.19895285648923,11.324978688843586,-11.454793724691012,34.78641515886483
opx_only,T_C,LightGBM,alr,A,46,deeper_mantle,29,310.8815147541207,224.57068960704254,384.72035068748863,222.52498781717375,152.86900546286782,279.6503608259705,88.35652693694695,60.2463926863756,112.25791974150683
opx_only,T_C,LightGBM,alr,A,46,ALL,190,195.06239365684493,171.50389807828054,217.70948414609512,146.49113497051601,128.15485288995308,162.6411946003076,48.57125868632892,40.4555738399515,57.14564373487849
opx_only,T_C,LightGBM,alr,B,46,shallow_crustal,48,207.93890475539501,178.5827382577535,236.10091909327522,208.7814665698831,180.55948777240312,236.102095551482,-0.8425618144880787,-2.954816090233971,1.242147385494443
opx_only,T_C,LightGBM,alr,B,46,deep_crustal_MASH,76,157.1069431797674,136.9389918004128,178.7673979181108,146.61214467670234,125.58545531283401,168.30505141166358,10.494798503065056,5.3891225327271455,17.59888750238019
opx_only,T_C,LightGBM,alr,B,46,lithospheric_mantle,37,113.33670820785507,82.18363531316994,146.6296899429743,107.83291204877445,77.57697081200796,138.8167010074951,5.503796159080622,2.339984410097116,8.268948630851813
opx_only,T_C,LightGBM,alr,B,46,deeper_mantle,29,310.8815147541207,224.57068960704254,384.72035068748863,306.568435777015,222.96220976950363,378.6856779151735,4.313078977105704,1.6940497141639483,6.931174751191744
opx_only,T_C,LightGBM,alr,B,46,ALL,190,195.06239365684493,171.50389807828054,217.70948414609512,190.3142894455185,167.24727153845123,212.44026361553563,4.748104211326421,2.774698831896278,7.210341782054146
opx_only,T_C,LightGBM,alr,A,47,shallow_crustal,48,207.7775266393045,179.5218982990332,235.1041668377405,165.6320989900976,140.4906210301748,189.04418034159534,42.14542764920691,35.67238981725695,47.646374305804024
opx_only,T_C,LightGBM,alr,A,47,deep_crustal_MASH,76,155.59793984306359,135.25983521725064,174.86798611152219,114.25162050260414,96.01495031077074,133.06678193093407,41.346319340459445,33.84068423068675,48.613310047623294
opx_only,T_C,LightGBM,alr,A,47,lithospheric_mantle,37,111.57417820480225,82.84455056560778,143.76142359904227,102.43082960602939,82.08492724920116,121.06624250795981,9.14334859877286,-10.892387172005561,29.70602043944497
opx_only,T_C,LightGBM,alr,A,47,deeper_mantle,29,304.8327963161383,217.17218077137446,379.69687254919114,221.22525485879677,148.3306448152377,280.42500958473113,83.60754145734151,56.47499736235075,106.78939327753909
opx_only,T_C,LightGBM,alr,A,47,ALL,190,192.86783227937943,170.3330109989458,215.29937311596808,147.19083702945557,128.82782299380213,163.6654914508951,45.67699524992386,37.77177171491259,53.87633790133457
opx_only,T_C,LightGBM,alr,B,47,shallow_crustal,48,207.7775266393045,179.5218982990332,235.1041668377405,207.11922637202946,179.66654578156795,232.9924597798378,0.6583002672750524,-1.3064029197521527,3.113106104587051
opx_only,T_C,LightGBM,alr,B,47,deep_crustal_MASH,76,155.59793984306359,135.25983521725064,174.86798611152219,146.25191808250216,126.84477822468496,165.6300041450048,9.346021760561428,4.428675479711002,16.504249987523053
opx_only,T_C,LightGBM,alr,B,47,lithospheric_mantle,37,111.57417820480225,82.84455056560778,143.76142359904227,106.00895657871484,76.80989604263513,136.811476074793,5.565221626087407,2.557364989137898,9.335970279105835
opx_only,T_C,LightGBM,alr,B,47,deeper_mantle,29,304.8327963161383,217.17218077137446,379.69687254919114,302.7189075390999,216.12413870069693,377.2280613218279,2.113888777038369,0.6447534090672896,3.7073595828853483
opx_only,T_C,LightGBM,alr,B,47,ALL,190,192.86783227937943,170.3330109989458,215.29937311596808,188.5967428539841,165.10335651839097,210.66904370244964,4.271089425395331,2.3142219506383044,6.514500802599263
opx_only,T_C,LightGBM,alr,A,48,shallow_crustal,48,208.71585803037527,180.02919297694172,235.8658991895083,159.23092705386267,135.04320842910496,181.22688762383737,49.4849309765126,41.385302896688614,56.01986592640639
opx_only,T_C,LightGBM,alr,A,48,deep_crustal_MASH,76,156.97783809943587,138.0725714885247,176.0414714755981,113.96448079472673,96.5135236022749,132.1025751096189,43.013357304709146,36.21151346965854,50.08162592491703
opx_only,T_C,LightGBM,alr,A,48,lithospheric_mantle,37,111.4577381402616,81.94457848176842,142.10348279118546,102.12625564731293,79.8374324323146,120.84664695203647,9.331482492948666,-8.696461252178647,28.108527843365415
opx_only,T_C,LightGBM,alr,A,48,deeper_mantle,29,308.27342378339176,222.37467857388216,383.09907873572905,220.65285215847962,149.51933638023874,278.14021102110036,87.62057162491215,61.16771373549592,109.98796226730622
opx_only,T_C,LightGBM,alr,A,48,ALL,190,194.3866635101558,171.73344916242294,217.2876536497226,145.1304380745114,126.97454807642382,161.69577407390844,49.25622543564441,41.57635071455625,57.253594374972366
opx_only,T_C,LightGBM,alr,B,48,shallow_crustal,48,208.71585803037527,180.02919297694172,235.8658991895083,209.5603477967395,180.41658621302346,235.96692942709436,-0.8444897663642337,-2.370150383012183,0.6876086957028258
opx_only,T_C,LightGBM,alr,B,48,deep_crustal_MASH,76,156.97783809943587,138.0725714885247,176.0414714755981,147.79635064984217,128.85926692699385,166.55786406678357,9.181487449593703,4.443821420101253,16.205156520547824
opx_only,T_C,LightGBM,alr,B,48,lithospheric_mantle,37,111.4577381402616,81.94457848176842,142.10348279118546,105.07906846037919,75.16973313219003,133.57563058393913,6.378669679882407,2.440782693273704,11.792876726677603
opx_only,T_C,LightGBM,alr,B,48,deeper_mantle,29,308.27342378339176,222.37467857388216,383.09907873572905,304.9312451863882,220.51554699106595,378.625790904674,3.342178597003567,1.302113652992979,5.269207539116953
opx_only,T_C,LightGBM,alr,B,48,ALL,190,194.3866635101558,171.73344916242294,217.2876536497226,190.19547013754084,167.28285821135808,212.71657704502115,4.1911933726149755,2.301245960883115,6.42597676926021
opx_only,T_C,LightGBM,alr,A,49,shallow_crustal,48,209.73757690302583,181.54275658318988,235.55865207066807,162.19259343982452,138.53428507575646,184.41193487980001,47.544983463201305,39.71138760149808,53.88847786006111
opx_only,T_C,LightGBM,alr,A,49,deep_crustal_MASH,76,155.214045469888,135.991339544664,174.601687454272,111.74079442806494,93.92897515497742,129.8586028538137,43.47325104182305,35.55169556114328,50.885692394693706
opx_only,T_C,LightGBM,alr,A,49,lithospheric_mantle,37,106.9329694648866,78.55949136871159,136.4906439376987,100.55177279736031,79.68993935079659,119.04241003305476,6.381196667526282,-12.57694189462524,25.479147433140422
opx_only,T_C,LightGBM,alr,A,49,deeper_mantle,29,307.2938545083386,221.98044828447598,381.14778353610905,222.9700375707913,151.32562656889166,282.02551302999086,84.32381693754729,59.79817498371723,104.71239156620527
opx_only,T_C,LightGBM,alr,A,49,ALL,190,193.36354559250168,170.71134498806995,216.18449556055407,145.59303879476352,127.02066408598016,162.49797377358743,47.770506797738165,40.539985000039316,55.53744244120671
opx_only,T_C,LightGBM,alr,B,49,shallow_crustal,48,209.73757690302583,181.54275658318988,235.55865207066807,209.84346649757683,182.84744136563148,234.90468585448468,-0.10588959455100166,-1.9003409147358332,1.7662730060329301
opx_only,T_C,LightGBM,alr,B,49,deep_crustal_MASH,76,155.214045469888,135.991339544664,174.601687454272,145.49009715882428,126.3657388358478,164.6458449452585,9.723948311063708,4.509902816281067,17.345514099272606
opx_only,T_C,LightGBM,alr,B,49,lithospheric_mantle,37,106.9329694648866,78.55949136871159,136.4906439376987,101.1976544915006,71.82399422086469,130.06264602433524,5.7353149733859965,2.414684310604323,10.044155000179794
opx_only,T_C,LightGBM,alr,B,49,deeper_mantle,29,307.2938545083386,221.98044828447598,381.14778353610905,304.70620373355933,220.60971233369332,377.4820817122601,2.587650774779263,0.7573036951953505,4.255307056016528
opx_only,T_C,LightGBM,alr,B,49,ALL,190,193.36354559250168,170.71134498806995,216.18449556055407,189.09495553010902,166.15661193036794,211.76675378419512,4.268590062392661,2.267168784534655,6.6137622501508435
opx_only,T_C,LightGBM,alr,A,50,shallow_crustal,48,208.66591556638213,180.6326334865092,234.81621203899036,158.75157524056294,135.26176048534705,180.8222328403707,49.91434032581918,42.21822487708004,56.22016248760642
opx_only,T_C,LightGBM,alr,A,50,deep_crustal_MASH,76,155.56039049195712,135.3789036358427,177.07165425631126,112.9048516613837,93.70732033447977,132.63872986031117,42.65553883057342,35.169116496156654,49.79017544323
opx_only,T_C,LightGBM,alr,A,50,lithospheric_mantle,37,113.50228058184885,81.8567510770946,146.31730712876202,102.3926979901,80.49557574646944,121.68071954028036,11.109582591748847,-13.706832379010796,36.02958134511367
opx_only,T_C,LightGBM,alr,A,50,deeper_mantle,29,302.0143253144074,213.9938051634583,376.089290041958,219.0422546028066,147.85576468039753,276.63400449646065,82.97207071160082,56.07758655267133,106.44681611129229
opx_only,T_C,LightGBM,alr,A,50,ALL,190,192.6401921106051,169.14627854789174,214.59617656727917,144.32844463730402,125.62472089552918,160.54164380991102,48.3117474733011,40.30036012103747,56.289250545053804
opx_only,T_C,LightGBM,alr,B,50,shallow_crustal,48,208.66591556638213,180.6326334865092,234.81621203899036,210.0647824386365,181.83859711183243,236.0946704289388,-1.3988668722543878,-3.036549775597687,0.39993039584988027
opx_only,T_C,LightGBM,alr,B,50,deep_crustal_MASH,76,155.56039049195712,135.3789036358427,177.07165425631126,145.33210987656744,124.7643308283105,166.67690936452755,10.228280615389679,5.009779571454736,17.428033933277842
opx_only,T_C,LightGBM,alr,B,50,lithospheric_mantle,37,113.50228058184885,81.8567510770946,146.31730712876202,108.20461327336386,76.43426822334408,138.8693859230754,5.297667308484989,2.1451622272520696,8.571899085222212
opx_only,T_C,LightGBM,alr,B,50,deeper_mantle,29,302.0143253144074,213.9938051634583,376.089290041958,297.9558989206525,212.36436110745498,370.3137545522816,4.058426393754928,1.4119732453509444,6.773177788495491
opx_only,T_C,LightGBM,alr,B,50,ALL,190,192.6401921106051,169.14627854789174,214.59617656727917,188.22009696584783,165.32572697246994,209.99584697106704,4.420095144757283,2.38546475281217,6.926995896257243
opx_only,T_C,LightGBM,alr,A,51,shallow_crustal,48,209.94997854255107,181.069475462446,237.58579082938908,159.59288487710873,135.44245570980536,181.8776191829499,50.357093665442335,42.441333587161346,57.13938130822665
opx_only,T_C,LightGBM,alr,A,51,deep_crustal_MASH,76,156.59253576243802,136.87408449226507,178.04485186580024,112.45146575970132,93.34047224425618,131.34990126782063,44.1410700027367,36.71886953692282,51.813579810532254
opx_only,T_C,LightGBM,alr,A,51,lithospheric_mantle,37,115.36301159848945,86.03111768089178,147.8163885013666,102.75146704592964,79.22322497540539,123.04949945363923,12.611544552559806,-6.121292894074844,32.017996957162396
opx_only,T_C,LightGBM,alr,A,51,deeper_mantle,29,309.42171251987156,220.2443703730093,384.6212806306756,225.0484336342411,152.19741642348234,285.1470165894685,84.37327888563047,61.21791731147603,104.65248541772335
opx_only,T_C,LightGBM,alr,A,51,ALL,190,195.3180371742796,171.9503364161274,218.7823216512562,145.87301624676323,126.8298673897349,163.13019547501602,49.44502092751637,41.932291961253384,57.08052398806354
opx_only,T_C,LightGBM,alr,B,51,shallow_crustal,48,209.94997854255107,181.069475462446,237.58579082938908,209.64630760155018,180.99403688281765,236.40954234309982,0.3036709410008882,-1.6641515535632565,2.6130752325067075
opx_only,T_C,LightGBM,alr,B,51,deep_crustal_MASH,76,156.59253576243802,136.87408449226507,178.04485186580024,147.62571597333047,127.61062135281531,167.92480094327325,8.966819789107547,4.325170821028212,15.786608767988925
opx_only,T_C,LightGBM,alr,B,51,lithospheric_mantle,37,115.36301159848945,86.03111768089178,147.8163885013666,110.10626306846544,79.76309676509193,141.54456026537568,5.256748530024012,2.2843235011733354,8.912977686565675
opx_only,T_C,LightGBM,alr,B,51,deeper_mantle,29,309.42171251987156,220.2443703730093,384.6212806306756,306.6872822655381,219.18671009032445,381.03946336118236,2.7344302543334607,1.0118744563139892,4.391736277601664
opx_only,T_C,LightGBM,alr,B,51,ALL,190,195.3180371742796,171.9503364161274,218.7823216512562,191.14876133532331,167.47305035354293,213.85316656085024,4.169275838956281,2.3619496065862533,6.237372795942713
opx_only,T_C,LightGBM,alr,A,52,shallow_crustal,48,208.93086671088116,178.64183321514372,238.1262531658657,166.04543297284891,140.56130381538054,189.82581209620062,42.88543373803225,35.96384683038569,48.55624448933405
opx_only,T_C,LightGBM,alr,A,52,deep_crustal_MASH,76,159.20242952539746,139.08140368862811,180.82272102836018,115.40649048756612,96.69445218938299,134.53144576893988,43.795939037831346,36.37495843427409,51.51645295011622
opx_only,T_C,LightGBM,alr,A,52,lithospheric_mantle,37,117.68722322518305,87.165923154865,150.2047393913337,105.29203641255536,82.85288057935583,124.91766789402801,12.395186812627685,-7.463373640574762,35.37812062561248
opx_only,T_C,LightGBM,alr,A,52,deeper_mantle,29,312.91984869912216,223.4628742382716,390.0585899314948,226.57109506609854,153.66279264562104,286.4884663680104,86.34875363302362,60.25356097831602,109.18164931014243
opx_only,T_C,LightGBM,alr,A,52,ALL,190,196.99932063265462,172.9453589187078,220.47448497218002,149.28825493029385,130.48907059893622,166.10565242431923,47.71106570236077,39.34870107779794,55.87456511719712
opx_only,T_C,LightGBM,alr,B,52,shallow_crustal,48,208.93086671088116,178.64183321514372,238.1262531658657,208.28628120941428,179.50563549685805,236.80882847282874,0.644585501466878,-1.4912316997566655,3.180213354015968
opx_only,T_C,LightGBM,alr,B,52,deep_crustal_MASH,76,159.20242952539746,139.08140368862811,180.82272102836018,148.9784725438661,128.7537093500574,169.51717577056763,10.223956981531359,5.163934004211487,18.017258984821098
opx_only,T_C,LightGBM,alr,B,52,lithospheric_mantle,37,117.68722322518305,87.165923154865,150.2047393913337,110.5682173581279,79.82308395329818,142.31532261906042,7.119005867055151,2.8511885998437916,12.234990206282701
opx_only,T_C,LightGBM,alr,B,52,deeper_mantle,29,312.91984869912216,223.4628742382716,390.0585899314948,310.12251862093234,222.07056628042298,385.8058011629033,2.797330078189816,0.8675410220829705,4.718012784934557
opx_only,T_C,LightGBM,alr,B,52,ALL,190,196.99932063265462,172.9453589187078,220.47448497218002,192.08854090805653,168.59223931475273,215.60300194721285,4.910779724598086,2.8880279448346577,7.313722546417712
opx_only,T_C,LightGBM,alr,A,53,shallow_crustal,48,207.59628371000605,179.77014976484693,235.04731589325806,160.2292837171676,136.77272781832914,183.2249140005136,47.36699999283846,39.30694635334819,53.53137287573382
opx_only,T_C,LightGBM,alr,A,53,deep_crustal_MASH,76,158.59470292033066,138.39315600371657,178.24341410140764,115.67165241553782,97.43725594063844,134.05528042351565,42.92305050479284,35.57215279789081,50.35084577640824
opx_only,T_C,LightGBM,alr,A,53,lithospheric_mantle,37,117.67927197526429,88.01051016655472,147.7068877341769,106.37647442795321,82.84555227818478,126.45913722438151,11.302797547311073,-7.538837964704109,32.58627701858539
opx_only,T_C,LightGBM,alr,A,53,deeper_mantle,29,307.69526272565315,220.60420611626859,381.8205507852093,222.4019471716398,151.7791493772647,280.868163258611,85.29331555401336,58.744614529638575,109.12960754370357
opx_only,T_C,LightGBM,alr,A,53,ALL,190,195.1813968192697,171.9425157823696,216.93702148566567,146.9390413710457,128.35368020295127,162.65557694420215,48.242355448224004,40.375070756098125,56.393470998581215
opx_only,T_C,LightGBM,alr,B,53,shallow_crustal,48,207.59628371000605,179.77014976484693,235.04731589325806,207.8929154842288,180.46775231143488,234.63854368058807,-0.2966317742227602,-1.8312193932517395,1.3082065886533243
opx_only,T_C,LightGBM,alr,B,53,deep_crustal_MASH,76,158.59470292033066,138.39315600371657,178.24341410140764,149.09348521942707,129.70277110536477,168.43039363979008,9.501217700903595,4.5183148212809705,16.73201102145843
opx_only,T_C,LightGBM,alr,B,53,lithospheric_mantle,37,117.67927197526429,88.01051016655472,147.7068877341769,112.6903003113543,83.40587049395492,141.80275754488198,4.988971663909979,2.0901508815372103,8.394514300012572
opx_only,T_C,LightGBM,alr,B,53,deeper_mantle,29,307.69526272565315,220.60420611626859,381.8205507852093,304.9072662120987,220.05488312596088,377.68028639531025,2.7879965135544467,0.8750516350871295,4.65971105373943
opx_only,T_C,LightGBM,alr,B,53,ALL,190,195.1813968192697,171.9425157823696,216.93702148566567,190.97919193567964,168.79518474039466,213.3594835460659,4.2022048835900705,2.292166988805969,6.432645157135907
opx_only,T_C,LightGBM,alr,A,54,shallow_crustal,48,207.71156849390056,179.70746193558412,233.6851499154643,160.61062808397398,136.86276388385346,182.49678150690994,47.10094040992658,39.8421418752531,52.89367381326966
opx_only,T_C,LightGBM,alr,A,54,deep_crustal_MASH,76,157.76803793224425,136.48379053703505,179.93804965862682,113.1661359052844,92.90294565536989,132.6732729087435,44.60190202695985,36.914988768011156,52.145844486991855
opx_only,T_C,LightGBM,alr,A,54,lithospheric_mantle,37,110.45522791269698,80.94743000261028,142.98222686818073,102.48131537749276,80.68075780052799,121.59081119086767,7.973912535204221,-12.386966366432654,29.681472022730237
opx_only,T_C,LightGBM,alr,A,54,deeper_mantle,29,306.0076118014539,215.7612428523245,381.75445490273296,221.1850122782471,147.7425904467442,279.9436405062542,84.8225995232068,57.63908406218188,108.68317704653931
opx_only,T_C,LightGBM,alr,A,54,ALL,190,193.7117527606854,170.6140761502745,216.20283886091465,145.43668930174553,126.81379711541307,162.00950888921324,48.27506345893988,40.317008999577624,56.676334404496465
opx_only,T_C,LightGBM,alr,B,54,shallow_crustal,48,207.71156849390056,179.70746193558412,233.6851499154643,208.3407898416264,180.90098313162412,233.3725215735133,-0.6292213477258315,-2.6107991294834783,1.5173972951860697
opx_only,T_C,LightGBM,alr,B,54,deep_crustal_MASH,76,157.76803793224425,136.48379053703505,179.93804965862682,145.98226753023016,124.61421998965463,167.26693495544174,11.785770402014094,5.878002751151233,20.207204432371135
opx_only,T_C,LightGBM,alr,B,54,lithospheric_mantle,37,110.45522791269698,80.94743000261028,142.98222686818073,104.57357629880379,74.51245177638674,135.23092053182353,5.881651613893197,2.5767606583765694,9.302529977900317
opx_only,T_C,LightGBM,alr,B,54,deeper_mantle,29,306.0076118014539,215.7612428523245,381.75445490273296,302.34171506962815,213.88347725673336,376.59389803758586,3.6658967318257396,1.0914621307845955,6.350193293021586
opx_only,T_C,LightGBM,alr,B,54,ALL,190,193.7117527606854,170.6140761502745,216.20283886091465,188.60468619477342,165.7338408179803,212.0430320845777,5.1070665659119925,2.848485852329065,7.909553012137738
opx_only,T_C,LightGBM,alr,A,55,shallow_crustal,48,205.69504419949848,178.4971462409602,231.240759254017,158.48078406113214,136.23707711795606,180.94239870951648,47.21426013836634,40.318728836267645,53.49890269098089
opx_only,T_C,LightGBM,alr,A,55,deep_crustal_MASH,76,160.144082243382,139.668534320398,180.959409342296,116.18334630559958,97.66913591923498,135.30113863905618,43.96073593778242,36.72405914157349,50.84752319820806
opx_only,T_C,LightGBM,alr,A,55,lithospheric_mantle,37,115.87312471630662,85.5711240309224,146.90528697447684,104.1437631457043,79.31190397980316,126.36981082403103,11.729361570602322,-7.7748979087449035,33.86344380423938
opx_only,T_C,LightGBM,alr,A,55,deeper_mantle,29,307.9851165696335,220.49351490318435,382.34378422794873,219.67399361250403,145.72840464497338,277.3968424873216,88.31112295712944,63.40102796804366,111.5263097971612
opx_only,T_C,LightGBM,alr,A,55,ALL,190,195.03820061560816,172.51098457881392,218.02200984856518,145.67825671961236,127.13407937471632,162.09758565502543,49.3599438959958,41.65950720690774,57.4958713096938
opx_only,T_C,LightGBM,alr,B,55,shallow_crustal,48,205.69504419949848,178.4971462409602,231.240759254017,207.26058109992684,180.25505834059211,232.7091043124554,-1.5655369004283557,-2.8755742114023506,-0.007657353828241214
opx_only,T_C,LightGBM,alr,B,55,deep_crustal_MASH,76,160.144082243382,139.668534320398,180.959409342296,150.41573605331826,130.26718002356793,170.4252943379902,9.728346190063746,4.894645518411578,16.643128889830614
opx_only,T_C,LightGBM,alr,B,55,lithospheric_mantle,37,115.87312471630662,85.5711240309224,146.90528697447684,109.62965829920775,79.07172408257448,140.00627220415706,6.2434664170988725,2.0915304338183907,11.797380728686244
opx_only,T_C,LightGBM,alr,B,55,deeper_mantle,29,307.9851165696335,220.49351490318435,382.34378422794873,304.12919300478006,218.4102690061661,377.7432496211569,3.8559235648534127,1.6260073721797887,6.066770705415399
opx_only,T_C,LightGBM,alr,B,55,ALL,190,195.03820061560816,172.51098457881392,218.02200984856518,190.6837882993361,167.6209046405918,213.210513813249,4.354412316272061,2.3690557494350815,6.726832042574888
opx_only,T_C,LightGBM,alr,A,56,shallow_crustal,48,207.32018533688185,180.3413873357915,233.52237743376918,159.39505730117955,135.86717090154602,181.12855623625512,47.9251280357023,40.777430136932814,53.98422321084891
opx_only,T_C,LightGBM,alr,A,56,deep_crustal_MASH,76,159.24437122818284,137.2559908276358,181.63085284492004,113.66298494693147,92.82570835201139,133.5293396333085,45.58138628125137,37.61830475526319,53.67525490158989
opx_only,T_C,LightGBM,alr,A,56,lithospheric_mantle,37,116.76359497754201,87.83505997456992,148.8359034468652,105.64743022222369,83.58502685548243,125.68283124742887,11.116164755318323,-9.993722925291031,33.54600346834042
opx_only,T_C,LightGBM,alr,A,56,deeper_mantle,29,303.970017045091,216.56990867567697,378.24761624419705,220.04773532608274,148.75593810738482,277.72932427915197,83.92228171900828,57.460086379970306,107.35035166985458
opx_only,T_C,LightGBM,alr,A,56,ALL,190,194.3189156491727,171.63289910044736,216.2235050047731,145.431674896359,126.73077585188085,161.96811652870204,48.88724075281371,40.895797898068864,57.01818018833689
opx_only,T_C,LightGBM,alr,B,56,shallow_crustal,48,207.32018533688185,180.3413873357915,233.52237743376918,208.61008996558112,181.888732462323,233.8378991254311,-1.2899046286992757,-2.9257210265796543,0.60171666597376
opx_only,T_C,LightGBM,alr,B,56,deep_crustal_MASH,76,159.24437122818284,137.2559908276358,181.63085284492004,147.35923958259477,124.9632924259109,169.4547705913228,11.885131645588075,5.6669199980404885,20.67377495367683
opx_only,T_C,LightGBM,alr,B,56,lithospheric_mantle,37,116.76359497754201,87.83505997456992,148.8359034468652,109.01688315245805,79.37287674355856,138.71937965767876,7.746711825083963,3.1233424796575737,13.584185550340337
opx_only,T_C,LightGBM,alr,B,56,deeper_mantle,29,303.970017045091,216.56990867567697,378.24761624419705,299.955623990334,214.92669584955203,372.0555119673655,4.014393054757022,1.3606123370975645,6.860625388069614
opx_only,T_C,LightGBM,alr,B,56,ALL,190,194.3189156491727,171.63289910044736,216.2235050047731,189.01620515827437,166.3359667346884,211.34785655150495,5.302710490898335,2.8527972725526114,8.261850657644224
opx_only,T_C,LightGBM,alr,A,57,shallow_crustal,48,210.5692985429597,180.34417162189922,239.3235801862198,163.92303470994796,137.9825051674272,188.06648165204808,46.646263833011744,38.710847850394835,53.074021887347
opx_only,T_C,LightGBM,alr,A,57,deep_crustal_MASH,76,159.3564645760415,139.1044108657342,179.7518915237156,115.10341990549472,96.35246879659147,133.491468929312,44.253044670546785,36.941647162513725,51.60696798187508
opx_only,T_C,LightGBM,alr,A,57,lithospheric_mantle,37,113.20303272182642,85.48792032798,143.50287201193302,104.58669494344129,82.71985057478149,124.3922769873112,8.61633777838513,-9.611265300757566,28.68565180466057
opx_only,T_C,LightGBM,alr,A,57,deeper_mantle,29,306.5065193153336,218.18411879512115,381.3546903478811,224.34646553258867,150.79248871971637,285.4902801910281,82.16005378274494,59.383658656983,102.73466104100342
opx_only,T_C,LightGBM,alr,A,57,ALL,190,195.43294365367905,172.23606872243616,217.24393280663656,147.9870875773768,129.49378689276128,164.60145909405364,47.44585607630225,40.1007956538263,54.917262997881174
opx_only,T_C,LightGBM,alr,B,57,shallow_crustal,48,210.5692985429597,180.34417162189922,239.3235801862198,210.64181678567022,180.96008934635967,239.0883097593126,-0.07251824271051532,-1.8750706228766334,1.7787817205040362
opx_only,T_C,LightGBM,alr,B,57,deep_crustal_MASH,76,159.3564645760415,139.1044108657342,179.7518915237156,150.0108348821423,130.63096019432626,170.22620901922585,9.345629693899212,4.189195819988693,17.45701319085437
opx_only,T_C,LightGBM,alr,B,57,lithospheric_mantle,37,113.20303272182642,85.48792032798,143.50287201193302,108.29636354011431,80.10824738516955,137.4657977233626,4.906669181712104,2.1393155353142284,8.307649888961846
opx_only,T_C,LightGBM,alr,B,57,deeper_mantle,29,306.5065193153336,218.18411879512115,381.3546903478811,303.67256926877985,217.1211231305385,377.196642675239,2.8339500465537526,1.0706578019154194,4.45240925219528
opx_only,T_C,LightGBM,alr,B,57,ALL,190,195.43294365367905,172.23606872243616,217.24393280663656,191.2320095542656,168.47076310042485,213.58537068918986,4.200934099413445,2.228756274451515,6.5946086941113755
opx_only,T_C,LightGBM,alr,A,58,shallow_crustal,48,207.46176759931123,177.6260060639268,235.60186650199273,160.79466418618605,135.89725687081068,184.20570733595125,46.667103413125176,39.1580504590472,53.24794164274243
opx_only,T_C,LightGBM,alr,A,58,deep_crustal_MASH,76,156.94566251605767,135.51897715177,178.3200404330113,114.05644186016066,94.34091428464231,133.6405648708507,42.889220655897006,34.99050591371371,50.76267444170072
opx_only,T_C,LightGBM,alr,A,58,lithospheric_mantle,37,114.71508483670134,85.61943006405096,144.92729153477353,104.57455637107887,81.65470436938449,125.3969894859596,10.140528465622467,-9.795088215760854,32.92133085701623
opx_only,T_C,LightGBM,alr,A,58,deeper_mantle,29,305.7438043130889,219.25375265831914,380.5450942124705,217.82604442391252,147.27448320237218,274.79483311091855,87.91775988917638,60.67067606279937,112.36422270648222
opx_only,T_C,LightGBM,alr,A,58,ALL,190,193.7954471426856,169.98089095038665,216.56831267168107,145.28255597609768,126.66451685084974,161.92826882438806,48.512891166587906,40.325967231794216,57.01570321531516
opx_only,T_C,LightGBM,alr,B,58,shallow_crustal,48,207.46176759931123,177.6260060639268,235.60186650199273,208.16754877297504,178.24182906684,235.74343753614386,-0.7057811736638087,-2.7991881313271336,1.3839864302521263
opx_only,T_C,LightGBM,alr,B,58,deep_crustal_MASH,76,156.94566251605767,135.51897715177,178.3200404330113,145.7774350554296,124.66333154258521,167.59694106727886,11.16822746062806,5.156673333316859,19.610951810474276
opx_only,T_C,LightGBM,alr,B,58,lithospheric_mantle,37,114.71508483670134,85.61943006405096,144.92729153477353,106.65352557018055,77.46636678832117,136.28354707507108,8.061559266520788,2.936403447523917,14.77469696162715
opx_only,T_C,LightGBM,alr,B,58,deeper_mantle,29,305.7438043130889,219.25375265831914,380.5450942124705,301.82437773837694,217.28479676525816,375.0252355865831,3.919426574711963,1.5021752861461453,6.406260046216075
opx_only,T_C,LightGBM,alr,B,58,ALL,190,193.7954471426856,169.98089095038665,216.56831267168107,188.59332907824518,165.55280985837157,211.31717150281614,5.202118064440413,2.902513138254202,7.942136414933681
opx_only,T_C,LightGBM,alr,A,59,shallow_crustal,48,205.89039723639414,177.42510903797302,233.05252114465776,158.97433799315715,135.70612926251965,181.4212601361382,46.91605924323699,39.55614638590766,53.13221269537342
opx_only,T_C,LightGBM,alr,A,59,deep_crustal_MASH,76,158.8063581497075,137.72570671982794,179.58113526433996,117.16526374417055,98.5044303413872,135.288218269005,41.64109440553696,34.29869539187421,49.19805395519204
opx_only,T_C,LightGBM,alr,A,59,lithospheric_mantle,37,118.14714633237038,86.67255322439289,152.09530472007776,105.49404699295869,81.4200265972332,125.56493303108647,12.653099339411696,-9.801220893278307,36.70098711068409
opx_only,T_C,LightGBM,alr,A,59,deeper_mantle,29,308.13913461191845,222.0145194991876,381.92399986293805,226.0720368878397,151.8613579073745,284.53620408096765,82.06709772407876,57.825687677693914,103.07066178727426
opx_only,T_C,LightGBM,alr,A,59,ALL,190,194.9555378583103,171.30630766866008,216.34280002944158,147.7964930693705,129.07689365253296,164.36248847038277,47.15904478893978,39.716276610326844,54.846159745213
opx_only,T_C,LightGBM,alr,B,59,shallow_crustal,48,205.89039723639414,177.42510903797302,233.05252114465776,207.15926493057148,178.62455464434558,233.55595753320847,-1.2688676941773451,-2.3497346013938754,-0.03658858917584065
opx_only,T_C,LightGBM,alr,B,59,deep_crustal_MASH,76,158.8063581497075,137.72570671982794,179.58113526433996,148.27909018096761,127.49929055911318,168.29635730833516,10.527267968739892,4.10809217761984,20.085313327997806
opx_only,T_C,LightGBM,alr,B,59,lithospheric_mantle,37,118.14714633237038,86.67255322439289,152.09530472007776,111.2749886666729,78.08790401220098,142.73373318294514,6.872157665697486,2.0461422121534176,13.607192749841518
opx_only,T_C,LightGBM,alr,B,59,deeper_mantle,29,308.13913461191845,222.0145194991876,381.92399986293805,305.0369746524858,219.91863673354035,377.67241555478415,3.1021599594326403,1.5019982926076338,4.748036549468098
opx_only,T_C,LightGBM,alr,B,59,ALL,190,194.9555378583103,171.30630766866008,216.34280002944158,190.39327910986285,167.453875497634,212.3375286403157,4.562258748447448,2.1849010362340864,7.45414582474681
opx_only,T_C,LightGBM,alr,A,60,shallow_crustal,48,207.6239286391228,178.399416172893,235.63840689451538,159.54032411859168,135.35928472079837,182.37951423541895,48.08360452053111,40.14499461632793,54.42872170766259
opx_only,T_C,LightGBM,alr,A,60,deep_crustal_MASH,76,157.4276921062033,137.91004701628972,177.25828168382404,115.10970233964166,96.21664349258383,133.41273138548516,42.31798976656164,35.28608004055652,49.19694925602012
opx_only,T_C,LightGBM,alr,A,60,lithospheric_mantle,37,118.0657413358024,86.08585481518956,151.39103563382434,104.49683415241275,82.80212069925143,124.75306495780197,13.568907183389655,-8.861385930100521,37.68542476101812
opx_only,T_C,LightGBM,alr,A,60,deeper_mantle,29,311.0906919297523,219.4829423614578,389.9258131491999,219.2808940321266,145.06394466250342,278.9986051218506,91.80979789762571,62.125118611727025,117.90038083211893
opx_only,T_C,LightGBM,alr,A,60,ALL,190,195.67724627537223,171.73162701920586,218.61439269666383,145.58831657668173,127.43331840767969,161.78471548343384,50.08892969869049,41.460072743532855,58.95250707374899
opx_only,T_C,LightGBM,alr,B,60,shallow_crustal,48,207.6239286391228,178.399416172893,235.63840689451538,208.25048522690224,179.16510822913463,235.39376477543368,-0.6265565877794472,-2.4804626278503124,1.396021652125307
opx_only,T_C,LightGBM,alr,B,60,deep_crustal_MASH,76,157.4276921062033,137.91004701628972,177.25828168382404,146.83434088244945,126.96541553274571,166.41520940341883,10.593351223753842,5.596434343547586,17.171252941603235
opx_only,T_C,LightGBM,alr,B,60,lithospheric_mantle,37,118.0657413358024,86.08585481518956,151.39103563382434,111.34966064510749,79.83515505251643,143.4601176004222,6.716080690694909,3.2106512987134455,10.435545215391043
opx_only,T_C,LightGBM,alr,B,60,deeper_mantle,29,311.0906919297523,219.4829423614578,389.9258131491999,307.3882241234364,218.0760652370742,383.57970158829096,3.7024678063159513,1.1655466792874378,6.256654084874189
opx_only,T_C,LightGBM,alr,B,60,ALL,190,195.67724627537223,171.73162701920586,218.61439269666383,190.83132569759897,167.21473737280118,213.74873315498516,4.845920577773256,2.864286622247923,7.083803093427278
opx_only,T_C,LightGBM,alr,A,61,shallow_crustal,48,210.24036371196956,180.99742445379582,238.07624156583265,161.18167400355057,136.89455485835916,184.01397478035344,49.058689708418996,41.33985972736919,55.71293645024557
opx_only,T_C,LightGBM,alr,A,61,deep_crustal_MASH,76,158.03117995120132,136.8611388106566,179.85467073972083,114.51770976405366,94.8476971021709,134.23734689648848,43.51347018714766,36.346313672310195,50.74703051446531
opx_only,T_C,LightGBM,alr,A,61,lithospheric_mantle,37,115.57609081626957,86.33723433269627,147.70325586430755,102.52984144412689,81.60796606258457,120.77959372197297,13.046249372142682,-7.589513708767937,35.05340471423202
opx_only,T_C,LightGBM,alr,A,61,deeper_mantle,29,307.152653618937,219.3207576086674,381.6990763043118,217.3884775598873,145.89605228411838,274.8006693158425,89.7641760590497,63.39587365258733,113.67265038611718
opx_only,T_C,LightGBM,alr,A,61,ALL,190,195.33831698624041,171.95902247327567,217.95501759252687,145.1521373853378,126.88911826231775,161.4243899878665,50.18617960090262,42.041578916257315,58.47187931705056
opx_only,T_C,LightGBM,alr,B,61,shallow_crustal,48,210.24036371196956,180.99742445379582,238.07624156583265,210.212915580632,180.9148589575572,236.20080229259722,0.02744813133756452,-2.206556833532293,2.467255310767385
opx_only,T_C,LightGBM,alr,B,61,deep_crustal_MASH,76,158.03117995120132,136.8611388106566,179.85467073972083,147.84625260092787,127.10563275394372,168.74036145006698,10.184927350273455,4.671900656469889,18.75947662984123
opx_only,T_C,LightGBM,alr,B,61,lithospheric_mantle,37,115.57609081626957,86.33723433269627,147.70325586430755,108.53187635800758,78.73965357012665,140.23322410672267,7.04421445826199,2.9942751507142424,11.163799687111696
opx_only,T_C,LightGBM,alr,B,61,deeper_mantle,29,307.152653618937,219.3207576086674,381.6990763043118,303.91494758139567,218.23658105969778,377.6028594584928,3.2377060375413294,1.0605787104758115,5.352182988571902
opx_only,T_C,LightGBM,alr,B,61,ALL,190,195.33831698624041,171.95902247327567,217.95501759252687,190.5219346057314,167.50218240981556,213.2901588532825,4.816382380509026,2.6550097554582215,7.4462158271297705
