pipeline,track,target,feature_set,model,seed,winner,form,regime,n,pre_rmse,pre_lo,pre_hi,post_rmse,post_lo,post_hi,delta_rmse,delta_lo,delta_hi
opx,opx_liq,T_C,raw,ElasticNet,42,none,A,shallow_crustal,47,35.32950089738492,28.10151476095918,44.22777033916298,54.00663281282519,46.98978891437586,63.210761385517635,-18.67713191544027,-21.47531099746312,-15.233203136698698
opx,opx_liq,T_C,raw,ElasticNet,42,none,A,deep_crustal_MASH,61,78.46430905099997,29.674505530030473,112.71129285803137,76.91907589844185,33.418510414322235,109.1337885186876,1.5452331525581258,-3.616765318865207,4.010595208520222
opx,opx_liq,T_C,raw,ElasticNet,42,none,A,lithospheric_mantle,58,93.6982941619437,78.34991099271328,110.33710027483338,93.57682751076115,78.10716248210504,110.5749186713538,0.1214666511825584,-2.811533980257926,3.211823208574879
opx,opx_liq,T_C,raw,ElasticNet,42,none,A,deeper_mantle,8,105.99641300315001,79.17747404206752,130.67979903926252,61.54209075358005,51.83920296676068,69.95073668203449,44.45432224956996,24.643157594223865,62.29505721126612
opx,opx_liq,T_C,raw,ElasticNet,42,none,A,ALL,174,77.06189003628756,61.989006718019475,91.99366628609333,77.16895978642394,63.506299484941394,91.28781224034653,-0.10706975013637532,-3.1347492102333065,2.9021366973430744
opx,opx_liq,T_C,raw,ElasticNet,42,none,B,shallow_crustal,47,35.32950089738492,28.10151476095918,44.22777033916298,35.32950089738492,28.10151476095918,44.22777033916298,0.0,0.0,0.0
opx,opx_liq,T_C,raw,ElasticNet,42,none,B,deep_crustal_MASH,61,78.46430905099997,29.674505530030473,112.71129285803137,78.46430905099997,29.674505530030473,112.71129285803137,0.0,0.0,0.0
opx,opx_liq,T_C,raw,ElasticNet,42,none,B,lithospheric_mantle,58,93.6982941619437,78.34991099271328,110.33710027483338,95.31199848869873,79.4822417397799,112.47170822261327,-1.6137043267550268,-4.372280924382752,0.31395554454470004
opx,opx_liq,T_C,raw,ElasticNet,42,none,B,deeper_mantle,8,105.99641300315001,79.17747404206752,130.67979903926252,82.88783875319308,65.73720674856007,98.27135757697909,23.10857424995693,12.038832304989407,32.61830368201099
opx,opx_liq,T_C,raw,ElasticNet,42,none,B,ALL,174,77.06189003628756,61.989006718019475,91.99366628609333,76.41676021313197,61.23632050486062,91.59370785056788,0.6451298231555995,-0.889938450945473,2.3297541241313997
opx,opx_liq,T_C,raw,ElasticNet,43,none,A,shallow_crustal,47,35.32950089738492,28.10151476095918,44.22777033916298,55.891999370757745,49.08924249472809,64.8044974686496,-20.562498473372827,-23.44937183128344,-17.053766929654536
opx,opx_liq,T_C,raw,ElasticNet,43,none,A,deep_crustal_MASH,61,78.46430905099997,29.674505530030473,112.71129285803137,77.01188274744685,33.34044399883533,109.27209101644871,1.4524263035531249,-3.504488770177156,3.8240675004686495
opx,opx_liq,T_C,raw,ElasticNet,43,none,A,lithospheric_mantle,58,93.6982941619437,78.34991099271328,110.33710027483338,93.48838744832204,78.07658408490366,110.45175405268064,0.20990671362166324,-2.731041768989731,3.3411442200691037
opx,opx_liq,T_C,raw,ElasticNet,43,none,A,deeper_mantle,8,105.99641300315001,79.17747404206752,130.67979903926252,63.10314193496224,51.8496250830144,73.00750281752772,42.89327106818777,25.256191915142196,58.61474006568316
opx,opx_liq,T_C,raw,ElasticNet,43,none,A,ALL,174,77.06189003628756,61.989006718019475,91.99366628609333,77.585150785797,64.01692694421781,91.67392645285223,-0.5232607495094328,-3.532914452554671,2.471555545812811
opx,opx_liq,T_C,raw,ElasticNet,43,none,B,shallow_crustal,47,35.32950089738492,28.10151476095918,44.22777033916298,35.32950089738492,28.10151476095918,44.22777033916298,0.0,0.0,0.0
opx,opx_liq,T_C,raw,ElasticNet,43,none,B,deep_crustal_MASH,61,78.46430905099997,29.674505530030473,112.71129285803137,78.46430905099997,29.674505530030473,112.71129285803137,0.0,0.0,0.0
opx,opx_liq,T_C,raw,ElasticNet,43,none,B,lithospheric_mantle,58,93.6982941619437,78.34991099271328,110.33710027483338,95.41897048290323,79.62767861193215,112.6965641836528,-1.7206763209595266,-4.416759486621628,0.05232085629762784
opx,opx_liq,T_C,raw,ElasticNet,43,none,B,deeper_mantle,8,105.99641300315001,79.17747404206752,130.67979903926252,83.74345841135333,69.23333826368483,97.05378909735722,22.25295459179668,8.262136178863084,34.30065670258023
opx,opx_liq,T_C,raw,ElasticNet,43,none,B,ALL,174,77.06189003628756,61.989006718019475,91.99366628609333,76.50409975891344,61.263756008726034,91.60033513166681,0.5577902773741243,-0.9874360853461421,2.2731563147879945
opx,opx_liq,T_C,raw,ElasticNet,44,none,A,shallow_crustal,47,35.32950089738492,28.10151476095918,44.22777033916298,57.62165437776491,50.74851117929131,66.53232276909856,-22.292153480379994,-25.3234181399971,-18.595132262048303
opx,opx_liq,T_C,raw,ElasticNet,44,none,A,deep_crustal_MASH,61,78.46430905099997,29.674505530030473,112.71129285803137,77.20116878384778,33.251249279393015,109.55430628014275,1.2631402671521954,-3.3905210506130214,3.4767801043436712
opx,opx_liq,T_C,raw,ElasticNet,44,none,A,lithospheric_mantle,58,93.6982941619437,78.34991099271328,110.33710027483338,93.69236810063867,78.18196978028003,110.77846775639414,0.005926061305032704,-3.1587564400407033,3.3511771037581384
opx,opx_liq,T_C,raw,ElasticNet,44,none,A,deeper_mantle,8,105.99641300315001,79.17747404206752,130.67979903926252,60.17615014319196,50.48930138050595,68.5469716310229,45.82026285995805,25.99470960729193,63.688914586225806
opx,opx_liq,T_C,raw,ElasticNet,44,none,A,ALL,174,77.06189003628756,61.989006718019475,91.99366628609333,77.96704501163026,64.37646049188275,92.11166759051483,-0.9051549753426968,-4.021690238619074,2.2512652839120104
opx,opx_liq,T_C,raw,ElasticNet,44,none,B,shallow_crustal,47,35.32950089738492,28.10151476095918,44.22777033916298,35.32950089738492,28.10151476095918,44.22777033916298,0.0,0.0,0.0
opx,opx_liq,T_C,raw,ElasticNet,44,none,B,deep_crustal_MASH,61,78.46430905099997,29.674505530030473,112.71129285803137,78.46430905099997,29.674505530030473,112.71129285803137,0.0,0.0,0.0
opx,opx_liq,T_C,raw,ElasticNet,44,none,B,lithospheric_mantle,58,93.6982941619437,78.34991099271328,110.33710027483338,95.58447851384935,79.7772125068446,112.93415345766259,-1.8861843519056407,-4.83854526387405,0.05989263424692258
opx,opx_liq,T_C,raw,ElasticNet,44,none,B,deeper_mantle,8,105.99641300315001,79.17747404206752,130.67979903926252,81.81893493196611,68.28542855996758,94.14073833707175,24.1774780711839,9.128587710703492,37.213611862340535
opx,opx_liq,T_C,raw,ElasticNet,44,none,B,ALL,174,77.06189003628756,61.989006718019475,91.99366628609333,76.47722026083395,61.137829552378356,91.64487338591537,0.5846697754536194,-1.0849992532817592,2.4384395980111564
opx,opx_liq,T_C,raw,ElasticNet,45,none,A,shallow_crustal,47,35.32950089738492,28.10151476095918,44.22777033916298,58.644099506310354,51.55269808456402,67.77145493876118,-23.314598608925436,-26.446105460792282,-19.424579629922636
opx,opx_liq,T_C,raw,ElasticNet,45,none,A,deep_crustal_MASH,61,78.46430905099997,29.674505530030473,112.71129285803137,76.98237662063154,33.83069804405592,109.07824388635196,1.4819324303684311,-3.9718084176554367,4.054857213178054
opx,opx_liq,T_C,raw,ElasticNet,45,none,A,lithospheric_mantle,58,93.6982941619437,78.34991099271328,110.33710027483338,93.80027383622897,78.2541281579859,110.9352381723711,-0.10197967428526056,-3.2828057578314267,3.2612017675067624
opx,opx_liq,T_C,raw,ElasticNet,45,none,A,deeper_mantle,8,105.99641300315001,79.17747404206752,130.67979903926252,55.8722260702093,47.096236399012724,63.46889695833704,50.12418693294071,29.08519337014617,69.26727028851705
opx,opx_liq,T_C,raw,ElasticNet,45,none,A,ALL,174,77.06189003628756,61.989006718019475,91.99366628609333,77.99310088757349,64.47084152998745,92.0394174534241,-0.9312108512859254,-4.268305975989673,2.4029890011955137
opx,opx_liq,T_C,raw,ElasticNet,45,none,B,shallow_crustal,47,35.32950089738492,28.10151476095918,44.22777033916298,35.32950089738492,28.10151476095918,44.22777033916298,0.0,0.0,0.0
opx,opx_liq,T_C,raw,ElasticNet,45,none,B,deep_crustal_MASH,61,78.46430905099997,29.674505530030473,112.71129285803137,78.46430905099997,29.674505530030473,112.71129285803137,0.0,0.0,0.0
opx,opx_liq,T_C,raw,ElasticNet,45,none,B,lithospheric_mantle,58,93.6982941619437,78.34991099271328,110.33710027483338,95.5080274638976,79.60014538426114,112.83201957346371,-1.809733301953898,-4.90021932883765,0.3591418570730649
opx,opx_liq,T_C,raw,ElasticNet,45,none,B,deeper_mantle,8,105.99641300315001,79.17747404206752,130.67979903926252,80.3292769611964,64.15159194689674,94.98502124205702,25.66713604195361,13.494216177063132,36.182054390169625
opx,opx_liq,T_C,raw,ElasticNet,45,none,B,ALL,174,77.06189003628756,61.989006718019475,91.99366628609333,76.3727041774434,61.05146257006175,91.56235285586801,0.6891858588441693,-1.0161002334245102,2.530502647522477
opx,opx_liq,T_C,raw,ElasticNet,46,none,A,shallow_crustal,47,35.32950089738492,28.10151476095918,44.22777033916298,55.879499058811014,48.912335721819126,64.94255078501425,-20.549998161426096,-23.465681201112453,-16.915170802853645
opx,opx_liq,T_C,raw,ElasticNet,46,none,A,deep_crustal_MASH,61,78.46430905099997,29.674505530030473,112.71129285803137,76.90391981283892,33.30046095694131,109.16571001444657,1.5603892381610507,-3.475957798572819,3.9814799029392027
opx,opx_liq,T_C,raw,ElasticNet,46,none,A,lithospheric_mantle,58,93.6982941619437,78.34991099271328,110.33710027483338,93.4922402118378,78.02407995496482,110.50771411861886,0.2060539501059111,-2.859328278154683,3.469259298685429
opx,opx_liq,T_C,raw,ElasticNet,46,none,A,deeper_mantle,8,105.99641300315001,79.17747404206752,130.67979903926252,56.85831445603632,48.52564531095945,63.99388134903664,49.13809854711369,27.273086488343452,69.19894241920682
opx,opx_liq,T_C,raw,ElasticNet,46,none,A,ALL,174,77.06189003628756,61.989006718019475,91.99366628609333,77.32431460828796,63.70851268005498,91.46549048078391,-0.26242457200039837,-3.437769983460363,2.905873791140152
opx,opx_liq,T_C,raw,ElasticNet,46,none,B,shallow_crustal,47,35.32950089738492,28.10151476095918,44.22777033916298,35.32950089738492,28.10151476095918,44.22777033916298,0.0,0.0,0.0
opx,opx_liq,T_C,raw,ElasticNet,46,none,B,deep_crustal_MASH,61,78.46430905099997,29.674505530030473,112.71129285803137,78.46430905099997,29.674505530030473,112.71129285803137,0.0,0.0,0.0
opx,opx_liq,T_C,raw,ElasticNet,46,none,B,lithospheric_mantle,58,93.6982941619437,78.34991099271328,110.33710027483338,95.36777018230458,79.4788712668986,112.58066534194018,-1.6694760203608752,-4.524508598946231,0.31904981849285835
opx,opx_liq,T_C,raw,ElasticNet,46,none,B,deeper_mantle,8,105.99641300315001,79.17747404206752,130.67979903926252,82.17272135661614,65.32239852483423,97.34136248883536,23.823691646533874,12.39567287667425,33.65726204840498
opx,opx_liq,T_C,raw,ElasticNet,46,none,B,ALL,174,77.06189003628756,61.989006718019475,91.99366628609333,76.40444402217145,61.203791220189494,91.58640968977572,0.6574460141161182,-0.9240887953668234,2.388953618947506
opx,opx_liq,T_C,raw,ElasticNet,47,none,A,shallow_crustal,47,35.32950089738492,28.10151476095918,44.22777033916298,55.606195063922115,48.66065766301191,64.65362875861065,-20.276694166537197,-23.15091517721786,-16.689377053193112
opx,opx_liq,T_C,raw,ElasticNet,47,none,A,deep_crustal_MASH,61,78.46430905099997,29.674505530030473,112.71129285803137,76.86752584492463,33.640072767666226,109.0229632638639,1.5967832060753437,-3.787942153081489,4.170867541634357
opx,opx_liq,T_C,raw,ElasticNet,47,none,A,lithospheric_mantle,58,93.6982941619437,78.34991099271328,110.33710027483338,93.55521759349303,78.0929387313069,110.54434274383115,0.14307656845068095,-2.829103631198357,3.2521502319659814
opx,opx_liq,T_C,raw,ElasticNet,47,none,A,deeper_mantle,8,105.99641300315001,79.17747404206752,130.67979903926252,58.9191064429075,47.91833700631013,68.44760432971404,47.07730656024251,28.98425063729116,63.31671635883801
opx,opx_liq,T_C,raw,ElasticNet,47,none,A,ALL,174,77.06189003628756,61.989006718019475,91.99366628609333,77.35472716160555,63.85913481569324,91.44768042434721,-0.29283712531798756,-3.385997524724851,2.7711820587760365
opx,opx_liq,T_C,raw,ElasticNet,47,none,B,shallow_crustal,47,35.32950089738492,28.10151476095918,44.22777033916298,35.32950089738492,28.10151476095918,44.22777033916298,0.0,0.0,0.0
opx,opx_liq,T_C,raw,ElasticNet,47,none,B,deep_crustal_MASH,61,78.46430905099997,29.674505530030473,112.71129285803137,78.46430905099997,29.674505530030473,112.71129285803137,0.0,0.0,0.0
opx,opx_liq,T_C,raw,ElasticNet,47,none,B,lithospheric_mantle,58,93.6982941619437,78.34991099271328,110.33710027483338,95.46565618165906,79.57543252035444,112.74916536145561,-1.7673620197153497,-4.793458479705199,0.35652401066339046
opx,opx_liq,T_C,raw,ElasticNet,47,none,B,deeper_mantle,8,105.99641300315001,79.17747404206752,130.67979903926252,80.85880866303985,64.51309932738059,95.68552139665097,25.13760434011016,13.243982772446298,35.39799664079878
opx,opx_liq,T_C,raw,ElasticNet,47,none,B,ALL,174,77.06189003628756,61.989006718019475,91.99366628609333,76.3807371518028,61.09198664197671,91.57774147204059,0.6811528844847601,-0.9933261774184657,2.483847462548969
opx,opx_liq,T_C,raw,ElasticNet,48,none,A,shallow_crustal,47,35.32950089738492,28.10151476095918,44.22777033916298,57.480814422675074,50.25286887108959,66.87897556286329,-22.151313525290156,-25.19908436718452,-18.30543442707567
opx,opx_liq,T_C,raw,ElasticNet,48,none,A,deep_crustal_MASH,61,78.46430905099997,29.674505530030473,112.71129285803137,77.07766658188774,33.15549854798301,109.41663181429169,1.3866424691122319,-3.3122841790284707,3.658137931684905
opx,opx_liq,T_C,raw,ElasticNet,48,none,A,lithospheric_mantle,58,93.6982941619437,78.34991099271328,110.33710027483338,93.71451230134046,78.16972731637145,110.86103509713007,-0.01621813939675576,-3.3050647122516557,3.4632525494480983
opx,opx_liq,T_C,raw,ElasticNet,48,none,A,deeper_mantle,8,105.99641300315001,79.17747404206752,130.67979903926252,59.01760319742438,50.79328840509635,66.00369470901583,46.97880980572563,24.89918730007279,67.29047244537175
opx,opx_liq,T_C,raw,ElasticNet,48,none,A,ALL,174,77.06189003628756,61.989006718019475,91.99366628609333,77.8642137527876,64.21707696118202,92.01358064845681,-0.802323716500041,-4.044012870621249,2.499818011759573
opx,opx_liq,T_C,raw,ElasticNet,48,none,B,shallow_crustal,47,35.32950089738492,28.10151476095918,44.22777033916298,35.32950089738492,28.10151476095918,44.22777033916298,0.0,0.0,0.0
opx,opx_liq,T_C,raw,ElasticNet,48,none,B,deep_crustal_MASH,61,78.46430905099997,29.674505530030473,112.71129285803137,78.46430905099997,29.674505530030473,112.71129285803137,0.0,0.0,0.0
opx,opx_liq,T_C,raw,ElasticNet,48,none,B,lithospheric_mantle,58,93.6982941619437,78.34991099271328,110.33710027483338,95.56241605730598,79.75942512944255,112.92579168693118,-1.864121895362274,-4.798819161678943,0.04473442447120023
opx,opx_liq,T_C,raw,ElasticNet,48,none,B,deeper_mantle,8,105.99641300315001,79.17747404206752,130.67979903926252,82.14115152238958,68.84924770514245,94.24148437811243,23.855261480760433,8.420395055110992,37.17166590816311
opx,opx_liq,T_C,raw,ElasticNet,48,none,B,ALL,174,77.06189003628756,61.989006718019475,91.99366628609333,76.48391001600012,61.15223503977126,91.64048673427543,0.5779800202874412,-1.0849833753850882,2.4353119121820774
opx,opx_liq,T_C,raw,ElasticNet,49,none,A,shallow_crustal,47,35.32950089738492,28.10151476095918,44.22777033916298,57.23592317927032,50.216947646860206,66.27388594470125,-21.906422281885405,-24.9358721853547,-18.13682204444871
opx,opx_liq,T_C,raw,ElasticNet,49,none,A,deep_crustal_MASH,61,78.46430905099997,29.674505530030473,112.71129285803137,76.98418979589589,33.36869744569389,109.22060561960292,1.4801192551040856,-3.5937681577870477,3.891456367451028
opx,opx_liq,T_C,raw,ElasticNet,49,none,A,lithospheric_mantle,58,93.6982941619437,78.34991099271328,110.33710027483338,93.52208917827,78.06146013502102,110.51770173167372,0.1762049836737134,-2.797350665013343,3.3335175279040916
opx,opx_liq,T_C,raw,ElasticNet,49,none,A,deeper_mantle,8,105.99641300315001,79.17747404206752,130.67979903926252,61.07100911340213,48.255206731226124,72.2766396982483,44.925403889747884,29.07640162818464,59.12486255943905
opx,opx_liq,T_C,raw,ElasticNet,49,none,A,ALL,174,77.06189003628756,61.989006718019475,91.99366628609333,77.77870314521559,64.22584230396939,91.84828393605318,-0.7168131089280223,-3.8244250983813517,2.336990947238153
opx,opx_liq,T_C,raw,ElasticNet,49,none,B,shallow_crustal,47,35.32950089738492,28.10151476095918,44.22777033916298,35.32950089738492,28.10151476095918,44.22777033916298,0.0,0.0,0.0
opx,opx_liq,T_C,raw,ElasticNet,49,none,B,deep_crustal_MASH,61,78.46430905099997,29.674505530030473,112.71129285803137,78.46430905099997,29.674505530030473,112.71129285803137,0.0,0.0,0.0
opx,opx_liq,T_C,raw,ElasticNet,49,none,B,lithospheric_mantle,58,93.6982941619437,78.34991099271328,110.33710027483338,95.3830889175118,79.59588955935465,112.61950105331204,-1.6847947555680918,-4.354634309311919,0.06800403893006528
opx,opx_liq,T_C,raw,ElasticNet,49,none,B,deeper_mantle,8,105.99641300315001,79.17747404206752,130.67979903926252,84.05840888731926,68.69353501934926,98.19831772955456,21.93800411583075,8.828494401350076,33.201859647772764
opx,opx_liq,T_C,raw,ElasticNet,49,none,B,ALL,174,77.06189003628756,61.989006718019475,91.99366628609333,76.50506545054544,61.30729973171813,91.63235408306012,0.5568245857421203,-0.9444123102981358,2.238616678960625
opx,opx_liq,T_C,raw,ElasticNet,50,none,A,shallow_crustal,47,35.32950089738492,28.10151476095918,44.22777033916298,56.720533520711335,49.727871465809415,65.75747988419442,-21.391032623326417,-24.365572894836234,-17.681367322180026
opx,opx_liq,T_C,raw,ElasticNet,50,none,A,deep_crustal_MASH,61,78.46430905099997,29.674505530030473,112.71129285803137,77.03495825412979,33.64428060737119,109.19394118168503,1.4293507968701817,-3.7685471668716453,3.9183878142830992
opx,opx_liq,T_C,raw,ElasticNet,50,none,A,lithospheric_mantle,58,93.6982941619437,78.34991099271328,110.33710027483338,93.90923106936675,78.30411559530059,111.14561668889837,-0.21093690742304716,-3.395008436055772,3.122457175362381
opx,opx_liq,T_C,raw,ElasticNet,50,none,A,deeper_mantle,8,105.99641300315001,79.17747404206752,130.67979903926252,58.57456727610938,49.21552013665877,66.69940619324271,47.42184572704063,27.136174451284806,65.7662296656343
opx,opx_liq,T_C,raw,ElasticNet,50,none,A,ALL,174,77.06189003628756,61.989006718019475,91.99366628609333,77.76154734282613,64.18720240170181,91.82360773856195,-0.699657306538569,-3.9020425672909735,2.506094846684733
opx,opx_liq,T_C,raw,ElasticNet,50,none,B,shallow_crustal,47,35.32950089738492,28.10151476095918,44.22777033916298,35.32950089738492,28.10151476095918,44.22777033916298,0.0,0.0,0.0
opx,opx_liq,T_C,raw,ElasticNet,50,none,B,deep_crustal_MASH,61,78.46430905099997,29.674505530030473,112.71129285803137,78.46430905099997,29.674505530030473,112.71129285803137,0.0,0.0,0.0
opx,opx_liq,T_C,raw,ElasticNet,50,none,B,lithospheric_mantle,58,93.6982941619437,78.34991099271328,110.33710027483338,95.58184469814972,79.67216829059899,112.96017058988848,-1.883550536206016,-5.1087305510122665,0.38170125781649644
opx,opx_liq,T_C,raw,ElasticNet,50,none,B,deeper_mantle,8,105.99641300315001,79.17747404206752,130.67979903926252,79.35931163710109,63.4277161085478,93.75955992904026,26.637101366048924,14.104325499453541,37.483822591237946
opx,opx_liq,T_C,raw,ElasticNet,50,none,B,ALL,174,77.06189003628756,61.989006718019475,91.99366628609333,76.3568619223806,60.97183826226926,91.5497089735722,0.7050281139069625,-1.0593230202657078,2.5974725793655677
opx,opx_liq,T_C,raw,ElasticNet,51,none,A,shallow_crustal,47,35.32950089738492,28.10151476095918,44.22777033916298,55.18796645872816,48.144359470420646,64.41526228770967,-19.858465561343245,-22.745809036418105,-16.310771638635426
opx,opx_liq,T_C,raw,ElasticNet,51,none,A,deep_crustal_MASH,61,78.46430905099997,29.674505530030473,112.71129285803137,76.98914724414628,33.34289241756695,109.24044471037193,1.4751618068536914,-3.5484949060837643,3.8698447254500254
opx,opx_liq,T_C,raw,ElasticNet,51,none,A,lithospheric_mantle,58,93.6982941619437,78.34991099271328,110.33710027483338,93.48733006043223,78.04978023878992,110.40412224890079,0.21096410151147893,-2.6250798732703364,3.2304822860510267
opx,opx_liq,T_C,raw,ElasticNet,51,none,A,deeper_mantle,8,105.99641300315001,79.17747404206752,130.67979903926252,55.95469895483135,46.76121211003596,63.836280083612145,50.04171404831866,29.530576508994386,68.63499255559593
opx,opx_liq,T_C,raw,ElasticNet,51,none,A,ALL,174,77.06189003628756,61.989006718019475,91.99366628609333,77.18748712653657,63.51581217058565,91.38115927084073,-0.125597090249002,-3.2122085361365245,2.976279360250394
opx,opx_liq,T_C,raw,ElasticNet,51,none,B,shallow_crustal,47,35.32950089738492,28.10151476095918,44.22777033916298,35.32950089738492,28.10151476095918,44.22777033916298,0.0,0.0,0.0
opx,opx_liq,T_C,raw,ElasticNet,51,none,B,deep_crustal_MASH,61,78.46430905099997,29.674505530030473,112.71129285803137,78.46430905099997,29.674505530030473,112.71129285803137,0.0,0.0,0.0
opx,opx_liq,T_C,raw,ElasticNet,51,none,B,lithospheric_mantle,58,93.6982941619437,78.34991099271328,110.33710027483338,95.31441193060502,79.4681048657619,112.44569526844437,-1.6161177686613115,-4.4095411633410935,0.34785016914751554
opx,opx_liq,T_C,raw,ElasticNet,51,none,B,deeper_mantle,8,105.99641300315001,79.17747404206752,130.67979903926252,82.74569407520373,65.3874489272336,98.33579541006566,23.25071892794628,12.423969314462656,32.54936022537785
opx,opx_liq,T_C,raw,ElasticNet,51,none,B,ALL,174,77.06189003628756,61.989006718019475,91.99366628609333,76.41068065007731,61.231599162795376,91.58190155030297,0.6512093862102546,-0.895439948427278,2.3063020390174955
opx,opx_liq,T_C,raw,ElasticNet,52,none,A,shallow_crustal,47,35.32950089738492,28.10151476095918,44.22777033916298,55.58234964397278,48.52980930287968,64.78722480698478,-20.252848746587865,-23.171956257498042,-16.67051090526835
opx,opx_liq,T_C,raw,ElasticNet,52,none,A,deep_crustal_MASH,61,78.46430905099997,29.674505530030473,112.71129285803137,77.07549158939636,33.19462895896194,109.40242154055952,1.3888174616036082,-3.343265574056053,3.6741624859514856
opx,opx_liq,T_C,raw,ElasticNet,52,none,A,lithospheric_mantle,58,93.6982941619437,78.34991099271328,110.33710027483338,93.56853040389385,78.09396332963065,110.59774213808693,0.12976375804986162,-2.925790284349096,3.3246691188013244
opx,opx_liq,T_C,raw,ElasticNet,52,none,A,deeper_mantle,8,105.99641300315001,79.17747404206752,130.67979903926252,54.998990636586,45.501914812185845,63.16135876742493,50.99742236656401,30.945152228895072,69.14355389675103
opx,opx_liq,T_C,raw,ElasticNet,52,none,A,ALL,174,77.06189003628756,61.989006718019475,91.99366628609333,77.29527529281816,63.55026057926864,91.52088575688619,-0.23338525653059605,-3.34396206778245,2.9218477384067003
opx,opx_liq,T_C,raw,ElasticNet,52,none,B,shallow_crustal,47,35.32950089738492,28.10151476095918,44.22777033916298,35.32950089738492,28.10151476095918,44.22777033916298,0.0,0.0,0.0
opx,opx_liq,T_C,raw,ElasticNet,52,none,B,deep_crustal_MASH,61,78.46430905099997,29.674505530030473,112.71129285803137,78.46430905099997,29.674505530030473,112.71129285803137,0.0,0.0,0.0
opx,opx_liq,T_C,raw,ElasticNet,52,none,B,lithospheric_mantle,58,93.6982941619437,78.34991099271328,110.33710027483338,95.61158059856395,79.80213686425817,112.94706285433435,-1.9132864366202398,-4.918717598139601,0.07120879483795181
opx,opx_liq,T_C,raw,ElasticNet,52,none,B,deeper_mantle,8,105.99641300315001,79.17747404206752,130.67979903926252,81.43474639252747,67.69782024329567,93.88211268589207,24.561666610622538,9.710994920846929,37.42561930997705
opx,opx_liq,T_C,raw,ElasticNet,52,none,B,ALL,174,77.06189003628756,61.989006718019475,91.99366628609333,76.469659358264,61.11283661770813,91.64636105698595,0.5922306780235687,-1.0898336373848232,2.463020102069714
opx,opx_liq,T_C,raw,ElasticNet,53,none,A,shallow_crustal,47,35.32950089738492,28.10151476095918,44.22777033916298,55.69346608416286,48.6271258152117,64.9216144056877,-20.36396518677794,-23.2882781688032,-16.770572184221667
opx,opx_liq,T_C,raw,ElasticNet,53,none,A,deep_crustal_MASH,61,78.46430905099997,29.674505530030473,112.71129285803137,77.1357923663806,32.807757653086284,109.58856949610879,1.3285166846193732,-3.070660502428032,3.4442310950961477
opx,opx_liq,T_C,raw,ElasticNet,53,none,A,lithospheric_mantle,58,93.6982941619437,78.34991099271328,110.33710027483338,93.8272012002563,78.2590361475049,111.01991535499954,-0.12890703831259032,-3.416509216720043,3.3487370214383336
opx,opx_liq,T_C,raw,ElasticNet,53,none,A,deeper_mantle,8,105.99641300315001,79.17747404206752,130.67979903926252,59.10712151468006,46.66209215184422,69.94031055700495,46.88929148846995,30.67985995536008,61.44864501776094
opx,opx_liq,T_C,raw,ElasticNet,53,none,A,ALL,174,77.06189003628756,61.989006718019475,91.99366628609333,77.58137471548729,63.8430612851948,91.78483563513426,-0.5194846791997207,-3.5959068599704564,2.5503043834249812
opx,opx_liq,T_C,raw,ElasticNet,53,none,B,shallow_crustal,47,35.32950089738492,28.10151476095918,44.22777033916298,35.32950089738492,28.10151476095918,44.22777033916298,0.0,0.0,0.0
opx,opx_liq,T_C,raw,ElasticNet,53,none,B,deep_crustal_MASH,61,78.46430905099997,29.674505530030473,112.71129285803137,78.46430905099997,29.674505530030473,112.71129285803137,0.0,0.0,0.0
opx,opx_liq,T_C,raw,ElasticNet,53,none,B,lithospheric_mantle,58,93.6982941619437,78.34991099271328,110.33710027483338,95.71124352342342,79.88839851911331,113.09087798363261,-2.0129493614797127,-5.165552081857785,0.07170526721845422
opx,opx_liq,T_C,raw,ElasticNet,53,none,B,deeper_mantle,8,105.99641300315001,79.17747404206752,130.67979903926252,80.32224061093692,67.27719653096443,92.15575514623534,25.674172392213094,10.052646427604962,39.25841262106214
opx,opx_liq,T_C,raw,ElasticNet,53,none,B,ALL,174,77.06189003628756,61.989006718019475,91.99366628609333,76.45711813295954,61.051316066044976,91.6358481628091,0.6047719033280288,-1.1553185866232283,2.555317896489318
opx,opx_liq,T_C,raw,ElasticNet,54,none,A,shallow_crustal,47,35.32950089738492,28.10151476095918,44.22777033916298,56.910370296662904,49.822921982617906,66.05889514719252,-21.580869399277987,-24.595374970089082,-17.846004892778573
opx,opx_liq,T_C,raw,ElasticNet,54,none,A,deep_crustal_MASH,61,78.46430905099997,29.674505530030473,112.71129285803137,76.84778763804097,33.651078033499516,109.00336511623168,1.6165214129590026,-3.7983336936416836,4.203061539936676
opx,opx_liq,T_C,raw,ElasticNet,54,none,A,lithospheric_mantle,58,93.6982941619437,78.34991099271328,110.33710027483338,93.42256685026717,78.03204551624563,110.3427668563478,0.2757273116765333,-2.649382315182998,3.405872432255369
opx,opx_liq,T_C,raw,ElasticNet,54,none,A,deeper_mantle,8,105.99641300315001,79.17747404206752,130.67979903926252,57.61533764012541,49.68356822961471,64.52065178029396,48.3810753630246,25.891723550253793,69.16573229378001
opx,opx_liq,T_C,raw,ElasticNet,54,none,A,ALL,174,77.06189003628756,61.989006718019475,91.99366628609333,77.50531671976694,63.98718800257801,91.55025797094578,-0.4434266834793732,-3.647626904419313,2.7852398677200103
opx,opx_liq,T_C,raw,ElasticNet,54,none,B,shallow_crustal,47,35.32950089738492,28.10151476095918,44.22777033916298,35.32950089738492,28.10151476095918,44.22777033916298,0.0,0.0,0.0
opx,opx_liq,T_C,raw,ElasticNet,54,none,B,deep_crustal_MASH,61,78.46430905099997,29.674505530030473,112.71129285803137,78.46430905099997,29.674505530030473,112.71129285803137,0.0,0.0,0.0
opx,opx_liq,T_C,raw,ElasticNet,54,none,B,lithospheric_mantle,58,93.6982941619437,78.34991099271328,110.33710027483338,95.42681310158488,79.5581534751997,112.72298735316826,-1.7285189396411766,-4.706011291390113,0.3010977991478199
opx,opx_liq,T_C,raw,ElasticNet,54,none,B,deeper_mantle,8,105.99641300315001,79.17747404206752,130.67979903926252,81.53812771332302,65.2674055620684,96.31507748028237,24.45828528982699,12.415097075937291,34.84589736228744
opx,opx_liq,T_C,raw,ElasticNet,54,none,B,ALL,174,77.06189003628756,61.989006718019475,91.99366628609333,76.39775876240473,61.166010059804066,91.59335111688452,0.6641312738828304,-0.9547652682506157,2.4389103752137116
opx,opx_liq,T_C,raw,ElasticNet,55,none,A,shallow_crustal,47,35.32950089738492,28.10151476095918,44.22777033916298,56.57110513659109,49.58269665966031,65.61305728024897,-21.241604239206175,-24.206290571844804,-17.544676759312917
opx,opx_liq,T_C,raw,ElasticNet,55,none,A,deep_crustal_MASH,61,78.46430905099997,29.674505530030473,112.71129285803137,76.90848557634024,33.34617804124067,109.15069485802162,1.5558234746597321,-3.532670999767012,3.996175314735323
opx,opx_liq,T_C,raw,ElasticNet,55,none,A,lithospheric_mantle,58,93.6982941619437,78.34991099271328,110.33710027483338,93.66616196747098,78.1490593592463,110.79981146801633,0.032132194472723086,-3.2569110599567384,3.513675920625707
opx,opx_liq,T_C,raw,ElasticNet,55,none,A,deeper_mantle,8,105.99641300315001,79.17747404206752,130.67979903926252,61.20406265122977,52.96449902780595,68.24733080678884,44.79235035192024,22.761048553827113,65.05402919258643
opx,opx_liq,T_C,raw,ElasticNet,55,none,A,ALL,174,77.06189003628756,61.989006718019475,91.99366628609333,77.68360689396405,64.20271041963639,91.68687892828503,-0.6217168576764891,-3.825226219020387,2.608411902181612
opx,opx_liq,T_C,raw,ElasticNet,55,none,B,shallow_crustal,47,35.32950089738492,28.10151476095918,44.22777033916298,35.32950089738492,28.10151476095918,44.22777033916298,0.0,0.0,0.0
opx,opx_liq,T_C,raw,ElasticNet,55,none,B,deep_crustal_MASH,61,78.46430905099997,29.674505530030473,112.71129285803137,78.46430905099997,29.674505530030473,112.71129285803137,0.0,0.0,0.0
opx,opx_liq,T_C,raw,ElasticNet,55,none,B,lithospheric_mantle,58,93.6982941619437,78.34991099271328,110.33710027483338,95.22288078126027,79.47686824657949,112.32414122094941,-1.5245866193165654,-4.1619072910138115,0.2746251010420449
opx,opx_liq,T_C,raw,ElasticNet,55,none,B,deeper_mantle,8,105.99641300315001,79.17747404206752,130.67979903926252,84.12008628586706,66.56753829825296,99.89317675169792,21.87632671728295,11.207605655104953,31.01986426463533
opx,opx_liq,T_C,raw,ElasticNet,55,none,B,ALL,174,77.06189003628756,61.989006718019475,91.99366628609333,76.44163181651022,61.29151080707168,91.615657448537,0.620258219777341,-0.8358173777130634,2.229968887065847
opx,opx_liq,T_C,raw,ElasticNet,56,none,A,shallow_crustal,47,35.32950089738492,28.10151476095918,44.22777033916298,58.829211813963,52.19655903163678,67.45962964588234,-23.49971091657808,-26.664123516660815,-19.801353312314422
opx,opx_liq,T_C,raw,ElasticNet,56,none,A,deep_crustal_MASH,61,78.46430905099997,29.674505530030473,112.71129285803137,76.95838787420188,33.51137802133679,109.14001374303731,1.505921176798097,-3.7396300776998124,3.9898359459869046
opx,opx_liq,T_C,raw,ElasticNet,56,none,A,lithospheric_mantle,58,93.6982941619437,78.34991099271328,110.33710027483338,93.613264645207,78.11202346718318,110.71843155539078,0.08502951673671078,-3.140968729041553,3.482403792748919
opx,opx_liq,T_C,raw,ElasticNet,56,none,A,deeper_mantle,8,105.99641300315001,79.17747404206752,130.67979903926252,60.10393890713638,49.46393066364241,69.2307624681417,45.89247409601363,27.166305674943356,62.69086290385413
opx,opx_liq,T_C,raw,ElasticNet,56,none,A,ALL,174,77.06189003628756,61.989006718019475,91.99366628609333,78.09215603517987,64.74255211573997,92.07499337141034,-1.030265998892304,-4.276181830139002,2.19071910510598
opx,opx_liq,T_C,raw,ElasticNet,56,none,B,shallow_crustal,47,35.32950089738492,28.10151476095918,44.22777033916298,34.826682471740554,28.10151476095918,42.9580484788574,0.5028184256443637,0.0,1.3342331614195657
opx,opx_liq,T_C,raw,ElasticNet,56,none,B,deep_crustal_MASH,61,78.46430905099997,29.674505530030473,112.71129285803137,78.46430905099997,29.674505530030473,112.71129285803137,0.0,0.0,0.0
opx,opx_liq,T_C,raw,ElasticNet,56,none,B,lithospheric_mantle,58,93.6982941619437,78.34991099271328,110.33710027483338,95.43714260781977,79.63504061710277,112.7330049862298,-1.7388484458760587,-4.464078759828591,0.05433957984457959
opx,opx_liq,T_C,raw,ElasticNet,56,none,B,deeper_mantle,8,105.99641300315001,79.17747404206752,130.67979903926252,83.52249770261753,69.07930656393064,96.7509127102983,22.473915300532482,8.409086492420174,34.592122671548545
opx,opx_liq,T_C,raw,ElasticNet,56,none,B,ALL,174,77.06189003628756,61.989006718019475,91.99366628609333,76.43824675294707,61.24615616922488,91.59209944448845,0.623643283340499,-0.950659635998252,2.3437305292739405
opx,opx_liq,T_C,raw,ElasticNet,57,none,A,shallow_crustal,47,35.32950089738492,28.10151476095918,44.22777033916298,57.198392554676445,50.08617563996661,66.38174684438093,-21.868891657291528,-24.902090493491215,-18.13210458182553
opx,opx_liq,T_C,raw,ElasticNet,57,none,A,deep_crustal_MASH,61,78.46430905099997,29.674505530030473,112.71129285803137,76.98303373299879,33.37366163334036,109.21592965766794,1.481275318001181,-3.6033864653300665,3.896384767941887
opx,opx_liq,T_C,raw,ElasticNet,57,none,A,lithospheric_mantle,58,93.6982941619437,78.34991099271328,110.33710027483338,93.86266490030208,78.2732016824947,111.0693135218487,-0.16437073835837168,-3.4594295640000214,3.327829710008392
opx,opx_liq,T_C,raw,ElasticNet,57,none,A,deeper_mantle,8,105.99641300315001,79.17747404206752,130.67979903926252,60.75130713714801,52.29077988145556,68.17099947396902,45.245105866002,23.731890531202414,64.91406688294987
opx,opx_liq,T_C,raw,ElasticNet,57,none,A,ALL,174,77.06189003628756,61.989006718019475,91.99366628609333,77.89599742620692,64.35167823839144,91.91001197562034,-0.8341073899193532,-4.089791756828369,2.4051837879822497
opx,opx_liq,T_C,raw,ElasticNet,57,none,B,shallow_crustal,47,35.32950089738492,28.10151476095918,44.22777033916298,35.32950089738492,28.10151476095918,44.22777033916298,0.0,0.0,0.0
opx,opx_liq,T_C,raw,ElasticNet,57,none,B,deep_crustal_MASH,61,78.46430905099997,29.674505530030473,112.71129285803137,78.46430905099997,29.674505530030473,112.71129285803137,0.0,0.0,0.0
opx,opx_liq,T_C,raw,ElasticNet,57,none,B,lithospheric_mantle,58,93.6982941619437,78.34991099271328,110.33710027483338,95.66733183552599,79.85259638481833,113.06806311845288,-1.969037673582278,-5.060158678697553,0.044465584706784946
opx,opx_liq,T_C,raw,ElasticNet,57,none,B,deeper_mantle,8,105.99641300315001,79.17747404206752,130.67979903926252,80.96378050519915,68.39660082262014,92.39630641876934,25.032632497950857,8.746431802423835,39.116244598898106
opx,opx_liq,T_C,raw,ElasticNet,57,none,B,ALL,174,77.06189003628756,61.989006718019475,91.99366628609333,76.469908902996,61.077805713426855,91.6278401898467,0.5919811332915685,-1.1581662692649544,2.5418271090073565
opx,opx_liq,T_C,raw,ElasticNet,58,none,A,shallow_crustal,47,35.32950089738492,28.10151476095918,44.22777033916298,56.14941978029883,49.36291714050745,65.04932092393808,-20.81991888291391,-23.72871787341866,-17.289024212961305
opx,opx_liq,T_C,raw,ElasticNet,58,none,A,deep_crustal_MASH,61,78.46430905099997,29.674505530030473,112.71129285803137,76.97475312261635,33.260996823742126,109.2443344930931,1.4895559283836235,-3.51307468175395,3.8669545966147005
opx,opx_liq,T_C,raw,ElasticNet,58,none,A,lithospheric_mantle,58,93.6982941619437,78.34991099271328,110.33710027483338,93.4285055094223,78.00620492659525,110.40049206880263,0.26978865252141304,-2.7638414936792417,3.5147476776644586
opx,opx_liq,T_C,raw,ElasticNet,58,none,A,deeper_mantle,8,105.99641300315001,79.17747404206752,130.67979903926252,58.94794510948492,48.64571168900589,67.84825746053288,47.04846789366509,28.050943019631315,64.11892374490732
opx,opx_liq,T_C,raw,ElasticNet,58,none,A,ALL,174,77.06189003628756,61.989006718019475,91.99366628609333,77.44800680318576,63.9006125554515,91.55835730358478,-0.38611676689819774,-3.495824932335335,2.6993228957733857
opx,opx_liq,T_C,raw,ElasticNet,58,none,B,shallow_crustal,47,35.32950089738492,28.10151476095918,44.22777033916298,35.32950089738492,28.10151476095918,44.22777033916298,0.0,0.0,0.0
opx,opx_liq,T_C,raw,ElasticNet,58,none,B,deep_crustal_MASH,61,78.46430905099997,29.674505530030473,112.71129285803137,78.46430905099997,29.674505530030473,112.71129285803137,0.0,0.0,0.0
opx,opx_liq,T_C,raw,ElasticNet,58,none,B,lithospheric_mantle,58,93.6982941619437,78.34991099271328,110.33710027483338,95.37753376204967,79.5930189885877,112.61615692620651,-1.6792396001059586,-4.327389220687486,0.06276952605062032
opx,opx_liq,T_C,raw,ElasticNet,58,none,B,deeper_mantle,8,105.99641300315001,79.17747404206752,130.67979903926252,84.15358781519352,68.92774584353613,98.15529171555931,21.842825187956493,8.581462347266442,33.237237468203425
opx,opx_liq,T_C,raw,ElasticNet,58,none,B,ALL,174,77.06189003628756,61.989006718019475,91.99366628609333,76.50756764852876,61.311725414829084,91.6274888633472,0.5543223877588019,-0.9454301151163644,2.2232189960537276
opx,opx_liq,T_C,raw,ElasticNet,59,none,A,shallow_crustal,47,35.32950089738492,28.10151476095918,44.22777033916298,57.497609405418594,50.76379684494198,66.3311097428389,-22.168108508033676,-25.19590119135932,-18.52881447856505
opx,opx_liq,T_C,raw,ElasticNet,59,none,A,deep_crustal_MASH,61,78.46430905099997,29.674505530030473,112.71129285803137,76.97902633401911,33.79591984967038,109.08424835360115,1.485282716980862,-3.9472565250823255,4.046621783006196
opx,opx_liq,T_C,raw,ElasticNet,59,none,A,lithospheric_mantle,58,93.6982941619437,78.34991099271328,110.33710027483338,93.46831653466248,78.07397526515099,110.42921488041607,0.2299776272812295,-2.7167182397280327,3.3712178743346217
opx,opx_liq,T_C,raw,ElasticNet,59,none,A,deeper_mantle,8,105.99641300315001,79.17747404206752,130.67979903926252,60.60518282897912,51.38737842744622,68.60448962617097,45.39123017417089,24.981047055645007,63.84993409444328
opx,opx_liq,T_C,raw,ElasticNet,59,none,A,ALL,174,77.06189003628756,61.989006718019475,91.99366628609333,77.79074695159287,64.41740640747165,91.79275122146458,-0.7288569153053004,-3.9361295547836965,2.4605777411565275
opx,opx_liq,T_C,raw,ElasticNet,59,none,B,shallow_crustal,47,35.32950089738492,28.10151476095918,44.22777033916298,35.32950089738492,28.10151476095918,44.22777033916298,0.0,0.0,0.0
opx,opx_liq,T_C,raw,ElasticNet,59,none,B,deep_crustal_MASH,61,78.46430905099997,29.674505530030473,112.71129285803137,78.46430905099997,29.674505530030473,112.71129285803137,0.0,0.0,0.0
opx,opx_liq,T_C,raw,ElasticNet,59,none,B,lithospheric_mantle,58,93.6982941619437,78.34991099271328,110.33710027483338,95.30736168015586,79.48338340559137,112.46437382036218,-1.6090675182121572,-4.362430482533883,0.3108331964080767
opx,opx_liq,T_C,raw,ElasticNet,59,none,B,deeper_mantle,8,105.99641300315001,79.17747404206752,130.67979903926252,82.95415936066809,65.79088233437888,98.35290232476541,23.042253642481924,11.98748818367349,32.53805197528845
opx,opx_liq,T_C,raw,ElasticNet,59,none,B,ALL,174,77.06189003628756,61.989006718019475,91.99366628609333,76.4181412292626,61.236145730896965,91.59508240984125,0.6437488070249628,-0.8861050657323947,2.325837716808181
opx,opx_liq,T_C,raw,ElasticNet,60,none,A,shallow_crustal,47,35.32950089738492,28.10151476095918,44.22777033916298,57.37020497458122,50.601876625315015,66.2438940596409,-22.040704077196303,-25.03346267862932,-18.40295990029128
opx,opx_liq,T_C,raw,ElasticNet,60,none,A,deep_crustal_MASH,61,78.46430905099997,29.674505530030473,112.71129285803137,77.01299014156393,33.22130470385702,109.30830310005275,1.45131890943604,-3.4141337268337097,3.7820733165579767
opx,opx_liq,T_C,raw,ElasticNet,60,none,A,lithospheric_mantle,58,93.6982941619437,78.34991099271328,110.33710027483338,93.42225429614152,77.9758701678668,110.57426882153803,0.27603986580218987,-3.4729657932237195,4.289103219201512
opx,opx_liq,T_C,raw,ElasticNet,60,none,A,deeper_mantle,8,105.99641300315001,79.17747404206752,130.67979903926252,59.93448857750539,48.87024075720329,69.5512666107708,46.06192442564462,28.10747703911539,62.150354980023494
opx,opx_liq,T_C,raw,ElasticNet,60,none,A,ALL,174,77.06189003628756,61.989006718019475,91.99366628609333,77.73476874896663,64.30235952320132,91.86152748558212,-0.672878712679065,-3.9247244934849164,2.588749858557125
opx,opx_liq,T_C,raw,ElasticNet,60,none,B,shallow_crustal,47,35.32950089738492,28.10151476095918,44.22777033916298,35.32950089738492,28.10151476095918,44.22777033916298,0.0,0.0,0.0
opx,opx_liq,T_C,raw,ElasticNet,60,none,B,deep_crustal_MASH,61,78.46430905099997,29.674505530030473,112.71129285803137,78.46430905099997,29.674505530030473,112.71129285803137,0.0,0.0,0.0
opx,opx_liq,T_C,raw,ElasticNet,60,none,B,lithospheric_mantle,58,93.6982941619437,78.34991099271328,110.33710027483338,94.69937910303311,79.2442099531731,111.6291425693709,-1.0010849410894025,-2.7526265812066155,0.2206775528057878
opx,opx_liq,T_C,raw,ElasticNet,60,none,B,deeper_mantle,8,105.99641300315001,79.17747404206752,130.67979903926252,91.08224999275265,70.51212765495116,109.92824310332989,14.91416301039736,7.870944705490708,20.879178260468745
opx,opx_liq,T_C,raw,ElasticNet,60,none,B,ALL,174,77.06189003628756,61.989006718019475,91.99366628609333,76.59153811649468,61.61066006736114,91.7035777079537,0.4703519197928898,-0.526613418023377,1.5715101994197487
opx,opx_liq,T_C,raw,ElasticNet,61,none,A,shallow_crustal,47,35.32950089738492,28.10151476095918,44.22777033916298,57.232576697596194,50.28138448483518,66.20154242982174,-21.903075800211276,-24.920006292584837,-18.196528871175794
opx,opx_liq,T_C,raw,ElasticNet,61,none,A,deep_crustal_MASH,61,78.46430905099997,29.674505530030473,112.71129285803137,77.07343260388643,33.36446935508055,109.33093537073935,1.3908764471135413,-3.5179444870831444,3.759175106635347
opx,opx_liq,T_C,raw,ElasticNet,61,none,A,lithospheric_mantle,58,93.6982941619437,78.34991099271328,110.33710027483338,93.53070175917141,78.08488389683889,110.47692258448005,0.16759240277229992,-2.6984398976859794,3.181518451449374
opx,opx_liq,T_C,raw,ElasticNet,61,none,A,deeper_mantle,8,105.99641300315001,79.17747404206752,130.67979903926252,55.81130134295151,47.96112308177531,62.72286703566126,50.1851116601985,27.541403804186487,71.14503202299686
opx,opx_liq,T_C,raw,ElasticNet,61,none,A,ALL,174,77.06189003628756,61.989006718019475,91.99366628609333,77.63063146661267,64.02566877026024,91.76958210659238,-0.5687414303251046,-3.731568070786672,2.6296729508709333
opx,opx_liq,T_C,raw,ElasticNet,61,none,B,shallow_crustal,47,35.32950089738492,28.10151476095918,44.22777033916298,35.32950089738492,28.10151476095918,44.22777033916298,0.0,0.0,0.0
opx,opx_liq,T_C,raw,ElasticNet,61,none,B,deep_crustal_MASH,61,78.46430905099997,29.674505530030473,112.71129285803137,78.46430905099997,29.674505530030473,112.71129285803137,0.0,0.0,0.0
opx,opx_liq,T_C,raw,ElasticNet,61,none,B,lithospheric_mantle,58,93.6982941619437,78.34991099271328,110.33710027483338,95.55037465479731,79.66064403104687,112.93212730447497,-1.8520804928536023,-5.023241068790092,0.3380801377657964
opx,opx_liq,T_C,raw,ElasticNet,61,none,B,deeper_mantle,8,105.99641300315001,79.17747404206752,130.67979903926252,79.8648593004803,63.979899157063734,94.25033514735725,26.131553702669706,13.541960051088974,37.02544831700918
opx,opx_liq,T_C,raw,ElasticNet,61,none,B,ALL,174,77.06189003628756,61.989006718019475,91.99366628609333,76.36796659051227,61.02359114925984,91.56462805895703,0.6939234457752974,-1.0336993809698207,2.5687231015401455
opx,opx_liq,P_kbar,raw,MLP,42,none,A,shallow_crustal,47,2.9646551785365847,1.5068519962590017,4.056645927310569,0.7975907952116822,0.664354609963175,0.9311104235738408,2.1670643833249024,0.8384660541546689,3.125234972418619
opx,opx_liq,P_kbar,raw,MLP,42,none,A,deep_crustal_MASH,61,2.0789452576826175,1.6495892076865761,2.520134952104292,1.9532534354856927,1.574108172958896,2.3027469942033187,0.12569182219692476,-0.3568060089072787,0.6470088363479323
opx,opx_liq,P_kbar,raw,MLP,42,none,A,lithospheric_mantle,58,5.379807870130083,4.016669670540901,6.780881882734946,2.635698757775873,2.0047625999779584,3.187250764602697,2.7441091123542103,1.5486252876634248,4.024229908336754
opx,opx_liq,P_kbar,raw,MLP,42,none,A,deeper_mantle,8,4.71503282719048,3.6136476927428043,5.853310784804668,7.865753836698824,4.238952353998267,10.723778154857198,-3.150721009508344,-5.079619217696853,-0.4619024038916391
opx,opx_liq,P_kbar,raw,MLP,42,none,A,ALL,174,3.8156075924116495,3.1100140417065103,4.539885352254691,2.582553719835249,2.0152993556639087,3.186942560452143,1.2330538725764004,0.4247982757371594,2.0077324481497154
opx,opx_liq,P_kbar,raw,MLP,42,none,B,shallow_crustal,47,2.9646551785365847,1.5068519962590017,4.056645927310569,3.404196759784729,2.299011677014399,4.369056804099531,-0.43954158124814446,-0.7919064475651741,-0.2935220448094173
opx,opx_liq,P_kbar,raw,MLP,42,none,B,deep_crustal_MASH,61,2.0789452576826175,1.6495892076865761,2.520134952104292,1.968591323727694,1.5721088837128319,2.370778853487148,0.11035393395492354,0.040293623125078025,0.2013556861550426
opx,opx_liq,P_kbar,raw,MLP,42,none,B,lithospheric_mantle,58,5.379807870130083,4.016669670540901,6.780881882734946,5.320756588076135,4.204415512200961,6.4097089156396425,0.059051282053948384,-0.22923355406619267,0.45152014016642195
opx,opx_liq,P_kbar,raw,MLP,42,none,B,deeper_mantle,8,4.71503282719048,3.6136476927428043,5.853310784804668,5.846702428925152,2.9656823091279687,8.122281135566993,-1.1316696017346723,-2.3958144614656094,0.7447807934867711
opx,opx_liq,P_kbar,raw,MLP,42,none,B,ALL,174,3.8156075924116495,3.1100140417065103,4.539885352254691,3.9366653614164826,3.3335996626627664,4.535637549811843,-0.12105776900483312,-0.33568250359840357,0.11513345777381918
opx,opx_liq,P_kbar,raw,MLP,43,A,A,shallow_crustal,47,3.712236979792789,1.95263975734925,4.956781644703124,0.8324490227350975,0.722179886080463,0.9459402622529349,2.8797879570576916,1.2234986839309205,4.018298392906751
opx,opx_liq,P_kbar,raw,MLP,43,A,A,deep_crustal_MASH,61,2.885614977714964,2.314077744834056,3.40447303592411,1.9323796442241257,1.558310686413642,2.2803023894243837,0.9532353334908383,0.26222402396362726,1.5974059421792757
opx,opx_liq,P_kbar,raw,MLP,43,A,A,lithospheric_mantle,58,5.279262463789164,4.256671724426072,6.230982295743885,3.0631024399543767,2.416728857902559,3.695335273177482,2.216160023834787,1.3859636724096365,2.9988139694215796
opx,opx_liq,P_kbar,raw,MLP,43,A,A,deeper_mantle,8,10.574221013054611,6.721493780931002,14.266219749391604,9.659556720165309,3.181019868518748,13.328796672490219,0.9146642928893023,-1.9215344154388394,3.9928440481941525
opx,opx_liq,P_kbar,raw,MLP,43,A,A,ALL,174,4.590491776760293,3.893926965041625,5.309782883032882,2.985593858488669,2.1951782802250506,3.7713040199919767,1.6048979182716234,0.9967126093475902,2.276080661864566
opx,opx_liq,P_kbar,raw,MLP,43,A,B,shallow_crustal,47,3.712236979792789,1.95263975734925,4.956781644703124,4.661559452829156,3.512577631304728,5.662638434554113,-0.949322473036367,-1.5579385286126943,-0.6873219533073416
opx,opx_liq,P_kbar,raw,MLP,43,A,B,deep_crustal_MASH,61,2.885614977714964,2.314077744834056,3.40447303592411,2.6583794317984477,2.168515672817842,3.1076663341382202,0.2272355459165163,0.12440866220703216,0.33902620327156935
opx,opx_liq,P_kbar,raw,MLP,43,A,B,lithospheric_mantle,58,5.279262463789164,4.256671724426072,6.230982295743885,5.172073774591287,4.1753941820478895,6.122890516113246,0.10718868919787639,-0.13840768073831464,0.4544838741027166
opx,opx_liq,P_kbar,raw,MLP,43,A,B,deeper_mantle,8,10.574221013054611,6.721493780931002,14.266219749391604,12.990279552430215,8.81549679460316,17.08026852924625,-2.4160585393756033,-3.4016489329022823,-1.4410367194193359
opx,opx_liq,P_kbar,raw,MLP,43,A,B,ALL,174,4.590491776760293,3.893926965041625,5.309782883032882,5.002241627829876,4.219940990198225,5.806029797989599,-0.4117498510695832,-0.6597349047008985,-0.17372535751876386
opx,opx_liq,P_kbar,raw,MLP,44,A,A,shallow_crustal,47,2.7511996284599713,1.3729993200027006,3.7525331262247126,0.7592991425775958,0.614750013780291,0.903148330008919,1.9919004858823754,0.737511823653973,2.8654949558340883
opx,opx_liq,P_kbar,raw,MLP,44,A,A,deep_crustal_MASH,61,2.5334341767396933,2.0423166819984604,2.968482233735834,1.926321187876467,1.541734275193103,2.2861189753248046,0.6071129888632263,0.03524465537248487,1.1685265033487482
opx,opx_liq,P_kbar,raw,MLP,44,A,A,lithospheric_mantle,58,5.792817583231145,4.505245658427851,7.0511655507665,3.10327917294736,2.44225803281789,3.6988878421575864,2.6895384102837845,1.6592552479676634,3.688156273462759
opx,opx_liq,P_kbar,raw,MLP,44,A,A,deeper_mantle,8,7.8233041551213915,4.207932531634438,10.961427794511582,7.61371215246762,2.6557134316047604,11.03568441286773,0.2095920026537712,-1.9333515624861706,3.117158406826074
opx,opx_liq,P_kbar,raw,MLP,44,A,A,ALL,174,4.277169174261431,3.5635275736680194,5.0165965871746,2.7077574621776104,2.1022856382213906,3.3368305711315815,1.5694117120838205,0.9604609291192515,2.21038061499211
opx,opx_liq,P_kbar,raw,MLP,44,A,B,shallow_crustal,47,2.7511996284599713,1.3729993200027006,3.7525331262247126,3.6010541618048784,2.761660051495007,4.376944943167859,-0.849854533344907,-1.3915238571738036,-0.6054756962378298
opx,opx_liq,P_kbar,raw,MLP,44,A,B,deep_crustal_MASH,61,2.5334341767396933,2.0423166819984604,2.968482233735834,2.376564332714066,1.973565816841777,2.734398549541124,0.1568698440256271,0.0496052975078844,0.32013551155973663
opx,opx_liq,P_kbar,raw,MLP,44,A,B,lithospheric_mantle,58,5.792817583231145,4.505245658427851,7.0511655507665,5.725828068344045,4.547999700891925,6.842720335945409,0.06698951488709959,-0.0872567729315457,0.2836828450553336
opx,opx_liq,P_kbar,raw,MLP,44,A,B,deeper_mantle,8,7.8233041551213915,4.207932531634438,10.961427794511582,8.739361721794337,4.943686041790177,12.07365109295606,-0.9160575666729454,-1.2647817332557698,-0.5713112371667582
opx,opx_liq,P_kbar,raw,MLP,44,A,B,ALL,174,4.277169174261431,3.5635275736680194,5.0165965871746,4.463489226237036,3.7922068069731996,5.161934382156267,-0.18632005197560542,-0.32068127058620716,-0.04215040470140274
opx,opx_liq,P_kbar,raw,MLP,45,none,A,shallow_crustal,47,3.2828953311373996,2.205191908475622,4.235783454259731,0.8481830581867219,0.70492660288219,0.9872698237874434,2.434712272950678,1.5052928590198198,3.251194967406668
opx,opx_liq,P_kbar,raw,MLP,45,none,A,deep_crustal_MASH,61,2.2214460928794404,1.76723269285676,2.639135927867637,1.975408161351486,1.591416227875671,2.3322641705780187,0.2460379315279544,-0.1274596934924516,0.6257341536779579
opx,opx_liq,P_kbar,raw,MLP,45,none,A,lithospheric_mantle,58,5.871578706688116,4.73503189221537,6.958183276270186,2.908403818305234,2.287086982893916,3.4959154441048232,2.9631748883828823,2.019214379314537,3.8007461958326254
opx,opx_liq,P_kbar,raw,MLP,45,none,A,deeper_mantle,8,6.580302511297903,4.277858852825877,8.568101905596325,7.301948745968245,3.019092927911315,10.255181421866148,-0.7216462346703416,-2.624924884306631,2.2983139575898197
opx,opx_liq,P_kbar,raw,MLP,45,none,A,ALL,174,4.257205140933375,3.583779430081415,4.874746396695399,2.6140730404037167,2.0626705639598284,3.1852752049128825,1.6431321005296584,0.9948380213042206,2.230607638826263
opx,opx_liq,P_kbar,raw,MLP,45,none,B,shallow_crustal,47,3.2828953311373996,2.205191908475622,4.235783454259731,3.5785561708327527,2.660722957308932,4.447259260196049,-0.29566083969535306,-0.47406291234528386,-0.18719531430906072
opx,opx_liq,P_kbar,raw,MLP,45,none,B,deep_crustal_MASH,61,2.2214460928794404,1.76723269285676,2.639135927867637,2.16548793441686,1.728292195140761,2.5607066776337977,0.05595815846258034,0.007919626610602526,0.14483061702138747
opx,opx_liq,P_kbar,raw,MLP,45,none,B,lithospheric_mantle,58,5.871578706688116,4.73503189221537,6.958183276270186,5.826816095968809,4.743899815059606,6.8891186050783935,0.04476261071930754,-0.05981167027895869,0.1664858172691545
opx,opx_liq,P_kbar,raw,MLP,45,none,B,deeper_mantle,8,6.580302511297903,4.277858852825877,8.568101905596325,7.492291590131516,5.072982869549383,9.723520358747647,-0.9119890788336127,-1.2103044731190211,-0.5780066901898919
opx,opx_liq,P_kbar,raw,MLP,45,none,B,ALL,174,4.257205140933375,3.583779430081415,4.874746396695399,4.359039808947227,3.724853018742185,4.96579394658012,-0.10183466801385155,-0.19080948919620688,-0.020031733727657364
opx,opx_liq,P_kbar,raw,MLP,46,A,A,shallow_crustal,47,2.8649666251398864,1.266732971086732,3.9529643858547945,0.9196845498906027,0.7928441199073178,1.0503899447205824,1.9452820752492839,0.47386813445898845,2.909170758351579
opx,opx_liq,P_kbar,raw,MLP,46,A,A,deep_crustal_MASH,61,2.6872203033567557,2.156886994427832,3.1801442121917027,1.8834184810068697,1.5223055260777385,2.2150070692055266,0.803801822349886,0.16307127517390826,1.3990286222176564
opx,opx_liq,P_kbar,raw,MLP,46,A,A,lithospheric_mantle,58,6.11367448346812,4.892258408648193,7.307426922175669,3.6401495569488214,2.824648527840406,4.404937504482194,2.473524926519299,1.6905800623049179,3.199217259962004
opx,opx_liq,P_kbar,raw,MLP,46,A,A,deeper_mantle,8,12.925399113097603,9.213822971596173,16.535686336626508,9.425948882610847,2.431520428409297,13.195948694574724,3.4994502304867563,0.8816529136361353,7.0480503162478865
opx,opx_liq,P_kbar,raw,MLP,46,A,A,ALL,174,4.988874038093581,4.129368754004481,5.8222786224421865,3.15815378659826,2.3638476961093366,3.934327794197732,1.830720251495321,1.2891427320579083,2.3865129264804716
opx,opx_liq,P_kbar,raw,MLP,46,A,B,shallow_crustal,47,2.8649666251398864,1.266732971086732,3.9529643858547945,2.994125744658351,1.5503386653564752,4.040822212107977,-0.12915911951846448,-0.2871659402250849,-0.07337835072445179
opx,opx_liq,P_kbar,raw,MLP,46,A,B,deep_crustal_MASH,61,2.6872203033567557,2.156886994427832,3.1801442121917027,2.5550355601430415,2.074203381823297,2.9901050511784337,0.1321847432137142,0.059113025358554304,0.21666172104469167
opx,opx_liq,P_kbar,raw,MLP,46,A,B,lithospheric_mantle,58,6.11367448346812,4.892258408648193,7.307426922175669,6.095396608444096,4.8656963393880375,7.277866357737922,0.018277875024024226,-0.0779890955904972,0.1404085313309332
opx,opx_liq,P_kbar,raw,MLP,46,A,B,deeper_mantle,8,12.925399113097603,9.213822971596173,16.535686336626508,13.867390727983874,10.137708940924645,17.62370545196342,-0.9419916148862715,-1.3067195870768538,-0.578242445069442
opx,opx_liq,P_kbar,raw,MLP,46,A,B,ALL,174,4.988874038093581,4.129368754004481,5.8222786224421865,5.092774781346434,4.183457245163599,5.976322660307147,-0.10390074325285337,-0.20482847026802492,-0.0034807472429608985
opx,opx_liq,P_kbar,raw,MLP,47,none,A,shallow_crustal,47,2.7254814121268076,2.164674244792338,3.2974056928709676,0.8312688547896444,0.7732656525230355,0.88847972891534,1.894212557337163,1.3578524109752033,2.436132289196903
opx,opx_liq,P_kbar,raw,MLP,47,none,A,deep_crustal_MASH,61,2.422393703903218,1.9802254081587691,2.879102752607261,1.9916124221584033,1.6053077658485257,2.3515427113253327,0.43078128174481467,0.035878687091579924,0.8901374403501356
opx,opx_liq,P_kbar,raw,MLP,47,none,A,lithospheric_mantle,58,5.676137737861662,3.762553113828371,7.908250986608799,2.842241722820214,2.142005093617857,3.4795994053258124,2.8338960150414483,1.2622947277353636,4.596494969943873
opx,opx_liq,P_kbar,raw,MLP,47,none,A,deeper_mantle,8,3.948552273178463,1.4241670668705935,6.31765803906869,7.60239802204331,3.772945787833455,10.29288299406793,-3.6538457488648475,-7.826673004632098,-0.10626096799225544
opx,opx_liq,P_kbar,raw,MLP,47,none,A,ALL,174,3.9395423800792644,3.006353191738055,5.092655282805721,2.6319766011926267,2.091575032767198,3.197652730632347,1.3075657788866377,0.3205760396480855,2.3295698815749404
opx,opx_liq,P_kbar,raw,MLP,47,none,B,shallow_crustal,47,2.7254814121268076,2.164674244792338,3.2974056928709676,3.5322716550654905,3.1429481947364675,3.928149804104958,-0.8067902429386828,-1.116728393763203,-0.5338010539755256
opx,opx_liq,P_kbar,raw,MLP,47,none,B,deep_crustal_MASH,61,2.422393703903218,1.9802254081587691,2.879102752607261,2.322025863055072,1.9359102180443042,2.684628423689855,0.1003678408481461,0.0,0.2977499078341034
opx,opx_liq,P_kbar,raw,MLP,47,none,B,lithospheric_mantle,58,5.676137737861662,3.762553113828371,7.908250986608799,4.770413900143042,3.760430552934703,5.782883623765439,0.9057238377186199,0.0,2.356954929085184
opx,opx_liq,P_kbar,raw,MLP,47,none,B,deeper_mantle,8,3.948552273178463,1.4241670668705935,6.31765803906869,20.604175339547766,2.8153805593969006,29.093006136069484,-16.6556230663693,-24.30109006511536,0.0
opx,opx_liq,P_kbar,raw,MLP,47,none,B,ALL,174,3.9395423800792644,3.006353191738055,5.092655282805721,5.6890042834713626,3.6783520058025942,7.513308648718742,-1.7494619033920982,-3.7444522947806007,0.25188572380173946
opx,opx_liq,P_kbar,raw,MLP,48,none,A,shallow_crustal,47,3.574185955856129,1.9166023114155182,4.786980557628775,0.7543394935500484,0.6403905039141906,0.8673750083160808,2.8198464623060806,1.2552600700800274,3.9335929930505817
opx,opx_liq,P_kbar,raw,MLP,48,none,A,deep_crustal_MASH,61,2.4842998876391267,2.017562669840188,2.8950062793337823,1.8937928025891153,1.5177105438310676,2.2519334431713345,0.5905070850500114,0.023701080199934166,1.157245261809929
opx,opx_liq,P_kbar,raw,MLP,48,none,A,lithospheric_mantle,58,5.342267761809628,3.7387209850224288,7.236250981067576,2.8538350187389208,2.1503909895504263,3.506172181228016,2.4884327430707076,1.2737720400463879,3.843420954282741
opx,opx_liq,P_kbar,raw,MLP,48,none,A,deeper_mantle,8,2.9375390672841033,1.0610557741416886,4.4403651341243435,7.36729569659055,3.951485825102814,10.007271083442829,-4.429756629306446,-7.240484176109215,-1.6001296034905037
opx,opx_liq,P_kbar,raw,MLP,48,none,A,ALL,174,3.9400939915819566,3.107413000476464,4.866229599388225,2.573190602497313,2.0505474738376854,3.118009765260004,1.3669033890846438,0.47831214963965923,2.2055543892258203
opx,opx_liq,P_kbar,raw,MLP,48,none,B,shallow_crustal,47,3.574185955856129,1.9166023114155182,4.786980557628775,3.6777355477891556,2.1331756537336815,4.866732730197917,-0.10354959193302671,-0.3355194594069938,0.09450784204749516
opx,opx_liq,P_kbar,raw,MLP,48,none,B,deep_crustal_MASH,61,2.4842998876391267,2.017562669840188,2.8950062793337823,2.410680056343183,1.9938639314499538,2.7811764451221275,0.07361983129594352,0.01003596976549751,0.14310857220717543
opx,opx_liq,P_kbar,raw,MLP,48,none,B,lithospheric_mantle,58,5.342267761809628,3.7387209850224288,7.236250981067576,5.766331398005307,3.7387209850224288,8.167389647052296,-0.42406363619567866,-1.0070630712683861,0.0
opx,opx_liq,P_kbar,raw,MLP,48,none,B,deeper_mantle,8,2.9375390672841033,1.0610557741416886,4.4403651341243435,4.676835441242082,1.058669345792095,7.798546055465535,-1.7392963739579783,-3.5860064892633257,1.1685283943491722
opx,opx_liq,P_kbar,raw,MLP,48,none,B,ALL,174,3.9400939915819566,3.107413000476464,4.866229599388225,4.216633476273454,3.1698486016850365,5.455299881033506,-0.2765394846914977,-0.6336681855392601,0.025937103965653706
opx,opx_liq,P_kbar,raw,MLP,49,none,A,shallow_crustal,47,4.685032467091889,3.471935337999088,5.818203185231603,0.9721122579349,0.909130040960386,1.0382519469242355,3.712920209156989,2.543171104226753,4.784333634438298
opx,opx_liq,P_kbar,raw,MLP,49,none,A,deep_crustal_MASH,61,2.8385105105602535,2.336385135557573,3.2597728239178076,1.9058010074909038,1.520408875464481,2.2581026346283273,0.9327095030693497,0.3989235510976585,1.4135604812089237
opx,opx_liq,P_kbar,raw,MLP,49,none,A,lithospheric_mantle,58,5.302184539545894,4.0423817061111835,6.58297283346042,2.843721326815651,2.184236609932908,3.429799006913051,2.458463212730243,1.3101818800165292,3.67270277218254
opx,opx_liq,P_kbar,raw,MLP,49,none,A,deeper_mantle,8,6.047735312850484,2.4165603532316347,9.290027673470897,7.583314260946804,3.6218475714447744,10.678410192088016,-1.5355789480963207,-3.215929141374065,-0.40226716314209254
opx,opx_liq,P_kbar,raw,MLP,49,none,A,ALL,174,4.450414988579635,3.8033741339474814,5.137347429935506,2.620713939549205,2.057387705747007,3.2220445294069244,1.8297010490304304,1.1537082151477234,2.512815396960168
opx,opx_liq,P_kbar,raw,MLP,49,none,B,shallow_crustal,47,4.685032467091889,3.471935337999088,5.818203185231603,5.327382622243961,4.338658516350598,6.296816149504413,-0.642350155152072,-0.8933248457275168,-0.46727474576341715
opx,opx_liq,P_kbar,raw,MLP,49,none,B,deep_crustal_MASH,61,2.8385105105602535,2.336385135557573,3.2597728239178076,2.6941247268770696,2.225638437412876,3.0996898206207195,0.1443857836831839,0.06060685256648309,0.2668502907164657
opx,opx_liq,P_kbar,raw,MLP,49,none,B,lithospheric_mantle,58,5.302184539545894,4.0423817061111835,6.58297283346042,5.1573562169687825,4.156784593039722,6.1334107261842306,0.1448283225771112,-0.185707203192127,0.6057296096722664
opx,opx_liq,P_kbar,raw,MLP,49,none,B,deeper_mantle,8,6.047735312850484,2.4165603532316347,9.290027673470897,7.932714141276131,3.3813612349164535,11.674227518537263,-1.8849788284256475,-2.8490842074352507,-0.6166242744055517
opx,opx_liq,P_kbar,raw,MLP,49,none,B,ALL,174,4.450414988579635,3.8033741339474814,5.137347429935506,4.68722304981869,4.095080649281455,5.320773027556834,-0.23680806123905462,-0.47102143889650094,0.016424675973840636
opx,opx_liq,P_kbar,raw,MLP,50,none,A,shallow_crustal,47,2.2557204156273967,1.1801160226581517,3.070500866494249,0.9613648744185768,0.9505737540553896,0.9740576510679773,1.29435554120882,0.22931080343967483,2.0955555855707715
opx,opx_liq,P_kbar,raw,MLP,50,none,A,deep_crustal_MASH,61,2.572407319390404,2.0645312522140538,3.0250486835711423,1.8561699031998447,1.468541690276217,2.2087386713992756,0.7162374161905594,0.10030847027026801,1.2985177096606144
opx,opx_liq,P_kbar,raw,MLP,50,none,A,lithospheric_mantle,58,6.135844135220174,4.492715729076673,7.9949557264654425,2.9188281467670194,2.266819147584943,3.5108517069186544,3.217015988453155,1.6831626386095564,4.9480634763558164
opx,opx_liq,P_kbar,raw,MLP,50,none,A,deeper_mantle,8,5.306305309723142,4.172725371461575,6.350774756783956,6.248051061041015,3.1719719182147244,8.691759272100427,-0.9417457513178729,-3.1087560737505395,2.1486443608573342
opx,opx_liq,P_kbar,raw,MLP,50,none,A,ALL,174,4.187883307034612,3.301179932928556,5.1459705019900115,2.4682411592494637,2.019599779124331,2.938781172072844,1.7196421477851485,0.8665510379585981,2.655958974552018
opx,opx_liq,P_kbar,raw,MLP,50,none,B,shallow_crustal,47,2.2557204156273967,1.1801160226581517,3.070500866494249,3.845608160116478,3.432783151029136,4.290424933195143,-1.5898877444890815,-2.2322889249738527,-1.1976437042908588
opx,opx_liq,P_kbar,raw,MLP,50,none,B,deep_crustal_MASH,61,2.572407319390404,2.0645312522140538,3.0250486835711423,2.289200972760309,1.8904280230802413,2.6529200721952293,0.28320634663009514,0.11860425845590099,0.4966958727661827
opx,opx_liq,P_kbar,raw,MLP,50,none,B,lithospheric_mantle,58,6.135844135220174,4.492715729076673,7.9949557264654425,5.899489585262783,4.608817490634817,7.184014159294507,0.23635454995739114,-0.22072247270642292,0.8693257133594167
opx,opx_liq,P_kbar,raw,MLP,50,none,B,deeper_mantle,8,5.306305309723142,4.172725371461575,6.350774756783956,6.872956902041172,4.072329652635545,9.18559676455199,-1.5666515923180295,-3.250021553026589,0.6636231540152393
opx,opx_liq,P_kbar,raw,MLP,50,none,B,ALL,174,4.187883307034612,3.301179932928556,5.1459705019900115,4.427751359903318,3.7869823949348653,5.0950736547646045,-0.23986805286870538,-0.5941554400682664,0.16335629674946456
opx,opx_liq,P_kbar,raw,MLP,51,none,A,shallow_crustal,47,2.4303827818109505,1.096020128939654,3.3589299831879407,0.9408998429023463,0.9242299578804235,0.9605310860442581,1.4894829389086042,0.1754414418277332,2.40206514808159
opx,opx_liq,P_kbar,raw,MLP,51,none,A,deep_crustal_MASH,61,2.4212096255167603,1.9273669014775991,2.8729925064001645,1.7604919250338047,1.3810982224162038,2.114613171536964,0.6607177004829556,0.06176187273194281,1.281278356237209
opx,opx_liq,P_kbar,raw,MLP,51,none,A,lithospheric_mantle,58,5.796076132723222,4.473700444013608,7.079781506269758,3.0654896056687697,2.3754444110438815,3.704260475725674,2.7305865270544523,1.564579084985465,3.861273074251734
opx,opx_liq,P_kbar,raw,MLP,51,none,A,deeper_mantle,8,7.876676252763742,4.73342668111308,10.706971836202003,8.470839697371735,3.6580341375188294,11.804066828987368,-0.5941634446079931,-3.3372558042295504,2.938679236864413
opx,opx_liq,P_kbar,raw,MLP,51,none,A,ALL,174,4.20729559739654,3.4544093761032197,4.955525188144008,2.785170219948849,2.1164976412501075,3.4694601002800014,1.4221253774476907,0.7049424198829876,2.1412299372695327
opx,opx_liq,P_kbar,raw,MLP,51,none,B,shallow_crustal,47,2.4303827818109505,1.096020128939654,3.3589299831879407,3.593010028031316,2.949716141490639,4.232093095951041,-1.1626272462203655,-1.8573764499728211,-0.8515621131671685
opx,opx_liq,P_kbar,raw,MLP,51,none,B,deep_crustal_MASH,61,2.4212096255167603,1.9273669014775991,2.8729925064001645,2.161263982151406,1.7901468800639309,2.4917849363336195,0.2599456433653544,0.10659816641107853,0.4357044720606135
opx,opx_liq,P_kbar,raw,MLP,51,none,B,lithospheric_mantle,58,5.796076132723222,4.473700444013608,7.079781506269758,5.595544694984444,4.459725566623752,6.686206368350766,0.20053143773877835,-0.07414718663128864,0.5276673764418183
opx,opx_liq,P_kbar,raw,MLP,51,none,B,deeper_mantle,8,7.876676252763742,4.73342668111308,10.706971836202003,9.38811554112776,5.849614042002185,12.567553166751113,-1.5114392883640182,-2.1386223498675703,-0.7880407505257153
opx,opx_liq,P_kbar,raw,MLP,51,none,B,ALL,174,4.20729559739654,3.4544093761032197,4.955525188144008,4.42872829128754,3.7589500401470697,5.095210128178399,-0.22143269389100073,-0.44623144366206924,-0.008796603858852422
opx,opx_liq,P_kbar,raw,MLP,52,A,A,shallow_crustal,47,4.538752424224581,3.0321928563814935,5.787935262107358,1.117613183641542,0.9302868233591669,1.3032418570742283,3.4211392405830394,2.105577230867625,4.485490527725742
opx,opx_liq,P_kbar,raw,MLP,52,A,A,deep_crustal_MASH,61,3.0741649865432996,2.4269100648719193,3.6358311330771182,1.824934478006572,1.452688054354936,2.158236391440714,1.2492305085367277,0.49831668048926236,1.929394931747115
opx,opx_liq,P_kbar,raw,MLP,52,A,A,lithospheric_mantle,58,6.0037379759491145,4.97731792257605,6.991733687647829,3.5096071733044423,2.6741405361646398,4.311857827776916,2.4941308026446722,1.7729377842107603,3.181056405076283
opx,opx_liq,P_kbar,raw,MLP,52,A,A,deeper_mantle,8,13.255475865806462,9.878019615750421,16.70771059720277,8.988543596430278,1.4530199801923147,12.79765627313876,4.266932269376184,2.6553822779556926,7.366482486835598
opx,opx_liq,P_kbar,raw,MLP,52,A,A,ALL,174,5.382472797868466,4.613093508459091,6.1534925236153635,3.0537488869486373,2.2975634881894567,3.8120959648393526,2.328723910919829,1.8441090592856788,2.8901141524377927
opx,opx_liq,P_kbar,raw,MLP,52,A,B,shallow_crustal,47,4.538752424224581,3.0321928563814935,5.787935262107358,4.880381680903175,3.57996716481503,6.001000056976965,-0.34162925667859323,-0.5553541305244104,-0.2157175774277965
opx,opx_liq,P_kbar,raw,MLP,52,A,B,deep_crustal_MASH,61,3.0741649865432996,2.4269100648719193,3.6358311330771182,2.856313041637278,2.282783485040855,3.36674501875549,0.21785194490602144,0.13511289678972782,0.30178752133324943
opx,opx_liq,P_kbar,raw,MLP,52,A,B,lithospheric_mantle,58,6.0037379759491145,4.97731792257605,6.991733687647829,5.992507255538699,4.929936428588219,7.005995362740944,0.011230720410415174,-0.09293480172842399,0.13013685604656106
opx,opx_liq,P_kbar,raw,MLP,52,A,B,deeper_mantle,8,13.255475865806462,9.878019615750421,16.70771059720277,14.452331081230648,10.752367462394558,18.1192716221109,-1.1968552154241863,-1.6170908571335254,-0.7618565082940247
opx,opx_liq,P_kbar,raw,MLP,52,A,B,ALL,174,5.382472797868466,4.613093508459091,6.1534925236153635,5.555813545603024,4.739051899923125,6.400869933341319,-0.17334074773455743,-0.2906411292098179,-0.06046864120300273
opx,opx_liq,P_kbar,raw,MLP,53,none,A,shallow_crustal,47,2.108504195928692,1.2914010625381596,2.792362537927381,0.8272514532139787,0.7391975330587862,0.9225607588061139,1.2812527427147131,0.5426852664287162,1.8800924449741407
opx,opx_liq,P_kbar,raw,MLP,53,none,A,deep_crustal_MASH,61,2.623504847029481,2.143184557613549,3.0765743477634673,1.829694843875899,1.4531864238438446,2.176464010781229,0.7938100031535817,0.19231236451144645,1.388358251419954
opx,opx_liq,P_kbar,raw,MLP,53,none,A,lithospheric_mantle,58,5.789193668632035,4.145679534487708,7.553997675135307,3.185801699972326,2.45568785272031,3.8371795358980654,2.603391968659709,1.378512033208198,3.9010185533927517
opx,opx_liq,P_kbar,raw,MLP,53,none,A,deeper_mantle,8,6.379781977663877,4.1525090011496175,8.596537968366425,7.83163190616176,3.684179060096488,11.092510539819731,-1.4518499284978823,-2.9857272215290473,0.8209072061289993
opx,opx_liq,P_kbar,raw,MLP,53,none,A,ALL,174,4.081265568856901,3.268761072919937,4.994739233806112,2.7498337878969172,2.162282966551716,3.369717321148068,1.331431780959984,0.6208073019572636,2.108248963812967
opx,opx_liq,P_kbar,raw,MLP,53,none,B,shallow_crustal,47,2.108504195928692,1.2914010625381596,2.792362537927381,2.9310600273493423,2.4681162882676455,3.409711176771922,-0.8225558314206505,-1.1849641087873424,-0.605567499964285
opx,opx_liq,P_kbar,raw,MLP,53,none,B,deep_crustal_MASH,61,2.623504847029481,2.143184557613549,3.0765743477634673,2.4405824000450536,2.0108593733779463,2.808317092773189,0.18292244698442728,0.08658836648213844,0.3030828065286931
opx,opx_liq,P_kbar,raw,MLP,53,none,B,lithospheric_mantle,58,5.789193668632035,4.145679534487708,7.553997675135307,5.617912020823981,4.224436892823238,7.017143988013138,0.17128164780805388,-0.1424750495153622,0.5928365014996274
opx,opx_liq,P_kbar,raw,MLP,53,none,B,deeper_mantle,8,6.379781977663877,4.1525090011496175,8.596537968366425,7.3317655405270274,3.563332660236309,10.407278401107927,-0.9519835628631501,-1.9753037128984936,0.737492106440053
opx,opx_liq,P_kbar,raw,MLP,53,none,B,ALL,174,4.081265568856901,3.268761072919937,4.994739233806112,4.17139812285355,3.474804005631766,4.906063554721896,-0.0901325539966491,-0.3312715172742793,0.17750025449747905
opx,opx_liq,P_kbar,raw,MLP,54,A,A,shallow_crustal,47,5.788640503336636,3.8055227381012102,7.454246336939889,1.183648706827598,1.0452736564612763,1.3298339800216468,4.604991796509038,2.750190009502568,6.121772975351036
opx,opx_liq,P_kbar,raw,MLP,54,A,A,deep_crustal_MASH,61,2.655197119184694,2.139439290742175,3.1548865168446647,1.9649971446650005,1.5678483408913646,2.34629364552981,0.6901999745196934,0.25465685547462624,1.1356343998128613
opx,opx_liq,P_kbar,raw,MLP,54,A,A,lithospheric_mantle,58,5.244441951826119,3.9466157615537405,6.651667004919128,2.629639212805536,1.9439915525136893,3.2874182941897483,2.6148027390205835,1.6520136240142178,3.551243174191203
opx,opx_liq,P_kbar,raw,MLP,54,A,A,deeper_mantle,8,9.011802542702307,4.745099167016976,13.11675096600632,8.622550358103647,4.177421340672219,11.979837778531518,0.38925218459866073,-2.136791293073935,2.3932101175755527
opx,opx_liq,P_kbar,raw,MLP,54,A,A,ALL,174,4.942130552009105,4.079626599175305,5.859219056929764,2.7304575390061863,2.0587372313442445,3.407518231878393,2.2116730130029185,1.4518599562484442,3.0461477206428795
opx,opx_liq,P_kbar,raw,MLP,54,A,B,shallow_crustal,47,5.788640503336636,3.8055227381012102,7.454246336939889,6.340992766393785,4.6457329683100035,7.840126283244653,-0.5523522630571485,-0.8468079613269079,-0.38035460181615843
opx,opx_liq,P_kbar,raw,MLP,54,A,B,deep_crustal_MASH,61,2.655197119184694,2.139439290742175,3.1548865168446647,2.597524114498134,2.082988291683986,3.089032201312699,0.05767300468655989,0.0,0.18246186928064506
opx,opx_liq,P_kbar,raw,MLP,54,A,B,lithospheric_mantle,58,5.244441951826119,3.9466157615537405,6.651667004919128,4.926035505485618,3.8565174620658205,6.072475072364899,0.31840644634050097,-0.00019716409199406205,0.6064180935018044
opx,opx_liq,P_kbar,raw,MLP,54,A,B,deeper_mantle,8,9.011802542702307,4.745099167016976,13.11675096600632,8.539566629054628,4.215663139961836,12.719282798599284,0.4722359136476797,-0.06358796058494853,1.479115839699162
opx,opx_liq,P_kbar,raw,MLP,54,A,B,ALL,174,4.942130552009105,4.079626599175305,5.859219056929764,4.966653977036223,4.164532904520161,5.809152319755503,-0.024523425027117796,-0.18285141490820836,0.1268425072005129
opx,opx_liq,P_kbar,raw,MLP,55,none,A,shallow_crustal,47,4.260447897698638,2.692139211005336,5.556788998919941,0.9596742888035812,0.798415238681612,1.1219301273393392,3.300773608895057,1.908310750949694,4.452820195470029
opx,opx_liq,P_kbar,raw,MLP,55,none,A,deep_crustal_MASH,61,2.6399330365726823,2.1502931853634286,3.1255196503226146,1.9538300887462625,1.577343162368248,2.306683063905396,0.6861029478264198,0.14887525747818361,1.2477647372329723
opx,opx_liq,P_kbar,raw,MLP,55,none,A,lithospheric_mantle,58,5.7617958318313995,4.1318944331716825,7.6189243034677325,2.8043523289763086,2.0747736680584317,3.471828492952182,2.957443502855091,1.7966775521655742,4.2736859608851105
opx,opx_liq,P_kbar,raw,MLP,55,none,A,deeper_mantle,8,5.206307469347189,2.9012997209890177,7.038313159625589,9.912454048811263,3.4932469318786312,13.57683408314161,-4.7061465794640736,-6.863784309460345,-1.7817855375872373
opx,opx_liq,P_kbar,raw,MLP,55,none,A,ALL,174,4.433795621074727,3.603444060508008,5.326727145772958,2.9539950379486997,2.1372765522750923,3.7401874563557636,1.479800583126027,0.4728804825122158,2.415688914455169
opx,opx_liq,P_kbar,raw,MLP,55,none,B,shallow_crustal,47,4.260447897698638,2.692139211005336,5.556788998919941,4.561950753655042,3.177576256697684,5.774104123333938,-0.3015028559564037,-0.49738492995329764,-0.1960805298285517
opx,opx_liq,P_kbar,raw,MLP,55,none,B,deep_crustal_MASH,61,2.6399330365726823,2.1502931853634286,3.1255196503226146,2.6167722446252624,2.14317988028465,3.098852589338759,0.023160791947419934,0.0,0.07334298567714793
opx,opx_liq,P_kbar,raw,MLP,55,none,B,lithospheric_mantle,58,5.7617958318313995,4.1318944331716825,7.6189243034677325,4.854924523793943,3.892847691142315,5.775378151511932,0.9068713080374566,0.0,2.6209175206735513
opx,opx_liq,P_kbar,raw,MLP,55,none,B,deeper_mantle,8,5.206307469347189,2.9012997209890177,7.038313159625589,11.542156384525605,3.2178416666411964,16.188526433918817,-6.335848915178415,-9.312211576456345,0.0
opx,opx_liq,P_kbar,raw,MLP,55,none,B,ALL,174,4.433795621074727,3.603444060508008,5.326727145772958,4.690832831341273,3.8542805313220745,5.532958705986586,-0.2570372102665459,-1.1159536718127716,0.6821753093530256
opx,opx_liq,P_kbar,raw,MLP,56,A,A,shallow_crustal,47,5.740721988287527,2.262738489169271,7.939748535004985,1.024728895525168,0.807729089371333,1.2284186365152243,4.715993092762359,1.4648233573465292,6.719834022470347
opx,opx_liq,P_kbar,raw,MLP,56,A,A,deep_crustal_MASH,61,2.486242958590448,2.041453311924917,2.964919416769949,1.9264966065536997,1.5272612113537387,2.2900290103894667,0.5597463520367485,0.19991095617830595,0.8838104827183765
opx,opx_liq,P_kbar,raw,MLP,56,A,A,lithospheric_mantle,58,5.880544889776944,4.4665342962092796,7.34938668782568,3.172638714670656,2.3996887186868823,3.9153000857449736,2.707906175106288,1.7683015713756998,3.6084931549917894
opx,opx_liq,P_kbar,raw,MLP,56,A,A,deeper_mantle,8,11.145615317639871,7.2010397839697715,14.100418756111976,8.581129981175012,3.0767636728569587,12.148327693830243,2.564485336464859,-0.7765798755193214,7.315196123810015
opx,opx_liq,P_kbar,raw,MLP,56,A,A,ALL,174,5.320464303051325,4.243343594078152,6.3542824635300486,2.8853984796717462,2.1926925762844673,3.5821314821038697,2.4350658233795786,1.485477955337508,3.463370213085257
opx,opx_liq,P_kbar,raw,MLP,56,A,B,shallow_crustal,47,5.740721988287527,2.262738489169271,7.939748535004985,6.041947997580848,3.19827505138242,8.057142999420318,-0.30122600929332055,-0.9069550109331758,-0.11381224866895785
opx,opx_liq,P_kbar,raw,MLP,56,A,B,deep_crustal_MASH,61,2.486242958590448,2.041453311924917,2.964919416769949,2.4505550824814315,1.9978452305535837,2.931045135906988,0.03568787610901669,0.013119784467686735,0.06816359952805841
opx,opx_liq,P_kbar,raw,MLP,56,A,B,lithospheric_mantle,58,5.880544889776944,4.4665342962092796,7.34938668782568,5.632640999944791,4.401445329924764,6.920431348732785,0.24790388983215284,0.0033952692626948453,0.49252747437467953
opx,opx_liq,P_kbar,raw,MLP,56,A,B,deeper_mantle,8,11.145615317639871,7.2010397839697715,14.100418756111976,11.761697227081527,7.853211241138973,14.878063412843284,-0.6160819094416556,-0.9718961420071446,-0.25418386021898465
opx,opx_liq,P_kbar,raw,MLP,56,A,B,ALL,174,5.320464303051325,4.243343594078152,6.3542824635300486,5.376035248330755,4.361819780873542,6.350016369063326,-0.055570945279430184,-0.19052422191507323,0.07735615625855058
opx,opx_liq,P_kbar,raw,MLP,57,none,A,shallow_crustal,47,2.0266196194650345,1.3270689766939456,2.628721789527693,0.6979459200091463,0.6030789379262663,0.7928892960114143,1.328673699455888,0.7085484022672497,1.839405666548127
opx,opx_liq,P_kbar,raw,MLP,57,none,A,deep_crustal_MASH,61,2.461429743728031,2.0034190511327323,2.9000980551522013,1.9341302616657348,1.5617767092365706,2.280181307601801,0.5272994820622963,-0.08292857632149271,1.121415303260762
opx,opx_liq,P_kbar,raw,MLP,57,none,A,lithospheric_mantle,58,6.046204866753717,4.508995726728064,7.649657340281862,2.8554238859427947,2.220738475855406,3.4177633927048285,3.1907809808109224,1.8325912694870854,4.575573456543946
opx,opx_liq,P_kbar,raw,MLP,57,none,A,deeper_mantle,8,7.087503247540533,4.446914837060816,9.142291955118953,7.764015052760972,3.58472962608385,10.87631759686035,-0.6765118052204393,-3.1365545010113705,2.9095369468263823
opx,opx_liq,P_kbar,raw,MLP,57,none,A,ALL,174,4.210522288138774,3.406978374617945,5.0520382050644335,2.632933302300959,2.067642992895501,3.2506341814229427,1.5775889858378154,0.7530905947680189,2.4019111761646106
opx,opx_liq,P_kbar,raw,MLP,57,none,B,shallow_crustal,47,2.0266196194650345,1.3270689766939456,2.628721789527693,3.1529353316363693,2.6601624714523364,3.637252379943495,-1.1263157121713347,-1.3867081275073283,-0.953570540635748
opx,opx_liq,P_kbar,raw,MLP,57,none,B,deep_crustal_MASH,61,2.461429743728031,2.0034190511327323,2.9000980551522013,2.2353658449624088,1.856773793957688,2.5739419834574875,0.22606389876562227,0.05986263808821686,0.4139888453015925
opx,opx_liq,P_kbar,raw,MLP,57,none,B,lithospheric_mantle,58,6.046204866753717,4.508995726728064,7.649657340281862,5.7383923413626166,4.371677320535603,7.148021469307271,0.3078125253911006,0.10041180292315985,0.5190315930861891
opx,opx_liq,P_kbar,raw,MLP,57,none,B,deeper_mantle,8,7.087503247540533,4.446914837060816,9.142291955118953,7.7007331788581865,4.60931070604122,10.116457663229426,-0.6132299313176537,-1.1132185191733184,-0.02209749676105447
opx,opx_liq,P_kbar,raw,MLP,57,none,B,ALL,174,4.210522288138774,3.406978374617945,5.0520382050644335,4.259091953827397,3.5612070201278514,4.990075078072838,-0.048569665688622976,-0.21992248029747183,0.11328507919276912
opx,opx_liq,P_kbar,raw,MLP,58,A,A,shallow_crustal,47,3.59444562299955,1.8208652818431437,4.860052211592029,0.8511603419803644,0.5349802277126832,1.1175125841653721,2.743285281019186,1.296143189588314,3.774526997184281
opx,opx_liq,P_kbar,raw,MLP,58,A,A,deep_crustal_MASH,61,2.2011552811863373,1.8256088374899482,2.5447294388057307,1.9473709509397827,1.5659420334876373,2.304612214080299,0.25378433024655456,-0.1557142384233346,0.6711325318477301
opx,opx_liq,P_kbar,raw,MLP,58,A,A,lithospheric_mantle,58,6.219441015792321,4.954724716304354,7.501372009623284,2.9553550577018517,2.3015181215406337,3.531231748810567,3.2640859580904693,2.124942815139325,4.40709304907832
opx,opx_liq,P_kbar,raw,MLP,58,A,A,deeper_mantle,8,6.7950481202155855,4.582106164628598,8.97490086315168,6.776428869262264,3.960106201819648,9.026494517352207,0.018619250953321398,-1.1936593509326772,1.7364182272736322
opx,opx_liq,P_kbar,raw,MLP,58,A,A,ALL,174,4.495014696507375,3.7758043463161663,5.21730759592391,2.5588665046405032,2.1095243905821026,3.0293867923870472,1.9361481918668715,1.2665787755911269,2.6168182031706535
opx,opx_liq,P_kbar,raw,MLP,58,A,B,shallow_crustal,47,3.59444562299955,1.8208652818431437,4.860052211592029,3.752357088823737,2.160854502119205,4.968419306753832,-0.15791146582418714,-0.32741100478201035,-0.0915746190174072
opx,opx_liq,P_kbar,raw,MLP,58,A,B,deep_crustal_MASH,61,2.2011552811863373,1.8256088374899482,2.5447294388057307,2.1464032165122013,1.7846403818478493,2.4769006708441594,0.05475206467413596,0.021000264213328578,0.09794271390522459
opx,opx_liq,P_kbar,raw,MLP,58,A,B,lithospheric_mantle,58,6.219441015792321,4.954724716304354,7.501372009623284,6.155415862202251,4.970162136785596,7.342306928687956,0.06402515359007044,-0.037146651615073314,0.2052105009395599
opx,opx_liq,P_kbar,raw,MLP,58,A,B,deeper_mantle,8,6.7950481202155855,4.582106164628598,8.97490086315168,7.220848434414536,4.515264981456272,9.70616542928246,-0.42580031419895015,-0.8497522448145075,0.20058460646277101
opx,opx_liq,P_kbar,raw,MLP,58,A,B,ALL,174,4.495014696507375,3.7758043463161663,5.21730759592391,4.521655480836114,3.8256429735230344,5.213926711137088,-0.026640784328739286,-0.10680110884654288,0.05710696408088533
opx,opx_liq,P_kbar,raw,MLP,59,A,A,shallow_crustal,47,3.1764809678198676,1.4800633435938675,4.339160487173728,0.9059358621612117,0.8533707379925473,0.9648160124235879,2.270545105658656,0.6223326738790184,3.3831356070539504
opx,opx_liq,P_kbar,raw,MLP,59,A,A,deep_crustal_MASH,61,2.5899488378275595,2.072016548338979,3.0582659345580736,1.896019297100292,1.5192314160099794,2.246828005398156,0.6939295407272674,0.07100873206962302,1.3076815461136653
opx,opx_liq,P_kbar,raw,MLP,59,A,A,lithospheric_mantle,58,5.93632425467756,4.626394796102135,7.204008386748534,3.2571621112672036,2.5677883056400312,3.921193276013773,2.6791621434103563,1.6145314013575325,3.651935407248387
opx,opx_liq,P_kbar,raw,MLP,59,A,A,deeper_mantle,8,9.644227815565978,5.964024949902998,13.003266267075619,8.795609324408087,3.0915447079277647,12.355266279562564,0.8486184911578913,-2.0897268452877307,4.344460713418797
opx,opx_liq,P_kbar,raw,MLP,59,A,A,ALL,174,4.593483200069046,3.819148813741134,5.376150295267961,2.9283514131804975,2.2236650629060453,3.640816049368645,1.6651317868885482,0.9893007456371694,2.363327153187873
opx,opx_liq,P_kbar,raw,MLP,59,A,B,shallow_crustal,47,3.1764809678198676,1.4800633435938675,4.339160487173728,3.71789951998021,2.4872323281691036,4.727111555937312,-0.5414185521603425,-0.990901893604001,-0.36782874722628783
opx,opx_liq,P_kbar,raw,MLP,59,A,B,deep_crustal_MASH,61,2.5899488378275595,2.072016548338979,3.0582659345580736,2.3876944425362563,1.9526262919937685,2.77230196070699,0.20225439529130318,0.09904006160912514,0.3387314702204882
opx,opx_liq,P_kbar,raw,MLP,59,A,B,lithospheric_mantle,58,5.93632425467756,4.626394796102135,7.204008386748534,5.852893205274685,4.608869221625347,7.041078912557687,0.08343104940287471,-0.1103596682835126,0.34739969233671064
opx,opx_liq,P_kbar,raw,MLP,59,A,B,deeper_mantle,8,9.644227815565978,5.964024949902998,13.003266267075619,10.969668249153502,7.153507499631979,14.515502302570185,-1.3254404335875236,-1.814213412820905,-0.8321138807208032
opx,opx_liq,P_kbar,raw,MLP,59,A,B,ALL,174,4.593483200069046,3.819148813741134,5.376150295267961,4.762747243943137,3.9969069072831807,5.528861854761503,-0.1692640438740911,-0.3298237328697574,-0.0022388320696530594
opx,opx_liq,P_kbar,raw,MLP,60,none,A,shallow_crustal,47,3.2128332258485535,1.5600297152907916,4.400073302672292,0.7915242088124184,0.673238098278688,0.9091002665151456,2.421309017036135,0.8862207249798234,3.515357479439544
opx,opx_liq,P_kbar,raw,MLP,60,none,A,deep_crustal_MASH,61,2.0084196122230518,1.6600601896885234,2.3732877273657595,2.0061610357544133,1.6253229472176425,2.3590827045540044,0.0022585764686384735,-0.41612994515591706,0.4854455590589861
opx,opx_liq,P_kbar,raw,MLP,60,none,A,lithospheric_mantle,58,5.206757911645586,3.9531700575283177,6.442699354757146,2.726739675121601,2.0913560294616014,3.2760164771492897,2.480018236523985,1.3616589741869198,3.6118193578029394
opx,opx_liq,P_kbar,raw,MLP,60,none,A,deeper_mantle,8,3.969075865609882,1.8530298905981228,5.691220339936139,8.24863710765651,3.3896325835670917,11.319035501047939,-4.279561242046627,-6.610959428948732,-1.0619469138427982
opx,opx_liq,P_kbar,raw,MLP,60,none,A,ALL,174,3.736765313523079,3.0595694574357255,4.424207745957135,2.6808259739284552,2.062868909426771,3.3335841513044167,1.055939339594624,0.21006935941721305,1.8439154536720332
opx,opx_liq,P_kbar,raw,MLP,60,none,B,shallow_crustal,47,3.2128332258485535,1.5600297152907916,4.400073302672292,4.463650708424765,3.57322469340671,5.332869013421902,-1.250817482576212,-2.0076200477428774,-0.9029293886481609
opx,opx_liq,P_kbar,raw,MLP,60,none,B,deep_crustal_MASH,61,2.0084196122230518,1.6600601896885234,2.3732877273657595,1.8603083765981223,1.5971463296008979,2.134013156053465,0.14811123562492945,0.028435309936278318,0.3212910023350549
opx,opx_liq,P_kbar,raw,MLP,60,none,B,lithospheric_mantle,58,5.206757911645586,3.9531700575283177,6.442699354757146,5.084266915623123,4.044622904472919,6.121691479872182,0.1224909960224636,-0.1781853295377529,0.5670559467495748
opx,opx_liq,P_kbar,raw,MLP,60,none,B,deeper_mantle,8,3.969075865609882,1.8530298905981228,5.691220339936139,6.5261617743231,3.692812759749225,9.039188543283919,-2.557085908713218,-3.5360144472645687,-1.4794036431574238
opx,opx_liq,P_kbar,raw,MLP,60,none,B,ALL,174,3.736765313523079,3.0595694574357255,4.424207745957135,4.1436524618471875,3.574922450541924,4.714854613726335,-0.4068871483241083,-0.6810085779957221,-0.12585568893165935
opx,opx_liq,P_kbar,raw,MLP,61,none,A,shallow_crustal,47,3.0580946707729133,1.3126687519774236,4.242524197752549,0.776979432467461,0.6095160150036235,0.9359905640676692,2.2811152383054525,0.7028960667443015,3.3193606650817307
opx,opx_liq,P_kbar,raw,MLP,61,none,A,deep_crustal_MASH,61,2.896845831250943,2.374504786264555,3.3896456552830085,1.9475310840359732,1.5681222594851905,2.3013462308108554,0.9493147472149699,0.3000914428015568,1.5897016927376062
opx,opx_liq,P_kbar,raw,MLP,61,none,A,lithospheric_mantle,58,5.597628409780848,4.260977836582257,6.885613964064374,2.909559043857386,2.251114312616628,3.4957467942351217,2.688069365923462,1.5624558160628417,3.790964934178573
opx,opx_liq,P_kbar,raw,MLP,61,none,A,deeper_mantle,8,6.635614582154795,3.502286011989906,9.413479239239686,8.856905710506318,4.014980153446608,12.09179549366928,-2.221291128351523,-4.75941665909729,0.5046365475618657
opx,opx_liq,P_kbar,raw,MLP,61,none,A,ALL,174,4.235201939824936,3.5282424424798386,4.947471726758914,2.8144725213417305,2.131422591979654,3.522323645945763,1.4207294184832056,0.6624713459414735,2.184273731076772
opx,opx_liq,P_kbar,raw,MLP,61,none,B,shallow_crustal,47,3.0580946707729133,1.3126687519774236,4.242524197752549,4.057302737478729,3.0581268388820897,4.975838965736005,-0.9992080667058154,-1.7500321101338376,-0.7051129264584924
opx,opx_liq,P_kbar,raw,MLP,61,none,B,deep_crustal_MASH,61,2.896845831250943,2.374504786264555,3.3896456552830085,2.703297932702131,2.2393748946189196,3.1219720534647304,0.19354789854881194,0.019877607849482514,0.4085183109275229
opx,opx_liq,P_kbar,raw,MLP,61,none,B,lithospheric_mantle,58,5.597628409780848,4.260977836582257,6.885613964064374,5.319809407305164,4.1482193076959275,6.446929317058692,0.2778190024756837,0.08120879001080439,0.47611122709177756
opx,opx_liq,P_kbar,raw,MLP,61,none,B,deeper_mantle,8,6.635614582154795,3.502286011989906,9.413479239239686,7.317826277752216,3.6881626466283683,10.442348580869378,-0.6822116955974211,-1.1778006681526634,0.019602105438260346
opx,opx_liq,P_kbar,raw,MLP,61,none,B,ALL,174,4.235201939824936,3.5282424424798386,4.947471726758914,4.3478779314298395,3.7273222996659667,4.9900387484294075,-0.11267599160490338,-0.27661028393638076,0.043407619732838694
opx,opx_only,T_C,alr,LightGBM,42,none,A,shallow_crustal,48,112.19479713902862,99.00099024822299,126.41753530306099,92.73119203235692,80.75452679154175,106.14438091312554,19.463605106671707,14.071528395622314,24.177748810616812
opx,opx_only,T_C,alr,LightGBM,42,none,A,deep_crustal_MASH,76,129.69264814010918,106.18994455889997,152.7642517290178,107.89217505352089,85.57037156589679,129.9574400931882,21.800473086588298,17.25413035411114,26.24677047763716
opx,opx_only,T_C,alr,LightGBM,42,none,A,lithospheric_mantle,37,80.33425739755576,66.94104422014813,92.61100747806012,84.23680541474836,70.16793611620179,98.5999054801708,-3.9025480171926006,-13.27883559838347,5.580588413676896
opx,opx_only,T_C,alr,LightGBM,42,none,A,deeper_mantle,29,265.18906747181404,178.83668302724254,341.30758920524266,214.4838254609889,148.88090004815487,272.55890246769087,50.705242010825145,24.266760466910345,73.06702959374427
opx,opx_only,T_C,alr,LightGBM,42,none,A,ALL,190,147.98216692463086,120.77724193254221,174.1597227709291,123.41825480334657,102.24502588597322,143.9548225310879,24.56391212128429,16.997166555419494,32.24353872702634
opx,opx_only,T_C,alr,LightGBM,42,none,B,shallow_crustal,48,112.19479713902862,99.00099024822299,126.41753530306099,112.14160057861402,98.97943515585222,126.38090094114395,0.05319656041460519,-0.04581130925427459,0.1540887867805651
opx,opx_only,T_C,alr,LightGBM,42,none,B,deep_crustal_MASH,76,129.69264814010918,106.18994455889997,152.7642517290178,127.6922994687015,104.69901642778021,150.46099095391318,2.0003486714076786,0.9064355099384261,3.0594786615096745
opx,opx_only,T_C,alr,LightGBM,42,none,B,lithospheric_mantle,37,80.33425739755576,66.94104422014813,92.61100747806012,77.08155718240432,63.70592323170308,89.86838347731904,3.2527002151514353,1.5855757982274419,5.192639200647991
opx,opx_only,T_C,alr,LightGBM,42,none,B,deeper_mantle,29,265.18906747181404,178.83668302724254,341.30758920524266,265.6533739131559,180.25415251287268,342.0429200921688,-0.4643064413418756,-1.856469077914945,0.7473599626817757
opx,opx_only,T_C,alr,LightGBM,42,none,B,ALL,190,147.98216692463086,120.77724193254221,174.1597227709291,147.06349724157596,119.50395280187547,173.13406706762694,0.918669683054901,0.3457358704860163,1.5253936495241314
opx,opx_only,T_C,alr,LightGBM,43,none,A,shallow_crustal,48,108.24653761861407,93.7362702109081,125.05001726404824,90.0935284423287,77.10256713795805,105.64874522428994,18.153009176285366,13.374931888408376,22.4690337398648
opx,opx_only,T_C,alr,LightGBM,43,none,A,deep_crustal_MASH,76,127.90336083022875,104.16614541589449,151.5426231579253,107.18353448221626,84.14377432623971,129.9739086448268,20.71982634801249,16.350903260247765,25.04336180314669
opx,opx_only,T_C,alr,LightGBM,43,none,A,lithospheric_mantle,37,81.12406045080698,66.89170639530872,94.84172369792063,87.59061104071276,71.5096183622559,103.21840497494833,-6.466550589905779,-15.07533048093319,2.6504164289564676
opx,opx_only,T_C,alr,LightGBM,43,none,A,deeper_mantle,29,265.8098338290132,178.39496988978578,343.88892118832064,212.45841087240868,147.1366161581164,269.79362627855073,53.35142295660452,24.839368421627835,77.71927665471708
opx,opx_only,T_C,alr,LightGBM,43,none,A,ALL,190,146.86599460320426,119.05753704214847,173.51909507657595,122.59490512576475,101.27839044214328,142.97861052283739,24.271089477439503,15.959820786797758,32.79560951584157
opx,opx_only,T_C,alr,LightGBM,43,none,B,shallow_crustal,48,108.24653761861407,93.7362702109081,125.05001726404824,108.21985504578934,93.735498492389,125.02692085086672,0.026682572824725526,0.0,0.08634827144330429
opx,opx_only,T_C,alr,LightGBM,43,none,B,deep_crustal_MASH,76,127.90336083022875,104.16614541589449,151.5426231579253,125.59629103680341,101.89896360286426,149.0500738387447,2.3070697934253417,1.3993590213953109,3.184998138807642
opx,opx_only,T_C,alr,LightGBM,43,none,B,lithospheric_mantle,37,81.12406045080698,66.89170639530872,94.84172369792063,78.10710819269096,64.02286621590362,91.9676889004184,3.016952258116021,1.4182682897658485,4.846661351033581
opx,opx_only,T_C,alr,LightGBM,43,none,B,deeper_mantle,29,265.8098338290132,178.39496988978578,343.88892118832064,266.3104210483771,179.84138249621796,344.5232972776298,-0.500587219363922,-1.7447852096211782,0.5389454170252063
opx,opx_only,T_C,alr,LightGBM,43,none,B,ALL,190,146.86599460320426,119.05753704214847,173.51909507657595,145.88122337078664,117.87808993546417,172.6790750712921,0.9847712324176143,0.4781625408850889,1.564426354691158
opx,opx_only,T_C,alr,LightGBM,44,none,A,shallow_crustal,48,108.8106021725102,95.33402185064465,123.95500548952215,87.15036445525213,75.26656139427,100.42279887353048,21.66023771725807,15.968756194170048,26.81071890409958
opx,opx_only,T_C,alr,LightGBM,44,none,A,deep_crustal_MASH,76,127.27027345488453,104.4573665663795,149.36922965869945,105.87258776243041,83.98409846434664,127.64403266889437,21.397685692454118,16.955638716447208,25.814556008818432
opx,opx_only,T_C,alr,LightGBM,44,none,A,lithospheric_mantle,37,77.40692616680685,63.42015144038112,90.65263608246718,85.18107067805414,69.91244306711025,100.4923503075614,-7.774144511247286,-17.34374095062511,2.113585558092614
opx,opx_only,T_C,alr,LightGBM,44,none,A,deeper_mantle,29,264.90837997364105,176.89713134525067,342.1298375441491,216.07829972891568,150.2174840648747,274.10388854301095,48.830080244725366,20.917226243172113,72.26265696248517
opx,opx_only,T_C,alr,LightGBM,44,none,A,ALL,190,146.11008123084093,118.3955686319482,172.94727496802633,122.23625875748434,100.55747634977199,143.1270193800165,23.873822473356597,16.15114883394723,31.903905344354584
opx,opx_only,T_C,alr,LightGBM,44,none,B,shallow_crustal,48,108.8106021725102,95.33402185064465,123.95500548952215,108.79035705388371,95.33205520632627,123.92773064544777,0.02024511862649092,-0.059859995969286574,0.09021299918647613
opx,opx_only,T_C,alr,LightGBM,44,none,B,deep_crustal_MASH,76,127.27027345488453,104.4573665663795,149.36922965869945,125.84073485786256,103.36510703429221,147.8113552557369,1.429538597021974,0.6263188015690513,2.2102380216784727
opx,opx_only,T_C,alr,LightGBM,44,none,B,lithospheric_mantle,37,77.40692616680685,63.42015144038112,90.65263608246718,74.97893795468025,61.04262480143131,88.31752838200649,2.427988212126607,1.0995523623231438,3.973849287757558
opx,opx_only,T_C,alr,LightGBM,44,none,B,deeper_mantle,29,264.90837997364105,176.89713134525067,342.1298375441491,265.1436848899931,176.98285084074195,342.2978918648369,-0.23530491635204953,-1.3536198286323433,0.7879671752900544
opx,opx_only,T_C,alr,LightGBM,44,none,B,ALL,190,146.11008123084093,118.3955686319482,172.94727496802633,145.42797539319568,117.57997870473751,172.14491322743226,0.6821058376452527,0.24202804951383355,1.148059351100578
opx,opx_only,T_C,alr,LightGBM,45,none,A,shallow_crustal,48,111.73973333742381,98.23656703188553,126.41118913449523,92.13802204252953,80.56674106607528,105.52603578748894,19.601711294894287,14.78811265164738,23.885312486054495
opx,opx_only,T_C,alr,LightGBM,45,none,A,deep_crustal_MASH,76,126.986496345465,104.08553845543354,149.58673394495605,105.69760300536568,83.57911413160532,127.78286445643616,21.28889334009932,16.739435308074842,25.822901150502812
opx,opx_only,T_C,alr,LightGBM,45,none,A,lithospheric_mantle,37,80.48376596074074,66.96878981173276,93.75401585902755,84.42994832074572,69.7134757902096,99.31226165364698,-3.9461823600049826,-12.455503426909814,4.877333779946143
opx,opx_only,T_C,alr,LightGBM,45,none,A,deeper_mantle,29,264.59432171890904,177.93135135920494,341.0605373051585,209.8881798811579,145.0042492810672,266.8917796124115,54.70614183775115,26.832271357799367,79.2116848780595
opx,opx_only,T_C,alr,LightGBM,45,none,A,ALL,190,146.80504893591842,119.55715106404844,173.10564107111333,121.34883267549685,100.54533480826137,141.82491436069697,25.45621626042157,17.262065977249033,34.008245360572516
opx,opx_only,T_C,alr,LightGBM,45,none,B,shallow_crustal,48,111.73973333742381,98.23656703188553,126.41118913449523,111.73599095547097,98.24285428540026,126.39999979761463,0.0037423819528470403,-0.0753762934930819,0.06114876302970841
opx,opx_only,T_C,alr,LightGBM,45,none,B,deep_crustal_MASH,76,126.986496345465,104.08553845543354,149.58673394495605,124.8760150214845,102.30471989711695,147.0959858806142,2.110481323980494,1.0680539137068024,3.174263515956651
opx,opx_only,T_C,alr,LightGBM,45,none,B,lithospheric_mantle,37,80.48376596074074,66.96878981173276,93.75401585902755,77.25973343127251,63.48253106061678,90.96826512494866,3.224032529468232,1.5583815866619628,5.241527333182234
opx,opx_only,T_C,alr,LightGBM,45,none,B,deeper_mantle,29,264.59432171890904,177.93135135920494,341.0605373051585,265.11908521825757,179.20020666953707,341.69520527602754,-0.5247634993485235,-2.0780151873702613,0.7926459681718924
opx,opx_only,T_C,alr,LightGBM,45,none,B,ALL,190,146.80504893591842,119.55715106404844,173.10564107111333,145.884478131063,117.99961168383379,172.1406227454111,0.92057080485543,0.336521866847562,1.5484639773492057
opx,opx_only,T_C,alr,LightGBM,46,none,A,shallow_crustal,48,110.23989418660082,97.44043597802026,123.88005028929942,90.80802365150456,79.26469863551858,103.24062995340394,19.431870535096266,14.391938279042037,23.726930646398625
opx,opx_only,T_C,alr,LightGBM,46,none,A,deep_crustal_MASH,76,126.31827677771761,103.41581647353013,149.18594499365793,104.82564654806609,82.9096553021752,127.25560904078381,21.492630229651525,16.90174481762624,25.918457765386496
opx,opx_only,T_C,alr,LightGBM,46,none,A,lithospheric_mantle,37,81.53704059450328,67.04825514683569,95.4415693339129,85.64243439679956,71.09691305609952,100.49043516123213,-4.105393802296277,-13.41013276869653,5.235288590869595
opx,opx_only,T_C,alr,LightGBM,46,none,A,deeper_mantle,29,265.32333976296303,178.64378196417533,341.8124739676134,211.42411351614808,146.89402333417925,268.04741499149577,53.89922624681495,25.966023286864996,78.14053870737008
opx,opx_only,T_C,alr,LightGBM,46,none,A,ALL,190,146.60185676435927,119.20031050467736,173.17281433548933,121.36543324476722,100.29446074264256,141.91689736422992,25.23642351959205,16.944973852075616,33.70109994790332
opx,opx_only,T_C,alr,LightGBM,46,none,B,shallow_crustal,48,110.23989418660082,97.44043597802026,123.88005028929942,110.20813850483954,97.35450332169499,123.89466199854176,0.03175568176128252,-0.06404568282415575,0.13361886513499496
opx,opx_only,T_C,alr,LightGBM,46,none,B,deep_crustal_MASH,76,126.31827677771761,103.41581647353013,149.18594499365793,124.23901015270279,101.53319790038096,146.60374319906865,2.0792666250148244,0.8484267337847872,3.2857278740592535
opx,opx_only,T_C,alr,LightGBM,46,none,B,lithospheric_mantle,37,81.53704059450328,67.04825514683569,95.4415693339129,78.02158262926953,63.41606777662263,92.42762324664301,3.5154579652337503,1.7631967547026968,5.653516654332512
opx,opx_only,T_C,alr,LightGBM,46,none,B,deeper_mantle,29,265.32333976296303,178.64378196417533,341.8124739676134,265.73407568173417,179.5517797243345,342.465065027455,-0.41073591877113813,-2.1297201180735827,1.1041720452957726
opx,opx_only,T_C,alr,LightGBM,46,none,B,ALL,190,146.60185676435927,119.20031050467736,173.17281433548933,145.62282190859267,117.89141318471354,172.16734642472554,0.9790348557665993,0.31467284195282236,1.6898878068043626
opx,opx_only,T_C,alr,LightGBM,47,none,A,shallow_crustal,48,112.48127882088002,98.1526419098223,128.43036488222256,89.91273327859693,77.27957349975644,104.65496062810927,22.56854554228309,16.350364460292703,28.09654510862962
opx,opx_only,T_C,alr,LightGBM,47,none,A,deep_crustal_MASH,76,126.70833675237435,103.80927650583148,149.5801408310986,104.96010917961092,82.84912531354682,127.50976806481641,21.748227572763426,17.268875524889552,26.201031100929256
opx,opx_only,T_C,alr,LightGBM,47,none,A,lithospheric_mantle,37,79.14413218977859,65.31900417430201,92.13713464956125,86.22903432111862,71.09316985634872,101.31873016909354,-7.08490213134003,-16.143526413864777,2.457269315360514
opx,opx_only,T_C,alr,LightGBM,47,none,A,deeper_mantle,29,265.30997792376246,177.91058099302387,342.0391413673381,217.36186505495087,150.85042465141132,275.89599667572645,47.94811286881159,20.96771696066748,69.92007726329436
opx,opx_only,T_C,alr,LightGBM,47,none,A,ALL,190,146.90724854920714,119.3696726476977,173.2966834402696,122.91547354214207,101.24433895978471,143.66530381808005,23.991775007065073,16.577595655456633,31.516243675748463
opx,opx_only,T_C,alr,LightGBM,47,none,B,shallow_crustal,48,112.48127882088002,98.1526419098223,128.43036488222256,112.4689388937072,98.18810698796034,128.41716569127044,0.01233992717281751,-0.11035456920643334,0.10682086088888344
opx,opx_only,T_C,alr,LightGBM,47,none,B,deep_crustal_MASH,76,126.70833675237435,103.80927650583148,149.5801408310986,125.37410495074406,102.89589789355885,148.1519664070191,1.3342318016302954,0.44606229475128456,2.1788802697141447
opx,opx_only,T_C,alr,LightGBM,47,none,B,lithospheric_mantle,37,79.14413218977859,65.31900417430201,92.13713464956125,76.93271176418456,63.26133092216252,90.15643378907428,2.211420425594028,1.0074145701247215,3.569960370151546
opx,opx_only,T_C,alr,LightGBM,47,none,B,deeper_mantle,29,265.30997792376246,177.91058099302387,342.0391413673381,265.64069855924765,178.95277974313868,342.6826613322597,-0.3307206354851928,-1.3539748460345904,0.5594196051664421
opx,opx_only,T_C,alr,LightGBM,47,none,B,ALL,190,146.90724854920714,119.3696726476977,173.2966834402696,146.30820780168975,118.48299286544115,172.6859408731357,0.5990407475173924,0.15885692115047617,1.0522015821823987
opx,opx_only,T_C,alr,LightGBM,48,none,A,shallow_crustal,48,108.06341726122956,95.19198375068781,122.29767905117451,87.70601947079945,76.18824960685352,100.50756169037007,20.357397790430113,14.891282179504266,25.360602745077962
opx,opx_only,T_C,alr,LightGBM,48,none,A,deep_crustal_MASH,76,126.16821328821416,103.44209714014512,148.38893746247638,104.79019451183898,83.25686763535346,126.72626062859781,21.378018776375185,16.855440322188667,25.94254870174485
opx,opx_only,T_C,alr,LightGBM,48,none,A,lithospheric_mantle,37,78.0038510002182,64.5885265760621,90.6825761549911,82.22549378328613,67.5385401364585,96.59473454914158,-4.221642783067921,-12.75385415783785,4.4645493568617445
opx,opx_only,T_C,alr,LightGBM,48,none,A,deeper_mantle,29,266.78156897480176,178.6125670397193,345.023416040587,211.404448628696,145.95483943152752,269.23441152142385,55.377120346105755,26.15528918312632,80.81052254122866
opx,opx_only,T_C,alr,LightGBM,48,none,A,ALL,190,146.16968264918887,118.0086393904309,173.2452594872024,120.30682297673147,99.37744242112967,140.89163290438913,25.862859672457404,17.398146035254257,34.71848041790959
opx,opx_only,T_C,alr,LightGBM,48,none,B,shallow_crustal,48,108.06341726122956,95.19198375068781,122.29767905117451,107.97960533992914,95.13676195453569,122.21359435710025,0.08381192130042336,-0.08366091021962134,0.23717585105842495
opx,opx_only,T_C,alr,LightGBM,48,none,B,deep_crustal_MASH,76,126.16821328821416,103.44209714014512,148.38893746247638,124.24105537510057,101.99530422847882,146.3952918638843,1.9271579131135894,0.8617298653665955,2.9898273868289
opx,opx_only,T_C,alr,LightGBM,48,none,B,lithospheric_mantle,37,78.0038510002182,64.5885265760621,90.6825761549911,74.37285935720968,61.27466336621595,86.89395902749716,3.630991643008528,1.655950352507555,5.834519612946353
opx,opx_only,T_C,alr,LightGBM,48,none,B,deeper_mantle,29,266.78156897480176,178.6125670397193,345.023416040587,267.23307114575204,179.4724102357425,345.782860477278,-0.45150217095027756,-1.816386162959899,0.7730575440499221
opx,opx_only,T_C,alr,LightGBM,48,none,B,ALL,190,146.16968264918887,118.0086393904309,173.2452594872024,145.24815847843874,117.15004537912736,172.21709493780378,0.921524170750132,0.33463710591322454,1.5586705245980876
opx,opx_only,T_C,alr,LightGBM,49,none,A,shallow_crustal,48,106.68050559604508,92.7414839344893,121.76682196602752,86.24978349980366,74.35014657460931,100.00608933825487,20.430722096241425,14.871990291080255,25.30154734696691
opx,opx_only,T_C,alr,LightGBM,49,none,A,deep_crustal_MASH,76,126.52514123478957,103.19443117611142,149.49698005778734,104.70271680105708,82.37304572195276,126.87778356678686,21.822424433732493,17.189697202952335,26.389418226337174
opx,opx_only,T_C,alr,LightGBM,49,none,A,lithospheric_mantle,37,79.47939916999353,66.45397042015489,91.58137471239448,85.51593963146092,71.00146369304153,99.84299499548735,-6.036540461467396,-15.08719502729046,3.1634554496559124
opx,opx_only,T_C,alr,LightGBM,49,none,A,deeper_mantle,29,264.896704536043,177.99425343091022,341.4123039268273,215.57243020903366,149.87675111733785,273.6302278357378,49.324274327009334,21.942486726552392,72.15876218407016
opx,opx_only,T_C,alr,LightGBM,49,none,A,ALL,190,145.66716290067333,117.58200111460025,172.62633651799754,121.57925941908859,99.73762341077045,142.3679874682978,24.087903481584746,16.37960395421224,32.01619448429474
opx,opx_only,T_C,alr,LightGBM,49,none,B,shallow_crustal,48,106.68050559604508,92.7414839344893,121.76682196602752,106.60809675595549,92.67466416271121,121.67732595945492,0.0724088400895937,-0.023373491591383556,0.17866058097402227
opx,opx_only,T_C,alr,LightGBM,49,none,B,deep_crustal_MASH,76,126.52514123478957,103.19443117611142,149.49698005778734,125.10700226881355,101.94951907102903,148.00484072294384,1.418138965976027,0.61246366485408,2.186578214799523
opx,opx_only,T_C,alr,LightGBM,49,none,B,lithospheric_mantle,37,79.47939916999353,66.45397042015489,91.58137471239448,76.93385370066073,64.170667015214,89.09743676893397,2.5455454693327937,1.264608922835889,3.9575617082283285
opx,opx_only,T_C,alr,LightGBM,49,none,B,deeper_mantle,29,264.896704536043,177.99425343091022,341.4123039268273,265.1950796555173,178.65721532713923,342.07432547846935,-0.29837511947431494,-1.3110781672503762,0.5942082039655977
opx,opx_only,T_C,alr,LightGBM,49,none,B,ALL,190,145.66716290067333,117.58200111460025,172.62633651799754,144.97891668104774,116.85755407126574,171.77127585952607,0.6882462196255972,0.26658847532586377,1.1388949226834484
opx,opx_only,T_C,alr,LightGBM,50,none,A,shallow_crustal,48,112.01834642790622,98.719014818484,125.81193427345158,91.597362154471,79.9951717917734,104.39975975781213,20.420984273435224,14.992120210317246,25.205652671871363
opx,opx_only,T_C,alr,LightGBM,50,none,A,deep_crustal_MASH,76,127.64806671290381,103.83614183301131,151.27503555873255,106.53592866304888,84.01517288020294,129.58653437670077,21.112138049854934,16.597186501419394,25.462899760643133
opx,opx_only,T_C,alr,LightGBM,50,none,A,lithospheric_mantle,37,81.37583783730366,67.7515464637671,94.42782895819938,86.440436287571,71.71024333776525,101.1051052376562,-5.06459845026734,-15.140737005349676,5.0937439273975915
opx,opx_only,T_C,alr,LightGBM,50,none,A,deeper_mantle,29,264.0112480088776,177.95818736426867,339.4966512956447,213.07180403840547,147.35915962091852,270.8441984883332,50.93944397047213,24.587626834743073,73.24785952694035
opx,opx_only,T_C,alr,LightGBM,50,none,A,ALL,190,147.02356967559078,119.8138367335011,173.24829789168186,122.65412916075763,101.27592673326583,143.2970148437527,24.369440514833144,16.757056395967144,32.2213642916017
opx,opx_only,T_C,alr,LightGBM,50,none,B,shallow_crustal,48,112.01834642790622,98.719014818484,125.81193427345158,111.96842924926452,98.56107759397273,125.76441813108015,0.04991717864170653,-0.13256611270397228,0.20889702942283664
opx,opx_only,T_C,alr,LightGBM,50,none,B,deep_crustal_MASH,76,127.64806671290381,103.83614183301131,151.27503555873255,125.76897600074192,102.26467384784299,149.01220222364086,1.8790907121618972,0.7572418711907514,2.9897134061228914
opx,opx_only,T_C,alr,LightGBM,50,none,B,lithospheric_mantle,37,81.37583783730366,67.7515464637671,94.42782895819938,78.35100510046952,64.31042548799094,91.76586740919757,3.024832736834142,1.5127082553443838,4.803809038603058
opx,opx_only,T_C,alr,LightGBM,50,none,B,deeper_mantle,29,264.0112480088776,177.95818736426867,339.4966512956447,264.49163256632676,179.38299056271,340.3524620356356,-0.4803845574491561,-1.847356534015865,0.6862492142482939
opx,opx_only,T_C,alr,LightGBM,50,none,B,ALL,190,147.02356967559078,119.8138367335011,173.24829789168186,146.175552909849,118.62987707967763,172.4228520244324,0.8480167657417894,0.275317491738366,1.4498015292087902
opx,opx_only,T_C,alr,LightGBM,51,none,A,shallow_crustal,48,110.6077655973347,96.63627328593498,126.42139318320775,89.93880198368244,77.64204023367473,104.42591904637516,20.668963613652267,15.577004359177405,25.187789223450103
opx,opx_only,T_C,alr,LightGBM,51,none,A,deep_crustal_MASH,76,126.79236631301855,103.78701815206631,149.4493401046477,104.81192886150785,82.69762460994522,127.14607703641074,21.980437451510696,17.331771774882032,26.49944407595652
opx,opx_only,T_C,alr,LightGBM,51,none,A,lithospheric_mantle,37,78.18009851611222,63.96020524713871,91.29077689122957,84.75025530740601,69.94458580411884,99.60945405354457,-6.570156791293783,-16.381335606911453,3.4691516119051657
opx,opx_only,T_C,alr,LightGBM,51,none,A,deeper_mantle,29,264.9597041194522,178.23401256461779,342.340668843375,214.57512168467824,148.5714967759226,273.2324552020691,50.38458243477399,24.131003565681556,73.13311235884315
opx,opx_only,T_C,alr,LightGBM,51,none,A,ALL,190,146.37891131639344,118.91882659024476,173.0548441044098,121.9180250459954,100.40124661240553,142.33633204591942,24.460886270398035,16.828567250706413,32.352763816085236
opx,opx_only,T_C,alr,LightGBM,51,none,B,shallow_crustal,48,110.6077655973347,96.63627328593498,126.42139318320775,110.56775964441178,96.5635820219556,126.401742579452,0.0400059529229253,-0.13117506336198836,0.17615441109656002
opx,opx_only,T_C,alr,LightGBM,51,none,B,deep_crustal_MASH,76,126.79236631301855,103.78701815206631,149.4493401046477,125.06514539454571,102.46964090186022,147.49785641616955,1.7272209184728382,0.6654126999452373,2.7689428067778405
opx,opx_only,T_C,alr,LightGBM,51,none,B,lithospheric_mantle,37,78.18009851611222,63.96020524713871,91.29077689122957,74.97878032942762,61.05468650736891,88.37062840827423,3.2013181866846026,1.5674402225271717,5.120773646850476
opx,opx_only,T_C,alr,LightGBM,51,none,B,deeper_mantle,29,264.9597041194522,178.23401256461779,342.340668843375,265.47908137426964,179.80646602975713,342.88234075134767,-0.5193772548174138,-1.8823491760001203,0.6446762352979937
opx,opx_only,T_C,alr,LightGBM,51,none,B,ALL,190,146.37891131639344,118.91882659024476,173.0548441044098,145.59228370221626,117.8132796394182,172.19159051212253,0.7866276141771777,0.23328996428169405,1.3707082151457313
opx,opx_only,T_C,alr,LightGBM,52,none,A,shallow_crustal,48,112.20741977647714,99.01368817562876,125.8772949331247,92.14042255872329,80.96908880613225,104.67020287181367,20.06699721775385,15.09553634939178,24.42476045138035
opx,opx_only,T_C,alr,LightGBM,52,none,A,deep_crustal_MASH,76,127.79378218787501,103.3520704340753,151.6550217047589,106.45020544902768,82.94579177700176,129.6010480641085,21.343576738847332,16.7531282047294,25.73555631566995
opx,opx_only,T_C,alr,LightGBM,52,none,A,lithospheric_mantle,37,80.36093614138319,66.39783903130858,93.9349162460772,84.8499887189518,70.43967127911225,99.03151933821108,-4.489052577568614,-13.829249565232953,4.969976299466775
opx,opx_only,T_C,alr,LightGBM,52,none,A,deeper_mantle,29,265.09561541222354,178.8936208716182,341.6856823168994,210.6666138587604,145.9062092955954,267.97527144104913,54.42900155346314,26.962941949953315,78.56033321962627
opx,opx_only,T_C,alr,LightGBM,52,none,A,ALL,190,147.29947541420458,119.84629632948008,173.489910471397,121.8742401453507,100.93585873836604,142.52143179314143,25.425235268853882,17.291505379286104,33.846860929678755
opx,opx_only,T_C,alr,LightGBM,52,none,B,shallow_crustal,48,112.20741977647714,99.01368817562876,125.8772949331247,112.20455661533967,98.94474889699234,125.85369190155161,0.0028631611374692056,-0.07801140597998213,0.05735759471842988
opx,opx_only,T_C,alr,LightGBM,52,none,B,deep_crustal_MASH,76,127.79378218787501,103.3520704340753,151.6550217047589,125.60241842796002,101.68885959606324,149.33007357374711,2.191363759914992,1.0934033402478023,3.3342886168218264
opx,opx_only,T_C,alr,LightGBM,52,none,B,lithospheric_mantle,37,80.36093614138319,66.39783903130858,93.9349162460772,76.96860694744015,63.053200931812704,90.85951318225473,3.3923291939430413,1.7213133979633901,5.318994548166828
opx,opx_only,T_C,alr,LightGBM,52,none,B,deeper_mantle,29,265.09561541222354,178.8936208716182,341.6856823168994,265.69502911474035,180.12022417718407,342.3851069062858,-0.5994137025168129,-2.013275942783801,0.5815925901078052
opx,opx_only,T_C,alr,LightGBM,52,none,B,ALL,190,147.29947541420458,119.84629632948008,173.489910471397,146.3539814356244,118.5548831005598,172.64325181997825,0.9454939785801741,0.3609752068438525,1.5987917070729145
opx,opx_only,T_C,alr,LightGBM,53,none,A,shallow_crustal,48,110.10933161804846,96.97659167665047,124.16271984782132,89.25953520818584,77.89096179360898,102.12334753662579,20.84979640986262,16.08606365867235,25.03629860462751
opx,opx_only,T_C,alr,LightGBM,53,none,A,deep_crustal_MASH,76,125.66472768189317,102.2733582772511,148.34779637139349,104.5303831442942,82.07740929277782,126.8931081963137,21.134344537598963,16.655480525364638,25.54907068212404
opx,opx_only,T_C,alr,LightGBM,53,none,A,lithospheric_mantle,37,79.89203980237625,66.54784752168558,92.36017032831975,84.22299947302419,69.06443896552213,98.89308459118152,-4.3309596706479425,-12.496266243877404,4.11871341940637
opx,opx_only,T_C,alr,LightGBM,53,none,A,deeper_mantle,29,264.8271852113626,177.38315121580035,342.0753781051103,214.62357565647235,148.57089639173654,272.58217247370504,50.20360955489022,23.326255376771908,72.74363938266396
opx,opx_only,T_C,alr,LightGBM,53,none,A,ALL,190,146.03801835297017,118.18148716947358,172.7481992297308,121.63676470580904,100.03182593455783,142.50922119394207,24.401253647161127,16.910838497218755,32.16912740592121
opx,opx_only,T_C,alr,LightGBM,53,none,B,shallow_crustal,48,110.10933161804846,96.97659167665047,124.16271984782132,110.10933161804846,96.97659167665047,124.16271984782132,0.0,0.0,0.0
opx,opx_only,T_C,alr,LightGBM,53,none,B,deep_crustal_MASH,76,125.66472768189317,102.2733582772511,148.34779637139349,123.41386821911354,100.31140314660973,146.12116123610048,2.25085946277963,1.38576946442848,3.1314150812626185
opx,opx_only,T_C,alr,LightGBM,53,none,B,lithospheric_mantle,37,79.89203980237625,66.54784752168558,92.36017032831975,76.55151022325927,62.955137066347106,89.39498210093652,3.340529579116975,1.6756453795769386,5.164273936792753
opx,opx_only,T_C,alr,LightGBM,53,none,B,deeper_mantle,29,264.8271852113626,177.38315121580035,342.0753781051103,265.2283982981486,178.92571013485832,342.30357373981894,-0.4012130867860151,-1.7584001504507447,0.8060080462391845
opx,opx_only,T_C,alr,LightGBM,53,none,B,ALL,190,146.03801835297017,118.18148716947358,172.7481992297308,145.02942996936508,117.03159351461119,171.63214276167818,1.0085883836050868,0.49845655378865106,1.586743766583411
opx,opx_only,T_C,alr,LightGBM,54,none,A,shallow_crustal,48,107.50134687712358,94.90233084488254,120.6240452338969,89.49939968548345,78.55071233184026,101.82264494658669,18.001947191640127,13.488646547696147,21.979671003327
opx,opx_only,T_C,alr,LightGBM,54,none,A,deep_crustal_MASH,76,126.87780104019622,103.8004542551227,149.31638366271187,105.61475977703955,83.43269398134093,127.95338354401183,21.263041263156666,16.811639296959775,25.727989597928328
opx,opx_only,T_C,alr,LightGBM,54,none,A,lithospheric_mantle,37,79.56551041001717,66.26274231742634,92.26496078281424,85.92825053723132,71.39235671298604,99.96870194334936,-6.362740127214153,-15.820130850522535,3.1929426037179303
opx,opx_only,T_C,alr,LightGBM,54,none,A,deeper_mantle,29,263.313528970173,178.0039441682289,339.5920263259356,215.26737662825843,149.51037403290732,272.9612172877813,48.04615234191459,21.85655665694392,69.64926484581393
opx,opx_only,T_C,alr,LightGBM,54,none,A,ALL,190,145.51327185211372,118.23038806123242,171.91330003990691,122.45910095923172,100.74829952027984,143.09202549598206,23.054170892882,15.703869547838469,30.54618103559984
opx,opx_only,T_C,alr,LightGBM,54,none,B,shallow_crustal,48,107.50134687712358,94.90233084488254,120.6240452338969,107.495635842277,94.90216907134024,120.61882838851648,0.005711034846584084,0.0,0.018258970380732716
opx,opx_only,T_C,alr,LightGBM,54,none,B,deep_crustal_MASH,76,126.87780104019622,103.8004542551227,149.31638366271187,125.00879254302122,102.35764935663232,147.3324487797613,1.8690084971750025,1.1872576437322824,2.557056094400604
opx,opx_only,T_C,alr,LightGBM,54,none,B,lithospheric_mantle,37,79.56551041001717,66.26274231742634,92.26496078281424,77.0947134724833,63.86852165117194,89.94538324461553,2.470796937533862,1.2105549930966848,3.8470734524908745
opx,opx_only,T_C,alr,LightGBM,54,none,B,deeper_mantle,29,263.313528970173,178.0039441682289,339.5920263259356,263.6859158048549,178.88305677955904,340.08013453087364,-0.3723868346818904,-1.4099142379686072,0.5375269597484273
opx,opx_only,T_C,alr,LightGBM,54,none,B,ALL,190,145.51327185211372,118.23038806123242,171.91330003990691,144.70682957550375,117.25199072735506,171.0253613943877,0.806442276609971,0.4036560077023836,1.2569466383863803
opx,opx_only,T_C,alr,LightGBM,55,none,A,shallow_crustal,48,108.76203426075551,95.86004603084176,122.53956582926263,88.6489628978965,77.47414006221894,100.89219303298358,20.113071362859017,14.811841360175828,24.814291500838326
opx,opx_only,T_C,alr,LightGBM,55,none,A,deep_crustal_MASH,76,127.5019188964479,104.0892682893037,150.65967259582536,105.79199675510338,83.12008709510721,128.46166125920058,21.70992214134452,17.028631899435776,26.390965763603596
opx,opx_only,T_C,alr,LightGBM,55,none,A,lithospheric_mantle,37,81.64796032564726,67.94530877711668,94.51110431085921,86.21521146008283,72.01502301790612,100.66538937760549,-4.5672511344355655,-15.338957706789751,6.182345047469595
opx,opx_only,T_C,alr,LightGBM,55,none,A,deeper_mantle,29,265.2300558648462,178.47530957090194,341.3634926232151,213.05794029745027,147.86414936029064,270.2896384304655,52.172115567395906,24.8743569531666,75.46985692256261
opx,opx_only,T_C,alr,LightGBM,55,none,A,ALL,190,146.71906085319648,119.2354639844235,173.28328230935526,121.8118221942876,100.57583855037414,142.29545384612433,24.90723865890888,16.968946663603806,32.93575153114381
opx,opx_only,T_C,alr,LightGBM,55,none,B,shallow_crustal,48,108.76203426075551,95.86004603084176,122.53956582926263,108.74950430945017,95.84744443282561,122.5825180450862,0.012529951305339182,-0.11655230028913977,0.11145823694872904
opx,opx_only,T_C,alr,LightGBM,55,none,B,deep_crustal_MASH,76,127.5019188964479,104.0892682893037,150.65967259582536,125.38745843134603,101.95144171982695,148.24941764583664,2.114460465101871,1.0213400454574557,3.1796339692044113
opx,opx_only,T_C,alr,LightGBM,55,none,B,lithospheric_mantle,37,81.64796032564726,67.94530877711668,94.51110431085921,78.22702174842294,64.28590029796233,91.4872695569224,3.4209385772243195,1.68020661370566,5.470773603441455
opx,opx_only,T_C,alr,LightGBM,55,none,B,deeper_mantle,29,265.2300558648462,178.47530957090194,341.3634926232151,265.68925123765126,179.87912323704947,341.6683943179393,-0.45919537280508393,-1.9661921636494462,0.890377985882706
opx,opx_only,T_C,alr,LightGBM,55,none,B,ALL,190,146.71906085319648,119.2354639844235,173.28328230935526,145.74844568221502,118.32534564744623,172.24931610258704,0.9706151709814606,0.3561350334027928,1.6232947690362425
opx,opx_only,T_C,alr,LightGBM,56,none,A,shallow_crustal,48,113.80241691249257,100.68503162786226,127.6254603103388,95.05121835625728,83.0193796817575,108.19828264967276,18.751198556235295,13.882977018572342,23.026704823641772
opx,opx_only,T_C,alr,LightGBM,56,none,A,deep_crustal_MASH,76,127.66172915789575,103.98720267759185,150.9077771213522,106.13766376303786,83.66977693054645,129.3129779203385,21.524065394857885,16.886029994676804,25.945745207092738
opx,opx_only,T_C,alr,LightGBM,56,none,A,lithospheric_mantle,37,79.46200710400498,65.31630727971519,93.1413373319544,88.18319479211712,72.6636870927223,103.42100822127954,-8.721187688112138,-19.07174322995421,1.8953747359784132
opx,opx_only,T_C,alr,LightGBM,56,none,A,deeper_mantle,29,263.23268434939615,177.82027458720214,338.8207163953852,214.28458281791893,148.4889733774623,272.1822175101148,48.94810153147722,21.922864566620806,70.7692807548315
opx,opx_only,T_C,alr,LightGBM,56,none,A,ALL,190,146.95750463298333,119.76130461589358,173.19121471872973,123.73918906454566,102.42539055268273,144.41816468305382,23.218315568437674,15.605343830326664,30.923894409543216
opx,opx_only,T_C,alr,LightGBM,56,none,B,shallow_crustal,48,113.80241691249257,100.68503162786226,127.6254603103388,113.80889297560702,100.62392301648964,127.6255366003395,-0.0064760631144480385,-0.11680082176651574,0.06688168198478157
opx,opx_only,T_C,alr,LightGBM,56,none,B,deep_crustal_MASH,76,127.66172915789575,103.98720267759185,150.9077771213522,125.9560609914096,102.47241752010055,148.92597551109048,1.7056681664861486,0.6962811674456141,2.6510450329907966
opx,opx_only,T_C,alr,LightGBM,56,none,B,lithospheric_mantle,37,79.46200710400498,65.31630727971519,93.1413373319544,76.95052192486445,62.663062290965286,90.8442090181006,2.5114851791405357,1.1800171390943746,4.0150772272490745
opx,opx_only,T_C,alr,LightGBM,56,none,B,deeper_mantle,29,263.23268434939615,177.82027458720214,338.8207163953852,263.7455670710879,178.99180719689983,339.430856991312,-0.5128827216917671,-1.6232339941174259,0.39462891306808584
opx,opx_only,T_C,alr,LightGBM,56,none,B,ALL,190,146.95750463298333,119.76130461589358,173.19121471872973,146.24842004470048,118.89655817258755,172.24156696192634,0.7090845882828489,0.22539778232078156,1.2142668854069716
opx,opx_only,T_C,alr,LightGBM,57,none,A,shallow_crustal,48,109.2230432570131,95.49370436409798,124.61959697792274,89.50348581744872,77.49087721234478,103.64642222972438,19.719557439564383,14.740038043770932,24.207982335180994
opx,opx_only,T_C,alr,LightGBM,57,none,A,deep_crustal_MASH,76,127.80277219844956,104.00102733255052,151.20719956417892,106.4659306261897,84.03389080523756,128.84801934104635,21.336841572259857,16.729300274237833,25.74681639258302
opx,opx_only,T_C,alr,LightGBM,57,none,A,lithospheric_mantle,37,79.79096216283119,65.84943804482,93.41768683322945,86.15345723506037,70.82606592990855,101.37581245869772,-6.36249507222918,-15.035884596539205,2.732172198896837
opx,opx_only,T_C,alr,LightGBM,57,none,A,deeper_mantle,29,265.41717201207376,178.38938077303067,343.0349593121494,214.27083477460482,147.4656415859926,272.3406855861863,51.14633723746894,23.868860087052635,73.69385226378363
opx,opx_only,T_C,alr,LightGBM,57,none,A,ALL,190,146.76296855305063,119.05749992023824,173.23490054333536,122.51871447800303,100.65477439651714,143.30990323069648,24.244254075047593,16.50502064426403,32.2588920200143
opx,opx_only,T_C,alr,LightGBM,57,none,B,shallow_crustal,48,109.2230432570131,95.49370436409798,124.61959697792274,109.21779150897201,95.50719997798906,124.65232410556808,0.005251748041089854,-0.09722475312912202,0.07725459210256211
opx,opx_only,T_C,alr,LightGBM,57,none,B,deep_crustal_MASH,76,127.80277219844956,104.00102733255052,151.20719956417892,126.35709397418859,102.95771810880841,149.57805245594867,1.4456782242609734,0.6757661329181911,2.2036608858554216
opx,opx_only,T_C,alr,LightGBM,57,none,B,lithospheric_mantle,37,79.79096216283119,65.84943804482,93.41768683322945,77.40690104491452,63.705377672441685,91.13569178392343,2.384061117916673,1.1709538411729845,3.778120115580569
opx,opx_only,T_C,alr,LightGBM,57,none,B,deeper_mantle,29,265.41717201207376,178.38938077303067,343.0349593121494,265.8207208014414,178.74477336315732,343.56135267072506,-0.40354878936761907,-1.3813908055498616,0.394441964352668
opx,opx_only,T_C,alr,LightGBM,57,none,B,ALL,190,146.76296855305063,119.05749992023824,173.23490054333536,146.12270731999817,118.32380792637758,172.63819603749175,0.6402612330524562,0.2336061494110453,1.0824381440928552
opx,opx_only,T_C,alr,LightGBM,58,none,A,shallow_crustal,48,111.5761686139706,97.88542182741455,126.58409757978083,92.67443728702533,80.51938246945173,106.07475609919702,18.901731326945267,14.146654912061589,23.130473551639312
opx,opx_only,T_C,alr,LightGBM,58,none,A,deep_crustal_MASH,76,127.0739907576427,104.10372766543331,149.91667203759783,105.64392116845721,83.75307962680188,128.12193715845382,21.430069589185493,16.937797432885105,25.865490903744483
opx,opx_only,T_C,alr,LightGBM,58,none,A,lithospheric_mantle,37,77.848502954827,64.32922024382603,90.7784835839306,84.072181255014,69.19446978749903,98.79690477359729,-6.223678300187004,-16.08402639832291,3.641721818649155
opx,opx_only,T_C,alr,LightGBM,58,none,A,deeper_mantle,29,265.94835710124227,177.76620990768802,344.0920748346809,211.14987003715368,146.1075169639059,268.4765733013297,54.79848706408859,25.94097122643519,79.73259521553292
opx,opx_only,T_C,alr,LightGBM,58,none,A,ALL,190,146.90057611468714,119.2195314429748,173.57460868923934,121.71847565676865,100.7629564594185,142.33686262588907,25.182100457918494,16.712234826398255,33.90756150778882
opx,opx_only,T_C,alr,LightGBM,58,none,B,shallow_crustal,48,111.5761686139706,97.88542182741455,126.58409757978083,111.53357118754387,97.86782915295537,126.54168537919264,0.04259742642672393,-0.07183667380031906,0.14710194025325543
opx,opx_only,T_C,alr,LightGBM,58,none,B,deep_crustal_MASH,76,127.0739907576427,104.10372766543331,149.91667203759783,125.17242463569085,102.18237610533589,147.67983189243154,1.9015661219518591,0.7584988389945962,3.0085839960849765
opx,opx_only,T_C,alr,LightGBM,58,none,B,lithospheric_mantle,37,77.848502954827,64.32922024382603,90.7784835839306,74.68982564589272,60.92760154930774,87.78250909736256,3.158677308934273,1.4576346405693368,5.13906030486807
opx,opx_only,T_C,alr,LightGBM,58,none,B,deeper_mantle,29,265.94835710124227,177.76620990768802,344.0920748346809,266.46250452688884,179.67775577025486,344.4742924403905,-0.5141474256465699,-1.8933921858977534,0.6787084193206482
opx,opx_only,T_C,alr,LightGBM,58,none,B,ALL,190,146.90057611468714,119.2195314429748,173.57460868923934,146.05980287368948,118.16563358562973,172.65295805429338,0.8407732409976632,0.26389090261452,1.4464201651015014
opx,opx_only,T_C,alr,LightGBM,59,none,A,shallow_crustal,48,110.07810020884739,97.6903242195664,123.21382126524831,87.93470400298486,77.17783977405647,99.85353192411831,22.14339620586253,16.180166195246663,27.323785875262843
opx,opx_only,T_C,alr,LightGBM,59,none,A,deep_crustal_MASH,76,126.13878651646101,103.48692609269204,148.58585175413074,105.72859119593383,83.63953752274212,127.739066631834,20.41019532052718,16.24804893556705,24.677504196626664
opx,opx_only,T_C,alr,LightGBM,59,none,A,lithospheric_mantle,37,80.04174874123169,66.88807585492471,93.06247611010615,85.05235201962473,70.38756905397807,99.52840066259563,-5.010603278393049,-13.843040522148595,4.081751713559808
opx,opx_only,T_C,alr,LightGBM,59,none,A,deeper_mantle,29,264.08048872589376,178.04743896865222,339.9025956241381,215.70110790115436,149.67174632136803,274.03703405386864,48.3793808247394,22.869173318383204,70.0389779158277
opx,opx_only,T_C,alr,LightGBM,59,none,A,ALL,190,146.00512576661092,118.41954465761825,172.399951887785,122.20917593983688,100.34360463277781,142.82320207770135,23.795949826774034,16.523716177120217,31.217304326242772
opx,opx_only,T_C,alr,LightGBM,59,none,B,shallow_crustal,48,110.07810020884739,97.6903242195664,123.21382126524831,110.07810020884739,97.6903242195664,123.21382126524831,0.0,0.0,0.0
opx,opx_only,T_C,alr,LightGBM,59,none,B,deep_crustal_MASH,76,126.13878651646101,103.48692609269204,148.58585175413074,124.15159885061678,101.49385495079335,146.52721388513706,1.9871876658442318,1.1761639291017558,2.8857183511999653
opx,opx_only,T_C,alr,LightGBM,59,none,B,lithospheric_mantle,37,80.04174874123169,66.88807585492471,93.06247611010615,77.26907371072713,63.960474887099025,90.4398394416817,2.7726750305045584,1.4126924803305254,4.300149100833005
opx,opx_only,T_C,alr,LightGBM,59,none,B,deeper_mantle,29,264.08048872589376,178.04743896865222,339.9025956241381,264.41657583850565,178.59266996286206,340.5761140072765,-0.3360871126118923,-1.5987757318981786,0.7841197306350064
opx,opx_only,T_C,alr,LightGBM,59,none,B,ALL,190,146.00512576661092,118.41954465761825,172.399951887785,145.1231167948466,117.56238862203394,171.40506778887254,0.8820089717643214,0.4132655496908306,1.4116686447632643
opx,opx_only,T_C,alr,LightGBM,60,none,A,shallow_crustal,48,109.76824209174931,96.7533305191771,123.62081563304427,89.1172843870724,77.72914923879837,101.86979932317057,20.650957704676912,15.586594193500316,25.047540276323165
opx,opx_only,T_C,alr,LightGBM,60,none,A,deep_crustal_MASH,76,127.3338318692119,103.89873367005858,150.5525122166747,106.15407796659237,83.65764191427498,128.88773152094487,21.179753902619538,16.701266652780554,25.729658733980713
opx,opx_only,T_C,alr,LightGBM,60,none,A,lithospheric_mantle,37,81.08346353484563,67.11510649662974,94.52108828964188,85.36120419839783,70.65910097367691,100.13374231015318,-4.277740663552194,-13.916469186094417,5.426635835387706
opx,opx_only,T_C,alr,LightGBM,60,none,A,deeper_mantle,29,264.77789189538237,178.75548896309542,340.8271364861433,211.88639750242288,146.34898834050685,269.2281886212119,52.89149439295949,25.820387801961576,76.12400513721036
opx,opx_only,T_C,alr,LightGBM,60,none,A,ALL,190,146.66435260958298,119.27267641434086,173.3038008565613,121.59493510495831,100.46119896219349,142.30781695551985,25.069417504624667,17.178504536302846,33.21278855757939
opx,opx_only,T_C,alr,LightGBM,60,none,B,shallow_crustal,48,109.76824209174931,96.7533305191771,123.62081563304427,109.71904629418137,96.68694279877359,123.53325046285765,0.0491957975679469,-0.07197225424430229,0.16234495421422246
opx,opx_only,T_C,alr,LightGBM,60,none,B,deep_crustal_MASH,76,127.3338318692119,103.89873367005858,150.5525122166747,125.36401943406045,102.15585915802376,148.25396586951265,1.9698124351514537,0.8713627571497955,3.030718842225048
opx,opx_only,T_C,alr,LightGBM,60,none,B,lithospheric_mantle,37,81.08346353484563,67.11510649662974,94.52108828964188,77.769808024117,63.99749990600632,91.44290210026041,3.313655510728637,1.6661122246624185,5.266558668637922
opx,opx_only,T_C,alr,LightGBM,60,none,B,deeper_mantle,29,264.77789189538237,178.75548896309542,340.8271364861433,265.2668192112183,179.89542552286062,341.59320613214453,-0.4889273158359515,-1.9306964016477905,0.7421983682766942
opx,opx_only,T_C,alr,LightGBM,60,none,B,ALL,190,146.66435260958298,119.27267641434086,173.3038008565613,145.7588622584526,118.22443677861129,172.31492307354404,0.9054903511303678,0.31675334945936057,1.5479869700085147
opx,opx_only,T_C,alr,LightGBM,61,none,A,shallow_crustal,48,107.6597911991734,93.98886551906308,122.3548261801207,87.39380706885544,74.95628984161515,100.9385878073395,20.26598413031796,14.594325114074854,25.406281247098534
opx,opx_only,T_C,alr,LightGBM,61,none,A,deep_crustal_MASH,76,127.94689546085037,104.84608614705299,150.74640737779654,105.75538609631931,83.40142143350717,128.30428787674083,22.191509364531058,17.508671861628084,26.85292529188751
opx,opx_only,T_C,alr,LightGBM,61,none,A,lithospheric_mantle,37,80.7680278178817,66.41082297342567,94.23239849539443,84.74314727538149,69.92509212223692,99.74087405322844,-3.975119457499787,-13.219997906211413,5.271329027267096
opx,opx_only,T_C,alr,LightGBM,61,none,A,deeper_mantle,29,267.4115690371392,178.8399662521443,344.6946365617564,215.61438059592663,148.56457196635614,274.2264282885653,51.79718844121257,24.981919291168637,74.88278000035154
opx,opx_only,T_C,alr,LightGBM,61,none,A,ALL,190,147.17746722788272,119.1322243051062,174.07609115077972,122.05514195677245,100.22353161773229,143.08596735941887,25.12232527111027,17.25705744246287,33.25872205256959
opx,opx_only,T_C,alr,LightGBM,61,none,B,shallow_crustal,48,107.6597911991734,93.98886551906308,122.3548261801207,107.62661122951928,94.00173418638707,122.3722347921593,0.03317996965411396,-0.08839088449018143,0.13800185585285402
opx,opx_only,T_C,alr,LightGBM,61,none,B,deep_crustal_MASH,76,127.94689546085037,104.84608614705299,150.74640737779654,126.13416834085851,103.19958935590975,148.65999236406427,1.8127271199918624,0.7998834867767137,2.806306949467922
opx,opx_only,T_C,alr,LightGBM,61,none,B,lithospheric_mantle,37,80.7680278178817,66.41082297342567,94.23239849539443,77.35043576765106,63.22885250013067,90.94403819429556,3.4175920502306383,1.8132934534492056,5.234190027521117
opx,opx_only,T_C,alr,LightGBM,61,none,B,deeper_mantle,29,267.4115690371392,178.8399662521443,344.6946365617564,267.8327490155209,180.41247408644745,344.9622934986576,-0.4211799783817014,-1.7957545765868403,0.7822654836898597
opx,opx_only,T_C,alr,LightGBM,61,none,B,ALL,190,147.17746722788272,119.1322243051062,174.07609115077972,146.30224206303825,118.07765921691178,173.10941960296708,0.8752251648444656,0.32924553097916487,1.4691218485269835
opx,opx_only,P_kbar,pwlr,RF,42,A,A,shallow_crustal,48,7.912635782746128,6.122903273262757,9.701247654833137,1.131198960294096,0.8273732986444792,1.4513165858061776,6.781436822452032,5.06906254540339,8.443763898207612
opx,opx_only,P_kbar,pwlr,RF,42,A,A,deep_crustal_MASH,76,6.821363975155886,4.421272531011449,9.06144924250906,1.9688531757234629,1.6227794460693272,2.3224113343739012,4.852510799432423,2.626877459361962,7.038540811471809
opx,opx_only,P_kbar,pwlr,RF,42,A,A,lithospheric_mantle,37,7.498572723556587,4.310518815071908,10.703735507948782,3.3442604581032693,2.7223548961731043,4.009310308461575,4.154312265453318,1.3545630423828234,6.7539017528690355
opx,opx_only,P_kbar,pwlr,RF,42,A,A,deeper_mantle,29,20.037609451637216,7.97065813010315,30.957529654560478,14.55306492592922,7.984356042737343,21.876620346444433,5.484544525707996,-0.7223426558389031,9.857627231150351
opx,opx_only,P_kbar,pwlr,RF,42,A,A,ALL,190,10.327722797494394,6.912245239971974,14.102626480898222,6.031407524018147,3.474135057952531,9.049602275981695,4.296315273476247,2.997541235646262,5.800472844386244
opx,opx_only,P_kbar,pwlr,RF,42,A,B,shallow_crustal,48,7.912635782746128,6.122903273262757,9.701247654833137,7.701316767792049,5.809108702257993,9.536134309753564,0.21131901495407934,0.13684599958721705,0.3210978850063668
opx,opx_only,P_kbar,pwlr,RF,42,A,B,deep_crustal_MASH,76,6.821363975155886,4.421272531011449,9.06144924250906,6.380233967501339,4.468553880820308,8.148811569960184,0.4411300076545466,-0.0960531482134111,1.1076912601976758
opx,opx_only,P_kbar,pwlr,RF,42,A,B,lithospheric_mantle,37,7.498572723556587,4.310518815071908,10.703735507948782,5.985144044088335,3.695275447579832,8.231323765282818,1.5134286794682525,-0.09836618781444377,2.8372912503193812
opx,opx_only,P_kbar,pwlr,RF,42,A,B,deeper_mantle,29,20.037609451637216,7.97065813010315,30.957529654560478,21.131028138341897,10.148077009074985,31.66277364216004,-1.0934186867046805,-2.7294365132057226,-0.4779976313690138
opx,opx_only,P_kbar,pwlr,RF,42,A,B,ALL,190,10.327722797494394,6.912245239971974,14.102626480898222,10.314822500509921,6.957465853604309,14.054529351165058,0.012900296984472703,-0.3807542390278487,0.45716938519646005
opx,opx_only,P_kbar,pwlr,RF,43,A,A,shallow_crustal,48,7.7306583951264605,6.019704501826868,9.458255172358935,1.125832373826909,0.8300054250428556,1.4411313467045201,6.6048260212995515,4.960054560931064,8.230159333492777
opx,opx_only,P_kbar,pwlr,RF,43,A,A,deep_crustal_MASH,76,6.9276765040080495,4.45884532365067,9.276553556793774,1.9648669909777539,1.6235638698905748,2.3105222707512305,4.962809513030296,2.6231823065473496,7.309329903611428
opx,opx_only,P_kbar,pwlr,RF,43,A,A,lithospheric_mantle,37,7.584636090041957,4.260469018116214,10.884379835866806,3.3854638703478037,2.755919668735432,4.0533449210984855,4.199172219694153,1.3365954861666973,6.913790812266002
opx,opx_only,P_kbar,pwlr,RF,43,A,A,deeper_mantle,29,20.17209029279013,8.014240123445479,31.17463353339366,14.500732377759876,8.021346840395427,21.787591103302326,5.671357915030255,-0.6925549455789514,10.136029996132315
opx,opx_only,P_kbar,pwlr,RF,43,A,A,ALL,190,10.373307035680364,6.92108661234467,14.198875906473274,6.015851769299796,3.4980211843762032,9.008051378348936,4.357455266380568,2.9943374918758847,5.913544695474593
opx,opx_only,P_kbar,pwlr,RF,43,A,B,shallow_crustal,48,7.7306583951264605,6.019704501826868,9.458255172358935,7.454560320887578,5.606885142727442,9.256320600280256,0.2760980742388828,0.18283854720961945,0.4155080545565675
opx,opx_only,P_kbar,pwlr,RF,43,A,B,deep_crustal_MASH,76,6.9276765040080495,4.45884532365067,9.276553556793774,6.276213012338102,4.511359372061894,7.936317689072434,0.6514634916699471,-0.13560649416389836,1.6616338454064836
opx,opx_only,P_kbar,pwlr,RF,43,A,B,lithospheric_mantle,37,7.584636090041957,4.260469018116214,10.884379835866806,5.666153370441277,3.4968953351980514,7.697303187528423,1.9184827196006795,-0.12657906481284176,3.7298196337078986
opx,opx_only,P_kbar,pwlr,RF,43,A,B,deeper_mantle,29,20.17209029279013,8.014240123445479,31.17463353339366,21.76607539732913,11.121808170014873,32.242750093874996,-1.5939851045389979,-3.8111586110826186,-0.7425920998443738
opx,opx_only,P_kbar,pwlr,RF,43,A,B,ALL,190,10.373307035680364,6.92108661234467,14.198875906473274,10.409530579747626,7.053194114306575,14.174265552268189,-0.036223544067262026,-0.5929767484920907,0.5559091205356527
opx,opx_only,P_kbar,pwlr,RF,44,A,A,shallow_crustal,48,7.7094926779092345,6.006459473552106,9.457462763611579,1.1211737089328728,0.8316232874829861,1.4295980060292102,6.5883189689763615,4.951862154511231,8.187548318527261
opx,opx_only,P_kbar,pwlr,RF,44,A,A,deep_crustal_MASH,76,6.84976829766083,4.394929617277054,9.153387222527394,1.963773209107001,1.6141219291456335,2.3208765136183866,4.8859950885538295,2.6108191808183734,7.185107228095248
opx,opx_only,P_kbar,pwlr,RF,44,A,A,lithospheric_mantle,37,7.55792112811291,4.290612345755687,10.82916695458584,3.3740948935550876,2.7405839514044925,4.037127598785947,4.183826234557822,1.3489761684083201,6.841869737954268
opx,opx_only,P_kbar,pwlr,RF,44,A,A,deeper_mantle,29,20.30814861287363,8.471449045597094,31.143042341513656,14.367262432320269,8.328858253259313,21.416142020349195,5.9408861805533615,-0.4196170512242204,10.526756405778997
opx,opx_only,P_kbar,pwlr,RF,44,A,A,ALL,190,10.385348111807097,7.021234298032781,14.138981225967353,5.96515320707573,3.5476446262659924,8.885901684105793,4.420194904731368,2.9919622366690146,6.028252827902734
opx,opx_only,P_kbar,pwlr,RF,44,A,B,shallow_crustal,48,7.7094926779092345,6.006459473552106,9.457462763611579,7.598010506961005,6.005463664585206,9.18346676846588,0.11148217094822943,-0.028560782619998303,0.33986843944836603
opx,opx_only,P_kbar,pwlr,RF,44,A,B,deep_crustal_MASH,76,6.84976829766083,4.394929617277054,9.153387222527394,5.6961111233302955,4.175180379623091,7.183835860643061,1.1536571743305348,0.10484672622324989,2.3682744025914624
opx,opx_only,P_kbar,pwlr,RF,44,A,B,lithospheric_mantle,37,7.55792112811291,4.290612345755687,10.82916695458584,5.13924216524687,3.219711516236389,6.920941267568931,2.41867896286604,0.0,4.558353136365758
opx,opx_only,P_kbar,pwlr,RF,44,A,B,deeper_mantle,29,20.30814861287363,8.471449045597094,31.143042341513656,22.6820104734694,13.171880403093459,32.651866614389085,-2.3738618605957704,-5.51339444495041,-1.0668117035926026
opx,opx_only,P_kbar,pwlr,RF,44,A,B,ALL,190,10.385348111807097,7.021234298032781,14.138981225967353,10.546606295805391,7.326106909312519,14.258854365423101,-0.16125818399829406,-0.9243328972159601,0.5308946522201341
opx,opx_only,P_kbar,pwlr,RF,45,A,A,shallow_crustal,48,7.692854863984256,5.8655264394201625,9.497807478910257,1.115608191982793,0.8274241145332297,1.420751174401274,6.577246672001463,4.816182613695781,8.30068577012246
opx,opx_only,P_kbar,pwlr,RF,45,A,A,deep_crustal_MASH,76,6.967063189621986,4.4484910710281325,9.294761531519681,1.9755338629594494,1.6233276493528568,2.3399006649550005,4.991529326662537,2.6180205594625288,7.283172744655034
opx,opx_only,P_kbar,pwlr,RF,45,A,A,lithospheric_mantle,37,7.6846323725063765,4.375596385908746,11.016461992987727,3.350673339872986,2.7639239661016224,3.972759808173896,4.33395903263339,1.4147815822813077,7.097307839090005
opx,opx_only,P_kbar,pwlr,RF,45,A,A,deeper_mantle,29,20.16115142185882,8.15487366274298,31.0596090590923,14.424870312501266,8.19301447616749,21.57201824884081,5.736281109357552,-0.599220804629773,10.288022228225223
opx,opx_only,P_kbar,pwlr,RF,45,A,A,ALL,190,10.387834353101773,6.9573149092285105,14.163652305149098,5.985058926024752,3.5196510202752713,8.931170990874369,4.402775427077021,3.0003130158085503,6.009822769618796
opx,opx_only,P_kbar,pwlr,RF,45,A,B,shallow_crustal,48,7.692854863984256,5.8655264394201625,9.497807478910257,7.411024934621526,5.6002932134155055,9.201734757908483,0.28182992936273,0.13711126076447155,0.48143172708005905
opx,opx_only,P_kbar,pwlr,RF,45,A,B,deep_crustal_MASH,76,6.967063189621986,4.4484910710281325,9.294761531519681,5.769420048443414,4.2554354029562065,7.227263742580998,1.1976431411785722,0.012102249333902871,2.449086113723535
opx,opx_only,P_kbar,pwlr,RF,45,A,B,lithospheric_mantle,37,7.6846323725063765,4.375596385908746,11.016461992987727,5.114086082492083,3.2069311795422246,6.863093449070083,2.5705462900142937,-0.07220523122243186,4.9660945407436365
opx,opx_only,P_kbar,pwlr,RF,45,A,B,deeper_mantle,29,20.16115142185882,8.15487366274298,31.0596090590923,22.888633083585844,13.220545380731862,32.88102985172772,-2.727481661727026,-6.1274925840012875,-1.335339894872673
opx,opx_only,P_kbar,pwlr,RF,45,A,B,ALL,190,10.387834353101773,6.9573149092285105,14.163652305149098,10.594576410490868,7.295581440425848,14.31010441922208,-0.20674205738909457,-1.0420516408163116,0.5716899734234222
opx,opx_only,P_kbar,pwlr,RF,46,A,A,shallow_crustal,48,7.711964125923589,5.9572303720384365,9.511043009156095,1.123271178238703,0.8266328648075468,1.4394560729044128,6.588692947684886,4.915706981638032,8.223905193806758
opx,opx_only,P_kbar,pwlr,RF,46,A,A,deep_crustal_MASH,76,6.925123188294398,4.482954492884265,9.243357815975239,1.9618740378506783,1.6135633632355157,2.314474664753188,4.96324915044372,2.6769047871509195,7.287270992633702
opx,opx_only,P_kbar,pwlr,RF,46,A,A,lithospheric_mantle,37,7.6396662237844115,4.317326026287473,11.053616953891044,3.3716945175073127,2.751159327979722,4.028486745521469,4.267971706277098,1.3413531179196154,7.1017857785257466
opx,opx_only,P_kbar,pwlr,RF,46,A,A,deeper_mantle,29,19.940015903429593,7.9050004337146635,30.83878882663526,14.357804476987706,8.666062022277567,21.164307028930512,5.582211426441887,-1.1895267693185236,10.509289438688398
opx,opx_only,P_kbar,pwlr,RF,46,A,A,ALL,190,10.308284153205204,6.857389250504205,14.055002102379678,5.961261579911024,3.6566617589148063,8.781719244697959,4.34702257329418,2.782550939473462,6.0510787129771435
opx,opx_only,P_kbar,pwlr,RF,46,A,B,shallow_crustal,48,7.711964125923589,5.9572303720384365,9.511043009156095,7.359595684593529,5.71558864090311,8.950078051161903,0.35236844133005985,0.11105213425852993,0.7572809819483176
opx,opx_only,P_kbar,pwlr,RF,46,A,B,deep_crustal_MASH,76,6.925123188294398,4.482954492884265,9.243357815975239,5.5544589492526715,4.238732108531642,6.86779758435362,1.3706642390417265,0.15132728341973603,2.714819096053882
opx,opx_only,P_kbar,pwlr,RF,46,A,B,lithospheric_mantle,37,7.6396662237844115,4.317326026287473,11.053616953891044,5.062215549641602,3.183416167534153,6.797652123927509,2.57745067414281,-0.04542934340735057,4.989671934985269
opx,opx_only,P_kbar,pwlr,RF,46,A,B,deeper_mantle,29,19.940015903429593,7.9050004337146635,30.83878882663526,23.022697109939543,13.648046980750692,32.81487619739284,-3.0826812065099496,-6.855587194539569,-1.5266749019435562
opx,opx_only,P_kbar,pwlr,RF,46,A,B,ALL,190,10.308284153205204,6.857389250504205,14.055002102379678,10.57904186082451,7.375945310307197,14.234106127027129,-0.27075770761930684,-1.1843720033705913,0.5399400159683129
opx,opx_only,P_kbar,pwlr,RF,47,A,A,shallow_crustal,48,7.796093278310321,6.003858317321732,9.581336069311444,1.112373690469314,0.8235731819224599,1.4181514381941873,6.683719587841008,4.985022460736471,8.39578504835126
opx,opx_only,P_kbar,pwlr,RF,47,A,A,deep_crustal_MASH,76,6.801727899662566,4.380388689958005,9.05582604558351,1.9713666104610774,1.6226788204026308,2.3320388735024413,4.830361289201489,2.5588740420686023,7.054264941939615
opx,opx_only,P_kbar,pwlr,RF,47,A,A,lithospheric_mantle,37,7.703230558076793,4.417642372604521,10.974299378509702,3.3431867024831114,2.744205905119846,3.963531618126127,4.360043855593682,1.4619648914575996,7.071966869823649
opx,opx_only,P_kbar,pwlr,RF,47,A,A,deeper_mantle,29,20.211856231399175,8.29094387582873,31.100132393149043,14.446122586212038,8.124281602837433,21.646341414084954,5.765733645187137,-0.49261477289227873,10.248625907688316
opx,opx_only,P_kbar,pwlr,RF,47,A,A,ALL,190,10.381169074917333,6.989990626200776,14.159893974779783,5.991362312049668,3.5028095344480428,8.954689835704835,4.389806762867664,3.0350972737311905,5.961172973961737
opx,opx_only,P_kbar,pwlr,RF,47,A,B,shallow_crustal,48,7.796093278310321,6.003858317321732,9.581336069311444,7.571987797664102,5.692250585937424,9.389998652464255,0.2241054806462195,0.15560598545630439,0.31859648440849064
opx,opx_only,P_kbar,pwlr,RF,47,A,B,deep_crustal_MASH,76,6.801727899662566,4.380388689958005,9.05582604558351,5.649873569877478,4.193041945044337,7.074319001934575,1.1518543297850883,-0.08096025570814094,2.6395002819540023
opx,opx_only,P_kbar,pwlr,RF,47,A,B,lithospheric_mantle,37,7.703230558076793,4.417642372604521,10.974299378509702,4.8524122597031925,3.274355722448849,6.5026490570346605,2.850818298373601,-0.07994173142522525,5.753368376614231
opx,opx_only,P_kbar,pwlr,RF,47,A,B,deeper_mantle,29,20.211856231399175,8.29094387582873,31.100132393149043,23.89563879841661,14.695577252280339,33.48382041016969,-3.6837825670174347,-7.778961301197807,-1.8517771659112001
opx,opx_only,P_kbar,pwlr,RF,47,A,B,ALL,190,10.381169074917333,6.989990626200776,14.159893974779783,10.908308015420879,7.7128054205443615,14.556239230382117,-0.527138940503546,-1.5513104877823396,0.3395493192769952
opx,opx_only,P_kbar,pwlr,RF,48,A,A,shallow_crustal,48,7.603477799831041,5.839893877528399,9.367186559771794,1.1261913311979947,0.8323692118199698,1.4412134920783446,6.4772864686330465,4.786285978951749,8.129937489291729
opx,opx_only,P_kbar,pwlr,RF,48,A,A,deep_crustal_MASH,76,6.993393661742476,4.452720128948505,9.373846508800412,1.9779950744931656,1.630081684498863,2.3362948665911625,5.015398587249311,2.638770917460724,7.36095245141755
opx,opx_only,P_kbar,pwlr,RF,48,A,A,lithospheric_mantle,37,7.801132658551109,4.447688752126936,11.137562129656267,3.37515990690869,2.780830898537579,3.9904769339211437,4.425972751642419,1.4797001217279007,7.1843733508320975
opx,opx_only,P_kbar,pwlr,RF,48,A,A,deeper_mantle,29,20.163588677092815,8.226687413422496,31.06041255055598,14.75984758664554,8.059323358175355,22.1357645351932,5.403741090447275,-0.7206795898919592,9.559139093183616
opx,opx_only,P_kbar,pwlr,RF,48,A,A,ALL,190,10.395916434160926,7.000538185098606,14.18479605728096,6.111877573673434,3.5040047524945424,9.1618849141471,4.284038860487492,2.975650044757391,5.774747503255676
opx,opx_only,P_kbar,pwlr,RF,48,A,B,shallow_crustal,48,7.603477799831041,5.839893877528399,9.367186559771794,7.397820134027944,5.530838893896127,9.217498435508558,0.20565766580309752,0.13414627825586609,0.3174796695032658
opx,opx_only,P_kbar,pwlr,RF,48,A,B,deep_crustal_MASH,76,6.993393661742476,4.452720128948505,9.373846508800412,6.46731386562382,4.525414297710545,8.254796644374942,0.5260797961186565,-0.09598293433492888,1.2896372194890704
opx,opx_only,P_kbar,pwlr,RF,48,A,B,lithospheric_mantle,37,7.801132658551109,4.447688752126936,11.137562129656267,6.155732240716916,3.8766443076703236,8.445251599037878,1.6454004178341926,-0.08728905208332172,3.030231901516784
opx,opx_only,P_kbar,pwlr,RF,48,A,B,deeper_mantle,29,20.163588677092815,8.226687413422496,31.06041255055598,21.215650467623952,10.310915841413856,31.76087588973505,-1.0520617905311376,-2.554050418627582,-0.47725497324053034
opx,opx_only,P_kbar,pwlr,RF,48,A,B,ALL,190,10.395916434160926,7.000538185098606,14.18479605728096,10.326453593195307,6.968390504746761,14.088419596271514,0.06946284096561861,-0.3446338831911529,0.560697612313177
opx,opx_only,P_kbar,pwlr,RF,49,A,A,shallow_crustal,48,7.713209626839939,5.899895460496368,9.492113064299863,1.1234814031468061,0.8268300690995773,1.4396589663645258,6.5897282236931325,4.878276834844085,8.270640172210726
opx,opx_only,P_kbar,pwlr,RF,49,A,A,deep_crustal_MASH,76,6.90277255288974,4.488597673199745,9.173020706437299,1.976819474694276,1.6295751342374694,2.3270836755334243,4.925953078195464,2.666915856544148,7.148583818521684
opx,opx_only,P_kbar,pwlr,RF,49,A,A,lithospheric_mantle,37,7.599556884424252,4.323746280052503,10.892689454664337,3.3482457288348892,2.751408976221682,3.9777328143008837,4.251311155589363,1.3481735918183626,6.978147931794702
opx,opx_only,P_kbar,pwlr,RF,49,A,A,deeper_mantle,29,20.18179966538351,8.215020761882469,31.089042694578662,14.683046348623579,7.963342151840991,22.08085564388365,5.498753316759933,-0.5931060595748882,9.675086203385128
opx,opx_only,P_kbar,pwlr,RF,49,A,A,ALL,190,10.368392826508824,6.964439219937122,14.162274479547749,6.080400541852399,3.4772603732117764,9.13369255860316,4.287992284656425,2.995446408594443,5.783782608756881
opx,opx_only,P_kbar,pwlr,RF,49,A,B,shallow_crustal,48,7.713209626839939,5.899895460496368,9.492113064299863,7.483346483145176,5.5562329619742465,9.31510091718509,0.22986314369476268,0.1514666758187126,0.3503804018572744
opx,opx_only,P_kbar,pwlr,RF,49,A,B,deep_crustal_MASH,76,6.90277255288974,4.488597673199745,9.173020706437299,6.307440977398728,4.51971270208127,8.005161232315809,0.595331575491012,-0.10128013887158509,1.471799272344046
opx,opx_only,P_kbar,pwlr,RF,49,A,B,lithospheric_mantle,37,7.599556884424252,4.323746280052503,10.892689454664337,5.679697103605856,3.464467669294973,7.7445245937040506,1.9198597808183955,-0.10254320479447583,3.6446841431777615
opx,opx_only,P_kbar,pwlr,RF,49,A,B,deeper_mantle,29,20.18179966538351,8.215020761882469,31.089042694578662,21.671412405112967,11.116011869229572,32.10587780869325,-1.4896127397294556,-3.564452471809441,-0.6906594905417993
opx,opx_only,P_kbar,pwlr,RF,49,A,B,ALL,190,10.368392826508824,6.964439219937122,14.162274479547749,10.393577802365504,7.046612799601059,14.141830232341285,-0.025184975856680225,-0.5400693430046936,0.5245947167593574
opx,opx_only,P_kbar,pwlr,RF,50,A,A,shallow_crustal,48,7.560099012169215,5.834019917889656,9.283447285416985,1.1192715391879293,0.8285719918558327,1.426339149819215,6.440827472981286,4.798870716133114,8.082923316669616
opx,opx_only,P_kbar,pwlr,RF,50,A,A,deep_crustal_MASH,76,6.83397108981853,4.480281171114841,9.072224978060285,1.9764100721986484,1.6269364342794232,2.3347773400843694,4.857561017619882,2.639113209955299,7.077981188976655
opx,opx_only,P_kbar,pwlr,RF,50,A,A,lithospheric_mantle,37,7.360636738047661,4.241932325208023,10.493696893697582,3.351493830456769,2.7683534289535108,3.962251345604788,4.009142907590892,1.3162574863251173,6.633185187744538
opx,opx_only,P_kbar,pwlr,RF,50,A,A,deeper_mantle,29,19.986721028343556,7.761244102729961,30.978717256980353,14.42613253691765,8.12599264981531,21.608760641098346,5.560588491425905,-0.9462664658878139,10.144667209700645
opx,opx_only,P_kbar,pwlr,RF,50,A,A,ALL,190,10.22950027053493,6.730292786024458,14.060700318085246,5.985901180227617,3.510181977295943,8.943385575542235,4.243599090307312,2.832834901681485,5.807935938616868
opx,opx_only,P_kbar,pwlr,RF,50,A,B,shallow_crustal,48,7.560099012169215,5.834019917889656,9.283447285416985,7.23568999312278,5.42957311812484,8.974814852791168,0.3244090190464348,0.2085542672488229,0.46469933129778324
opx,opx_only,P_kbar,pwlr,RF,50,A,B,deep_crustal_MASH,76,6.83397108981853,4.480281171114841,9.072224978060285,5.90404663881144,4.357346804717713,7.384165646497407,0.9299244510070901,-0.014627548274260709,2.0490368316517347
opx,opx_only,P_kbar,pwlr,RF,50,A,B,lithospheric_mantle,37,7.360636738047661,4.241932325208023,10.493696893697582,5.311972824396065,3.2822146004007737,7.173409429203632,2.0486639136515956,-0.10606812040545506,4.060478364340641
opx,opx_only,P_kbar,pwlr,RF,50,A,B,deeper_mantle,29,19.986721028343556,7.761244102729961,30.978717256980353,22.364136506819467,12.336832978129651,32.5274232565216,-2.3774154784759105,-5.597413055350295,-1.1390977048139985
opx,opx_only,P_kbar,pwlr,RF,50,A,B,ALL,190,10.22950027053493,6.730292786024458,14.060700318085246,10.440496769155303,7.121914877666436,14.188473080228965,-0.21099649862037317,-0.948385886565886,0.45472384783973635
opx,opx_only,P_kbar,pwlr,RF,51,A,A,shallow_crustal,48,7.673676409941255,5.897710241831589,9.455841228433552,1.1136262982035001,0.8236192153609948,1.42223902592151,6.5600501117377545,4.850006265596805,8.251464448626848
opx,opx_only,P_kbar,pwlr,RF,51,A,A,deep_crustal_MASH,76,6.864042922364368,4.416830411536214,9.12544063064003,1.9625511805700016,1.6145293865568886,2.3193857767405808,4.901491741794366,2.620945615321087,7.135141856370983
opx,opx_only,P_kbar,pwlr,RF,51,A,A,lithospheric_mantle,37,7.510600993784706,4.270125364460323,10.739944714852143,3.355933245719117,2.7762237308897113,3.9653221195742656,4.15466774806559,1.3223352519757436,6.86418434491865
opx,opx_only,P_kbar,pwlr,RF,51,A,A,deeper_mantle,29,20.302673036910427,8.437764303751406,31.179152546723397,14.451717649544637,8.11417723554062,21.6620716439976,5.85095538736579,-0.3600329191206815,10.286653081650964
opx,opx_only,P_kbar,pwlr,RF,51,A,A,ALL,190,10.374091334132945,6.977592095930471,14.155720404454009,5.993710209212705,3.4996350146229718,8.9606997814306,4.38038112492024,3.0248625202438686,5.9583980835143215
opx,opx_only,P_kbar,pwlr,RF,51,A,B,shallow_crustal,48,7.673676409941255,5.897710241831589,9.455841228433552,7.564508414899635,5.852904806423885,9.255229143566746,0.10916799504162,-0.029844822071574684,0.33451223927350515
opx,opx_only,P_kbar,pwlr,RF,51,A,B,deep_crustal_MASH,76,6.864042922364368,4.416830411536214,9.12544063064003,5.683995837142352,4.145013454218782,7.137746936023676,1.1800470852220162,0.10702759867001477,2.3693799508323234
opx,opx_only,P_kbar,pwlr,RF,51,A,B,lithospheric_mantle,37,7.510600993784706,4.270125364460323,10.739944714852143,5.035239320465022,3.1568273086835443,6.759134550887252,2.475361673319684,0.0,4.7222709688937
opx,opx_only,P_kbar,pwlr,RF,51,A,B,deeper_mantle,29,20.302673036910427,8.437764303751406,31.179152546723397,22.8362119611482,13.406948743661705,32.74826044430781,-2.5335389242377744,-5.901878331358113,-1.115656074176949
opx,opx_only,P_kbar,pwlr,RF,51,A,B,ALL,190,10.374091334132945,6.977592095930471,14.155720404454009,10.578878779284963,7.3577241762797865,14.316960254574818,-0.20478744515201797,-0.9928405189198017,0.4975023449527073
opx,opx_only,P_kbar,pwlr,RF,52,A,A,shallow_crustal,48,7.7319815212977465,6.006452426726494,9.48511228849597,1.117472545348349,0.8271999020224574,1.4273586813233232,6.614508975949398,4.957317399669707,8.260376540741383
opx,opx_only,P_kbar,pwlr,RF,52,A,A,deep_crustal_MASH,76,6.87462827866025,4.4817089682555835,9.123434658964314,1.95716860469294,1.6109260272074344,2.3131295345765275,4.9174596739673095,2.6498948336058383,7.130204088284445
opx,opx_only,P_kbar,pwlr,RF,52,A,A,lithospheric_mantle,37,7.480751907907212,4.305447476922396,10.64853544156277,3.3652276307540503,2.774608271400133,3.987635508772462,4.1155242771531615,1.3620112405487206,6.780557874977634
opx,opx_only,P_kbar,pwlr,RF,52,A,A,deeper_mantle,29,20.091548295100836,8.014068278464025,31.05278783550299,14.396832560954973,8.252333413497924,21.48432599523457,5.694715734145863,-0.8150310965759037,10.298556822850811
opx,opx_only,P_kbar,pwlr,RF,52,A,A,ALL,190,10.320758078137716,6.887359706425934,14.112865519607992,5.974009184439709,3.526559452282108,8.902892201979963,4.346748893698007,2.9370404304842874,5.929308342017084
opx,opx_only,P_kbar,pwlr,RF,52,A,B,shallow_crustal,48,7.7319815212977465,6.006452426726494,9.48511228849597,7.6049613916322425,6.0033498383343025,9.198410258855542,0.12702012966550402,-0.033013234469535434,0.3983620039656427
opx,opx_only,P_kbar,pwlr,RF,52,A,B,deep_crustal_MASH,76,6.87462827866025,4.4817089682555835,9.123434658964314,5.648445427274351,4.131050395913228,7.1207811191498305,1.2261828513858992,0.23596147764317862,2.2506730308786342
opx,opx_only,P_kbar,pwlr,RF,52,A,B,lithospheric_mantle,37,7.480751907907212,4.305447476922396,10.64853544156277,5.268086224122985,3.2974955179386907,7.105310496430168,2.212665683784227,0.0021327234846550526,4.199883444447538
opx,opx_only,P_kbar,pwlr,RF,52,A,B,deeper_mantle,29,20.091548295100836,8.014068278464025,31.05278783550299,22.389878731437655,12.672587882167145,32.4438333937906,-2.298330436336819,-5.543808922984826,-1.0043531395904821
opx,opx_only,P_kbar,pwlr,RF,52,A,B,ALL,190,10.320758078137716,6.887359706425934,14.112865519607992,10.45431682414645,7.225939847705258,14.174798625297628,-0.13355874600873285,-0.8626188833817048,0.5161196892906558
opx,opx_only,P_kbar,pwlr,RF,53,A,A,shallow_crustal,48,7.711085986459176,5.8984775139046475,9.546843640041999,1.1329388437227974,0.8287481447538521,1.4562032121182682,6.578147142736379,4.847753857590795,8.290091679632091
opx,opx_only,P_kbar,pwlr,RF,53,A,A,deep_crustal_MASH,76,6.840350366479753,4.413777164311183,9.136931507183318,1.967249106023472,1.6180136336242918,2.3225935443939774,4.873101260456281,2.59609383344575,7.129743297595169
opx,opx_only,P_kbar,pwlr,RF,53,A,A,lithospheric_mantle,37,7.684197861492771,4.344625488212153,11.031236405006956,3.3729495192786705,2.7793697587321544,4.012612356040532,4.3112483422141,1.3635140507462522,7.068414275311363
opx,opx_only,P_kbar,pwlr,RF,53,A,A,deeper_mantle,29,20.08851765065511,7.820256486422204,31.148362856496608,14.547656665098295,8.079696439806153,21.817271326068898,5.540860985556815,-0.9306314855561537,10.010970285565788
opx,opx_only,P_kbar,pwlr,RF,53,A,A,ALL,190,10.3358938757326,6.8215395466159325,14.187633324064818,6.032400220428997,3.5082546088532602,9.021528006976324,4.303493655303603,2.9166509764639286,5.84023588519397
opx,opx_only,P_kbar,pwlr,RF,53,A,B,shallow_crustal,48,7.711085986459176,5.8984775139046475,9.546843640041999,7.390462408156998,5.496560904638163,9.220737256525968,0.320623578302178,0.2040196310886681,0.45810261761813026
opx,opx_only,P_kbar,pwlr,RF,53,A,B,deep_crustal_MASH,76,6.840350366479753,4.413777164311183,9.136931507183318,6.152113126322557,4.433038971843562,7.7743111734596315,0.6882372401571963,-0.07685998413399997,1.5445476042825628
opx,opx_only,P_kbar,pwlr,RF,53,A,B,lithospheric_mantle,37,7.684197861492771,4.344625488212153,11.031236405006956,5.842058752001613,3.612571084504028,7.972017447407398,1.8421391094911579,-0.11715515998843802,3.4836322456530557
opx,opx_only,P_kbar,pwlr,RF,53,A,B,deeper_mantle,29,20.08851765065511,7.820256486422204,31.148362856496608,21.574833283396615,10.787899782446003,32.12464807406349,-1.4863156327415048,-3.719327599735639,-0.652890526917846
opx,opx_only,P_kbar,pwlr,RF,53,A,B,ALL,190,10.3358938757326,6.8215395466159325,14.187633324064818,10.326185703047958,6.933954570917509,14.11486954705186,0.009708172684641525,-0.51090270924693,0.5606825846175832
opx,opx_only,P_kbar,pwlr,RF,54,A,A,shallow_crustal,48,7.580398504593863,5.8882767191347165,9.272379958857492,1.1138542633087953,0.8241676523743041,1.4220805478909748,6.466544241285068,4.831029675056918,8.042630176047156
opx,opx_only,P_kbar,pwlr,RF,54,A,A,deep_crustal_MASH,76,6.8916625870057135,4.450930228525816,9.180689982554231,1.9703756575451619,1.6223937618276405,2.329765744762908,4.9212869294605515,2.6344209915001358,7.166707286220244
opx,opx_only,P_kbar,pwlr,RF,54,A,A,lithospheric_mantle,37,7.524040833313099,4.260163838193263,10.776669458396084,3.3372586397432387,2.7600632462955508,3.9449983568154408,4.18678219356986,1.3349536143977154,6.899680312715135
opx,opx_only,P_kbar,pwlr,RF,54,A,A,deeper_mantle,29,20.27667134102016,8.503245154870273,31.082375469033476,14.368437953226044,8.237615212897898,21.45561156769453,5.908233387794118,-0.3535774036133622,10.476389949733717
opx,opx_only,P_kbar,pwlr,RF,54,A,A,ALL,190,10.358213334607287,6.981805436391015,14.113378271966907,5.962073690679063,3.515190619887228,8.890160144969299,4.396139643928224,3.0024568902710183,6.01333992599783
opx,opx_only,P_kbar,pwlr,RF,54,A,B,shallow_crustal,48,7.580398504593863,5.8882767191347165,9.272379958857492,7.51718022278565,5.886192437638029,9.153099859993157,0.0632182818082132,-0.033851074687727925,0.21149281460175506
opx,opx_only,P_kbar,pwlr,RF,54,A,B,deep_crustal_MASH,76,6.8916625870057135,4.450930228525816,9.180689982554231,5.742704267089959,4.218143059217488,7.23907712878754,1.1489583199157547,0.08899685596975378,2.325875491994381
opx,opx_only,P_kbar,pwlr,RF,54,A,B,lithospheric_mantle,37,7.524040833313099,4.260163838193263,10.776669458396084,5.033305083238709,3.164984961250832,6.755494791149281,2.49073575007439,0.0,4.6934096972290344
opx,opx_only,P_kbar,pwlr,RF,54,A,B,deeper_mantle,29,20.27667134102016,8.503245154870273,31.082375469033476,22.681526198684267,13.221081207331238,32.581640434019086,-2.4048548576641053,-5.626339977869711,-1.0540339035016622
opx,opx_only,P_kbar,pwlr,RF,54,A,B,ALL,190,10.358213334607287,6.981805436391015,14.113378271966907,10.531962059277955,7.330218588147455,14.23435753628707,-0.17374872467066815,-0.9425940265461841,0.5237613406067498
opx,opx_only,P_kbar,pwlr,RF,55,A,A,shallow_crustal,48,7.569566143486948,5.83875686178719,9.322293649724287,1.1220981659933598,0.8285458709196347,1.4362484858829032,6.447467977493588,4.802841342662132,8.080778651350117
opx,opx_only,P_kbar,pwlr,RF,55,A,A,deep_crustal_MASH,76,6.837724755984511,4.450848802436515,9.115938942896417,1.9587192534869464,1.61742822028913,2.301750794280056,4.879005502497565,2.6041414531756217,7.160699067180052
opx,opx_only,P_kbar,pwlr,RF,55,A,A,lithospheric_mantle,37,7.55246987557179,4.262815727247661,10.82836164833336,3.3492607034828734,2.7215123303546878,4.010571614256693,4.203209172088917,1.334083850333445,6.890316810985241
opx,opx_only,P_kbar,pwlr,RF,55,A,A,deeper_mantle,29,20.171908782973176,8.020468098504068,31.18904533505255,14.35113457181405,8.31471625404007,21.39379078737956,5.820774211159126,-0.7981779959456976,10.50913422596473
opx,opx_only,P_kbar,pwlr,RF,55,A,A,ALL,190,10.314630448329575,6.836735339617294,14.160261007167641,5.955874261180179,3.5432788513754963,8.87691032310293,4.358756187149396,2.8806038578171846,5.961659029548026
opx,opx_only,P_kbar,pwlr,RF,55,A,B,shallow_crustal,48,7.569566143486948,5.83875686178719,9.322293649724287,7.299950161175025,5.455216786232919,9.122016674586344,0.2696159823119224,0.18278819987007214,0.3978415496227222
opx,opx_only,P_kbar,pwlr,RF,55,A,B,deep_crustal_MASH,76,6.837724755984511,4.450848802436515,9.115938942896417,6.066968290589827,4.329044887445935,7.6887409797639465,0.7707564653946841,-0.11364427334848937,2.271254949806926
opx,opx_only,P_kbar,pwlr,RF,55,A,B,lithospheric_mantle,37,7.55246987557179,4.262815727247661,10.82836164833336,4.8483890708732424,3.1522092480665527,6.563564716870784,2.704080804698547,-0.10948358044018791,5.5576777973548275
opx,opx_only,P_kbar,pwlr,RF,55,A,B,deeper_mantle,29,20.171908782973176,8.020468098504068,31.18904533505255,22.973376217856895,13.074495543186897,33.020754986780695,-2.801467434883719,-6.4316920626135,-1.350199955156128
opx,opx_only,P_kbar,pwlr,RF,55,A,B,ALL,190,10.314630448329575,6.836735339617294,14.160261007167641,10.645127340802166,7.315927674583759,14.437618309788238,-0.3304968924725902,-1.221715206148627,0.47684987006160695
opx,opx_only,P_kbar,pwlr,RF,56,A,A,shallow_crustal,48,7.768705960375032,6.026429869982199,9.526514116049142,1.1169062076212297,0.8277333276408789,1.4236993317606332,6.651799752753802,4.995843750961866,8.318182978344268
opx,opx_only,P_kbar,pwlr,RF,56,A,A,deep_crustal_MASH,76,6.887930025586018,4.41425040052387,9.219422721873142,1.9818850479276968,1.6293456807629823,2.3440198783389006,4.906044977658321,2.5832450763947494,7.195025195015898
opx,opx_only,P_kbar,pwlr,RF,56,A,A,lithospheric_mantle,37,7.451357723876745,4.341667797883802,10.559255631653706,3.338587731611278,2.7687547371204833,3.9295899323135175,4.112769992265466,1.4321848432161968,6.723651303227221
opx,opx_only,P_kbar,pwlr,RF,56,A,A,deeper_mantle,29,20.234088094388024,8.363433449761397,31.070643982347278,14.444475746317618,8.217265595487167,21.58518985676412,5.789612348070406,-0.5007663008235661,10.30921473671227
opx,opx_only,P_kbar,pwlr,RF,56,A,A,ALL,190,10.369519733052819,6.982935888928576,14.130152604258646,5.991857955634657,3.5265413371744403,8.938877494241835,4.377661777418162,2.9903191714910613,5.967723878422498
opx,opx_only,P_kbar,pwlr,RF,56,A,B,shallow_crustal,48,7.768705960375032,6.026429869982199,9.526514116049142,7.48304661098996,5.730249700435754,9.213055486177502,0.28565934938507187,0.14790790430612694,0.47819008840071686
opx,opx_only,P_kbar,pwlr,RF,56,A,B,deep_crustal_MASH,76,6.887930025586018,4.41425040052387,9.219422721873142,5.673041282999988,4.216228810477529,7.060817965431764,1.2148887425860293,-0.01506821563698739,2.5953541013978954
opx,opx_only,P_kbar,pwlr,RF,56,A,B,lithospheric_mantle,37,7.451357723876745,4.341667797883802,10.559255631653706,5.030923723002939,3.211946878811321,6.7690751319813,2.420434000873806,-0.08027392964002229,4.808242568902586
opx,opx_only,P_kbar,pwlr,RF,56,A,B,deeper_mantle,29,20.234088094388024,8.363433449761397,31.070643982347278,23.265846950248775,13.84554571135478,33.040851990360814,-3.031758855860751,-6.579782936727592,-1.5167271797356299
opx,opx_only,P_kbar,pwlr,RF,56,A,B,ALL,190,10.369519733052819,6.982935888928576,14.130152604258646,10.703642300158178,7.473190877669933,14.383130075812836,-0.3341225671053589,-1.2171371888829285,0.443102218133962
opx,opx_only,P_kbar,pwlr,RF,57,A,A,shallow_crustal,48,7.586035802367707,5.822692719894363,9.379975014805538,1.1215097169761636,0.8253997283881077,1.437338358894202,6.464526085391544,4.776866785644279,8.124382514106017
opx,opx_only,P_kbar,pwlr,RF,57,A,A,deep_crustal_MASH,76,6.961610436828605,4.5005500699283045,9.283808896276478,1.9529482225502568,1.6102743190597724,2.309387115095683,5.008662214278348,2.694263200930739,7.31196206652982
opx,opx_only,P_kbar,pwlr,RF,57,A,A,lithospheric_mantle,37,7.554437188397971,4.289776556831613,10.857554428830618,3.3426141559532194,2.7498359362056797,3.980976552198513,4.211823032444752,1.3838697291104676,6.955066292774565
opx,opx_only,P_kbar,pwlr,RF,57,A,A,deeper_mantle,29,20.17477963660013,8.122860888486015,31.129082236795014,14.357479838493967,8.346850461093817,21.38209306984941,5.8172997981061645,-0.7627045106149761,10.472717551707596
opx,opx_only,P_kbar,pwlr,RF,57,A,A,ALL,190,10.351905277367111,6.898622594380321,14.154784944186186,5.9566951750625945,3.54962348786387,8.87591174668962,4.3952101023045165,2.89969593390523,5.999444044827467
opx,opx_only,P_kbar,pwlr,RF,57,A,B,shallow_crustal,48,7.586035802367707,5.822692719894363,9.379975014805538,7.254491409793822,5.535767529104855,8.913950055248339,0.33154439257388546,0.13767526573626152,0.6383846221369134
opx,opx_only,P_kbar,pwlr,RF,57,A,B,deep_crustal_MASH,76,6.961610436828605,4.5005500699283045,9.283808896276478,5.7520958266800095,4.289599370180565,7.224158050549109,1.2095146101485952,0.1391352297181083,2.3424195941928883
opx,opx_only,P_kbar,pwlr,RF,57,A,B,lithospheric_mantle,37,7.554437188397971,4.289776556831613,10.857554428830618,5.300642511642503,3.2902464433615,7.156717989564446,2.2537946767554677,-0.06718038024689636,4.341173230861039
opx,opx_only,P_kbar,pwlr,RF,57,A,B,deeper_mantle,29,20.17477963660013,8.122860888486015,31.129082236795014,22.62134254945359,12.791580512389778,32.747618727372696,-2.4465629128534587,-5.643068696172892,-1.1924176193191154
opx,opx_only,P_kbar,pwlr,RF,57,A,B,ALL,190,10.351905277367111,6.898622594380321,14.154784944186186,10.493185785784743,7.209183410246811,14.238184525276973,-0.14128050841763162,-0.8955987544137682,0.5512586193114817
opx,opx_only,P_kbar,pwlr,RF,58,A,A,shallow_crustal,48,7.676387009699722,5.9188681097038875,9.41889074653897,1.1246491948414452,0.8275544798135963,1.441505595312248,6.551737814858277,4.861866848030268,8.190655609126088
opx,opx_only,P_kbar,pwlr,RF,58,A,A,deep_crustal_MASH,76,6.848638413690422,4.416725653983621,9.168825250390478,1.9688660456952294,1.6249495594461156,2.320239062245079,4.8797723679951925,2.5635252828841466,7.178537806824545
opx,opx_only,P_kbar,pwlr,RF,58,A,A,lithospheric_mantle,37,7.5601965871213626,4.359894570876468,10.769135359378952,3.3531915780455765,2.7656965559276987,3.9692097911014903,4.207005009075786,1.3888634714063524,6.862382860509451
opx,opx_only,P_kbar,pwlr,RF,58,A,A,deeper_mantle,29,20.155498556656564,8.19060241109003,30.996268939155915,14.495864409528577,8.035534518560707,21.774142410869857,5.659634147127987,-0.5507190701448911,10.044713978619564
opx,opx_only,P_kbar,pwlr,RF,58,A,A,ALL,190,10.33365916197223,6.943838653255372,14.113186796677097,6.0110063956778506,3.4961362278727144,9.001357897535378,4.32265276629438,2.979364921829088,5.87935630200506
opx,opx_only,P_kbar,pwlr,RF,58,A,B,shallow_crustal,48,7.676387009699722,5.9188681097038875,9.41889074653897,7.4314959070860676,5.558835687306497,9.25003319148935,0.24489110261365443,0.1605199342045573,0.37092529527705403
opx,opx_only,P_kbar,pwlr,RF,58,A,B,deep_crustal_MASH,76,6.848638413690422,4.416725653983621,9.168825250390478,6.124168349147442,4.396834116443706,7.762385336971096,0.72447006454298,-0.1055043085085436,1.7554668561725653
opx,opx_only,P_kbar,pwlr,RF,58,A,B,lithospheric_mantle,37,7.5601965871213626,4.359894570876468,10.769135359378952,5.445800383250667,3.392273819198166,7.371120958283623,2.1143962038706956,-0.10288121638211487,4.066273438401085
opx,opx_only,P_kbar,pwlr,RF,58,A,B,deeper_mantle,29,20.155498556656564,8.19060241109003,30.996268939155915,21.990419277232565,11.637991859864185,32.21781921929044,-1.834920720576001,-4.255590304708195,-0.9016008979026742
opx,opx_only,P_kbar,pwlr,RF,58,A,B,ALL,190,10.33365916197223,6.943838653255372,14.113186796677097,10.418200849937367,7.0917001183086,14.12104646727635,-0.08454168796513706,-0.6898731306837063,0.5343469263436845
opx,opx_only,P_kbar,pwlr,RF,59,A,A,shallow_crustal,48,7.700256559356276,5.935410253653359,9.463505618801053,1.1254255297361548,0.8260659412257103,1.4433223550147745,6.574831029620121,4.872035349601536,8.226141970460798
opx,opx_only,P_kbar,pwlr,RF,59,A,A,deep_crustal_MASH,76,6.882490385483498,4.4166650833549745,9.192042170233616,1.9659519222241788,1.6204426621214116,2.321152282188124,4.91653846325932,2.6277254449063125,7.205478195858832
opx,opx_only,P_kbar,pwlr,RF,59,A,A,lithospheric_mantle,37,7.606200940636871,4.274235466012134,10.896607722058727,3.3482287097508405,2.6942845280630396,4.072425828192418,4.257972230886031,1.378390328406451,6.912496571913396
opx,opx_only,P_kbar,pwlr,RF,59,A,A,deeper_mantle,29,20.184304310310832,8.065944589525943,31.174094436936375,14.63935069535071,7.977465682765555,22.013939197934143,5.5449536149601215,-0.7147461565667469,9.81989727328028
opx,opx_only,P_kbar,pwlr,RF,59,A,A,ALL,190,10.36225838387201,6.886856670948014,14.188536717683576,6.062973928430358,3.478354868228584,9.100804468858241,4.2992844554416525,2.981937560301946,5.794470809756291
opx,opx_only,P_kbar,pwlr,RF,59,A,B,shallow_crustal,48,7.700256559356276,5.935410253653359,9.463505618801053,7.41569059413895,5.559427840595178,9.222571262565005,0.28456596521732624,0.19959080700251214,0.3962236206159573
opx,opx_only,P_kbar,pwlr,RF,59,A,B,deep_crustal_MASH,76,6.882490385483498,4.4166650833549745,9.192042170233616,6.364909413663828,4.4469947051329495,8.148209613167355,0.5175809718196707,-0.056808629886297334,1.1697972577502018
opx,opx_only,P_kbar,pwlr,RF,59,A,B,lithospheric_mantle,37,7.606200940636871,4.274235466012134,10.896607722058727,6.207126953445234,3.767111803641411,8.627424331702333,1.3990739871916373,-0.11257741341307245,2.6186705202999243
opx,opx_only,P_kbar,pwlr,RF,59,A,B,deeper_mantle,29,20.184304310310832,8.065944589525943,31.174094436936375,21.205228112874085,10.108387080048832,31.83927689466723,-1.020923802563253,-2.499939474271756,-0.44301640908989975
opx,opx_only,P_kbar,pwlr,RF,59,A,B,ALL,190,10.36225838387201,6.886856670948014,14.188536717683576,10.306946273325066,6.9173935807494145,14.122092214743079,0.05531211054694474,-0.3188411323337691,0.49124326930359824
opx,opx_only,P_kbar,pwlr,RF,60,A,A,shallow_crustal,48,7.840113748900066,6.0536872017749355,9.657656176219255,1.1177213587547599,0.8211101110801641,1.4319598654772436,6.722392390145306,4.998081610354727,8.39155055176009
opx,opx_only,P_kbar,pwlr,RF,60,A,A,deep_crustal_MASH,76,6.836089364432179,4.386231874563298,9.140109880472489,1.979546818853827,1.6259649890143406,2.3412431733130976,4.8565425455783515,2.576566087081721,7.1326230210898025
opx,opx_only,P_kbar,pwlr,RF,60,A,A,lithospheric_mantle,37,7.6900428014545295,4.388736299316642,11.006444600462757,3.3390752947623867,2.733090269855101,3.974233870002068,4.350967506692143,1.469231255905302,7.077542806814192
opx,opx_only,P_kbar,pwlr,RF,60,A,A,deeper_mantle,29,20.206869351849846,8.278131124692427,31.076113278285494,14.695416680254919,7.951810317512923,22.12435138524825,5.5114526715949275,-0.4841308019395811,9.65486375659181
opx,opx_only,P_kbar,pwlr,RF,60,A,A,ALL,190,10.39517725299423,7.003261734375323,14.174918026225967,6.084065481240557,3.474085328938715,9.148046166399498,4.311111771753674,3.022830423280989,5.812208088603729
opx,opx_only,P_kbar,pwlr,RF,60,A,B,shallow_crustal,48,7.840113748900066,6.0536872017749355,9.657656176219255,7.654173653496265,6.033050992356862,9.244313348852863,0.18594009540380085,-0.031724946954954425,0.46478122086122237
opx,opx_only,P_kbar,pwlr,RF,60,A,B,deep_crustal_MASH,76,6.836089364432179,4.386231874563298,9.140109880472489,5.961234958127788,4.052128040892746,7.761912214411809,0.874854406304391,0.32212573710789705,1.4140266325950843
opx,opx_only,P_kbar,pwlr,RF,60,A,B,lithospheric_mantle,37,7.6900428014545295,4.388736299316642,11.006444600462757,6.252069051189546,3.7512100985282455,8.813893581047664,1.4379737502649839,0.18186142252123216,2.44961553879079
opx,opx_only,P_kbar,pwlr,RF,60,A,B,deeper_mantle,29,20.206869351849846,8.278131124692427,31.076113278285494,21.25724131821911,10.511739607134984,31.673024882430404,-1.0503719663692621,-2.7740572694803776,-0.4044209520501525
opx,opx_only,P_kbar,pwlr,RF,60,A,B,ALL,190,10.39517725299423,7.003261734375323,14.174918026225967,10.276036251081967,6.93967069713965,14.08309389111946,0.11914100191226318,-0.25887130758984084,0.5213194797363484
opx,opx_only,P_kbar,pwlr,RF,61,A,A,shallow_crustal,48,7.5868323656658205,5.9121122138149,9.212416736890539,1.1182878072928881,0.8314386151173175,1.4254285752101032,6.468544558372932,4.866608894965464,7.985905546953348
opx,opx_only,P_kbar,pwlr,RF,61,A,A,deep_crustal_MASH,76,6.783474878757778,4.361323376699995,9.067469409503323,1.977025489872525,1.6296987217784944,2.334861937357066,4.806449388885253,2.5621026193103535,7.068569487182817
opx,opx_only,P_kbar,pwlr,RF,61,A,A,lithospheric_mantle,37,7.597894852512788,4.245989666919268,10.931890197520326,3.338135187874835,2.7393649772469844,3.981551514806745,4.2597596646379525,1.3549978725520386,7.0195147330911185
opx,opx_only,P_kbar,pwlr,RF,61,A,A,deeper_mantle,29,20.049572541440718,7.906912889205589,31.042502482109587,14.640426198284253,7.990771517974537,21.993994754444234,5.409146343156465,-0.8805541580544428,9.6985519525833
opx,opx_only,P_kbar,pwlr,RF,61,A,A,ALL,190,10.273515579301028,6.815289507987666,14.090760438907937,6.063393105164415,3.478293770392148,9.10333534915435,4.210122474136613,2.8785396696996304,5.724051253732435
opx,opx_only,P_kbar,pwlr,RF,61,A,B,shallow_crustal,48,7.5868323656658205,5.9121122138149,9.212416736890539,7.32740898223171,5.588581926482822,9.003506111328972,0.2594233834341102,0.1763473092048912,0.36069610991197787
opx,opx_only,P_kbar,pwlr,RF,61,A,B,deep_crustal_MASH,76,6.783474878757778,4.361323376699995,9.067469409503323,6.095865788504436,4.37941297189308,7.696748979806548,0.6876090902533418,-0.03468755974719349,1.5207214148118746
opx,opx_only,P_kbar,pwlr,RF,61,A,B,lithospheric_mantle,37,7.597894852512788,4.245989666919268,10.931890197520326,5.849202326088181,3.5766041223717555,8.049230866853112,1.7486925264246063,-0.09527789366255467,3.3004728797468
opx,opx_only,P_kbar,pwlr,RF,61,A,B,deeper_mantle,29,20.049572541440718,7.906912889205589,31.042502482109587,21.46677132550096,10.771454157084298,31.96667710808661,-1.4171987840602434,-3.5706690103379515,-0.6207645813074576
opx,opx_only,P_kbar,pwlr,RF,61,A,B,ALL,190,10.273515579301028,6.815289507987666,14.090760438907937,10.26773828591662,6.897080220624193,14.0439580150601,0.005777293384408466,-0.4857879613344075,0.538409043895158
cpx,cpx_liq,T_C,pwlr,ERT,42,none,A,shallow_crustal,268,44.18461802376443,38.10144401073268,50.56611213346775,43.562898378236376,37.00719913985086,50.47411115117157,0.6217196455280529,-1.4737173337106115,3.0307958368988257
cpx,cpx_liq,T_C,pwlr,ERT,42,none,A,deep_crustal_MASH,187,51.1339898939153,40.646383495504374,64.71758670597333,50.42096227683906,39.86802730940109,63.630234659948975,0.7130276170762357,0.2183460400492619,1.158268750221765
cpx,cpx_liq,T_C,pwlr,ERT,42,none,A,lithospheric_mantle,143,77.93543134886232,68.10487770826879,87.29910963805936,78.83423870606188,68.32394378041005,88.6979952882126,-0.8988073571995585,-2.6130031959382194,0.9641872614022889
cpx,cpx_liq,T_C,pwlr,ERT,42,none,A,deeper_mantle,56,166.7553291965823,93.20241002448859,236.9228982989528,148.6179735646201,78.48775742396636,214.1100664399059,18.13735563196221,10.023664830769484,24.923094502485053
cpx,cpx_liq,T_C,pwlr,ERT,42,none,A,ALL,654,72.50372208958599,58.47388600035195,87.73949942841234,68.95469378350576,56.62060186667404,82.6813323160339,3.5490283060802312,1.248927000826577,5.679138988580393
cpx,cpx_liq,T_C,pwlr,ERT,42,none,B,shallow_crustal,268,44.18461802376443,38.10144401073268,50.56611213346775,41.17259819239953,35.85133601041206,46.700666046145635,3.0120198313648956,1.7169949388255972,4.223608666444944
cpx,cpx_liq,T_C,pwlr,ERT,42,none,B,deep_crustal_MASH,187,51.1339898939153,40.646383495504374,64.71758670597333,52.70041784505402,41.874834579101076,66.72015505349474,-1.5664279511387207,-2.80836539014919,-0.26864738930547344
cpx,cpx_liq,T_C,pwlr,ERT,42,none,B,lithospheric_mantle,143,77.93543134886232,68.10487770826879,87.29910963805936,75.7499254360955,66.45929388060763,84.36939928937826,2.1855059127668284,0.7095326600097849,3.70715364802288
cpx,cpx_liq,T_C,pwlr,ERT,42,none,B,deeper_mantle,56,166.7553291965823,93.20241002448859,236.9228982989528,163.27088090681934,90.42645889866873,232.97491921986338,3.484448289762952,2.282550354220724,4.982535375685412
cpx,cpx_liq,T_C,pwlr,ERT,42,none,B,ALL,654,72.50372208958599,58.47388600035195,87.73949942841234,70.89451504531478,56.95336861791654,85.97207218704504,1.6092070442712156,0.8926433972957749,2.2846023121974284
cpx,cpx_liq,T_C,pwlr,ERT,43,none,A,shallow_crustal,268,44.658572168942165,38.40129156078119,51.22844259775993,44.0680531495923,37.15883356274709,51.390040412798164,0.5905190193498626,-1.5431808223055241,3.202846140077855
cpx,cpx_liq,T_C,pwlr,ERT,43,none,A,deep_crustal_MASH,187,50.86359911152607,40.244672756132765,64.28099043753404,49.86146022767364,39.38171265210154,62.82798820615938,1.0021388838524317,-0.09105044157696653,2.032972483452612
cpx,cpx_liq,T_C,pwlr,ERT,43,none,A,lithospheric_mantle,143,78.35734825460693,68.66686627109294,87.41139422840112,78.70054552161027,68.37553916700398,88.23833822469277,-0.3431972670033332,-2.162262470768087,1.6288038195338534
cpx,cpx_liq,T_C,pwlr,ERT,43,none,A,deeper_mantle,56,167.06004797900448,93.10893823827041,237.8792334369928,147.93774168995995,80.02357988482309,211.81991003722987,19.12230628904453,8.357450599173372,27.543495551294736
cpx,cpx_liq,T_C,pwlr,ERT,43,none,A,ALL,654,72.72748867074131,58.70246704958449,87.9978614534356,68.81110600073387,57.077118044974924,82.17627107904241,3.9163826700074367,1.2766042439821557,6.386996462146355
cpx,cpx_liq,T_C,pwlr,ERT,43,none,B,shallow_crustal,268,44.658572168942165,38.40129156078119,51.22844259775993,42.36810729629427,36.642870497938965,48.370997232808115,2.2904648726478953,1.3205200587320183,3.178003623427244
cpx,cpx_liq,T_C,pwlr,ERT,43,none,B,deep_crustal_MASH,187,50.86359911152607,40.244672756132765,64.28099043753404,52.11276431187409,41.38741353566995,66.06468289033305,-1.249165200348017,-2.21084858134912,-0.23142335816751874
cpx,cpx_liq,T_C,pwlr,ERT,43,none,B,lithospheric_mantle,143,78.35734825460693,68.66686627109294,87.41139422840112,77.49149226600711,68.10609402123731,85.91631032329505,0.8658559885998187,-1.1304360830305673,2.718875970481469
cpx,cpx_liq,T_C,pwlr,ERT,43,none,B,deeper_mantle,56,167.06004797900448,93.10893823827041,237.8792334369928,160.7391990676043,87.27490831813915,229.7570000284924,6.320848911400191,3.753187749194237,9.403773096655076
cpx,cpx_liq,T_C,pwlr,ERT,43,none,B,ALL,654,72.72748867074131,58.70246704958449,87.9978614534356,70.97508712915305,57.461348600885664,85.72120202552641,1.752401541588256,0.8370513115181588,2.571322551633862
cpx,cpx_liq,T_C,pwlr,ERT,44,none,A,shallow_crustal,268,44.38636480458142,38.32769943525658,50.82885086902434,43.82758350223661,37.06496836289802,50.94575756679231,0.558781302344812,-1.5692295115702783,3.141711073364574
cpx,cpx_liq,T_C,pwlr,ERT,44,none,A,deep_crustal_MASH,187,50.926689484869314,40.38210294829268,64.55323076100807,50.455415755432334,39.949325162944106,63.75219242458566,0.4712737294369802,0.06452059573745982,0.845397155552568
cpx,cpx_liq,T_C,pwlr,ERT,44,none,A,lithospheric_mantle,143,77.50496670673509,67.63886584369666,86.76233336878191,78.41211223881326,67.7448255390014,88.10220259199477,-0.9071455320781752,-2.637458859215437,0.9609530308665251
cpx,cpx_liq,T_C,pwlr,ERT,44,none,A,deeper_mantle,56,166.39658241011423,93.60069898249725,235.9320459826475,147.7045584199456,81.53614845450406,210.4690918307068,18.69202399016862,6.448692557188517,27.617208219567388
cpx,cpx_liq,T_C,pwlr,ERT,44,none,A,ALL,654,72.34084737964638,58.527639579511096,87.31593826941399,68.75705235075017,57.174419884396556,81.93231150150531,3.583795028896205,0.7783770227561438,6.221773375618898
cpx,cpx_liq,T_C,pwlr,ERT,44,none,B,shallow_crustal,268,44.38636480458142,38.32769943525658,50.82885086902434,41.38488931006848,36.063463048756965,47.06392978652764,3.0014754945129383,1.6538646732279374,4.2524912626452425
cpx,cpx_liq,T_C,pwlr,ERT,44,none,B,deep_crustal_MASH,187,50.926689484869314,40.38210294829268,64.55323076100807,52.59205742446729,41.713951601207064,66.7465737736533,-1.665367939597978,-2.9549777296709867,-0.314808655781241
cpx,cpx_liq,T_C,pwlr,ERT,44,none,B,lithospheric_mantle,143,77.50496670673509,67.63886584369666,86.76233336878191,75.79254151968259,66.39350221705526,84.19846938931003,1.712425187052503,-0.14122563900596638,3.6198497952033812
cpx,cpx_liq,T_C,pwlr,ERT,44,none,B,deeper_mantle,56,166.39658241011423,93.60069898249725,235.9320459826475,161.0909779587977,88.51855920140912,229.1216287556903,5.305604451316526,3.0436837684532074,7.8166746679217916
cpx,cpx_liq,T_C,pwlr,ERT,44,none,B,ALL,654,72.34084737964638,58.527639579511096,87.31593826941399,70.50403643344866,56.959425800337684,85.1663000726939,1.8368109461977156,0.9167230092533704,2.6411580629478575
cpx,cpx_liq,T_C,pwlr,ERT,45,none,A,shallow_crustal,268,44.368865468120504,38.26508658402253,50.802893280851436,43.686455446922174,36.99234059347745,50.79428156344949,0.6824100211983293,-1.4122671228638157,3.2062904826507563
cpx,cpx_liq,T_C,pwlr,ERT,45,none,A,deep_crustal_MASH,187,51.26435767970365,40.57513984927053,64.76907606456159,50.348205367982864,39.87047865738118,63.0680448735251,0.9161523117207864,-0.19758804271205702,1.9611553478221315
cpx,cpx_liq,T_C,pwlr,ERT,45,none,A,lithospheric_mantle,143,77.5312129523441,67.66559293654173,86.78602148059102,78.15057942529837,67.5514076165965,87.98900395073724,-0.6193664729542689,-2.3904890382921664,1.3677004487952238
cpx,cpx_liq,T_C,pwlr,ERT,45,none,A,deeper_mantle,56,166.43744564196152,93.80547076072865,236.13388175402568,146.80019959321686,79.52681125639357,209.8987266521652,19.637246048744657,9.080164319262705,27.8326485184411
cpx,cpx_liq,T_C,pwlr,ERT,45,none,A,ALL,654,72.41880029958307,58.54010344800881,87.34526217612081,68.46621207162323,56.762350499165386,81.67729992195834,3.9525882279598363,1.2493569505708026,6.4117679757550246
cpx,cpx_liq,T_C,pwlr,ERT,45,none,B,shallow_crustal,268,44.368865468120504,38.26508658402253,50.802893280851436,42.046721680680804,36.582715671051716,47.87608705310112,2.3221437874396997,1.3973129336946506,3.187530163788734
cpx,cpx_liq,T_C,pwlr,ERT,45,none,B,deep_crustal_MASH,187,51.26435767970365,40.57513984927053,64.76907606456159,52.24879259315406,41.395164142471465,66.31067172050784,-0.9844349134504071,-1.9056326456877442,-0.03453308280995084
cpx,cpx_liq,T_C,pwlr,ERT,45,none,B,lithospheric_mantle,143,77.5312129523441,67.66559293654173,86.78602148059102,76.51377268277109,66.94087236876217,85.10148507275055,1.0174402695730151,-0.7561413351860217,2.6778313473661486
cpx,cpx_liq,T_C,pwlr,ERT,45,none,B,deeper_mantle,56,166.43744564196152,93.80547076072865,236.13388175402568,162.57001182234762,89.74794680921867,231.28321526251864,3.8674338196138933,1.3758172284430248,7.207038187968742
cpx,cpx_liq,T_C,pwlr,ERT,45,none,B,ALL,654,72.41880029958307,58.54010344800881,87.34526217612081,71.0504416163833,57.29901597569253,85.83269198606361,1.368358683199773,0.5828797776443839,2.1782262226694935
cpx,cpx_liq,T_C,pwlr,ERT,46,none,A,shallow_crustal,268,45.012655690148605,38.83267320954831,51.49987753912231,43.57691996741659,36.81442776029356,50.78140495506022,1.4357357227320122,-0.5776471727119137,3.86540486254354
cpx,cpx_liq,T_C,pwlr,ERT,46,none,A,deep_crustal_MASH,187,50.68565055413838,39.97782498075599,64.31415982010863,50.00834060989514,39.366546853474574,63.56613630027341,0.677309944243234,0.27585312106348214,1.0307122218478795
cpx,cpx_liq,T_C,pwlr,ERT,46,none,A,lithospheric_mantle,143,77.17226849712918,67.49438070041045,86.43151352245698,77.42901372307,67.12148240793307,87.06320979395986,-0.2567452259408185,-1.9723746692462023,1.613072435563886
cpx,cpx_liq,T_C,pwlr,ERT,46,none,A,deeper_mantle,56,166.06321931517223,91.27920267395332,237.0291175876646,148.45286104026874,77.3908453955345,214.39673591863442,17.61035827490349,8.91289648432301,24.50715774244714
cpx,cpx_liq,T_C,pwlr,ERT,46,none,A,ALL,654,72.30765282004266,58.11485596041916,87.51250661909343,68.49225053889431,56.15524314813093,82.3026859492826,3.8154022811483514,1.4753454430170738,5.940537277217813
cpx,cpx_liq,T_C,pwlr,ERT,46,none,B,shallow_crustal,268,45.012655690148605,38.83267320954831,51.49987753912231,42.05782439702557,36.67727323497706,47.83953008638446,2.9548312931230356,1.6890893474113169,4.137273835765191
cpx,cpx_liq,T_C,pwlr,ERT,46,none,B,deep_crustal_MASH,187,50.68565055413838,39.97782498075599,64.31415982010863,52.32227783858589,41.37336459791384,66.4806011309579,-1.6366272844475134,-2.8679331732537023,-0.3250530784383127
cpx,cpx_liq,T_C,pwlr,ERT,46,none,B,lithospheric_mantle,143,77.17226849712918,67.49438070041045,86.43151352245698,75.11968923315092,65.82182126138075,83.5096563601963,2.0525792639782594,0.3533034952494116,3.7866785892625283
cpx,cpx_liq,T_C,pwlr,ERT,46,none,B,deeper_mantle,56,166.06321931517223,91.27920267395332,237.0291175876646,161.11551907738675,86.47601799943429,231.26001677631956,4.947700237785483,3.1279382675635232,7.223271352487454
cpx,cpx_liq,T_C,pwlr,ERT,46,none,B,ALL,654,72.30765282004266,58.11485596041916,87.51250661909343,70.45715607319529,56.514884742982524,85.50999398741179,1.8504967468473694,1.0308521940177164,2.596107627303567
cpx,cpx_liq,T_C,pwlr,ERT,47,none,A,shallow_crustal,268,44.712172079230264,38.65768288834851,51.09294795153514,43.26364071162536,36.491335246755696,50.31731318968694,1.4485313676049074,-0.676544519236938,3.9935152952685047
cpx,cpx_liq,T_C,pwlr,ERT,47,none,A,deep_crustal_MASH,187,50.9692977758794,40.20346372073966,64.53850294113943,50.45052561726911,39.82561411923942,63.85139181603976,0.5187721586102896,0.15955093893159641,0.842663745142553
cpx,cpx_liq,T_C,pwlr,ERT,47,none,A,lithospheric_mantle,143,78.41893673527024,68.38486765952837,87.86757315132343,78.95400745521725,68.42613888833664,88.92465247838923,-0.535070719947015,-2.1384290572054283,1.2348282995600637
cpx,cpx_liq,T_C,pwlr,ERT,47,none,A,deeper_mantle,56,163.83118527310853,89.70729771230991,233.97575661824112,145.93205080619438,75.72805293456358,210.28315938985284,17.89913446691415,8.311995145965854,25.240269949471287
cpx,cpx_liq,T_C,pwlr,ERT,47,none,A,ALL,654,72.14537757307843,58.26892515864176,87.01572550595063,68.42034928281596,56.53356134372989,81.86027781993198,3.725028290262472,1.3317516722384142,5.947954881190531
cpx,cpx_liq,T_C,pwlr,ERT,47,none,B,shallow_crustal,268,44.712172079230264,38.65768288834851,51.09294795153514,41.613886661365925,36.24638658973461,47.15717870618236,3.0982854178643393,1.8109089630612702,4.2914999061685
cpx,cpx_liq,T_C,pwlr,ERT,47,none,B,deep_crustal_MASH,187,50.9692977758794,40.20346372073966,64.53850294113943,52.58865810479758,41.66557405656332,66.82317667219877,-1.6193603289181837,-2.8774537920230636,-0.296852949533202
cpx,cpx_liq,T_C,pwlr,ERT,47,none,B,lithospheric_mantle,143,78.41893673527024,68.38486765952837,87.86757315132343,76.5471578293595,67.06497119454592,85.11385614697234,1.8717789059107304,0.1547320517787444,3.675431090105762
cpx,cpx_liq,T_C,pwlr,ERT,47,none,B,deeper_mantle,56,163.83118527310853,89.70729771230991,233.97575661824112,158.605904259175,84.660474234373,227.54709266058939,5.2252810139335395,3.0230707223934417,7.985932067308885
cpx,cpx_liq,T_C,pwlr,ERT,47,none,B,ALL,654,72.14537757307843,58.26892515864176,87.01572550595063,70.25392201559642,56.62406928869853,84.85720012203366,1.8914555574820184,0.9998642321959244,2.6972018838758096
cpx,cpx_liq,T_C,pwlr,ERT,48,none,A,shallow_crustal,268,44.32384961846183,38.23481313382425,50.67499694954253,43.50362874846811,36.822076149420624,50.58232785724202,0.8202208699937188,-1.243069433151603,3.2445257352109333
cpx,cpx_liq,T_C,pwlr,ERT,48,none,A,deep_crustal_MASH,187,51.29677625530401,40.51299542613879,65.21750215283475,50.59443768634099,39.77503097128348,64.35087755605385,0.7023385689630217,0.32001471254694264,1.0265467879797792
cpx,cpx_liq,T_C,pwlr,ERT,48,none,A,lithospheric_mantle,143,77.85715642214497,68.06062437702998,86.99634141548614,78.21115463568428,67.76221776815257,87.79480263657373,-0.35399821353931316,-2.110217743205255,1.563554939784472
cpx,cpx_liq,T_C,pwlr,ERT,48,none,A,deeper_mantle,56,167.47054791746913,93.41423744498884,238.25699526549062,148.59241522844414,80.53912004104421,213.15822327276038,18.878132689024994,7.978496673306141,27.0741984871424
cpx,cpx_liq,T_C,pwlr,ERT,48,none,A,ALL,654,72.69394440935385,58.64477252488462,88.14628557099668,68.81569161305639,56.83334880543555,82.23353716893668,3.87825279629746,1.1955035950340958,6.334215159615093
cpx,cpx_liq,T_C,pwlr,ERT,48,none,B,shallow_crustal,268,44.32384961846183,38.23481313382425,50.67499694954253,41.46500687454976,36.15810959729607,47.166511521103644,2.8588427439120707,1.6211715964258375,4.017022246972134
cpx,cpx_liq,T_C,pwlr,ERT,48,none,B,deep_crustal_MASH,187,51.29677625530401,40.51299542613879,65.21750215283475,52.92353721455711,41.935029553349914,67.25160506253458,-1.6267609592530974,-2.818158498607203,-0.3611526101776572
cpx,cpx_liq,T_C,pwlr,ERT,48,none,B,lithospheric_mantle,143,77.85715642214497,68.06062437702998,86.99634141548614,76.17273310024014,66.63776919808672,84.52693302272466,1.6844233219048306,-0.12956313014941004,3.4800995179719534
cpx,cpx_liq,T_C,pwlr,ERT,48,none,B,deeper_mantle,56,167.47054791746913,93.41423744498884,238.25699526549062,161.56289889164836,87.56217559634517,230.93310696194408,5.907649025820774,3.6639227692880043,8.497636943689887
cpx,cpx_liq,T_C,pwlr,ERT,48,none,B,ALL,654,72.69394440935385,58.64477252488462,88.14628557099668,70.77578110666798,57.02396473248678,85.66589527496727,1.918163302685869,1.0197630341098436,2.6997957372479173
cpx,cpx_liq,T_C,pwlr,ERT,49,none,A,shallow_crustal,268,44.529984849154594,38.54648465360438,50.91111877025849,43.691595503570994,36.92128347540283,50.74834805231475,0.8383893455836002,-1.3179638710977086,3.4480606370064164
cpx,cpx_liq,T_C,pwlr,ERT,49,none,A,deep_crustal_MASH,187,51.37502426918905,40.73572988563179,65.02252836512956,50.86449892765672,40.34290711787363,64.21379849548634,0.510525341532329,0.10220622766265527,0.8835320887585837
cpx,cpx_liq,T_C,pwlr,ERT,49,none,A,lithospheric_mantle,143,76.71106257953095,67.09782144112216,85.82754037321803,78.04107802095356,67.3623810094993,87.93176360334589,-1.330015441422617,-3.216352458839776,0.7648953912728087
cpx,cpx_liq,T_C,pwlr,ERT,49,none,A,deeper_mantle,56,165.83338409533712,92.15034726780507,236.1415247922019,146.84174305372426,83.6851008823756,208.15519989052106,18.991641041612866,2.450957264530623,30.30409945883175
cpx,cpx_liq,T_C,pwlr,ERT,49,none,A,ALL,654,72.17169410206992,58.13709120446273,87.42237321620911,68.55693000990068,57.44041543250838,81.36808039932808,3.6147640921692386,0.2972189955718321,6.70444532289301
cpx,cpx_liq,T_C,pwlr,ERT,49,none,B,shallow_crustal,268,44.529984849154594,38.54648465360438,50.91111877025849,41.8477340104491,36.56233645238144,47.40674484127803,2.6822508387054924,1.0750866938044277,4.217053318552082
cpx,cpx_liq,T_C,pwlr,ERT,49,none,B,deep_crustal_MASH,187,51.37502426918905,40.73572988563179,65.02252836512956,52.87333761398676,41.819640454762165,67.41213318681302,-1.4983133447977153,-2.882683984947179,-0.06523511740549275
cpx,cpx_liq,T_C,pwlr,ERT,49,none,B,lithospheric_mantle,143,76.71106257953095,67.09782144112216,85.82754037321803,74.58858586565769,65.2822236774267,82.88468997266425,2.1224767138732545,0.2595888011507114,4.041078809289868
cpx,cpx_liq,T_C,pwlr,ERT,49,none,B,deeper_mantle,56,165.83338409533712,92.15034726780507,236.1415247922019,158.9321508502352,85.17347272952676,227.82523954755064,6.901233245101935,4.750320157154537,9.405004443358271
cpx,cpx_liq,T_C,pwlr,ERT,49,none,B,ALL,654,72.17169410206992,58.13709120446273,87.42237321620911,69.97387095628396,56.389689383573455,84.68196037406199,2.1978231457859607,1.213942707137502,3.0306542138969164
cpx,cpx_liq,T_C,pwlr,ERT,50,none,A,shallow_crustal,268,44.74319022026551,38.59032619906156,51.33791303083173,43.91133601943716,37.11372063231491,51.17466477218969,0.8318542008283529,-1.225928526671479,3.243318376935052
cpx,cpx_liq,T_C,pwlr,ERT,50,none,A,deep_crustal_MASH,187,51.294934550210435,40.61608345081731,64.75498458044241,50.60213547608108,40.03920101592807,63.86279593413743,0.6927990741293542,0.21574153808170796,1.1170581591625477
cpx,cpx_liq,T_C,pwlr,ERT,50,none,A,lithospheric_mantle,143,77.89370126913224,68.04300814501228,87.2560076237949,78.60566357797387,67.89547080844613,88.57690453568013,-0.7119623088416347,-2.4788643622202646,1.2120025459904356
cpx,cpx_liq,T_C,pwlr,ERT,50,none,A,deeper_mantle,56,166.9089713390976,92.95866786138339,237.19247350219555,148.47543062325252,80.74966967487413,212.69894293679948,18.433540715845083,7.283733190568315,26.79133124769544
cpx,cpx_liq,T_C,pwlr,ERT,50,none,A,ALL,654,72.69681120256777,58.65259599175382,87.57728212971377,68.99984249031786,57.19513288209594,82.38016692440621,3.6969687122499124,0.9875098857808204,6.1619933803452085
cpx,cpx_liq,T_C,pwlr,ERT,50,none,B,shallow_crustal,268,44.74319022026551,38.59032619906156,51.33791303083173,41.89235368322376,36.45730381162997,47.68879257335926,2.8508365370417508,1.591625896812332,4.021868861507014
cpx,cpx_liq,T_C,pwlr,ERT,50,none,B,deep_crustal_MASH,187,51.294934550210435,40.61608345081731,64.75498458044241,52.86891711512066,42.01869491212028,66.92607080594972,-1.5739825649102244,-2.7808716934285354,-0.3058216933204434
cpx,cpx_liq,T_C,pwlr,ERT,50,none,B,lithospheric_mantle,143,77.89370126913224,68.04300814501228,87.2560076237949,75.98724733952696,66.62717108616451,84.58336015758609,1.9064539296052772,0.19815627481270467,3.614293546827375
cpx,cpx_liq,T_C,pwlr,ERT,50,none,B,deeper_mantle,56,166.9089713390976,92.95866786138339,237.19247350219555,161.5360991026012,87.2101002035716,230.42852901000273,5.3728722364963915,3.3559023166528568,7.863552676620189
cpx,cpx_liq,T_C,pwlr,ERT,50,none,B,ALL,654,72.69681120256777,58.65259599175382,87.57728212971377,70.81838689035048,57.11505001744487,85.55904225152271,1.878424312217291,1.0343793129523147,2.6366875475273477
cpx,cpx_liq,T_C,pwlr,ERT,51,A,A,shallow_crustal,268,44.70514798417378,38.54311863508971,51.12560031120154,43.694914674758856,37.08273314859689,50.74996285958713,1.0102333094149216,-1.098234318051247,3.415654191207897
cpx,cpx_liq,T_C,pwlr,ERT,51,A,A,deep_crustal_MASH,187,50.877441473183055,40.0936071453613,64.6992220399495,50.24952450246682,39.48116490135295,64.04904301411221,0.6279169707162353,0.20645990697285174,1.0021952997073398
cpx,cpx_liq,T_C,pwlr,ERT,51,A,A,lithospheric_mantle,143,77.60551561484397,67.8524014830052,86.75665811245527,77.48861629020732,67.17160651380262,86.97486468845959,0.11689932463664832,-1.7533223268720994,2.1350470308237757
cpx,cpx_liq,T_C,pwlr,ERT,51,A,A,deeper_mantle,56,165.60998521674045,93.66894876145679,234.7685090652249,146.91902434866984,79.81591147037784,210.97077224374473,18.69096086807062,9.934583965489361,25.78661272290833
cpx,cpx_liq,T_C,pwlr,ERT,51,A,A,ALL,654,72.280364933213,58.487845032389835,86.95367431414999,68.30481462354656,56.41651859284969,81.61891465175475,3.9755503096664313,1.6172086229596596,6.175503606139688
cpx,cpx_liq,T_C,pwlr,ERT,51,A,B,shallow_crustal,268,44.70514798417378,38.54311863508971,51.12560031120154,41.51759389790247,36.18363929376228,47.185563925158014,3.187554086271305,1.769956250113969,4.495677830980478
cpx,cpx_liq,T_C,pwlr,ERT,51,A,B,deep_crustal_MASH,187,50.877441473183055,40.0936071453613,64.6992220399495,52.72252312426812,41.61597047960973,67.12077502462117,-1.8450816510850672,-3.2076669381716947,-0.40830826358977523
cpx,cpx_liq,T_C,pwlr,ERT,51,A,B,lithospheric_mantle,143,77.60551561484397,67.8524014830052,86.75665811245527,75.24337529378566,66.07629803324708,83.51722004882947,2.3621403210583054,0.58245598961499,4.21717297743765
cpx,cpx_liq,T_C,pwlr,ERT,51,A,B,deeper_mantle,56,165.60998521674045,93.66894876145679,234.7685090652249,160.314636260499,88.32247505607087,228.4315212408166,5.295348956241469,3.3292122743505455,7.574223435082653
cpx,cpx_liq,T_C,pwlr,ERT,51,A,B,ALL,654,72.280364933213,58.487845032389835,86.95367431414999,70.28338649100364,56.89345956006801,84.81123416722015,1.996978442209354,1.1029309109542758,2.791628707363551
cpx,cpx_liq,T_C,pwlr,ERT,52,none,A,shallow_crustal,268,44.44846917332483,38.31170851910431,50.89479887662863,43.75702833853242,36.94051048826112,50.94805192363302,0.6914408347924095,-1.4597458840104647,3.2546444661952942
cpx,cpx_liq,T_C,pwlr,ERT,52,none,A,deep_crustal_MASH,187,51.4311734034557,40.82167590992432,64.90513890927384,50.364697125124096,40.03428153738795,63.1796588339691,1.0664762783316064,-0.12891767723752084,2.179456747192093
cpx,cpx_liq,T_C,pwlr,ERT,52,none,A,lithospheric_mantle,143,78.58359353382721,68.64565781246796,88.02668898886338,79.80454439221376,68.86679023521943,89.84038343764128,-1.2209508583865443,-2.931612480838734,0.6671733551081387
cpx,cpx_liq,T_C,pwlr,ERT,52,none,A,deeper_mantle,56,166.59995764483955,91.75723176521333,236.9894128958347,148.47651397779276,79.650253032318,213.25533734572812,18.123443667046786,7.551810730475095,26.082114812016812
cpx,cpx_liq,T_C,pwlr,ERT,52,none,A,ALL,654,72.7518786343754,58.8043728630657,87.75328796906436,69.21078843091077,57.43573140945456,82.54302039585426,3.541090203464634,0.9238669451991776,5.991922276873305
cpx,cpx_liq,T_C,pwlr,ERT,52,none,B,shallow_crustal,268,44.44846917332483,38.31170851910431,50.89479887662863,42.29744060191979,36.625844597587815,48.292745417502026,2.1510285714050426,1.2736145333195608,2.953195643928215
cpx,cpx_liq,T_C,pwlr,ERT,52,none,B,deep_crustal_MASH,187,51.4311734034557,40.82167590992432,64.90513890927384,52.45308925050832,41.708593892671466,66.38764267057435,-1.0219158470526182,-1.8791159704489746,-0.1285714324859217
cpx,cpx_liq,T_C,pwlr,ERT,52,none,B,lithospheric_mantle,143,78.58359353382721,68.64565781246796,88.02668898886338,77.64250235402103,68.10373810780135,86.38490902697134,0.941091179806179,-0.5472294439828136,2.3523941714788337
cpx,cpx_liq,T_C,pwlr,ERT,52,none,B,deeper_mantle,56,166.59995764483955,91.75723176521333,236.9894128958347,161.66617883399752,87.03519329990084,230.47305385315795,4.933778810842028,2.6288569503499843,7.779432929314467
cpx,cpx_liq,T_C,pwlr,ERT,52,none,B,ALL,654,72.7518786343754,58.8043728630657,87.75328796906436,71.24534825485244,57.63278194567894,85.96968756405997,1.5065303795229568,0.7668864448921505,2.2102232065391827
cpx,cpx_liq,T_C,pwlr,ERT,53,none,A,shallow_crustal,268,44.69955905752378,38.60855186249244,51.22542037007378,44.100849976986574,37.38119217933877,51.181430923601816,0.5987090805372048,-1.4461280126426987,3.066174239794165
cpx,cpx_liq,T_C,pwlr,ERT,53,none,A,deep_crustal_MASH,187,51.60641864103884,40.907426380617544,65.24879730865987,51.0434508503088,40.4720850826673,64.3781384161111,0.5629677907300419,0.11258097912523865,0.9742725990505919
cpx,cpx_liq,T_C,pwlr,ERT,53,none,A,lithospheric_mantle,143,77.45615596341781,67.61418304419338,86.69949003790374,77.65212506523415,67.33094852581682,87.24338310870169,-0.1959691018163312,-1.9038897053493777,1.6334618404307641
cpx,cpx_liq,T_C,pwlr,ERT,53,none,A,deeper_mantle,56,165.2612921581622,91.58510067714555,235.06804822336264,146.9981042091673,80.34483616878957,210.8002375559875,18.263187948994897,7.718224306393978,26.289525594172908
cpx,cpx_liq,T_C,pwlr,ERT,53,none,A,ALL,654,72.32333613235961,58.487619378719145,87.3596697156687,68.63441916845903,56.891476165681055,81.99867543721328,3.6889169639005814,1.1213004068597474,6.079458453175847
cpx,cpx_liq,T_C,pwlr,ERT,53,none,B,shallow_crustal,268,44.69955905752378,38.60855186249244,51.22542037007378,41.697188837524926,36.23934219740239,47.400107348330145,3.002370219998852,1.6922975133523133,4.214801194209644
cpx,cpx_liq,T_C,pwlr,ERT,53,none,B,deep_crustal_MASH,187,51.60641864103884,40.907426380617544,65.24879730865987,53.27879224728931,42.31071122474034,67.49212600766684,-1.672373606250467,-2.9483691556129865,-0.3600139246912737
cpx,cpx_liq,T_C,pwlr,ERT,53,none,B,lithospheric_mantle,143,77.45615596341781,67.61418304419338,86.69949003790374,75.79233906083986,66.53802961343405,84.18252499611691,1.663816902577949,-0.2928273164168974,3.6061184900335426
cpx,cpx_liq,T_C,pwlr,ERT,53,none,B,deeper_mantle,56,165.2612921581622,91.58510067714555,235.06804822336264,159.50429404665135,86.58655270989424,227.93330135245444,5.756998111510853,3.0389855176687206,8.78631958237193
cpx,cpx_liq,T_C,pwlr,ERT,53,none,B,ALL,654,72.32333613235961,58.487619378719145,87.3596697156687,70.41787245869844,57.01507235046222,85.28230679886168,1.905463673661174,0.9543838305213146,2.779901051497471
cpx,cpx_liq,T_C,pwlr,ERT,54,none,A,shallow_crustal,268,44.063574299668744,37.93710454507115,50.53627006008132,43.47969264475861,36.76829947900604,50.53306791029742,0.5838816549101367,-1.4747548862991668,3.0170310002942777
cpx,cpx_liq,T_C,pwlr,ERT,54,none,A,deep_crustal_MASH,187,51.15714394052752,40.44338671870778,64.75907939373033,50.38473012714471,39.800540662264055,63.81198415780662,0.772413813382812,0.20135584305795984,1.2888377937828057
cpx,cpx_liq,T_C,pwlr,ERT,54,none,A,lithospheric_mantle,143,77.32868067984803,67.60265089743869,86.5514471512821,78.48314197911735,67.92032768854551,88.40677250918132,-1.1544612992693146,-3.1303203907625816,0.999302030059093
cpx,cpx_liq,T_C,pwlr,ERT,54,none,A,deeper_mantle,56,166.08490017795808,93.65016029883374,235.63860195111317,146.51398381262766,81.1661838383193,208.83066984620154,19.57091636533042,7.3246873437025375,28.73235651401416
cpx,cpx_liq,T_C,pwlr,ERT,54,none,A,ALL,654,72.20376495854053,58.293052839200584,87.25087249338661,68.4506398800636,57.00565557959509,81.50495983754094,3.753125078476927,0.8470547869284963,6.484085135333705
cpx,cpx_liq,T_C,pwlr,ERT,54,none,B,shallow_crustal,268,44.063574299668744,37.93710454507115,50.53627006008132,41.31515523230318,35.84917367515273,47.018526056828414,2.7484190673655675,1.6114470482022083,3.8026005650580856
cpx,cpx_liq,T_C,pwlr,ERT,54,none,B,deep_crustal_MASH,187,51.15714394052752,40.44338671870778,64.75907939373033,52.684163583505274,41.782501160274116,66.90390541894924,-1.5270196429777556,-2.6236770235914815,-0.360960319432752
cpx,cpx_liq,T_C,pwlr,ERT,54,none,B,lithospheric_mantle,143,77.32868067984803,67.60265089743869,86.5514471512821,76.07483404385846,66.63618063458703,84.46393666873188,1.253846635989575,-0.7445018914916904,3.1423802039151063
cpx,cpx_liq,T_C,pwlr,ERT,54,none,B,deeper_mantle,56,166.08490017795808,93.65016029883374,235.63860195111317,159.50750856834242,87.62085358076354,227.1723191961001,6.57739160961566,3.4293131054249786,10.034550784340302
cpx,cpx_liq,T_C,pwlr,ERT,54,none,B,ALL,654,72.20376495854053,58.293052839200584,87.25087249338661,70.2647368722791,56.9151958927125,84.76291268607932,1.9390280862614304,0.9192953020132357,2.860880031569514
cpx,cpx_liq,T_C,pwlr,ERT,55,none,A,shallow_crustal,268,44.702425955522784,38.59545071252535,51.106395786978645,44.08463595119266,37.26701107132499,51.15697252633415,0.617790004330125,-1.5872826597241858,3.1988752363955015
cpx,cpx_liq,T_C,pwlr,ERT,55,none,A,deep_crustal_MASH,187,50.8775064775707,40.182381441379725,64.46718613791532,50.21894169341861,39.639536670887686,63.525329619471194,0.658564784152091,0.09264006553360975,1.1717846099105766
cpx,cpx_liq,T_C,pwlr,ERT,55,none,A,lithospheric_mantle,143,78.26082603574561,68.3885780904973,87.48024286450843,78.53571095403565,68.11294122995706,88.40875817831893,-0.27488491829004147,-1.9998373464849073,1.6397237492199546
cpx,cpx_liq,T_C,pwlr,ERT,55,none,A,deeper_mantle,56,166.77977607117302,92.86061402558659,237.78989797337164,147.70651509909953,79.99026427569542,211.92160779582508,19.073260972073484,7.66363629083184,27.688523861348575
cpx,cpx_liq,T_C,pwlr,ERT,55,none,A,ALL,654,72.66347690694303,58.62954746373756,88.05860095736621,68.80607909507894,57.08034314079333,82.14236638822251,3.8573978118640895,1.0789981390488024,6.42133662189056
cpx,cpx_liq,T_C,pwlr,ERT,55,none,B,shallow_crustal,268,44.702425955522784,38.59545071252535,51.106395786978645,41.83811807912195,36.35251426275339,47.511011793387894,2.8643078764008365,1.63353670468938,4.024378806683143
cpx,cpx_liq,T_C,pwlr,ERT,55,none,B,deep_crustal_MASH,187,50.8775064775707,40.182381441379725,64.46718613791532,52.47914758705395,41.614906602869674,66.72092119154709,-1.6016411094832534,-2.803664572505843,-0.33481335537046014
cpx,cpx_liq,T_C,pwlr,ERT,55,none,B,lithospheric_mantle,143,78.26082603574561,68.3885780904973,87.48024286450843,76.50022794195566,67.18924044038357,85.10820008215607,1.7605980937899517,0.06434608946522469,3.4875892715608705
cpx,cpx_liq,T_C,pwlr,ERT,55,none,B,deeper_mantle,56,166.77977607117302,92.86061402558659,237.78989797337164,160.97166272154826,87.21906993185564,230.85809510441874,5.808113349624762,3.6547164391536056,8.420553987353014
cpx,cpx_liq,T_C,pwlr,ERT,55,none,B,ALL,654,72.66347690694303,58.62954746373756,88.05860095736621,70.73301155257583,57.02476673868852,85.6684241545984,1.9304653543672003,1.0593680143436501,2.7078902887511576
cpx,cpx_liq,T_C,pwlr,ERT,56,none,A,shallow_crustal,268,44.848582989909424,38.97572215401573,51.09015702935772,43.62099632578048,36.871778310442366,50.692914139162234,1.2275866641289426,-1.067154853618025,3.9194044463593385
cpx,cpx_liq,T_C,pwlr,ERT,56,none,A,deep_crustal_MASH,187,51.35643642227889,40.62058976956233,65.15787793805544,50.886593929530704,40.18641550385471,64.4374987648751,0.46984249274818524,0.11086809889609058,0.7899468068072573
cpx,cpx_liq,T_C,pwlr,ERT,56,none,A,lithospheric_mantle,143,77.13354543229485,67.4073290154528,86.23520936257592,77.41511255164426,67.03286642746279,86.83367429384745,-0.28156711934940404,-2.165600122632911,1.7699866353630533
cpx,cpx_liq,T_C,pwlr,ERT,56,none,A,deeper_mantle,56,168.07347710192488,94.41991036914708,238.43456256856692,148.48987514404436,81.4295145833881,212.33166915453012,19.583601957880518,7.06098209508043,28.9526195726679
cpx,cpx_liq,T_C,pwlr,ERT,56,none,A,ALL,654,72.78829348938739,58.711085080102485,88.24916094242272,68.69185315053993,57.025159696214246,81.95936457923257,4.096440338847458,1.1860498601884184,6.814125325101332
cpx,cpx_liq,T_C,pwlr,ERT,56,none,B,shallow_crustal,268,44.848582989909424,38.97572215401573,51.09015702935772,41.840665737582256,36.54241112242704,47.47080430877416,3.007917252327168,1.621984522831755,4.308686924905656
cpx,cpx_liq,T_C,pwlr,ERT,56,none,B,deep_crustal_MASH,187,51.35643642227889,40.62058976956233,65.15787793805544,53.14807944037672,42.193120138396445,67.40139356206323,-1.7916430180978296,-3.1082308420836426,-0.4094790931708186
cpx,cpx_liq,T_C,pwlr,ERT,56,none,B,lithospheric_mantle,143,77.13354543229485,67.4073290154528,86.23520936257592,75.51673349114262,66.31816226308453,83.75970299902225,1.6168119411522355,-0.4900860399791952,3.675227038281395
cpx,cpx_liq,T_C,pwlr,ERT,56,none,B,deeper_mantle,56,168.07347710192488,94.41991036914708,238.43456256856692,161.75729535883974,88.0219501558855,230.67308282590974,6.316181743085139,3.7458429122939534,9.359211417230608
cpx,cpx_liq,T_C,pwlr,ERT,56,none,B,ALL,654,72.78829348938739,58.711085080102485,88.24916094242272,70.79879514904498,57.122254667174545,85.64603977600008,1.9894983403424078,0.9768366528706874,2.8829503960462373
cpx,cpx_liq,T_C,pwlr,ERT,57,none,A,shallow_crustal,268,44.74458714132765,38.585235996869095,51.12394546758303,43.50519856874403,36.963172184833404,50.449958357677076,1.2393885725836213,-0.8699311835053757,3.681086434292132
cpx,cpx_liq,T_C,pwlr,ERT,57,none,A,deep_crustal_MASH,187,51.28256663895902,40.78512564479815,64.79983179415034,50.57182111742867,40.110601435955594,63.80609460124355,0.7107455215303489,0.3119840654422756,1.0541294363965168
cpx,cpx_liq,T_C,pwlr,ERT,57,none,A,lithospheric_mantle,143,78.20215855830229,68.23347471858332,87.5698882754142,78.72587953732071,68.03053595222941,88.53709114096769,-0.523720979018421,-2.297323921876162,1.4507492695677051
cpx,cpx_liq,T_C,pwlr,ERT,57,none,A,deeper_mantle,56,166.14781998933879,91.51388744914873,236.9121346341577,148.67440836806145,79.7096344559671,213.68953712243564,17.473411621277336,7.7176210864124855,24.92228335355559
cpx,cpx_liq,T_C,pwlr,ERT,57,none,A,ALL,654,72.6177375957347,58.70124798216795,87.74251517324691,68.95470245722709,56.896929302237965,82.5573648229261,3.6630351385076096,1.1971331105733671,5.8948811171060465
cpx,cpx_liq,T_C,pwlr,ERT,57,none,B,shallow_crustal,268,44.74458714132765,38.585235996869095,51.12394546758303,41.77978586823284,36.44780043946074,47.514166650644,2.964801273094807,1.657412868650641,4.189941118533383
cpx,cpx_liq,T_C,pwlr,ERT,57,none,B,deep_crustal_MASH,187,51.28256663895902,40.78512564479815,64.79983179415034,52.95449051395019,42.175479727102385,67.08424444532137,-1.6719238749911725,-2.9380099539323097,-0.3502364541141466
cpx,cpx_liq,T_C,pwlr,ERT,57,none,B,lithospheric_mantle,143,78.20215855830229,68.23347471858332,87.5698882754142,76.43561982460811,67.122992067985,84.94189684858026,1.7665387336941762,-0.06696063568990489,3.609137435300266
cpx,cpx_liq,T_C,pwlr,ERT,57,none,B,deeper_mantle,56,166.14781998933879,91.51388744914873,236.9121346341577,160.68795142833534,86.14303790116051,229.7763702593514,5.4598685610034465,3.2625548444282915,7.999172723121266
cpx,cpx_liq,T_C,pwlr,ERT,57,none,B,ALL,654,72.6177375957347,58.70124798216795,87.74251517324691,70.74966848304386,57.0825561596288,85.54011439747885,1.8680691126908329,0.9602570461888493,2.6709773253777613
cpx,cpx_liq,T_C,pwlr,ERT,58,none,A,shallow_crustal,268,44.72305437260304,38.398971643875406,51.310018358792,43.994222514693945,36.92680615599861,51.32420340515813,0.7288318579090927,-1.3890750382587023,3.278152858426548
cpx,cpx_liq,T_C,pwlr,ERT,58,none,A,deep_crustal_MASH,187,51.06353120880582,40.35010687938873,64.51747570826956,50.408602471739606,39.75718646720269,63.76990990018643,0.6549287370662142,0.1655925269260914,1.0948135669589762
cpx,cpx_liq,T_C,pwlr,ERT,58,none,A,lithospheric_mantle,143,77.95373001280223,67.88598758756044,87.30693140459387,78.60329238131533,67.91603136151298,88.4472788193361,-0.6495623685131022,-2.4302860088816596,1.3602716199549785
cpx,cpx_liq,T_C,pwlr,ERT,58,none,A,deeper_mantle,56,166.3875976662651,92.83407676077772,236.52379571667677,148.17721646251158,79.37394998682939,213.11516967184,18.210381203753514,8.586450913666312,25.869533196025547
cpx,cpx_liq,T_C,pwlr,ERT,58,none,A,ALL,654,72.55674695634825,58.54059189217098,87.74358557604909,68.9254509245243,56.94757542194943,82.53560868674103,3.6312960318239504,1.103469936829676,5.898173313177833
cpx,cpx_liq,T_C,pwlr,ERT,58,none,B,shallow_crustal,268,44.72305437260304,38.398971643875406,51.310018358792,41.82851804618813,36.30942894891299,47.62019423594286,2.894536326414908,1.666157588421982,4.055976107983699
cpx,cpx_liq,T_C,pwlr,ERT,58,none,B,deep_crustal_MASH,187,51.06353120880582,40.35010687938873,64.51747570826956,52.58015997805825,41.71953511984873,66.79490661244279,-1.5166287692524278,-2.7248604100898226,-0.24630539458188694
cpx,cpx_liq,T_C,pwlr,ERT,58,none,B,lithospheric_mantle,143,77.95373001280223,67.88598758756044,87.30693140459387,75.89407591052698,66.40770418303066,84.57135281340226,2.059654102275246,0.5477000005859537,3.6516468196304257
cpx,cpx_liq,T_C,pwlr,ERT,58,none,B,deeper_mantle,56,166.3875976662651,92.83407676077772,236.52379571667677,162.1222281120065,88.9328438181769,231.51612106428493,4.265369554258598,2.7771142186292233,6.028218066288167
cpx,cpx_liq,T_C,pwlr,ERT,58,none,B,ALL,654,72.55674695634825,58.54059189217098,87.74358557604909,70.8342937920203,57.043101701244986,85.8704536168586,1.7224531643279448,0.9834213940104741,2.3909856418193165
cpx,cpx_liq,T_C,pwlr,ERT,59,none,A,shallow_crustal,268,44.55873645915633,38.31819255837682,51.0074680996819,44.107101962206656,37.247526518941235,51.2068745958868,0.45163449694967284,-1.652341007024157,3.049278182220525
cpx,cpx_liq,T_C,pwlr,ERT,59,none,A,deep_crustal_MASH,187,51.42330024184083,40.76880858209885,64.89044997454448,50.89481711267971,40.28823497696103,64.20109477284306,0.528483129161117,0.07574771688466556,0.9454645585204431
cpx,cpx_liq,T_C,pwlr,ERT,59,none,A,lithospheric_mantle,143,77.60450145852637,67.64571185636238,86.82539370609517,77.71286977508734,67.41501691214454,87.30317629167097,-0.1083683165609699,-1.8408994381189572,1.752714808367339
cpx,cpx_liq,T_C,pwlr,ERT,59,none,A,deeper_mantle,56,166.8196805189436,92.28934373120595,237.32720792882986,148.47321439065166,81.76684381264559,212.2822488962253,18.34646612829195,6.55153894165172,27.056220273103648
cpx,cpx_liq,T_C,pwlr,ERT,59,none,A,ALL,654,72.59106012311966,58.577372882466605,87.5848007109927,68.89093902389477,57.11406870459451,82.12313911238309,3.700121099224887,0.9298713268127324,6.2280337248451305
cpx,cpx_liq,T_C,pwlr,ERT,59,none,B,shallow_crustal,268,44.55873645915633,38.31819255837682,51.0074680996819,41.69716256631029,36.17125852076178,47.48214401348719,2.861573892846039,1.6147810502155795,4.0304911441531965
cpx,cpx_liq,T_C,pwlr,ERT,59,none,B,deep_crustal_MASH,187,51.42330024184083,40.76880858209885,64.89044997454448,53.041653472233364,42.19390257068816,67.09636072163615,-1.618353230392536,-2.8509898988698317,-0.3388547929100251
cpx,cpx_liq,T_C,pwlr,ERT,59,none,B,lithospheric_mantle,143,77.60450145852637,67.64571185636238,86.82539370609517,76.27734983798163,66.70940102473587,84.71144276738501,1.3271516205447398,-0.7071450147762484,3.2940708298020347
cpx,cpx_liq,T_C,pwlr,ERT,59,none,B,deeper_mantle,56,166.8196805189436,92.28934373120595,237.32720792882986,160.61273899510513,86.72819151569213,229.45174303969904,6.206941523838481,3.4144506825663217,9.250146356522555
cpx,cpx_liq,T_C,pwlr,ERT,59,none,B,ALL,654,72.59106012311966,58.577372882466605,87.5848007109927,70.69637090290274,57.13895658791952,85.42398372480098,1.894689220216918,0.9096973267744136,2.7784307095775236
cpx,cpx_liq,T_C,pwlr,ERT,60,none,A,shallow_crustal,268,44.73436340568521,38.54101799354109,51.253661064348705,43.52403225736181,36.86456554093831,50.554745430236274,1.210331148323398,-0.7968787065923946,3.6127019033487104
cpx,cpx_liq,T_C,pwlr,ERT,60,none,A,deep_crustal_MASH,187,51.31156181584525,40.58377464458018,64.95997613844956,50.585574835893055,39.95508968958357,64.07830779353311,0.7259869799521965,0.26450848383008674,1.1412188939130572
cpx,cpx_liq,T_C,pwlr,ERT,60,none,A,lithospheric_mantle,143,77.80934779362624,67.88343305201396,87.21966193309072,79.22379013811504,68.43715885179867,89.25503134442131,-1.4144423444887906,-3.280992301275245,0.6661552456952489
cpx,cpx_liq,T_C,pwlr,ERT,60,none,A,deeper_mantle,56,165.60640572854365,93.25243663801287,235.15290035487033,147.28454136864943,79.08552396477181,211.27337110790657,18.32186435989422,9.623641464672177,25.61310343343448
cpx,cpx_liq,T_C,pwlr,ERT,60,none,A,ALL,654,72.42259114878377,58.70285241221554,87.47549552373607,68.83163833880457,56.9022889558194,82.23756591748727,3.5909528099792,1.1755167692434236,5.81137759672688
cpx,cpx_liq,T_C,pwlr,ERT,60,none,B,shallow_crustal,268,44.73436340568521,38.54101799354109,51.253661064348705,41.83211434789799,36.42408144878171,47.544811635781414,2.902249057787216,1.63739363368567,4.079422360095585
cpx,cpx_liq,T_C,pwlr,ERT,60,none,B,deep_crustal_MASH,187,51.31156181584525,40.58377464458018,64.95997613844956,52.84887061309413,41.88167526431774,67.16954566591774,-1.5373087972488761,-2.7600824444823315,-0.2651842467284883
cpx,cpx_liq,T_C,pwlr,ERT,60,none,B,lithospheric_mantle,143,77.80934779362624,67.88343305201396,87.21966193309072,75.63265210602037,66.37732376395961,84.0815498157645,2.1766956876058714,0.7563822555570429,3.672462039534414
cpx,cpx_liq,T_C,pwlr,ERT,60,none,B,deeper_mantle,56,165.60640572854365,93.25243663801287,235.15290035487033,162.49901287034115,90.33578443308294,231.47318739740479,3.107392858202502,2.0297093918819518,4.3967167309867845
cpx,cpx_liq,T_C,pwlr,ERT,60,none,B,ALL,654,72.42259114878377,58.70285241221554,87.47549552373607,70.90509608738677,57.1904079388905,85.80818118174919,1.5174950613969997,0.8305903186560469,2.181200526376732
cpx,cpx_liq,T_C,pwlr,ERT,61,none,A,shallow_crustal,268,44.72547787892157,38.51581062681019,51.31109657002717,43.968016961377614,37.19236602560246,51.118028896372735,0.7574609175439591,-1.3134484814996756,3.204438942963616
cpx,cpx_liq,T_C,pwlr,ERT,61,none,A,deep_crustal_MASH,187,51.02654000628093,40.353049382843665,64.61998265394558,50.345116606155486,39.67592809747797,63.65173624075392,0.6814234001254462,0.27998932625624773,1.0256722022157798
cpx,cpx_liq,T_C,pwlr,ERT,61,none,A,lithospheric_mantle,143,77.16937133175182,67.49563976119784,86.27962303456907,77.74556720834255,67.4388230902117,87.29059435772707,-0.5761958765907309,-2.4820103666566657,1.5316228802664622
cpx,cpx_liq,T_C,pwlr,ERT,61,none,A,deeper_mantle,56,166.09513931682662,92.7744459140136,236.2129096873547,148.0962387577427,80.76983647112442,212.15744309759629,17.99890055908392,7.1422470605759925,26.362828132633
cpx,cpx_liq,T_C,pwlr,ERT,61,none,A,ALL,654,72.30878415639472,58.36446209932264,87.1449248298413,68.67726992303783,56.85021921199776,81.96381084853739,3.6315142333568957,1.0073068714522677,6.073502633990274
cpx,cpx_liq,T_C,pwlr,ERT,61,none,B,shallow_crustal,268,44.72547787892157,38.51581062681019,51.31109657002717,41.855763127804835,36.30703254658312,47.70770728244553,2.8697147511167387,1.6175720769021962,4.00801759392742
cpx,cpx_liq,T_C,pwlr,ERT,61,none,B,deep_crustal_MASH,187,51.02654000628093,40.353049382843665,64.61998265394558,52.60380466692669,41.69100164568736,66.68732245666483,-1.5772646606457599,-2.783320903555898,-0.29946699551310274
cpx,cpx_liq,T_C,pwlr,ERT,61,none,B,lithospheric_mantle,143,77.16937133175182,67.49563976119784,86.27962303456907,75.64921146847404,66.23508202294234,83.92471566867282,1.520159863277783,-0.569822327409413,3.5161762352897235
cpx,cpx_liq,T_C,pwlr,ERT,61,none,B,deeper_mantle,56,166.09513931682662,92.7744459140136,236.2129096873547,159.4734203667661,86.34445649027386,227.380135848793,6.621718950060512,3.6052662770417045,10.014628346311937
cpx,cpx_liq,T_C,pwlr,ERT,61,none,B,ALL,654,72.30878415639472,58.36446209932264,87.1449248298413,70.27153062496792,56.71955198231411,84.90728124167576,2.037253531426799,1.0023761251210312,2.953196860445581
cpx,cpx_liq,P_kbar,pwlr,LightGBM,42,none,A,shallow_crustal,268,4.967672576540539,4.25251326725128,5.731974949078964,0.9944594757267302,0.8634644721600475,1.1235792224868966,3.973213100813809,3.251827408795975,4.752048509404275
cpx,cpx_liq,P_kbar,pwlr,LightGBM,42,none,A,deep_crustal_MASH,187,2.784559412329695,2.3361619850908215,3.277794270430526,1.7193564075294436,1.4940435092534896,1.9602413829546206,1.0652030048002514,0.6943941731137098,1.4378677145267205
cpx,cpx_liq,P_kbar,pwlr,LightGBM,42,none,A,lithospheric_mantle,143,4.370426241846158,3.752196977115935,4.979549586188628,3.3883075387417136,3.1102508163227207,3.6615480355882335,0.9821187031044447,0.3639009283103134,1.577105283594209
cpx,cpx_liq,P_kbar,pwlr,LightGBM,42,none,A,deeper_mantle,56,17.500719226156654,6.265442938124164,26.9200847242287,18.417515144264907,8.621310671796133,27.741207827053024,-0.916795918108253,-2.4873419019350305,0.08755820603644623
cpx,cpx_liq,P_kbar,pwlr,LightGBM,42,none,A,ALL,654,6.536933057636693,4.431824829877421,8.816945841800752,5.727642021260991,3.1475288656708837,8.394135338179959,0.8092910363757024,0.36189523984422045,1.4248355772686963
cpx,cpx_liq,P_kbar,pwlr,LightGBM,42,none,B,shallow_crustal,268,4.967672576540539,4.25251326725128,5.731974949078964,4.864542326907362,4.132067745888409,5.640454320425052,0.1031302496331774,0.08340885197739314,0.12657902386926115
cpx,cpx_liq,P_kbar,pwlr,LightGBM,42,none,B,deep_crustal_MASH,187,2.784559412329695,2.3361619850908215,3.277794270430526,2.863349242777768,2.419024993428959,3.350073949520875,-0.07878983044807297,-0.11037653014455673,-0.0512726585684876
cpx,cpx_liq,P_kbar,pwlr,LightGBM,42,none,B,lithospheric_mantle,143,4.370426241846158,3.752196977115935,4.979549586188628,4.3631477132840715,3.7405190070304473,4.976362247580023,0.007278528562086883,-0.005773734517857831,0.02620006546650144
cpx,cpx_liq,P_kbar,pwlr,LightGBM,42,none,B,deeper_mantle,56,17.500719226156654,6.265442938124164,26.9200847242287,18.349607129136,6.724881746819207,28.23551236182688,-0.8488879029793459,-1.3216603493942967,-0.3412774072513374
cpx,cpx_liq,P_kbar,pwlr,LightGBM,42,none,B,ALL,654,6.536933057636693,4.431824829877421,8.816945841800752,6.710826134105625,4.461932769624064,9.14931863968852,-0.17389307646893215,-0.32855612123348366,-0.013796245167950779
cpx,cpx_liq,P_kbar,pwlr,LightGBM,43,none,A,shallow_crustal,268,5.033615798218147,4.331960830799432,5.794067441875757,0.9978224284041952,0.8658606621167054,1.1282534783197966,4.035793369813952,3.3127320712963244,4.809586347305196
cpx,cpx_liq,P_kbar,pwlr,LightGBM,43,none,A,deep_crustal_MASH,187,2.790228479276189,2.3962586989969537,3.226209235625515,1.7160464076789042,1.5005698473932345,1.9444831565551992,1.0741820715972847,0.7345725340129406,1.4127433700872136
cpx,cpx_liq,P_kbar,pwlr,LightGBM,43,none,A,lithospheric_mantle,143,4.492431548286989,3.8393149905341515,5.140580559298674,3.4665236442962364,3.1691406469340966,3.742695431389582,1.0259079039907526,0.3757497071801799,1.6562765839001155
cpx,cpx_liq,P_kbar,pwlr,LightGBM,43,none,A,deeper_mantle,56,17.562034864291462,6.686982876329656,27.06882465789447,18.624465130882005,8.78573358068257,28.086217178929463,-1.0624302665905425,-2.472009269994105,-0.03661446863356955
cpx,cpx_liq,P_kbar,pwlr,LightGBM,43,none,A,ALL,654,6.590243894118035,4.525272587306863,8.904261413408095,5.794740081826438,3.191521158683851,8.493314430286217,0.7955038122915967,0.33279715312702696,1.4683802488930648
cpx,cpx_liq,P_kbar,pwlr,LightGBM,43,none,B,shallow_crustal,268,5.033615798218147,4.331960830799432,5.794067441875757,4.9655592164779625,4.25137165978704,5.736072178445918,0.06805658174018436,0.05589789791769852,0.08330373219260272
cpx,cpx_liq,P_kbar,pwlr,LightGBM,43,none,B,deep_crustal_MASH,187,2.790228479276189,2.3962586989969537,3.226209235625515,2.840744641623261,2.44544063805973,3.2770106273307156,-0.050516162347072235,-0.06991026069301448,-0.03340160511615758
cpx,cpx_liq,P_kbar,pwlr,LightGBM,43,none,B,lithospheric_mantle,143,4.492431548286989,3.8393149905341515,5.140580559298674,4.490654800287121,3.8385996579842674,5.1379108040725985,0.0017767479998678226,-0.0028569363008261297,0.00888649472014802
cpx,cpx_liq,P_kbar,pwlr,LightGBM,43,none,B,deeper_mantle,56,17.562034864291462,6.686982876329656,27.06882465789447,18.658852516340204,7.325673042542339,28.774291241451085,-1.0968176520487418,-1.7034597856208251,-0.43264301222794926
cpx,cpx_liq,P_kbar,pwlr,LightGBM,43,none,B,ALL,654,6.590243894118035,4.525272587306863,8.904261413408095,6.828766904881261,4.580351456035889,9.31744360553125,-0.23852301076322657,-0.4306810869707866,-0.041351481369642736
cpx,cpx_liq,P_kbar,pwlr,LightGBM,44,none,A,shallow_crustal,268,4.908892527350468,4.233816612386739,5.642470187692633,1.0059314256912986,0.8710329573827766,1.1380941039308985,3.9029611016591694,3.212569575638148,4.6555093944079955
cpx,cpx_liq,P_kbar,pwlr,LightGBM,44,none,A,deep_crustal_MASH,187,2.7913736586358264,2.3478202338657397,3.2765961440978235,1.7300486585666874,1.5084124474800151,1.9649701893286322,1.061325000069139,0.6879028118381396,1.4398333140341646
cpx,cpx_liq,P_kbar,pwlr,LightGBM,44,none,A,lithospheric_mantle,143,4.289331198404455,3.6729053245623597,4.910346777442339,3.3742507169235783,3.0979821542697707,3.639472274379618,0.9150804814808771,0.3009911795136198,1.511294316704512
cpx,cpx_liq,P_kbar,pwlr,LightGBM,44,none,A,deeper_mantle,56,17.449273185716773,6.471419866803405,26.8432412964901,18.131258083253854,8.030541026905418,27.584383403549595,-0.681984897537081,-1.8789474162736621,0.2994309871935647
cpx,cpx_liq,P_kbar,pwlr,LightGBM,44,none,A,ALL,654,6.495917591844084,4.415626185440601,8.800487931923993,5.648821934551128,2.9890258966893657,8.32878597390101,0.8470956572929564,0.3995650289248334,1.5081710221627578
cpx,cpx_liq,P_kbar,pwlr,LightGBM,44,none,B,shallow_crustal,268,4.908892527350468,4.233816612386739,5.642470187692633,4.832603045440635,4.146633994197543,5.572659831945109,0.07628948190983298,0.06261095178210914,0.09296306297977033
cpx,cpx_liq,P_kbar,pwlr,LightGBM,44,none,B,deep_crustal_MASH,187,2.7913736586358264,2.3478202338657397,3.2765961440978235,2.850126253867017,2.4073914751268073,3.336789367890907,-0.058752595231190696,-0.08146662691605995,-0.03875950496539414
cpx,cpx_liq,P_kbar,pwlr,LightGBM,44,none,B,lithospheric_mantle,143,4.289331198404455,3.6729053245623597,4.910346777442339,4.28912702598758,3.672255370354277,4.9101578898195015,0.00020417241687553656,-0.004211217968615522,0.005772921501298598
cpx,cpx_liq,P_kbar,pwlr,LightGBM,44,none,B,deeper_mantle,56,17.449273185716773,6.471419866803405,26.8432412964901,18.34087608066514,7.020805578054779,28.255588152131974,-0.8916028949483668,-1.3976849003449439,-0.34639780088165856
cpx,cpx_liq,P_kbar,pwlr,LightGBM,44,none,B,ALL,654,6.495917591844084,4.415626185440601,8.800487931923993,6.687241557517971,4.465559348391644,9.14288803708243,-0.19132396567388632,-0.35215030623497434,-0.026819079268832223
cpx,cpx_liq,P_kbar,pwlr,LightGBM,45,none,A,shallow_crustal,268,4.989446525648731,4.280109554914167,5.765769201927159,0.9946439065321616,0.8621179687201598,1.1252279914895171,3.994802619116569,3.2666776271722213,4.772890248054169
cpx,cpx_liq,P_kbar,pwlr,LightGBM,45,none,A,deep_crustal_MASH,187,2.7903609955218203,2.3423659457252057,3.2859853709847857,1.7447156434098205,1.5278938692009545,1.9753534512653488,1.0456453521119997,0.6594258745281119,1.43729222917025
cpx,cpx_liq,P_kbar,pwlr,LightGBM,45,none,A,lithospheric_mantle,143,4.291588931750757,3.6820625460964402,4.9009481335531815,3.2900544202951743,3.0143593716746513,3.5615768194086375,1.0015345114555831,0.4257115290567402,1.561769418187657
cpx,cpx_liq,P_kbar,pwlr,LightGBM,45,none,A,deeper_mantle,56,17.59952084037036,6.219404150029856,27.18738145874945,17.70842994979015,7.81299539681951,26.935729012837704,-0.10890910941979115,-1.7967997342518982,0.7937194190080221
cpx,cpx_liq,P_kbar,pwlr,LightGBM,45,none,A,ALL,654,6.555701305690136,4.423024565615463,8.89243922549377,5.522157750860053,2.9216029998647444,8.134012163966023,1.033543554830083,0.666050736506704,1.6014115328456826
cpx,cpx_liq,P_kbar,pwlr,LightGBM,45,none,B,shallow_crustal,268,4.989446525648731,4.280109554914167,5.765769201927159,4.889984108626719,4.163533470447472,5.676432004477811,0.09946241702201153,0.08113670476024075,0.12166118719669959
cpx,cpx_liq,P_kbar,pwlr,LightGBM,45,none,B,deep_crustal_MASH,187,2.7903609955218203,2.3423659457252057,3.2859853709847857,2.8658986034618383,2.419905965093227,3.362127464728809,-0.07553760794001807,-0.10502472186290854,-0.04984211749229607
cpx,cpx_liq,P_kbar,pwlr,LightGBM,45,none,B,lithospheric_mantle,143,4.291588931750757,3.6820625460964402,4.9009481335531815,4.294644661711022,3.6864494689750793,4.904333081761158,-0.003055729960264486,-0.00821834521039302,0.0006274180567108435
cpx,cpx_liq,P_kbar,pwlr,LightGBM,45,none,B,deeper_mantle,56,17.59952084037036,6.219404150029856,27.18738145874945,17.674982167871654,6.275058908046732,27.306657294302582,-0.0754613275012943,-0.11741637348392109,-0.030394978907155833
cpx,cpx_liq,P_kbar,pwlr,LightGBM,45,none,B,ALL,654,6.555701305690136,4.423024565615463,8.89243922549377,6.5521280762730045,4.404848927863838,8.909499979201097,0.0035732294171317847,-0.015205287828350622,0.02919020344793278
cpx,cpx_liq,P_kbar,pwlr,LightGBM,46,none,A,shallow_crustal,268,4.947482164819074,4.286372422604877,5.673609654832629,1.0027716316219497,0.8683773002457563,1.1343150223251,3.9447105331971244,3.264385365495576,4.6971783776695055
cpx,cpx_liq,P_kbar,pwlr,LightGBM,46,none,A,deep_crustal_MASH,187,2.7473031428260084,2.333189176380305,3.195390674970662,1.721682002747161,1.5069443290661002,1.9465140810222352,1.0256211400788473,0.6722959765017938,1.3731798299672315
cpx,cpx_liq,P_kbar,pwlr,LightGBM,46,none,A,lithospheric_mantle,143,4.3907564733143705,3.763626014698032,5.0328660874268225,3.5366677161403497,3.2246672915457064,3.822069134221092,0.8540887571740208,0.2005523423617512,1.5066529558301376
cpx,cpx_liq,P_kbar,pwlr,LightGBM,46,none,A,deeper_mantle,56,17.61305146372366,6.236863184114688,27.105769498490734,18.341014050326887,8.361809991237536,27.756471199269498,-0.7279625866032262,-2.2579194944294367,0.3056897603275605
cpx,cpx_liq,P_kbar,pwlr,LightGBM,46,none,A,ALL,654,6.554938758306332,4.42438921326661,8.86788888666368,5.727026200151461,3.121511510164231,8.403530903562988,0.8279125581548712,0.39219463990872305,1.4317200955169618
cpx,cpx_liq,P_kbar,pwlr,LightGBM,46,none,B,shallow_crustal,268,4.947482164819074,4.286372422604877,5.673609654832629,4.857699464191996,4.179947064741771,5.601734501940926,0.08978270062707772,0.07345309836860126,0.1091570255891617
cpx,cpx_liq,P_kbar,pwlr,LightGBM,46,none,B,deep_crustal_MASH,187,2.7473031428260084,2.333189176380305,3.195390674970662,2.816561267182219,2.4014464520801444,3.2615774131694124,-0.0692581243562107,-0.0953012089568693,-0.04576902594317205
cpx,cpx_liq,P_kbar,pwlr,LightGBM,46,none,B,lithospheric_mantle,143,4.3907564733143705,3.763626014698032,5.0328660874268225,4.3878129390521785,3.76486099653876,5.032470034032587,0.0029435342621919602,-0.006372530447452784,0.01459505100648866
cpx,cpx_liq,P_kbar,pwlr,LightGBM,46,none,B,deeper_mantle,56,17.61305146372366,6.236863184114688,27.105769498490734,18.651744282659852,7.0074868031797335,28.717217182044568,-1.038692818936191,-1.6290897250532907,-0.4228270489127678
cpx,cpx_liq,P_kbar,pwlr,LightGBM,46,none,B,ALL,654,6.554938758306332,4.42438921326661,8.86788888666368,6.777639564195909,4.4989964516113545,9.277243509303998,-0.22270080588957697,-0.40875780400717876,-0.03663438784279239
cpx,cpx_liq,P_kbar,pwlr,LightGBM,47,none,A,shallow_crustal,268,4.959772395942149,4.231321830165665,5.739301633967099,0.9961077333070871,0.8628746927103131,1.128319790158211,3.963664662635062,3.2198306935076544,4.775930344776546
cpx,cpx_liq,P_kbar,pwlr,LightGBM,47,none,A,deep_crustal_MASH,187,2.7427953864308914,2.339889933875986,3.1927728245938938,1.6925690947667227,1.4768520209061773,1.9262123891247362,1.0502262916641687,0.7019988884262286,1.403912009833157
cpx,cpx_liq,P_kbar,pwlr,LightGBM,47,none,A,lithospheric_mantle,143,4.3896438687200225,3.7357380654190697,5.039846670670732,3.3151764398714403,3.041558557032069,3.5827862397399017,1.0744674288485823,0.43627024379657164,1.6729367208211876
cpx,cpx_liq,P_kbar,pwlr,LightGBM,47,none,A,deeper_mantle,56,17.461194169547298,5.8738009562037305,27.07981440418974,18.036029846488997,8.109153282504042,27.37816781536295,-0.5748356769416993,-2.2764270092845273,0.28194482027598977
cpx,cpx_liq,P_kbar,pwlr,LightGBM,47,none,A,ALL,654,6.523176636006713,4.39991587059742,8.86924394583925,5.6109832344567145,2.991075101261339,8.260524004668506,0.9121934015499988,0.5129609337498886,1.5110235551757933
cpx,cpx_liq,P_kbar,pwlr,LightGBM,47,none,B,shallow_crustal,268,4.959772395942149,4.231321830165665,5.739301633967099,4.873298107176094,4.125593927174931,5.66461631764915,0.08647428876605545,0.06974960051187502,0.10742186829041518
cpx,cpx_liq,P_kbar,pwlr,LightGBM,47,none,B,deep_crustal_MASH,187,2.7427953864308914,2.339889933875986,3.1927728245938938,2.8154090989711187,2.411607350267857,3.256527701683236,-0.0726137125402273,-0.09957338933246154,-0.04826302393794563
cpx,cpx_liq,P_kbar,pwlr,LightGBM,47,none,B,lithospheric_mantle,143,4.3896438687200225,3.7357380654190697,5.039846670670732,4.383687139874946,3.7324230545475525,5.030457589037618,0.005956728845076142,-0.004498751848481075,0.022654459351141902
cpx,cpx_liq,P_kbar,pwlr,LightGBM,47,none,B,deeper_mantle,56,17.461194169547298,5.8738009562037305,27.07981440418974,17.9356255103863,6.118529798944242,27.801741256638678,-0.4744313408390006,-0.725014166141242,-0.20341174573831228
cpx,cpx_liq,P_kbar,pwlr,LightGBM,47,none,B,ALL,654,6.523176636006713,4.39991587059742,8.86924394583925,6.614025164772421,4.4048164836437556,9.04664666152339,-0.09084852876570793,-0.17536001818520258,0.001353888051591802
cpx,cpx_liq,P_kbar,pwlr,LightGBM,48,A,A,shallow_crustal,268,4.993017610143713,4.290634628193354,5.75477474351143,1.0021634477857746,0.8678276991737103,1.1336996277218634,3.9908541623579388,3.279682551717915,4.7701436100699715
cpx,cpx_liq,P_kbar,pwlr,LightGBM,48,A,A,deep_crustal_MASH,187,2.737921627540312,2.3304731312194233,3.1746033386874837,1.735272366957974,1.525766085759783,1.951297872552708,1.0026492605823383,0.6424753832951934,1.3596302305990298
cpx,cpx_liq,P_kbar,pwlr,LightGBM,48,A,A,lithospheric_mantle,143,4.358588539892828,3.733071914452949,4.990187824323464,3.363140956076263,3.076132840333582,3.6402662776399355,0.9954475838165653,0.3895306469387636,1.5981744745466444
cpx,cpx_liq,P_kbar,pwlr,LightGBM,48,A,A,deeper_mantle,56,17.821335982045078,6.100647522313563,27.421824330658552,17.53264994305071,7.520782136121578,26.637547042970944,0.28868603899436707,-1.5331732860694542,1.246771270225648
cpx,cpx_liq,P_kbar,pwlr,LightGBM,48,A,A,ALL,654,6.611234344741539,4.439722401108688,8.950714543618085,5.483326940612399,2.89621208081967,8.07069756539422,1.1279074041291404,0.7836058413094651,1.6564812598689387
cpx,cpx_liq,P_kbar,pwlr,LightGBM,48,A,B,shallow_crustal,268,4.993017610143713,4.290634628193354,5.75477474351143,4.896756007010264,4.176798949946267,5.673325315048372,0.09626160313344911,0.07852289055673511,0.11782538014891769
cpx,cpx_liq,P_kbar,pwlr,LightGBM,48,A,B,deep_crustal_MASH,187,2.737921627540312,2.3304731312194233,3.1746033386874837,2.8150407285711703,2.4081145483503352,3.242804702244763,-0.07711910103085806,-0.10565998683058594,-0.05176024972579274
cpx,cpx_liq,P_kbar,pwlr,LightGBM,48,A,B,lithospheric_mantle,143,4.358588539892828,3.733071914452949,4.990187824323464,4.36602802505497,3.7375543832235656,4.996805304843943,-0.007439485162141324,-0.014479077348807112,-0.0016390961097966228
cpx,cpx_liq,P_kbar,pwlr,LightGBM,48,A,B,deeper_mantle,56,17.821335982045078,6.100647522313563,27.421824330658552,17.54663101326558,5.9279943288179116,26.99023099514279,0.2747049687794991,0.1041834864654716,0.44055507026383484
cpx,cpx_liq,P_kbar,pwlr,LightGBM,48,A,B,ALL,654,6.611234344741539,4.439722401108688,8.950714543618085,6.528630079721371,4.3883033133030604,8.81996054801071,0.08260426502016749,0.041075812291774705,0.12989286986722356
cpx,cpx_liq,P_kbar,pwlr,LightGBM,49,none,A,shallow_crustal,268,4.964942040171838,4.257700658099173,5.740103804375571,0.9991858653475851,0.8652873700668201,1.1316739604252275,3.9657561748242527,3.248117863310338,4.738098103542968
cpx,cpx_liq,P_kbar,pwlr,LightGBM,49,none,A,deep_crustal_MASH,187,2.7179495853169144,2.2973284304121404,3.1807890490616453,1.7065342149333276,1.4864092176880737,1.938830046415069,1.0114153703835869,0.6633691448561577,1.3584459384790395
cpx,cpx_liq,P_kbar,pwlr,LightGBM,49,none,A,lithospheric_mantle,143,4.211322698322879,3.613340210445172,4.814545052489788,3.283813213113269,3.0022291300359676,3.561062471101991,0.9275094852096095,0.34730507409576933,1.4891011374360137
cpx,cpx_liq,P_kbar,pwlr,LightGBM,49,none,A,deeper_mantle,56,17.499220782398076,5.738901949915336,27.21541197573127,17.743931665659478,7.292742621570882,27.23491330353646,-0.24471088326140134,-1.5987128462302853,0.552100569443818
cpx,cpx_liq,P_kbar,pwlr,LightGBM,49,none,A,ALL,654,6.504809056337191,4.341436974808118,8.867823613050113,5.528024907232155,2.8088106554098253,8.211421602116499,0.9767841491050362,0.5886303938936173,1.610309837833051
cpx,cpx_liq,P_kbar,pwlr,LightGBM,49,none,B,shallow_crustal,268,4.964942040171838,4.257700658099173,5.740103804375571,4.848185796551663,4.133002203339558,5.630203405696439,0.11675624362017523,0.09981669669078128,0.1343291882127342
cpx,cpx_liq,P_kbar,pwlr,LightGBM,49,none,B,deep_crustal_MASH,187,2.7179495853169144,2.2973284304121404,3.1807890490616453,2.7892810453697647,2.3771967770015903,3.2433935109839096,-0.07133146005285029,-0.10593653813608281,-0.04038928446511801
cpx,cpx_liq,P_kbar,pwlr,LightGBM,49,none,B,lithospheric_mantle,143,4.211322698322879,3.613340210445172,4.814545052489788,4.086407219043834,3.500098064487177,4.687329741107589,0.12491547927904456,0.07398709018820175,0.17745108947698918
cpx,cpx_liq,P_kbar,pwlr,LightGBM,49,none,B,deeper_mantle,56,17.499220782398076,5.738901949915336,27.21541197573127,17.951603338728138,6.110526798691352,27.80759311240214,-0.4523825563300612,-0.6183181917464406,-0.29290177959083147
cpx,cpx_liq,P_kbar,pwlr,LightGBM,49,none,B,ALL,654,6.504809056337191,4.341436974808118,8.867823613050113,6.5652071870541135,4.315264213490788,8.989977890538594,-0.06039813071692279,-0.12962095272538648,0.02982837066007484
cpx,cpx_liq,P_kbar,pwlr,LightGBM,50,none,A,shallow_crustal,268,4.997296912844001,4.306087542268117,5.7640254399121345,0.9968750195610012,0.864107640720423,1.1289308988668352,4.000421893283,3.28887623557357,4.790989141577357
cpx,cpx_liq,P_kbar,pwlr,LightGBM,50,none,A,deep_crustal_MASH,187,2.7374991469818504,2.3435863446519556,3.152011510746063,1.703202674370646,1.487778199018173,1.9269689960541825,1.0342964726112043,0.6999741894810559,1.370059244978447
cpx,cpx_liq,P_kbar,pwlr,LightGBM,50,none,A,lithospheric_mantle,143,4.2903172331033606,3.68823966746159,4.895381707850497,3.427736831015892,3.1272086059841904,3.714214678779499,0.8625804020874686,0.23968924575446232,1.4838482939172415
cpx,cpx_liq,P_kbar,pwlr,LightGBM,50,none,A,deeper_mantle,56,17.45719439924468,6.063795963264096,27.104775909633446,18.489784805425455,8.254205374859387,28.13623647332852,-1.0325904061807734,-2.279716504539368,-0.1952139206111884
cpx,cpx_liq,P_kbar,pwlr,LightGBM,50,none,A,ALL,654,6.518908800265969,4.3978559324819075,8.870830594131847,5.751452027201583,3.058425257609407,8.494884060060938,0.767456773064386,0.31326913905950526,1.4474320990159317
cpx,cpx_liq,P_kbar,pwlr,LightGBM,50,none,B,shallow_crustal,268,4.997296912844001,4.306087542268117,5.7640254399121345,5.026686517484176,4.340667272845941,5.789566006489825,-0.02938960464017537,-0.03793616736148033,-0.022545219368741612
cpx,cpx_liq,P_kbar,pwlr,LightGBM,50,none,B,deep_crustal_MASH,187,2.7374991469818504,2.3435863446519556,3.152011510746063,2.7272992137534264,2.333409341002396,3.1414367158717864,0.01019993322842394,0.0025971262974837984,0.020052327124262224
cpx,cpx_liq,P_kbar,pwlr,LightGBM,50,none,B,lithospheric_mantle,143,4.2903172331033606,3.68823966746159,4.895381707850497,4.285857260706658,3.685575907575339,4.891571031645883,0.004459972396702483,0.0,0.011669611503574276
cpx,cpx_liq,P_kbar,pwlr,LightGBM,50,none,B,deeper_mantle,56,17.45719439924468,6.063795963264096,27.104775909633446,18.807959089937913,7.167379783808206,29.123563319644795,-1.3507646906932322,-2.038714126555832,-0.6181010153858948
cpx,cpx_liq,P_kbar,pwlr,LightGBM,50,none,B,ALL,654,6.518908800265969,4.3978559324819075,8.870830594131847,6.84010869870399,4.536224736599744,9.404129437792806,-0.3211998984380209,-0.5363143042038646,-0.10188983280626814
cpx,cpx_liq,P_kbar,pwlr,LightGBM,51,none,A,shallow_crustal,268,4.970697437273972,4.296699406736398,5.696848998112766,1.002096539352404,0.8677672364261078,1.133956265947584,3.968600897921568,3.2808969986103533,4.728538569309696
cpx,cpx_liq,P_kbar,pwlr,LightGBM,51,none,A,deep_crustal_MASH,187,2.758089114098756,2.3079897919443755,3.2504507514550776,1.7466435039429111,1.5316454992896213,1.9752850554083101,1.0114456101558447,0.6399132132611199,1.392615871220341
cpx,cpx_liq,P_kbar,pwlr,LightGBM,51,none,A,lithospheric_mantle,143,4.337226183447949,3.7135935276890506,4.954871613714502,3.2407025191579004,2.9774779282807593,3.501985481613311,1.0965236642900482,0.5140806105859536,1.660817494799674
cpx,cpx_liq,P_kbar,pwlr,LightGBM,51,none,A,deeper_mantle,56,18.01076455433461,6.1316016897337935,27.858452694531785,18.30107548743576,8.016842932634967,27.837374936756373,-0.29031093310114997,-1.9902052534803183,0.6478300154561318
cpx,cpx_liq,P_kbar,pwlr,LightGBM,51,none,A,ALL,654,6.647523209887015,4.415388518324746,9.066717447003745,5.679711995206678,2.972381882575899,8.39995965516299,0.9678112146803368,0.58855720820241,1.5529360843231967
cpx,cpx_liq,P_kbar,pwlr,LightGBM,51,none,B,shallow_crustal,268,4.970697437273972,4.296699406736398,5.696848998112766,4.866206044767781,4.188839484083099,5.583808819336761,0.10449139250619144,0.08202155575676047,0.1274921260080354
cpx,cpx_liq,P_kbar,pwlr,LightGBM,51,none,B,deep_crustal_MASH,187,2.758089114098756,2.3079897919443755,3.2504507514550776,2.80114794651584,2.3689959947330017,3.2752120996781566,-0.043058832417084414,-0.08298527199902292,-0.005993631217053248
cpx,cpx_liq,P_kbar,pwlr,LightGBM,51,none,B,lithospheric_mantle,143,4.337226183447949,3.7135935276890506,4.954871613714502,4.119238268494552,3.5294901374394536,4.7218603687606775,0.21798791495339653,0.1314926790915139,0.3070662094722765
cpx,cpx_liq,P_kbar,pwlr,LightGBM,51,none,B,deeper_mantle,56,18.01076455433461,6.1316016897337935,27.858452694531785,18.691942134718396,6.788683345893743,28.741839552422427,-0.6811775803837854,-0.90471412908701,-0.4919605534520165
cpx,cpx_liq,P_kbar,pwlr,LightGBM,51,none,B,ALL,654,6.647523209887015,4.415388518324746,9.066717447003745,6.750888599218893,4.415051922124959,9.268732455148546,-0.103365389331878,-0.19768766763567305,0.018106938344184437
cpx,cpx_liq,P_kbar,pwlr,LightGBM,52,none,A,shallow_crustal,268,5.023957484600242,4.308814234843512,5.7934156445367195,0.9953333961510724,0.8643324722666318,1.1249003870475398,4.0286240884491695,3.3032242237080434,4.807797531584192
cpx,cpx_liq,P_kbar,pwlr,LightGBM,52,none,A,deep_crustal_MASH,187,2.780315475547691,2.348087383511601,3.242027407589485,1.7220239926590517,1.5027831973025894,1.9568928376607753,1.0582914828886392,0.6881188220895114,1.4336247187129232
cpx,cpx_liq,P_kbar,pwlr,LightGBM,52,none,A,lithospheric_mantle,143,4.290796474696862,3.6981304053634942,4.898356661106742,3.332657756019938,3.0505612536555224,3.6058654517156405,0.9581387186769237,0.36454695957563027,1.5377151542879763
cpx,cpx_liq,P_kbar,pwlr,LightGBM,52,none,A,deeper_mantle,56,17.192914197978567,6.077634611748381,26.488343392855526,17.72718144589101,7.645792787382285,27.021376833422572,-0.5342672479124424,-1.8271564354165055,0.36870259446830633
cpx,cpx_liq,P_kbar,pwlr,LightGBM,52,none,A,ALL,654,6.472247864833115,4.437562201616386,8.71640321116333,5.530902740730005,2.897463662677164,8.1693782206762,0.9413451241031101,0.4912061395939476,1.6058996299274675
cpx,cpx_liq,P_kbar,pwlr,LightGBM,52,none,B,shallow_crustal,268,5.023957484600242,4.308814234843512,5.7934156445367195,4.940069338591246,4.226206061406118,5.69707018076154,0.08388814600899597,0.06634308326529643,0.10134493989129523
cpx,cpx_liq,P_kbar,pwlr,LightGBM,52,none,B,deep_crustal_MASH,187,2.780315475547691,2.348087383511601,3.242027407589485,2.8260913482557934,2.3954333869218507,3.278478209867957,-0.04577587270810257,-0.07627629684953563,-0.01665152378434708
cpx,cpx_liq,P_kbar,pwlr,LightGBM,52,none,B,lithospheric_mantle,143,4.290796474696862,3.6981304053634942,4.898356661106742,4.149068337309116,3.558396458343819,4.746917969624045,0.14172813738774526,0.0837570401905883,0.20109868164806677
cpx,cpx_liq,P_kbar,pwlr,LightGBM,52,none,B,deeper_mantle,56,17.192914197978567,6.077634611748381,26.488343392855526,17.692375000998023,6.404240262155117,27.1975630940434,-0.4994608030194563,-0.7013571152256041,-0.28865309099003517
cpx,cpx_liq,P_kbar,pwlr,LightGBM,52,none,B,ALL,654,6.472247864833115,4.437562201616386,8.71640321116333,6.546086658323583,4.424949118211936,8.86852601941676,-0.07383879349046829,-0.15414941391130982,0.025094956329160294
cpx,cpx_liq,P_kbar,pwlr,LightGBM,53,none,A,shallow_crustal,268,4.932022464886878,4.212619112222612,5.704873099136802,0.9991029122366806,0.8656295826649534,1.1314201868764613,3.9329195526501977,3.2035290139463046,4.721977199226838
cpx,cpx_liq,P_kbar,pwlr,LightGBM,53,none,A,deep_crustal_MASH,187,2.7868464298441924,2.3434868255109214,3.277624120949557,1.7254543115615026,1.5098292526310542,1.9610179753645183,1.0613921182826898,0.6988688746411525,1.4363966570336655
cpx,cpx_liq,P_kbar,pwlr,LightGBM,53,none,A,lithospheric_mantle,143,4.323030663990239,3.7308072617976613,4.9121780087213,3.3573624950316097,3.0679101619646305,3.632181178782196,0.9656681689586293,0.3587445707870309,1.5386620548758285
cpx,cpx_liq,P_kbar,pwlr,LightGBM,53,none,A,deeper_mantle,56,17.596095565374853,6.0719726025518534,27.151792898429033,18.32927871339887,8.000057198875984,27.90085732579363,-0.7331831480240183,-2.070047392629324,0.20575182236811604
cpx,cpx_liq,P_kbar,pwlr,LightGBM,53,none,A,ALL,654,6.541180997910408,4.375489061433828,8.85310202045045,5.700210750962733,2.990068632675816,8.427238605199118,0.8409702469476752,0.3926573713953015,1.500287497278076
cpx,cpx_liq,P_kbar,pwlr,LightGBM,53,none,B,shallow_crustal,268,4.932022464886878,4.212619112222612,5.704873099136802,4.849876319557179,4.114623938028817,5.636257403242804,0.08214614532969922,0.06671472662499733,0.1006225667282014
cpx,cpx_liq,P_kbar,pwlr,LightGBM,53,none,B,deep_crustal_MASH,187,2.7868464298441924,2.3434868255109214,3.277624120949557,2.8498851441652553,2.413819541159445,3.3354454844166512,-0.0630387143210629,-0.08722348636185534,-0.04213258314623506
cpx,cpx_liq,P_kbar,pwlr,LightGBM,53,none,B,lithospheric_mantle,143,4.323030663990239,3.7308072617976613,4.9121780087213,4.314583582507157,3.718303793342002,4.902362768868118,0.00844708148308193,-0.004967286537438919,0.027198242964868773
cpx,cpx_liq,P_kbar,pwlr,LightGBM,53,none,B,deeper_mantle,56,17.596095565374853,6.0719726025518534,27.151792898429033,18.52880983983945,6.795871075608576,28.56244610093837,-0.9327142744645975,-1.4318469809710501,-0.40723299677907215
cpx,cpx_liq,P_kbar,pwlr,LightGBM,53,none,B,ALL,654,6.541180997910408,4.375489061433828,8.85310202045045,6.7400702060017155,4.434516089654777,9.225750508176898,-0.19888920809130717,-0.35963787849163037,-0.03501447554729414
cpx,cpx_liq,P_kbar,pwlr,LightGBM,54,none,A,shallow_crustal,268,4.971469961553533,4.259272957909599,5.745141812856397,1.0022588179187666,0.8680237555154564,1.1340560662975565,3.969211143634766,3.245335127028863,4.750238827890996
cpx,cpx_liq,P_kbar,pwlr,LightGBM,54,none,A,deep_crustal_MASH,187,2.7416837131693543,2.3102707005579792,3.1999959390863477,1.72250622536328,1.5026140358722528,1.9543621024106488,1.0191774878060744,0.6616269771753023,1.3692668505780488
cpx,cpx_liq,P_kbar,pwlr,LightGBM,54,none,A,lithospheric_mantle,143,4.28040433787145,3.6721491828371113,4.896109295483222,3.3834660296135244,3.101426130264627,3.6584870906987725,0.8969383082579254,0.2895506584381458,1.5049297223213338
cpx,cpx_liq,P_kbar,pwlr,LightGBM,54,none,A,deeper_mantle,56,17.310630949147626,6.41345031506167,26.681037441314597,17.67656081186622,7.771868132321181,26.890151261725624,-0.36592986271859473,-1.650352580334958,0.4829954627074759
cpx,cpx_liq,P_kbar,pwlr,LightGBM,54,none,A,ALL,654,6.476288885264271,4.413353976666426,8.7600754205184,5.524326609031903,2.948538529885099,8.137709703197366,0.9519622762323676,0.5491004981127781,1.5691192473673163
cpx,cpx_liq,P_kbar,pwlr,LightGBM,54,none,B,shallow_crustal,268,4.971469961553533,4.259272957909599,5.745141812856397,4.887414591236397,4.162040670715036,5.67175318859507,0.08405537031713539,0.0681151182833079,0.10310311981049256
cpx,cpx_liq,P_kbar,pwlr,LightGBM,54,none,B,deep_crustal_MASH,187,2.7416837131693543,2.3102707005579792,3.1999959390863477,2.8083942118726597,2.3796823076871414,3.263624878775565,-0.06671049870330537,-0.09213346719865131,-0.04433392704189494
cpx,cpx_liq,P_kbar,pwlr,LightGBM,54,none,B,lithospheric_mantle,143,4.28040433787145,3.6721491828371113,4.896109295483222,4.278136012399389,3.668847894222093,4.891606989930728,0.002268325472060795,-0.005533931787912327,0.012758666619989405
cpx,cpx_liq,P_kbar,pwlr,LightGBM,54,none,B,deeper_mantle,56,17.310630949147626,6.41345031506167,26.681037441314597,17.896928949790066,6.721877938191873,27.603173341144664,-0.5862980006424401,-0.9146398037517723,-0.22401892503652115
cpx,cpx_liq,P_kbar,pwlr,LightGBM,54,none,B,ALL,654,6.476288885264271,4.413353976666426,8.7600754205184,6.593320389767748,4.440017483958872,8.985687535923091,-0.1170315045034771,-0.22355128516302583,-0.0042902018507327885
cpx,cpx_liq,P_kbar,pwlr,LightGBM,55,none,A,shallow_crustal,268,4.958968609505186,4.2833817973579045,5.68847689410475,0.9991940727425501,0.8652532122791466,1.1319039835758153,3.9597745367626365,3.2650413290304408,4.712991995573479
cpx,cpx_liq,P_kbar,pwlr,LightGBM,55,none,A,deep_crustal_MASH,187,2.7163176148883523,2.33579353034311,3.1249570781844422,1.727011799265392,1.5148057429389565,1.9426306038757746,0.9893058156229604,0.655592538290808,1.3257678988728354
cpx,cpx_liq,P_kbar,pwlr,LightGBM,55,none,A,lithospheric_mantle,143,4.238688802132196,3.584926555400384,4.8595450658106385,3.4631198849114013,3.1713043379406054,3.7452790969251075,0.7755689172207947,0.12337319278026024,1.41326081619493
cpx,cpx_liq,P_kbar,pwlr,LightGBM,55,none,A,deeper_mantle,56,17.863271364813226,6.129542303587609,27.568894235878453,18.294993915299553,7.844495812432214,27.90853650273326,-0.43172255048632735,-1.7923155326457532,0.4751791016297501
cpx,cpx_liq,P_kbar,pwlr,LightGBM,55,none,A,ALL,654,6.590797657590222,4.3995421815899,8.976424633511556,5.704753795694352,2.9799645576602676,8.441325192596143,0.8860438618958693,0.4801621084832868,1.5053101771805133
cpx,cpx_liq,P_kbar,pwlr,LightGBM,55,none,B,shallow_crustal,268,4.958968609505186,4.2833817973579045,5.68847689410475,4.851807642033402,4.161367388602411,5.595128236546843,0.10716096747178394,0.08775335193559353,0.13094788630858198
cpx,cpx_liq,P_kbar,pwlr,LightGBM,55,none,B,deep_crustal_MASH,187,2.7163176148883523,2.33579353034311,3.1249570781844422,2.80262778876062,2.4239372563766985,3.2105777885483566,-0.0863101738722678,-0.11714797075510354,-0.05883896860642558
cpx,cpx_liq,P_kbar,pwlr,LightGBM,55,none,B,lithospheric_mantle,143,4.238688802132196,3.584926555400384,4.8595450658106385,4.238011697503376,3.588796992529436,4.86102227902531,0.000677104628819869,-0.008962298575979655,0.013517810687789499
cpx,cpx_liq,P_kbar,pwlr,LightGBM,55,none,B,deeper_mantle,56,17.863271364813226,6.129542303587609,27.568894235878453,18.80072729231891,6.977288648827304,28.978849149571005,-0.9374559275056846,-1.4441948205724522,-0.41012240007807466
cpx,cpx_liq,P_kbar,pwlr,LightGBM,55,none,B,ALL,654,6.590797657590222,4.3995421815899,8.976424633511556,6.788653154461374,4.446118197672261,9.328719137792103,-0.19785549687115278,-0.3588489909216189,-0.03126183347327335
cpx,cpx_liq,P_kbar,pwlr,LightGBM,56,A,A,shallow_crustal,268,4.908504931537034,4.249135937858621,5.622769163003691,0.9976205011690901,0.8645019443622158,1.1287458423139718,3.9108844303679438,3.2421189713815806,4.644462930714764
cpx,cpx_liq,P_kbar,pwlr,LightGBM,56,A,A,deep_crustal_MASH,187,2.722942570830279,2.3218423503136325,3.150169629450445,1.7067546371218871,1.4953644038606375,1.9274714088104488,1.0161879337083917,0.6714271146191879,1.3582175294377552
cpx,cpx_liq,P_kbar,pwlr,LightGBM,56,A,A,lithospheric_mantle,143,4.240994362238445,3.6244476003838435,4.852915673114844,3.2725657293250325,2.994978518685199,3.5498809797922064,0.9684286329134126,0.3743768662372311,1.5296862249512633
cpx,cpx_liq,P_kbar,pwlr,LightGBM,56,A,A,deeper_mantle,56,17.54873737238551,6.235897187520304,26.72728950796298,17.31434576777042,7.644687509988277,26.20647668847257,0.2343916046150909,-1.5460558756404812,1.2748332936132312
cpx,cpx_liq,P_kbar,pwlr,LightGBM,56,A,A,ALL,654,6.503491603792681,4.392228958594015,8.745797283180574,5.408537859624595,2.8975683391175697,7.916060108237873,1.0949537441680857,0.7540101739704032,1.59355445068752
cpx,cpx_liq,P_kbar,pwlr,LightGBM,56,A,B,shallow_crustal,268,4.908504931537034,4.249135937858621,5.622769163003691,4.805533946396146,4.131339515382427,5.529777799230319,0.10297098514088798,0.08439527229430599,0.12570691102396092
cpx,cpx_liq,P_kbar,pwlr,LightGBM,56,A,B,deep_crustal_MASH,187,2.722942570830279,2.3218423503136325,3.150169629450445,2.806205827287143,2.408309903758101,3.234185178816388,-0.08326325645686428,-0.1136263012929873,-0.05527468335942803
cpx,cpx_liq,P_kbar,pwlr,LightGBM,56,A,B,lithospheric_mantle,143,4.240994362238445,3.6244476003838435,4.852915673114844,4.2572497897992605,3.636657993483764,4.867836267230961,-0.016255427560815328,-0.046210714904774686,0.0
cpx,cpx_liq,P_kbar,pwlr,LightGBM,56,A,B,deeper_mantle,56,17.54873737238551,6.235897187520304,26.72728950796298,16.592797002181154,6.033398278764507,25.070270158713964,0.9559403702043561,0.1659106321807105,1.691585051210519
cpx,cpx_liq,P_kbar,pwlr,LightGBM,56,A,B,ALL,654,6.503491603792681,4.392228958594015,8.745797283180574,6.265199269795433,4.333165814118354,8.298192201458091,0.23829233399724803,0.04674516486321658,0.44752453335008713
cpx,cpx_liq,P_kbar,pwlr,LightGBM,57,none,A,shallow_crustal,268,4.916720957001092,4.2605355401303955,5.640383321004571,0.9979242577802678,0.864672318544697,1.129989087676359,3.9187966992208247,3.2422857733604493,4.6595975045403435
cpx,cpx_liq,P_kbar,pwlr,LightGBM,57,none,A,deep_crustal_MASH,187,2.7682445544341165,2.3222961497567303,3.2654852796843987,1.7204200735999986,1.4931871419237142,1.9705365502956256,1.047824480834118,0.6880162389026314,1.409870585618767
cpx,cpx_liq,P_kbar,pwlr,LightGBM,57,none,A,lithospheric_mantle,143,4.266933633242707,3.670821433407197,4.885356734987997,3.4515500167581594,3.147985230344522,3.736006675762072,0.8153836164845476,0.19055967081075956,1.4372622605714245
cpx,cpx_liq,P_kbar,pwlr,LightGBM,57,none,A,deeper_mantle,56,17.668738354190246,6.343297883963306,27.55055428133911,18.394579578676975,8.021953888677064,28.115394339845597,-0.7258412244867287,-1.9261499851147634,0.051666237665857505
cpx,cpx_liq,P_kbar,pwlr,LightGBM,57,none,A,ALL,654,6.542915034966297,4.3913793842441855,8.960638265086656,5.729925481716404,2.9985156741042536,8.489166848560501,0.812989553249893,0.40570665149532903,1.4555839033602587
cpx,cpx_liq,P_kbar,pwlr,LightGBM,57,none,B,shallow_crustal,268,4.916720957001092,4.2605355401303955,5.640383321004571,4.832086307961087,4.15933750867962,5.569285346761892,0.08463464904000517,0.0695996385777961,0.10321852066421792
cpx,cpx_liq,P_kbar,pwlr,LightGBM,57,none,B,deep_crustal_MASH,187,2.7682445544341165,2.3222961497567303,3.2654852796843987,2.8336202341379257,2.3905543382677434,3.324944605057408,-0.0653756797038092,-0.09017908511236376,-0.043502862077276855
cpx,cpx_liq,P_kbar,pwlr,LightGBM,57,none,B,lithospheric_mantle,143,4.266933633242707,3.670821433407197,4.885356734987997,4.140212571136636,3.529604264188931,4.755454258480549,0.12672106210607126,0.0667189024512455,0.19673164538960997
cpx,cpx_liq,P_kbar,pwlr,LightGBM,57,none,B,deeper_mantle,56,17.668738354190246,6.343297883963306,27.55055428133911,18.961742388150682,7.253746642527687,29.346521945931006,-1.293004033960436,-1.8651640223324808,-0.6275016770811743
cpx,cpx_liq,P_kbar,pwlr,LightGBM,57,none,B,ALL,654,6.542915034966297,4.3913793842441855,8.960638265086656,6.81167938264503,4.441736981481682,9.408977752658,-0.2687643476787329,-0.46467637843540033,-0.03619631179624221
cpx,cpx_liq,P_kbar,pwlr,LightGBM,58,none,A,shallow_crustal,268,4.91308143195235,4.250532492782824,5.605903018475486,0.9950245497842696,0.8658509096694498,1.1223877416227432,3.918056882168081,3.2285905402471218,4.639750892399315
cpx,cpx_liq,P_kbar,pwlr,LightGBM,58,none,A,deep_crustal_MASH,187,2.7932752458015915,2.321536346837105,3.3026185762099063,1.7494428291888116,1.5292237175446166,1.9840130526292685,1.04383241661278,0.6584590218085524,1.4332049381506273
cpx,cpx_liq,P_kbar,pwlr,LightGBM,58,none,A,lithospheric_mantle,143,4.365260017995559,3.7326146128322755,4.994197181122294,3.3783161187419,3.088735794036952,3.656697213922244,0.9869438992536588,0.3594880077172372,1.6041409847220613
cpx,cpx_liq,P_kbar,pwlr,LightGBM,58,none,A,deeper_mantle,56,17.654458473217606,5.961112512013474,27.226049873239894,18.71592948494358,8.743808543250415,28.218110614043876,-1.061471011725974,-2.7175041300111986,-0.026397486705581077
cpx,cpx_liq,P_kbar,pwlr,LightGBM,58,none,A,ALL,654,6.555705739003633,4.394859436706369,8.91315701227583,5.811217329076401,3.1559129873283114,8.527642810227338,0.7444884099272322,0.30012367747782137,1.3605714418087465
cpx,cpx_liq,P_kbar,pwlr,LightGBM,58,none,B,shallow_crustal,268,4.91308143195235,4.250532492782824,5.605903018475486,4.857478104107663,4.182228665584052,5.563140553687165,0.05560332784468702,0.04574763682671708,0.06821963255730461
cpx,cpx_liq,P_kbar,pwlr,LightGBM,58,none,B,deep_crustal_MASH,187,2.7932752458015915,2.321536346837105,3.3026185762099063,2.8332472873382692,2.363308333875068,3.342517142554588,-0.03997204153667777,-0.05627387367792389,-0.026094536878082438
cpx,cpx_liq,P_kbar,pwlr,LightGBM,58,none,B,lithospheric_mantle,143,4.365260017995559,3.7326146128322755,4.994197181122294,4.358975268893841,3.7248319398167835,4.98960933421258,0.00628474910171839,-0.0037919063011398356,0.024248901928101228
cpx,cpx_liq,P_kbar,pwlr,LightGBM,58,none,B,deeper_mantle,56,17.654458473217606,5.961112512013474,27.226049873239894,18.47329266603198,6.524606397329971,28.486131776894275,-0.818834192814375,-1.2835159607967013,-0.33893911496025975
cpx,cpx_liq,P_kbar,pwlr,LightGBM,58,none,B,ALL,654,6.555705739003633,4.394859436706369,8.91315701227583,6.733501280744664,4.420704052443478,9.22723693113963,-0.1777955417410313,-0.3247762297839534,-0.03178190205043131
cpx,cpx_liq,P_kbar,pwlr,LightGBM,59,none,A,shallow_crustal,268,4.97038866121874,4.2767322607355425,5.710491827590061,0.9954913659559497,0.8624838383064797,1.126336538215732,3.9748972952627906,3.2732020632596894,4.754803712213079
cpx,cpx_liq,P_kbar,pwlr,LightGBM,59,none,A,deep_crustal_MASH,187,2.715636861655582,2.2972122756510496,3.1595295917985804,1.7013457790644821,1.478922802130752,1.9309717205827024,1.0142910825910998,0.6620079702361004,1.3650816283317826
cpx,cpx_liq,P_kbar,pwlr,LightGBM,59,none,A,lithospheric_mantle,143,4.292135937751684,3.670759438211166,4.903503047905656,3.410576566452977,3.119613958953594,3.6882035468266454,0.8815593712987075,0.25727847377036867,1.4986438387037915
cpx,cpx_liq,P_kbar,pwlr,LightGBM,59,none,A,deeper_mantle,56,17.48744280816298,6.30881686168332,26.944250415009684,17.510652984448683,7.808218117641655,26.576414632003655,-0.023210176285701323,-1.7850944983477632,0.927590401679014
cpx,cpx_liq,P_kbar,pwlr,LightGBM,59,none,A,ALL,654,6.515066845342748,4.4128296686615,8.82233208410593,5.480175790652757,2.967389291836044,8.036845593303005,1.0348910546899912,0.6826594409414728,1.5728676821145666
cpx,cpx_liq,P_kbar,pwlr,LightGBM,59,none,B,shallow_crustal,268,4.97038866121874,4.2767322607355425,5.710491827590061,4.857704129015325,4.141534498841354,5.613117766566337,0.11268453220341534,0.09211545405424242,0.1382028985690085
cpx,cpx_liq,P_kbar,pwlr,LightGBM,59,none,B,deep_crustal_MASH,187,2.715636861655582,2.2972122756510496,3.1595295917985804,2.8066250696470094,2.393911632685318,3.245973742102002,-0.09098820799142748,-0.12507175315543695,-0.060195843111164694
cpx,cpx_liq,P_kbar,pwlr,LightGBM,59,none,B,lithospheric_mantle,143,4.292135937751684,3.670759438211166,4.903503047905656,4.296608649821358,3.6749108947631486,4.908328884507709,-0.004472712069673257,-0.009745632445549402,-0.0006429599064159749
cpx,cpx_liq,P_kbar,pwlr,LightGBM,59,none,B,deeper_mantle,56,17.48744280816298,6.30881686168332,26.944250415009684,17.348543064954747,6.249790327066997,26.713058579602208,0.13889974320823484,0.04905624417271124,0.22197771198412808
cpx,cpx_liq,P_kbar,pwlr,LightGBM,59,none,B,ALL,654,6.515066845342748,4.4128296686615,8.82233208410593,6.459877284853179,4.365330781946545,8.749721741481077,0.05518956048956891,0.03578192228037935,0.07701075891776087
cpx,cpx_liq,P_kbar,pwlr,LightGBM,60,none,A,shallow_crustal,268,5.038650980924819,4.325516314178316,5.806083721782318,0.9984861191184491,0.8657190803107693,1.1298760329780102,4.04016486180637,3.300290027129282,4.8232954582583485
cpx,cpx_liq,P_kbar,pwlr,LightGBM,60,none,A,deep_crustal_MASH,187,2.745536884114209,2.3356762038922083,3.1865742275636237,1.7053332216715222,1.4884685049441053,1.9357553291931908,1.0402036624426867,0.6988782296010715,1.3879868193958953
cpx,cpx_liq,P_kbar,pwlr,LightGBM,60,none,A,lithospheric_mantle,143,4.287586093037232,3.6653373960753655,4.906014947980078,3.4523373861337,3.1536362695450206,3.725807269034493,0.8352487069035321,0.1951618994871273,1.4617533624376966
cpx,cpx_liq,P_kbar,pwlr,LightGBM,60,none,A,deeper_mantle,56,17.465884828803457,5.966140709676942,27.043623291037026,18.441927196391298,8.492898891090178,27.89732223617437,-0.9760423675878407,-2.5774914951590944,-0.048328083404587614
cpx,cpx_liq,P_kbar,pwlr,LightGBM,60,none,A,ALL,654,6.53450156010129,4.414787364265838,8.864086972757494,5.741799356699756,3.1248255619924854,8.431530125766526,0.7927022034015341,0.3546139471184767,1.4186241316776456
cpx,cpx_liq,P_kbar,pwlr,LightGBM,60,none,B,shallow_crustal,268,5.038650980924819,4.325516314178316,5.806083721782318,4.948945506762308,4.220993621032178,5.734990278968289,0.0897054741625114,0.0734600755564895,0.10986993096257093
cpx,cpx_liq,P_kbar,pwlr,LightGBM,60,none,B,deep_crustal_MASH,187,2.745536884114209,2.3356762038922083,3.1865742275636237,2.8139143051523474,2.4069186404453995,3.25404302707878,-0.06837742103813849,-0.09419666469304883,-0.04534714741613597
cpx,cpx_liq,P_kbar,pwlr,LightGBM,60,none,B,lithospheric_mantle,143,4.287586093037232,3.6653373960753655,4.906014947980078,4.283001079760388,3.6568953829010082,4.908759706247089,0.00458501327684413,-0.004967024452948321,0.01823180291392384
cpx,cpx_liq,P_kbar,pwlr,LightGBM,60,none,B,deeper_mantle,56,17.465884828803457,5.966140709676942,27.043623291037026,18.601299955727,6.79933228155334,28.77696346862922,-1.1354151269235437,-1.7334877761609588,-0.4963699027827891
cpx,cpx_liq,P_kbar,pwlr,LightGBM,60,none,B,ALL,654,6.53450156010129,4.414787364265838,8.864086972757494,6.777845949038639,4.4806449435678175,9.293457037845505,-0.24334438893734855,-0.43552640832596834,-0.04370190263841407
cpx,cpx_liq,P_kbar,pwlr,LightGBM,61,none,A,shallow_crustal,268,5.056111561672396,4.3518266153963365,5.832727328490727,1.006214799846638,0.87122719627218,1.1384042965415904,4.049896761825758,3.3143385100222162,4.851677956958838
cpx,cpx_liq,P_kbar,pwlr,LightGBM,61,none,A,deep_crustal_MASH,187,2.753069899194276,2.340149407021348,3.186386368916122,1.7466089829327665,1.5364045057145765,1.9619265059191777,1.0064609162615095,0.6573315367741223,1.3469574281502117
cpx,cpx_liq,P_kbar,pwlr,LightGBM,61,none,A,lithospheric_mantle,143,4.331161503316171,3.700378815887235,4.95337964663196,3.3855331721248993,3.1067997005360763,3.659768675171884,0.9456283311912714,0.3271997052318743,1.5517288547110408
cpx,cpx_liq,P_kbar,pwlr,LightGBM,61,none,A,deeper_mantle,56,17.90413759828973,6.292119614559008,27.677238053898385,17.94629738848605,7.639445258237696,27.410082019298823,-0.04215979019632243,-1.5735748104158855,0.8366153411427376
cpx,cpx_liq,P_kbar,pwlr,LightGBM,61,none,A,ALL,654,6.647797079429865,4.479470974836667,9.042570113129903,5.600998045615829,2.9180556537506317,8.283813292766146,1.046799033814036,0.6693610460422312,1.6526510061849609
cpx,cpx_liq,P_kbar,pwlr,LightGBM,61,none,B,shallow_crustal,268,5.056111561672396,4.3518266153963365,5.832727328490727,4.96707989351832,4.269145251052972,5.735254925537387,0.08903166815407637,0.07004618406043997,0.10909566222030519
cpx,cpx_liq,P_kbar,pwlr,LightGBM,61,none,B,deep_crustal_MASH,187,2.753069899194276,2.340149407021348,3.186386368916122,2.795064232957822,2.3877213316254156,3.218283897072035,-0.041994333763546,-0.06716654175574623,-0.01806693844174978
cpx,cpx_liq,P_kbar,pwlr,LightGBM,61,none,B,lithospheric_mantle,143,4.331161503316171,3.700378815887235,4.95337964663196,4.164580624093728,3.5606085779842522,4.767090752737213,0.16658087922244302,0.09507366070923522,0.23540318593665172
cpx,cpx_liq,P_kbar,pwlr,LightGBM,61,none,B,deeper_mantle,56,17.90413759828973,6.292119614559008,27.677238053898385,18.498382051111047,6.788437590382565,28.467119239648977,-0.594244452821318,-0.8017017466944222,-0.4047413675260229
cpx,cpx_liq,P_kbar,pwlr,LightGBM,61,none,B,ALL,654,6.647797079429865,4.479470974836667,9.042570113129903,6.740695453173707,4.476592538279543,9.206053215662104,-0.09289837374384202,-0.1770324651076082,0.013923154973513839
cpx,cpx_only,T_C,pwlr,ERT,42,none,A,shallow_crustal,236,89.94830405221771,79.03305939799702,101.18826816456959,89.48123797226349,78.04434903196538,100.80187936229866,0.4670660799542219,-2.325301231393589,3.2597850265897956
cpx,cpx_only,T_C,pwlr,ERT,42,none,A,deep_crustal_MASH,193,91.12143345019729,74.86364117590298,112.78965190704417,92.59830495842226,75.85596333824061,114.3568205870795,-1.4768715082249741,-3.371020592209994,0.6107191446076301
cpx,cpx_only,T_C,pwlr,ERT,42,none,A,lithospheric_mantle,213,140.00193537176244,110.25648345208513,167.89092709995072,171.18403162595206,151.8912624020175,189.98579795662476,-31.182096254189617,-47.71018254007042,-17.40151469876993
cpx,cpx_only,T_C,pwlr,ERT,42,none,A,deeper_mantle,142,188.17290080217074,160.60359212561352,214.458614117787,195.77814559516602,170.93417256654993,220.0140258486589,-7.605244792995279,-28.303514180452932,11.578397456768634
cpx,cpx_only,T_C,pwlr,ERT,42,none,A,ALL,784,127.34987708248194,115.68614175559986,139.54373212311066,139.37254830292653,128.961942774395,150.4973645392802,-12.022671220444593,-18.967301017765607,-5.334292763629534
cpx,cpx_only,T_C,pwlr,ERT,42,none,B,shallow_crustal,236,89.94830405221771,79.03305939799702,101.18826816456959,90.16130582197836,79.1750908018869,101.52096533542763,-0.21300176976065188,-1.1190312019433648,0.8258824865629351
cpx,cpx_only,T_C,pwlr,ERT,42,none,B,deep_crustal_MASH,193,91.12143345019729,74.86364117590298,112.78965190704417,89.42157080346347,72.3420320896222,111.26893939274544,1.6998626467338198,0.6055411728493365,3.1833511393600826
cpx,cpx_only,T_C,pwlr,ERT,42,none,B,lithospheric_mantle,213,140.00193537176244,110.25648345208513,167.89092709995072,140.3772929564992,112.76745497934036,165.44313664054297,-0.3753575847367472,-5.667937767252182,4.134691406608247
cpx,cpx_only,T_C,pwlr,ERT,42,none,B,deeper_mantle,142,188.17290080217074,160.60359212561352,214.458614117787,215.8570156595005,189.4467008587404,240.1616434654353,-27.684114857329746,-34.545143251751675,-20.52153982359014
cpx,cpx_only,T_C,pwlr,ERT,42,none,B,ALL,784,127.34987708248194,115.68614175559986,139.54373212311066,134.938780997793,123.51548981151602,146.79441200827225,-7.5889039153110645,-10.312408738468337,-4.830859107594483
cpx,cpx_only,T_C,pwlr,ERT,43,none,A,shallow_crustal,236,89.37334906789302,78.65617328043646,100.60430785646318,89.04736234242662,77.7532849370688,100.28496346529579,0.32598672546639307,-2.4654665487676275,3.1170131459174923
cpx,cpx_only,T_C,pwlr,ERT,43,none,A,deep_crustal_MASH,193,90.57956171928926,74.98677433888248,111.06444022927727,91.67184463735816,75.47704861499653,112.58492955920383,-1.0922829180689035,-2.8758456578545664,1.0257261721983901
cpx,cpx_only,T_C,pwlr,ERT,43,none,A,lithospheric_mantle,213,138.91868658952728,109.37911637922114,166.08438793538227,174.31647755461734,155.17981450279308,192.83002209216045,-35.39779096509005,-51.96171486837564,-21.215798735911623
cpx,cpx_only,T_C,pwlr,ERT,43,none,A,deeper_mantle,142,187.2446917948707,159.81965688589582,213.76789133827867,193.66785856005444,168.7256683466964,217.64507375877042,-6.423166765183737,-26.25973330059036,12.030574247451469
cpx,cpx_only,T_C,pwlr,ERT,43,none,A,ALL,784,126.56032508746782,115.12761825415143,138.43690676716682,139.6586644922171,129.3808992533736,150.6587228109093,-13.098339404749282,-19.937491704511054,-6.517733531805001
cpx,cpx_only,T_C,pwlr,ERT,43,none,B,shallow_crustal,236,89.37334906789302,78.65617328043646,100.60430785646318,89.91850866947705,78.9451345701428,101.17269986944854,-0.5451596015840323,-1.3026418360252134,0.31417385161079847
cpx,cpx_only,T_C,pwlr,ERT,43,none,B,deep_crustal_MASH,193,90.57956171928926,74.98677433888248,111.06444022927727,88.44769208133377,72.01314499615238,109.39521330329121,2.1318696379554893,0.9844735512812768,3.701030052752567
cpx,cpx_only,T_C,pwlr,ERT,43,none,B,lithospheric_mantle,213,138.91868658952728,109.37911637922114,166.08438793538227,140.44769054159184,112.79789142992504,165.25231111146906,-1.5290039520645564,-7.082312629764555,3.122215348960842
cpx,cpx_only,T_C,pwlr,ERT,43,none,B,deeper_mantle,142,187.2446917948707,159.81965688589582,213.76789133827867,219.41587215083086,193.65702837686155,243.71197652752,-32.17118035596016,-40.18308780752542,-24.526779144661287
cpx,cpx_only,T_C,pwlr,ERT,43,none,B,ALL,784,126.56032508746782,115.12761825415143,138.43690676716682,135.78885545670838,124.52781060932134,147.5373642606614,-9.22853036924056,-12.20605687040203,-6.276790970871808
cpx,cpx_only,T_C,pwlr,ERT,44,none,A,shallow_crustal,236,89.32255198405522,78.51656042509886,100.36780366712377,88.0938276616326,76.6994633589447,99.23278376892186,1.2287243224226216,-1.2687860596428462,3.786943644439647
cpx,cpx_only,T_C,pwlr,ERT,44,none,A,deep_crustal_MASH,193,90.82781737961156,75.16432450424877,111.66222236267988,92.05661328230843,75.71162896365658,113.12481985363551,-1.2287959026968736,-3.0563322433845483,0.8658413545769788
cpx,cpx_only,T_C,pwlr,ERT,44,none,A,lithospheric_mantle,213,138.963761841372,109.5122605283804,166.46403925901132,167.10148194772214,147.7530340855882,186.00014077355547,-28.137720106350145,-43.95904631568931,-15.32995412325933
cpx,cpx_only,T_C,pwlr,ERT,44,none,A,deeper_mantle,142,187.9451237843887,160.61744065278867,214.2828601402396,194.2194492019551,169.13390417092535,218.31875041667416,-6.274325417566388,-26.448764998800677,12.446345657841272
cpx,cpx_only,T_C,pwlr,ERT,44,none,A,ALL,784,126.79460181302602,115.19149433907887,138.72404111650576,137.2610856032602,126.91950033838101,148.37125523508408,-10.466483790234179,-17.29194382351556,-4.026344544917271
cpx,cpx_only,T_C,pwlr,ERT,44,none,B,shallow_crustal,236,89.32255198405522,78.51656042509886,100.36780366712377,89.5604603829359,78.6773319230705,100.77477014792738,-0.23790839888067694,-0.9994710653902488,0.6475524108762237
cpx,cpx_only,T_C,pwlr,ERT,44,none,B,deep_crustal_MASH,193,90.82781737961156,75.16432450424877,111.66222236267988,89.02106925255752,72.63418330365577,110.22660736382545,1.8067481270540355,0.7368049594051005,3.226693696511138
cpx,cpx_only,T_C,pwlr,ERT,44,none,B,lithospheric_mantle,213,138.963761841372,109.5122605283804,166.46403925901132,138.30282024038155,110.56882274694966,163.465058695818,0.6609416009904407,-3.7584537774851703,4.48123874388007
cpx,cpx_only,T_C,pwlr,ERT,44,none,B,deeper_mantle,142,187.9451237843887,160.61744065278867,214.2828601402396,211.24876141696595,184.8594839564936,235.99867123543055,-23.30363763257725,-29.350043560032905,-17.226351033624585
cpx,cpx_only,T_C,pwlr,ERT,44,none,B,ALL,784,126.79460181302602,115.19149433907887,138.72404111650576,132.83382161252553,121.58079964610491,144.6944922360503,-6.039219799499506,-8.400151666961591,-3.722892465809018
cpx,cpx_only,T_C,pwlr,ERT,45,none,A,shallow_crustal,236,89.42925184826294,78.54482799293538,100.62466627154333,91.64932867300345,80.1404020374311,103.13431499416333,-2.2200768247405165,-5.372058213214753,0.8734029653742302
cpx,cpx_only,T_C,pwlr,ERT,45,none,A,deep_crustal_MASH,193,91.20456500872352,75.32596783903834,112.39579832015858,92.41543250066383,75.94536809202725,113.76186725219429,-1.2108674919403057,-3.0846808218098603,0.8830767680498314
cpx,cpx_only,T_C,pwlr,ERT,45,none,A,lithospheric_mantle,213,138.89317301517679,109.3244288613356,166.6006346554244,169.4723222579674,150.4041171847785,188.31566099099905,-30.579149242790606,-46.690164187290186,-16.99784760583215
cpx,cpx_only,T_C,pwlr,ERT,45,none,A,deeper_mantle,142,188.4981888553568,161.11596319071464,214.7385639633158,194.5549043160898,169.55091367918914,218.6999380534445,-6.056715460732988,-26.233390813436614,12.753629815345022
cpx,cpx_only,T_C,pwlr,ERT,45,none,A,ALL,784,127.01132062066935,115.33668645537806,139.07812135806114,138.8873297036512,128.552249504634,149.88806276399512,-11.876009082981852,-18.59891696389188,-5.369893196164684
cpx,cpx_only,T_C,pwlr,ERT,45,none,B,shallow_crustal,236,89.42925184826294,78.54482799293538,100.62466627154333,89.44029223775478,78.49235054784789,100.65173991482645,-0.011040389491839164,-0.8347820677257364,0.9491154925492754
cpx,cpx_only,T_C,pwlr,ERT,45,none,B,deep_crustal_MASH,193,91.20456500872352,75.32596783903834,112.39579832015858,89.20671408815619,72.45621987608794,110.80013411029255,1.9978509205673305,0.8154332508154294,3.573521698476508
cpx,cpx_only,T_C,pwlr,ERT,45,none,B,lithospheric_mantle,213,138.89317301517679,109.3244288613356,166.6006346554244,139.40983533297103,112.1399737288427,164.30540596800637,-0.5166623177942427,-5.946167889147974,4.067766958341431
cpx,cpx_only,T_C,pwlr,ERT,45,none,B,deeper_mantle,142,188.4981888553568,161.11596319071464,214.7385639633158,217.08214044824277,190.43637532985676,241.20034836491524,-28.583951592885967,-35.696683201586566,-21.319096107197286
cpx,cpx_only,T_C,pwlr,ERT,45,none,B,ALL,784,127.01132062066935,115.33668645537806,139.07812135806114,134.84277562799997,123.63876781643113,146.5849851795401,-7.831455007330618,-10.612526842304934,-5.071689251981204
cpx,cpx_only,T_C,pwlr,ERT,46,none,A,shallow_crustal,236,88.81078557110469,78.15131883169235,99.74294703784692,88.93607947676348,77.54310705516502,100.32102557723026,-0.1252939056587934,-2.892139221653637,2.6330161036558715
cpx,cpx_only,T_C,pwlr,ERT,46,none,A,deep_crustal_MASH,193,91.46392996710067,75.46758253959487,112.89284797584617,92.42259084837178,75.81504606810542,114.0870597696515,-0.9586608812711148,-2.723766835176595,1.0476395974954882
cpx,cpx_only,T_C,pwlr,ERT,46,none,A,lithospheric_mantle,213,139.50726861651154,109.82048534855151,167.16089876937664,178.8492554892605,159.80637369616764,197.28497879304993,-39.341986872748976,-56.795472470218016,-24.40865966891194
cpx,cpx_only,T_C,pwlr,ERT,46,none,A,deeper_mantle,142,188.35600002594836,161.24104165744345,213.97741879483854,193.3441738105254,168.09528061444152,217.4412569616693,-4.988173784577043,-25.0852600144321,13.73715471291237
cpx,cpx_only,T_C,pwlr,ERT,46,none,A,ALL,784,127.07123402179165,115.40325611265878,139.27746060932358,141.22617167406028,130.95394699133374,152.20886152145167,-14.154937652268629,-21.21018610429716,-7.330672507906534
cpx,cpx_only,T_C,pwlr,ERT,46,none,B,shallow_crustal,236,88.81078557110469,78.15131883169235,99.74294703784692,89.25239812685962,78.37273918409868,100.32782854193447,-0.4416125557549293,-1.1518668275596098,0.3966801622249452
cpx,cpx_only,T_C,pwlr,ERT,46,none,B,deep_crustal_MASH,193,91.46392996710067,75.46758253959487,112.89284797584617,89.22653360733017,72.313903054334,111.10456467498784,2.2373963597705,1.0868460689127875,3.8686201398126543
cpx,cpx_only,T_C,pwlr,ERT,46,none,B,lithospheric_mantle,213,139.50726861651154,109.82048534855151,167.16089876937664,141.6395699305078,114.16621101155356,166.38257645305418,-2.1323013139962654,-8.153439870396728,2.930107251308905
cpx,cpx_only,T_C,pwlr,ERT,46,none,B,deeper_mantle,142,188.35600002594836,161.24104165744345,213.97741879483854,222.65569895004435,197.31646881720621,246.68917132587546,-34.29969892409599,-42.28120713535344,-26.48539819042398
cpx,cpx_only,T_C,pwlr,ERT,46,none,B,ALL,784,127.07123402179165,115.40325611265878,139.27746060932358,137.0675253889477,125.72524512100705,148.96286368696857,-9.996291367156047,-13.145240792366454,-6.913722544583579
cpx,cpx_only,T_C,pwlr,ERT,47,none,A,shallow_crustal,236,88.5401651048806,77.8598722899111,99.61061501487696,89.16779425326075,77.83298886277099,100.38949080020107,-0.6276291483801515,-3.4528943958199494,2.207111169401049
cpx,cpx_only,T_C,pwlr,ERT,47,none,A,deep_crustal_MASH,193,91.45692746335811,75.59996326486227,112.3692885421851,92.3851758326651,75.99968437106722,113.66771892216202,-0.928248369306985,-2.6245128664451305,1.033758475443094
cpx,cpx_only,T_C,pwlr,ERT,47,none,A,lithospheric_mantle,213,138.798920369117,109.50964695587231,165.99405479443965,165.98488389848822,146.68707518390283,184.9145299684221,-27.185963529371207,-42.5665305521591,-14.79201603493753
cpx,cpx_only,T_C,pwlr,ERT,47,none,A,deeper_mantle,142,186.3236867954847,158.8618248786852,212.27578890675997,193.79368016047414,169.149312450091,217.51671097049814,-7.469993364989449,-27.69589180580034,11.457576489722939
cpx,cpx_only,T_C,pwlr,ERT,47,none,A,ALL,784,126.25711072451298,114.87623420586883,137.9855204292848,137.04693487178167,126.73638632895472,148.00820979989598,-10.789824147268689,-17.540211902624822,-4.340143048356357
cpx,cpx_only,T_C,pwlr,ERT,47,none,B,shallow_crustal,236,88.5401651048806,77.8598722899111,99.61061501487696,88.38676196092246,77.60044454234551,99.45239284834724,0.15340314395814403,-0.5275187356699241,0.9483877791047701
cpx,cpx_only,T_C,pwlr,ERT,47,none,B,deep_crustal_MASH,193,91.45692746335811,75.59996326486227,112.3692885421851,89.35433223398512,72.71398811152986,110.96003940600335,2.1025952293729944,1.0190475054022456,3.564507117557269
cpx,cpx_only,T_C,pwlr,ERT,47,none,B,lithospheric_mantle,213,138.798920369117,109.50964695587231,165.99405479443965,138.48049781441767,110.92446622296619,163.6437027224126,0.3184225546993389,-4.253276036284966,4.189306464648976
cpx,cpx_only,T_C,pwlr,ERT,47,none,B,deeper_mantle,142,186.3236867954847,158.8618248786852,212.27578890675997,211.3268060419093,184.8839168127748,235.80783987211518,-25.003119246424603,-31.27412778199167,-18.53355841869549
cpx,cpx_only,T_C,pwlr,ERT,47,none,B,ALL,784,126.25711072451298,114.87623420586883,137.9855204292848,132.7249879465581,121.4338031422003,144.53205924805567,-6.467877222045104,-8.865962752038794,-4.055168619330038
cpx,cpx_only,T_C,pwlr,ERT,48,none,A,shallow_crustal,236,89.56818861454987,78.62428682938774,100.69865636155828,89.67854326747386,78.19312383854506,100.96396567124538,-0.11035465292398783,-2.9198933118956663,2.6819842691523634
cpx,cpx_only,T_C,pwlr,ERT,48,none,A,deep_crustal_MASH,193,90.3614660404003,74.84500075015258,110.48327756706114,91.56392692516299,75.5007809417313,112.43446118262139,-1.2024608847626865,-3.0340187279299426,0.9491037758921403
cpx,cpx_only,T_C,pwlr,ERT,48,none,A,lithospheric_mantle,213,138.71501068261992,109.26038653808881,166.14892974296902,173.84269006316217,154.65067158872688,192.5212688488035,-35.12767938054225,-51.66022181822179,-21.29716731394843
cpx,cpx_only,T_C,pwlr,ERT,48,none,A,deeper_mantle,142,188.71671443542058,161.42494198082653,214.60083348527283,194.39613378355332,169.57633221582807,218.4005289015799,-5.67941934813274,-25.953040226358617,13.341047367103133
cpx,cpx_only,T_C,pwlr,ERT,48,none,A,ALL,784,126.89826948653925,115.45921054024853,138.84026844892034,139.78556955705116,129.49676195614762,150.77853843820077,-12.887300070511913,-19.785788609010417,-6.3079453409722275
cpx,cpx_only,T_C,pwlr,ERT,48,none,B,shallow_crustal,236,89.56818861454987,78.62428682938774,100.69865636155828,90.30657187764416,79.23302870448313,101.51438961900111,-0.7383832630942919,-1.4466955907480799,0.07730445809931984
cpx,cpx_only,T_C,pwlr,ERT,48,none,B,deep_crustal_MASH,193,90.3614660404003,74.84500075015258,110.48327756706114,88.21387457038871,71.70729487642915,109.05669911857811,2.147591470011591,0.9728903941317639,3.766212719341481
cpx,cpx_only,T_C,pwlr,ERT,48,none,B,lithospheric_mantle,213,138.71501068261992,109.26038653808881,166.14892974296902,140.75682851397963,113.0487280214041,165.6151499022553,-2.041817831359708,-7.696051811090248,2.678466176194809
cpx,cpx_only,T_C,pwlr,ERT,48,none,B,deeper_mantle,142,188.71671443542058,161.42494198082653,214.60083348527283,221.4432326964588,196.10061956340314,245.25176489245234,-32.72651826103822,-40.69978790153236,-25.000748947984835
cpx,cpx_only,T_C,pwlr,ERT,48,none,B,ALL,784,126.89826948653925,115.45921054024853,138.84026844892034,136.51006954396445,125.28445347108169,148.11763326551346,-9.6118000574252,-12.609646373885006,-6.643484461361749
cpx,cpx_only,T_C,pwlr,ERT,49,none,A,shallow_crustal,236,89.17462569458188,78.33538201135495,100.18200509116735,90.04577735091964,78.63718968871046,101.4259118882342,-0.8711516563377586,-3.820025301869035,2.13320466334015
cpx,cpx_only,T_C,pwlr,ERT,49,none,A,deep_crustal_MASH,193,91.05818060239031,75.65827220216235,111.21781282379618,92.21750511418936,76.11211644843034,112.95120409407932,-1.1593245117990563,-3.0399684375245615,0.9935777848897924
cpx,cpx_only,T_C,pwlr,ERT,49,none,A,lithospheric_mantle,213,138.56542834900335,108.96295455446075,165.93852864654727,160.14992115891073,140.1476487368224,179.55861069396929,-21.584492809907374,-36.30512513502022,-9.730138938266267
cpx,cpx_only,T_C,pwlr,ERT,49,none,A,deeper_mantle,142,189.01273795631275,161.33580936517743,215.8184371458529,195.57822358110835,170.4362528038296,220.06509772841332,-6.565485624795599,-26.600096834122095,12.079633967066146
cpx,cpx_only,T_C,pwlr,ERT,49,none,A,ALL,784,126.97281176597751,115.44991641549221,139.0224602799241,135.75879533645087,125.29038953265788,146.95823012219867,-8.785983570473363,-15.409551342627076,-2.528380218617884
cpx,cpx_only,T_C,pwlr,ERT,49,none,B,shallow_crustal,236,89.17462569458188,78.33538201135495,100.18200509116735,89.24880877021022,78.38386598269305,100.33741791733605,-0.07418307562834059,-0.8245066656169474,0.8203896493541147
cpx,cpx_only,T_C,pwlr,ERT,49,none,B,deep_crustal_MASH,193,91.05818060239031,75.65827220216235,111.21781282379618,89.05149011583225,72.85184534433843,109.82217177816763,2.006690486558057,0.8985434585396372,3.454887246387749
cpx,cpx_only,T_C,pwlr,ERT,49,none,B,lithospheric_mantle,213,138.56542834900335,108.96295455446075,165.93852864654727,137.73977095487334,109.62619581288979,162.9768267117655,0.8256573941300189,-3.3161653009573464,4.355214303952317
cpx,cpx_only,T_C,pwlr,ERT,49,none,B,deeper_mantle,142,189.01273795631275,161.33580936517743,215.8184371458529,210.071167164596,183.15130316955174,235.35640495119543,-21.058429208283258,-26.90359652676211,-15.14798428978047
cpx,cpx_only,T_C,pwlr,ERT,49,none,B,ALL,784,126.97281176597751,115.44991641549221,139.0224602799241,132.27733591411697,120.98066413143007,144.04334645096716,-5.304524148139464,-7.449103941914024,-3.112690685474929
cpx,cpx_only,T_C,pwlr,ERT,50,none,A,shallow_crustal,236,89.76493703723104,79.20267582930798,100.76673759728497,88.49196998473076,77.23878880206345,99.69453744529766,1.2729670525002774,-1.213777227414773,3.832531083093868
cpx,cpx_only,T_C,pwlr,ERT,50,none,A,deep_crustal_MASH,193,90.62900676390224,75.18590959993243,110.65811458531101,92.26609512917929,76.03640769597499,113.20697908678582,-1.6370883652770516,-3.730782199730869,0.7460058649348019
cpx,cpx_only,T_C,pwlr,ERT,50,none,A,lithospheric_mantle,213,139.66467238059997,109.25089951296209,167.3915245790981,153.60105720134462,132.67643443420812,173.85411620635892,-13.93638482074465,-27.480696331371256,-3.2349638896325303
cpx,cpx_only,T_C,pwlr,ERT,50,none,A,deeper_mantle,142,187.97774603399444,160.43894018303664,214.46753101928005,194.2376702791217,169.78545006649657,217.67163323342234,-6.259924245127252,-26.269039800636012,12.699425832418788
cpx,cpx_only,T_C,pwlr,ERT,50,none,A,ALL,784,127.07131072232112,115.41808266289503,139.27765880003824,133.02732562683607,122.41889130738201,144.2465246275113,-5.956014904514959,-12.374088098092278,0.13024468564066483
cpx,cpx_only,T_C,pwlr,ERT,50,none,B,shallow_crustal,236,89.76493703723104,79.20267582930798,100.76673759728497,90.64569522140722,79.75148442358636,101.74791427327759,-0.8807581841761873,-1.5016063224166234,-0.20833993231365966
cpx,cpx_only,T_C,pwlr,ERT,50,none,B,deep_crustal_MASH,193,90.62900676390224,75.18590959993243,110.65811458531101,89.41731931116857,73.45892249602157,109.9391141579995,1.2116874527336705,0.3859863302213114,2.2893627862448365
cpx,cpx_only,T_C,pwlr,ERT,50,none,B,lithospheric_mantle,213,139.66467238059997,109.25089951296209,167.3915245790981,138.16441552406027,108.89949187309173,164.96496331032293,1.5002568565396928,-1.1341674890617224,3.7583292218221116
cpx,cpx_only,T_C,pwlr,ERT,50,none,B,deeper_mantle,142,187.97774603399444,160.43894018303664,214.46753101928005,200.35474674171198,173.53551825250167,225.94827792432073,-12.377000707717542,-16.02925894487838,-8.683973605090822
cpx,cpx_only,T_C,pwlr,ERT,50,none,B,ALL,784,127.07131072232112,115.41808266289503,139.27765880003824,129.99441524984258,118.47137986362657,142.29213145757163,-2.9231045275214598,-4.314010244620869,-1.5043536106830113
cpx,cpx_only,T_C,pwlr,ERT,51,none,A,shallow_crustal,236,89.73553031425944,78.84435141303584,100.96251399737397,88.4502860192725,76.99483412764644,99.75427424767601,1.2852442949869385,-1.3617042708903688,3.9477312931902775
cpx,cpx_only,T_C,pwlr,ERT,51,none,A,deep_crustal_MASH,193,91.2182495949714,74.84963762736322,113.16258600611968,92.54879446646333,75.6946047430826,114.36473372684962,-1.330544871491938,-3.22580452748027,0.757893444226915
cpx,cpx_only,T_C,pwlr,ERT,51,none,A,lithospheric_mantle,213,140.28601402893688,109.92300065464735,168.13633653326386,155.8865809555665,135.30725939996066,175.87240206414012,-15.600566926629625,-29.840639322743428,-4.324825355740625
cpx,cpx_only,T_C,pwlr,ERT,51,none,A,deeper_mantle,142,188.36336742354555,161.24412848998745,214.87670406192657,194.71809463630598,169.7514396740728,219.08257723927917,-6.354727212760423,-26.035121157255602,12.028141103656417
cpx,cpx_only,T_C,pwlr,ERT,51,none,A,ALL,784,127.45764215625435,115.63110843867001,139.6437465258017,133.91388765496413,123.31873699927958,145.35354903554395,-6.456245498709777,-12.919176678267217,-0.37598908576331214
cpx,cpx_only,T_C,pwlr,ERT,51,none,B,shallow_crustal,236,89.73553031425944,78.84435141303584,100.96251399737397,88.45572155931228,77.54171014661557,99.66121859662694,1.2798087549471546,0.691213410398705,1.993815372550596
cpx,cpx_only,T_C,pwlr,ERT,51,none,B,deep_crustal_MASH,193,91.2182495949714,74.84963762736322,113.16258600611968,89.02878264900377,72.06421920619684,111.34200221027716,2.1894669459676237,1.2866725581754004,3.4198830119250974
cpx,cpx_only,T_C,pwlr,ERT,51,none,B,lithospheric_mantle,213,140.28601402893688,109.92300065464735,168.13633653326386,137.9748272993558,108.65972416016555,164.6106139753782,2.311186729581067,-0.7722442869806159,5.03752471385581
cpx,cpx_only,T_C,pwlr,ERT,51,none,B,deeper_mantle,142,188.36336742354555,161.24412848998745,214.87670406192657,203.490682301605,177.02330123340244,228.38456812129473,-15.127314878059451,-19.585301822551354,-10.523407203224867
cpx,cpx_only,T_C,pwlr,ERT,51,none,B,ALL,784,127.45764215625435,115.63110843867001,139.6437465258017,130.3018332280842,118.76916837782778,142.55996444077624,-2.8441910718298544,-4.5348124924222155,-1.1347189507580773
cpx,cpx_only,T_C,pwlr,ERT,52,none,A,shallow_crustal,236,89.34781927970253,78.36853751784174,100.51245455901233,88.25591021927431,76.85264282966774,99.64585603798368,1.0919090604282218,-1.5228340027049145,3.752059803561054
cpx,cpx_only,T_C,pwlr,ERT,52,none,A,deep_crustal_MASH,193,90.896282759118,75.22671931349251,111.71814055413472,92.10650220110323,75.78112196570557,113.44031052815266,-1.210219441985231,-2.9024768430568506,0.7170349627941313
cpx,cpx_only,T_C,pwlr,ERT,52,none,A,lithospheric_mantle,213,139.9165938384768,109.81854684206847,167.65122748039863,167.759266688848,148.09739128456124,186.86934310242108,-27.842672850371173,-43.836711103604635,-14.737980288087442
cpx,cpx_only,T_C,pwlr,ERT,52,none,A,deeper_mantle,142,188.97778637848137,161.66266085940435,215.16782037710277,194.61488994747597,169.12858826921445,218.96735866060794,-5.637103568994604,-25.744267328521424,13.078621967401453
cpx,cpx_only,T_C,pwlr,ERT,52,none,A,ALL,784,127.37340913227504,115.72441527866712,139.50213079688854,137.61963462163433,127.16422628408752,148.74041249569186,-10.24622548935929,-17.09439257375055,-3.8265015431281593
cpx,cpx_only,T_C,pwlr,ERT,52,none,B,shallow_crustal,236,89.34781927970253,78.36853751784174,100.51245455901233,88.0261297529914,77.14922040448005,99.15724079946243,1.3216895267111397,0.6355169753945216,2.162117380554778
cpx,cpx_only,T_C,pwlr,ERT,52,none,B,deep_crustal_MASH,193,90.896282759118,75.22671931349251,111.71814055413472,88.3277003507112,71.74176291130213,109.93111437150708,2.5685824084067974,1.4723224360909513,4.05319132483654
cpx,cpx_only,T_C,pwlr,ERT,52,none,B,lithospheric_mantle,213,139.9165938384768,109.81854684206847,167.65122748039863,139.01354948827955,110.70342725963792,164.47616518116922,0.9030443501972627,-3.7217381263016054,4.870165356464492
cpx,cpx_only,T_C,pwlr,ERT,52,none,B,deeper_mantle,142,188.97778637848137,161.66266085940435,215.16782037710277,213.49816812316905,186.866431641937,238.09622720082464,-24.520381744687683,-30.857419576965775,-18.14325732472212
cpx,cpx_only,T_C,pwlr,ERT,52,none,B,ALL,784,127.37340913227504,115.72441527866712,139.50213079688854,133.26338296128813,121.83107131182358,145.16431665378005,-5.889973829013087,-8.372714259355075,-3.4355826726902925
cpx,cpx_only,T_C,pwlr,ERT,53,none,A,shallow_crustal,236,89.03697063043727,78.2546478275268,100.25770965019856,87.46989239011671,76.14979473636878,98.63519424486577,1.567078240320555,-0.920213654020321,4.070328081697819
cpx,cpx_only,T_C,pwlr,ERT,53,none,A,deep_crustal_MASH,193,90.55144129677775,74.7336531058531,111.71006453082491,92.10237828200917,75.50903684933132,113.48836497741301,-1.5509369852314165,-3.4711326951831856,0.5776956669879453
cpx,cpx_only,T_C,pwlr,ERT,53,none,A,lithospheric_mantle,213,138.99179248406114,109.59605918061521,166.29409797738387,170.36570212851558,151.30660830276764,189.12964651868364,-31.373909644454443,-47.55624205778461,-17.852160197264467
cpx,cpx_only,T_C,pwlr,ERT,53,none,A,deeper_mantle,142,188.72715113160018,161.24219770609662,214.91006233047824,193.88989695382898,169.18848772825032,217.76880336082476,-5.1627458222288,-24.815141788636954,12.774642608318596
cpx,cpx_only,T_C,pwlr,ERT,53,none,A,ALL,784,126.90416646959197,115.29207924444971,138.87946651958885,138.15143259144727,127.88919865872514,148.99215244323727,-11.247266121855304,-17.960941374233414,-4.846225195363425
cpx,cpx_only,T_C,pwlr,ERT,53,none,B,shallow_crustal,236,89.03697063043727,78.2546478275268,100.25770965019856,88.87552917716587,77.94847417381597,100.13746533801414,0.1614414532713937,-0.5405256745516134,1.0088284558262282
cpx,cpx_only,T_C,pwlr,ERT,53,none,B,deep_crustal_MASH,193,90.55144129677775,74.7336531058531,111.71006453082491,88.64853298620191,71.96396184478677,110.04952552756347,1.9029083105758389,0.8471907994578729,3.317996814943009
cpx,cpx_only,T_C,pwlr,ERT,53,none,B,lithospheric_mantle,213,138.99179248406114,109.59605918061521,166.29409797738387,138.46704160213378,110.85138616445926,163.50084853659544,0.5247508819273605,-4.17668240229177,4.608638786931159
cpx,cpx_only,T_C,pwlr,ERT,53,none,B,deeper_mantle,142,188.72715113160018,161.24219770609662,214.91006233047824,213.36949278395463,186.58875582114308,237.91117665415362,-24.642341652354446,-30.94014763797119,-18.257309165194034
cpx,cpx_only,T_C,pwlr,ERT,53,none,B,ALL,784,126.90416646959197,115.29207924444971,138.87946651958885,133.2936238097808,121.94518730244265,145.10419959995647,-6.389457340188827,-8.848445791371741,-3.88410204280757
cpx,cpx_only,T_C,pwlr,ERT,54,none,A,shallow_crustal,236,89.58117177926832,78.83209939805792,100.49244907483771,91.48640963314146,80.16446097682652,102.80609419491861,-1.905237853873146,-4.908754616701209,1.123736519095809
cpx,cpx_only,T_C,pwlr,ERT,54,none,A,deep_crustal_MASH,193,91.03902738932814,75.35575308764258,111.63344032307798,91.94596587471715,75.70834053943959,113.24291057124255,-0.9069384853890057,-2.601522715541111,1.065213949808424
cpx,cpx_only,T_C,pwlr,ERT,54,none,A,lithospheric_mantle,213,137.99591421967003,109.34727988785,165.04138149559338,167.1338103222917,148.04725074126486,185.88455463185053,-29.13789610262168,-44.730262043538126,-16.154925603135087
cpx,cpx_only,T_C,pwlr,ERT,54,none,A,deeper_mantle,142,188.69806456720346,161.29514477697327,215.29142488367626,193.70343925452312,168.56974867031806,217.92633616406508,-5.005374687319659,-24.70472886480726,13.087617324031847
cpx,cpx_only,T_C,pwlr,ERT,54,none,A,ALL,784,126.80218109110912,115.35532393929448,138.75806737395345,137.7884883267291,127.5448946155588,148.73063202649257,-10.986307235619975,-17.593688198982733,-4.7656667491979166
cpx,cpx_only,T_C,pwlr,ERT,54,none,B,shallow_crustal,236,89.58117177926832,78.83209939805792,100.49244907483771,88.2833871057632,77.50764049460808,99.22324833636567,1.2977846735051202,0.591467949250584,2.129053319829291
cpx,cpx_only,T_C,pwlr,ERT,54,none,B,deep_crustal_MASH,193,91.03902738932814,75.35575308764258,111.63344032307798,88.3554344032862,71.69758644184927,109.69906684505598,2.683592986041944,1.5462298449733667,4.226537582298096
cpx,cpx_only,T_C,pwlr,ERT,54,none,B,lithospheric_mantle,213,137.99591421967003,109.34727988785,165.04138149559338,138.0468010237389,110.74338717551306,162.78577314089978,-0.05088680406888102,-4.888088131341001,4.117213868685425
cpx,cpx_only,T_C,pwlr,ERT,54,none,B,deeper_mantle,142,188.69806456720346,161.29514477697327,215.29142488367626,215.4967886053525,189.23364322705135,240.04880634348544,-26.798724038149032,-33.57049616317631,-19.95438633277034
cpx,cpx_only,T_C,pwlr,ERT,54,none,B,ALL,784,126.80218109110912,115.35532393929448,138.75806737395345,133.62826455312953,122.46887949159293,145.32711257627824,-6.8260834620204065,-9.426427850932566,-4.254492394680428
cpx,cpx_only,T_C,pwlr,ERT,55,none,A,shallow_crustal,236,89.50818208945702,78.58227419969879,100.57570889231862,90.1781137566377,78.7191223545283,101.65097889401737,-0.669931667180677,-3.4687940430856705,2.1528601513340133
cpx,cpx_only,T_C,pwlr,ERT,55,none,A,deep_crustal_MASH,193,90.94801362965295,74.81774534096544,112.01536485167955,92.31168803807485,75.62011111498427,113.74349089468252,-1.3636744084219004,-3.276670234687916,0.7831796337645873
cpx,cpx_only,T_C,pwlr,ERT,55,none,A,lithospheric_mantle,213,139.43865378018987,109.64845057661523,167.0732423270233,166.99301540381208,147.4493361617226,185.99081340624303,-27.554361623622214,-43.508435881794114,-14.549129228041654
cpx,cpx_only,T_C,pwlr,ERT,55,none,A,deeper_mantle,142,188.30715065321536,160.77047748992845,215.05870705939654,195.27943314813444,169.40448943099932,219.91570324478366,-6.972282494919085,-27.556539026572924,12.558735115102822
cpx,cpx_only,T_C,pwlr,ERT,55,none,A,ALL,784,127.0937973280556,115.36978440297908,139.15985473118306,137.94551840928344,127.34312106293592,149.26667738859095,-10.851721081227836,-17.76607455643161,-4.332700603131802
cpx,cpx_only,T_C,pwlr,ERT,55,none,B,shallow_crustal,236,89.50818208945702,78.58227419969879,100.57570889231862,90.15419246609562,79.06118373439801,101.56554740215319,-0.6460103766385998,-1.5063845834622185,0.29506647008803966
cpx,cpx_only,T_C,pwlr,ERT,55,none,B,deep_crustal_MASH,193,90.94801362965295,74.81774534096544,112.01536485167955,89.2072604461172,72.32220962969964,110.76332561638368,1.7407531835357446,0.6192463597488483,3.2365185611649436
cpx,cpx_only,T_C,pwlr,ERT,55,none,B,lithospheric_mantle,213,139.43865378018987,109.64845057661523,167.0732423270233,139.4334366440061,111.43911693698057,164.86460709111103,0.0052171361837736185,-4.802539342870552,4.159633909438712
cpx,cpx_only,T_C,pwlr,ERT,55,none,B,deeper_mantle,142,188.30715065321536,160.77047748992845,215.05870705939654,213.47323491033248,187.3447533680834,238.43533635012975,-25.16608425711712,-31.671694106673932,-18.550099484612474
cpx,cpx_only,T_C,pwlr,ERT,55,none,B,ALL,784,127.0937973280556,115.36978440297908,139.15985473118306,133.94605830331696,122.62980168396632,145.68317145675204,-6.852260975261359,-9.354118973693993,-4.336668309070171
cpx,cpx_only,T_C,pwlr,ERT,56,none,A,shallow_crustal,236,89.71199448863034,79.06671573748892,100.55092144848209,88.31632679257689,77.11750988037933,99.44060500759836,1.3956676960534509,-1.0269128597402133,3.876049921002084
cpx,cpx_only,T_C,pwlr,ERT,56,none,A,deep_crustal_MASH,193,91.07719230106234,75.19316103807337,112.06504450716652,92.06851625532431,75.64039841884836,113.34702332992762,-0.9913239542619721,-2.547808209109313,0.7841071351280298
cpx,cpx_only,T_C,pwlr,ERT,56,none,A,lithospheric_mantle,213,138.9319092243189,109.60680833239277,166.32969177133288,168.2728578585076,149.0536600044853,187.10293894429856,-29.340948634188692,-45.1533187401484,-16.54542432569406
cpx,cpx_only,T_C,pwlr,ERT,56,none,A,deeper_mantle,142,188.75579419988168,161.28088556505963,214.9730983069049,193.65886674594833,168.7994311382957,217.94969119728535,-4.903072546066653,-23.969305930602662,13.083933642811878
cpx,cpx_only,T_C,pwlr,ERT,56,none,A,ALL,784,127.12959023078155,115.62623710963231,139.19147637045015,137.55111209641464,127.29912500721036,148.46901983723902,-10.421521865633096,-17.038542612866266,-4.159078666680602
cpx,cpx_only,T_C,pwlr,ERT,56,none,B,shallow_crustal,236,89.71199448863034,79.06671573748892,100.55092144848209,88.3358792855907,77.72976813749433,99.25323592234946,1.3761152030396318,0.6769819096862104,2.222798980414856
cpx,cpx_only,T_C,pwlr,ERT,56,none,B,deep_crustal_MASH,193,91.07719230106234,75.19316103807337,112.06504450716652,88.68353334120249,72.05040407727195,110.35394509408381,2.393658959859849,1.3417909644746946,3.8054767613058105
cpx,cpx_only,T_C,pwlr,ERT,56,none,B,lithospheric_mantle,213,138.9319092243189,109.60680833239277,166.32969177133288,137.97675320097824,110.07856027816436,163.33941273443472,0.9551560233406633,-3.277502107823758,4.561159762102652
cpx,cpx_only,T_C,pwlr,ERT,56,none,B,deeper_mantle,142,188.75579419988168,161.28088556505963,214.9730983069049,210.93096704486734,184.43181937457072,235.61097849603166,-22.175172844985667,-28.068999653867838,-16.15913364684448
cpx,cpx_only,T_C,pwlr,ERT,56,none,B,ALL,784,127.12959023078155,115.62623710963231,139.19147637045015,132.34691564877883,121.043176019213,144.05724973499687,-5.217325417997287,-7.462088737138469,-2.915074226548326
cpx,cpx_only,T_C,pwlr,ERT,57,none,A,shallow_crustal,236,90.00004315651178,79.2161408046979,100.9007451585978,91.74154798354442,80.3278572037595,103.01637937097234,-1.7415048270326423,-4.731111710696414,1.2378715754893084
cpx,cpx_only,T_C,pwlr,ERT,57,none,A,deep_crustal_MASH,193,90.52959077531264,74.70400602171011,111.53696441941548,91.96027764505818,75.44252159843933,113.19380642972047,-1.4306868697455428,-3.2810919746071976,0.6906331401348065
cpx,cpx_only,T_C,pwlr,ERT,57,none,A,lithospheric_mantle,213,140.34518761659982,109.86570776745974,168.34033871870759,169.78879767083694,150.20894037704852,188.8489657382052,-29.443610054237126,-45.80992023091021,-15.901571471377029
cpx,cpx_only,T_C,pwlr,ERT,57,none,A,deeper_mantle,142,188.75033466085358,161.69890447115924,214.89174316336403,196.54919839038814,171.70942399938122,220.62663032744746,-7.79886372953456,-28.274045918496657,11.511957762750717
cpx,cpx_only,T_C,pwlr,ERT,57,none,A,ALL,784,127.51428556778372,115.75328256786351,139.77508228929852,139.4437659390638,128.92012416940256,150.62172843439913,-11.929480371280093,-18.974636353115493,-5.305248150883833
cpx,cpx_only,T_C,pwlr,ERT,57,none,B,shallow_crustal,236,90.00004315651178,79.2161408046979,100.9007451585978,91.48136400033246,80.5102897630484,102.5920461323936,-1.4813208438206829,-2.307122850563217,-0.5584254870546124
cpx,cpx_only,T_C,pwlr,ERT,57,none,B,deep_crustal_MASH,193,90.52959077531264,74.70400602171011,111.53696441941548,88.99661873525986,72.36197672941722,110.33462192157444,1.5329720400527833,0.3765559909744905,3.0544705230676334
cpx,cpx_only,T_C,pwlr,ERT,57,none,B,lithospheric_mantle,213,140.34518761659982,109.86570776745974,168.34033871870759,141.57008681908255,113.28141990811028,167.0339988418219,-1.2248992024827317,-6.641301221698265,3.314187931295714
cpx,cpx_only,T_C,pwlr,ERT,57,none,B,deeper_mantle,142,188.75033466085358,161.69890447115924,214.89174316336403,217.87049442381687,192.33043297773136,242.04913999440973,-29.120159762963283,-36.2273390608476,-21.934244377897617
cpx,cpx_only,T_C,pwlr,ERT,57,none,B,ALL,784,127.51428556778372,115.75328256786351,139.77508228929852,136.05708850502958,124.79447798636828,147.86349314107412,-8.542802937245867,-11.326037765098077,-5.773622092185545
cpx,cpx_only,T_C,pwlr,ERT,58,none,A,shallow_crustal,236,89.89915335871069,79.03474566678629,100.8960229751963,90.12873824820382,78.76299171610424,101.49333817592385,-0.2295848894931254,-2.897320580305786,2.491222889291324
cpx,cpx_only,T_C,pwlr,ERT,58,none,A,deep_crustal_MASH,193,91.0937150022236,75.36998125573284,111.88625885152186,92.01804993804053,75.74374540115953,113.15727561085899,-0.9243349358169297,-2.5756152777433896,1.029359020261996
cpx,cpx_only,T_C,pwlr,ERT,58,none,A,lithospheric_mantle,213,139.08577307519448,109.89791738462115,166.4586892119557,150.1196191611962,129.28373406741014,170.42573414497548,-11.033846086001716,-23.69502715301156,-0.9143879431126534
cpx,cpx_only,T_C,pwlr,ERT,58,none,A,deeper_mantle,142,186.96577018774875,159.43491059221674,212.82828423634967,192.79250407725286,168.71461979347697,216.51930269820323,-5.826733889504112,-25.982073040284437,12.950350710050424
cpx,cpx_only,T_C,pwlr,ERT,58,none,A,ALL,784,126.73831501520829,115.29760217821766,138.64808123160725,131.8500777969573,121.50736913848083,142.97280907257758,-5.1117627817490074,-11.466266223428788,0.84701530255182
cpx,cpx_only,T_C,pwlr,ERT,58,none,B,shallow_crustal,236,89.89915335871069,79.03474566678629,100.8960229751963,88.95048585640349,78.23137012407291,99.9674558932554,0.9486675023072024,0.4965757454138792,1.4990644468348782
cpx,cpx_only,T_C,pwlr,ERT,58,none,B,deep_crustal_MASH,193,91.0937150022236,75.36998125573284,111.88625885152186,89.0767830708968,72.70780614553752,110.3669758463914,2.016931931326809,1.1926255917383877,3.1503069200233207
cpx,cpx_only,T_C,pwlr,ERT,58,none,B,lithospheric_mantle,213,139.08577307519448,109.89791738462115,166.4586892119557,136.7748059236797,108.36277998950825,163.41456907834993,2.310967151514774,-0.345330855093081,4.626273402090238
cpx,cpx_only,T_C,pwlr,ERT,58,none,B,deeper_mantle,142,186.96577018774875,159.43491059221674,212.82828423634967,200.62721761710154,174.13263539842063,225.89569978000472,-13.66144742935279,-17.529068509961345,-9.70566762076484
cpx,cpx_only,T_C,pwlr,ERT,58,none,B,ALL,784,126.73831501520829,115.29760217821766,138.64808123160725,129.25914970131356,117.87832369360943,141.4020522394053,-2.5208346861052746,-3.9841340650300676,-1.030812313694032
cpx,cpx_only,T_C,pwlr,ERT,59,none,A,shallow_crustal,236,89.31381779578724,78.54862484943706,100.24304805112578,91.46225419534328,80.01789193664318,102.77398827039967,-2.148436399556033,-5.231216865312005,0.8299401750674883
cpx,cpx_only,T_C,pwlr,ERT,59,none,A,deep_crustal_MASH,193,91.31069020158617,75.18890625279599,112.61106713063633,92.62337283192888,76.0331446210824,114.20919523780137,-1.3126826303427066,-3.1453545087017902,0.7207452165264415
cpx,cpx_only,T_C,pwlr,ERT,59,none,A,lithospheric_mantle,213,139.6190964293853,110.1319908815647,167.39403788282306,168.93010061141183,149.6446749545789,187.79958500228238,-29.311004182026522,-45.40138318498339,-15.854262074464144
cpx,cpx_only,T_C,pwlr,ERT,59,none,A,deeper_mantle,142,188.18740310417843,160.68949262423462,214.27893008199104,193.74954278131514,168.6302871952019,217.5832542493525,-5.562139677136713,-25.96817064188115,13.353957378265852
cpx,cpx_only,T_C,pwlr,ERT,59,none,A,ALL,784,127.13834092042903,115.46090134594058,139.2801765932007,138.50039050684057,128.14069507766817,149.48987908983483,-11.362049586411544,-18.18485984462432,-4.810435045520581
cpx,cpx_only,T_C,pwlr,ERT,59,none,B,shallow_crustal,236,89.31381779578724,78.54862484943706,100.24304805112578,89.63095356427512,78.81290105752608,100.69138403418744,-0.31713576848787284,-1.0409965410615019,0.5228129077654986
cpx,cpx_only,T_C,pwlr,ERT,59,none,B,deep_crustal_MASH,193,91.31069020158617,75.18890625279599,112.61106713063633,89.2596897522054,72.36636459168076,110.87952586018487,2.0510004493807656,0.9479773641690799,3.5949007979137138
cpx,cpx_only,T_C,pwlr,ERT,59,none,B,lithospheric_mantle,213,139.6190964293853,110.1319908815647,167.39403788282306,140.23402430935843,112.39546839990778,165.28040262838618,-0.6149278799731235,-5.986272921608752,3.8693060706551337
cpx,cpx_only,T_C,pwlr,ERT,59,none,B,deeper_mantle,142,188.18740310417843,160.68949262423462,214.27893008199104,217.44527911904575,191.1218593777746,241.80499279471124,-29.25787601486732,-36.18381708036367,-22.31414018437897
cpx,cpx_only,T_C,pwlr,ERT,59,none,B,ALL,784,127.13834092042903,115.46090134594058,139.2801765932007,135.22712912821075,123.8146831807275,147.1927059405813,-8.088788207781718,-10.849122833356345,-5.374213403434819
cpx,cpx_only,T_C,pwlr,ERT,60,none,A,shallow_crustal,236,89.54533000224477,78.84702386667453,100.54052842722795,90.13370715152087,78.70082799220509,101.44083612001151,-0.5883771492760985,-3.496894886143973,2.339245831824319
cpx,cpx_only,T_C,pwlr,ERT,60,none,A,deep_crustal_MASH,193,91.01462970418496,75.72984419834255,111.02026368087068,92.09165967123383,76.11694995556903,112.74515940881668,-1.0770299670488725,-2.8595443648215633,0.9480275899199615
cpx,cpx_only,T_C,pwlr,ERT,60,none,A,lithospheric_mantle,213,139.47821094715408,109.64464301476245,166.8663497078922,160.2936592100063,140.25517092965333,179.83129290116094,-20.815448262852215,-35.701321156943116,-9.138207611476417
cpx,cpx_only,T_C,pwlr,ERT,60,none,A,deeper_mantle,142,188.7798083865227,161.02907196413918,215.23741652943752,196.0571700707847,171.3706764770292,219.94611354286616,-7.277361684262019,-27.548191755576973,11.754183675649951
cpx,cpx_only,T_C,pwlr,ERT,60,none,A,ALL,784,127.2521084718649,115.69023254664322,139.3365248050977,135.9264398974477,125.59338050556414,147.05749172752405,-8.674331425582793,-15.417778229928516,-2.3702492496871743
cpx,cpx_only,T_C,pwlr,ERT,60,none,B,shallow_crustal,236,89.54533000224477,78.84702386667453,100.54052842722795,89.49464473802587,78.49588280096246,100.68797958872908,0.05068526421889885,-0.6114541493998538,0.8271353112162212
cpx,cpx_only,T_C,pwlr,ERT,60,none,B,deep_crustal_MASH,193,91.01462970418496,75.72984419834255,111.02026368087068,89.04604040196237,72.89253556547152,109.67034251481883,1.9685893022225827,0.9313150770661807,3.319950781155022
cpx,cpx_only,T_C,pwlr,ERT,60,none,B,lithospheric_mantle,213,139.47821094715408,109.64464301476245,166.8663497078922,138.60747079599358,110.13024286451422,164.29677716311465,0.8707401511605042,-2.9560592015149116,4.117417683579931
cpx,cpx_only,T_C,pwlr,ERT,60,none,B,deeper_mantle,142,188.7798083865227,161.02907196413918,215.23741652943752,208.8801536353612,182.47717962260924,233.61513075349836,-20.100345248838522,-25.504315783501593,-14.639991171124077
cpx,cpx_only,T_C,pwlr,ERT,60,none,B,ALL,784,127.2521084718649,115.69023254664322,139.3365248050977,132.2310559590832,120.84585589981296,144.1948723527807,-4.978947487218292,-6.971364950629805,-2.9553089484268695
cpx,cpx_only,T_C,pwlr,ERT,61,none,A,shallow_crustal,236,88.67771889846767,77.82497120902438,99.5892005563155,89.71689793433927,78.3380095447582,101.06103921912619,-1.039179035871598,-3.867321665832727,1.7897826204755825
cpx,cpx_only,T_C,pwlr,ERT,61,none,A,deep_crustal_MASH,193,90.78078205476113,75.28780686687843,111.08158375156626,92.21581426880554,75.9462679656334,113.15187368146572,-1.435032214044412,-3.391528002667406,0.7849612560518476
cpx,cpx_only,T_C,pwlr,ERT,61,none,A,lithospheric_mantle,213,139.77230176239,109.77336234190167,167.6650718394149,165.3217956448653,145.5514853931267,184.58690682804038,-25.549493882475304,-41.274557284435204,-12.736312848615052
cpx,cpx_only,T_C,pwlr,ERT,61,none,A,deeper_mantle,142,188.52818707234096,161.42679247601515,214.69043269905893,195.92966782274067,170.75376359943994,220.30715192123878,-7.401480750399713,-27.852833071420815,11.787936374758686
cpx,cpx_only,T_C,pwlr,ERT,61,none,A,ALL,784,127.04803774203658,115.35082741354407,139.3088085933182,137.45844237007438,126.95069632560256,148.6155035835454,-10.410404628037796,-17.24802262240688,-3.939239489970521
cpx,cpx_only,T_C,pwlr,ERT,61,none,B,shallow_crustal,236,88.67771889846767,77.82497120902438,99.5892005563155,89.25150272888744,78.39999808987258,100.34378323471452,-0.5737838304197709,-1.2422100488426797,0.20899249521681731
cpx,cpx_only,T_C,pwlr,ERT,61,none,B,deep_crustal_MASH,193,90.78078205476113,75.28780686687843,111.08158375156626,88.92235277631191,72.61103752375763,109.77544442647493,1.858429278449222,0.8335627316088583,3.261740661055284
cpx,cpx_only,T_C,pwlr,ERT,61,none,B,lithospheric_mantle,213,139.77230176239,109.77336234190167,167.6650718394149,139.81832438849878,111.52341933377035,165.4396723619607,-0.04602262610879393,-4.846653391555438,3.9828855136636045
cpx,cpx_only,T_C,pwlr,ERT,61,none,B,deeper_mantle,142,188.52818707234096,161.42679247601515,214.69043269905893,213.6077990286518,187.42823614666082,237.93056433160348,-25.079611956310856,-31.381616548155684,-18.599357810115965
cpx,cpx_only,T_C,pwlr,ERT,61,none,B,ALL,784,127.04803774203658,115.35082741354407,139.3088085933182,133.86528056254124,122.49248867967272,145.72080518950037,-6.81724282050466,-9.277134749424448,-4.3671763087809445
cpx,cpx_only,P_kbar,alr,MLP,42,A,A,shallow_crustal,236,8.533049375936233,7.371754550430763,9.700536174641611,1.1606723480090464,0.998044389106775,1.324525762774606,7.372377027927187,6.184359340521324,8.554342472589383
cpx,cpx_only,P_kbar,alr,MLP,42,A,A,deep_crustal_MASH,193,4.3896346988053665,3.9033254530529886,4.928226543340918,1.7007287940366522,1.5302992003828713,1.8723776487765407,2.6889059047687143,2.156404313166259,3.2658863322646345
cpx,cpx_only,P_kbar,alr,MLP,42,A,A,lithospheric_mantle,213,10.453799299443775,8.068027253908786,12.723116194545016,3.8838690157161144,3.6703740345280194,4.095503534847727,6.56993028372766,4.1768480083904445,8.838154977260157
cpx,cpx_only,P_kbar,alr,MLP,42,A,A,deeper_mantle,142,26.267609470264613,21.184812988001323,31.122019033090094,25.414400965843555,22.461316876510164,28.656639051559623,0.8532085044210582,-2.139279383149915,3.4634436982642796
cpx,cpx_only,P_kbar,alr,MLP,42,A,A,ALL,784,13.46565902091653,11.499157562745408,15.444133183792925,11.054468336058907,9.478351482796176,12.597454286844458,2.4111906848576226,1.372850784806111,3.501431914651981
cpx,cpx_only,P_kbar,alr,MLP,42,A,B,shallow_crustal,236,8.533049375936233,7.371754550430763,9.700536174641611,8.637288716479874,7.5117126864973,9.775892487406717,-0.10423934054364103,-0.15731788518012849,-0.058740343656904295
cpx,cpx_only,P_kbar,alr,MLP,42,A,B,deep_crustal_MASH,193,4.3896346988053665,3.9033254530529886,4.928226543340918,4.382857291741153,3.8953421631779532,4.9183541840923,0.006777407064213925,0.0,0.02015125112505373
cpx,cpx_only,P_kbar,alr,MLP,42,A,B,lithospheric_mantle,213,10.453799299443775,8.068027253908786,12.723116194545016,9.632212135586952,7.681241295342217,11.480638757377516,0.8215871638568224,0.321568518980384,1.2886169695680114
cpx,cpx_only,P_kbar,alr,MLP,42,A,B,deeper_mantle,142,26.267609470264613,21.184812988001323,31.122019033090094,26.5207052218823,21.248415776290308,31.571525451325705,-0.2530957516176855,-0.7946719757405745,0.35950199960616874
cpx,cpx_only,P_kbar,alr,MLP,42,A,B,ALL,784,13.46565902091653,11.499157562745408,15.444133183792925,13.408376540807954,11.394862094369142,15.427535695558525,0.05728248010857584,-0.1823267021103073,0.32174362489933267
cpx,cpx_only,P_kbar,alr,MLP,43,A,A,shallow_crustal,236,8.342281458597073,7.283995922745513,9.396305011645104,1.1674709847914617,1.0064250117713225,1.3287551895074377,7.1748104738056115,6.068774625766901,8.265742455475095
cpx,cpx_only,P_kbar,alr,MLP,43,A,A,deep_crustal_MASH,193,4.410947611615464,3.963412550068497,4.899146943457521,1.7745645023819594,1.6099366365905516,1.9450954036417496,2.636383109233505,2.1419832443581655,3.167042672215711
cpx,cpx_only,P_kbar,alr,MLP,43,A,A,lithospheric_mantle,213,11.23525444388946,8.476005409453588,13.792888386286512,3.9324293537675885,3.7198449756819296,4.145778206892218,7.302825090121871,4.568739507931035,9.892957510282827
cpx,cpx_only,P_kbar,alr,MLP,43,A,A,deeper_mantle,142,27.105159245445535,22.503609186344615,31.644892964678345,25.812259787248227,22.99417632546254,29.02473889385871,1.292899458197308,-1.4563543654721485,3.758586659875478
cpx,cpx_only,P_kbar,alr,MLP,43,A,A,ALL,784,13.896130831281733,12.062149276469102,15.766463532180756,11.227812642205373,9.72023524946301,12.712725627135764,2.668318189076359,1.6383227901805257,3.7957726785138894
cpx,cpx_only,P_kbar,alr,MLP,43,A,B,shallow_crustal,236,8.342281458597073,7.283995922745513,9.396305011645104,8.57032100490914,7.5569567098563,9.590731178650113,-0.22803954631206658,-0.30984737837488135,-0.15456186634478666
cpx,cpx_only,P_kbar,alr,MLP,43,A,B,deep_crustal_MASH,193,4.410947611615464,3.963412550068497,4.899146943457521,4.372432197654862,3.91533110152611,4.85608914549867,0.038515413960602096,0.008251389938871622,0.08002735045743563
cpx,cpx_only,P_kbar,alr,MLP,43,A,B,lithospheric_mantle,213,11.23525444388946,8.476005409453588,13.792888386286512,10.214857252806807,8.075218189962257,12.249329897613963,1.0203971910826528,0.40284852791261694,1.5868108454781826
cpx,cpx_only,P_kbar,alr,MLP,43,A,B,deeper_mantle,142,27.105159245445535,22.503609186344615,31.644892964678345,26.899894245746747,21.993074692395737,31.673335375509826,0.20526499969878742,-0.48164576672290693,1.029975417138459
cpx,cpx_only,P_kbar,alr,MLP,43,A,B,ALL,784,13.896130831281733,12.062149276469102,15.766463532180756,13.646457885752389,11.713203210890827,15.566183008390727,0.24967294552934405,-0.047751867544994206,0.5853679236565095
cpx,cpx_only,P_kbar,alr,MLP,44,none,A,shallow_crustal,236,8.052474999423605,6.940416050809689,9.156911546846187,1.1738570726892275,1.017036103123336,1.334275387934219,6.878617926734378,5.733372015655885,8.00738091755538
cpx,cpx_only,P_kbar,alr,MLP,44,none,A,deep_crustal_MASH,193,4.323058453274618,3.8426242632845216,4.835524116233618,1.7559037433482154,1.5910727572117698,1.9279568046637967,2.567154709926403,2.054086774632212,3.134908023989999
cpx,cpx_only,P_kbar,alr,MLP,44,none,A,lithospheric_mantle,213,10.166451139524622,7.939759369966667,12.274471790264338,3.9228524481659286,3.7116605211498137,4.13701859876164,6.243598691358693,3.984266385427862,8.370260939751342
cpx,cpx_only,P_kbar,alr,MLP,44,none,A,deeper_mantle,142,26.21520181114987,21.318775632279582,30.972829827760027,27.302408063223634,24.98386434032887,29.971260460588958,-1.0872062520737629,-4.620771489831898,2.0514576116687198
cpx,cpx_only,P_kbar,alr,MLP,44,none,A,ALL,784,13.291874060294163,11.36295419706438,15.19727835418143,11.847667818100991,10.454364983386759,13.219450532684794,1.4442062421931716,0.23181857641240805,2.721479017226573
cpx,cpx_only,P_kbar,alr,MLP,44,none,B,shallow_crustal,236,8.052474999423605,6.940416050809689,9.156911546846187,8.079650460067635,6.9746009884654745,9.167396438230826,-0.027175460644029314,-0.11227635054702094,0.0812512738366094
cpx,cpx_only,P_kbar,alr,MLP,44,none,B,deep_crustal_MASH,193,4.323058453274618,3.8426242632845216,4.835524116233618,4.292219823404767,3.8081528159439704,4.814068484322977,0.03083862986985153,0.004690108175669949,0.06617681856717206
cpx,cpx_only,P_kbar,alr,MLP,44,none,B,lithospheric_mantle,213,10.166451139524622,7.939759369966667,12.274471790264338,9.47785544795108,7.662775853092724,11.211233681746538,0.688595691573541,0.23820128842651672,1.105926968427897
cpx,cpx_only,P_kbar,alr,MLP,44,none,B,deeper_mantle,142,26.21520181114987,21.318775632279582,30.972829827760027,26.516603442023094,21.407721597901915,31.405980611706244,-0.30140163087322236,-0.861560540129366,0.34884610768533036
cpx,cpx_only,P_kbar,alr,MLP,44,none,B,ALL,784,13.291874060294163,11.36295419706438,15.19727835418143,13.264391376429556,11.270429157380347,15.255370251248815,0.027482683864606727,-0.21596770689649986,0.29383047972798176
cpx,cpx_only,P_kbar,alr,MLP,45,A,A,shallow_crustal,236,7.825690293031459,6.825154381055367,8.788398503151896,1.1667804935447061,1.0058357769009574,1.3301459985410171,6.658909799486754,5.631817487085386,7.656484971515821
cpx,cpx_only,P_kbar,alr,MLP,45,A,A,deep_crustal_MASH,193,4.442167014872125,3.8755522211122337,5.066784035256482,1.761838410488763,1.599180408448446,1.927784307270339,2.6803286043833623,2.083510321504391,3.339064642937567
cpx,cpx_only,P_kbar,alr,MLP,45,A,A,lithospheric_mantle,213,10.057736146727938,7.738556037178577,12.254330177587786,3.922206730806408,3.7120750795644764,4.136370259984695,6.13552941592153,3.8002583236084306,8.360217497173304
cpx,cpx_only,P_kbar,alr,MLP,45,A,A,deeper_mantle,142,25.908149765289057,21.13236511869017,30.541495057724067,25.829488813475244,23.2044420082447,28.8621856998246,0.07866095181381283,-2.9588225181555843,2.783355042305904
cpx,cpx_only,P_kbar,alr,MLP,45,A,A,ALL,784,13.128245887336483,11.241011461367808,15.01381015881832,11.233501196416153,9.773163456323486,12.698391490053249,1.89474469092033,0.8278822847567724,3.005732492960639
cpx,cpx_only,P_kbar,alr,MLP,45,A,B,shallow_crustal,236,7.825690293031459,6.825154381055367,8.788398503151896,7.793653401890289,6.799434624089751,8.743777723584827,0.032036891141170365,-0.041518778854281436,0.13293100178347278
cpx,cpx_only,P_kbar,alr,MLP,45,A,B,deep_crustal_MASH,193,4.442167014872125,3.8755522211122337,5.066784035256482,4.4105450852220836,3.8355003300955475,5.043554618224615,0.031621929650041736,0.004450028955452956,0.07368675632418081
cpx,cpx_only,P_kbar,alr,MLP,45,A,B,lithospheric_mantle,213,10.057736146727938,7.738556037178577,12.254330177587786,9.118850576111221,7.355231918749058,10.801959259410427,0.9388855706167174,0.344157333016255,1.4831918390030208
cpx,cpx_only,P_kbar,alr,MLP,45,A,B,deeper_mantle,142,25.908149765289057,21.13236511869017,30.541495057724067,26.405787380577856,21.297008245695366,31.21987659005493,-0.4976376152887987,-1.2064612212715713,0.3053185468080774
cpx,cpx_only,P_kbar,alr,MLP,45,A,B,ALL,784,13.128245887336483,11.241011461367808,15.01381015881832,13.113160021950188,11.12926503793045,15.084911137373906,0.015085865386295083,-0.299669663086917,0.3588634157746422
cpx,cpx_only,P_kbar,alr,MLP,46,A,A,shallow_crustal,236,9.032463899819763,7.705764307171863,10.388613861778962,1.1702450544631076,1.0089828251397088,1.332514233370318,7.862218845356656,6.493558963140042,9.227071500620116
cpx,cpx_only,P_kbar,alr,MLP,46,A,A,deep_crustal_MASH,193,4.551818130703287,3.934373882236074,5.1835302733399615,1.7339309684502056,1.5683165144055233,1.901729577522177,2.817887162253082,2.2010452222755568,3.4755721297351676
cpx,cpx_only,P_kbar,alr,MLP,46,A,A,lithospheric_mantle,213,11.252067957651912,8.508382800710288,13.900155943105014,3.8922208510447893,3.678232614452722,4.1056300204800396,7.3598471066071225,4.646443040254276,9.93329686627353
cpx,cpx_only,P_kbar,alr,MLP,46,A,A,deeper_mantle,142,26.261293657050263,21.57849933767196,30.92654197599048,25.92120816942079,23.294189959548177,28.907935932782166,0.340085487629473,-2.697233030421164,3.076864565235336
cpx,cpx_only,P_kbar,alr,MLP,46,A,A,ALL,784,13.746601765219774,11.89701191827248,15.644877194767048,11.267919670407089,9.79550227049911,12.726583142619342,2.478682094812685,1.359483845891084,3.6290574339079056
cpx,cpx_only,P_kbar,alr,MLP,46,A,B,shallow_crustal,236,9.032463899819763,7.705764307171863,10.388613861778962,9.248917396789777,8.029015115489319,10.496120649285833,-0.21645349697001315,-0.3547596456096263,-0.06924591327429619
cpx,cpx_only,P_kbar,alr,MLP,46,A,B,deep_crustal_MASH,193,4.551818130703287,3.934373882236074,5.1835302733399615,4.546400853650641,3.931995386371379,5.178430873881028,0.005417277052646163,0.0,0.015388188703007798
cpx,cpx_only,P_kbar,alr,MLP,46,A,B,lithospheric_mantle,213,11.252067957651912,8.508382800710288,13.900155943105014,10.074769103122561,7.9684533639811805,12.054206642215025,1.1772988545293508,0.47061932405639,1.8218333841008665
cpx,cpx_only,P_kbar,alr,MLP,46,A,B,deeper_mantle,142,26.261293657050263,21.57849933767196,30.92654197599048,26.364640829607232,21.353371072937367,31.189837807698275,-0.10334717255696901,-0.9237833155483365,0.8714292434560708
cpx,cpx_only,P_kbar,alr,MLP,46,A,B,ALL,784,13.746601765219774,11.89701191827248,15.644877194767048,13.576145008058202,11.662495476441775,15.547272977043194,0.17045675716157227,-0.17606505407743622,0.5615496426954074
cpx,cpx_only,P_kbar,alr,MLP,47,A,A,shallow_crustal,236,8.0070421044816,6.868219208584442,9.158562121585376,1.1715587166507855,1.009492775392263,1.334466260700096,6.8354833878308146,5.662207484470939,8.024468871800462
cpx,cpx_only,P_kbar,alr,MLP,47,A,A,deep_crustal_MASH,193,4.305195380998673,3.7396136651580294,4.979600008784374,1.7063520067308395,1.5463942891766582,1.8705370436284259,2.598843374267833,2.00101210172082,3.3031724367917255
cpx,cpx_only,P_kbar,alr,MLP,47,A,A,lithospheric_mantle,213,10.878759563765994,8.062100560531897,13.506317209701136,3.9513917829057226,3.736678673155647,4.1672881432450435,6.927367780860272,4.155442352966757,9.518045695670407
cpx,cpx_only,P_kbar,alr,MLP,47,A,A,deeper_mantle,142,27.252429874040658,22.326532989544894,32.11685586184954,25.991034376677824,23.399621643767492,28.968477699509318,1.2613954973628339,-1.9676725701846611,4.082932003026591
cpx,cpx_only,P_kbar,alr,MLP,47,A,A,ALL,784,13.80339724900017,11.8419185955259,15.79241118123299,11.30160227998364,9.835257010318802,12.73721230805384,2.5017949690165295,1.3324285595134728,3.72838207850287
cpx,cpx_only,P_kbar,alr,MLP,47,A,B,shallow_crustal,236,8.0070421044816,6.868219208584442,9.158562121585376,8.163316542973858,7.0823616298517535,9.267035248389462,-0.15627443849225742,-0.23166984320899467,-0.09244764349624186
cpx,cpx_only,P_kbar,alr,MLP,47,A,B,deep_crustal_MASH,193,4.305195380998673,3.7396136651580294,4.979600008784374,4.26263787128824,3.680947724688862,4.947974212147964,0.04255750971043337,0.007244558855779815,0.09260899058765976
cpx,cpx_only,P_kbar,alr,MLP,47,A,B,lithospheric_mantle,213,10.878759563765994,8.062100560531897,13.506317209701136,9.951405984345504,7.653015299445377,12.110413123556297,0.9273535794204903,0.36013622762818154,1.419500978412949
cpx,cpx_only,P_kbar,alr,MLP,47,A,B,deeper_mantle,142,27.252429874040658,22.326532989544894,32.11685586184954,27.202966687153634,21.958844398563773,32.14853681520378,0.049463186887024335,-0.6062316584895009,0.8359219381518609
cpx,cpx_only,P_kbar,alr,MLP,47,A,B,ALL,784,13.80339724900017,11.8419185955259,15.79241118123299,13.618690940626637,11.57941933714828,15.695375818901688,0.1847063083735332,-0.09437866521275397,0.5043359601224677
cpx,cpx_only,P_kbar,alr,MLP,48,A,A,shallow_crustal,236,8.072743116301083,6.857485818536335,9.335760912485533,1.161746548400574,1.0006009211382685,1.3232587486590814,6.91099656790051,5.667375396688675,8.23264058556652
cpx,cpx_only,P_kbar,alr,MLP,48,A,A,deep_crustal_MASH,193,3.986134201900683,3.5075619629840538,4.499368296889723,1.7593606853488664,1.5955545111083074,1.9217305721317854,2.226773516551817,1.7160437506639954,2.7811032596762635
cpx,cpx_only,P_kbar,alr,MLP,48,A,A,lithospheric_mantle,213,10.495844469841847,7.958328776884358,12.870632220445886,3.921434426255698,3.7168193884881147,4.130865372378975,6.574410043586149,4.026412479590838,8.967491732084218
cpx,cpx_only,P_kbar,alr,MLP,48,A,A,deeper_mantle,142,27.441928805595214,22.22319428521408,32.64156770886917,26.13428539180094,23.01606309984115,29.52697048186527,1.307643413794274,-1.7290382274312686,4.006010226001106
cpx,cpx_only,P_kbar,alr,MLP,48,A,A,ALL,784,13.778757680109951,11.700139839082514,15.887543263372537,11.360145835972387,9.72633435932854,13.002220662999921,2.4186118441375637,1.32670678213052,3.5272503508731474
cpx,cpx_only,P_kbar,alr,MLP,48,A,B,shallow_crustal,236,8.072743116301083,6.857485818536335,9.335760912485533,8.228957392279675,7.090233104428247,9.431186463802327,-0.1562142759785914,-0.26947704895484925,-0.04317261756335092
cpx,cpx_only,P_kbar,alr,MLP,48,A,B,deep_crustal_MASH,193,3.986134201900683,3.5075619629840538,4.499368296889723,3.898771248551811,3.414628197858482,4.4174187180508735,0.08736295334887201,0.02908007494756574,0.16238516307164075
cpx,cpx_only,P_kbar,alr,MLP,48,A,B,lithospheric_mantle,213,10.495844469841847,7.958328776884358,12.870632220445886,9.276594729885206,7.402004319999287,11.03853558515511,1.2192497399566413,0.45219810335949634,1.9118306351914232
cpx,cpx_only,P_kbar,alr,MLP,48,A,B,deeper_mantle,142,27.441928805595214,22.22319428521408,32.64156770886917,27.324735575289573,21.88441627991682,32.51959172025836,0.11719323030564155,-0.7525798996653761,1.1526047881064296
cpx,cpx_only,P_kbar,alr,MLP,48,A,B,ALL,784,13.778757680109951,11.700139839082514,15.887543263372537,13.518100183783657,11.372187504458978,15.662137591891936,0.260657496326294,-0.11514599368203352,0.6836523420643988
cpx,cpx_only,P_kbar,alr,MLP,49,A,A,shallow_crustal,236,8.557093902683185,7.122203413756956,10.058985518100949,1.1585753697090255,0.9960310490456604,1.3207134710017627,7.39851853297416,5.9258551889697655,8.950193428175506
cpx,cpx_only,P_kbar,alr,MLP,49,A,A,deep_crustal_MASH,193,4.658871475606438,4.083553036468745,5.293280827264031,1.6974483518708656,1.5267352504962755,1.8711264521063766,2.961423123735573,2.3559248716532126,3.6558739048789204
cpx,cpx_only,P_kbar,alr,MLP,49,A,A,lithospheric_mantle,213,11.229030573113135,8.679729407302252,13.685821336834149,3.8962200124350463,3.685237176063152,4.109532031190013,7.332810560678089,4.779096860490699,9.802359082172227
cpx,cpx_only,P_kbar,alr,MLP,49,A,A,deeper_mantle,142,27.18767969396579,22.06167462441636,32.20824025819257,26.358923191564923,23.599787856749465,29.476042299695976,0.8287565024008678,-2.343524923420311,3.5844424047409156
cpx,cpx_only,P_kbar,alr,MLP,49,A,A,ALL,784,13.982927407596792,11.984884090180085,16.016384646393902,11.449028232805125,9.900772659097372,12.970040282182612,2.5338991747916673,1.3883020597602764,3.723232125938126
cpx,cpx_only,P_kbar,alr,MLP,49,A,B,shallow_crustal,236,8.557093902683185,7.122203413756956,10.058985518100949,8.51933864150441,7.1848075077309135,9.889431544220015,0.03775526117877526,-0.08482827022252064,0.20681322846405487
cpx,cpx_only,P_kbar,alr,MLP,49,A,B,deep_crustal_MASH,193,4.658871475606438,4.083553036468745,5.293280827264031,4.6328360721915995,4.05501079945546,5.2715128668873374,0.026035403414838676,0.003533213468603913,0.058951103892164965
cpx,cpx_only,P_kbar,alr,MLP,49,A,B,lithospheric_mantle,213,11.229030573113135,8.679729407302252,13.685821336834149,10.144423800926074,8.104321468884834,12.061687947887297,1.0846067721870618,0.4519696507929748,1.6575143104060537
cpx,cpx_only,P_kbar,alr,MLP,49,A,B,deeper_mantle,142,27.18767969396579,22.06167462441636,32.20824025819257,27.133831386953688,21.751335416025928,32.257728802898704,0.05384830701210319,-0.6209554199096061,0.8754161162685186
cpx,cpx_only,P_kbar,alr,MLP,49,A,B,ALL,784,13.982927407596792,11.984884090180085,16.016384646393902,13.727370865256578,11.681563057000728,15.830787876589111,0.25555654234021397,-0.04092665552298053,0.6030025676539023
cpx,cpx_only,P_kbar,alr,MLP,50,A,A,shallow_crustal,236,8.5577955507834,6.832254015048067,10.582106544350731,1.1592681950951957,0.9970969327810237,1.3223003604462646,7.398527355688204,5.6346969838402785,9.4477179058834
cpx,cpx_only,P_kbar,alr,MLP,50,A,A,deep_crustal_MASH,193,4.428842567149459,3.5738607811965153,5.62781933307637,1.6747766016122492,1.5135998780991744,1.842611181606855,2.75406596553721,1.8627779312210067,3.9767892005702095
cpx,cpx_only,P_kbar,alr,MLP,50,A,A,lithospheric_mantle,213,12.32641471999436,9.015629527117486,15.360023509010766,3.9144170509924647,3.7086129426873757,4.123585078605138,8.411997669001895,5.140596157131615,11.352731262066689
cpx,cpx_only,P_kbar,alr,MLP,50,A,A,deeper_mantle,142,27.05479141761093,21.643566917755518,32.165983209456925,26.420027626464897,23.221382324917922,29.989244896425866,0.6347637911460318,-2.3599555005300514,3.347983569396485
cpx,cpx_only,P_kbar,alr,MLP,50,A,A,ALL,784,14.167870385783448,12.071117069168256,16.309300841035803,11.475393211385667,9.778152521613112,13.16942873083434,2.692477174397782,1.4503713517452979,3.980529834500227
cpx,cpx_only,P_kbar,alr,MLP,50,A,B,shallow_crustal,236,8.5577955507834,6.832254015048067,10.582106544350731,8.387906477931987,6.9806328078637385,9.934487446231845,0.1698890728514133,-0.17090971535123556,0.6593975360234442
cpx,cpx_only,P_kbar,alr,MLP,50,A,B,deep_crustal_MASH,193,4.428842567149459,3.5738607811965153,5.62781933307637,4.392008724410797,3.563289186338404,5.552405447440056,0.036833842738662526,0.003565058587303371,0.08107623342449008
cpx,cpx_only,P_kbar,alr,MLP,50,A,B,lithospheric_mantle,213,12.32641471999436,9.015629527117486,15.360023509010766,9.954067526059447,7.9178408033891845,11.837941317863113,2.372347193934914,1.032630382323779,3.54761481311453
cpx,cpx_only,P_kbar,alr,MLP,50,A,B,deeper_mantle,142,27.05479141761093,21.643566917755518,32.165983209456925,26.952849949028245,21.07263367156523,32.1729656091102,0.10194146858268383,-0.8264407876978462,1.2857186108384813
cpx,cpx_only,P_kbar,alr,MLP,50,A,B,ALL,784,14.167870385783448,12.071117069168256,16.309300841035803,13.580293730577077,11.403466998784753,15.789057192554178,0.5875766552063713,0.07499181368873656,1.1969750137875537
cpx,cpx_only,P_kbar,alr,MLP,51,A,A,shallow_crustal,236,8.39661873388261,7.006344612303598,9.827658536721485,1.1729945100944763,1.0114798719305174,1.3355206838711071,7.223624223788134,5.8066394194913595,8.698484135820545
cpx,cpx_only,P_kbar,alr,MLP,51,A,A,deep_crustal_MASH,193,4.106983107821427,3.6120552158612083,4.692717270839884,1.6916176618441296,1.5230554427729361,1.8669512583546788,2.4153654459772973,1.869766397950402,3.046215781351595
cpx,cpx_only,P_kbar,alr,MLP,51,A,A,lithospheric_mantle,213,10.640675372584177,7.97486784162252,13.114515064157876,3.9049362891000983,3.694466264559765,4.114969384584135,6.735739083484079,4.081442144256834,9.196740402209462
cpx,cpx_only,P_kbar,alr,MLP,51,A,A,deeper_mantle,142,27.665437601959386,22.254263143060253,32.7946691503523,26.709529743491295,24.03389862889164,29.774518867010624,0.9559078584680911,-2.476900527571348,3.9599481477988574
cpx,cpx_only,P_kbar,alr,MLP,51,A,A,ALL,784,13.955756794597095,11.837595781815095,16.080132768414053,11.5962911168519,10.077193971808253,13.0765415938295,2.3594656777451952,1.1739904149518323,3.5689102379400945
cpx,cpx_only,P_kbar,alr,MLP,51,A,B,shallow_crustal,236,8.39661873388261,7.006344612303598,9.827658536721485,8.642197544193088,7.338059304492411,9.985542178525126,-0.24557881031047835,-0.3775322624405651,-0.11883511461096295
cpx,cpx_only,P_kbar,alr,MLP,51,A,B,deep_crustal_MASH,193,4.106983107821427,3.6120552158612083,4.692717270839884,4.080838757912795,3.581005033470543,4.660817786715445,0.026144349908632236,0.0,0.06633962017450994
cpx,cpx_only,P_kbar,alr,MLP,51,A,B,lithospheric_mantle,213,10.640675372584177,7.97486784162252,13.114515064157876,10.063281576882138,7.696323150164672,12.256931759226662,0.5773937957020383,0.24085738558503755,0.8747837275755163
cpx,cpx_only,P_kbar,alr,MLP,51,A,B,deeper_mantle,142,27.665437601959386,22.254263143060253,32.7946691503523,27.62962975551265,22.146267039808922,32.95312753780049,0.035807846446736846,-0.32883669832089774,0.45788565115123225
cpx,cpx_only,P_kbar,alr,MLP,51,A,B,ALL,784,13.955756794597095,11.837595781815095,16.080132768414053,13.869520972285043,11.736234756844473,16.05341485584268,0.08623582231205162,-0.07382664190887253,0.2667977454990502
cpx,cpx_only,P_kbar,alr,MLP,52,A,A,shallow_crustal,236,8.724398004434242,7.329612718401066,10.244518162685125,1.1537178255833884,0.9906625922895649,1.3202931875443145,7.5706801788508535,6.118365793293942,9.114677936992523
cpx,cpx_only,P_kbar,alr,MLP,52,A,A,deep_crustal_MASH,193,4.286808135842244,3.7284794708842353,4.925992535964698,1.7221091680016445,1.5498863203755227,1.8938950362141007,2.5646989678405996,1.97663153617134,3.2443404955402055
cpx,cpx_only,P_kbar,alr,MLP,52,A,A,lithospheric_mantle,213,10.624160044803949,8.044981177491374,13.10222111918865,3.912184181208697,3.6998583628267943,4.1230524497038665,6.711975863595252,4.169556941370584,9.126267953387325
cpx,cpx_only,P_kbar,alr,MLP,52,A,A,deeper_mantle,142,26.405969616795975,21.252311646628343,31.404599177339982,25.971870237504483,23.19757760690854,29.17548600332146,0.4340993792914922,-2.6549437549214483,3.1334668116768
cpx,cpx_only,P_kbar,alr,MLP,52,A,A,ALL,784,13.579173563782364,11.598475913036392,15.656417564076834,11.289946668554625,9.740643053169746,12.814655742572322,2.2892268952277384,1.1997014682178737,3.440965270372154
cpx,cpx_only,P_kbar,alr,MLP,52,A,B,shallow_crustal,236,8.724398004434242,7.329612718401066,10.244518162685125,8.694302742322684,7.356530569835416,10.136317752781576,0.03009526211155844,-0.08377247764193027,0.16159446549492282
cpx,cpx_only,P_kbar,alr,MLP,52,A,B,deep_crustal_MASH,193,4.286808135842244,3.7284794708842353,4.925992535964698,4.272764604420598,3.715182704250416,4.911818065504616,0.014043531421646271,0.00011268626058329456,0.03678257857184621
cpx,cpx_only,P_kbar,alr,MLP,52,A,B,lithospheric_mantle,213,10.624160044803949,8.044981177491374,13.10222111918865,9.96666422509032,7.7943717813525275,12.059438168680213,0.6574958197136294,0.23968562393845008,1.0524474046269752
cpx,cpx_only,P_kbar,alr,MLP,52,A,B,deeper_mantle,142,26.405969616795975,21.252311646628343,31.404599177339982,26.419705981331667,21.11493788349448,31.507267970840456,-0.013736364535692047,-0.4451428328898352,0.5049013380257799
cpx,cpx_only,P_kbar,alr,MLP,52,A,B,ALL,784,13.579173563782364,11.598475913036392,15.656417564076834,13.440975905487537,11.415224890276136,15.572609389351904,0.13819765829482655,-0.05251278844511562,0.3541744229864021
cpx,cpx_only,P_kbar,alr,MLP,53,A,A,shallow_crustal,236,8.907985413433204,7.430913423507422,10.473554785720065,1.1602616834359925,0.9979207678340692,1.3227158475860514,7.747723729997212,6.24050351493079,9.338358542534138
cpx,cpx_only,P_kbar,alr,MLP,53,A,A,deep_crustal_MASH,193,4.1244359566449935,3.6629476526002844,4.62050727538543,1.7105814850818288,1.5423663049219467,1.8804966631785307,2.4138544715631647,1.9126203249962934,2.9565427285029977
cpx,cpx_only,P_kbar,alr,MLP,53,A,A,lithospheric_mantle,213,10.113406867783816,7.709214987082939,12.362890805295274,3.8807741964623426,3.6698468917254132,4.092048722085028,6.232632671321474,3.842596334823218,8.506385749976246
cpx,cpx_only,P_kbar,alr,MLP,53,A,A,deeper_mantle,142,26.236611814089674,21.08607359643518,31.163084829820335,25.79653948812362,23.037531293635073,28.932116559256304,0.44007232596605306,-2.723392216376666,3.1922941609106257
cpx,cpx_only,P_kbar,alr,MLP,53,A,A,ALL,784,13.436508955553409,11.415190646221049,15.46974516695315,11.213707497192026,9.674883181100792,12.741148647547954,2.222801458361383,1.1228550265774644,3.360411285262536
cpx,cpx_only,P_kbar,alr,MLP,53,A,B,shallow_crustal,236,8.907985413433204,7.430913423507422,10.473554785720065,8.868073773949156,7.490421989073002,10.297892971280277,0.03991163948404797,-0.07216135424743171,0.19965490532468516
cpx,cpx_only,P_kbar,alr,MLP,53,A,B,deep_crustal_MASH,193,4.1244359566449935,3.6629476526002844,4.62050727538543,4.124146992427945,3.662630416153588,4.6195012196843415,0.000288964217048715,0.0,0.0009564207466102757
cpx,cpx_only,P_kbar,alr,MLP,53,A,B,lithospheric_mantle,213,10.113406867783816,7.709214987082939,12.362890805295274,9.367460548511863,7.37072376875398,11.244079324519568,0.7459463192719529,0.2998603556700296,1.164583470192053
cpx,cpx_only,P_kbar,alr,MLP,53,A,B,deeper_mantle,142,26.236611814089674,21.08607359643518,31.163084829820335,26.499225317951492,21.20781111376601,31.516128208302952,-0.26261350386181803,-0.725530677104778,0.2599678758166485
cpx,cpx_only,P_kbar,alr,MLP,53,A,B,ALL,784,13.436508955553409,11.415190646221049,15.46974516695315,13.374826758419456,11.33234732118791,15.447006042637382,0.061682197133952954,-0.14570762679176333,0.29561413160200567
cpx,cpx_only,P_kbar,alr,MLP,54,A,A,shallow_crustal,236,7.843371267690883,6.7368654686907234,8.93812830047231,1.1697742235494457,1.0083251380598293,1.3313029843319704,6.673597044141437,5.548757166129005,7.784882155413786
cpx,cpx_only,P_kbar,alr,MLP,54,A,A,deep_crustal_MASH,193,4.760184294746883,4.166110904225826,5.393446113863253,1.708450602185796,1.5408871140627818,1.878978079072346,3.0517336925610867,2.4287675688238894,3.7181036441359514
cpx,cpx_only,P_kbar,alr,MLP,54,A,A,lithospheric_mantle,213,10.676246866282634,8.105350331505745,13.102939860546392,3.934085081754329,3.71761385467964,4.1513452666095265,6.742161784528305,4.197755337793705,9.124412295610682
cpx,cpx_only,P_kbar,alr,MLP,54,A,A,deeper_mantle,142,26.036278836626273,21.295628918534547,30.59526947119161,25.848804572716872,23.257801067513498,28.813639394750467,0.18747426390940092,-2.888805453956164,2.954508477833865
cpx,cpx_only,P_kbar,alr,MLP,54,A,A,ALL,784,13.335826357689864,11.474368322277305,15.222155439088853,11.240738268454805,9.791385161691611,12.695820094028186,2.095088089235059,1.0061244171499149,3.2615937976033726
cpx,cpx_only,P_kbar,alr,MLP,54,A,B,shallow_crustal,236,7.843371267690883,6.7368654686907234,8.93812830047231,8.058589452242003,7.003644741679584,9.097023380141417,-0.2152181845511203,-0.29445428564930226,-0.14483165564686037
cpx,cpx_only,P_kbar,alr,MLP,54,A,B,deep_crustal_MASH,193,4.760184294746883,4.166110904225826,5.393446113863253,4.742150014101713,4.148497565282771,5.380220259712731,0.01803428064516943,0.0018035353509789688,0.04147180963981703
cpx,cpx_only,P_kbar,alr,MLP,54,A,B,lithospheric_mantle,213,10.676246866282634,8.105350331505745,13.102939860546392,9.523419855005832,7.587428772515452,11.351260471275943,1.152827011276802,0.44983222347603913,1.790557407220575
cpx,cpx_only,P_kbar,alr,MLP,54,A,B,deeper_mantle,142,26.036278836626273,21.295628918534547,30.59526947119161,26.39975670394588,21.38211126995663,31.25738968480847,-0.36347786731960596,-1.1967990658844618,0.5901271895840584
cpx,cpx_only,P_kbar,alr,MLP,54,A,B,ALL,784,13.335826357689864,11.474368322277305,15.222155439088853,13.264906333655377,11.30732906789199,15.221005287247559,0.07092002403448738,-0.29548487135431784,0.47638438668634764
cpx,cpx_only,P_kbar,alr,MLP,55,A,A,shallow_crustal,236,8.954507717310516,7.580172537180092,10.452051370610908,1.1804436844312949,1.0224103289699285,1.340486828838342,7.774064032879221,6.3397007266063286,9.305379435977368
cpx,cpx_only,P_kbar,alr,MLP,55,A,A,deep_crustal_MASH,193,4.081904763204644,3.4361209216867383,4.754324297324192,1.8329029890917203,1.6612999346897976,2.0059285551096946,2.249001774112924,1.5561845835936452,2.9713946562223907
cpx,cpx_only,P_kbar,alr,MLP,55,A,A,lithospheric_mantle,213,10.84064805866272,8.13991627047645,13.38606164346169,3.967647725123247,3.7596432092078076,4.1779065846361165,6.873000333539474,4.190277203414718,9.441861066299714
cpx,cpx_only,P_kbar,alr,MLP,55,A,A,deeper_mantle,142,26.999943006622903,21.88008453183321,32.02468608551543,25.64978779420928,22.6564797784189,28.955128436139766,1.3501552124136218,-1.6501033724089718,4.012792958399623
cpx,cpx_only,P_kbar,alr,MLP,55,A,A,ALL,784,13.863779769510547,11.839739991534183,15.927958171243926,11.166286456840519,9.547118920802939,12.733162981248602,2.6974933126700282,1.6050467537051278,3.822356131322668
cpx,cpx_only,P_kbar,alr,MLP,55,A,B,shallow_crustal,236,8.954507717310516,7.580172537180092,10.452051370610908,9.293374424657358,8.052131555173709,10.620312835226125,-0.3388667073468419,-0.5282055830314824,-0.13638004574883106
cpx,cpx_only,P_kbar,alr,MLP,55,A,B,deep_crustal_MASH,193,4.081904763204644,3.4361209216867383,4.754324297324192,4.071943529753694,3.417992276122945,4.73904071452151,0.009961233450949791,0.0,0.02573045247621853
cpx,cpx_only,P_kbar,alr,MLP,55,A,B,lithospheric_mantle,213,10.84064805866272,8.13991627047645,13.38606164346169,9.58948410430711,7.530838781665532,11.553618690790112,1.2511639543556115,0.512970335318356,1.9079895066552381
cpx,cpx_only,P_kbar,alr,MLP,55,A,B,deeper_mantle,142,26.999943006622903,21.88008453183321,32.02468608551543,26.957978008511642,21.5536611002343,32.06307152767432,0.04196499811126131,-0.760149045564888,1.009599271724063
cpx,cpx_only,P_kbar,alr,MLP,55,A,B,ALL,784,13.863779769510547,11.839739991534183,15.927958171243926,13.663492731201465,11.590736676928362,15.765988310293737,0.20028703830908157,-0.14730209507483658,0.5991409783673645
cpx,cpx_only,P_kbar,alr,MLP,56,A,A,shallow_crustal,236,8.272233531207812,6.957596052735955,9.603118489642636,1.167940385294127,1.005895062892775,1.3283387923087375,7.104293145913685,5.780894683965832,8.489901749436777
cpx,cpx_only,P_kbar,alr,MLP,56,A,A,deep_crustal_MASH,193,4.406575748514742,3.9472975597566364,4.889202031946892,1.7699357413769103,1.603648527307386,1.94406866108898,2.6366400071378315,2.1383444979554618,3.138023164571565
cpx,cpx_only,P_kbar,alr,MLP,56,A,A,lithospheric_mantle,213,10.375781547605618,8.071088087563199,12.567995669458384,3.90380797694308,3.700353486883392,4.11274576694357,6.471973570662538,4.1678225508334,8.70515213399864
cpx,cpx_only,P_kbar,alr,MLP,56,A,A,deeper_mantle,142,27.823391501427782,22.394531036321112,33.14312556696481,26.113432908748276,22.961175200216655,29.64235900874967,1.7099585926795058,-1.4140983358515224,4.457648044374724
cpx,cpx_only,P_kbar,alr,MLP,56,A,A,ALL,784,13.958577861981157,11.826771201476635,16.11810197923254,11.35040260314715,9.698132609362244,13.00345421308669,2.608175258834006,1.5194443964168078,3.7291106149612148
cpx,cpx_only,P_kbar,alr,MLP,56,A,B,shallow_crustal,236,8.272233531207812,6.957596052735955,9.603118489642636,8.530088616525635,7.352340266008891,9.740238234582721,-0.2578550853178232,-0.4214033284676527,-0.08888906121598622
cpx,cpx_only,P_kbar,alr,MLP,56,A,B,deep_crustal_MASH,193,4.406575748514742,3.9472975597566364,4.889202031946892,4.399359655349299,3.935366087511826,4.886156403467089,0.007216093165443027,0.0,0.023610538593305593
cpx,cpx_only,P_kbar,alr,MLP,56,A,B,lithospheric_mantle,213,10.375781547605618,8.071088087563199,12.567995669458384,9.12559738771306,7.533810739660515,10.665327323021119,1.250184159892557,0.46104189830642744,1.9831288642598026
cpx,cpx_only,P_kbar,alr,MLP,56,A,B,deeper_mantle,142,27.823391501427782,22.394531036321112,33.14312556696481,28.04233897848175,22.401975594100534,33.507814691110234,-0.21894747705396966,-1.0785109343411952,0.8005666996044101
cpx,cpx_only,P_kbar,alr,MLP,56,A,B,ALL,784,13.958577861981157,11.826771201476635,16.11810197923254,13.846376349660522,11.621034803792735,16.0713542308876,0.11220151232063458,-0.26578588628083744,0.5395770239028513
cpx,cpx_only,P_kbar,alr,MLP,57,A,A,shallow_crustal,236,8.637830480665587,7.34545730578447,9.972748040154263,1.1704538751187277,1.0083875041742238,1.3302103253334752,7.467376605546859,6.154223111796796,8.834267049602488
cpx,cpx_only,P_kbar,alr,MLP,57,A,A,deep_crustal_MASH,193,4.4033891654959545,3.7585759754237023,5.192629200659503,1.7829989128306039,1.6108048889245428,1.961376293850859,2.6203902526653504,1.9449744480500069,3.4336871081775895
cpx,cpx_only,P_kbar,alr,MLP,57,A,A,lithospheric_mantle,213,11.087975118086815,8.31495868670334,13.737668260116536,3.910984949696957,3.6917008619534943,4.12940417084177,7.1769901683898585,4.394203428978657,9.809751648146642
cpx,cpx_only,P_kbar,alr,MLP,57,A,A,deeper_mantle,142,26.009552705631403,21.014446019094763,30.915014803453076,25.470526814988418,22.83398291315358,28.498172298784514,0.5390258906429857,-2.588394236356633,3.255027397441815
cpx,cpx_only,P_kbar,alr,MLP,57,A,A,ALL,784,13.533789332222158,11.616974279355587,15.496220158633076,11.083924927409837,9.612656058508277,12.555693128313356,2.4498644048123204,1.3218651078907093,3.638150003661399
cpx,cpx_only,P_kbar,alr,MLP,57,A,B,shallow_crustal,236,8.637830480665587,7.34545730578447,9.972748040154263,8.98641448016213,7.790120831334844,10.21135081459298,-0.34858399949654384,-0.5103601693932515,-0.20967243887620024
cpx,cpx_only,P_kbar,alr,MLP,57,A,B,deep_crustal_MASH,193,4.4033891654959545,3.7585759754237023,5.192629200659503,4.385597411130272,3.7394792868988285,5.1700029396612015,0.0177917543656827,0.0012663438310303698,0.0419238205017078
cpx,cpx_only,P_kbar,alr,MLP,57,A,B,lithospheric_mantle,213,11.087975118086815,8.31495868670334,13.737668260116536,10.301978049412819,7.913144913960726,12.54647790501246,0.7859970686739963,0.32999341177582986,1.1953455379990103
cpx,cpx_only,P_kbar,alr,MLP,57,A,B,deeper_mantle,142,26.009552705631403,21.014446019094763,30.915014803453076,26.081772645310114,20.851022775856446,31.124711202650275,-0.07221993967871043,-0.551160906085188,0.485848729634583
cpx,cpx_only,P_kbar,alr,MLP,57,A,B,ALL,784,13.533789332222158,11.616974279355587,15.496220158633076,13.456894513537751,11.513683571080872,15.446699184364771,0.07689481868440673,-0.14413878475545389,0.3193832954298454
cpx,cpx_only,P_kbar,alr,MLP,58,A,A,shallow_crustal,236,7.97360708214583,6.7285150299084835,9.258206996612738,1.1650989033486272,1.0030971347949806,1.328066231564027,6.808508178797203,5.535441389234774,8.124041300529955
cpx,cpx_only,P_kbar,alr,MLP,58,A,A,deep_crustal_MASH,193,4.588071929370989,4.02103238289055,5.233923306141157,1.741027952516523,1.5727593947861418,1.9125910962024695,2.847043976854466,2.249247890971916,3.5264233605042405
cpx,cpx_only,P_kbar,alr,MLP,58,A,A,lithospheric_mantle,213,10.992522583118665,8.265304535761544,13.532167353753735,3.9868643467176437,3.770560777785777,4.205000956016563,7.005658236401022,4.291936341722612,9.501811228843202
cpx,cpx_only,P_kbar,alr,MLP,58,A,A,deeper_mantle,142,27.121908092830417,22.173357057923383,31.858785382588746,26.82412570400881,24.129043047589725,29.826326979131185,0.2977823888216058,-2.8217288637815146,3.0818921511417368
cpx,cpx_only,P_kbar,alr,MLP,58,A,A,ALL,784,13.797927003814872,11.846710528583234,15.790186943249688,11.653195383452655,10.153194889399561,13.092993574848013,2.144731620362217,1.0290888608439035,3.3028698572620154
cpx,cpx_only,P_kbar,alr,MLP,58,A,B,shallow_crustal,236,7.97360708214583,6.7285150299084835,9.258206996612738,7.985944772595363,6.757680822358531,9.228152293927259,-0.012337690449532701,-0.09388842073394661,0.0676743275063137
cpx,cpx_only,P_kbar,alr,MLP,58,A,B,deep_crustal_MASH,193,4.588071929370989,4.02103238289055,5.233923306141157,4.493425470185615,3.921440183464845,5.141090695874817,0.09464645918537418,0.046399721254339714,0.1578170364628472
cpx,cpx_only,P_kbar,alr,MLP,58,A,B,lithospheric_mantle,213,10.992522583118665,8.265304535761544,13.532167353753735,10.290884747166725,7.972849930139417,12.461927894300535,0.7016378359519404,0.2685470195772323,1.0932809860192596
cpx,cpx_only,P_kbar,alr,MLP,58,A,B,deeper_mantle,142,27.121908092830417,22.173357057923383,31.858785382588746,26.99783712634105,21.93628781009701,31.84691216242547,0.12407096648936644,-0.31867406575087404,0.6832873880999836
cpx,cpx_only,P_kbar,alr,MLP,58,A,B,ALL,784,13.797927003814872,11.846710528583234,15.790186943249688,13.599895895806986,11.602657799453597,15.631790067351156,0.1980311080078856,-0.0026091936082000885,0.4289618161123542
cpx,cpx_only,P_kbar,alr,MLP,59,A,A,shallow_crustal,236,8.137776209156618,6.940967211707757,9.386110511828981,1.1600244898114045,0.9973689817810796,1.323573434908187,6.977751719345213,5.742773029710655,8.259148591740201
cpx,cpx_only,P_kbar,alr,MLP,59,A,A,deep_crustal_MASH,193,4.279974749405787,3.685990958178453,5.037622680588701,1.7890033052952568,1.6194957199011708,1.9630958587277405,2.4909714441105306,1.8533108710225146,3.264469477614281
cpx,cpx_only,P_kbar,alr,MLP,59,A,A,lithospheric_mantle,213,11.175939373936538,8.332671518927583,13.792978635076462,3.9707999798824707,3.7524269870199585,4.187060521352228,7.205139394054068,4.391883445799136,9.77722651675031
cpx,cpx_only,P_kbar,alr,MLP,59,A,A,deeper_mantle,142,26.840716021719672,21.82565241374687,31.815812577852956,25.781208188851313,22.954443898199113,28.951608994707467,1.0595078328683591,-1.9747788826938426,3.7453738247460797
cpx,cpx_only,P_kbar,alr,MLP,59,A,A,ALL,784,13.742734198558445,11.764585742878058,15.715599916492218,11.218887898288356,9.67567645652035,12.72917612749189,2.5238463002700886,1.4456348273290398,3.6840257460321153
cpx,cpx_only,P_kbar,alr,MLP,59,A,B,shallow_crustal,236,8.137776209156618,6.940967211707757,9.386110511828981,8.134145624221095,6.966763528088426,9.353400064502859,0.0036305849355233732,-0.06001701968788649,0.07965717202046019
cpx,cpx_only,P_kbar,alr,MLP,59,A,B,deep_crustal_MASH,193,4.279974749405787,3.685990958178453,5.037622680588701,4.2387572466526375,3.63695183086447,5.006397279584523,0.04121750275314984,0.0043818427901607835,0.09349333230839386
cpx,cpx_only,P_kbar,alr,MLP,59,A,B,lithospheric_mantle,213,11.175939373936538,8.332671518927583,13.792978635076462,10.148578052072043,7.892574640101198,12.257779971192228,1.027361321864495,0.38763772814977465,1.5972047845534538
cpx,cpx_only,P_kbar,alr,MLP,59,A,B,deeper_mantle,142,26.840716021719672,21.82565241374687,31.815812577852956,26.79925494529285,21.578031951262147,31.771076173726343,0.0414610764268204,-0.6008361837321179,0.8321047647355719
cpx,cpx_only,P_kbar,alr,MLP,59,A,B,ALL,784,13.742734198558445,11.764585742878058,15.715599916492218,13.50569030468754,11.454476353076332,15.528183780049012,0.2370438938709043,-0.058665398150068035,0.5751653166279194
cpx,cpx_only,P_kbar,alr,MLP,60,A,A,shallow_crustal,236,8.609384504413258,7.379668865810954,9.850234380872505,1.167884223097395,1.0073610326387152,1.3285518207905795,7.4415002813158635,6.140491326664408,8.681682492098766
cpx,cpx_only,P_kbar,alr,MLP,60,A,A,deep_crustal_MASH,193,4.564270753378973,4.053144356674182,5.139486267639966,1.7039127605122188,1.5330610770598678,1.8760231283307893,2.860357992866754,2.317632079491447,3.4691856208199083
cpx,cpx_only,P_kbar,alr,MLP,60,A,A,lithospheric_mantle,213,10.24179569320605,7.935587364943263,12.474564670124698,3.9191618731043953,3.701611282765319,4.137543047806045,6.322633820101656,3.9677090470109864,8.534892219004677
cpx,cpx_only,P_kbar,alr,MLP,60,A,A,deeper_mantle,142,26.592397052747177,21.761762091635237,31.285192953615358,25.768694375273352,23.190299811067007,28.75609274169376,0.8237026774738254,-2.378152237639916,3.7078860836514687
cpx,cpx_only,P_kbar,alr,MLP,60,A,A,ALL,784,13.565410090743125,11.606026944762444,15.442474235556947,11.205724318701561,9.749834037235669,12.664262668284612,2.359685772041564,1.217594499296222,3.5322291089023956
cpx,cpx_only,P_kbar,alr,MLP,60,A,B,shallow_crustal,236,8.609384504413258,7.379668865810954,9.850234380872505,8.592697960233119,7.350860746239581,9.83562270250917,0.01668654418013915,-0.03225310953540652,0.07435409005678204
cpx,cpx_only,P_kbar,alr,MLP,60,A,B,deep_crustal_MASH,193,4.564270753378973,4.053144356674182,5.139486267639966,4.553551415672397,4.040883521130403,5.129793677927693,0.010719337706576404,0.0,0.026563802234425567
cpx,cpx_only,P_kbar,alr,MLP,60,A,B,lithospheric_mantle,213,10.24179569320605,7.935587364943263,12.474564670124698,9.29781162708494,7.517421159548898,11.008390842944591,0.9439840661211107,0.3560755745545211,1.5015749879362026
cpx,cpx_only,P_kbar,alr,MLP,60,A,B,deeper_mantle,142,26.592397052747177,21.761762091635237,31.285192953615358,27.000354465811466,21.810548491595227,32.0114630750531,-0.40795741306428823,-1.2070415461508128,0.43756190097572856
cpx,cpx_only,P_kbar,alr,MLP,60,A,B,ALL,784,13.565410090743125,11.606026944762444,15.442474235556947,13.522523426314539,11.478108149544216,15.535172296387778,0.04288666442858613,-0.29478598324928024,0.39738924761059746
cpx,cpx_only,P_kbar,alr,MLP,61,A,A,shallow_crustal,236,7.692042029668196,6.577299518825497,8.779729507787101,1.1660560238835957,1.003906314861144,1.3288548809814003,6.5259860057846,5.367636337898535,7.641402255373464
cpx,cpx_only,P_kbar,alr,MLP,61,A,A,deep_crustal_MASH,193,4.228917788349228,3.616023544273361,4.929273004501909,1.78874727049427,1.6247684847471078,1.9583672131452425,2.4401705178549578,1.8004290115393184,3.180204938381127
cpx,cpx_only,P_kbar,alr,MLP,61,A,A,lithospheric_mantle,213,10.104896651070309,7.859800635395709,12.276669138847275,3.919744601069907,3.701277368617137,4.142223929847116,6.1851520500004025,3.8834877426414107,8.376095789827259
cpx,cpx_only,P_kbar,alr,MLP,61,A,A,deeper_mantle,142,26.304098337717754,21.291762214861503,31.188107755861395,26.093795689625956,23.34240372251302,29.222952806713298,0.21030264809179755,-2.9668849008155616,3.037899065911654
cpx,cpx_only,P_kbar,alr,MLP,61,A,A,ALL,784,13.2391124183252,11.267102731474989,15.219697347573408,11.344381051234754,9.800557994119181,12.876586242177993,1.894731367090447,0.8090069738629603,3.0260576306332516
cpx,cpx_only,P_kbar,alr,MLP,61,A,B,shallow_crustal,236,7.692042029668196,6.577299518825497,8.779729507787101,8.01182375631296,6.969660714298189,9.049867237855654,-0.3197817266447647,-0.422542656636787,-0.23874457923443151
cpx,cpx_only,P_kbar,alr,MLP,61,A,B,deep_crustal_MASH,193,4.228917788349228,3.616023544273361,4.929273004501909,4.192578978506107,3.58399427288729,4.898941908218988,0.03633880984312032,0.005574388725535706,0.07721210646790026
cpx,cpx_only,P_kbar,alr,MLP,61,A,B,lithospheric_mantle,213,10.104896651070309,7.859800635395709,12.276669138847275,9.218190863227635,7.479375821164477,10.878073494764381,0.8867057878426738,0.29832404296475357,1.4443559796622005
cpx,cpx_only,P_kbar,alr,MLP,61,A,B,deeper_mantle,142,26.304098337717754,21.291762214861503,31.188107755861395,26.726202588897596,21.414154625858544,31.75310222807675,-0.4221042511798423,-1.0959514016868874,0.3439177562288784
cpx,cpx_only,P_kbar,alr,MLP,61,A,B,ALL,784,13.2391124183252,11.267102731474989,15.219697347573408,13.270634191442973,11.202779216440726,15.303290260554109,-0.031521773117772156,-0.33698433362396774,0.2931824585972954
