model,n,RMSE,MAE,R2
ML-RF opx-liq,194,6.209087327357079,4.183928072888978,0.5998703391760809
