model,n,RMSE,MAE,R2
ML-RF opx-liq,194,65.28909795633115,45.60459708532748,0.8932100112814358
