pipeline,track,target,feature_set,family,feature_name,importance_mean,importance_std,rank
opx,opx_liq,T_C,pwlr,RF,pwlr_SiO2_TiO2,0.17178023508759424,0.027245317141105882,12
opx,opx_liq,T_C,pwlr,RF,pwlr_SiO2_Al2O3,-0.06259249272171914,0.042253943076985566,41
opx,opx_liq,T_C,pwlr,RF,pwlr_SiO2_Cr2O3,-0.04311379426205804,0.03337974391690259,38
opx,opx_liq,T_C,pwlr,RF,pwlr_SiO2_FeO_total,-0.7519159258343159,0.14365122581881873,72
opx,opx_liq,T_C,pwlr,RF,pwlr_SiO2_MnO,-0.056118141150631115,0.10520840034867193,39
opx,opx_liq,T_C,pwlr,RF,pwlr_SiO2_MgO,-0.14889761914159222,0.08999373453076509,55
opx,opx_liq,T_C,pwlr,RF,pwlr_SiO2_CaO,-0.03306974715272944,0.07622185904308795,36
opx,opx_liq,T_C,pwlr,RF,pwlr_SiO2_Na2O,-0.1353638862393602,0.13955729762337069,54
opx,opx_liq,T_C,pwlr,RF,pwlr_TiO2_Al2O3,0.19360307688485462,0.17142915325484104,11
opx,opx_liq,T_C,pwlr,RF,pwlr_TiO2_Cr2O3,-0.15994207167407168,0.09594660819502095,58
opx,opx_liq,T_C,pwlr,RF,pwlr_TiO2_FeO_total,0.026510970403494837,0.05464262525770198,25
opx,opx_liq,T_C,pwlr,RF,pwlr_TiO2_MnO,-0.15904956820956145,0.11322788801849053,57
opx,opx_liq,T_C,pwlr,RF,pwlr_TiO2_MgO,0.10829061577133103,0.04233651746822115,15
opx,opx_liq,T_C,pwlr,RF,pwlr_TiO2_CaO,-0.09574985083144867,0.05156009138990966,49
opx,opx_liq,T_C,pwlr,RF,pwlr_TiO2_Na2O,0.3992291763575878,0.3903209637876555,7
opx,opx_liq,T_C,pwlr,RF,pwlr_Al2O3_Cr2O3,0.030636778015283993,0.056090404225443015,24
opx,opx_liq,T_C,pwlr,RF,pwlr_Al2O3_FeO_total,-0.13191053816765433,0.10599873019578848,53
opx,opx_liq,T_C,pwlr,RF,pwlr_Al2O3_MnO,-0.16130731498955414,0.061809793184217005,60
opx,opx_liq,T_C,pwlr,RF,pwlr_Al2O3_MgO,-0.06817931950770273,0.037555483085907185,44
opx,opx_liq,T_C,pwlr,RF,pwlr_Al2O3_CaO,0.004890755591503648,0.0462594746009557,29
opx,opx_liq,T_C,pwlr,RF,pwlr_Al2O3_Na2O,-0.07743874873281911,0.27480634735903864,45
opx,opx_liq,T_C,pwlr,RF,pwlr_Cr2O3_FeO_total,-0.09327498029396394,0.04708124248640266,47
opx,opx_liq,T_C,pwlr,RF,pwlr_Cr2O3_MnO,-0.0036073201327205596,0.0364168764070129,30
opx,opx_liq,T_C,pwlr,RF,pwlr_Cr2O3_MgO,0.021335264291334966,0.04519308630339537,26
opx,opx_liq,T_C,pwlr,RF,pwlr_Cr2O3_CaO,0.03723991459307143,0.06151420054908967,22
opx,opx_liq,T_C,pwlr,RF,pwlr_Cr2O3_Na2O,-0.117918940267149,0.03700349499177625,50
opx,opx_liq,T_C,pwlr,RF,pwlr_FeO_total_MnO,-0.005934789373049654,0.0813473356252399,32
opx,opx_liq,T_C,pwlr,RF,pwlr_FeO_total_MgO,-0.19267900155730117,0.08167286276970599,66
opx,opx_liq,T_C,pwlr,RF,pwlr_FeO_total_CaO,-0.6281254685642409,0.26387283059182065,71
opx,opx_liq,T_C,pwlr,RF,pwlr_FeO_total_Na2O,0.9521178422350637,0.6154752879666296,5
opx,opx_liq,T_C,pwlr,RF,pwlr_MnO_MgO,0.09553762649427142,0.10868042178798826,17
opx,opx_liq,T_C,pwlr,RF,pwlr_MnO_CaO,0.007824976387681915,0.04667070079403177,28
opx,opx_liq,T_C,pwlr,RF,pwlr_MnO_Na2O,-0.18769421623821075,0.13622890640270308,65
opx,opx_liq,T_C,pwlr,RF,pwlr_MgO_CaO,0.19634306032353238,0.12954276630369813,9
opx,opx_liq,T_C,pwlr,RF,pwlr_MgO_Na2O,-0.02139566332370322,0.12132883981839487,34
opx,opx_liq,T_C,pwlr,RF,pwlr_CaO_Na2O,0.10056883023103821,0.21916585323887494,16
opx,opx_liq,T_C,pwlr,RF,Mg_num,-0.16037021676569624,0.0774522882084677,59
opx,opx_liq,T_C,pwlr,RF,Al_IV,-0.0952527090034195,0.04037373713641155,48
opx,opx_liq,T_C,pwlr,RF,Al_VI,-0.02304234562502927,0.04737460577175884,35
opx,opx_liq,T_C,pwlr,RF,En_frac,-0.2394470621701572,0.09742019984841503,68
opx,opx_liq,T_C,pwlr,RF,Fs_frac,-0.16191524372263402,0.07910289412020939,61
opx,opx_liq,T_C,pwlr,RF,Wo_frac,0.08060485979798457,0.10022861292774736,18
opx,opx_liq,T_C,pwlr,RF,MgTs,0.01000909940416932,0.05434572856032793,27
opx,opx_liq,T_C,pwlr,RF,pwlr_liq_SiO2_TiO2,0.06139322653677226,0.08247204223609277,19
opx,opx_liq,T_C,pwlr,RF,pwlr_liq_SiO2_Al2O3,0.13323119466603045,0.06458759368567805,14
opx,opx_liq,T_C,pwlr,RF,pwlr_liq_SiO2_FeO,0.19570804236895328,0.08478752143079846,10
opx,opx_liq,T_C,pwlr,RF,pwlr_liq_SiO2_MgO,35.51254010686502,3.836958343812683,1
opx,opx_liq,T_C,pwlr,RF,pwlr_liq_SiO2_CaO,0.28465590590997325,0.062252793664544386,8
opx,opx_liq,T_C,pwlr,RF,pwlr_liq_SiO2_Na2O,-0.28148124017719384,0.11735610508370238,69
opx,opx_liq,T_C,pwlr,RF,pwlr_liq_SiO2_K2O,0.031062141063023317,0.02887662097990726,23
opx,opx_liq,T_C,pwlr,RF,pwlr_liq_TiO2_Al2O3,0.16380250892304246,0.0983563828612199,13
opx,opx_liq,T_C,pwlr,RF,pwlr_liq_TiO2_FeO,-0.04146925207961942,0.05660998175680325,37
opx,opx_liq,T_C,pwlr,RF,pwlr_liq_TiO2_MgO,-0.06547559645313186,0.06726004219504055,43
opx,opx_liq,T_C,pwlr,RF,pwlr_liq_TiO2_CaO,0.03806982984091363,0.10486077430490624,21
opx,opx_liq,T_C,pwlr,RF,pwlr_liq_TiO2_Na2O,-0.06132866418685978,0.04248758481323947,40
opx,opx_liq,T_C,pwlr,RF,pwlr_liq_TiO2_K2O,-0.006691265984076722,0.06351682040102545,33
opx,opx_liq,T_C,pwlr,RF,pwlr_liq_Al2O3_FeO,2.29305101759279,0.5142051968201683,4
opx,opx_liq,T_C,pwlr,RF,pwlr_liq_Al2O3_MgO,8.121580032167321,2.3260292962352427,2
opx,opx_liq,T_C,pwlr,RF,pwlr_liq_Al2O3_CaO,-0.3403712931543687,0.09608768241470009,70
opx,opx_liq,T_C,pwlr,RF,pwlr_liq_Al2O3_Na2O,-0.1866493168065496,0.05237197701794693,64
opx,opx_liq,T_C,pwlr,RF,pwlr_liq_Al2O3_K2O,-0.21152675957169081,0.11101762469769702,67
opx,opx_liq,T_C,pwlr,RF,pwlr_liq_FeO_MgO,-0.15028060971653404,0.04925588824174717,56
opx,opx_liq,T_C,pwlr,RF,pwlr_liq_FeO_CaO,0.83717101923597,0.15878751253814502,6
opx,opx_liq,T_C,pwlr,RF,pwlr_liq_FeO_Na2O,-0.12479085916077892,0.08903663384904234,51
opx,opx_liq,T_C,pwlr,RF,pwlr_liq_FeO_K2O,-0.16581457306115227,0.08399453782425553,62
opx,opx_liq,T_C,pwlr,RF,pwlr_liq_MgO_CaO,2.641692519508866,1.1251404178547633,3
opx,opx_liq,T_C,pwlr,RF,pwlr_liq_MgO_Na2O,-0.06265324096500961,0.12024787271998194,42
opx,opx_liq,T_C,pwlr,RF,pwlr_liq_MgO_K2O,0.05591527201396858,0.04782950692501203,20
opx,opx_liq,T_C,pwlr,RF,pwlr_liq_CaO_Na2O,-0.08127173730610267,0.05895254130977406,46
opx,opx_liq,T_C,pwlr,RF,pwlr_liq_CaO_K2O,-0.18308723286174314,0.1087495616389847,63
opx,opx_liq,T_C,pwlr,RF,pwlr_liq_Na2O_K2O,-0.004733205993193934,0.053837092746280936,31
opx,opx_liq,T_C,pwlr,RF,liq_Mg_num,-0.1280819362686813,0.043905699095773826,52
opx,opx_liq,T_C,pwlr,ERT,pwlr_SiO2_TiO2,0.11417184509378302,0.035221547274288466,13
opx,opx_liq,T_C,pwlr,ERT,pwlr_SiO2_Al2O3,-0.09180880935700841,0.06796837691622186,46
opx,opx_liq,T_C,pwlr,ERT,pwlr_SiO2_Cr2O3,-0.159978348816945,0.06884851303300796,56
opx,opx_liq,T_C,pwlr,ERT,pwlr_SiO2_FeO_total,-0.7187798946318779,0.2046234140917084,69
opx,opx_liq,T_C,pwlr,ERT,pwlr_SiO2_MnO,-0.047981561243405225,0.07231901568903515,42
opx,opx_liq,T_C,pwlr,ERT,pwlr_SiO2_MgO,-0.16992659787245828,0.07270591958434468,57
opx,opx_liq,T_C,pwlr,ERT,pwlr_SiO2_CaO,-0.22668195930023033,0.13932795746441873,60
opx,opx_liq,T_C,pwlr,ERT,pwlr_SiO2_Na2O,-0.08740560716442473,0.22141782235076057,45
opx,opx_liq,T_C,pwlr,ERT,pwlr_TiO2_Al2O3,0.1153082542218172,0.14113942465791054,12
opx,opx_liq,T_C,pwlr,ERT,pwlr_TiO2_Cr2O3,-0.22433738837259015,0.10159382631700921,59
opx,opx_liq,T_C,pwlr,ERT,pwlr_TiO2_FeO_total,0.09831818260499858,0.04873551202549119,16
opx,opx_liq,T_C,pwlr,ERT,pwlr_TiO2_MnO,-0.2876694779033258,0.15493513704080053,63
opx,opx_liq,T_C,pwlr,ERT,pwlr_TiO2_MgO,0.03499783834260413,0.034601559182907415,23
opx,opx_liq,T_C,pwlr,ERT,pwlr_TiO2_CaO,-0.06488504566020836,0.04718606941992508,44
opx,opx_liq,T_C,pwlr,ERT,pwlr_TiO2_Na2O,-0.24947581391228155,0.2045357579110359,61
opx,opx_liq,T_C,pwlr,ERT,pwlr_Al2O3_Cr2O3,-0.12605470526942425,0.10238100959462478,53
opx,opx_liq,T_C,pwlr,ERT,pwlr_Al2O3_FeO_total,-0.35892046237344316,0.20139947557982985,65
opx,opx_liq,T_C,pwlr,ERT,pwlr_Al2O3_MnO,-0.1186932058590557,0.0545596773042214,51
opx,opx_liq,T_C,pwlr,ERT,pwlr_Al2O3_MgO,0.026541252437540665,0.053662738456347406,25
opx,opx_liq,T_C,pwlr,ERT,pwlr_Al2O3_CaO,-0.10567054280211394,0.07280361187476071,49
opx,opx_liq,T_C,pwlr,ERT,pwlr_Al2O3_Na2O,0.038376214079281115,0.20212245634711185,21
opx,opx_liq,T_C,pwlr,ERT,pwlr_Cr2O3_FeO_total,-0.13472263280913738,0.06250966077021565,54
opx,opx_liq,T_C,pwlr,ERT,pwlr_Cr2O3_MnO,0.02500830473396718,0.031051837844230955,26
opx,opx_liq,T_C,pwlr,ERT,pwlr_Cr2O3_MgO,-0.09219910004653542,0.06824556758326272,47
opx,opx_liq,T_C,pwlr,ERT,pwlr_Cr2O3_CaO,0.007685093144611699,0.09141307714916448,28
opx,opx_liq,T_C,pwlr,ERT,pwlr_Cr2O3_Na2O,-0.03765864968029788,0.059217339140129464,38
opx,opx_liq,T_C,pwlr,ERT,pwlr_FeO_total_MnO,-0.043583883033578276,0.03629042028151833,40
opx,opx_liq,T_C,pwlr,ERT,pwlr_FeO_total_MgO,-0.8053594885268474,0.15920704464403282,70
opx,opx_liq,T_C,pwlr,ERT,pwlr_FeO_total_CaO,-0.6551557969687082,0.22359916521297804,68
opx,opx_liq,T_C,pwlr,ERT,pwlr_FeO_total_Na2O,0.06718798999530975,0.30135062074150337,19
opx,opx_liq,T_C,pwlr,ERT,pwlr_MnO_MgO,-0.00814141599025433,0.05806654804508076,32
opx,opx_liq,T_C,pwlr,ERT,pwlr_MnO_CaO,-0.05633437789135911,0.09999403952994207,43
opx,opx_liq,T_C,pwlr,ERT,pwlr_MnO_Na2O,-0.18969053580362286,0.10358902329825706,58
opx,opx_liq,T_C,pwlr,ERT,pwlr_MgO_CaO,-0.12457621349086594,0.13805920117029918,52
opx,opx_liq,T_C,pwlr,ERT,pwlr_MgO_Na2O,-0.04747022499544471,0.198900343851135,41
opx,opx_liq,T_C,pwlr,ERT,pwlr_CaO_Na2O,0.2493230300951339,0.26265874512569454,7
opx,opx_liq,T_C,pwlr,ERT,Mg_num,-0.9197987164091032,0.17433947301046013,72
opx,opx_liq,T_C,pwlr,ERT,Al_IV,-0.03197906138603912,0.047036929538440866,37
opx,opx_liq,T_C,pwlr,ERT,Al_VI,0.15540815940014382,0.11948901646565922,10
opx,opx_liq,T_C,pwlr,ERT,En_frac,-0.42684881554947796,0.161878310774726,66
opx,opx_liq,T_C,pwlr,ERT,Fs_frac,-0.8961871244931636,0.1613819465754747,71
opx,opx_liq,T_C,pwlr,ERT,Wo_frac,0.09140875830021358,0.14437011145260836,18
opx,opx_liq,T_C,pwlr,ERT,MgTs,-0.004773281515319638,0.1167991895302573,31
opx,opx_liq,T_C,pwlr,ERT,pwlr_liq_SiO2_TiO2,0.012280550391223954,0.052495441776073015,27
opx,opx_liq,T_C,pwlr,ERT,pwlr_liq_SiO2_Al2O3,0.17191819050516344,0.16513192655309153,9
opx,opx_liq,T_C,pwlr,ERT,pwlr_liq_SiO2_FeO,0.43482649582745764,0.31070179945815424,6
opx,opx_liq,T_C,pwlr,ERT,pwlr_liq_SiO2_MgO,25.545734342718855,3.032902612099502,1
opx,opx_liq,T_C,pwlr,ERT,pwlr_liq_SiO2_CaO,0.22337393776090336,0.08678861520482238,8
opx,opx_liq,T_C,pwlr,ERT,pwlr_liq_SiO2_Na2O,-0.1470814317708644,0.07050177572148256,55
opx,opx_liq,T_C,pwlr,ERT,pwlr_liq_SiO2_K2O,-0.031603530539454285,0.08173963707055316,36
opx,opx_liq,T_C,pwlr,ERT,pwlr_liq_TiO2_Al2O3,0.11137168558512371,0.07972364925235528,15
opx,opx_liq,T_C,pwlr,ERT,pwlr_liq_TiO2_FeO,0.05295409894499059,0.04863636952977788,20
opx,opx_liq,T_C,pwlr,ERT,pwlr_liq_TiO2_MgO,0.124556906671544,0.06033236464486783,11
opx,opx_liq,T_C,pwlr,ERT,pwlr_liq_TiO2_CaO,0.0022905643132325793,0.07082960252127968,30
opx,opx_liq,T_C,pwlr,ERT,pwlr_liq_TiO2_Na2O,-0.10235319647086456,0.03942963248524394,48
opx,opx_liq,T_C,pwlr,ERT,pwlr_liq_TiO2_K2O,0.09699431611431848,0.05283519658301656,17
opx,opx_liq,T_C,pwlr,ERT,pwlr_liq_Al2O3_FeO,2.7534450107902644,0.5094215987426909,3
opx,opx_liq,T_C,pwlr,ERT,pwlr_liq_Al2O3_MgO,9.744111638152628,1.8727101526619936,2
opx,opx_liq,T_C,pwlr,ERT,pwlr_liq_Al2O3_CaO,-0.2694155551985169,0.06919651566022463,62
opx,opx_liq,T_C,pwlr,ERT,pwlr_liq_Al2O3_Na2O,-0.10811589605763813,0.035916032775925484,50
opx,opx_liq,T_C,pwlr,ERT,pwlr_liq_Al2O3_K2O,0.11360184703734717,0.1066343084511643,14
opx,opx_liq,T_C,pwlr,ERT,pwlr_liq_FeO_MgO,-0.295019942878546,0.0842975876638116,64
opx,opx_liq,T_C,pwlr,ERT,pwlr_liq_FeO_CaO,0.6500617870014131,0.10415362425236784,5
opx,opx_liq,T_C,pwlr,ERT,pwlr_liq_FeO_Na2O,-0.021879085352012596,0.13168652226467348,34
opx,opx_liq,T_C,pwlr,ERT,pwlr_liq_FeO_K2O,0.002395874968981815,0.06235082942996719,29
opx,opx_liq,T_C,pwlr,ERT,pwlr_liq_MgO_CaO,2.5870923741208474,0.6908393908341083,4
opx,opx_liq,T_C,pwlr,ERT,pwlr_liq_MgO_Na2O,-0.02887678644627485,0.4836438957174105,35
opx,opx_liq,T_C,pwlr,ERT,pwlr_liq_MgO_K2O,0.0379461844110935,0.19368835159152534,22
opx,opx_liq,T_C,pwlr,ERT,pwlr_liq_CaO_Na2O,-0.03812698056252515,0.08586608350726062,39
opx,opx_liq,T_C,pwlr,ERT,pwlr_liq_CaO_K2O,-0.017766503109220365,0.07507144485593159,33
opx,opx_liq,T_C,pwlr,ERT,pwlr_liq_Na2O_K2O,0.028107150678881965,0.05766491043171462,24
opx,opx_liq,T_C,pwlr,ERT,liq_Mg_num,-0.5751759626405836,0.1768449482212495,67
opx,opx_liq,T_C,raw,XGB,raw_SiO2,-0.570939460491023,0.21387287359712717,21
opx,opx_liq,T_C,raw,XGB,raw_TiO2,-0.08232472985973657,0.45493956800833424,16
opx,opx_liq,T_C,raw,XGB,raw_Al2O3,-0.09520399050988856,0.20110278302449033,18
opx,opx_liq,T_C,raw,XGB,raw_Cr2O3,-1.390317718939538,0.5478515964286449,24
opx,opx_liq,T_C,raw,XGB,raw_FeO_total,-1.8912898490530268,0.458525801863454,25
opx,opx_liq,T_C,raw,XGB,raw_MnO,-0.09025705315619348,0.38718726522965563,17
opx,opx_liq,T_C,raw,XGB,raw_MgO,1.0921079661522968,0.3812156633456209,7
opx,opx_liq,T_C,raw,XGB,raw_CaO,0.8998816674735508,0.34209947858340245,8
opx,opx_liq,T_C,raw,XGB,raw_Na2O,5.812269313257295,1.177472043805042,4
opx,opx_liq,T_C,raw,XGB,Mg_num,-0.7161514666774785,0.18193975080794475,23
opx,opx_liq,T_C,raw,XGB,Al_IV,0.05311745230145561,0.39460051743239244,14
opx,opx_liq,T_C,raw,XGB,Al_VI,0.23218361636549717,0.2500647279361573,12
opx,opx_liq,T_C,raw,XGB,En_frac,-0.30690016108672113,0.25298743726019624,20
opx,opx_liq,T_C,raw,XGB,Fs_frac,-0.714875153722982,0.1262104432507596,22
opx,opx_liq,T_C,raw,XGB,Wo_frac,0.7229357474697948,0.7129401096592095,10
opx,opx_liq,T_C,raw,XGB,MgTs,-0.009868527447770958,0.10174862393536606,15
opx,opx_liq,T_C,raw,XGB,raw_liq_SiO2,5.963990979757362,1.5832008348256357,3
opx,opx_liq,T_C,raw,XGB,raw_liq_TiO2,0.1062655083288945,0.5973882367982187,13
opx,opx_liq,T_C,raw,XGB,raw_liq_Al2O3,6.153649348153589,1.1314747998299162,2
opx,opx_liq,T_C,raw,XGB,raw_liq_FeO,4.036625124119839,0.6984653730919973,5
opx,opx_liq,T_C,raw,XGB,raw_liq_MgO,57.758349603421514,4.861961423314449,1
opx,opx_liq,T_C,raw,XGB,raw_liq_CaO,1.0983886467586779,0.3341509613763647,6
opx,opx_liq,T_C,raw,XGB,raw_liq_Na2O,-0.25371157248212983,0.31795982806731193,19
opx,opx_liq,T_C,raw,XGB,raw_liq_K2O,0.3250145704409647,0.34135609090746694,11
opx,opx_liq,T_C,raw,XGB,liq_Mg_num,0.8378051448801991,0.32131173241323663,9
opx,opx_liq,T_C,raw,GB,raw_SiO2,-0.49449544485377217,0.13294869201153853,23
opx,opx_liq,T_C,raw,GB,raw_TiO2,0.025808251797634085,0.3338960574519965,15
opx,opx_liq,T_C,raw,GB,raw_Al2O3,0.12309855743049028,0.0865476943035668,12
opx,opx_liq,T_C,raw,GB,raw_Cr2O3,-0.8479533804694036,0.480741819924625,25
opx,opx_liq,T_C,raw,GB,raw_FeO_total,-0.2057957100126231,0.2874060988409236,19
opx,opx_liq,T_C,raw,GB,raw_MnO,0.8705684481612422,0.3544534613033607,7
opx,opx_liq,T_C,raw,GB,raw_MgO,1.7646446297500447,0.45254608140920954,6
opx,opx_liq,T_C,raw,GB,raw_CaO,-0.2804290189757346,0.27600310111093346,21
opx,opx_liq,T_C,raw,GB,raw_Na2O,5.472751690557124,1.217536544177908,4
opx,opx_liq,T_C,raw,GB,Mg_num,-0.1361181240385733,0.034917025217741024,18
opx,opx_liq,T_C,raw,GB,Al_IV,0.032558126632844166,0.19310493227876716,14
opx,opx_liq,T_C,raw,GB,Al_VI,0.023027893107302334,0.10203346687512148,16
opx,opx_liq,T_C,raw,GB,En_frac,-0.21446995822819376,0.10568991462393793,20
opx,opx_liq,T_C,raw,GB,Fs_frac,-0.7293071115808608,0.31407050620602034,24
opx,opx_liq,T_C,raw,GB,Wo_frac,0.4888954741288842,0.541484875690488,9
opx,opx_liq,T_C,raw,GB,MgTs,0.059586003548252366,0.1312092220712227,13
opx,opx_liq,T_C,raw,GB,raw_liq_SiO2,7.830348201333405,1.801889518050735,2
opx,opx_liq,T_C,raw,GB,raw_liq_TiO2,0.17709470900674304,0.5548401514306311,11
opx,opx_liq,T_C,raw,GB,raw_liq_Al2O3,5.6898850412339765,1.3256614775912103,3
opx,opx_liq,T_C,raw,GB,raw_liq_FeO,2.3700262340532112,0.4883129871486847,5
opx,opx_liq,T_C,raw,GB,raw_liq_MgO,68.34384159691919,5.227093733539453,1
opx,opx_liq,T_C,raw,GB,raw_liq_CaO,0.434719107915398,0.11502913930487596,10
opx,opx_liq,T_C,raw,GB,raw_liq_Na2O,-0.40204009764396603,0.21553147332190056,22
opx,opx_liq,T_C,raw,GB,raw_liq_K2O,-0.09934272163287403,0.25350407874762654,17
opx,opx_liq,T_C,raw,GB,liq_Mg_num,0.6416553715520038,0.282695259663146,8
opx,opx_liq,T_C,pwlr,CatBoost,pwlr_SiO2_TiO2,-0.029036316229274918,0.029137849055246218,34
opx,opx_liq,T_C,pwlr,CatBoost,pwlr_SiO2_Al2O3,-0.04719633944696398,0.06674219445992424,37
opx,opx_liq,T_C,pwlr,CatBoost,pwlr_SiO2_Cr2O3,-0.1875557200808963,0.17935407532794084,52
opx,opx_liq,T_C,pwlr,CatBoost,pwlr_SiO2_FeO_total,-0.5480194818621719,0.1768382639745676,66
opx,opx_liq,T_C,pwlr,CatBoost,pwlr_SiO2_MnO,-0.07848579917760716,0.04027531879576453,41
opx,opx_liq,T_C,pwlr,CatBoost,pwlr_SiO2_MgO,-0.14170915836419623,0.08622941335914132,47
opx,opx_liq,T_C,pwlr,CatBoost,pwlr_SiO2_CaO,-0.08683494177587078,0.21805911476320503,43
opx,opx_liq,T_C,pwlr,CatBoost,pwlr_SiO2_Na2O,0.3184493376669664,0.16536436525624712,11
opx,opx_liq,T_C,pwlr,CatBoost,pwlr_TiO2_Al2O3,-0.32218541222158165,0.2612816484208893,60
opx,opx_liq,T_C,pwlr,CatBoost,pwlr_TiO2_Cr2O3,-0.3806680018894383,0.17538618727932323,61
opx,opx_liq,T_C,pwlr,CatBoost,pwlr_TiO2_FeO_total,-0.0736216808151184,0.032233063952712644,39
opx,opx_liq,T_C,pwlr,CatBoost,pwlr_TiO2_MnO,-0.6895177311244638,0.3135564961598136,69
opx,opx_liq,T_C,pwlr,CatBoost,pwlr_TiO2_MgO,0.49719810251419644,0.11626285153036424,9
opx,opx_liq,T_C,pwlr,CatBoost,pwlr_TiO2_CaO,-0.6975199576984075,0.339927376167331,70
opx,opx_liq,T_C,pwlr,CatBoost,pwlr_TiO2_Na2O,0.13155836653758896,0.3855012437492529,17
opx,opx_liq,T_C,pwlr,CatBoost,pwlr_Al2O3_Cr2O3,0.024026170064676933,0.04495275130228103,26
opx,opx_liq,T_C,pwlr,CatBoost,pwlr_Al2O3_FeO_total,-0.15495873977926777,0.11365340107314727,48
opx,opx_liq,T_C,pwlr,CatBoost,pwlr_Al2O3_MnO,-0.10109329360673343,0.05560209566792557,44
opx,opx_liq,T_C,pwlr,CatBoost,pwlr_Al2O3_MgO,0.00671594717179147,0.03841110592551327,30
opx,opx_liq,T_C,pwlr,CatBoost,pwlr_Al2O3_CaO,0.03353717590816814,0.03579012338373457,23
opx,opx_liq,T_C,pwlr,CatBoost,pwlr_Al2O3_Na2O,0.6314184253906163,0.22517980478226454,8
opx,opx_liq,T_C,pwlr,CatBoost,pwlr_Cr2O3_FeO_total,-0.20581781847786118,0.07153239493657572,55
opx,opx_liq,T_C,pwlr,CatBoost,pwlr_Cr2O3_MnO,0.18247860056050486,0.11853246996925756,14
opx,opx_liq,T_C,pwlr,CatBoost,pwlr_Cr2O3_MgO,-0.18683395395487706,0.1333597458294319,50
opx,opx_liq,T_C,pwlr,CatBoost,pwlr_Cr2O3_CaO,0.02460804437937867,0.09245727734695336,25
opx,opx_liq,T_C,pwlr,CatBoost,pwlr_Cr2O3_Na2O,-0.021764788871420394,0.04706280241522044,31
opx,opx_liq,T_C,pwlr,CatBoost,pwlr_FeO_total_MnO,-0.6163959356107043,0.2347740153428668,67
opx,opx_liq,T_C,pwlr,CatBoost,pwlr_FeO_total_MgO,-0.6655668434999213,0.19242131973428253,68
opx,opx_liq,T_C,pwlr,CatBoost,pwlr_FeO_total_CaO,-1.0674143058503298,0.2226885966458803,72
opx,opx_liq,T_C,pwlr,CatBoost,pwlr_FeO_total_Na2O,0.47240902159326553,0.5581353740706104,10
opx,opx_liq,T_C,pwlr,CatBoost,pwlr_MnO_MgO,-0.11927779399968089,0.05156294836011879,46
opx,opx_liq,T_C,pwlr,CatBoost,pwlr_MnO_CaO,0.05418966455249077,0.036036119880607106,21
opx,opx_liq,T_C,pwlr,CatBoost,pwlr_MnO_Na2O,-0.04415978520983117,0.07538385129859725,36
opx,opx_liq,T_C,pwlr,CatBoost,pwlr_MgO_CaO,-0.07704208323484849,0.11535298090049763,40
opx,opx_liq,T_C,pwlr,CatBoost,pwlr_MgO_Na2O,0.048075307818228906,0.11554588672753842,22
opx,opx_liq,T_C,pwlr,CatBoost,pwlr_CaO_Na2O,0.24696098317823784,0.24273274212824641,12
opx,opx_liq,T_C,pwlr,CatBoost,Mg_num,-0.27595207112254555,0.06400279065946829,58
opx,opx_liq,T_C,pwlr,CatBoost,Al_IV,-0.040678486951008355,0.17891918509832963,35
opx,opx_liq,T_C,pwlr,CatBoost,Al_VI,0.0673025774921598,0.10640007523050597,20
opx,opx_liq,T_C,pwlr,CatBoost,En_frac,-0.4023653903973809,0.17525957676119897,63
opx,opx_liq,T_C,pwlr,CatBoost,Fs_frac,-0.38233337132648443,0.11071007326255022,62
opx,opx_liq,T_C,pwlr,CatBoost,Wo_frac,-0.10312129463254038,0.31710456291916606,45
opx,opx_liq,T_C,pwlr,CatBoost,MgTs,0.13454656868980236,0.123053365779043,16
opx,opx_liq,T_C,pwlr,CatBoost,pwlr_liq_SiO2_TiO2,-0.22289510041668664,0.05588509613318364,56
opx,opx_liq,T_C,pwlr,CatBoost,pwlr_liq_SiO2_Al2O3,0.7646470134150782,0.3642823883296086,6
opx,opx_liq,T_C,pwlr,CatBoost,pwlr_liq_SiO2_FeO,1.4745668022863427,0.3011742240615236,5
opx,opx_liq,T_C,pwlr,CatBoost,pwlr_liq_SiO2_MgO,21.774347178829192,2.6157373407914117,1
opx,opx_liq,T_C,pwlr,CatBoost,pwlr_liq_SiO2_CaO,-0.026142682361219017,0.07675707909046856,33
opx,opx_liq,T_C,pwlr,CatBoost,pwlr_liq_SiO2_Na2O,0.012784154859701857,0.11656832304668631,28
opx,opx_liq,T_C,pwlr,CatBoost,pwlr_liq_SiO2_K2O,-0.1874617549794763,0.15324193054122953,51
opx,opx_liq,T_C,pwlr,CatBoost,pwlr_liq_TiO2_Al2O3,0.10589785031445516,0.056677244723846124,19
opx,opx_liq,T_C,pwlr,CatBoost,pwlr_liq_TiO2_FeO,-0.27736148549643647,0.043819764107130905,59
opx,opx_liq,T_C,pwlr,CatBoost,pwlr_liq_TiO2_MgO,-0.4094965933056251,0.17333676118829244,64
opx,opx_liq,T_C,pwlr,CatBoost,pwlr_liq_TiO2_CaO,0.014720127371244729,0.08460768304130666,27
opx,opx_liq,T_C,pwlr,CatBoost,pwlr_liq_TiO2_Na2O,-0.02514613194045694,0.09964031568159648,32
opx,opx_liq,T_C,pwlr,CatBoost,pwlr_liq_TiO2_K2O,-0.0831695378063678,0.16089214833143167,42
opx,opx_liq,T_C,pwlr,CatBoost,pwlr_liq_Al2O3_FeO,2.6587503782216033,0.395273225323857,4
opx,opx_liq,T_C,pwlr,CatBoost,pwlr_liq_Al2O3_MgO,5.96729020394387,1.4256296271557058,2
opx,opx_liq,T_C,pwlr,CatBoost,pwlr_liq_Al2O3_CaO,-0.9004989761855235,0.3221850461697115,71
opx,opx_liq,T_C,pwlr,CatBoost,pwlr_liq_Al2O3_Na2O,0.008227687217345191,0.06218790645551754,29
opx,opx_liq,T_C,pwlr,CatBoost,pwlr_liq_Al2O3_K2O,-0.20401376194290322,0.13004780195882104,54
opx,opx_liq,T_C,pwlr,CatBoost,pwlr_liq_FeO_MgO,-0.44062002225633135,0.1753085615747375,65
opx,opx_liq,T_C,pwlr,CatBoost,pwlr_liq_FeO_CaO,0.7528228664045244,0.1319542820636612,7
opx,opx_liq,T_C,pwlr,CatBoost,pwlr_liq_FeO_Na2O,0.11240655877891541,0.06938487195292076,18
opx,opx_liq,T_C,pwlr,CatBoost,pwlr_liq_FeO_K2O,0.033409573033331696,0.029829063796102246,24
opx,opx_liq,T_C,pwlr,CatBoost,pwlr_liq_MgO_CaO,4.575457222450783,1.4723704258270702,3
opx,opx_liq,T_C,pwlr,CatBoost,pwlr_liq_MgO_Na2O,0.1967418695373837,0.19243715217898724,13
opx,opx_liq,T_C,pwlr,CatBoost,pwlr_liq_MgO_K2O,-0.0673956428279574,0.05881249000805776,38
opx,opx_liq,T_C,pwlr,CatBoost,pwlr_liq_CaO_Na2O,-0.172009540056613,0.11347294711481229,49
opx,opx_liq,T_C,pwlr,CatBoost,pwlr_liq_CaO_K2O,-0.19626731108803314,0.09172142659541686,53
opx,opx_liq,T_C,pwlr,CatBoost,pwlr_liq_Na2O_K2O,0.18217789777154395,0.08479071973053015,15
opx,opx_liq,T_C,pwlr,CatBoost,liq_Mg_num,-0.24104466040016703,0.1417137040180725,57
opx,opx_liq,T_C,raw,LightGBM,raw_SiO2,-0.27398704838684934,0.10919074291688032,18
opx,opx_liq,T_C,raw,LightGBM,raw_TiO2,-0.2953923006411827,0.5543587722216157,21
opx,opx_liq,T_C,raw,LightGBM,raw_Al2O3,0.04263237315434978,0.2740627693648264,15
opx,opx_liq,T_C,raw,LightGBM,raw_Cr2O3,-0.2900882452714001,0.5120688458402802,19
opx,opx_liq,T_C,raw,LightGBM,raw_FeO_total,-0.8541404025655162,0.37422994134941473,25
opx,opx_liq,T_C,raw,LightGBM,raw_MnO,0.4266872903219031,0.3398759628446343,10
opx,opx_liq,T_C,raw,LightGBM,raw_MgO,1.8532522178994426,0.4795097592089189,6
opx,opx_liq,T_C,raw,LightGBM,raw_CaO,0.19692294709382452,0.29206696888918837,14
opx,opx_liq,T_C,raw,LightGBM,raw_Na2O,6.058381994792063,1.2306392025710648,4
opx,opx_liq,T_C,raw,LightGBM,Mg_num,-0.5877918839984595,0.19421306507608085,23
opx,opx_liq,T_C,raw,LightGBM,Al_IV,-0.09494463739910017,0.05802978621467089,17
opx,opx_liq,T_C,raw,LightGBM,Al_VI,0.34615767146464904,0.24274291261835113,12
opx,opx_liq,T_C,raw,LightGBM,En_frac,-0.7203508248257243,0.24043309911781244,24
opx,opx_liq,T_C,raw,LightGBM,Fs_frac,-0.29184410934325555,0.21470654475307177,20
opx,opx_liq,T_C,raw,LightGBM,Wo_frac,0.5827634404413239,0.7475450111334362,8
opx,opx_liq,T_C,raw,LightGBM,MgTs,0.024475751017385507,0.06478937749603483,16
opx,opx_liq,T_C,raw,LightGBM,raw_liq_SiO2,6.407437077935181,1.7187056524781323,3
opx,opx_liq,T_C,raw,LightGBM,raw_liq_TiO2,0.2749990516894876,0.7965889571656364,13
opx,opx_liq,T_C,raw,LightGBM,raw_liq_Al2O3,6.946612997008074,1.4361674333134027,2
opx,opx_liq,T_C,raw,LightGBM,raw_liq_FeO,3.5171691442710253,0.752166136789259,5
opx,opx_liq,T_C,raw,LightGBM,raw_liq_MgO,62.40361797947693,5.088195844069057,1
opx,opx_liq,T_C,raw,LightGBM,raw_liq_CaO,1.1566555487784733,0.25697705435288515,7
opx,opx_liq,T_C,raw,LightGBM,raw_liq_Na2O,-0.4950897632410637,0.1988502144674202,22
opx,opx_liq,T_C,raw,LightGBM,raw_liq_K2O,0.3467884573956745,0.3299402018346593,11
opx,opx_liq,T_C,raw,LightGBM,liq_Mg_num,0.562872753687411,0.21544931940469111,9
opx,opx_liq,T_C,raw,ElasticNet,raw_SiO2,0.0,0.0,15
opx,opx_liq,T_C,raw,ElasticNet,raw_TiO2,-0.2781535013982349,0.5424732643664709,24
opx,opx_liq,T_C,raw,ElasticNet,raw_Al2O3,0.0,0.0,16
opx,opx_liq,T_C,raw,ElasticNet,raw_Cr2O3,-0.3509049365753462,0.3135584018008174,25
opx,opx_liq,T_C,raw,ElasticNet,raw_FeO_total,3.054058158116834,1.570150567836441,5
opx,opx_liq,T_C,raw,ElasticNet,raw_MnO,0.2830038937213125,0.10761066121951826,12
opx,opx_liq,T_C,raw,ElasticNet,raw_MgO,0.0,0.0,21
opx,opx_liq,T_C,raw,ElasticNet,raw_CaO,0.0,0.0,18
opx,opx_liq,T_C,raw,ElasticNet,raw_Na2O,2.614939065835098,0.983802003863273,6
opx,opx_liq,T_C,raw,ElasticNet,Mg_num,0.0,0.0,14
opx,opx_liq,T_C,raw,ElasticNet,Al_IV,0.9940947754785426,0.4457652308818063,9
opx,opx_liq,T_C,raw,ElasticNet,Al_VI,6.264532840842056,1.5618187235832113,3
opx,opx_liq,T_C,raw,ElasticNet,En_frac,0.0,0.0,23
opx,opx_liq,T_C,raw,ElasticNet,Fs_frac,0.0,0.0,20
opx,opx_liq,T_C,raw,ElasticNet,Wo_frac,0.32679152169434644,1.3805740189470197,11
opx,opx_liq,T_C,raw,ElasticNet,MgTs,0.0,0.0,19
opx,opx_liq,T_C,raw,ElasticNet,raw_liq_SiO2,0.2300183670798269,0.12434052636725743,13
opx,opx_liq,T_C,raw,ElasticNet,raw_liq_TiO2,0.4214961615245059,0.1598344726669399,10
opx,opx_liq,T_C,raw,ElasticNet,raw_liq_Al2O3,4.00257125868355,0.6442511222569176,4
opx,opx_liq,T_C,raw,ElasticNet,raw_liq_FeO,29.12483170240729,1.9647651139397033,2
opx,opx_liq,T_C,raw,ElasticNet,raw_liq_MgO,57.18811405069797,4.670408273987643,1
opx,opx_liq,T_C,raw,ElasticNet,raw_liq_CaO,0.0,0.0,22
opx,opx_liq,T_C,raw,ElasticNet,raw_liq_Na2O,1.080738420674649,0.4483264987430409,8
opx,opx_liq,T_C,raw,ElasticNet,raw_liq_K2O,1.6382352544613574,0.4441131582080887,7
opx,opx_liq,T_C,raw,ElasticNet,liq_Mg_num,0.0,0.0,17
opx,opx_liq,T_C,alr,MLP,alr_TiO2,16.289468207931723,4.0951841480447575,13
opx,opx_liq,T_C,alr,MLP,alr_Al2O3,190.63723358629957,8.733880673201092,2
opx,opx_liq,T_C,alr,MLP,alr_Cr2O3,7.466985661558444,2.0154022790715374,19
opx,opx_liq,T_C,alr,MLP,alr_FeO_total,150.8588656798802,8.827129934195446,3
opx,opx_liq,T_C,alr,MLP,alr_MnO,5.696856598943225,1.9994542568013391,21
opx,opx_liq,T_C,alr,MLP,alr_MgO,55.98509171790814,6.170530000215101,5
opx,opx_liq,T_C,alr,MLP,alr_CaO,24.70782124164999,4.918720549571978,10
opx,opx_liq,T_C,alr,MLP,alr_Na2O,4.059656339919169,2.816323617529972,22
opx,opx_liq,T_C,alr,MLP,Mg_num,26.92015276368856,4.320582037302987,9
opx,opx_liq,T_C,alr,MLP,Al_IV,218.8199278724715,12.561236242418214,1
opx,opx_liq,T_C,alr,MLP,Al_VI,11.546751348929877,1.2219928530298663,14
opx,opx_liq,T_C,alr,MLP,En_frac,33.64030304866834,4.512374923087868,6
opx,opx_liq,T_C,alr,MLP,Fs_frac,27.698037752203483,4.354868209011989,8
opx,opx_liq,T_C,alr,MLP,Wo_frac,21.455194385409023,2.983870621946283,11
opx,opx_liq,T_C,alr,MLP,MgTs,9.948712805230967,1.696626067028054,16
opx,opx_liq,T_C,alr,MLP,alr_liq_TiO2,6.651837582624731,1.5758333253142536,20
opx,opx_liq,T_C,alr,MLP,alr_liq_Al2O3,32.87365781393895,4.622127609503923,7
opx,opx_liq,T_C,alr,MLP,alr_liq_FeO,69.06629153001623,6.579556684278208,4
opx,opx_liq,T_C,alr,MLP,alr_liq_MgO,8.68140805586897,1.7940245302427131,17
opx,opx_liq,T_C,alr,MLP,alr_liq_CaO,-3.6535963835522756,0.8513408015084034,23
opx,opx_liq,T_C,alr,MLP,alr_liq_Na2O,18.721161224448498,2.8130268100720306,12
opx,opx_liq,T_C,alr,MLP,alr_liq_K2O,7.8635195733408265,1.5881952345573422,18
opx,opx_liq,T_C,alr,MLP,liq_Mg_num,10.783152232719699,2.099168833954773,15
opx,opx_liq,P_kbar,alr,RF,alr_TiO2,0.1126798720055738,0.027950901448435612,8
opx,opx_liq,P_kbar,alr,RF,alr_Al2O3,0.030916406104479145,0.09107004521975365,12
opx,opx_liq,P_kbar,alr,RF,alr_Cr2O3,-0.08547425760059135,0.021499202331319668,22
opx,opx_liq,P_kbar,alr,RF,alr_FeO_total,-0.062227255541936935,0.012674930823823007,20
opx,opx_liq,P_kbar,alr,RF,alr_MnO,0.03860228567750514,0.015073801231564354,11
opx,opx_liq,P_kbar,alr,RF,alr_MgO,-0.0790638747136971,0.011896078172330347,21
opx,opx_liq,P_kbar,alr,RF,alr_CaO,-0.027403266834836203,0.007799571173884768,17
opx,opx_liq,P_kbar,alr,RF,alr_Na2O,0.7521675793733633,0.124105807448821,2
opx,opx_liq,P_kbar,alr,RF,Mg_num,-0.039008483395588864,0.008216739871013097,19
opx,opx_liq,P_kbar,alr,RF,Al_IV,-0.00743832318117037,0.0077355463125046015,13
opx,opx_liq,P_kbar,alr,RF,Al_VI,0.6991949777950979,0.10648346765475396,3
opx,opx_liq,P_kbar,alr,RF,En_frac,-0.17570488029895798,0.028527898161376585,23
opx,opx_liq,P_kbar,alr,RF,Fs_frac,-0.03223934393997267,0.011306147998697584,18
opx,opx_liq,P_kbar,alr,RF,Wo_frac,-0.024000952733217673,0.006087055429570999,16
opx,opx_liq,P_kbar,alr,RF,MgTs,0.5643595587497742,0.11022074692372634,4
opx,opx_liq,P_kbar,alr,RF,alr_liq_TiO2,0.14297866512240637,0.046710938809267924,7
opx,opx_liq,P_kbar,alr,RF,alr_liq_Al2O3,0.25872677030871294,0.036374616714841705,6
opx,opx_liq,P_kbar,alr,RF,alr_liq_FeO,0.2835207510645938,0.05788349617144008,5
opx,opx_liq,P_kbar,alr,RF,alr_liq_MgO,3.6423527897647565,0.3033706043109808,1
opx,opx_liq,P_kbar,alr,RF,alr_liq_CaO,-0.014100354304919627,0.011495007255826424,15
opx,opx_liq,P_kbar,alr,RF,alr_liq_Na2O,0.10797187523815825,0.04243096137331025,9
opx,opx_liq,P_kbar,alr,RF,alr_liq_K2O,0.08031700846078885,0.03210389070524238,10
opx,opx_liq,P_kbar,alr,RF,liq_Mg_num,-0.011369493191815572,0.035506541523311924,14
opx,opx_liq,P_kbar,raw,ERT,raw_SiO2,0.0019965572618712013,0.0070389422165099075,13
opx,opx_liq,P_kbar,raw,ERT,raw_TiO2,-0.025387771804262726,0.011488833617418006,15
opx,opx_liq,P_kbar,raw,ERT,raw_Al2O3,0.27301869991245076,0.0748752091098252,7
opx,opx_liq,P_kbar,raw,ERT,raw_Cr2O3,-0.011504738107594958,0.016767270821596975,14
opx,opx_liq,P_kbar,raw,ERT,raw_FeO_total,-0.1729821366062878,0.06409267383531146,25
opx,opx_liq,P_kbar,raw,ERT,raw_MnO,-0.027710030672120745,0.01487909842365457,16
opx,opx_liq,P_kbar,raw,ERT,raw_MgO,-0.07608535532523501,0.009420099691481694,19
opx,opx_liq,P_kbar,raw,ERT,raw_CaO,-0.05204248263340676,0.011261302037474132,17
opx,opx_liq,P_kbar,raw,ERT,raw_Na2O,0.6462471528955362,0.12126144178604384,4
opx,opx_liq,P_kbar,raw,ERT,Mg_num,-0.1156546536763238,0.03142643624452291,22
opx,opx_liq,P_kbar,raw,ERT,Al_IV,0.048309225019525795,0.030063911847813294,10
opx,opx_liq,P_kbar,raw,ERT,Al_VI,0.4801127421433341,0.07960339214666975,5
opx,opx_liq,P_kbar,raw,ERT,En_frac,-0.09724664802498748,0.016210189026061014,21
opx,opx_liq,P_kbar,raw,ERT,Fs_frac,-0.13702555257060745,0.038376279243536544,24
opx,opx_liq,P_kbar,raw,ERT,Wo_frac,-0.054792712368955644,0.014930545945320756,18
opx,opx_liq,P_kbar,raw,ERT,MgTs,0.36168349932417726,0.07612900341006688,6
opx,opx_liq,P_kbar,raw,ERT,raw_liq_SiO2,1.224714462739635,0.15595206686331264,2
opx,opx_liq,P_kbar,raw,ERT,raw_liq_TiO2,0.01931121241883833,0.022393751708270425,12
opx,opx_liq,P_kbar,raw,ERT,raw_liq_Al2O3,0.7928818925685002,0.09899316681825002,3
opx,opx_liq,P_kbar,raw,ERT,raw_liq_FeO,0.2251196089376491,0.02226692504760627,8
opx,opx_liq,P_kbar,raw,ERT,raw_liq_MgO,1.2575659753465263,0.12116720947891627,1
opx,opx_liq,P_kbar,raw,ERT,raw_liq_CaO,-0.0822816916148883,0.021776396795853213,20
opx,opx_liq,P_kbar,raw,ERT,raw_liq_Na2O,0.05020158830329184,0.014420648416563861,9
opx,opx_liq,P_kbar,raw,ERT,raw_liq_K2O,0.031158237848959835,0.028340079701264235,11
opx,opx_liq,P_kbar,raw,ERT,liq_Mg_num,-0.1184270750386347,0.07033899555812378,23
opx,opx_liq,P_kbar,raw,XGB,raw_SiO2,-0.03487443783043136,0.01270502735266902,21
opx,opx_liq,P_kbar,raw,XGB,raw_TiO2,0.08861902469560615,0.05681801306790788,9
opx,opx_liq,P_kbar,raw,XGB,raw_Al2O3,0.13025613067417913,0.028534317778996867,8
opx,opx_liq,P_kbar,raw,XGB,raw_Cr2O3,-0.010537709813616259,0.021861533547482614,17
opx,opx_liq,P_kbar,raw,XGB,raw_FeO_total,-0.11117268789481898,0.06605075195514702,25
opx,opx_liq,P_kbar,raw,XGB,raw_MnO,0.08447287066520537,0.024225745970571626,10
opx,opx_liq,P_kbar,raw,XGB,raw_MgO,-0.08494541344693692,0.023246442922488734,24
opx,opx_liq,P_kbar,raw,XGB,raw_CaO,0.0003080498730898551,0.01499672112213158,15
opx,opx_liq,P_kbar,raw,XGB,raw_Na2O,0.8310140535576777,0.15658389029672515,3
opx,opx_liq,P_kbar,raw,XGB,Mg_num,-0.011597470179269287,0.006868267295344366,19
opx,opx_liq,P_kbar,raw,XGB,Al_IV,0.03911266970321452,0.012875013530624384,12
opx,opx_liq,P_kbar,raw,XGB,Al_VI,0.7280037045804826,0.07287129321952626,4
opx,opx_liq,P_kbar,raw,XGB,En_frac,-0.015905974382042977,0.010930313628985328,20
opx,opx_liq,P_kbar,raw,XGB,Fs_frac,-0.011101195634992367,0.00863373371031227,18
opx,opx_liq,P_kbar,raw,XGB,Wo_frac,0.03188159424239969,0.02027794689534469,13
opx,opx_liq,P_kbar,raw,XGB,MgTs,0.483179207494809,0.06313085433819669,5
opx,opx_liq,P_kbar,raw,XGB,raw_liq_SiO2,2.8347040113141846,0.2860092803230781,1
opx,opx_liq,P_kbar,raw,XGB,raw_liq_TiO2,-0.0013062071633644478,0.029881678927469117,16
opx,opx_liq,P_kbar,raw,XGB,raw_liq_Al2O3,0.4708475463498683,0.08721005108746745,6
opx,opx_liq,P_kbar,raw,XGB,raw_liq_FeO,0.07218437377549587,0.01574116372557511,11
opx,opx_liq,P_kbar,raw,XGB,raw_liq_MgO,1.4953946536586673,0.1363763534245294,2
opx,opx_liq,P_kbar,raw,XGB,raw_liq_CaO,0.020359898101972897,0.01907350804275987,14
opx,opx_liq,P_kbar,raw,XGB,raw_liq_Na2O,0.14924606535734442,0.02388564412088506,7
opx,opx_liq,P_kbar,raw,XGB,raw_liq_K2O,-0.0419620920041869,0.05689313096289713,22
opx,opx_liq,P_kbar,raw,XGB,liq_Mg_num,-0.06550117243353956,0.04666359003377085,23
opx,opx_liq,P_kbar,raw,GB,raw_SiO2,-0.03971380197527794,0.03396519337813882,21
opx,opx_liq,P_kbar,raw,GB,raw_TiO2,0.1024403858176381,0.06460293788571225,10
opx,opx_liq,P_kbar,raw,GB,raw_Al2O3,0.017395808736530727,0.017180404656304965,15
opx,opx_liq,P_kbar,raw,GB,raw_Cr2O3,-0.009138741264676708,0.021091829903020602,19
opx,opx_liq,P_kbar,raw,GB,raw_FeO_total,-0.08009039213926465,0.09858889689686214,23
opx,opx_liq,P_kbar,raw,GB,raw_MnO,0.11258063500451558,0.021267099498413256,8
opx,opx_liq,P_kbar,raw,GB,raw_MgO,-0.2149129220520075,0.04103777968501879,25
opx,opx_liq,P_kbar,raw,GB,raw_CaO,0.03886150625787357,0.015757140934090037,13
opx,opx_liq,P_kbar,raw,GB,raw_Na2O,0.8267509106721775,0.1491246773895548,3
opx,opx_liq,P_kbar,raw,GB,Mg_num,0.028710478222508364,0.012701865435006347,14
opx,opx_liq,P_kbar,raw,GB,Al_IV,0.05255228177888634,0.024767732602008766,12
opx,opx_liq,P_kbar,raw,GB,Al_VI,0.7399134091357821,0.07993310848229858,4
opx,opx_liq,P_kbar,raw,GB,En_frac,-0.08877554071166553,0.013050968279084633,24
opx,opx_liq,P_kbar,raw,GB,Fs_frac,0.001209216582656758,0.0018109441717775055,17
opx,opx_liq,P_kbar,raw,GB,Wo_frac,0.10845886656021064,0.04641708476324443,9
opx,opx_liq,P_kbar,raw,GB,MgTs,0.5902542675474874,0.07357795117414676,5
opx,opx_liq,P_kbar,raw,GB,raw_liq_SiO2,3.2597808931437804,0.33003172187440244,1
opx,opx_liq,P_kbar,raw,GB,raw_liq_TiO2,0.07669440349932755,0.05221106314873281,11
opx,opx_liq,P_kbar,raw,GB,raw_liq_Al2O3,0.5037857497816525,0.09289781852075218,6
opx,opx_liq,P_kbar,raw,GB,raw_liq_FeO,-0.00407355566651062,0.01227641639002228,18
opx,opx_liq,P_kbar,raw,GB,raw_liq_MgO,1.252795133109444,0.12045356341059822,2
opx,opx_liq,P_kbar,raw,GB,raw_liq_CaO,0.008319789181680238,0.024370934913786488,16
opx,opx_liq,P_kbar,raw,GB,raw_liq_Na2O,0.13601455838846724,0.03976508761605637,7
opx,opx_liq,P_kbar,raw,GB,raw_liq_K2O,-0.07902627464708663,0.05079674622905291,22
opx,opx_liq,P_kbar,raw,GB,liq_Mg_num,-0.03002281541659988,0.02352273397057832,20
opx,opx_liq,P_kbar,alr,CatBoost,alr_TiO2,-0.023318254145847962,0.06157448014460289,20
opx,opx_liq,P_kbar,alr,CatBoost,alr_Al2O3,0.15208060491737543,0.0730264101942386,7
opx,opx_liq,P_kbar,alr,CatBoost,alr_Cr2O3,-0.08843855774259426,0.023164539090090037,23
opx,opx_liq,P_kbar,alr,CatBoost,alr_FeO_total,-0.006673532970196216,0.017617006561842757,15
opx,opx_liq,P_kbar,alr,CatBoost,alr_MnO,-0.005153355897217926,0.019224940776134763,14
opx,opx_liq,P_kbar,alr,CatBoost,alr_MgO,0.02145345127823286,0.016255318824143657,10
opx,opx_liq,P_kbar,alr,CatBoost,alr_CaO,-0.06675873189012513,0.030070017921173947,22
opx,opx_liq,P_kbar,alr,CatBoost,alr_Na2O,0.6754048584017364,0.12151631433720629,2
opx,opx_liq,P_kbar,alr,CatBoost,Mg_num,-0.02116177468511622,0.016147493403357145,19
opx,opx_liq,P_kbar,alr,CatBoost,Al_IV,0.00170615872986013,0.026061717115026927,12
opx,opx_liq,P_kbar,alr,CatBoost,Al_VI,0.5667670823508577,0.12263998995437023,3
opx,opx_liq,P_kbar,alr,CatBoost,En_frac,-0.0037244801539314753,0.009820575088893854,13
opx,opx_liq,P_kbar,alr,CatBoost,Fs_frac,-0.016934020311280752,0.025015529254851832,17
opx,opx_liq,P_kbar,alr,CatBoost,Wo_frac,-0.06175087884760568,0.035808307752747216,21
opx,opx_liq,P_kbar,alr,CatBoost,MgTs,0.5099837590405596,0.1087818201503751,4
opx,opx_liq,P_kbar,alr,CatBoost,alr_liq_TiO2,0.24473160342477657,0.04810487428809021,6
opx,opx_liq,P_kbar,alr,CatBoost,alr_liq_Al2O3,0.04898311868749818,0.02613685570864303,8
opx,opx_liq,P_kbar,alr,CatBoost,alr_liq_FeO,0.43827704882542645,0.08303747388385162,5
opx,opx_liq,P_kbar,alr,CatBoost,alr_liq_MgO,3.5203382730325865,0.26263115177891244,1
opx,opx_liq,P_kbar,alr,CatBoost,alr_liq_CaO,0.0060842865188489356,0.01979178399662599,11
opx,opx_liq,P_kbar,alr,CatBoost,alr_liq_Na2O,0.02247823681309442,0.02566488445090046,9
opx,opx_liq,P_kbar,alr,CatBoost,alr_liq_K2O,-0.016965446852207577,0.05759423386549489,18
opx,opx_liq,P_kbar,alr,CatBoost,liq_Mg_num,-0.011913958428020389,0.011390776223179926,16
opx,opx_liq,P_kbar,raw,LightGBM,raw_SiO2,-0.02214896399702777,0.017572925427962863,20
opx,opx_liq,P_kbar,raw,LightGBM,raw_TiO2,-0.015754119563689616,0.03885445278608511,18
opx,opx_liq,P_kbar,raw,LightGBM,raw_Al2O3,0.09752676093250896,0.027910278428606848,8
opx,opx_liq,P_kbar,raw,LightGBM,raw_Cr2O3,-0.02649060115701616,0.012333353805022143,21
opx,opx_liq,P_kbar,raw,LightGBM,raw_FeO_total,-0.15465938803807716,0.0936492979906157,24
opx,opx_liq,P_kbar,raw,LightGBM,raw_MnO,0.009896613543078737,0.012819462564631416,13
opx,opx_liq,P_kbar,raw,LightGBM,raw_MgO,-0.18001581786063436,0.03573363595652443,25
opx,opx_liq,P_kbar,raw,LightGBM,raw_CaO,0.05356845096540406,0.015921211935467777,10
opx,opx_liq,P_kbar,raw,LightGBM,raw_Na2O,0.9801309513854599,0.17373060852616937,4
opx,opx_liq,P_kbar,raw,LightGBM,Mg_num,0.007762672738802978,0.007732255826970168,14
opx,opx_liq,P_kbar,raw,LightGBM,Al_IV,0.027909085965308257,0.017050048584916936,12
opx,opx_liq,P_kbar,raw,LightGBM,Al_VI,0.9821646649448713,0.10323706403450011,3
opx,opx_liq,P_kbar,raw,LightGBM,En_frac,-0.07652804406821648,0.020561978011009344,22
opx,opx_liq,P_kbar,raw,LightGBM,Fs_frac,-0.020813617810469597,0.018633906221088636,19
opx,opx_liq,P_kbar,raw,LightGBM,Wo_frac,0.028295914802732858,0.017741717191344077,11
opx,opx_liq,P_kbar,raw,LightGBM,MgTs,0.44562614151257024,0.05222884303450774,5
opx,opx_liq,P_kbar,raw,LightGBM,raw_liq_SiO2,2.845489096878464,0.3223124652329365,1
opx,opx_liq,P_kbar,raw,LightGBM,raw_liq_TiO2,0.056423706749786404,0.0421147275793145,9
opx,opx_liq,P_kbar,raw,LightGBM,raw_liq_Al2O3,0.41759732329829785,0.08368460965785933,6
opx,opx_liq,P_kbar,raw,LightGBM,raw_liq_FeO,0.0045555444838099035,0.011698286248341473,16
opx,opx_liq,P_kbar,raw,LightGBM,raw_liq_MgO,1.2801683306616873,0.13233911081311517,2
opx,opx_liq,P_kbar,raw,LightGBM,raw_liq_CaO,-0.0099563843111365,0.026561820900450606,17
opx,opx_liq,P_kbar,raw,LightGBM,raw_liq_Na2O,0.1294695355008162,0.03209783309397111,7
opx,opx_liq,P_kbar,raw,LightGBM,raw_liq_K2O,-0.0939115778551896,0.07111360572286705,23
opx,opx_liq,P_kbar,raw,LightGBM,liq_Mg_num,0.006554483337629957,0.03199149861230704,15
opx,opx_liq,P_kbar,raw,ElasticNet,raw_SiO2,0.10889938539582907,0.0390369430519665,14
opx,opx_liq,P_kbar,raw,ElasticNet,raw_TiO2,0.6314519069419832,0.16519816329996356,9
opx,opx_liq,P_kbar,raw,ElasticNet,raw_Al2O3,0.0,0.0,22
opx,opx_liq,P_kbar,raw,ElasticNet,raw_Cr2O3,0.09214840585385593,0.043508237492439705,15
opx,opx_liq,P_kbar,raw,ElasticNet,raw_FeO_total,0.0,0.0,17
opx,opx_liq,P_kbar,raw,ElasticNet,raw_MnO,-0.0007603081762574959,0.008980429061352478,23
opx,opx_liq,P_kbar,raw,ElasticNet,raw_MgO,0.05420087511440719,0.017061290052471364,16
opx,opx_liq,P_kbar,raw,ElasticNet,raw_CaO,13.3032189468312,0.7924537679453784,1
opx,opx_liq,P_kbar,raw,ElasticNet,raw_Na2O,0.17335760865723904,0.052185446177448004,13
opx,opx_liq,P_kbar,raw,ElasticNet,Mg_num,0.0,0.0,19
opx,opx_liq,P_kbar,raw,ElasticNet,Al_IV,0.0,0.0,21
opx,opx_liq,P_kbar,raw,ElasticNet,Al_VI,2.65648098905084,0.23206385745791086,4
opx,opx_liq,P_kbar,raw,ElasticNet,En_frac,0.0,0.0,18
opx,opx_liq,P_kbar,raw,ElasticNet,Fs_frac,0.0,0.0,20
opx,opx_liq,P_kbar,raw,ElasticNet,Wo_frac,12.592578790230698,0.6089474151516809,2
opx,opx_liq,P_kbar,raw,ElasticNet,MgTs,0.17431518068513507,0.05306766762314237,12
opx,opx_liq,P_kbar,raw,ElasticNet,raw_liq_SiO2,2.581980407996271,0.2167598258341679,5
opx,opx_liq,P_kbar,raw,ElasticNet,raw_liq_TiO2,0.2402200455081193,0.058957382065890684,11
opx,opx_liq,P_kbar,raw,ElasticNet,raw_liq_Al2O3,1.7865561071362364,0.15440934422211203,6
opx,opx_liq,P_kbar,raw,ElasticNet,raw_liq_FeO,0.3977051704927601,0.18826400703804727,10
opx,opx_liq,P_kbar,raw,ElasticNet,raw_liq_MgO,3.3346831324575112,0.3136732020814169,3
opx,opx_liq,P_kbar,raw,ElasticNet,raw_liq_CaO,1.0960257388975276,0.11805992183754783,8
opx,opx_liq,P_kbar,raw,ElasticNet,raw_liq_Na2O,-0.09603173931276401,0.026306902998941836,25
opx,opx_liq,P_kbar,raw,ElasticNet,raw_liq_K2O,-0.05725521435134251,0.04819621345991104,24
opx,opx_liq,P_kbar,raw,ElasticNet,liq_Mg_num,1.5966964478931007,0.19462308329348232,7
opx,opx_liq,P_kbar,raw,MLP,raw_SiO2,-0.031217748768601172,0.04089171255307264,24
opx,opx_liq,P_kbar,raw,MLP,raw_TiO2,0.7629253165638182,0.17954878333415486,6
opx,opx_liq,P_kbar,raw,MLP,raw_Al2O3,0.9388854063671352,0.20972576278176225,5
opx,opx_liq,P_kbar,raw,MLP,raw_Cr2O3,0.22673018697207742,0.08195494560954893,12
opx,opx_liq,P_kbar,raw,MLP,raw_FeO_total,0.010321976458520354,0.030910818860431854,21
opx,opx_liq,P_kbar,raw,MLP,raw_MnO,0.007220857227095134,0.04840751736973585,22
opx,opx_liq,P_kbar,raw,MLP,raw_MgO,0.05094734515734971,0.03835402678627436,19
opx,opx_liq,P_kbar,raw,MLP,raw_CaO,0.075074569140097,0.07928835963904549,16
opx,opx_liq,P_kbar,raw,MLP,raw_Na2O,0.25906328527351435,0.1331668987015235,11
opx,opx_liq,P_kbar,raw,MLP,Mg_num,0.058470049102674906,0.040208075185625754,18
opx,opx_liq,P_kbar,raw,MLP,Al_IV,0.06508371797444101,0.09266570190358227,17
opx,opx_liq,P_kbar,raw,MLP,Al_VI,1.4551500515865783,0.22073235640085775,3
opx,opx_liq,P_kbar,raw,MLP,En_frac,0.12295445046621722,0.04842563408878844,14
opx,opx_liq,P_kbar,raw,MLP,Fs_frac,0.02355228055919867,0.04628651546531894,20
opx,opx_liq,P_kbar,raw,MLP,Wo_frac,-0.1582945362113643,0.06543166052399689,25
opx,opx_liq,P_kbar,raw,MLP,MgTs,0.26436685883139444,0.123322524260354,10
opx,opx_liq,P_kbar,raw,MLP,raw_liq_SiO2,2.114250793617587,0.2753221177717192,1
opx,opx_liq,P_kbar,raw,MLP,raw_liq_TiO2,-0.027628011870509516,0.03167501884760632,23
opx,opx_liq,P_kbar,raw,MLP,raw_liq_Al2O3,1.926050740375667,0.310201310101921,2
opx,opx_liq,P_kbar,raw,MLP,raw_liq_FeO,1.2433612765211812,0.18466547460569918,4
opx,opx_liq,P_kbar,raw,MLP,raw_liq_MgO,0.5616561021582365,0.09543341035832782,7
opx,opx_liq,P_kbar,raw,MLP,raw_liq_CaO,0.5089680196889341,0.0626900921038287,8
opx,opx_liq,P_kbar,raw,MLP,raw_liq_Na2O,0.11648635710539276,0.07458992717895384,15
opx,opx_liq,P_kbar,raw,MLP,raw_liq_K2O,0.1362982060937067,0.08896188894836811,13
opx,opx_liq,P_kbar,raw,MLP,liq_Mg_num,0.4519104145232974,0.10297868769728268,9
opx,opx_only,T_C,pwlr,RF,pwlr_SiO2_TiO2,1.2222383190512418,0.36794955536155094,7
opx,opx_only,T_C,pwlr,RF,pwlr_SiO2_Al2O3,-0.31726315115162296,0.2664029818905457,32
opx,opx_only,T_C,pwlr,RF,pwlr_SiO2_Cr2O3,1.0500373482151573,0.6823062963210922,10
opx,opx_only,T_C,pwlr,RF,pwlr_SiO2_FeO_total,-0.8663652070067357,0.2558284742117351,40
opx,opx_only,T_C,pwlr,RF,pwlr_SiO2_MnO,0.6675132487306769,0.633171596888602,13
opx,opx_only,T_C,pwlr,RF,pwlr_SiO2_MgO,-0.32565872115440725,0.32956234301973597,34
opx,opx_only,T_C,pwlr,RF,pwlr_SiO2_CaO,-0.1948821249471621,0.20303550851043334,28
opx,opx_only,T_C,pwlr,RF,pwlr_SiO2_Na2O,2.2490091529867255,0.5084889724986343,4
opx,opx_only,T_C,pwlr,RF,pwlr_TiO2_Al2O3,-0.006433241744697682,0.5733167900251495,23
opx,opx_only,T_C,pwlr,RF,pwlr_TiO2_Cr2O3,0.021481239501416383,0.5009473248423384,22
opx,opx_only,T_C,pwlr,RF,pwlr_TiO2_FeO_total,0.22867892711856824,0.38251265492720216,17
opx,opx_only,T_C,pwlr,RF,pwlr_TiO2_MnO,-0.34242324356226844,0.13778151036543265,35
opx,opx_only,T_C,pwlr,RF,pwlr_TiO2_MgO,0.6326219664627203,0.2271144409101302,14
opx,opx_only,T_C,pwlr,RF,pwlr_TiO2_CaO,0.49112612157504004,0.3006030780219402,15
opx,opx_only,T_C,pwlr,RF,pwlr_TiO2_Na2O,-0.26827228971685885,0.26776244381213654,31
opx,opx_only,T_C,pwlr,RF,pwlr_Al2O3_Cr2O3,-0.2643109523562117,0.2412883234715924,30
opx,opx_only,T_C,pwlr,RF,pwlr_Al2O3_FeO_total,-0.6933796588526875,0.20604623931792038,39
opx,opx_only,T_C,pwlr,RF,pwlr_Al2O3_MnO,-2.132919286159583,0.6049726600683093,43
opx,opx_only,T_C,pwlr,RF,pwlr_Al2O3_MgO,-0.12091150958184187,0.19960720133785542,26
opx,opx_only,T_C,pwlr,RF,pwlr_Al2O3_CaO,0.0848714246013614,0.15586247142466517,21
opx,opx_only,T_C,pwlr,RF,pwlr_Al2O3_Na2O,1.1236265816717563,0.29374057047346186,9
opx,opx_only,T_C,pwlr,RF,pwlr_Cr2O3_FeO_total,4.659976023077206,1.6949162882375166,1
opx,opx_only,T_C,pwlr,RF,pwlr_Cr2O3_MnO,2.8811665178333414,0.9524705928678372,3
opx,opx_only,T_C,pwlr,RF,pwlr_Cr2O3_MgO,1.2046446456836122,0.5927789718761347,8
opx,opx_only,T_C,pwlr,RF,pwlr_Cr2O3_CaO,1.5937770578242876,0.9508174037749588,5
opx,opx_only,T_C,pwlr,RF,pwlr_Cr2O3_Na2O,0.1946505436681349,0.23720244245809868,19
opx,opx_only,T_C,pwlr,RF,pwlr_FeO_total_MnO,-0.20042253702234802,0.18258834729094428,29
opx,opx_only,T_C,pwlr,RF,pwlr_FeO_total_MgO,-0.6117396690174033,0.29627680968545145,36
opx,opx_only,T_C,pwlr,RF,pwlr_FeO_total_CaO,0.7822665436188316,2.735531598987414,11
opx,opx_only,T_C,pwlr,RF,pwlr_FeO_total_Na2O,4.253141160648433,0.880513265982771,2
opx,opx_only,T_C,pwlr,RF,pwlr_MnO_MgO,-0.19248601122037598,0.505687294038708,27
opx,opx_only,T_C,pwlr,RF,pwlr_MnO_CaO,0.2055204313509492,0.4168898467510132,18
opx,opx_only,T_C,pwlr,RF,pwlr_MnO_Na2O,0.6993673631588251,0.12220297325270853,12
opx,opx_only,T_C,pwlr,RF,pwlr_MgO_CaO,-0.07352628964174528,0.16055887613506714,24
opx,opx_only,T_C,pwlr,RF,pwlr_MgO_Na2O,1.516679805394719,0.21928470259099617,6
opx,opx_only,T_C,pwlr,RF,pwlr_CaO_Na2O,0.3759818610503345,0.1702070171352586,16
opx,opx_only,T_C,pwlr,RF,Mg_num,-0.9867681092353309,0.30812728144271045,42
opx,opx_only,T_C,pwlr,RF,Al_IV,-0.10373967842158294,0.20219172736411772,25
opx,opx_only,T_C,pwlr,RF,Al_VI,0.10528317109246643,0.1836447309264755,20
opx,opx_only,T_C,pwlr,RF,En_frac,-0.9446806884332546,0.386956585206253,41
opx,opx_only,T_C,pwlr,RF,Fs_frac,-0.642384271734997,0.24718291884459678,37
opx,opx_only,T_C,pwlr,RF,Wo_frac,-0.689859027899054,0.2725532307224202,38
opx,opx_only,T_C,pwlr,RF,MgTs,-0.3184758270242156,0.21044100522746625,33
opx,opx_only,T_C,pwlr,ERT,pwlr_SiO2_TiO2,0.5185668814414257,0.297384142267852,9
opx,opx_only,T_C,pwlr,ERT,pwlr_SiO2_Al2O3,-0.7115935793614583,0.23123771075803193,26
opx,opx_only,T_C,pwlr,ERT,pwlr_SiO2_Cr2O3,0.6057921380145501,0.760245170414055,8
opx,opx_only,T_C,pwlr,ERT,pwlr_SiO2_FeO_total,-1.6102221778033197,0.36000817088107806,37
opx,opx_only,T_C,pwlr,ERT,pwlr_SiO2_MnO,-0.14668272158056794,0.36983403378071317,19
opx,opx_only,T_C,pwlr,ERT,pwlr_SiO2_MgO,-0.9024653449232745,0.44285263677841985,32
opx,opx_only,T_C,pwlr,ERT,pwlr_SiO2_CaO,-0.9051146234976144,0.1861858422729534,33
opx,opx_only,T_C,pwlr,ERT,pwlr_SiO2_Na2O,1.5518719446045637,0.3813467885200301,3
opx,opx_only,T_C,pwlr,ERT,pwlr_TiO2_Al2O3,-0.9115841042218676,0.29357189073546486,34
opx,opx_only,T_C,pwlr,ERT,pwlr_TiO2_Cr2O3,0.024255912194766437,0.4851656435480161,15
opx,opx_only,T_C,pwlr,ERT,pwlr_TiO2_FeO_total,0.038333655746622244,0.2631505555686415,14
opx,opx_only,T_C,pwlr,ERT,pwlr_TiO2_MnO,-0.02326937015679107,0.27291188082463264,16
opx,opx_only,T_C,pwlr,ERT,pwlr_TiO2_MgO,0.295535192652018,0.15857963237587622,11
opx,opx_only,T_C,pwlr,ERT,pwlr_TiO2_CaO,0.5045659715049894,0.31544767117239647,10
opx,opx_only,T_C,pwlr,ERT,pwlr_TiO2_Na2O,-0.3685576557776429,0.28402700345388837,22
opx,opx_only,T_C,pwlr,ERT,pwlr_Al2O3_Cr2O3,-0.7139986748480467,0.3738481620500721,27
opx,opx_only,T_C,pwlr,ERT,pwlr_Al2O3_FeO_total,-1.8852382094540814,0.4469148859285047,39
opx,opx_only,T_C,pwlr,ERT,pwlr_Al2O3_MnO,-1.8773906374642493,0.5896320927753268,38
opx,opx_only,T_C,pwlr,ERT,pwlr_Al2O3_MgO,-0.7375848750864037,0.1908007686546372,28
opx,opx_only,T_C,pwlr,ERT,pwlr_Al2O3_CaO,-0.9001716525211165,0.22134306987831867,31
opx,opx_only,T_C,pwlr,ERT,pwlr_Al2O3_Na2O,0.19438273886508312,0.27561746997665004,13
opx,opx_only,T_C,pwlr,ERT,pwlr_Cr2O3_FeO_total,1.5005955213747797,1.1790914858590227,4
opx,opx_only,T_C,pwlr,ERT,pwlr_Cr2O3_MnO,1.3589494996661942,0.43924310575769293,5
opx,opx_only,T_C,pwlr,ERT,pwlr_Cr2O3_MgO,0.9201233955526078,0.5822334032919042,6
opx,opx_only,T_C,pwlr,ERT,pwlr_Cr2O3_CaO,0.2599002737450789,0.47750665230330225,12
opx,opx_only,T_C,pwlr,ERT,pwlr_Cr2O3_Na2O,-0.3180015060766294,0.369559976657136,21
opx,opx_only,T_C,pwlr,ERT,pwlr_FeO_total_MnO,-0.8829770314680999,0.1927023746748678,30
opx,opx_only,T_C,pwlr,ERT,pwlr_FeO_total_MgO,-1.0265113110702018,0.347098779095084,35
opx,opx_only,T_C,pwlr,ERT,pwlr_FeO_total_CaO,-2.9924206125407253,1.1664804265145003,43
opx,opx_only,T_C,pwlr,ERT,pwlr_FeO_total_Na2O,3.121617085844028,0.6564383555725045,1
opx,opx_only,T_C,pwlr,ERT,pwlr_MnO_MgO,-0.774989129265282,0.4517963754909622,29
opx,opx_only,T_C,pwlr,ERT,pwlr_MnO_CaO,0.6419519088807562,0.6506994682473933,7
opx,opx_only,T_C,pwlr,ERT,pwlr_MnO_Na2O,-0.12205576266370884,0.2069662472010657,18
opx,opx_only,T_C,pwlr,ERT,pwlr_MgO_CaO,-0.626578512292474,0.19106648129318954,25
opx,opx_only,T_C,pwlr,ERT,pwlr_MgO_Na2O,1.7218727158802707,0.39296433350426196,2
opx,opx_only,T_C,pwlr,ERT,pwlr_CaO_Na2O,-0.0899055905829286,0.1216831515253895,17
opx,opx_only,T_C,pwlr,ERT,Mg_num,-2.0948810254646504,0.6386534390031288,41
opx,opx_only,T_C,pwlr,ERT,Al_IV,-0.2339779228455697,0.20644972592554914,20
opx,opx_only,T_C,pwlr,ERT,Al_VI,-0.3810440917055146,0.1918759949007309,23
opx,opx_only,T_C,pwlr,ERT,En_frac,-1.9099150530446394,0.47115820154156923,40
opx,opx_only,T_C,pwlr,ERT,Fs_frac,-2.129952770527025,0.5520877241767086,42
opx,opx_only,T_C,pwlr,ERT,Wo_frac,-1.489305675717219,0.3982139076578171,36
opx,opx_only,T_C,pwlr,ERT,MgTs,-0.47032304616893017,0.20538852070095237,24
opx,opx_only,T_C,alr,XGB,alr_TiO2,9.824600959931306,2.437831013527748,3
opx,opx_only,T_C,alr,XGB,alr_Al2O3,-1.8394641039890587,0.6522957606828994,14
opx,opx_only,T_C,alr,XGB,alr_Cr2O3,14.555933320240985,4.468595197974866,2
opx,opx_only,T_C,alr,XGB,alr_FeO_total,-1.166007159547327,1.174054039832061,12
opx,opx_only,T_C,alr,XGB,alr_MnO,1.199673555118956,1.9843527842856115,5
opx,opx_only,T_C,alr,XGB,alr_MgO,0.8750800024622976,0.7617414721030612,6
opx,opx_only,T_C,alr,XGB,alr_CaO,-2.1312029901465395,1.3664475674748948,15
opx,opx_only,T_C,alr,XGB,alr_Na2O,17.97363342631516,1.8689381727593684,1
opx,opx_only,T_C,alr,XGB,Mg_num,-0.9900897773128705,0.47194507946927,11
opx,opx_only,T_C,alr,XGB,Al_IV,0.7742342138236807,0.8739555184737366,7
opx,opx_only,T_C,alr,XGB,Al_VI,-0.4283204802512174,0.39809283704801757,8
opx,opx_only,T_C,alr,XGB,En_frac,-1.435618619950705,0.6216303975768821,13
opx,opx_only,T_C,alr,XGB,Fs_frac,1.3595275829177893,0.5703699487601871,4
opx,opx_only,T_C,alr,XGB,Wo_frac,-0.8123284954361665,0.813551328413489,9
opx,opx_only,T_C,alr,XGB,MgTs,-0.9297816796171148,0.506577003099713,10
opx,opx_only,T_C,alr,GB,alr_TiO2,8.448255284744818,1.8592825373024149,3
opx,opx_only,T_C,alr,GB,alr_Al2O3,-1.1365732165491054,0.8241242261323071,12
opx,opx_only,T_C,alr,GB,alr_Cr2O3,12.801148817712363,5.013309193555279,2
opx,opx_only,T_C,alr,GB,alr_FeO_total,1.6258487233472834,1.6637612286714163,6
opx,opx_only,T_C,alr,GB,alr_MnO,4.4635540893156405,2.3891762716287044,4
opx,opx_only,T_C,alr,GB,alr_MgO,0.8175129331613249,1.1704888443229127,7
opx,opx_only,T_C,alr,GB,alr_CaO,2.3158612502899913,1.5909427390201984,5
opx,opx_only,T_C,alr,GB,alr_Na2O,19.84527867623962,2.410752051601363,1
opx,opx_only,T_C,alr,GB,Mg_num,-0.2910601221578005,0.1329899324366901,9
opx,opx_only,T_C,alr,GB,Al_IV,-0.46764333115896334,0.7214342089026218,10
opx,opx_only,T_C,alr,GB,Al_VI,-1.2969654587290975,0.4731715069355885,14
opx,opx_only,T_C,alr,GB,En_frac,-1.1771480002707335,0.697270453245501,13
opx,opx_only,T_C,alr,GB,Fs_frac,-0.7478213564007816,0.8478383646822384,11
opx,opx_only,T_C,alr,GB,Wo_frac,0.04258754411687562,0.48268759451711146,8
opx,opx_only,T_C,alr,GB,MgTs,-1.571627543143083,0.6394456624351296,15
opx,opx_only,T_C,alr,CatBoost,alr_TiO2,7.307268954308732,2.3557089387901184,3
opx,opx_only,T_C,alr,CatBoost,alr_Al2O3,-2.360974331215574,0.7226289112137817,12
opx,opx_only,T_C,alr,CatBoost,alr_Cr2O3,14.606701766702992,4.180477260782722,1
opx,opx_only,T_C,alr,CatBoost,alr_FeO_total,-3.032878310368268,0.7875270835473017,13
opx,opx_only,T_C,alr,CatBoost,alr_MnO,1.6643182316835663,1.989815327305409,4
opx,opx_only,T_C,alr,CatBoost,alr_MgO,-0.25049173359995647,0.9689483581295467,8
opx,opx_only,T_C,alr,CatBoost,alr_CaO,0.4805975901117378,1.3428516535207313,5
opx,opx_only,T_C,alr,CatBoost,alr_Na2O,13.327334413258473,1.7975331561796748,2
opx,opx_only,T_C,alr,CatBoost,Mg_num,-1.3967690070713872,0.4987523038090984,10
opx,opx_only,T_C,alr,CatBoost,Al_IV,0.1357388374247961,0.8152018001990834,7
opx,opx_only,T_C,alr,CatBoost,Al_VI,-1.4325894939319497,0.8260836396440723,11
opx,opx_only,T_C,alr,CatBoost,En_frac,-3.7576774903346846,0.9152506833126947,15
opx,opx_only,T_C,alr,CatBoost,Fs_frac,-1.0267922036197035,0.5482936160823966,9
opx,opx_only,T_C,alr,CatBoost,Wo_frac,0.4048180838527699,1.060866928082306,6
opx,opx_only,T_C,alr,CatBoost,MgTs,-3.1874244870217354,1.1626746172604607,14
opx,opx_only,T_C,alr,LightGBM,alr_TiO2,11.924109252978507,2.888675133461282,3
opx,opx_only,T_C,alr,LightGBM,alr_Al2O3,-1.0998010879601168,0.5940266039425868,12
opx,opx_only,T_C,alr,LightGBM,alr_Cr2O3,12.24175682480389,4.454963858690426,2
opx,opx_only,T_C,alr,LightGBM,alr_FeO_total,0.5320892976823715,1.079707214079813,6
opx,opx_only,T_C,alr,LightGBM,alr_MnO,0.759302268620732,1.844321638864508,4
opx,opx_only,T_C,alr,LightGBM,alr_MgO,0.6783068253690174,0.9173892595017962,5
opx,opx_only,T_C,alr,LightGBM,alr_CaO,-0.06113497187120061,1.1473321219235417,7
opx,opx_only,T_C,alr,LightGBM,alr_Na2O,18.204572099462375,2.213039633603153,1
opx,opx_only,T_C,alr,LightGBM,Mg_num,-0.4262005157827858,0.24386992804403526,10
opx,opx_only,T_C,alr,LightGBM,Al_IV,-0.28722865776170464,0.5405849176441087,8
opx,opx_only,T_C,alr,LightGBM,Al_VI,-1.306636693024167,0.5008656086716541,13
opx,opx_only,T_C,alr,LightGBM,En_frac,-1.7408749786430078,0.9069094635259733,14
opx,opx_only,T_C,alr,LightGBM,Fs_frac,-0.7951567581802521,0.45755431558416015,11
opx,opx_only,T_C,alr,LightGBM,Wo_frac,-0.39769104291493707,0.6927731718070822,9
opx,opx_only,T_C,alr,LightGBM,MgTs,-1.9281394299671148,0.8169091732678936,15
opx,opx_only,T_C,raw,ElasticNet,raw_SiO2,0.0,0.0,10
opx,opx_only,T_C,raw,ElasticNet,raw_TiO2,0.0,0.0,11
opx,opx_only,T_C,raw,ElasticNet,raw_Al2O3,0.0,0.0,8
opx,opx_only,T_C,raw,ElasticNet,raw_Cr2O3,10.029491241359462,1.8192453793155148,2
opx,opx_only,T_C,raw,ElasticNet,raw_FeO_total,1.9813542074271495,1.6201009979989123,4
opx,opx_only,T_C,raw,ElasticNet,raw_MnO,4.152036602766816,1.0957431986937294,3
opx,opx_only,T_C,raw,ElasticNet,raw_MgO,0.0,0.0,9
opx,opx_only,T_C,raw,ElasticNet,raw_CaO,0.02561313506345897,0.04194498165755856,7
opx,opx_only,T_C,raw,ElasticNet,raw_Na2O,14.947516102381778,2.149203531869372,1
opx,opx_only,T_C,raw,ElasticNet,Mg_num,-0.01704193431940837,0.7078962977229575,16
opx,opx_only,T_C,raw,ElasticNet,Al_IV,0.0,0.0,12
opx,opx_only,T_C,raw,ElasticNet,Al_VI,0.0,0.0,14
opx,opx_only,T_C,raw,ElasticNet,En_frac,0.0,0.0,13
opx,opx_only,T_C,raw,ElasticNet,Fs_frac,0.2181033217540687,0.9083244179937343,5
opx,opx_only,T_C,raw,ElasticNet,Wo_frac,0.2155064748432892,0.2185253153973234,6
opx,opx_only,T_C,raw,ElasticNet,MgTs,0.0,0.0,15
opx,opx_only,T_C,raw,MLP,raw_SiO2,10.47094600930473,3.5643152765959294,6
opx,opx_only,T_C,raw,MLP,raw_TiO2,1.994923286633626,0.7829005358623072,10
opx,opx_only,T_C,raw,MLP,raw_Al2O3,0.6753682896819043,0.8720782545568195,12
opx,opx_only,T_C,raw,MLP,raw_Cr2O3,20.084274972526934,4.199085937129524,4
opx,opx_only,T_C,raw,MLP,raw_FeO_total,36.88654324108079,4.418743301414476,2
opx,opx_only,T_C,raw,MLP,raw_MnO,2.71547175345043,1.2682187988420697,9
opx,opx_only,T_C,raw,MLP,raw_MgO,5.880432959826787,1.1533801965350718,8
opx,opx_only,T_C,raw,MLP,raw_CaO,7.367884529284109,2.368138093699255,7
opx,opx_only,T_C,raw,MLP,raw_Na2O,14.896715408403741,2.4764089067089805,5
opx,opx_only,T_C,raw,MLP,Mg_num,-0.8921395896757247,2.199217965690457,13
opx,opx_only,T_C,raw,MLP,Al_IV,1.7491148956217273,1.4712433139001404,11
opx,opx_only,T_C,raw,MLP,Al_VI,36.732534381769646,4.4533381802146135,3
opx,opx_only,T_C,raw,MLP,En_frac,-1.3857999209505223,2.0124299765713816,14
opx,opx_only,T_C,raw,MLP,Fs_frac,-2.3810814476552777,1.6548740657772765,15
opx,opx_only,T_C,raw,MLP,Wo_frac,-2.970042593878759,0.8265147416966917,16
opx,opx_only,T_C,raw,MLP,MgTs,64.44195278595413,5.899347416894371,1
opx,opx_only,P_kbar,pwlr,RF,pwlr_SiO2_TiO2,0.3779909295861529,0.04840955202655528,2
opx,opx_only,P_kbar,pwlr,RF,pwlr_SiO2_Al2O3,0.08246001649232433,0.05668407003313107,6
opx,opx_only,P_kbar,pwlr,RF,pwlr_SiO2_Cr2O3,-0.0040590401813023645,0.010683118786094584,30
opx,opx_only,P_kbar,pwlr,RF,pwlr_SiO2_FeO_total,0.05491734689907792,0.031383679860831924,11
opx,opx_only,P_kbar,pwlr,RF,pwlr_SiO2_MnO,0.07606129001537258,0.03999756910396275,7
opx,opx_only,P_kbar,pwlr,RF,pwlr_SiO2_MgO,0.05878293385215718,0.016081608127359183,10
opx,opx_only,P_kbar,pwlr,RF,pwlr_SiO2_CaO,0.021273776744686668,0.007707545700601541,19
opx,opx_only,P_kbar,pwlr,RF,pwlr_SiO2_Na2O,-0.014689692461555914,0.034360744125597184,31
opx,opx_only,P_kbar,pwlr,RF,pwlr_TiO2_Al2O3,0.10515903425127542,0.020572429857812984,5
opx,opx_only,P_kbar,pwlr,RF,pwlr_TiO2_Cr2O3,0.012632968976240288,0.01664108412293629,23
opx,opx_only,P_kbar,pwlr,RF,pwlr_TiO2_FeO_total,-0.09060867972770019,0.02644124835900769,42
opx,opx_only,P_kbar,pwlr,RF,pwlr_TiO2_MnO,-0.03257267479496786,0.022899854201951637,35
opx,opx_only,P_kbar,pwlr,RF,pwlr_TiO2_MgO,0.27538615135618166,0.05542295595759539,4
opx,opx_only,P_kbar,pwlr,RF,pwlr_TiO2_CaO,-0.0340302901741099,0.029187303145220327,36
opx,opx_only,P_kbar,pwlr,RF,pwlr_TiO2_Na2O,-0.2509096530806315,0.05186510799756666,43
opx,opx_only,P_kbar,pwlr,RF,pwlr_Al2O3_Cr2O3,0.03476431206544026,0.022047584941915624,15
opx,opx_only,P_kbar,pwlr,RF,pwlr_Al2O3_FeO_total,1.02183469490083,0.26589433084466757,1
opx,opx_only,P_kbar,pwlr,RF,pwlr_Al2O3_MnO,0.060075475735133124,0.025718596637670437,9
opx,opx_only,P_kbar,pwlr,RF,pwlr_Al2O3_MgO,0.030094245729139147,0.07226408203317518,17
opx,opx_only,P_kbar,pwlr,RF,pwlr_Al2O3_CaO,0.04184031169916569,0.03451947185203467,12
opx,opx_only,P_kbar,pwlr,RF,pwlr_Al2O3_Na2O,-0.04560748300491211,0.04194317929051389,38
opx,opx_only,P_kbar,pwlr,RF,pwlr_Cr2O3_FeO_total,-0.05735036944243284,0.031215547713902635,40
opx,opx_only,P_kbar,pwlr,RF,pwlr_Cr2O3_MnO,-0.04747855325111035,0.022144188419615234,39
opx,opx_only,P_kbar,pwlr,RF,pwlr_Cr2O3_MgO,-0.0018183178408720303,0.016396002387731954,29
opx,opx_only,P_kbar,pwlr,RF,pwlr_Cr2O3_CaO,-0.08335857725456446,0.032659658195049346,41
opx,opx_only,P_kbar,pwlr,RF,pwlr_Cr2O3_Na2O,-0.03654297288101951,0.011859418300552215,37
opx,opx_only,P_kbar,pwlr,RF,pwlr_FeO_total_MnO,-0.028083308122567895,0.02288556008234674,33
opx,opx_only,P_kbar,pwlr,RF,pwlr_FeO_total_MgO,0.031321187193758246,0.017240371338293623,16
opx,opx_only,P_kbar,pwlr,RF,pwlr_FeO_total_CaO,0.0019447076283259257,0.01088793648011944,28
opx,opx_only,P_kbar,pwlr,RF,pwlr_FeO_total_Na2O,0.3309871742238468,0.2451066007312745,3
opx,opx_only,P_kbar,pwlr,RF,pwlr_MnO_MgO,0.03571364323653494,0.07720821613792549,14
opx,opx_only,P_kbar,pwlr,RF,pwlr_MnO_CaO,0.020129503163130023,0.015627587729931957,20
opx,opx_only,P_kbar,pwlr,RF,pwlr_MnO_Na2O,0.012201703114686246,0.007893500124624968,24
opx,opx_only,P_kbar,pwlr,RF,pwlr_MgO_CaO,0.016062020380948373,0.009361399336204574,22
opx,opx_only,P_kbar,pwlr,RF,pwlr_MgO_Na2O,0.017500037040304228,0.0033454887502048867,21
opx,opx_only,P_kbar,pwlr,RF,pwlr_CaO_Na2O,-0.020729435267936313,0.25106430068960445,32
opx,opx_only,P_kbar,pwlr,RF,Mg_num,0.025466611020116315,0.02119274231331001,18
opx,opx_only,P_kbar,pwlr,RF,Al_IV,0.0031486951751599434,0.0496111953305891,26
opx,opx_only,P_kbar,pwlr,RF,Al_VI,0.002993954365109808,0.05774957383659149,27
opx,opx_only,P_kbar,pwlr,RF,En_frac,0.03699923345202869,0.018822131166775873,13
opx,opx_only,P_kbar,pwlr,RF,Fs_frac,0.07381152524795018,0.03793869036148825,8
opx,opx_only,P_kbar,pwlr,RF,Wo_frac,0.005906393883544148,0.005757420612367587,25
opx,opx_only,P_kbar,pwlr,RF,MgTs,-0.031163297732012207,0.018416273183216376,34
opx,opx_only,P_kbar,pwlr,ERT,pwlr_SiO2_TiO2,0.061622758209700826,0.018269460206606795,20
opx,opx_only,P_kbar,pwlr,ERT,pwlr_SiO2_Al2O3,0.016382819061323863,0.03867070409584574,26
opx,opx_only,P_kbar,pwlr,ERT,pwlr_SiO2_Cr2O3,-0.29254700258470534,0.03450390318930287,43
opx,opx_only,P_kbar,pwlr,ERT,pwlr_SiO2_FeO_total,0.20636470826891068,0.05015271887386977,6
opx,opx_only,P_kbar,pwlr,ERT,pwlr_SiO2_MnO,0.0998535231328523,0.03574428524814104,15
opx,opx_only,P_kbar,pwlr,ERT,pwlr_SiO2_MgO,0.07463840561127846,0.025235444056352405,18
opx,opx_only,P_kbar,pwlr,ERT,pwlr_SiO2_CaO,0.11614865065679902,0.01633042469136161,12
opx,opx_only,P_kbar,pwlr,ERT,pwlr_SiO2_Na2O,-0.07263238822412274,0.08330288777119649,36
opx,opx_only,P_kbar,pwlr,ERT,pwlr_TiO2_Al2O3,0.08085402009433382,0.0214087630180874,17
opx,opx_only,P_kbar,pwlr,ERT,pwlr_TiO2_Cr2O3,0.044119376520828445,0.02969464186137843,23
opx,opx_only,P_kbar,pwlr,ERT,pwlr_TiO2_FeO_total,0.013037008235779624,0.012306548587711592,27
opx,opx_only,P_kbar,pwlr,ERT,pwlr_TiO2_MnO,0.0017230290884785227,0.010394883286112763,31
opx,opx_only,P_kbar,pwlr,ERT,pwlr_TiO2_MgO,0.02549550962067615,0.017207858436437032,25
opx,opx_only,P_kbar,pwlr,ERT,pwlr_TiO2_CaO,0.05436646468191686,0.02111359288820972,21
opx,opx_only,P_kbar,pwlr,ERT,pwlr_TiO2_Na2O,-0.0026154179739881654,0.03824268328546824,32
opx,opx_only,P_kbar,pwlr,ERT,pwlr_Al2O3_Cr2O3,-0.2612704017071633,0.027013809314076005,41
opx,opx_only,P_kbar,pwlr,ERT,pwlr_Al2O3_FeO_total,0.2234461237594763,0.06817515213754936,4
opx,opx_only,P_kbar,pwlr,ERT,pwlr_Al2O3_MnO,0.1480093057482871,0.024682139386566115,8
opx,opx_only,P_kbar,pwlr,ERT,pwlr_Al2O3_MgO,0.04366329235283475,0.04252781890406612,24
opx,opx_only,P_kbar,pwlr,ERT,pwlr_Al2O3_CaO,0.117977372816192,0.02865532404815406,11
opx,opx_only,P_kbar,pwlr,ERT,pwlr_Al2O3_Na2O,0.27461583901190273,0.10117709276831739,2
opx,opx_only,P_kbar,pwlr,ERT,pwlr_Cr2O3_FeO_total,-0.21835194028510257,0.02588366306482049,40
opx,opx_only,P_kbar,pwlr,ERT,pwlr_Cr2O3_MnO,-0.07683896769910784,0.025243548649872723,37
opx,opx_only,P_kbar,pwlr,ERT,pwlr_Cr2O3_MgO,-0.2729782346180752,0.03534482903522172,42
opx,opx_only,P_kbar,pwlr,ERT,pwlr_Cr2O3_CaO,-0.20547659738626844,0.01627471570386856,39
opx,opx_only,P_kbar,pwlr,ERT,pwlr_Cr2O3_Na2O,-0.10314902649232476,0.027442970111769605,38
opx,opx_only,P_kbar,pwlr,ERT,pwlr_FeO_total_MnO,0.04796231167009486,0.017389679422832146,22
opx,opx_only,P_kbar,pwlr,ERT,pwlr_FeO_total_MgO,0.26099703483236353,0.04969027824051636,3
opx,opx_only,P_kbar,pwlr,ERT,pwlr_FeO_total_CaO,-0.006621270601025575,0.012066737888728,33
opx,opx_only,P_kbar,pwlr,ERT,pwlr_FeO_total_Na2O,0.12735092301826975,0.06968894525607557,9
opx,opx_only,P_kbar,pwlr,ERT,pwlr_MnO_MgO,0.1188943792789801,0.042135500463389375,10
opx,opx_only,P_kbar,pwlr,ERT,pwlr_MnO_CaO,0.0968186226720686,0.016716840453423747,16
opx,opx_only,P_kbar,pwlr,ERT,pwlr_MnO_Na2O,0.007004605803361663,0.03128177100883023,29
opx,opx_only,P_kbar,pwlr,ERT,pwlr_MgO_CaO,0.10121326007250078,0.01664800875277538,14
opx,opx_only,P_kbar,pwlr,ERT,pwlr_MgO_Na2O,0.00524477137953685,0.07370602915772859,30
opx,opx_only,P_kbar,pwlr,ERT,pwlr_CaO_Na2O,0.06852340489471569,0.09581223639410233,19
opx,opx_only,P_kbar,pwlr,ERT,Mg_num,0.2062880543884626,0.056807562393617755,7
opx,opx_only,P_kbar,pwlr,ERT,Al_IV,-0.0186977000368171,0.02893219963798665,34
opx,opx_only,P_kbar,pwlr,ERT,Al_VI,-0.0358761561580744,0.03958586779298519,35
opx,opx_only,P_kbar,pwlr,ERT,En_frac,0.31414383231611104,0.06544439772103434,1
opx,opx_only,P_kbar,pwlr,ERT,Fs_frac,0.21776337551619235,0.0742088367810116,5
opx,opx_only,P_kbar,pwlr,ERT,Wo_frac,0.10225469329813244,0.020751372531649832,13
opx,opx_only,P_kbar,pwlr,ERT,MgTs,0.0084923523205096,0.02950762140605383,28
opx,opx_only,P_kbar,pwlr,XGB,pwlr_SiO2_TiO2,0.3681354136950163,0.0847578174495924,4
opx,opx_only,P_kbar,pwlr,XGB,pwlr_SiO2_Al2O3,0.17211234948794657,0.12414862725461305,7
opx,opx_only,P_kbar,pwlr,XGB,pwlr_SiO2_Cr2O3,-2.3549415760726334e-05,0.034954308563945456,26
opx,opx_only,P_kbar,pwlr,XGB,pwlr_SiO2_FeO_total,0.31244500473791736,0.12666665269669333,6
opx,opx_only,P_kbar,pwlr,XGB,pwlr_SiO2_MnO,-0.14320668762908229,0.05859489325648029,40
opx,opx_only,P_kbar,pwlr,XGB,pwlr_SiO2_MgO,-0.10601367039000316,0.027266347054745548,38
opx,opx_only,P_kbar,pwlr,XGB,pwlr_SiO2_CaO,0.03508075331467993,0.04225855799454351,15
opx,opx_only,P_kbar,pwlr,XGB,pwlr_SiO2_Na2O,0.025414208098540315,0.023606388410180867,19
opx,opx_only,P_kbar,pwlr,XGB,pwlr_TiO2_Al2O3,0.015208544279574276,0.03126078820442433,21
opx,opx_only,P_kbar,pwlr,XGB,pwlr_TiO2_Cr2O3,-0.10452380102238808,0.05660332159105083,37
opx,opx_only,P_kbar,pwlr,XGB,pwlr_TiO2_FeO_total,-0.0248099143540891,0.0422297288509635,32
opx,opx_only,P_kbar,pwlr,XGB,pwlr_TiO2_MnO,-0.041391493899407286,0.026291546282158965,33
opx,opx_only,P_kbar,pwlr,XGB,pwlr_TiO2_MgO,0.9264071347281639,0.13724036460286296,1
opx,opx_only,P_kbar,pwlr,XGB,pwlr_TiO2_CaO,0.008707153432994552,0.032007772847765056,24
opx,opx_only,P_kbar,pwlr,XGB,pwlr_TiO2_Na2O,-0.18917244256841678,0.03931718688770709,43
opx,opx_only,P_kbar,pwlr,XGB,pwlr_Al2O3_Cr2O3,0.07556814336486255,0.06257063333059508,11
opx,opx_only,P_kbar,pwlr,XGB,pwlr_Al2O3_FeO_total,0.9060209008801383,0.2766801973254224,2
opx,opx_only,P_kbar,pwlr,XGB,pwlr_Al2O3_MnO,0.0665884133206621,0.06122272558087603,12
opx,opx_only,P_kbar,pwlr,XGB,pwlr_Al2O3_MgO,0.10132475003080899,0.15913494367300782,9
opx,opx_only,P_kbar,pwlr,XGB,pwlr_Al2O3_CaO,0.027422602090305136,0.04126488085923018,18
opx,opx_only,P_kbar,pwlr,XGB,pwlr_Al2O3_Na2O,-0.002779732483173358,0.040697237878177424,28
opx,opx_only,P_kbar,pwlr,XGB,pwlr_Cr2O3_FeO_total,0.014045739036731408,0.05699282814363946,22
opx,opx_only,P_kbar,pwlr,XGB,pwlr_Cr2O3_MnO,-0.1737124950693299,0.03134261740608405,42
opx,opx_only,P_kbar,pwlr,XGB,pwlr_Cr2O3_MgO,0.05476986263915542,0.029786607349511926,13
opx,opx_only,P_kbar,pwlr,XGB,pwlr_Cr2O3_CaO,-0.11740100764940005,0.025687912412322385,39
opx,opx_only,P_kbar,pwlr,XGB,pwlr_Cr2O3_Na2O,-0.023195563525087427,0.03407161276858769,31
opx,opx_only,P_kbar,pwlr,XGB,pwlr_FeO_total_MnO,0.12620564039406554,0.05257943444213382,8
opx,opx_only,P_kbar,pwlr,XGB,pwlr_FeO_total_MgO,-0.0735497731485701,0.05539803990896652,35
opx,opx_only,P_kbar,pwlr,XGB,pwlr_FeO_total_CaO,-0.01835331692810129,0.03101100948075732,29
opx,opx_only,P_kbar,pwlr,XGB,pwlr_FeO_total_Na2O,0.6428787666696089,0.19933855101164497,3
opx,opx_only,P_kbar,pwlr,XGB,pwlr_MnO_MgO,-0.15337075657378058,0.1494372243409563,41
opx,opx_only,P_kbar,pwlr,XGB,pwlr_MnO_CaO,0.032307558985177474,0.05283000376414183,17
opx,opx_only,P_kbar,pwlr,XGB,pwlr_MnO_Na2O,0.02254213304884507,0.02037678824190397,20
opx,opx_only,P_kbar,pwlr,XGB,pwlr_MgO_CaO,0.03463898365069227,0.022516296403088158,16
opx,opx_only,P_kbar,pwlr,XGB,pwlr_MgO_Na2O,0.003653033779628867,0.021712062769413145,25
opx,opx_only,P_kbar,pwlr,XGB,pwlr_CaO_Na2O,0.3131381021591836,0.25062538113038046,5
opx,opx_only,P_kbar,pwlr,XGB,Mg_num,-0.0013791256455196077,0.023501329425129617,27
opx,opx_only,P_kbar,pwlr,XGB,Al_IV,0.05344284965754058,0.10484243705660329,14
opx,opx_only,P_kbar,pwlr,XGB,Al_VI,-0.1022234727873074,0.08164823119746031,36
opx,opx_only,P_kbar,pwlr,XGB,En_frac,0.09211627100930944,0.033123503360516005,10
opx,opx_only,P_kbar,pwlr,XGB,Fs_frac,-0.01982768554708896,0.02071072489412845,30
opx,opx_only,P_kbar,pwlr,XGB,Wo_frac,-0.04750287453522315,0.01514562033463802,34
opx,opx_only,P_kbar,pwlr,XGB,MgTs,0.011633887298484602,0.01611534659772964,23
opx,opx_only,P_kbar,pwlr,GB,pwlr_SiO2_TiO2,0.12373278461109152,0.014206002118544649,11
opx,opx_only,P_kbar,pwlr,GB,pwlr_SiO2_Al2O3,0.11143741396685218,0.027352650895070437,12
opx,opx_only,P_kbar,pwlr,GB,pwlr_SiO2_Cr2O3,-0.08082716799845571,0.013651083233654389,40
opx,opx_only,P_kbar,pwlr,GB,pwlr_SiO2_FeO_total,0.23548732834377645,0.07747589321185125,8
opx,opx_only,P_kbar,pwlr,GB,pwlr_SiO2_MnO,-0.01795568577162925,0.014084774968454795,33
opx,opx_only,P_kbar,pwlr,GB,pwlr_SiO2_MgO,0.02564669858045372,0.012220676315442018,16
opx,opx_only,P_kbar,pwlr,GB,pwlr_SiO2_CaO,-0.023757762765570067,0.008061713182402709,34
opx,opx_only,P_kbar,pwlr,GB,pwlr_SiO2_Na2O,0.0017562251920584693,0.0025180894259459975,21
opx,opx_only,P_kbar,pwlr,GB,pwlr_TiO2_Al2O3,0.32502573167422666,0.10202961486006927,6
opx,opx_only,P_kbar,pwlr,GB,pwlr_TiO2_Cr2O3,-0.03432567466364809,0.06407089674532468,37
opx,opx_only,P_kbar,pwlr,GB,pwlr_TiO2_FeO_total,-0.016109469372094322,0.02165012528289481,31
opx,opx_only,P_kbar,pwlr,GB,pwlr_TiO2_MnO,-0.005197265255915173,0.006088922750017885,28
opx,opx_only,P_kbar,pwlr,GB,pwlr_TiO2_MgO,-0.0265409239304522,0.007962681458910548,35
opx,opx_only,P_kbar,pwlr,GB,pwlr_TiO2_CaO,0.004163873175043342,0.0055305763028602375,20
opx,opx_only,P_kbar,pwlr,GB,pwlr_TiO2_Na2O,-0.09349989856868897,0.06199118722661251,41
opx,opx_only,P_kbar,pwlr,GB,pwlr_Al2O3_Cr2O3,-0.027097085397055753,0.01021944849992219,36
opx,opx_only,P_kbar,pwlr,GB,pwlr_Al2O3_FeO_total,1.0294491571171824,0.2873333780201173,1
opx,opx_only,P_kbar,pwlr,GB,pwlr_Al2O3_MnO,0.4646518747243399,0.06804440305584963,3
opx,opx_only,P_kbar,pwlr,GB,pwlr_Al2O3_MgO,0.045594535044617676,0.033062078330117185,14
opx,opx_only,P_kbar,pwlr,GB,pwlr_Al2O3_CaO,0.155517321243216,0.05388490754955738,9
opx,opx_only,P_kbar,pwlr,GB,pwlr_Al2O3_Na2O,0.01957880070983107,0.11525437992226854,17
opx,opx_only,P_kbar,pwlr,GB,pwlr_Cr2O3_FeO_total,0.0005805351566303685,0.00185997257932354,23
opx,opx_only,P_kbar,pwlr,GB,pwlr_Cr2O3_MnO,-0.0170603190759973,0.042967047364784336,32
opx,opx_only,P_kbar,pwlr,GB,pwlr_Cr2O3_MgO,-0.2993806494277873,0.04246120720614954,43
opx,opx_only,P_kbar,pwlr,GB,pwlr_Cr2O3_CaO,-0.09581784356334673,0.06477006770387045,42
opx,opx_only,P_kbar,pwlr,GB,pwlr_Cr2O3_Na2O,-0.047681779467116936,0.015732400372935613,39
opx,opx_only,P_kbar,pwlr,GB,pwlr_FeO_total_MnO,0.10416193605490269,0.02727115071623669,13
opx,opx_only,P_kbar,pwlr,GB,pwlr_FeO_total_MgO,-0.004944238045226079,0.003053660042494723,27
opx,opx_only,P_kbar,pwlr,GB,pwlr_FeO_total_CaO,0.006622945682355219,0.02886321578224983,18
opx,opx_only,P_kbar,pwlr,GB,pwlr_FeO_total_Na2O,0.9546079685436915,0.21768978811231107,2
opx,opx_only,P_kbar,pwlr,GB,pwlr_MnO_MgO,0.4316238372914216,0.10889376806126395,4
opx,opx_only,P_kbar,pwlr,GB,pwlr_MnO_CaO,-0.008828688620849956,0.0230008124278511,29
opx,opx_only,P_kbar,pwlr,GB,pwlr_MnO_Na2O,-0.012892312140017913,0.0052955586191993625,30
opx,opx_only,P_kbar,pwlr,GB,pwlr_MgO_CaO,0.2422159038149932,0.03006457873563019,7
opx,opx_only,P_kbar,pwlr,GB,pwlr_MgO_Na2O,0.0008149651647022971,0.0012836381607083639,22
opx,opx_only,P_kbar,pwlr,GB,pwlr_CaO_Na2O,-0.03989767820001564,0.17574191468628728,38
opx,opx_only,P_kbar,pwlr,GB,Mg_num,4.8636519798961333e-05,0.0003718153689103163,25
opx,opx_only,P_kbar,pwlr,GB,Al_IV,0.13597193711904493,0.11156210829767552,10
opx,opx_only,P_kbar,pwlr,GB,Al_VI,0.03871378073785196,0.06139015685953436,15
opx,opx_only,P_kbar,pwlr,GB,En_frac,0.370997517194525,0.04295992345661607,5
opx,opx_only,P_kbar,pwlr,GB,Fs_frac,0.005660345453385851,0.0029204098976631254,19
opx,opx_only,P_kbar,pwlr,GB,Wo_frac,-0.002329011116994817,0.006904033348494634,26
opx,opx_only,P_kbar,pwlr,GB,MgTs,0.0005252898217456448,0.01082870575725473,24
opx,opx_only,P_kbar,pwlr,CatBoost,pwlr_SiO2_TiO2,0.2121797624285004,0.02677772023511573,7
opx,opx_only,P_kbar,pwlr,CatBoost,pwlr_SiO2_Al2O3,0.05999401028924778,0.05167535547708908,24
opx,opx_only,P_kbar,pwlr,CatBoost,pwlr_SiO2_Cr2O3,-0.48239653644434854,0.06575482745767544,43
opx,opx_only,P_kbar,pwlr,CatBoost,pwlr_SiO2_FeO_total,0.30017828792845513,0.057242504341624256,5
opx,opx_only,P_kbar,pwlr,CatBoost,pwlr_SiO2_MnO,0.08880195944457503,0.025004409391057202,17
opx,opx_only,P_kbar,pwlr,CatBoost,pwlr_SiO2_MgO,0.050362352920778265,0.029648477519276906,26
opx,opx_only,P_kbar,pwlr,CatBoost,pwlr_SiO2_CaO,0.044107186981472604,0.02945484080482937,27
opx,opx_only,P_kbar,pwlr,CatBoost,pwlr_SiO2_Na2O,0.06806609328396798,0.04409659447843282,23
opx,opx_only,P_kbar,pwlr,CatBoost,pwlr_TiO2_Al2O3,0.09474873781755919,0.04913784241779942,16
opx,opx_only,P_kbar,pwlr,CatBoost,pwlr_TiO2_Cr2O3,0.08533615829668806,0.050311116454484675,18
opx,opx_only,P_kbar,pwlr,CatBoost,pwlr_TiO2_FeO_total,0.07747008280682728,0.02835718577099219,19
opx,opx_only,P_kbar,pwlr,CatBoost,pwlr_TiO2_MnO,0.031713619374248395,0.05006093737048551,31
opx,opx_only,P_kbar,pwlr,CatBoost,pwlr_TiO2_MgO,0.31758450846093,0.04838334597958492,4
opx,opx_only,P_kbar,pwlr,CatBoost,pwlr_TiO2_CaO,0.020104612194512494,0.04376514078734515,32
opx,opx_only,P_kbar,pwlr,CatBoost,pwlr_TiO2_Na2O,0.05669478423298076,0.036451123142708534,25
opx,opx_only,P_kbar,pwlr,CatBoost,pwlr_Al2O3_Cr2O3,-0.4130203030193993,0.05157426942801203,42
opx,opx_only,P_kbar,pwlr,CatBoost,pwlr_Al2O3_FeO_total,0.19985752356792075,0.05698149415217174,9
opx,opx_only,P_kbar,pwlr,CatBoost,pwlr_Al2O3_MnO,0.2629276457549873,0.03594947776604346,6
opx,opx_only,P_kbar,pwlr,CatBoost,pwlr_Al2O3_MgO,0.07261304483822925,0.0671894121447025,22
opx,opx_only,P_kbar,pwlr,CatBoost,pwlr_Al2O3_CaO,0.11564954754675387,0.03206309649700806,11
opx,opx_only,P_kbar,pwlr,CatBoost,pwlr_Al2O3_Na2O,0.1047400613818655,0.033595886519723554,14
opx,opx_only,P_kbar,pwlr,CatBoost,pwlr_Cr2O3_FeO_total,-0.23815565139440276,0.04197138599072811,40
opx,opx_only,P_kbar,pwlr,CatBoost,pwlr_Cr2O3_MnO,-0.052780701100268335,0.04795761036869288,35
opx,opx_only,P_kbar,pwlr,CatBoost,pwlr_Cr2O3_MgO,-0.4006253292633469,0.049655198730059656,41
opx,opx_only,P_kbar,pwlr,CatBoost,pwlr_Cr2O3_CaO,-0.13323495979952185,0.02387804251569195,38
opx,opx_only,P_kbar,pwlr,CatBoost,pwlr_Cr2O3_Na2O,-0.1628039970507385,0.03811256791267025,39
opx,opx_only,P_kbar,pwlr,CatBoost,pwlr_FeO_total_MnO,0.07613316058673432,0.03317881025281756,20
opx,opx_only,P_kbar,pwlr,CatBoost,pwlr_FeO_total_MgO,0.20143635014673328,0.03615019831099044,8
opx,opx_only,P_kbar,pwlr,CatBoost,pwlr_FeO_total_CaO,-0.10777791102551078,0.053721074537605315,37
opx,opx_only,P_kbar,pwlr,CatBoost,pwlr_FeO_total_Na2O,0.10041568818199842,0.08047838266373314,15
opx,opx_only,P_kbar,pwlr,CatBoost,pwlr_MnO_MgO,0.19969545686084356,0.0429404434219154,10
opx,opx_only,P_kbar,pwlr,CatBoost,pwlr_MnO_CaO,0.036879169616295025,0.029309413238878892,29
opx,opx_only,P_kbar,pwlr,CatBoost,pwlr_MnO_Na2O,0.03200854822876638,0.05803879818402692,30
opx,opx_only,P_kbar,pwlr,CatBoost,pwlr_MgO_CaO,-0.014260747513331128,0.017214998556904764,34
opx,opx_only,P_kbar,pwlr,CatBoost,pwlr_MgO_Na2O,0.040210249984675796,0.04507309575996363,28
opx,opx_only,P_kbar,pwlr,CatBoost,pwlr_CaO_Na2O,0.4994212312526698,0.18424626064808772,1
opx,opx_only,P_kbar,pwlr,CatBoost,Mg_num,0.3261911970397399,0.06231768164732669,3
opx,opx_only,P_kbar,pwlr,CatBoost,Al_IV,0.017186886996112705,0.08213511502965504,33
opx,opx_only,P_kbar,pwlr,CatBoost,Al_VI,0.1092444956325668,0.056824922364816934,12
opx,opx_only,P_kbar,pwlr,CatBoost,En_frac,0.3613998154928358,0.04401253059436347,2
opx,opx_only,P_kbar,pwlr,CatBoost,Fs_frac,-0.06090007509025171,0.021715559181960466,36
opx,opx_only,P_kbar,pwlr,CatBoost,Wo_frac,0.07367052292590852,0.027682101377330685,21
opx,opx_only,P_kbar,pwlr,CatBoost,MgTs,0.10785473367093186,0.04909885199188586,13
opx,opx_only,P_kbar,pwlr,LightGBM,pwlr_SiO2_TiO2,0.1293272027202587,0.08576513493539349,10
opx,opx_only,P_kbar,pwlr,LightGBM,pwlr_SiO2_Al2O3,0.05238263208304215,0.024145875485599117,16
opx,opx_only,P_kbar,pwlr,LightGBM,pwlr_SiO2_Cr2O3,-0.08911645983583912,0.02929826636059552,39
opx,opx_only,P_kbar,pwlr,LightGBM,pwlr_SiO2_FeO_total,0.06322184211191999,0.025272812222641407,14
opx,opx_only,P_kbar,pwlr,LightGBM,pwlr_SiO2_MnO,0.22717070753588847,0.061445763647686405,6
opx,opx_only,P_kbar,pwlr,LightGBM,pwlr_SiO2_MgO,0.051443712469666544,0.02047912479982157,17
opx,opx_only,P_kbar,pwlr,LightGBM,pwlr_SiO2_CaO,0.009008125483730645,0.03722633933586248,24
opx,opx_only,P_kbar,pwlr,LightGBM,pwlr_SiO2_Na2O,-0.0019431670898014453,0.020915331276109016,26
opx,opx_only,P_kbar,pwlr,LightGBM,pwlr_TiO2_Al2O3,0.14275597814947938,0.08242924300113404,7
opx,opx_only,P_kbar,pwlr,LightGBM,pwlr_TiO2_Cr2O3,-0.031097303733849203,0.04885172573754279,32
opx,opx_only,P_kbar,pwlr,LightGBM,pwlr_TiO2_FeO_total,-0.08686811861423446,0.019481770504876286,38
opx,opx_only,P_kbar,pwlr,LightGBM,pwlr_TiO2_MnO,-0.0024671257099057264,0.023608390119225026,27
opx,opx_only,P_kbar,pwlr,LightGBM,pwlr_TiO2_MgO,0.012536133719226772,0.007759354803564519,22
opx,opx_only,P_kbar,pwlr,LightGBM,pwlr_TiO2_CaO,0.03990290516927466,0.049470574079968875,18
opx,opx_only,P_kbar,pwlr,LightGBM,pwlr_TiO2_Na2O,-0.35975275743361157,0.08337028706501516,43
opx,opx_only,P_kbar,pwlr,LightGBM,pwlr_Al2O3_Cr2O3,-0.14652578570750602,0.10014696240325771,41
opx,opx_only,P_kbar,pwlr,LightGBM,pwlr_Al2O3_FeO_total,1.161544888756087,0.2690801959015946,1
opx,opx_only,P_kbar,pwlr,LightGBM,pwlr_Al2O3_MnO,0.516176324940319,0.0674962963546903,3
opx,opx_only,P_kbar,pwlr,LightGBM,pwlr_Al2O3_MgO,0.13620839192310177,0.14157027880072814,9
opx,opx_only,P_kbar,pwlr,LightGBM,pwlr_Al2O3_CaO,0.14143851516947245,0.05235528262695512,8
opx,opx_only,P_kbar,pwlr,LightGBM,pwlr_Al2O3_Na2O,0.08989887822769971,0.0817018492159295,11
opx,opx_only,P_kbar,pwlr,LightGBM,pwlr_Cr2O3_FeO_total,-0.07694817844147188,0.05883412330971198,37
opx,opx_only,P_kbar,pwlr,LightGBM,pwlr_Cr2O3_MnO,-0.056135804393945235,0.034585069445732496,36
opx,opx_only,P_kbar,pwlr,LightGBM,pwlr_Cr2O3_MgO,-0.01417433945976354,0.036624170935694984,31
opx,opx_only,P_kbar,pwlr,LightGBM,pwlr_Cr2O3_CaO,-0.10293657179648115,0.039753056710189735,40
opx,opx_only,P_kbar,pwlr,LightGBM,pwlr_Cr2O3_Na2O,-0.15030629750497307,0.020709124593284584,42
opx,opx_only,P_kbar,pwlr,LightGBM,pwlr_FeO_total_MnO,-0.0329902213387963,0.040160452819748296,33
opx,opx_only,P_kbar,pwlr,LightGBM,pwlr_FeO_total_MgO,0.06260969045641289,0.011694355195539938,15
opx,opx_only,P_kbar,pwlr,LightGBM,pwlr_FeO_total_CaO,0.0036775128706694636,0.022692957352813188,25
opx,opx_only,P_kbar,pwlr,LightGBM,pwlr_FeO_total_Na2O,0.3455691601649491,0.19644616063915774,4
opx,opx_only,P_kbar,pwlr,LightGBM,pwlr_MnO_MgO,0.5514658724640702,0.12999203624161806,2
opx,opx_only,P_kbar,pwlr,LightGBM,pwlr_MnO_CaO,0.06628796195857864,0.021101577555295566,13
opx,opx_only,P_kbar,pwlr,LightGBM,pwlr_MnO_Na2O,-0.03963871895213913,0.01696151936501826,35
opx,opx_only,P_kbar,pwlr,LightGBM,pwlr_MgO_CaO,-0.004327717091234895,0.028663797032858394,28
opx,opx_only,P_kbar,pwlr,LightGBM,pwlr_MgO_Na2O,-0.00823452538235463,0.02485086833961939,30
opx,opx_only,P_kbar,pwlr,LightGBM,pwlr_CaO_Na2O,-0.03815013649256453,0.2069840812804497,34
opx,opx_only,P_kbar,pwlr,LightGBM,Mg_num,-0.0055241090534626554,0.002521282073321481,29
opx,opx_only,P_kbar,pwlr,LightGBM,Al_IV,0.06937803948331336,0.05343877484993741,12
opx,opx_only,P_kbar,pwlr,LightGBM,Al_VI,0.010604328572398635,0.08457581696928518,23
opx,opx_only,P_kbar,pwlr,LightGBM,En_frac,0.30980707495089604,0.04628236912674425,5
opx,opx_only,P_kbar,pwlr,LightGBM,Fs_frac,0.023621104131615757,0.015423144159157551,20
opx,opx_only,P_kbar,pwlr,LightGBM,Wo_frac,0.01990758652760354,0.011464945135981784,21
opx,opx_only,P_kbar,pwlr,LightGBM,MgTs,0.030751050276277336,0.01993890392835253,19
opx,opx_only,P_kbar,pwlr,ElasticNet,pwlr_SiO2_TiO2,0.05908358630014119,0.005263013757393761,9
opx,opx_only,P_kbar,pwlr,ElasticNet,pwlr_SiO2_Al2O3,-0.009877235861114908,0.01403214787849421,33
opx,opx_only,P_kbar,pwlr,ElasticNet,pwlr_SiO2_Cr2O3,0.0035901737751814267,0.004286492802183508,22
opx,opx_only,P_kbar,pwlr,ElasticNet,pwlr_SiO2_FeO_total,0.02929979141797272,0.006849981538206413,16
opx,opx_only,P_kbar,pwlr,ElasticNet,pwlr_SiO2_MnO,0.0,0.0,25
opx,opx_only,P_kbar,pwlr,ElasticNet,pwlr_SiO2_MgO,0.045737484406688546,0.016791839092519342,11
opx,opx_only,P_kbar,pwlr,ElasticNet,pwlr_SiO2_CaO,-0.014367598370828284,0.0017535531264782599,36
opx,opx_only,P_kbar,pwlr,ElasticNet,pwlr_SiO2_Na2O,-0.04774328584762104,0.0167727915863121,42
opx,opx_only,P_kbar,pwlr,ElasticNet,pwlr_TiO2_Al2O3,0.10533744427602727,0.00922177483891996,2
opx,opx_only,P_kbar,pwlr,ElasticNet,pwlr_TiO2_Cr2O3,0.04235455261567846,0.006631394995369291,12
opx,opx_only,P_kbar,pwlr,ElasticNet,pwlr_TiO2_FeO_total,0.021521763489105793,0.002168556357496266,17
opx,opx_only,P_kbar,pwlr,ElasticNet,pwlr_TiO2_MnO,0.0008605540320194116,0.004227392051785655,24
opx,opx_only,P_kbar,pwlr,ElasticNet,pwlr_TiO2_MgO,0.06805181858415307,0.005994834686017906,4
opx,opx_only,P_kbar,pwlr,ElasticNet,pwlr_TiO2_CaO,0.061210164788223234,0.006178506946576942,8
opx,opx_only,P_kbar,pwlr,ElasticNet,pwlr_TiO2_Na2O,0.10760985974758883,0.02148137710412713,1
opx,opx_only,P_kbar,pwlr,ElasticNet,pwlr_Al2O3_Cr2O3,0.0,0.0,29
opx,opx_only,P_kbar,pwlr,ElasticNet,pwlr_Al2O3_FeO_total,0.03462428835732503,0.020800166795643494,14
opx,opx_only,P_kbar,pwlr,ElasticNet,pwlr_Al2O3_MnO,0.0038510706207243394,0.00047771447879844925,21
opx,opx_only,P_kbar,pwlr,ElasticNet,pwlr_Al2O3_MgO,-0.011727097143157828,0.009652670134320373,35
opx,opx_only,P_kbar,pwlr,ElasticNet,pwlr_Al2O3_CaO,0.06319320255601024,0.00933220519849505,6
opx,opx_only,P_kbar,pwlr,ElasticNet,pwlr_Al2O3_Na2O,-0.03547005976609778,0.01282898706708782,40
opx,opx_only,P_kbar,pwlr,ElasticNet,pwlr_Cr2O3_FeO_total,0.009390715589876386,0.006817894288405184,18
opx,opx_only,P_kbar,pwlr,ElasticNet,pwlr_Cr2O3_MnO,0.008399352072583976,0.0013837049510662027,19
opx,opx_only,P_kbar,pwlr,ElasticNet,pwlr_Cr2O3_MgO,0.0025307525674912235,0.003428384110742728,23
opx,opx_only,P_kbar,pwlr,ElasticNet,pwlr_Cr2O3_CaO,0.008038707615283336,0.0034805513078743785,20
opx,opx_only,P_kbar,pwlr,ElasticNet,pwlr_Cr2O3_Na2O,-0.018927929472105108,0.009415987233109645,38
opx,opx_only,P_kbar,pwlr,ElasticNet,pwlr_FeO_total_MnO,-0.010241548450970406,0.0012586277581905694,34
opx,opx_only,P_kbar,pwlr,ElasticNet,pwlr_FeO_total_MgO,0.034782636343463035,0.00866335366525249,13
opx,opx_only,P_kbar,pwlr,ElasticNet,pwlr_FeO_total_CaO,-0.03383967209794374,0.008496854992842235,39
opx,opx_only,P_kbar,pwlr,ElasticNet,pwlr_FeO_total_Na2O,-0.03733436484192705,0.018394051199215777,41
opx,opx_only,P_kbar,pwlr,ElasticNet,pwlr_MnO_MgO,0.0,0.0,28
opx,opx_only,P_kbar,pwlr,ElasticNet,pwlr_MnO_CaO,0.0,0.0,30
opx,opx_only,P_kbar,pwlr,ElasticNet,pwlr_MnO_Na2O,0.055038380213003536,0.015473168211051979,10
opx,opx_only,P_kbar,pwlr,ElasticNet,pwlr_MgO_CaO,0.0,0.0,27
opx,opx_only,P_kbar,pwlr,ElasticNet,pwlr_MgO_Na2O,-0.047800404032560896,0.016043531082177744,43
opx,opx_only,P_kbar,pwlr,ElasticNet,pwlr_CaO_Na2O,-0.015944616922552245,0.015869641845314843,37
opx,opx_only,P_kbar,pwlr,ElasticNet,Mg_num,0.06459554508447533,0.022508689657127195,5
opx,opx_only,P_kbar,pwlr,ElasticNet,Al_IV,0.0,0.0,26
opx,opx_only,P_kbar,pwlr,ElasticNet,Al_VI,-0.002123745004229338,0.018214634039068072,32
opx,opx_only,P_kbar,pwlr,ElasticNet,En_frac,0.08241946088846826,0.02298531291725448,3
opx,opx_only,P_kbar,pwlr,ElasticNet,Fs_frac,0.06316117065666793,0.02244354574745186,7
opx,opx_only,P_kbar,pwlr,ElasticNet,Wo_frac,0.03008274295695825,0.005124450541593009,15
opx,opx_only,P_kbar,pwlr,ElasticNet,MgTs,-0.0007996942459727486,0.010796274668261652,31
opx,opx_only,P_kbar,pwlr,MLP,pwlr_SiO2_TiO2,0.10942752893037175,0.08320106508079189,24
opx,opx_only,P_kbar,pwlr,MLP,pwlr_SiO2_Al2O3,0.3636113387259388,0.3339034029433066,14
opx,opx_only,P_kbar,pwlr,MLP,pwlr_SiO2_Cr2O3,0.08458370475666514,0.038783133802105976,28
opx,opx_only,P_kbar,pwlr,MLP,pwlr_SiO2_FeO_total,0.16606760332073076,0.13463539704592353,20
opx,opx_only,P_kbar,pwlr,MLP,pwlr_SiO2_MnO,0.6303161056318427,0.0987881546041067,9
opx,opx_only,P_kbar,pwlr,MLP,pwlr_SiO2_MgO,1.1880985398140385,0.30641580749315256,4
opx,opx_only,P_kbar,pwlr,MLP,pwlr_SiO2_CaO,-1.9075697837081815,0.23808520688016588,43
opx,opx_only,P_kbar,pwlr,MLP,pwlr_SiO2_Na2O,0.03740165695345752,0.15203099937410353,30
opx,opx_only,P_kbar,pwlr,MLP,pwlr_TiO2_Al2O3,0.13291253966106104,0.07892046914055287,21
opx,opx_only,P_kbar,pwlr,MLP,pwlr_TiO2_Cr2O3,-0.2885946649321586,0.07276165003713544,37
opx,opx_only,P_kbar,pwlr,MLP,pwlr_TiO2_FeO_total,0.07203557364138495,0.10073657358219094,29
opx,opx_only,P_kbar,pwlr,MLP,pwlr_TiO2_MnO,0.10330700844841907,0.1661148719647137,25
opx,opx_only,P_kbar,pwlr,MLP,pwlr_TiO2_MgO,-0.38686519634333727,0.1322603134803059,39
opx,opx_only,P_kbar,pwlr,MLP,pwlr_TiO2_CaO,-0.11095819959956535,0.079081194163132,33
opx,opx_only,P_kbar,pwlr,MLP,pwlr_TiO2_Na2O,0.25454103451264454,0.17374950567340483,18
opx,opx_only,P_kbar,pwlr,MLP,pwlr_Al2O3_Cr2O3,-0.42182978683959,0.14749128612850848,40
opx,opx_only,P_kbar,pwlr,MLP,pwlr_Al2O3_FeO_total,0.4251759068379939,0.21488780313617634,13
opx,opx_only,P_kbar,pwlr,MLP,pwlr_Al2O3_MnO,0.6482279370511709,0.14124563658218264,8
opx,opx_only,P_kbar,pwlr,MLP,pwlr_Al2O3_MgO,0.3249147184522977,0.30251579307819065,16
opx,opx_only,P_kbar,pwlr,MLP,pwlr_Al2O3_CaO,0.6880709177169393,0.24990288423455642,7
opx,opx_only,P_kbar,pwlr,MLP,pwlr_Al2O3_Na2O,0.44522421009376834,0.10978913566462253,11
opx,opx_only,P_kbar,pwlr,MLP,pwlr_Cr2O3_FeO_total,-0.13838205761950784,0.12833543997716904,34
opx,opx_only,P_kbar,pwlr,MLP,pwlr_Cr2O3_MnO,0.20957235293692805,0.14362894112091618,19
opx,opx_only,P_kbar,pwlr,MLP,pwlr_Cr2O3_MgO,-0.28097724637539273,0.11994012743056078,36
opx,opx_only,P_kbar,pwlr,MLP,pwlr_Cr2O3_CaO,-0.37694773066892806,0.13641063078991733,38
opx,opx_only,P_kbar,pwlr,MLP,pwlr_Cr2O3_Na2O,0.0002869032468250765,0.3211286134403187,32
opx,opx_only,P_kbar,pwlr,MLP,pwlr_FeO_total_MnO,0.5062555255691787,0.08606820376857084,10
opx,opx_only,P_kbar,pwlr,MLP,pwlr_FeO_total_MgO,0.2696106588601551,0.11761884841615168,17
opx,opx_only,P_kbar,pwlr,MLP,pwlr_FeO_total_CaO,-1.085673204046731,0.15747745761964427,41
opx,opx_only,P_kbar,pwlr,MLP,pwlr_FeO_total_Na2O,0.0015500465095132476,0.10260586809701758,31
opx,opx_only,P_kbar,pwlr,MLP,pwlr_MnO_MgO,0.10055263978458173,0.04345824732309951,26
opx,opx_only,P_kbar,pwlr,MLP,pwlr_MnO_CaO,0.42548032284990667,0.09522989981479464,12
opx,opx_only,P_kbar,pwlr,MLP,pwlr_MnO_Na2O,0.11660466599718733,0.05080581772710441,23
opx,opx_only,P_kbar,pwlr,MLP,pwlr_MgO_CaO,-1.2321386194017698,0.12392015168669132,42
opx,opx_only,P_kbar,pwlr,MLP,pwlr_MgO_Na2O,0.33413107386304286,0.10398240560866488,15
opx,opx_only,P_kbar,pwlr,MLP,pwlr_CaO_Na2O,0.1239963648831968,0.1623736912429766,22
opx,opx_only,P_kbar,pwlr,MLP,Mg_num,0.9225301236386894,0.1809993825940989,6
opx,opx_only,P_kbar,pwlr,MLP,Al_IV,2.4448778584936264,0.3051763029386839,1
opx,opx_only,P_kbar,pwlr,MLP,Al_VI,-0.15631851921624226,0.3670571764166519,35
opx,opx_only,P_kbar,pwlr,MLP,En_frac,1.215910983220311,0.1697929777800879,3
opx,opx_only,P_kbar,pwlr,MLP,Fs_frac,0.9286266407094379,0.19363559465469643,5
opx,opx_only,P_kbar,pwlr,MLP,Wo_frac,1.8820678230602446,0.24166072328676014,2
opx,opx_only,P_kbar,pwlr,MLP,MgTs,0.08532422119536864,0.11684964157044422,27
cpx,cpx_liq,T_C,pwlr,RF,pwlr_SiO2_TiO2,0.07001868576643418,0.030855747081868022,55
cpx,cpx_liq,T_C,pwlr,RF,pwlr_SiO2_Al2O3,0.9230649770804596,0.2587468020980308,21
cpx,cpx_liq,T_C,pwlr,RF,pwlr_SiO2_Cr2O3,0.01901702465599442,0.05077682238079817,62
cpx,cpx_liq,T_C,pwlr,RF,pwlr_SiO2_FeO_total,0.40850858066994034,0.09817791025398838,33
cpx,cpx_liq,T_C,pwlr,RF,pwlr_SiO2_MnO,0.1614239978066223,0.05048988466833016,46
cpx,cpx_liq,T_C,pwlr,RF,pwlr_SiO2_MgO,0.15973223356155158,0.09218670848604332,47
cpx,cpx_liq,T_C,pwlr,RF,pwlr_SiO2_CaO,0.7143839065671109,0.567226988251144,25
cpx,cpx_liq,T_C,pwlr,RF,pwlr_SiO2_Na2O,0.9912850039627343,0.12544096891302356,19
cpx,cpx_liq,T_C,pwlr,RF,pwlr_TiO2_Al2O3,3.89415940921059,0.5911623930895249,4
cpx,cpx_liq,T_C,pwlr,RF,pwlr_TiO2_Cr2O3,0.013586863343226696,0.018194696675610567,64
cpx,cpx_liq,T_C,pwlr,RF,pwlr_TiO2_FeO_total,0.004944806040847993,0.01691573124877038,66
cpx,cpx_liq,T_C,pwlr,RF,pwlr_TiO2_MnO,-0.01501500177547257,0.017562057223764933,71
cpx,cpx_liq,T_C,pwlr,RF,pwlr_TiO2_MgO,0.031745437169399794,0.023573915972275886,58
cpx,cpx_liq,T_C,pwlr,RF,pwlr_TiO2_CaO,0.08802181174347154,0.03334584767802497,52
cpx,cpx_liq,T_C,pwlr,RF,pwlr_TiO2_Na2O,3.4371389221698196,0.44973323852077685,6
cpx,cpx_liq,T_C,pwlr,RF,pwlr_Al2O3_Cr2O3,0.31746136423118043,0.0479101691344715,39
cpx,cpx_liq,T_C,pwlr,RF,pwlr_Al2O3_FeO_total,3.8057570344026117,0.756247119586802,5
cpx,cpx_liq,T_C,pwlr,RF,pwlr_Al2O3_MnO,0.2381030832207287,0.0759425647599164,43
cpx,cpx_liq,T_C,pwlr,RF,pwlr_Al2O3_MgO,0.2643120406889253,0.07625068906055164,41
cpx,cpx_liq,T_C,pwlr,RF,pwlr_Al2O3_CaO,2.506226267666343,0.574516104209805,10
cpx,cpx_liq,T_C,pwlr,RF,pwlr_Al2O3_Na2O,0.18745294001630838,0.08437314340689615,45
cpx,cpx_liq,T_C,pwlr,RF,pwlr_Cr2O3_FeO_total,0.076966847987282,0.043998972889994534,54
cpx,cpx_liq,T_C,pwlr,RF,pwlr_Cr2O3_MnO,0.051167317176003736,0.018410651066093357,56
cpx,cpx_liq,T_C,pwlr,RF,pwlr_Cr2O3_MgO,-0.004210348741875691,0.047891388287062304,68
cpx,cpx_liq,T_C,pwlr,RF,pwlr_Cr2O3_CaO,-0.014907011856513464,0.05493864973474872,70
cpx,cpx_liq,T_C,pwlr,RF,pwlr_Cr2O3_Na2O,0.268101295937219,0.0918556555424798,40
cpx,cpx_liq,T_C,pwlr,RF,pwlr_FeO_total_MnO,0.12641543145763875,0.06863181095596314,49
cpx,cpx_liq,T_C,pwlr,RF,pwlr_FeO_total_MgO,0.46383991647513695,0.09605087613931168,30
cpx,cpx_liq,T_C,pwlr,RF,pwlr_FeO_total_CaO,0.014139167582963807,0.030787159803410326,63
cpx,cpx_liq,T_C,pwlr,RF,pwlr_FeO_total_Na2O,1.331950763728652,0.171977369485326,15
cpx,cpx_liq,T_C,pwlr,RF,pwlr_MnO_MgO,0.20765530611389665,0.065953745959589,44
cpx,cpx_liq,T_C,pwlr,RF,pwlr_MnO_CaO,0.025075200257612805,0.01820090223771371,59
cpx,cpx_liq,T_C,pwlr,RF,pwlr_MnO_Na2O,0.3956349190813107,0.03896442572037283,35
cpx,cpx_liq,T_C,pwlr,RF,pwlr_MgO_CaO,0.35922026197080187,0.32588252133833084,36
cpx,cpx_liq,T_C,pwlr,RF,pwlr_MgO_Na2O,0.4773485848302251,0.07411808545380223,29
cpx,cpx_liq,T_C,pwlr,RF,pwlr_CaO_Na2O,3.259203258209195,0.4812001843241807,7
cpx,cpx_liq,T_C,pwlr,RF,Mg_num_cpx,0.42559572749011776,0.07670074162060461,32
cpx,cpx_liq,T_C,pwlr,RF,Jd,1.4222908511721761,0.1817490025148839,14
cpx,cpx_liq,T_C,pwlr,RF,Di,1.056614501647315,0.4621140232231315,18
cpx,cpx_liq,T_C,pwlr,RF,Aeg,-0.0028486294853038883,0.003911912575346086,67
cpx,cpx_liq,T_C,pwlr,RF,CaTs,0.7428285279498738,0.16509814953830426,23
cpx,cpx_liq,T_C,pwlr,RF,En_cpx,0.5346792522016685,0.1450710673467258,28
cpx,cpx_liq,T_C,pwlr,RF,Fs_cpx,0.40597261926569955,0.09518911965901819,34
cpx,cpx_liq,T_C,pwlr,RF,pwlr_liq_SiO2_TiO2,2.9223164338429974,0.34377768496322963,8
cpx,cpx_liq,T_C,pwlr,RF,pwlr_liq_SiO2_Al2O3,1.115843789902185,0.20029901837911324,17
cpx,cpx_liq,T_C,pwlr,RF,pwlr_liq_SiO2_FeO,0.9089012719936086,0.08712954658315364,22
cpx,cpx_liq,T_C,pwlr,RF,pwlr_liq_SiO2_MgO,22.529869883430266,1.5497358157034056,1
cpx,cpx_liq,T_C,pwlr,RF,pwlr_liq_SiO2_CaO,0.687372195763875,0.1342938394090837,26
cpx,cpx_liq,T_C,pwlr,RF,pwlr_liq_SiO2_Na2O,-0.005036568993318014,0.06182699163216621,69
cpx,cpx_liq,T_C,pwlr,RF,pwlr_liq_SiO2_K2O,0.15270971503249414,0.04643380661982102,48
cpx,cpx_liq,T_C,pwlr,RF,pwlr_liq_TiO2_Al2O3,2.6414051318466747,0.35840395933433195,9
cpx,cpx_liq,T_C,pwlr,RF,pwlr_liq_TiO2_FeO,0.04828783362570448,0.0298853364898845,57
cpx,cpx_liq,T_C,pwlr,RF,pwlr_liq_TiO2_MgO,0.02102700591321067,0.057827081141892,61
cpx,cpx_liq,T_C,pwlr,RF,pwlr_liq_TiO2_CaO,0.023018960355102536,0.09186070075703229,60
cpx,cpx_liq,T_C,pwlr,RF,pwlr_liq_TiO2_Na2O,1.4631176710304465,0.22672878084028536,13
cpx,cpx_liq,T_C,pwlr,RF,pwlr_liq_TiO2_K2O,0.7424377134182499,0.17089601528365497,24
cpx,cpx_liq,T_C,pwlr,RF,pwlr_liq_Al2O3_FeO,1.2993199629362082,0.17121382403115687,16
cpx,cpx_liq,T_C,pwlr,RF,pwlr_liq_Al2O3_MgO,17.39642437939644,1.1846675711954457,2
cpx,cpx_liq,T_C,pwlr,RF,pwlr_liq_Al2O3_CaO,0.9641188538831592,0.1387089433068612,20
cpx,cpx_liq,T_C,pwlr,RF,pwlr_liq_Al2O3_Na2O,0.013101837779470316,0.03209490099150108,65
cpx,cpx_liq,T_C,pwlr,RF,pwlr_liq_Al2O3_K2O,0.09978051528563939,0.06063965315350221,51
cpx,cpx_liq,T_C,pwlr,RF,pwlr_liq_FeO_MgO,0.323526126802944,0.0648463710906639,38
cpx,cpx_liq,T_C,pwlr,RF,pwlr_liq_FeO_CaO,-0.10653926121974208,0.1606186592840442,72
cpx,cpx_liq,T_C,pwlr,RF,pwlr_liq_FeO_Na2O,0.6450674697847077,0.1375424864978388,27
cpx,cpx_liq,T_C,pwlr,RF,pwlr_liq_FeO_K2O,0.44014470892588803,0.14510774193914944,31
cpx,cpx_liq,T_C,pwlr,RF,pwlr_liq_MgO_CaO,8.68002343457957,0.7060003820602243,3
cpx,cpx_liq,T_C,pwlr,RF,pwlr_liq_MgO_Na2O,2.4790728621398244,0.35127460394643356,11
cpx,cpx_liq,T_C,pwlr,RF,pwlr_liq_MgO_K2O,1.8572686960668912,0.4634769488525602,12
cpx,cpx_liq,T_C,pwlr,RF,pwlr_liq_CaO_Na2O,0.10180699325951181,0.043193445605117495,50
cpx,cpx_liq,T_C,pwlr,RF,pwlr_liq_CaO_K2O,0.26314104507983843,0.10592098308681297,42
cpx,cpx_liq,T_C,pwlr,RF,pwlr_liq_Na2O_K2O,0.07925083706845015,0.04035251112674305,53
cpx,cpx_liq,T_C,pwlr,RF,liq_Mg_num,0.34377296877238805,0.05606801429892026,37
cpx,cpx_liq,T_C,pwlr,ERT,pwlr_SiO2_TiO2,0.18051750869752467,0.04813224682183207,49
cpx,cpx_liq,T_C,pwlr,ERT,pwlr_SiO2_Al2O3,0.9778582854984628,0.1419990896147082,25
cpx,cpx_liq,T_C,pwlr,ERT,pwlr_SiO2_Cr2O3,-0.005615065064274205,0.03360730499778466,68
cpx,cpx_liq,T_C,pwlr,ERT,pwlr_SiO2_FeO_total,0.45852687702283035,0.09398793291456695,33
cpx,cpx_liq,T_C,pwlr,ERT,pwlr_SiO2_MnO,0.09658024159306536,0.04083899837862659,54
cpx,cpx_liq,T_C,pwlr,ERT,pwlr_SiO2_MgO,0.23736554034328777,0.10366152876509192,44
cpx,cpx_liq,T_C,pwlr,ERT,pwlr_SiO2_CaO,0.2121315319711016,0.39493020865496276,46
cpx,cpx_liq,T_C,pwlr,ERT,pwlr_SiO2_Na2O,1.2814605475463465,0.12911730485462605,19
cpx,cpx_liq,T_C,pwlr,ERT,pwlr_TiO2_Al2O3,3.8429874655600087,0.5363514658988947,5
cpx,cpx_liq,T_C,pwlr,ERT,pwlr_TiO2_Cr2O3,0.05643245006347471,0.022336610714985442,58
cpx,cpx_liq,T_C,pwlr,ERT,pwlr_TiO2_FeO_total,0.04576314003406878,0.037086623450054264,60
cpx,cpx_liq,T_C,pwlr,ERT,pwlr_TiO2_MnO,0.0041816812586212395,0.023958915793515213,67
cpx,cpx_liq,T_C,pwlr,ERT,pwlr_TiO2_MgO,0.20067649812725605,0.035568710795760614,48
cpx,cpx_liq,T_C,pwlr,ERT,pwlr_TiO2_CaO,0.05238691758217797,0.03882030542810434,59
cpx,cpx_liq,T_C,pwlr,ERT,pwlr_TiO2_Na2O,3.243414522138294,0.4015812314852173,7
cpx,cpx_liq,T_C,pwlr,ERT,pwlr_Al2O3_Cr2O3,0.3042357274690183,0.05309238211218582,42
cpx,cpx_liq,T_C,pwlr,ERT,pwlr_Al2O3_FeO_total,2.354111617468715,0.33303480515170575,10
cpx,cpx_liq,T_C,pwlr,ERT,pwlr_Al2O3_MnO,0.30958902560764867,0.09024054892347734,41
cpx,cpx_liq,T_C,pwlr,ERT,pwlr_Al2O3_MgO,0.4567768049515877,0.08858051200455128,35
cpx,cpx_liq,T_C,pwlr,ERT,pwlr_Al2O3_CaO,1.519366010160138,0.31879521454099685,18
cpx,cpx_liq,T_C,pwlr,ERT,pwlr_Al2O3_Na2O,0.084430803832376,0.11101956322984254,55
cpx,cpx_liq,T_C,pwlr,ERT,pwlr_Cr2O3_FeO_total,0.1529049892404238,0.08124974497652956,51
cpx,cpx_liq,T_C,pwlr,ERT,pwlr_Cr2O3_MnO,0.03710213576043344,0.023094210588307094,61
cpx,cpx_liq,T_C,pwlr,ERT,pwlr_Cr2O3_MgO,-0.08939190014720921,0.03489810752909568,71
cpx,cpx_liq,T_C,pwlr,ERT,pwlr_Cr2O3_CaO,-0.09796788329523096,0.03888812379750567,72
cpx,cpx_liq,T_C,pwlr,ERT,pwlr_Cr2O3_Na2O,0.4711456751962125,0.08046211786198629,32
cpx,cpx_liq,T_C,pwlr,ERT,pwlr_FeO_total_MnO,0.016319614591642308,0.030358413452883124,64
cpx,cpx_liq,T_C,pwlr,ERT,pwlr_FeO_total_MgO,0.34045019427614565,0.07985190085136688,40
cpx,cpx_liq,T_C,pwlr,ERT,pwlr_FeO_total_CaO,0.06127361521068053,0.036018790549813114,57
cpx,cpx_liq,T_C,pwlr,ERT,pwlr_FeO_total_Na2O,2.039244694104344,0.16925406224484443,14
cpx,cpx_liq,T_C,pwlr,ERT,pwlr_MnO_MgO,0.11554665846038574,0.055094878196661944,52
cpx,cpx_liq,T_C,pwlr,ERT,pwlr_MnO_CaO,-0.08722779654322962,0.053758575664176425,70
cpx,cpx_liq,T_C,pwlr,ERT,pwlr_MnO_Na2O,0.40859075326211214,0.08847546659627842,38
cpx,cpx_liq,T_C,pwlr,ERT,pwlr_MgO_CaO,0.11465376856419737,0.19352926374194201,53
cpx,cpx_liq,T_C,pwlr,ERT,pwlr_MgO_Na2O,0.6345392127076813,0.1114007968902827,29
cpx,cpx_liq,T_C,pwlr,ERT,pwlr_CaO_Na2O,2.1289723429294405,0.28655890478840423,11
cpx,cpx_liq,T_C,pwlr,ERT,Mg_num_cpx,0.5004511587965019,0.12811371379354458,31
cpx,cpx_liq,T_C,pwlr,ERT,Jd,2.1105933870385294,0.21193448418535787,12
cpx,cpx_liq,T_C,pwlr,ERT,Di,4.603370552837478,0.8095438388902685,4
cpx,cpx_liq,T_C,pwlr,ERT,Aeg,0.010976758653119135,0.04573097562282468,65
cpx,cpx_liq,T_C,pwlr,ERT,CaTs,1.22447986531267,0.218262023916751,21
cpx,cpx_liq,T_C,pwlr,ERT,En_cpx,1.2469535693624607,0.25974810790936886,20
cpx,cpx_liq,T_C,pwlr,ERT,Fs_cpx,0.7868456320777752,0.17998692222387006,28
cpx,cpx_liq,T_C,pwlr,ERT,pwlr_liq_SiO2_TiO2,2.4519709791681215,0.28495685939353127,9
cpx,cpx_liq,T_C,pwlr,ERT,pwlr_liq_SiO2_Al2O3,1.6204035736819677,0.3284133054099725,17
cpx,cpx_liq,T_C,pwlr,ERT,pwlr_liq_SiO2_FeO,1.159107877930395,0.12191865138731899,22
cpx,cpx_liq,T_C,pwlr,ERT,pwlr_liq_SiO2_MgO,19.069369092715075,1.1008322959922923,1
cpx,cpx_liq,T_C,pwlr,ERT,pwlr_liq_SiO2_CaO,2.0103270262984174,0.2334130020589925,15
cpx,cpx_liq,T_C,pwlr,ERT,pwlr_liq_SiO2_Na2O,0.017310048870755424,0.04117767332506224,62
cpx,cpx_liq,T_C,pwlr,ERT,pwlr_liq_SiO2_K2O,0.43094940034857887,0.11038786066749541,36
cpx,cpx_liq,T_C,pwlr,ERT,pwlr_liq_TiO2_Al2O3,2.075690539567291,0.23939872709122023,13
cpx,cpx_liq,T_C,pwlr,ERT,pwlr_liq_TiO2_FeO,0.01641072046279248,0.018849654295477164,63
cpx,cpx_liq,T_C,pwlr,ERT,pwlr_liq_TiO2_MgO,0.2111983133501539,0.0644971145347112,47
cpx,cpx_liq,T_C,pwlr,ERT,pwlr_liq_TiO2_CaO,0.06176012636699539,0.10759815766761503,56
cpx,cpx_liq,T_C,pwlr,ERT,pwlr_liq_TiO2_Na2O,1.6609690510735668,0.24310089679312671,16
cpx,cpx_liq,T_C,pwlr,ERT,pwlr_liq_TiO2_K2O,0.9072110040859804,0.20165264326417517,27
cpx,cpx_liq,T_C,pwlr,ERT,pwlr_liq_Al2O3_FeO,1.1355414370705845,0.14286206229934437,23
cpx,cpx_liq,T_C,pwlr,ERT,pwlr_liq_Al2O3_MgO,17.32603008713851,1.1186894285983051,2
cpx,cpx_liq,T_C,pwlr,ERT,pwlr_liq_Al2O3_CaO,0.9773501920230053,0.1440685204769336,26
cpx,cpx_liq,T_C,pwlr,ERT,pwlr_liq_Al2O3_Na2O,-0.024224579643652787,0.03408768576717039,69
cpx,cpx_liq,T_C,pwlr,ERT,pwlr_liq_Al2O3_K2O,0.22550648543892676,0.052124606386895644,45
cpx,cpx_liq,T_C,pwlr,ERT,pwlr_liq_FeO_MgO,0.34935997377608385,0.08702179397175747,39
cpx,cpx_liq,T_C,pwlr,ERT,pwlr_liq_FeO_CaO,0.008951034792632128,0.07939396977835844,66
cpx,cpx_liq,T_C,pwlr,ERT,pwlr_liq_FeO_Na2O,0.45678298924091293,0.0927270209448475,34
cpx,cpx_liq,T_C,pwlr,ERT,pwlr_liq_FeO_K2O,0.42384244533757853,0.10727476972726528,37
cpx,cpx_liq,T_C,pwlr,ERT,pwlr_liq_MgO_CaO,5.067290621398156,0.38359980627917006,3
cpx,cpx_liq,T_C,pwlr,ERT,pwlr_liq_MgO_Na2O,3.0267752578999874,0.364233574361622,8
cpx,cpx_liq,T_C,pwlr,ERT,pwlr_liq_MgO_K2O,3.391722788363194,0.5477871640759998,6
cpx,cpx_liq,T_C,pwlr,ERT,pwlr_liq_CaO_Na2O,0.1692693092208323,0.06837908605579897,50
cpx,cpx_liq,T_C,pwlr,ERT,pwlr_liq_CaO_K2O,0.6122205048838169,0.1667482981399079,30
cpx,cpx_liq,T_C,pwlr,ERT,pwlr_liq_Na2O_K2O,0.27109230997053474,0.07415552940899935,43
cpx,cpx_liq,T_C,pwlr,ERT,liq_Mg_num,1.1068127364906566,0.25723039309069445,24
cpx,cpx_liq,T_C,pwlr,XGB,pwlr_SiO2_TiO2,-0.03539696768161562,0.03806750875693851,63
cpx,cpx_liq,T_C,pwlr,XGB,pwlr_SiO2_Al2O3,1.9961461160402478,0.6422635800622729,11
cpx,cpx_liq,T_C,pwlr,XGB,pwlr_SiO2_Cr2O3,-0.06168528940991465,0.055399519629086805,65
cpx,cpx_liq,T_C,pwlr,XGB,pwlr_SiO2_FeO_total,0.9425413736767979,0.15307076845843304,21
cpx,cpx_liq,T_C,pwlr,XGB,pwlr_SiO2_MnO,0.13960645906971508,0.06597568132088459,45
cpx,cpx_liq,T_C,pwlr,XGB,pwlr_SiO2_MgO,0.30871416431470633,0.22044128280640501,39
cpx,cpx_liq,T_C,pwlr,XGB,pwlr_SiO2_CaO,0.1620968144216654,0.30864932859936,44
cpx,cpx_liq,T_C,pwlr,XGB,pwlr_SiO2_Na2O,0.5435401529476934,0.18140421795223077,28
cpx,cpx_liq,T_C,pwlr,XGB,pwlr_TiO2_Al2O3,4.464971729294514,0.8245007060986163,6
cpx,cpx_liq,T_C,pwlr,XGB,pwlr_TiO2_Cr2O3,-0.0012375781774260019,0.030943608378523987,61
cpx,cpx_liq,T_C,pwlr,XGB,pwlr_TiO2_FeO_total,0.08308465604868616,0.06083290919367094,54
cpx,cpx_liq,T_C,pwlr,XGB,pwlr_TiO2_MnO,0.12090357339256456,0.059022739211108836,48
cpx,cpx_liq,T_C,pwlr,XGB,pwlr_TiO2_MgO,0.18764006610336423,0.040446872556792066,42
cpx,cpx_liq,T_C,pwlr,XGB,pwlr_TiO2_CaO,0.32824409640969987,0.08577872320195586,36
cpx,cpx_liq,T_C,pwlr,XGB,pwlr_TiO2_Na2O,2.9001066051224607,0.3149048179753911,9
cpx,cpx_liq,T_C,pwlr,XGB,pwlr_Al2O3_Cr2O3,0.11532887366692321,0.10148044903555566,49
cpx,cpx_liq,T_C,pwlr,XGB,pwlr_Al2O3_FeO_total,4.6919050554509605,0.624746889946336,5
cpx,cpx_liq,T_C,pwlr,XGB,pwlr_Al2O3_MnO,0.37282045126714963,0.11487114422435257,34
cpx,cpx_liq,T_C,pwlr,XGB,pwlr_Al2O3_MgO,0.16723926222051588,0.08498915904070886,43
cpx,cpx_liq,T_C,pwlr,XGB,pwlr_Al2O3_CaO,2.3179237616311448,0.6497512461484718,10
cpx,cpx_liq,T_C,pwlr,XGB,pwlr_Al2O3_Na2O,0.8497866304323232,0.21936553758214325,22
cpx,cpx_liq,T_C,pwlr,XGB,pwlr_Cr2O3_FeO_total,-0.1517610995413463,0.0534815802563659,68
cpx,cpx_liq,T_C,pwlr,XGB,pwlr_Cr2O3_MnO,0.0429661238921895,0.059980993525005036,58
cpx,cpx_liq,T_C,pwlr,XGB,pwlr_Cr2O3_MgO,0.09486753598473782,0.06107738063360285,52
cpx,cpx_liq,T_C,pwlr,XGB,pwlr_Cr2O3_CaO,-0.326567378265198,0.07029533663554184,69
cpx,cpx_liq,T_C,pwlr,XGB,pwlr_Cr2O3_Na2O,-0.35873624962356276,0.15081225155217878,70
cpx,cpx_liq,T_C,pwlr,XGB,pwlr_FeO_total_MnO,0.12528493866149404,0.050678443089297004,47
cpx,cpx_liq,T_C,pwlr,XGB,pwlr_FeO_total_MgO,1.0226474232534741,0.13820393051328306,19
cpx,cpx_liq,T_C,pwlr,XGB,pwlr_FeO_total_CaO,0.11063979712697858,0.05355124229756202,50
cpx,cpx_liq,T_C,pwlr,XGB,pwlr_FeO_total_Na2O,1.4386818115055504,0.12410667373885856,14
cpx,cpx_liq,T_C,pwlr,XGB,pwlr_MnO_MgO,0.4117245903497647,0.1129396665172308,32
cpx,cpx_liq,T_C,pwlr,XGB,pwlr_MnO_CaO,0.0550043809956378,0.027868942900122963,56
cpx,cpx_liq,T_C,pwlr,XGB,pwlr_MnO_Na2O,0.7011717119709694,0.08235911131246908,26
cpx,cpx_liq,T_C,pwlr,XGB,pwlr_MgO_CaO,0.593725879368673,0.3983502016971832,27
cpx,cpx_liq,T_C,pwlr,XGB,pwlr_MgO_Na2O,0.341013821447531,0.05284097680846278,35
cpx,cpx_liq,T_C,pwlr,XGB,pwlr_CaO_Na2O,4.732801026787175,0.6027759041549425,4
cpx,cpx_liq,T_C,pwlr,XGB,Mg_num_cpx,0.5192857670092245,0.07254614570296317,29
cpx,cpx_liq,T_C,pwlr,XGB,Jd,1.2420643735074137,0.23994226405177482,17
cpx,cpx_liq,T_C,pwlr,XGB,Di,0.7352683808567008,0.39132432792449984,24
cpx,cpx_liq,T_C,pwlr,XGB,Aeg,0.02570349184490297,0.007730713118745576,60
cpx,cpx_liq,T_C,pwlr,XGB,CaTs,1.6217409130337146,0.4360599858940072,12
cpx,cpx_liq,T_C,pwlr,XGB,En_cpx,1.4669768262581677,0.27962813398883735,13
cpx,cpx_liq,T_C,pwlr,XGB,Fs_cpx,0.4265045988554796,0.06783518631406923,31
cpx,cpx_liq,T_C,pwlr,XGB,pwlr_liq_SiO2_TiO2,1.3593064780567772,0.20119863080144407,16
cpx,cpx_liq,T_C,pwlr,XGB,pwlr_liq_SiO2_Al2O3,3.92147683119554,0.6736031203255292,7
cpx,cpx_liq,T_C,pwlr,XGB,pwlr_liq_SiO2_FeO,0.106166108580706,0.11597376355743744,51
cpx,cpx_liq,T_C,pwlr,XGB,pwlr_liq_SiO2_MgO,29.511062309453575,2.157543497176458,1
cpx,cpx_liq,T_C,pwlr,XGB,pwlr_liq_SiO2_CaO,0.7987099425866979,0.5628674255378184,23
cpx,cpx_liq,T_C,pwlr,XGB,pwlr_liq_SiO2_Na2O,-0.10950277579860526,0.2195136419787487,66
cpx,cpx_liq,T_C,pwlr,XGB,pwlr_liq_SiO2_K2O,0.2131147682674232,0.1553819855436117,41
cpx,cpx_liq,T_C,pwlr,XGB,pwlr_liq_TiO2_Al2O3,3.2326234700087952,0.465600006072448,8
cpx,cpx_liq,T_C,pwlr,XGB,pwlr_liq_TiO2_FeO,-0.0159236604703203,0.07389796985735904,62
cpx,cpx_liq,T_C,pwlr,XGB,pwlr_liq_TiO2_MgO,0.03385927936822526,0.0650691462718287,59
cpx,cpx_liq,T_C,pwlr,XGB,pwlr_liq_TiO2_CaO,-0.11000158197664404,0.11595033536344934,67
cpx,cpx_liq,T_C,pwlr,XGB,pwlr_liq_TiO2_Na2O,1.433389903685267,0.28339928702866457,15
cpx,cpx_liq,T_C,pwlr,XGB,pwlr_liq_TiO2_K2O,1.2025820106238476,0.21045597403765906,18
cpx,cpx_liq,T_C,pwlr,XGB,pwlr_liq_Al2O3_FeO,0.5191171701503094,0.3324943742371727,30
cpx,cpx_liq,T_C,pwlr,XGB,pwlr_liq_Al2O3_MgO,13.54751114425618,0.8791725731665184,2
cpx,cpx_liq,T_C,pwlr,XGB,pwlr_liq_Al2O3_CaO,0.3258995580363731,0.3211338257113176,37
cpx,cpx_liq,T_C,pwlr,XGB,pwlr_liq_Al2O3_Na2O,-0.5395750807196258,0.11456828717696112,71
cpx,cpx_liq,T_C,pwlr,XGB,pwlr_liq_Al2O3_K2O,0.31953704379115494,0.11768225529617263,38
cpx,cpx_liq,T_C,pwlr,XGB,pwlr_liq_FeO_MgO,0.07967238020872998,0.1037857966282783,55
cpx,cpx_liq,T_C,pwlr,XGB,pwlr_liq_FeO_CaO,-0.8571844654044931,0.418620834118917,72
cpx,cpx_liq,T_C,pwlr,XGB,pwlr_liq_FeO_Na2O,0.948082885965843,0.290541061660778,20
cpx,cpx_liq,T_C,pwlr,XGB,pwlr_liq_FeO_K2O,0.08485145926970432,0.1970072208878983,53
cpx,cpx_liq,T_C,pwlr,XGB,pwlr_liq_MgO_CaO,5.014556499504479,0.6199763928681026,3
cpx,cpx_liq,T_C,pwlr,XGB,pwlr_liq_MgO_Na2O,0.4086195737420155,0.16177977267943627,33
cpx,cpx_liq,T_C,pwlr,XGB,pwlr_liq_MgO_K2O,0.7162926680367037,0.321558629835655,25
cpx,cpx_liq,T_C,pwlr,XGB,pwlr_liq_CaO_Na2O,0.25937891307844013,0.1227002219251757,40
cpx,cpx_liq,T_C,pwlr,XGB,pwlr_liq_CaO_K2O,0.1364516472596506,0.12980303026604967,46
cpx,cpx_liq,T_C,pwlr,XGB,pwlr_liq_Na2O_K2O,-0.06034510631484267,0.09595254169340645,64
cpx,cpx_liq,T_C,pwlr,XGB,liq_Mg_num,0.053861858717866085,0.03612109433932059,57
cpx,cpx_liq,T_C,raw,GB,raw_SiO2,2.959669618911922,0.524945638553375,11
cpx,cpx_liq,T_C,raw,GB,raw_TiO2,2.7118685436270495,0.5669071170868378,13
cpx,cpx_liq,T_C,raw,GB,raw_Al2O3,20.119148865178865,1.3063183067200996,2
cpx,cpx_liq,T_C,raw,GB,raw_Cr2O3,0.4827042216459425,0.17608303787207494,22
cpx,cpx_liq,T_C,raw,GB,raw_FeO_total,0.93371505343911,0.19779206733791763,19
cpx,cpx_liq,T_C,raw,GB,raw_MnO,0.054716983784847885,0.1542830871449806,24
cpx,cpx_liq,T_C,raw,GB,raw_MgO,0.7381814678793759,0.2906618559107698,21
cpx,cpx_liq,T_C,raw,GB,raw_CaO,3.417959229835327,0.8162238666188055,10
cpx,cpx_liq,T_C,raw,GB,raw_Na2O,10.292870949233068,1.0465625166702166,3
cpx,cpx_liq,T_C,raw,GB,Mg_num_cpx,1.5990278288381803,0.35138187664645704,17
cpx,cpx_liq,T_C,raw,GB,Jd,1.5010908854545613,0.3264686835382945,18
cpx,cpx_liq,T_C,raw,GB,Di,2.6318381879627024,1.109198398614685,14
cpx,cpx_liq,T_C,raw,GB,Aeg,-0.027314785361586047,0.007995770462680338,25
cpx,cpx_liq,T_C,raw,GB,CaTs,2.7187216602524047,0.39317451613791254,12
cpx,cpx_liq,T_C,raw,GB,En_cpx,5.896588664961498,1.209395404987122,7
cpx,cpx_liq,T_C,raw,GB,Fs_cpx,0.8285074299155177,0.22062284701892684,20
cpx,cpx_liq,T_C,raw,GB,raw_liq_SiO2,2.2086500877831354,0.9158731657226316,15
cpx,cpx_liq,T_C,raw,GB,raw_liq_TiO2,7.857001235535255,0.7689472319898512,5
cpx,cpx_liq,T_C,raw,GB,raw_liq_Al2O3,7.384845502262694,1.3354872439077505,6
cpx,cpx_liq,T_C,raw,GB,raw_liq_FeO,3.9291006326078453,0.7665611968602302,9
cpx,cpx_liq,T_C,raw,GB,raw_liq_MgO,91.48330606370145,4.232839696978791,1
cpx,cpx_liq,T_C,raw,GB,raw_liq_CaO,5.359326468762303,1.182965851547859,8
cpx,cpx_liq,T_C,raw,GB,raw_liq_Na2O,2.095422783546559,0.36748774908841697,16
cpx,cpx_liq,T_C,raw,GB,raw_liq_K2O,9.325116457631049,1.2711400209602977,4
cpx,cpx_liq,T_C,raw,GB,liq_Mg_num,0.06580032756090119,0.21669158568572858,23
cpx,cpx_liq,T_C,pwlr,CatBoost,pwlr_SiO2_TiO2,0.7208384581356697,0.15204480600273018,45
cpx,cpx_liq,T_C,pwlr,CatBoost,pwlr_SiO2_Al2O3,1.3293667503446827,0.24580864410603884,26
cpx,cpx_liq,T_C,pwlr,CatBoost,pwlr_SiO2_Cr2O3,0.11622737613449488,0.07643766090830564,68
cpx,cpx_liq,T_C,pwlr,CatBoost,pwlr_SiO2_FeO_total,1.181270902032184,0.20001468281847543,30
cpx,cpx_liq,T_C,pwlr,CatBoost,pwlr_SiO2_MnO,0.3024440890594192,0.0825032648882067,57
cpx,cpx_liq,T_C,pwlr,CatBoost,pwlr_SiO2_MgO,0.3597047235517806,0.14994997699071502,56
cpx,cpx_liq,T_C,pwlr,CatBoost,pwlr_SiO2_CaO,0.9972766523071727,0.7357490757507335,39
cpx,cpx_liq,T_C,pwlr,CatBoost,pwlr_SiO2_Na2O,1.2316290560276228,0.2666866399749655,28
cpx,cpx_liq,T_C,pwlr,CatBoost,pwlr_TiO2_Al2O3,3.9172754219535073,0.4715411204764497,4
cpx,cpx_liq,T_C,pwlr,CatBoost,pwlr_TiO2_Cr2O3,0.2503309813509965,0.08063574728730796,61
cpx,cpx_liq,T_C,pwlr,CatBoost,pwlr_TiO2_FeO_total,0.03343761906698432,0.06576440118171925,70
cpx,cpx_liq,T_C,pwlr,CatBoost,pwlr_TiO2_MnO,0.2089745892977355,0.08512038883661843,63
cpx,cpx_liq,T_C,pwlr,CatBoost,pwlr_TiO2_MgO,0.24406941433743795,0.06647111835534414,62
cpx,cpx_liq,T_C,pwlr,CatBoost,pwlr_TiO2_CaO,0.406227701066895,0.08344466591157224,54
cpx,cpx_liq,T_C,pwlr,CatBoost,pwlr_TiO2_Na2O,2.5639510699443817,0.37354893881606027,9
cpx,cpx_liq,T_C,pwlr,CatBoost,pwlr_Al2O3_Cr2O3,1.1446046969627184,0.20279487671864505,31
cpx,cpx_liq,T_C,pwlr,CatBoost,pwlr_Al2O3_FeO_total,2.0225974084326177,0.27348696831563185,13
cpx,cpx_liq,T_C,pwlr,CatBoost,pwlr_Al2O3_MnO,0.4712571923657066,0.20221198544438154,52
cpx,cpx_liq,T_C,pwlr,CatBoost,pwlr_Al2O3_MgO,1.059794449871891,0.14644494117895107,36
cpx,cpx_liq,T_C,pwlr,CatBoost,pwlr_Al2O3_CaO,3.1950147571546808,0.6518456483926899,5
cpx,cpx_liq,T_C,pwlr,CatBoost,pwlr_Al2O3_Na2O,1.1007773133896799,0.2795054175386978,35
cpx,cpx_liq,T_C,pwlr,CatBoost,pwlr_Cr2O3_FeO_total,0.6561403971454702,0.11928194250896024,49
cpx,cpx_liq,T_C,pwlr,CatBoost,pwlr_Cr2O3_MnO,0.2674201011608709,0.07773951161061539,60
cpx,cpx_liq,T_C,pwlr,CatBoost,pwlr_Cr2O3_MgO,0.2835734354329212,0.053167640252674994,59
cpx,cpx_liq,T_C,pwlr,CatBoost,pwlr_Cr2O3_CaO,0.06825054978026017,0.06535141085596177,69
cpx,cpx_liq,T_C,pwlr,CatBoost,pwlr_Cr2O3_Na2O,1.0348217990231583,0.25226659536746177,37
cpx,cpx_liq,T_C,pwlr,CatBoost,pwlr_FeO_total_MnO,0.19597218723856996,0.08956390156736631,66
cpx,cpx_liq,T_C,pwlr,CatBoost,pwlr_FeO_total_MgO,1.1287340012002312,0.11756824522248557,32
cpx,cpx_liq,T_C,pwlr,CatBoost,pwlr_FeO_total_CaO,0.19730416509874543,0.11113832008268625,65
cpx,cpx_liq,T_C,pwlr,CatBoost,pwlr_FeO_total_Na2O,1.394441802196183,0.14124130760175715,25
cpx,cpx_liq,T_C,pwlr,CatBoost,pwlr_MnO_MgO,0.5705656791417724,0.17818075542212622,50
cpx,cpx_liq,T_C,pwlr,CatBoost,pwlr_MnO_CaO,0.30205399769362273,0.11588157355050763,58
cpx,cpx_liq,T_C,pwlr,CatBoost,pwlr_MnO_Na2O,0.7157055798657602,0.15176325783882125,46
cpx,cpx_liq,T_C,pwlr,CatBoost,pwlr_MgO_CaO,1.1142669574451503,0.2588527655662823,34
cpx,cpx_liq,T_C,pwlr,CatBoost,pwlr_MgO_Na2O,0.8668256298469437,0.20007772960752904,42
cpx,cpx_liq,T_C,pwlr,CatBoost,pwlr_CaO_Na2O,1.7298011850368582,0.309237678721089,14
cpx,cpx_liq,T_C,pwlr,CatBoost,Mg_num_cpx,0.4722980954452737,0.09001107919304399,51
cpx,cpx_liq,T_C,pwlr,CatBoost,Jd,1.5239956803476211,0.2509637692597734,22
cpx,cpx_liq,T_C,pwlr,CatBoost,Di,2.3076570216828243,0.7596475411126044,10
cpx,cpx_liq,T_C,pwlr,CatBoost,Aeg,-0.08818576768965514,0.029141573819229792,71
cpx,cpx_liq,T_C,pwlr,CatBoost,CaTs,1.2294336381498154,0.1959106403615596,29
cpx,cpx_liq,T_C,pwlr,CatBoost,En_cpx,1.642402092055852,0.26018685718861234,18
cpx,cpx_liq,T_C,pwlr,CatBoost,Fs_cpx,0.9037378506129151,0.16114408036453365,41
cpx,cpx_liq,T_C,pwlr,CatBoost,pwlr_liq_SiO2_TiO2,1.456373637107697,0.24906167274329402,23
cpx,cpx_liq,T_C,pwlr,CatBoost,pwlr_liq_SiO2_Al2O3,2.707924299522395,0.7090344109966975,7
cpx,cpx_liq,T_C,pwlr,CatBoost,pwlr_liq_SiO2_FeO,1.5407670827784195,0.24789955055377436,21
cpx,cpx_liq,T_C,pwlr,CatBoost,pwlr_liq_SiO2_MgO,5.606554649323775,0.6789487908533128,3
cpx,cpx_liq,T_C,pwlr,CatBoost,pwlr_liq_SiO2_CaO,3.0131848025017156,0.4512717249455574,6
cpx,cpx_liq,T_C,pwlr,CatBoost,pwlr_liq_SiO2_Na2O,0.3758023620092324,0.1778298898399533,55
cpx,cpx_liq,T_C,pwlr,CatBoost,pwlr_liq_SiO2_K2O,1.3167728186576888,0.2996707762783164,27
cpx,cpx_liq,T_C,pwlr,CatBoost,pwlr_liq_TiO2_Al2O3,1.7012032002537396,0.3508188345142178,16
cpx,cpx_liq,T_C,pwlr,CatBoost,pwlr_liq_TiO2_FeO,0.19884163682674866,0.07811611132960929,64
cpx,cpx_liq,T_C,pwlr,CatBoost,pwlr_liq_TiO2_MgO,1.1203884415428902,0.14755201575916035,33
cpx,cpx_liq,T_C,pwlr,CatBoost,pwlr_liq_TiO2_CaO,0.4444077693983587,0.14761427022168272,53
cpx,cpx_liq,T_C,pwlr,CatBoost,pwlr_liq_TiO2_Na2O,1.691961440077904,0.28632955155128226,17
cpx,cpx_liq,T_C,pwlr,CatBoost,pwlr_liq_TiO2_K2O,2.060926917459768,0.2875536628907874,12
cpx,cpx_liq,T_C,pwlr,CatBoost,pwlr_liq_Al2O3_FeO,2.189378403678527,0.41306321685769387,11
cpx,cpx_liq,T_C,pwlr,CatBoost,pwlr_liq_Al2O3_MgO,7.860463229189472,0.803643609734256,1
cpx,cpx_liq,T_C,pwlr,CatBoost,pwlr_liq_Al2O3_CaO,2.638746737716871,0.365593789528887,8
cpx,cpx_liq,T_C,pwlr,CatBoost,pwlr_liq_Al2O3_Na2O,0.16393562437831904,0.11679883507153367,67
cpx,cpx_liq,T_C,pwlr,CatBoost,pwlr_liq_Al2O3_K2O,0.6930864318885377,0.19113541358200387,47
cpx,cpx_liq,T_C,pwlr,CatBoost,pwlr_liq_FeO_MgO,1.5583574587188778,0.2075284716599735,20
cpx,cpx_liq,T_C,pwlr,CatBoost,pwlr_liq_FeO_CaO,-0.3284754201076055,0.25877190307380493,72
cpx,cpx_liq,T_C,pwlr,CatBoost,pwlr_liq_FeO_Na2O,1.6194184529795266,0.29138858234975196,19
cpx,cpx_liq,T_C,pwlr,CatBoost,pwlr_liq_FeO_K2O,0.9659090321102809,0.2137203096521522,40
cpx,cpx_liq,T_C,pwlr,CatBoost,pwlr_liq_MgO_CaO,6.4401134605009105,0.6829015688691483,2
cpx,cpx_liq,T_C,pwlr,CatBoost,pwlr_liq_MgO_Na2O,1.7054802424131226,0.2574048992202472,15
cpx,cpx_liq,T_C,pwlr,CatBoost,pwlr_liq_MgO_K2O,1.433406051507196,0.3034259999347479,24
cpx,cpx_liq,T_C,pwlr,CatBoost,pwlr_liq_CaO_Na2O,0.7451831586074732,0.17742844904701605,43
cpx,cpx_liq,T_C,pwlr,CatBoost,pwlr_liq_CaO_K2O,0.7286662192529633,0.15929044415682228,44
cpx,cpx_liq,T_C,pwlr,CatBoost,pwlr_liq_Na2O_K2O,0.6637152232647893,0.19300723375021964,48
cpx,cpx_liq,T_C,pwlr,CatBoost,liq_Mg_num,1.0001514690353979,0.21494209547308799,38
cpx,cpx_liq,T_C,pwlr,LightGBM,pwlr_SiO2_TiO2,0.0608969254609768,0.027326443122553983,53
cpx,cpx_liq,T_C,pwlr,LightGBM,pwlr_SiO2_Al2O3,1.8980280272606413,0.45436585719559763,14
cpx,cpx_liq,T_C,pwlr,LightGBM,pwlr_SiO2_Cr2O3,0.0006726354029517268,0.06062936888465179,60
cpx,cpx_liq,T_C,pwlr,LightGBM,pwlr_SiO2_FeO_total,0.4189669640365693,0.074496952512603,34
cpx,cpx_liq,T_C,pwlr,LightGBM,pwlr_SiO2_MnO,0.07938542615465138,0.0329062978738092,47
cpx,cpx_liq,T_C,pwlr,LightGBM,pwlr_SiO2_MgO,0.07237068719803048,0.13742473656654638,50
cpx,cpx_liq,T_C,pwlr,LightGBM,pwlr_SiO2_CaO,-0.1093202912835686,0.43256918820631524,66
cpx,cpx_liq,T_C,pwlr,LightGBM,pwlr_SiO2_Na2O,0.6791927733052837,0.09772808330965548,25
cpx,cpx_liq,T_C,pwlr,LightGBM,pwlr_TiO2_Al2O3,4.712384839590657,0.8383208551462358,5
cpx,cpx_liq,T_C,pwlr,LightGBM,pwlr_TiO2_Cr2O3,0.03806438204395448,0.012326012253090764,56
cpx,cpx_liq,T_C,pwlr,LightGBM,pwlr_TiO2_FeO_total,0.07592360458093736,0.0528457153543206,48
cpx,cpx_liq,T_C,pwlr,LightGBM,pwlr_TiO2_MnO,0.003045076612534103,0.023679271695856083,59
cpx,cpx_liq,T_C,pwlr,LightGBM,pwlr_TiO2_MgO,-0.029893985877284736,0.024498605288292216,63
cpx,cpx_liq,T_C,pwlr,LightGBM,pwlr_TiO2_CaO,-0.046269257607554695,0.10908794661714147,65
cpx,cpx_liq,T_C,pwlr,LightGBM,pwlr_TiO2_Na2O,2.8338022314517333,0.5717911380341557,9
cpx,cpx_liq,T_C,pwlr,LightGBM,pwlr_Al2O3_Cr2O3,0.43224145718458684,0.10138213867053401,33
cpx,cpx_liq,T_C,pwlr,LightGBM,pwlr_Al2O3_FeO_total,3.5326466695087584,0.5084567052536572,7
cpx,cpx_liq,T_C,pwlr,LightGBM,pwlr_Al2O3_MnO,0.41775324459566365,0.09129445730620776,35
cpx,cpx_liq,T_C,pwlr,LightGBM,pwlr_Al2O3_MgO,0.3522234511806232,0.0791300564778819,38
cpx,cpx_liq,T_C,pwlr,LightGBM,pwlr_Al2O3_CaO,3.408179892512757,1.0739414571877597,8
cpx,cpx_liq,T_C,pwlr,LightGBM,pwlr_Al2O3_Na2O,0.5327420766489261,0.2153713330891072,30
cpx,cpx_liq,T_C,pwlr,LightGBM,pwlr_Cr2O3_FeO_total,0.013967870176718123,0.0575647320599263,57
cpx,cpx_liq,T_C,pwlr,LightGBM,pwlr_Cr2O3_MnO,-0.22675883238794228,0.10048360083686955,70
cpx,cpx_liq,T_C,pwlr,LightGBM,pwlr_Cr2O3_MgO,0.09042568358181384,0.0802654088161559,45
cpx,cpx_liq,T_C,pwlr,LightGBM,pwlr_Cr2O3_CaO,-0.19226151471897596,0.09438780193645847,68
cpx,cpx_liq,T_C,pwlr,LightGBM,pwlr_Cr2O3_Na2O,0.3341268956378798,0.09864889114992384,39
cpx,cpx_liq,T_C,pwlr,LightGBM,pwlr_FeO_total_MnO,0.3197315510872869,0.056598450427380945,40
cpx,cpx_liq,T_C,pwlr,LightGBM,pwlr_FeO_total_MgO,1.9454815518287667,0.28269386061362406,13
cpx,cpx_liq,T_C,pwlr,LightGBM,pwlr_FeO_total_CaO,0.07591263638391013,0.03003992083321318,49
cpx,cpx_liq,T_C,pwlr,LightGBM,pwlr_FeO_total_Na2O,1.9464710247123294,0.46055473747574194,12
cpx,cpx_liq,T_C,pwlr,LightGBM,pwlr_MnO_MgO,0.2680426881019649,0.08639006337080826,42
cpx,cpx_liq,T_C,pwlr,LightGBM,pwlr_MnO_CaO,0.08455483814278467,0.028449335187161688,46
cpx,cpx_liq,T_C,pwlr,LightGBM,pwlr_MnO_Na2O,0.5100045216027489,0.03452292141669596,31
cpx,cpx_liq,T_C,pwlr,LightGBM,pwlr_MgO_CaO,0.23237181414835248,0.21099859931997117,43
cpx,cpx_liq,T_C,pwlr,LightGBM,pwlr_MgO_Na2O,0.3067985980011144,0.04536857037400849,41
cpx,cpx_liq,T_C,pwlr,LightGBM,pwlr_CaO_Na2O,5.232877927096653,0.8208753183616392,4
cpx,cpx_liq,T_C,pwlr,LightGBM,Mg_num_cpx,0.46959568750707775,0.11197535792639451,32
cpx,cpx_liq,T_C,pwlr,LightGBM,Jd,0.6257082979205151,0.14039227075459595,28
cpx,cpx_liq,T_C,pwlr,LightGBM,Di,1.0661803736013837,0.41862288141813087,18
cpx,cpx_liq,T_C,pwlr,LightGBM,Aeg,-0.038504391987805066,0.005577272517860062,64
cpx,cpx_liq,T_C,pwlr,LightGBM,CaTs,0.9312388636668878,0.2508450267914363,20
cpx,cpx_liq,T_C,pwlr,LightGBM,En_cpx,1.5234691177293052,0.3173885477656343,16
cpx,cpx_liq,T_C,pwlr,LightGBM,Fs_cpx,0.5843794773127783,0.1516850253893248,29
cpx,cpx_liq,T_C,pwlr,LightGBM,pwlr_liq_SiO2_TiO2,2.3817259681177503,0.35740694285606356,10
cpx,cpx_liq,T_C,pwlr,LightGBM,pwlr_liq_SiO2_Al2O3,3.561197017145376,0.5436618520751141,6
cpx,cpx_liq,T_C,pwlr,LightGBM,pwlr_liq_SiO2_FeO,0.3662417681090481,0.15523100142315285,37
cpx,cpx_liq,T_C,pwlr,LightGBM,pwlr_liq_SiO2_MgO,26.945529825829475,1.7773907446660264,1
cpx,cpx_liq,T_C,pwlr,LightGBM,pwlr_liq_SiO2_CaO,2.0621692542863386,0.6510242458532329,11
cpx,cpx_liq,T_C,pwlr,LightGBM,pwlr_liq_SiO2_Na2O,1.2214915106867934,0.4154339281023343,17
cpx,cpx_liq,T_C,pwlr,LightGBM,pwlr_liq_SiO2_K2O,0.6697013158717325,0.08264463032375054,26
cpx,cpx_liq,T_C,pwlr,LightGBM,pwlr_liq_TiO2_Al2O3,1.6318784578074876,0.3369184008027832,15
cpx,cpx_liq,T_C,pwlr,LightGBM,pwlr_liq_TiO2_FeO,-0.007072258289676369,0.04607158453290008,61
cpx,cpx_liq,T_C,pwlr,LightGBM,pwlr_liq_TiO2_MgO,0.05377417527838091,0.1118921282755194,55
cpx,cpx_liq,T_C,pwlr,LightGBM,pwlr_liq_TiO2_CaO,-0.3355290925601203,0.17509056978055257,72
cpx,cpx_liq,T_C,pwlr,LightGBM,pwlr_liq_TiO2_Na2O,0.9303119760833412,0.2985805778258837,21
cpx,cpx_liq,T_C,pwlr,LightGBM,pwlr_liq_TiO2_K2O,0.9965427289271489,0.16947718827835853,19
cpx,cpx_liq,T_C,pwlr,LightGBM,pwlr_liq_Al2O3_FeO,-0.15246786052499672,0.35809573099935166,67
cpx,cpx_liq,T_C,pwlr,LightGBM,pwlr_liq_Al2O3_MgO,16.673416528983164,0.9875396026198233,2
cpx,cpx_liq,T_C,pwlr,LightGBM,pwlr_liq_Al2O3_CaO,0.07223368128349392,0.20197625073396408,51
cpx,cpx_liq,T_C,pwlr,LightGBM,pwlr_liq_Al2O3_Na2O,-0.20037468844623021,0.060198397005394796,69
cpx,cpx_liq,T_C,pwlr,LightGBM,pwlr_liq_Al2O3_K2O,0.7724562402606381,0.08303411160447659,24
cpx,cpx_liq,T_C,pwlr,LightGBM,pwlr_liq_FeO_MgO,0.004132157100350753,0.03798168960014924,58
cpx,cpx_liq,T_C,pwlr,LightGBM,pwlr_liq_FeO_CaO,-0.2803841657251027,0.37757594195009614,71
cpx,cpx_liq,T_C,pwlr,LightGBM,pwlr_liq_FeO_Na2O,0.7868110828472886,0.2565597637882901,23
cpx,cpx_liq,T_C,pwlr,LightGBM,pwlr_liq_FeO_K2O,0.8260075931961893,0.3875009354114009,22
cpx,cpx_liq,T_C,pwlr,LightGBM,pwlr_liq_MgO_CaO,6.915317450011696,0.6630466660855998,3
cpx,cpx_liq,T_C,pwlr,LightGBM,pwlr_liq_MgO_Na2O,0.6376792434191139,0.18412258648716207,27
cpx,cpx_liq,T_C,pwlr,LightGBM,pwlr_liq_MgO_K2O,0.38595049410155224,0.18570921580799363,36
cpx,cpx_liq,T_C,pwlr,LightGBM,pwlr_liq_CaO_Na2O,0.07135101895292024,0.03919705078236696,52
cpx,cpx_liq,T_C,pwlr,LightGBM,pwlr_liq_CaO_K2O,-0.023914655202937497,0.028875360643440692,62
cpx,cpx_liq,T_C,pwlr,LightGBM,pwlr_liq_Na2O_K2O,0.18637505989225076,0.07812816113089859,44
cpx,cpx_liq,T_C,pwlr,LightGBM,liq_Mg_num,0.0540964506181524,0.014258805825862916,54
cpx,cpx_liq,T_C,alr,ElasticNet,alr_TiO2,14.188424659370403,1.043446714119411,3
cpx,cpx_liq,T_C,alr,ElasticNet,alr_Al2O3,8.524445428613765,0.9259010082801264,7
cpx,cpx_liq,T_C,alr,ElasticNet,alr_Cr2O3,-0.2517702954628163,0.16047374082783658,22
cpx,cpx_liq,T_C,alr,ElasticNet,alr_FeO_total,6.284520498393275,0.6770051920570485,10
cpx,cpx_liq,T_C,alr,ElasticNet,alr_MnO,-0.0070186194209611585,0.023344872532066713,20
cpx,cpx_liq,T_C,alr,ElasticNet,alr_MgO,0.9425159685220876,0.296814788239711,16
cpx,cpx_liq,T_C,alr,ElasticNet,alr_CaO,0.20768716622787126,0.26243173159508987,18
cpx,cpx_liq,T_C,alr,ElasticNet,alr_Na2O,18.133734671248916,1.1621479494091744,2
cpx,cpx_liq,T_C,alr,ElasticNet,Mg_num_cpx,-0.6131907630283024,0.24757220523898366,23
cpx,cpx_liq,T_C,alr,ElasticNet,Jd,9.699041098947477,0.7770084535660554,6
cpx,cpx_liq,T_C,alr,ElasticNet,Di,10.34739483719341,0.8312335750336372,5
cpx,cpx_liq,T_C,alr,ElasticNet,Aeg,-0.22012731822769496,0.2272152569420114,21
cpx,cpx_liq,T_C,alr,ElasticNet,CaTs,5.419469997502441,0.664357602293367,11
cpx,cpx_liq,T_C,alr,ElasticNet,En_cpx,4.859608261409228,0.6829496661038752,12
cpx,cpx_liq,T_C,alr,ElasticNet,Fs_cpx,4.240131567727453,0.7019752997163435,13
cpx,cpx_liq,T_C,alr,ElasticNet,alr_liq_TiO2,0.3799157689702589,0.3451719510375473,17
cpx,cpx_liq,T_C,alr,ElasticNet,alr_liq_Al2O3,11.69226181119693,2.1763612284158027,4
cpx,cpx_liq,T_C,alr,ElasticNet,alr_liq_FeO,7.455004635283373,1.1318665204708949,8
cpx,cpx_liq,T_C,alr,ElasticNet,alr_liq_MgO,60.515725528853594,2.5805484209354947,1
cpx,cpx_liq,T_C,alr,ElasticNet,alr_liq_CaO,0.052150603381368656,0.023028045504292213,19
cpx,cpx_liq,T_C,alr,ElasticNet,alr_liq_Na2O,7.283612302342297,0.8604281073465749,9
cpx,cpx_liq,T_C,alr,ElasticNet,alr_liq_K2O,3.2093387985726927,0.4807615172590187,14
cpx,cpx_liq,T_C,alr,ElasticNet,liq_Mg_num,3.0329734788111367,0.42260679537485174,15
cpx,cpx_liq,T_C,raw,MLP,raw_SiO2,-1.8831321966325631,0.6650632768229059,24
cpx,cpx_liq,T_C,raw,MLP,raw_TiO2,7.5762020389099405,1.0204381596791752,11
cpx,cpx_liq,T_C,raw,MLP,raw_Al2O3,4.932825504231899,1.7621504913885795,16
cpx,cpx_liq,T_C,raw,MLP,raw_Cr2O3,-1.901430015128946,2.028432158078133,25
cpx,cpx_liq,T_C,raw,MLP,raw_FeO_total,5.225026820872019,1.0290646772799896,14
cpx,cpx_liq,T_C,raw,MLP,raw_MnO,-0.2489648736620076,0.3427752816960394,22
cpx,cpx_liq,T_C,raw,MLP,raw_MgO,28.803519093887502,1.7520990366274625,5
cpx,cpx_liq,T_C,raw,MLP,raw_CaO,66.10413616886456,2.8238570286355174,3
cpx,cpx_liq,T_C,raw,MLP,raw_Na2O,7.638908676961887,1.4675992896255237,10
cpx,cpx_liq,T_C,raw,MLP,Mg_num_cpx,0.7355341864418605,0.5940092214285468,19
cpx,cpx_liq,T_C,raw,MLP,Jd,23.35266179223975,1.3283398641770396,6
cpx,cpx_liq,T_C,raw,MLP,Di,10.28653835628325,2.0970118639354074,8
cpx,cpx_liq,T_C,raw,MLP,Aeg,3.7206854041956925,3.2288278194136537,18
cpx,cpx_liq,T_C,raw,MLP,CaTs,6.7914888888822444,0.8273888515574492,13
cpx,cpx_liq,T_C,raw,MLP,En_cpx,7.520973434681849,1.278914100989038,12
cpx,cpx_liq,T_C,raw,MLP,Fs_cpx,68.99976468591187,3.492238344560377,2
cpx,cpx_liq,T_C,raw,MLP,raw_liq_SiO2,5.060243854388708,0.9156456275886877,15
cpx,cpx_liq,T_C,raw,MLP,raw_liq_TiO2,7.907131530859462,1.3453484156033948,9
cpx,cpx_liq,T_C,raw,MLP,raw_liq_Al2O3,0.7268884681987189,1.8331845896769956,20
cpx,cpx_liq,T_C,raw,MLP,raw_liq_FeO,77.24463955922786,2.9937822799942064,1
cpx,cpx_liq,T_C,raw,MLP,raw_liq_MgO,29.929142071743133,2.082637983388298,4
cpx,cpx_liq,T_C,raw,MLP,raw_liq_CaO,0.05210074035229297,1.2967738222818552,21
cpx,cpx_liq,T_C,raw,MLP,raw_liq_Na2O,-1.7812086352828054,0.8028042190778327,23
cpx,cpx_liq,T_C,raw,MLP,raw_liq_K2O,3.9779636200279542,0.9479731681250018,17
cpx,cpx_liq,T_C,raw,MLP,liq_Mg_num,14.62931733625723,1.4422851047909366,7
cpx,cpx_liq,P_kbar,pwlr,RF,pwlr_SiO2_TiO2,0.01500967862133562,0.0032776371660469,35
cpx,cpx_liq,P_kbar,pwlr,RF,pwlr_SiO2_Al2O3,0.0924427235302078,0.012530241201038971,13
cpx,cpx_liq,P_kbar,pwlr,RF,pwlr_SiO2_Cr2O3,0.007338404088948725,0.004321660336434062,53
cpx,cpx_liq,P_kbar,pwlr,RF,pwlr_SiO2_FeO_total,0.007541737715756902,0.002490437252469847,52
cpx,cpx_liq,P_kbar,pwlr,RF,pwlr_SiO2_MnO,-0.001536806699590576,0.0022133630546615503,59
cpx,cpx_liq,P_kbar,pwlr,RF,pwlr_SiO2_MgO,0.0007128828308285762,0.0054493539844828786,57
cpx,cpx_liq,P_kbar,pwlr,RF,pwlr_SiO2_CaO,0.028960252967963163,0.027266582205198855,27
cpx,cpx_liq,P_kbar,pwlr,RF,pwlr_SiO2_Na2O,0.3666644800806909,0.07696998547652585,6
cpx,cpx_liq,P_kbar,pwlr,RF,pwlr_TiO2_Al2O3,0.03542197899003567,0.015260203757712056,23
cpx,cpx_liq,P_kbar,pwlr,RF,pwlr_TiO2_Cr2O3,0.021225452650116772,0.009313541289912207,32
cpx,cpx_liq,P_kbar,pwlr,RF,pwlr_TiO2_FeO_total,0.011939096941481653,0.007211093754415768,44
cpx,cpx_liq,P_kbar,pwlr,RF,pwlr_TiO2_MnO,0.013287877939653737,0.004268106495232993,39
cpx,cpx_liq,P_kbar,pwlr,RF,pwlr_TiO2_MgO,0.012109359010238085,0.002037445738002074,41
cpx,cpx_liq,P_kbar,pwlr,RF,pwlr_TiO2_CaO,0.013965343924355533,0.002956740911566192,37
cpx,cpx_liq,P_kbar,pwlr,RF,pwlr_TiO2_Na2O,0.1796948065784926,0.034506724757397404,11
cpx,cpx_liq,P_kbar,pwlr,RF,pwlr_Al2O3_Cr2O3,0.01609013917353481,0.006034213886677805,34
cpx,cpx_liq,P_kbar,pwlr,RF,pwlr_Al2O3_FeO_total,0.022269893735977587,0.0056178434831384225,30
cpx,cpx_liq,P_kbar,pwlr,RF,pwlr_Al2O3_MnO,0.012048056087886571,0.005088411392945147,43
cpx,cpx_liq,P_kbar,pwlr,RF,pwlr_Al2O3_MgO,0.05221846803385262,0.009527273686185502,18
cpx,cpx_liq,P_kbar,pwlr,RF,pwlr_Al2O3_CaO,0.04004809032203753,0.014409029052112644,21
cpx,cpx_liq,P_kbar,pwlr,RF,pwlr_Al2O3_Na2O,0.4290907146316054,0.1264695060316178,5
cpx,cpx_liq,P_kbar,pwlr,RF,pwlr_Cr2O3_FeO_total,0.034117542285427585,0.013777612296714764,24
cpx,cpx_liq,P_kbar,pwlr,RF,pwlr_Cr2O3_MnO,-0.01491741050519928,0.005372486045014716,65
cpx,cpx_liq,P_kbar,pwlr,RF,pwlr_Cr2O3_MgO,-0.016513004799971885,0.01821940154999637,66
cpx,cpx_liq,P_kbar,pwlr,RF,pwlr_Cr2O3_CaO,-0.02544512963006067,0.02492038039079011,69
cpx,cpx_liq,P_kbar,pwlr,RF,pwlr_Cr2O3_Na2O,0.028390419781950626,0.010501072259215321,28
cpx,cpx_liq,P_kbar,pwlr,RF,pwlr_FeO_total_MnO,0.018613456353635892,0.010094362700910553,33
cpx,cpx_liq,P_kbar,pwlr,RF,pwlr_FeO_total_MgO,-0.020584360467396624,0.00543449917775926,67
cpx,cpx_liq,P_kbar,pwlr,RF,pwlr_FeO_total_CaO,-0.001787181909552471,0.003365183115920407,60
cpx,cpx_liq,P_kbar,pwlr,RF,pwlr_FeO_total_Na2O,0.03640371971248135,0.013677334541584001,22
cpx,cpx_liq,P_kbar,pwlr,RF,pwlr_MnO_MgO,-0.031226693818791285,0.019113923176567488,70
cpx,cpx_liq,P_kbar,pwlr,RF,pwlr_MnO_CaO,-0.04795829846108619,0.027366383720973293,72
cpx,cpx_liq,P_kbar,pwlr,RF,pwlr_MnO_Na2O,0.01404377401180481,0.004120734617153742,36
cpx,cpx_liq,P_kbar,pwlr,RF,pwlr_MgO_CaO,0.0003629852145828671,0.02534101134370353,58
cpx,cpx_liq,P_kbar,pwlr,RF,pwlr_MgO_Na2O,0.1033504448673003,0.016739055302734764,12
cpx,cpx_liq,P_kbar,pwlr,RF,pwlr_CaO_Na2O,2.5396388391250797,0.22219957703982898,1
cpx,cpx_liq,P_kbar,pwlr,RF,Mg_num_cpx,0.008901862687460405,0.003127872241280343,49
cpx,cpx_liq,P_kbar,pwlr,RF,Jd,1.061948660654232,0.1266177784948073,2
cpx,cpx_liq,P_kbar,pwlr,RF,Di,0.010251331637978912,0.01205711870574462,48
cpx,cpx_liq,P_kbar,pwlr,RF,Aeg,-0.009704726819430043,0.0027520014272759672,63
cpx,cpx_liq,P_kbar,pwlr,RF,CaTs,0.32020621157806833,0.035835285524169744,9
cpx,cpx_liq,P_kbar,pwlr,RF,En_cpx,0.013672609260063773,0.006701958554248233,38
cpx,cpx_liq,P_kbar,pwlr,RF,Fs_cpx,0.006898492587699234,0.0034603491236539588,54
cpx,cpx_liq,P_kbar,pwlr,RF,pwlr_liq_SiO2_TiO2,0.013155261059733903,0.004016616740582764,40
cpx,cpx_liq,P_kbar,pwlr,RF,pwlr_liq_SiO2_Al2O3,0.3599474439214154,0.06667642242144023,7
cpx,cpx_liq,P_kbar,pwlr,RF,pwlr_liq_SiO2_FeO,0.040959737964598106,0.015421365256753144,20
cpx,cpx_liq,P_kbar,pwlr,RF,pwlr_liq_SiO2_MgO,0.6971143915393029,0.10425460231123378,4
cpx,cpx_liq,P_kbar,pwlr,RF,pwlr_liq_SiO2_CaO,-0.03810936282310999,0.02344878500866573,71
cpx,cpx_liq,P_kbar,pwlr,RF,pwlr_liq_SiO2_Na2O,0.007972671890136951,0.004748939411533095,51
cpx,cpx_liq,P_kbar,pwlr,RF,pwlr_liq_SiO2_K2O,0.01049303950063587,0.0027847051112667434,47
cpx,cpx_liq,P_kbar,pwlr,RF,pwlr_liq_TiO2_Al2O3,0.031074378688615623,0.01994618711763677,25
cpx,cpx_liq,P_kbar,pwlr,RF,pwlr_liq_TiO2_FeO,0.00355111830323076,0.0014876690743974683,56
cpx,cpx_liq,P_kbar,pwlr,RF,pwlr_liq_TiO2_MgO,0.004279321976946448,0.0023941236900565993,55
cpx,cpx_liq,P_kbar,pwlr,RF,pwlr_liq_TiO2_CaO,0.02192337785574785,0.00501844193824186,31
cpx,cpx_liq,P_kbar,pwlr,RF,pwlr_liq_TiO2_Na2O,0.05642044742527981,0.008997886987831407,17
cpx,cpx_liq,P_kbar,pwlr,RF,pwlr_liq_TiO2_K2O,0.012051360127626953,0.0029669523235426524,42
cpx,cpx_liq,P_kbar,pwlr,RF,pwlr_liq_Al2O3_FeO,0.0634258835106026,0.017980606204519193,15
cpx,cpx_liq,P_kbar,pwlr,RF,pwlr_liq_Al2O3_MgO,0.8069503987738329,0.10388566667785841,3
cpx,cpx_liq,P_kbar,pwlr,RF,pwlr_liq_Al2O3_CaO,0.31246654583863526,0.09308380692151325,10
cpx,cpx_liq,P_kbar,pwlr,RF,pwlr_liq_Al2O3_Na2O,0.056892260640358794,0.014417057677749968,16
cpx,cpx_liq,P_kbar,pwlr,RF,pwlr_liq_Al2O3_K2O,-0.0032002440447827405,0.007245793845227318,61
cpx,cpx_liq,P_kbar,pwlr,RF,pwlr_liq_FeO_MgO,-0.003779961400421339,0.002602407287011909,62
cpx,cpx_liq,P_kbar,pwlr,RF,pwlr_liq_FeO_CaO,-0.01285074587605659,0.009311870647583695,64
cpx,cpx_liq,P_kbar,pwlr,RF,pwlr_liq_FeO_Na2O,0.00838742992245196,0.008891239424105442,50
cpx,cpx_liq,P_kbar,pwlr,RF,pwlr_liq_FeO_K2O,0.011147541695413387,0.006182246573326119,45
cpx,cpx_liq,P_kbar,pwlr,RF,pwlr_liq_MgO_CaO,0.35916845153120414,0.028950765876255703,8
cpx,cpx_liq,P_kbar,pwlr,RF,pwlr_liq_MgO_Na2O,0.07587611018450553,0.010193011658948913,14
cpx,cpx_liq,P_kbar,pwlr,RF,pwlr_liq_MgO_K2O,0.03063572462317632,0.008246816812621273,26
cpx,cpx_liq,P_kbar,pwlr,RF,pwlr_liq_CaO_Na2O,0.043421705315371414,0.01815992451618679,19
cpx,cpx_liq,P_kbar,pwlr,RF,pwlr_liq_CaO_K2O,0.02535998308202565,0.00356143300170007,29
cpx,cpx_liq,P_kbar,pwlr,RF,pwlr_liq_Na2O_K2O,0.010932662555283957,0.004623081625648289,46
cpx,cpx_liq,P_kbar,pwlr,RF,liq_Mg_num,-0.021061419301745633,0.003977231350617413,68
cpx,cpx_liq,P_kbar,raw,ERT,raw_SiO2,0.266666038241065,0.04251323874420438,7
cpx,cpx_liq,P_kbar,raw,ERT,raw_TiO2,0.06847366543156501,0.011228254874442026,11
cpx,cpx_liq,P_kbar,raw,ERT,raw_Al2O3,0.8389647072835558,0.05698783412755804,5
cpx,cpx_liq,P_kbar,raw,ERT,raw_Cr2O3,-0.018182503813469354,0.01854226117845919,23
cpx,cpx_liq,P_kbar,raw,ERT,raw_FeO_total,0.022429877461927504,0.00980651733818247,17
cpx,cpx_liq,P_kbar,raw,ERT,raw_MnO,0.021125545984869997,0.007563269062879715,19
cpx,cpx_liq,P_kbar,raw,ERT,raw_MgO,-0.021979810987013383,0.033232350108300945,24
cpx,cpx_liq,P_kbar,raw,ERT,raw_CaO,0.0352302298403067,0.0783350240696012,15
cpx,cpx_liq,P_kbar,raw,ERT,raw_Na2O,2.315516876931818,0.1779522670396771,2
cpx,cpx_liq,P_kbar,raw,ERT,Mg_num_cpx,0.020233264700857845,0.017437562100188708,20
cpx,cpx_liq,P_kbar,raw,ERT,Jd,2.8391396318913933,0.21904147055768478,1
cpx,cpx_liq,P_kbar,raw,ERT,Di,0.0710471222498247,0.049551778053015805,9
cpx,cpx_liq,P_kbar,raw,ERT,Aeg,-0.004635859474770632,0.011397765341395824,22
cpx,cpx_liq,P_kbar,raw,ERT,CaTs,0.4218675589546608,0.04151250646753138,6
cpx,cpx_liq,P_kbar,raw,ERT,En_cpx,0.039455931192607444,0.019545233962944615,14
cpx,cpx_liq,P_kbar,raw,ERT,Fs_cpx,0.01633452396670112,0.010497855670585128,21
cpx,cpx_liq,P_kbar,raw,ERT,raw_liq_SiO2,0.07811458986789344,0.05860877747045573,8
cpx,cpx_liq,P_kbar,raw,ERT,raw_liq_TiO2,0.028828355078465685,0.017782811481500776,16
cpx,cpx_liq,P_kbar,raw,ERT,raw_liq_Al2O3,1.625487788163284,0.23644811875109797,3
cpx,cpx_liq,P_kbar,raw,ERT,raw_liq_FeO,-0.11023025618401579,0.09354532849886894,25
cpx,cpx_liq,P_kbar,raw,ERT,raw_liq_MgO,1.2986949677004198,0.18539308032145385,4
cpx,cpx_liq,P_kbar,raw,ERT,raw_liq_CaO,0.04879622189048756,0.08997661263584937,12
cpx,cpx_liq,P_kbar,raw,ERT,raw_liq_Na2O,0.07005001809553915,0.011215618106804886,10
cpx,cpx_liq,P_kbar,raw,ERT,raw_liq_K2O,0.0453842775236434,0.0104868858255744,13
cpx,cpx_liq,P_kbar,raw,ERT,liq_Mg_num,0.02179675285702558,0.006243941309531993,18
cpx,cpx_liq,P_kbar,pwlr,XGB,pwlr_SiO2_TiO2,-0.0006314921321239452,0.01224645034656669,57
cpx,cpx_liq,P_kbar,pwlr,XGB,pwlr_SiO2_Al2O3,0.14767529358157444,0.01924835816049957,12
cpx,cpx_liq,P_kbar,pwlr,XGB,pwlr_SiO2_Cr2O3,0.003981428507502027,0.0038315290011209703,51
cpx,cpx_liq,P_kbar,pwlr,XGB,pwlr_SiO2_FeO_total,0.04042322771684108,0.015156379892874878,26
cpx,cpx_liq,P_kbar,pwlr,XGB,pwlr_SiO2_MnO,-0.0021546920925549886,0.00555393677410101,58
cpx,cpx_liq,P_kbar,pwlr,XGB,pwlr_SiO2_MgO,0.004293542102765713,0.024036011771946492,50
cpx,cpx_liq,P_kbar,pwlr,XGB,pwlr_SiO2_CaO,0.025464960788789348,0.05116155992171054,35
cpx,cpx_liq,P_kbar,pwlr,XGB,pwlr_SiO2_Na2O,0.18897419285913658,0.06422216999177964,9
cpx,cpx_liq,P_kbar,pwlr,XGB,pwlr_TiO2_Al2O3,0.07978960947930513,0.022091209465025276,14
cpx,cpx_liq,P_kbar,pwlr,XGB,pwlr_TiO2_Cr2O3,-0.008935224845654677,0.01523625316315138,63
cpx,cpx_liq,P_kbar,pwlr,XGB,pwlr_TiO2_FeO_total,-0.006237947946921407,0.02915808702159566,62
cpx,cpx_liq,P_kbar,pwlr,XGB,pwlr_TiO2_MnO,0.03920806828838606,0.0334677610116754,27
cpx,cpx_liq,P_kbar,pwlr,XGB,pwlr_TiO2_MgO,-0.002277390822113423,0.0035500293627219143,59
cpx,cpx_liq,P_kbar,pwlr,XGB,pwlr_TiO2_CaO,0.02929788374237523,0.015124058159941996,29
cpx,cpx_liq,P_kbar,pwlr,XGB,pwlr_TiO2_Na2O,0.2307158985170628,0.04308108286832184,8
cpx,cpx_liq,P_kbar,pwlr,XGB,pwlr_Al2O3_Cr2O3,0.07663349502210255,0.011011355865140824,15
cpx,cpx_liq,P_kbar,pwlr,XGB,pwlr_Al2O3_FeO_total,0.01886246796955726,0.013198575573557927,39
cpx,cpx_liq,P_kbar,pwlr,XGB,pwlr_Al2O3_MnO,0.028974002136118136,0.009932468021236027,30
cpx,cpx_liq,P_kbar,pwlr,XGB,pwlr_Al2O3_MgO,0.08389478013261095,0.012813461590020073,13
cpx,cpx_liq,P_kbar,pwlr,XGB,pwlr_Al2O3_CaO,0.04575144351643088,0.04759373007686082,23
cpx,cpx_liq,P_kbar,pwlr,XGB,pwlr_Al2O3_Na2O,0.552845221516959,0.1559736830610571,5
cpx,cpx_liq,P_kbar,pwlr,XGB,pwlr_Cr2O3_FeO_total,0.06794927326372364,0.01734157475770216,17
cpx,cpx_liq,P_kbar,pwlr,XGB,pwlr_Cr2O3_MnO,0.005342325234485612,0.010854690598080743,46
cpx,cpx_liq,P_kbar,pwlr,XGB,pwlr_Cr2O3_MgO,0.05535510853647789,0.01857128696243463,20
cpx,cpx_liq,P_kbar,pwlr,XGB,pwlr_Cr2O3_CaO,0.005898253602054737,0.00721803551220066,45
cpx,cpx_liq,P_kbar,pwlr,XGB,pwlr_Cr2O3_Na2O,-0.029501667786596818,0.011751949924423312,67
cpx,cpx_liq,P_kbar,pwlr,XGB,pwlr_FeO_total_MnO,0.0016022019003627986,0.01222500735171998,55
cpx,cpx_liq,P_kbar,pwlr,XGB,pwlr_FeO_total_MgO,0.002380915119341287,0.004612439567682221,54
cpx,cpx_liq,P_kbar,pwlr,XGB,pwlr_FeO_total_CaO,0.0282461177753754,0.01850777084777626,33
cpx,cpx_liq,P_kbar,pwlr,XGB,pwlr_FeO_total_Na2O,-0.014644792509685579,0.00401398658164717,64
cpx,cpx_liq,P_kbar,pwlr,XGB,pwlr_MnO_MgO,-0.039366877545131684,0.019969267786364726,71
cpx,cpx_liq,P_kbar,pwlr,XGB,pwlr_MnO_CaO,0.005175275904374388,0.0032480893678654473,47
cpx,cpx_liq,P_kbar,pwlr,XGB,pwlr_MnO_Na2O,-0.0025996556603923083,0.0037178260996532735,60
cpx,cpx_liq,P_kbar,pwlr,XGB,pwlr_MgO_CaO,-0.026721866491320512,0.008656722036607856,66
cpx,cpx_liq,P_kbar,pwlr,XGB,pwlr_MgO_Na2O,0.020434471400702713,0.006078376590230014,38
cpx,cpx_liq,P_kbar,pwlr,XGB,pwlr_CaO_Na2O,2.0007239091490634,0.16521189098411354,1
cpx,cpx_liq,P_kbar,pwlr,XGB,Mg_num_cpx,0.006233283959543812,0.0026822623074480873,44
cpx,cpx_liq,P_kbar,pwlr,XGB,Jd,1.2240448996316853,0.16331943253743803,2
cpx,cpx_liq,P_kbar,pwlr,XGB,Di,0.004586917458208139,0.010931732102315406,48
cpx,cpx_liq,P_kbar,pwlr,XGB,Aeg,0.009709519784394915,0.008628931303977735,42
cpx,cpx_liq,P_kbar,pwlr,XGB,CaTs,0.17541260769351882,0.02271621497546994,10
cpx,cpx_liq,P_kbar,pwlr,XGB,En_cpx,0.004420063248489559,0.0057754501510859655,49
cpx,cpx_liq,P_kbar,pwlr,XGB,Fs_cpx,0.036866776480621956,0.008587590106894898,28
cpx,cpx_liq,P_kbar,pwlr,XGB,pwlr_liq_SiO2_TiO2,0.04128039415841824,0.0179911042228775,25
cpx,cpx_liq,P_kbar,pwlr,XGB,pwlr_liq_SiO2_Al2O3,0.3904060663649999,0.07071776570928744,6
cpx,cpx_liq,P_kbar,pwlr,XGB,pwlr_liq_SiO2_FeO,0.028949426982807936,0.020542425859613366,31
cpx,cpx_liq,P_kbar,pwlr,XGB,pwlr_liq_SiO2_MgO,0.625934524446251,0.1262338947194785,4
cpx,cpx_liq,P_kbar,pwlr,XGB,pwlr_liq_SiO2_CaO,-0.07246565811443069,0.01666343613276057,72
cpx,cpx_liq,P_kbar,pwlr,XGB,pwlr_liq_SiO2_Na2O,0.007485068089920643,0.015688745146858887,43
cpx,cpx_liq,P_kbar,pwlr,XGB,pwlr_liq_SiO2_K2O,-0.03154026242669352,0.007501547965061423,69
cpx,cpx_liq,P_kbar,pwlr,XGB,pwlr_liq_TiO2_Al2O3,0.022254576789957837,0.01796802026095006,37
cpx,cpx_liq,P_kbar,pwlr,XGB,pwlr_liq_TiO2_FeO,-0.004857193908708135,0.01047548903079837,61
cpx,cpx_liq,P_kbar,pwlr,XGB,pwlr_liq_TiO2_MgO,0.0006195372529961496,0.006593591039083299,56
cpx,cpx_liq,P_kbar,pwlr,XGB,pwlr_liq_TiO2_CaO,0.013305161580581704,0.006861799443503335,41
cpx,cpx_liq,P_kbar,pwlr,XGB,pwlr_liq_TiO2_Na2O,0.06593946974519253,0.029871969490767068,18
cpx,cpx_liq,P_kbar,pwlr,XGB,pwlr_liq_TiO2_K2O,0.01875722414235126,0.0047521983701678166,40
cpx,cpx_liq,P_kbar,pwlr,XGB,pwlr_liq_Al2O3_FeO,0.0480316179508411,0.0232802498733085,22
cpx,cpx_liq,P_kbar,pwlr,XGB,pwlr_liq_Al2O3_MgO,0.8607564636071585,0.13883200559862097,3
cpx,cpx_liq,P_kbar,pwlr,XGB,pwlr_liq_Al2O3_CaO,0.25792582517176055,0.12702931423593522,7
cpx,cpx_liq,P_kbar,pwlr,XGB,pwlr_liq_Al2O3_Na2O,0.003267912337536005,0.024950642231949503,53
cpx,cpx_liq,P_kbar,pwlr,XGB,pwlr_liq_Al2O3_K2O,0.049042114875631614,0.005854509222198097,21
cpx,cpx_liq,P_kbar,pwlr,XGB,pwlr_liq_FeO_MgO,0.0033373277532405153,0.00370438297152169,52
cpx,cpx_liq,P_kbar,pwlr,XGB,pwlr_liq_FeO_CaO,-0.01621109705940098,0.019549488636178176,65
cpx,cpx_liq,P_kbar,pwlr,XGB,pwlr_liq_FeO_Na2O,-0.03844727035995157,0.019623349517276283,70
cpx,cpx_liq,P_kbar,pwlr,XGB,pwlr_liq_FeO_K2O,0.06829220624863504,0.017646135620798416,16
cpx,cpx_liq,P_kbar,pwlr,XGB,pwlr_liq_MgO_CaO,0.15942722712732377,0.03711376611980462,11
cpx,cpx_liq,P_kbar,pwlr,XGB,pwlr_liq_MgO_Na2O,0.028532569076176583,0.018992591502176977,32
cpx,cpx_liq,P_kbar,pwlr,XGB,pwlr_liq_MgO_K2O,0.059586795346191004,0.022927879764906355,19
cpx,cpx_liq,P_kbar,pwlr,XGB,pwlr_liq_CaO_Na2O,0.041487820647867046,0.01963821717274133,24
cpx,cpx_liq,P_kbar,pwlr,XGB,pwlr_liq_CaO_K2O,0.02290306713769987,0.011344864118378505,36
cpx,cpx_liq,P_kbar,pwlr,XGB,pwlr_liq_Na2O_K2O,0.028216095631007576,0.01679525558058001,34
cpx,cpx_liq,P_kbar,pwlr,XGB,liq_Mg_num,-0.030516081954981056,0.019431876858048442,68
cpx,cpx_liq,P_kbar,pwlr,GB,pwlr_SiO2_TiO2,-0.011321611621533067,0.004585318082383944,67
cpx,cpx_liq,P_kbar,pwlr,GB,pwlr_SiO2_Al2O3,0.05437474372347726,0.018192991654541045,21
cpx,cpx_liq,P_kbar,pwlr,GB,pwlr_SiO2_Cr2O3,0.0024047338452395815,0.004153769538069653,54
cpx,cpx_liq,P_kbar,pwlr,GB,pwlr_SiO2_FeO_total,0.010625301650191599,0.011286355853831413,48
cpx,cpx_liq,P_kbar,pwlr,GB,pwlr_SiO2_MnO,-0.000770269019614922,0.003532644358027657,59
cpx,cpx_liq,P_kbar,pwlr,GB,pwlr_SiO2_MgO,0.028685423570350466,0.020824552755490815,32
cpx,cpx_liq,P_kbar,pwlr,GB,pwlr_SiO2_CaO,0.04498756402243367,0.09595059663308894,23
cpx,cpx_liq,P_kbar,pwlr,GB,pwlr_SiO2_Na2O,-0.027394168234597373,0.01587925399878504,72
cpx,cpx_liq,P_kbar,pwlr,GB,pwlr_TiO2_Al2O3,0.21982366638886702,0.03681441347415157,10
cpx,cpx_liq,P_kbar,pwlr,GB,pwlr_TiO2_Cr2O3,0.027179125867134557,0.011231328173738708,34
cpx,cpx_liq,P_kbar,pwlr,GB,pwlr_TiO2_FeO_total,-0.008697228753168007,0.007920732058056094,63
cpx,cpx_liq,P_kbar,pwlr,GB,pwlr_TiO2_MnO,0.013463663234364764,0.009022229218371237,45
cpx,cpx_liq,P_kbar,pwlr,GB,pwlr_TiO2_MgO,0.01614451857141854,0.004933060206879847,44
cpx,cpx_liq,P_kbar,pwlr,GB,pwlr_TiO2_CaO,0.08407288663010784,0.022776497077326353,18
cpx,cpx_liq,P_kbar,pwlr,GB,pwlr_TiO2_Na2O,0.38070885927830833,0.06740967684037656,7
cpx,cpx_liq,P_kbar,pwlr,GB,pwlr_Al2O3_Cr2O3,0.06284988600758398,0.01915969150168156,20
cpx,cpx_liq,P_kbar,pwlr,GB,pwlr_Al2O3_FeO_total,0.10259007079524105,0.04923855404293547,16
cpx,cpx_liq,P_kbar,pwlr,GB,pwlr_Al2O3_MnO,0.027551070953831358,0.009420279204127338,33
cpx,cpx_liq,P_kbar,pwlr,GB,pwlr_Al2O3_MgO,0.0495611525154378,0.013433224535256399,22
cpx,cpx_liq,P_kbar,pwlr,GB,pwlr_Al2O3_CaO,0.024866477151481048,0.01818058766474682,36
cpx,cpx_liq,P_kbar,pwlr,GB,pwlr_Al2O3_Na2O,0.7126490816497921,0.20695872963844272,2
cpx,cpx_liq,P_kbar,pwlr,GB,pwlr_Cr2O3_FeO_total,0.02464447393704967,0.019321732370705075,37
cpx,cpx_liq,P_kbar,pwlr,GB,pwlr_Cr2O3_MnO,-0.016519325462375,0.016664924997550328,68
cpx,cpx_liq,P_kbar,pwlr,GB,pwlr_Cr2O3_MgO,0.10278692618956527,0.009676450890004995,15
cpx,cpx_liq,P_kbar,pwlr,GB,pwlr_Cr2O3_CaO,0.009105423211409613,0.006641835403179408,49
cpx,cpx_liq,P_kbar,pwlr,GB,pwlr_Cr2O3_Na2O,0.017933582827270513,0.0066869143245697924,40
cpx,cpx_liq,P_kbar,pwlr,GB,pwlr_FeO_total_MnO,0.01617009771017459,0.00834744695931857,43
cpx,cpx_liq,P_kbar,pwlr,GB,pwlr_FeO_total_MgO,0.006952203373345745,0.011861616571940138,51
cpx,cpx_liq,P_kbar,pwlr,GB,pwlr_FeO_total_CaO,0.008564461776675714,0.007564063118021497,50
cpx,cpx_liq,P_kbar,pwlr,GB,pwlr_FeO_total_Na2O,0.07035054985433545,0.014148923702589224,19
cpx,cpx_liq,P_kbar,pwlr,GB,pwlr_MnO_MgO,-0.00044558612734273416,0.004986521487943179,58
cpx,cpx_liq,P_kbar,pwlr,GB,pwlr_MnO_CaO,-0.0008356124261895026,0.004157371856073146,60
cpx,cpx_liq,P_kbar,pwlr,GB,pwlr_MnO_Na2O,0.038534473070702145,0.011203079006210105,24
cpx,cpx_liq,P_kbar,pwlr,GB,pwlr_MgO_CaO,-0.0031192577974882064,0.03225080099412374,62
cpx,cpx_liq,P_kbar,pwlr,GB,pwlr_MgO_Na2O,0.020476134895969222,0.014368052454018575,39
cpx,cpx_liq,P_kbar,pwlr,GB,pwlr_CaO_Na2O,4.082766266145939,0.30448269109219467,1
cpx,cpx_liq,P_kbar,pwlr,GB,Mg_num_cpx,0.0006735740897039211,0.0014206541860302731,57
cpx,cpx_liq,P_kbar,pwlr,GB,Jd,0.37912195478982746,0.05251714260371306,8
cpx,cpx_liq,P_kbar,pwlr,GB,Di,0.011587916515334574,0.011712041478333107,46
cpx,cpx_liq,P_kbar,pwlr,GB,Aeg,0.017119082912881733,0.015073969527526397,42
cpx,cpx_liq,P_kbar,pwlr,GB,CaTs,0.2803913311567766,0.023608102268843748,9
cpx,cpx_liq,P_kbar,pwlr,GB,En_cpx,-0.010340952007199755,0.010507315830757041,66
cpx,cpx_liq,P_kbar,pwlr,GB,Fs_cpx,0.026439767226583966,0.011303718419944504,35
cpx,cpx_liq,P_kbar,pwlr,GB,pwlr_liq_SiO2_TiO2,0.0384415840310941,0.04109176683980674,25
cpx,cpx_liq,P_kbar,pwlr,GB,pwlr_liq_SiO2_Al2O3,0.4091503343003452,0.07890389466718514,6
cpx,cpx_liq,P_kbar,pwlr,GB,pwlr_liq_SiO2_FeO,0.08653655351549153,0.0790549232750156,17
cpx,cpx_liq,P_kbar,pwlr,GB,pwlr_liq_SiO2_MgO,0.5027212650746054,0.2265969253421893,5
cpx,cpx_liq,P_kbar,pwlr,GB,pwlr_liq_SiO2_CaO,-0.010060256675981493,0.021187307495149434,65
cpx,cpx_liq,P_kbar,pwlr,GB,pwlr_liq_SiO2_Na2O,0.030533242464345235,0.015362826937165126,30
cpx,cpx_liq,P_kbar,pwlr,GB,pwlr_liq_SiO2_K2O,-0.01876301032770571,0.005982464653883514,69
cpx,cpx_liq,P_kbar,pwlr,GB,pwlr_liq_TiO2_Al2O3,-0.010005613608850572,0.04470309376234391,64
cpx,cpx_liq,P_kbar,pwlr,GB,pwlr_liq_TiO2_FeO,0.017549233710203404,0.02221822642734876,41
cpx,cpx_liq,P_kbar,pwlr,GB,pwlr_liq_TiO2_MgO,0.0022865720024017656,0.00994129732455912,55
cpx,cpx_liq,P_kbar,pwlr,GB,pwlr_liq_TiO2_CaO,0.12207233188929098,0.0466989040973439,14
cpx,cpx_liq,P_kbar,pwlr,GB,pwlr_liq_TiO2_Na2O,0.0008844165269054294,0.05005959299377651,56
cpx,cpx_liq,P_kbar,pwlr,GB,pwlr_liq_TiO2_K2O,0.03388617522397981,0.0034693836780306307,27
cpx,cpx_liq,P_kbar,pwlr,GB,pwlr_liq_Al2O3_FeO,0.022402531668415993,0.011189055453462875,38
cpx,cpx_liq,P_kbar,pwlr,GB,pwlr_liq_Al2O3_MgO,0.6764987924073121,0.14445278746144707,3
cpx,cpx_liq,P_kbar,pwlr,GB,pwlr_liq_Al2O3_CaO,0.5405525338015184,0.18963297576584134,4
cpx,cpx_liq,P_kbar,pwlr,GB,pwlr_liq_Al2O3_Na2O,0.006165570054657854,0.021734423298381152,52
cpx,cpx_liq,P_kbar,pwlr,GB,pwlr_liq_Al2O3_K2O,0.13587680256034318,0.013517410342876849,12
cpx,cpx_liq,P_kbar,pwlr,GB,pwlr_liq_FeO_MgO,0.011104719916893657,0.006788533431139408,47
cpx,cpx_liq,P_kbar,pwlr,GB,pwlr_liq_FeO_CaO,0.004545891306767924,0.022902721914963974,53
cpx,cpx_liq,P_kbar,pwlr,GB,pwlr_liq_FeO_Na2O,-0.020824027173591064,0.011193365860253823,70
cpx,cpx_liq,P_kbar,pwlr,GB,pwlr_liq_FeO_K2O,0.1351496188615932,0.030083370371115057,13
cpx,cpx_liq,P_kbar,pwlr,GB,pwlr_liq_MgO_CaO,0.1895154327927345,0.03397289733886117,11
cpx,cpx_liq,P_kbar,pwlr,GB,pwlr_liq_MgO_Na2O,0.03664154237816639,0.009058117812905513,26
cpx,cpx_liq,P_kbar,pwlr,GB,pwlr_liq_MgO_K2O,0.02959958855768563,0.008318871418121543,31
cpx,cpx_liq,P_kbar,pwlr,GB,pwlr_liq_CaO_Na2O,-0.0016859842301932381,0.022196768024076777,61
cpx,cpx_liq,P_kbar,pwlr,GB,pwlr_liq_CaO_K2O,0.03125962080113971,0.02554178253312816,29
cpx,cpx_liq,P_kbar,pwlr,GB,pwlr_liq_Na2O_K2O,0.03364343999258832,0.0238788443187257,28
cpx,cpx_liq,P_kbar,pwlr,GB,liq_Mg_num,-0.0245587277608069,0.007815432372219539,71
cpx,cpx_liq,P_kbar,pwlr,CatBoost,pwlr_SiO2_TiO2,0.02987155210051986,0.018928543001653968,37
cpx,cpx_liq,P_kbar,pwlr,CatBoost,pwlr_SiO2_Al2O3,0.03786953776880338,0.024611624643686884,32
cpx,cpx_liq,P_kbar,pwlr,CatBoost,pwlr_SiO2_Cr2O3,0.030673197409356767,0.015016538724901224,35
cpx,cpx_liq,P_kbar,pwlr,CatBoost,pwlr_SiO2_FeO_total,0.17775004348299758,0.0304882247543002,12
cpx,cpx_liq,P_kbar,pwlr,CatBoost,pwlr_SiO2_MnO,-0.016245456394709822,0.005562277414577483,67
cpx,cpx_liq,P_kbar,pwlr,CatBoost,pwlr_SiO2_MgO,0.05293026840267605,0.039666267359824516,25
cpx,cpx_liq,P_kbar,pwlr,CatBoost,pwlr_SiO2_CaO,0.017938830325261623,0.06090241658216395,44
cpx,cpx_liq,P_kbar,pwlr,CatBoost,pwlr_SiO2_Na2O,0.20443312368685995,0.06080595112907157,10
cpx,cpx_liq,P_kbar,pwlr,CatBoost,pwlr_TiO2_Al2O3,-0.01580151407653001,0.0385812678626518,66
cpx,cpx_liq,P_kbar,pwlr,CatBoost,pwlr_TiO2_Cr2O3,-0.003620880603180021,0.02617538009383882,60
cpx,cpx_liq,P_kbar,pwlr,CatBoost,pwlr_TiO2_FeO_total,0.038959485235448364,0.03131102079591222,31
cpx,cpx_liq,P_kbar,pwlr,CatBoost,pwlr_TiO2_MnO,0.039417876612672355,0.026463046356113924,29
cpx,cpx_liq,P_kbar,pwlr,CatBoost,pwlr_TiO2_MgO,0.0013367741304731063,0.005203207626827448,58
cpx,cpx_liq,P_kbar,pwlr,CatBoost,pwlr_TiO2_CaO,0.03391558580917979,0.02180194606044282,33
cpx,cpx_liq,P_kbar,pwlr,CatBoost,pwlr_TiO2_Na2O,0.2207071838871205,0.04023187184909969,9
cpx,cpx_liq,P_kbar,pwlr,CatBoost,pwlr_Al2O3_Cr2O3,0.09041154548995171,0.035772225465935746,17
cpx,cpx_liq,P_kbar,pwlr,CatBoost,pwlr_Al2O3_FeO_total,0.11636690659504607,0.04499732011429307,13
cpx,cpx_liq,P_kbar,pwlr,CatBoost,pwlr_Al2O3_MnO,0.04385499869603966,0.016994081981523527,27
cpx,cpx_liq,P_kbar,pwlr,CatBoost,pwlr_Al2O3_MgO,0.012617466758022066,0.03427663602257041,49
cpx,cpx_liq,P_kbar,pwlr,CatBoost,pwlr_Al2O3_CaO,0.08747520012736124,0.04350658625330663,20
cpx,cpx_liq,P_kbar,pwlr,CatBoost,pwlr_Al2O3_Na2O,0.5797309170805691,0.07975829424339233,4
cpx,cpx_liq,P_kbar,pwlr,CatBoost,pwlr_Cr2O3_FeO_total,0.08972488607323825,0.01909289479581373,18
cpx,cpx_liq,P_kbar,pwlr,CatBoost,pwlr_Cr2O3_MnO,0.021812162310509153,0.023725616885141673,41
cpx,cpx_liq,P_kbar,pwlr,CatBoost,pwlr_Cr2O3_MgO,0.07236726783380751,0.022758420286914396,22
cpx,cpx_liq,P_kbar,pwlr,CatBoost,pwlr_Cr2O3_CaO,-0.007669687620269672,0.008961270360747555,62
cpx,cpx_liq,P_kbar,pwlr,CatBoost,pwlr_Cr2O3_Na2O,0.20150476893153843,0.037100957331345205,11
cpx,cpx_liq,P_kbar,pwlr,CatBoost,pwlr_FeO_total_MnO,0.02377786363240051,0.01839347460604937,40
cpx,cpx_liq,P_kbar,pwlr,CatBoost,pwlr_FeO_total_MgO,0.0016878136595955607,0.011614213459533033,57
cpx,cpx_liq,P_kbar,pwlr,CatBoost,pwlr_FeO_total_CaO,0.0033421673380648275,0.016097087702874383,54
cpx,cpx_liq,P_kbar,pwlr,CatBoost,pwlr_FeO_total_Na2O,0.043304063179714844,0.04344290814076969,28
cpx,cpx_liq,P_kbar,pwlr,CatBoost,pwlr_MnO_MgO,-0.004185893157104825,0.011076760700798965,61
cpx,cpx_liq,P_kbar,pwlr,CatBoost,pwlr_MnO_CaO,0.016096529028585892,0.006221814793896235,46
cpx,cpx_liq,P_kbar,pwlr,CatBoost,pwlr_MnO_Na2O,0.07800390376703556,0.02616247959360483,21
cpx,cpx_liq,P_kbar,pwlr,CatBoost,pwlr_MgO_CaO,0.0592758758913289,0.019459742221215687,24
cpx,cpx_liq,P_kbar,pwlr,CatBoost,pwlr_MgO_Na2O,0.6180992429232619,0.10464488023157772,3
cpx,cpx_liq,P_kbar,pwlr,CatBoost,pwlr_CaO_Na2O,0.7188648869505461,0.10762647389464022,2
cpx,cpx_liq,P_kbar,pwlr,CatBoost,Mg_num_cpx,0.009152684607496697,0.02535560176996584,52
cpx,cpx_liq,P_kbar,pwlr,CatBoost,Jd,0.22513719643881416,0.049700754496666354,8
cpx,cpx_liq,P_kbar,pwlr,CatBoost,Di,0.07143616661335836,0.03951389034579219,23
cpx,cpx_liq,P_kbar,pwlr,CatBoost,Aeg,0.002148281552209097,0.012233720488831356,56
cpx,cpx_liq,P_kbar,pwlr,CatBoost,CaTs,0.3096136492254403,0.07183394139423041,6
cpx,cpx_liq,P_kbar,pwlr,CatBoost,En_cpx,0.02109749397128722,0.014538003623102334,42
cpx,cpx_liq,P_kbar,pwlr,CatBoost,Fs_cpx,0.09704344048851347,0.025926166355468957,15
cpx,cpx_liq,P_kbar,pwlr,CatBoost,pwlr_liq_SiO2_TiO2,0.015717945227437767,0.02624655642450968,47
cpx,cpx_liq,P_kbar,pwlr,CatBoost,pwlr_liq_SiO2_Al2O3,0.5656212362970133,0.12742527465171408,5
cpx,cpx_liq,P_kbar,pwlr,CatBoost,pwlr_liq_SiO2_FeO,0.013205520073962607,0.04955889024795562,48
cpx,cpx_liq,P_kbar,pwlr,CatBoost,pwlr_liq_SiO2_MgO,0.2691210802746057,0.07726055309625225,7
cpx,cpx_liq,P_kbar,pwlr,CatBoost,pwlr_liq_SiO2_CaO,0.08842110045818088,0.01340662410281329,19
cpx,cpx_liq,P_kbar,pwlr,CatBoost,pwlr_liq_SiO2_Na2O,-0.011760506757098898,0.011201647672377444,65
cpx,cpx_liq,P_kbar,pwlr,CatBoost,pwlr_liq_SiO2_K2O,0.003871533759808887,0.014110542116881316,53
cpx,cpx_liq,P_kbar,pwlr,CatBoost,pwlr_liq_TiO2_Al2O3,0.044129721732978355,0.029018710664943145,26
cpx,cpx_liq,P_kbar,pwlr,CatBoost,pwlr_liq_TiO2_FeO,-0.02598069307649107,0.02259414384932591,68
cpx,cpx_liq,P_kbar,pwlr,CatBoost,pwlr_liq_TiO2_MgO,0.09267261914629228,0.02317232115968068,16
cpx,cpx_liq,P_kbar,pwlr,CatBoost,pwlr_liq_TiO2_CaO,0.01765551934022267,0.025169034736144968,45
cpx,cpx_liq,P_kbar,pwlr,CatBoost,pwlr_liq_TiO2_Na2O,-0.06904115331087582,0.03780429678745616,70
cpx,cpx_liq,P_kbar,pwlr,CatBoost,pwlr_liq_TiO2_K2O,-3.029402045373608e-05,0.01229377167845564,59
cpx,cpx_liq,P_kbar,pwlr,CatBoost,pwlr_liq_Al2O3_FeO,0.030014003656424572,0.0284331509467677,36
cpx,cpx_liq,P_kbar,pwlr,CatBoost,pwlr_liq_Al2O3_MgO,0.8713718227792084,0.14552585530737946,1
cpx,cpx_liq,P_kbar,pwlr,CatBoost,pwlr_liq_Al2O3_CaO,0.10273300416845318,0.07770763352747734,14
cpx,cpx_liq,P_kbar,pwlr,CatBoost,pwlr_liq_Al2O3_Na2O,-0.009297828709465605,0.03964389961513093,64
cpx,cpx_liq,P_kbar,pwlr,CatBoost,pwlr_liq_Al2O3_K2O,-0.1009356083910995,0.0147191754945682,72
cpx,cpx_liq,P_kbar,pwlr,CatBoost,pwlr_liq_FeO_MgO,0.029444286045538393,0.01686577514337392,38
cpx,cpx_liq,P_kbar,pwlr,CatBoost,pwlr_liq_FeO_CaO,-0.02973405612940159,0.08812955719987807,69
cpx,cpx_liq,P_kbar,pwlr,CatBoost,pwlr_liq_FeO_Na2O,-0.08365093566458719,0.04884740949179156,71
cpx,cpx_liq,P_kbar,pwlr,CatBoost,pwlr_liq_FeO_K2O,0.0024331730082868042,0.01028123114284959,55
cpx,cpx_liq,P_kbar,pwlr,CatBoost,pwlr_liq_MgO_CaO,0.009882897530095303,0.021117902081247666,51
cpx,cpx_liq,P_kbar,pwlr,CatBoost,pwlr_liq_MgO_Na2O,0.03918813621745758,0.018809074008439508,30
cpx,cpx_liq,P_kbar,pwlr,CatBoost,pwlr_liq_MgO_K2O,0.01156779792746363,0.012874626741212687,50
cpx,cpx_liq,P_kbar,pwlr,CatBoost,pwlr_liq_CaO_Na2O,0.019291600822785738,0.018846980469056546,43
cpx,cpx_liq,P_kbar,pwlr,CatBoost,pwlr_liq_CaO_K2O,-0.009103409645385741,0.007763756728445953,63
cpx,cpx_liq,P_kbar,pwlr,CatBoost,pwlr_liq_Na2O_K2O,0.027979089002421454,0.028497507175658066,39
cpx,cpx_liq,P_kbar,pwlr,CatBoost,liq_Mg_num,0.03260577852535125,0.034871270039136405,34
cpx,cpx_liq,P_kbar,pwlr,LightGBM,pwlr_SiO2_TiO2,0.009447182388183917,0.004969297883319174,42
cpx,cpx_liq,P_kbar,pwlr,LightGBM,pwlr_SiO2_Al2O3,0.09390700051126392,0.014793083714722799,13
cpx,cpx_liq,P_kbar,pwlr,LightGBM,pwlr_SiO2_Cr2O3,0.008419341534910262,0.00533182746711354,45
cpx,cpx_liq,P_kbar,pwlr,LightGBM,pwlr_SiO2_FeO_total,0.0157169849501154,0.004043258794545706,35
cpx,cpx_liq,P_kbar,pwlr,LightGBM,pwlr_SiO2_MnO,0.015800497409241877,0.011206396539271347,34
cpx,cpx_liq,P_kbar,pwlr,LightGBM,pwlr_SiO2_MgO,0.014668536512854224,0.011119376127084947,37
cpx,cpx_liq,P_kbar,pwlr,LightGBM,pwlr_SiO2_CaO,0.08711718325199662,0.038128649253604895,14
cpx,cpx_liq,P_kbar,pwlr,LightGBM,pwlr_SiO2_Na2O,0.07064391049336831,0.025374902837879142,17
cpx,cpx_liq,P_kbar,pwlr,LightGBM,pwlr_TiO2_Al2O3,0.11242940454296013,0.018631143659966605,12
cpx,cpx_liq,P_kbar,pwlr,LightGBM,pwlr_TiO2_Cr2O3,0.03670484128091447,0.01615432631794491,23
cpx,cpx_liq,P_kbar,pwlr,LightGBM,pwlr_TiO2_FeO_total,0.016128098450659455,0.0058811371264315265,33
cpx,cpx_liq,P_kbar,pwlr,LightGBM,pwlr_TiO2_MnO,0.008734747428713118,0.004188369044137875,44
cpx,cpx_liq,P_kbar,pwlr,LightGBM,pwlr_TiO2_MgO,0.0017639857519574863,0.0024665711630677974,53
cpx,cpx_liq,P_kbar,pwlr,LightGBM,pwlr_TiO2_CaO,0.020107108859931076,0.008411351781335131,28
cpx,cpx_liq,P_kbar,pwlr,LightGBM,pwlr_TiO2_Na2O,0.36683180620996186,0.06447512528725406,10
cpx,cpx_liq,P_kbar,pwlr,LightGBM,pwlr_Al2O3_Cr2O3,0.010287387157385686,0.003249590223056319,40
cpx,cpx_liq,P_kbar,pwlr,LightGBM,pwlr_Al2O3_FeO_total,0.0036372729167363006,0.002459101172002327,52
cpx,cpx_liq,P_kbar,pwlr,LightGBM,pwlr_Al2O3_MnO,0.19883697628535496,0.13335720086230232,11
cpx,cpx_liq,P_kbar,pwlr,LightGBM,pwlr_Al2O3_MgO,0.049242086598764834,0.012213026823736055,22
cpx,cpx_liq,P_kbar,pwlr,LightGBM,pwlr_Al2O3_CaO,0.015070679875429071,0.0149293932398052,36
cpx,cpx_liq,P_kbar,pwlr,LightGBM,pwlr_Al2O3_Na2O,1.1108598772780274,0.25760363334510655,3
cpx,cpx_liq,P_kbar,pwlr,LightGBM,pwlr_Cr2O3_FeO_total,0.014003850382163296,0.00329200923862016,38
cpx,cpx_liq,P_kbar,pwlr,LightGBM,pwlr_Cr2O3_MnO,-0.009210809972626155,0.0021524736838019623,67
cpx,cpx_liq,P_kbar,pwlr,LightGBM,pwlr_Cr2O3_MgO,-0.007265002820523669,0.0067611384796702765,66
cpx,cpx_liq,P_kbar,pwlr,LightGBM,pwlr_Cr2O3_CaO,-0.025837672953722766,0.030361103798406387,71
cpx,cpx_liq,P_kbar,pwlr,LightGBM,pwlr_Cr2O3_Na2O,0.0009043637085998756,0.0029376303683698863,54
cpx,cpx_liq,P_kbar,pwlr,LightGBM,pwlr_FeO_total_MnO,0.005899175977255755,0.0029859943201159963,49
cpx,cpx_liq,P_kbar,pwlr,LightGBM,pwlr_FeO_total_MgO,0.004615161651599609,0.002316739759166544,51
cpx,cpx_liq,P_kbar,pwlr,LightGBM,pwlr_FeO_total_CaO,-0.0026295442760638555,0.0020632829275924994,63
cpx,cpx_liq,P_kbar,pwlr,LightGBM,pwlr_FeO_total_Na2O,0.07050317972744513,0.014642452211537442,18
cpx,cpx_liq,P_kbar,pwlr,LightGBM,pwlr_MnO_MgO,-0.0010023462479778367,0.004630394498147837,60
cpx,cpx_liq,P_kbar,pwlr,LightGBM,pwlr_MnO_CaO,0.005086300147796185,0.004656604922241194,50
cpx,cpx_liq,P_kbar,pwlr,LightGBM,pwlr_MnO_Na2O,0.017305564207345192,0.009244842181918556,32
cpx,cpx_liq,P_kbar,pwlr,LightGBM,pwlr_MgO_CaO,-0.012672713780122625,0.034462727374562185,69
cpx,cpx_liq,P_kbar,pwlr,LightGBM,pwlr_MgO_Na2O,0.028262264452188202,0.004040644841116846,24
cpx,cpx_liq,P_kbar,pwlr,LightGBM,pwlr_CaO_Na2O,3.949380138753144,0.3594978639080254,1
cpx,cpx_liq,P_kbar,pwlr,LightGBM,Mg_num_cpx,-0.0012420309108373661,0.0014819112174831583,61
cpx,cpx_liq,P_kbar,pwlr,LightGBM,Jd,0.9610921412919762,0.13704597224266796,4
cpx,cpx_liq,P_kbar,pwlr,LightGBM,Di,0.009140577502353909,0.024225725807252553,43
cpx,cpx_liq,P_kbar,pwlr,LightGBM,Aeg,-0.002558897309573016,0.00138494738723037,62
cpx,cpx_liq,P_kbar,pwlr,LightGBM,CaTs,0.4055144555867253,0.03800757678780296,9
cpx,cpx_liq,P_kbar,pwlr,LightGBM,En_cpx,-0.00687839704210087,0.0031986294093047283,65
cpx,cpx_liq,P_kbar,pwlr,LightGBM,Fs_cpx,0.009451018740259531,0.002028595788662639,41
cpx,cpx_liq,P_kbar,pwlr,LightGBM,pwlr_liq_SiO2_TiO2,0.018379386231520113,0.005374665687125662,29
cpx,cpx_liq,P_kbar,pwlr,LightGBM,pwlr_liq_SiO2_Al2O3,0.407439758680695,0.06892985688207941,8
cpx,cpx_liq,P_kbar,pwlr,LightGBM,pwlr_liq_SiO2_FeO,0.06884320915087398,0.03443484833573542,19
cpx,cpx_liq,P_kbar,pwlr,LightGBM,pwlr_liq_SiO2_MgO,0.5115272307046865,0.15200658167978534,6
cpx,cpx_liq,P_kbar,pwlr,LightGBM,pwlr_liq_SiO2_CaO,-0.03440603252117227,0.03567663360910724,72
cpx,cpx_liq,P_kbar,pwlr,LightGBM,pwlr_liq_SiO2_Na2O,0.07842493753427746,0.01543753924430097,16
cpx,cpx_liq,P_kbar,pwlr,LightGBM,pwlr_liq_SiO2_K2O,0.017388599252659363,0.007558579799638638,31
cpx,cpx_liq,P_kbar,pwlr,LightGBM,pwlr_liq_TiO2_Al2O3,0.017455441740328002,0.02393635084264294,30
cpx,cpx_liq,P_kbar,pwlr,LightGBM,pwlr_liq_TiO2_FeO,-0.0038448306719294665,0.007787255662698751,64
cpx,cpx_liq,P_kbar,pwlr,LightGBM,pwlr_liq_TiO2_MgO,0.0003398667107112008,0.0018719142261008938,57
cpx,cpx_liq,P_kbar,pwlr,LightGBM,pwlr_liq_TiO2_CaO,-2.456850066776539e-05,0.002041184057256686,59
cpx,cpx_liq,P_kbar,pwlr,LightGBM,pwlr_liq_TiO2_Na2O,0.06127482507495774,0.011790353447865654,20
cpx,cpx_liq,P_kbar,pwlr,LightGBM,pwlr_liq_TiO2_K2O,0.00590701549146262,0.00503563967584786,48
cpx,cpx_liq,P_kbar,pwlr,LightGBM,pwlr_liq_Al2O3_FeO,0.07972548134074464,0.021695879435845406,15
cpx,cpx_liq,P_kbar,pwlr,LightGBM,pwlr_liq_Al2O3_MgO,1.23191564543879,0.14879561885870124,2
cpx,cpx_liq,P_kbar,pwlr,LightGBM,pwlr_liq_Al2O3_CaO,0.749662467902461,0.15634130981678732,5
cpx,cpx_liq,P_kbar,pwlr,LightGBM,pwlr_liq_Al2O3_Na2O,0.024710550220342055,0.010572167394945604,26
cpx,cpx_liq,P_kbar,pwlr,LightGBM,pwlr_liq_Al2O3_K2O,0.0103237355390835,0.003751874332904582,39
cpx,cpx_liq,P_kbar,pwlr,LightGBM,pwlr_liq_FeO_MgO,-2.1683730448796012e-05,0.0017123083219783978,58
cpx,cpx_liq,P_kbar,pwlr,LightGBM,pwlr_liq_FeO_CaO,-0.009667963965142468,0.006611862260539694,68
cpx,cpx_liq,P_kbar,pwlr,LightGBM,pwlr_liq_FeO_Na2O,0.0059698988962439085,0.009773489100095756,47
cpx,cpx_liq,P_kbar,pwlr,LightGBM,pwlr_liq_FeO_K2O,0.006200174838859729,0.005842878794669426,46
cpx,cpx_liq,P_kbar,pwlr,LightGBM,pwlr_liq_MgO_CaO,0.4278426172810278,0.03810133754391626,7
cpx,cpx_liq,P_kbar,pwlr,LightGBM,pwlr_liq_MgO_Na2O,0.051591853956773105,0.008753389218921152,21
cpx,cpx_liq,P_kbar,pwlr,LightGBM,pwlr_liq_MgO_K2O,0.0005583604723764513,0.0035704265904874894,55
cpx,cpx_liq,P_kbar,pwlr,LightGBM,pwlr_liq_CaO_Na2O,0.021684347889970246,0.0063059939056258375,27
cpx,cpx_liq,P_kbar,pwlr,LightGBM,pwlr_liq_CaO_K2O,0.00034930626136451257,0.0026332317490652376,56
cpx,cpx_liq,P_kbar,pwlr,LightGBM,pwlr_liq_Na2O_K2O,0.025733917776847814,0.010009720531231002,25
cpx,cpx_liq,P_kbar,pwlr,LightGBM,liq_Mg_num,-0.013705675297487696,0.0031387863159800973,70
cpx,cpx_liq,P_kbar,alr,ElasticNet,alr_TiO2,1.5293696244854424,0.1286206834573276,5
cpx,cpx_liq,P_kbar,alr,ElasticNet,alr_Al2O3,2.2524239542398705,0.12065203214254408,4
cpx,cpx_liq,P_kbar,alr,ElasticNet,alr_Cr2O3,0.0445768845510424,0.014633776056769791,13
cpx,cpx_liq,P_kbar,alr,ElasticNet,alr_FeO_total,0.0,0.0,21
cpx,cpx_liq,P_kbar,alr,ElasticNet,alr_MnO,0.0,0.0,19
cpx,cpx_liq,P_kbar,alr,ElasticNet,alr_MgO,0.002623963297741838,0.0007651623429525589,17
cpx,cpx_liq,P_kbar,alr,ElasticNet,alr_CaO,0.0,0.0,20
cpx,cpx_liq,P_kbar,alr,ElasticNet,alr_Na2O,2.687213937845652,0.15424531492474436,3
cpx,cpx_liq,P_kbar,alr,ElasticNet,Mg_num_cpx,0.04001326646760339,0.010927063928009023,14
cpx,cpx_liq,P_kbar,alr,ElasticNet,Jd,3.7122211518109993,0.17366838682426944,2
cpx,cpx_liq,P_kbar,alr,ElasticNet,Di,0.8444776868082057,0.09556098906089484,7
cpx,cpx_liq,P_kbar,alr,ElasticNet,Aeg,0.08031366274932306,0.01567209616044092,12
cpx,cpx_liq,P_kbar,alr,ElasticNet,CaTs,0.008689377192774605,0.004137422028551945,16
cpx,cpx_liq,P_kbar,alr,ElasticNet,En_cpx,0.0,0.0,22
cpx,cpx_liq,P_kbar,alr,ElasticNet,Fs_cpx,0.0,0.0,18
cpx,cpx_liq,P_kbar,alr,ElasticNet,alr_liq_TiO2,0.03625619737755046,0.036872297582872096,15
cpx,cpx_liq,P_kbar,alr,ElasticNet,alr_liq_Al2O3,3.7281468203537913,0.24545158886402002,1
cpx,cpx_liq,P_kbar,alr,ElasticNet,alr_liq_FeO,0.37215609219080337,0.0831338053839257,9
cpx,cpx_liq,P_kbar,alr,ElasticNet,alr_liq_MgO,0.9255142530936598,0.11189497360756073,6
cpx,cpx_liq,P_kbar,alr,ElasticNet,alr_liq_CaO,-0.11346579565817394,0.03531527604651009,23
cpx,cpx_liq,P_kbar,alr,ElasticNet,alr_liq_Na2O,0.25845791191342066,0.0589661031729733,10
cpx,cpx_liq,P_kbar,alr,ElasticNet,alr_liq_K2O,0.4733811278340115,0.0871199506206219,8
cpx,cpx_liq,P_kbar,alr,ElasticNet,liq_Mg_num,0.21469543379364686,0.058506050985457886,11
cpx,cpx_liq,P_kbar,pwlr,MLP,pwlr_SiO2_TiO2,-0.18868400356673182,0.05405054076631289,66
cpx,cpx_liq,P_kbar,pwlr,MLP,pwlr_SiO2_Al2O3,0.2549181125390104,0.04027841945749705,16
cpx,cpx_liq,P_kbar,pwlr,MLP,pwlr_SiO2_Cr2O3,0.024386945695906003,0.02146721025570657,44
cpx,cpx_liq,P_kbar,pwlr,MLP,pwlr_SiO2_FeO_total,0.14192699993073474,0.03626235538570192,29
cpx,cpx_liq,P_kbar,pwlr,MLP,pwlr_SiO2_MnO,-0.05472217161915305,0.027224452675883925,54
cpx,cpx_liq,P_kbar,pwlr,MLP,pwlr_SiO2_MgO,0.4557207933558374,0.10310009465766545,11
cpx,cpx_liq,P_kbar,pwlr,MLP,pwlr_SiO2_CaO,0.24509437996294148,0.03875764433337334,18
cpx,cpx_liq,P_kbar,pwlr,MLP,pwlr_SiO2_Na2O,0.4952836846255503,0.14347345926514588,10
cpx,cpx_liq,P_kbar,pwlr,MLP,pwlr_TiO2_Al2O3,-0.23145311129126284,0.05489266690672082,68
cpx,cpx_liq,P_kbar,pwlr,MLP,pwlr_TiO2_Cr2O3,0.06036566216018047,0.03408136828889727,36
cpx,cpx_liq,P_kbar,pwlr,MLP,pwlr_TiO2_FeO_total,0.18182198049772952,0.033408471837208666,23
cpx,cpx_liq,P_kbar,pwlr,MLP,pwlr_TiO2_MnO,0.11428418394607757,0.06534990762605064,30
cpx,cpx_liq,P_kbar,pwlr,MLP,pwlr_TiO2_MgO,-0.04888182287756311,0.026578644018219327,52
cpx,cpx_liq,P_kbar,pwlr,MLP,pwlr_TiO2_CaO,0.024049629180578024,0.028651273843207283,45
cpx,cpx_liq,P_kbar,pwlr,MLP,pwlr_TiO2_Na2O,0.5539730815214445,0.06754412594662287,7
cpx,cpx_liq,P_kbar,pwlr,MLP,pwlr_Al2O3_Cr2O3,-0.015762004986779175,0.022371956012603007,48
cpx,cpx_liq,P_kbar,pwlr,MLP,pwlr_Al2O3_FeO_total,0.20466466894353608,0.054447293520834134,20
cpx,cpx_liq,P_kbar,pwlr,MLP,pwlr_Al2O3_MnO,-0.1983906985462686,0.05608273990759456,67
cpx,cpx_liq,P_kbar,pwlr,MLP,pwlr_Al2O3_MgO,0.5057048377902104,0.06043533014773243,9
cpx,cpx_liq,P_kbar,pwlr,MLP,pwlr_Al2O3_CaO,1.0076607183555466,0.10762924514582428,3
cpx,cpx_liq,P_kbar,pwlr,MLP,pwlr_Al2O3_Na2O,0.6474561369809896,0.15381985192735897,6
cpx,cpx_liq,P_kbar,pwlr,MLP,pwlr_Cr2O3_FeO_total,0.060120660286868376,0.030046601163727676,37
cpx,cpx_liq,P_kbar,pwlr,MLP,pwlr_Cr2O3_MnO,0.018817578604182428,0.02961003607147999,46
cpx,cpx_liq,P_kbar,pwlr,MLP,pwlr_Cr2O3_MgO,-0.05485636695679648,0.019127245748276026,55
cpx,cpx_liq,P_kbar,pwlr,MLP,pwlr_Cr2O3_CaO,-0.06416605238903368,0.014570182608763593,56
cpx,cpx_liq,P_kbar,pwlr,MLP,pwlr_Cr2O3_Na2O,0.15518778329539068,0.05621015830332497,26
cpx,cpx_liq,P_kbar,pwlr,MLP,pwlr_FeO_total_MnO,0.14194424166857247,0.115517431165507,28
cpx,cpx_liq,P_kbar,pwlr,MLP,pwlr_FeO_total_MgO,0.08466609266383882,0.03121373468680302,32
cpx,cpx_liq,P_kbar,pwlr,MLP,pwlr_FeO_total_CaO,0.4051677904219616,0.08766811981200798,13
cpx,cpx_liq,P_kbar,pwlr,MLP,pwlr_FeO_total_Na2O,0.5501138436265093,0.08046093132616791,8
cpx,cpx_liq,P_kbar,pwlr,MLP,pwlr_MnO_MgO,0.09883421722788359,0.0299038524098768,31
cpx,cpx_liq,P_kbar,pwlr,MLP,pwlr_MnO_CaO,-0.09477947641658009,0.014822358402493511,58
cpx,cpx_liq,P_kbar,pwlr,MLP,pwlr_MnO_Na2O,0.24930546820316235,0.06655508124418633,17
cpx,cpx_liq,P_kbar,pwlr,MLP,pwlr_MgO_CaO,0.028851048438776016,0.02565426250084706,43
cpx,cpx_liq,P_kbar,pwlr,MLP,pwlr_MgO_Na2O,0.1912218650929911,0.0513987952088061,21
cpx,cpx_liq,P_kbar,pwlr,MLP,pwlr_CaO_Na2O,0.41745011892496997,0.08736751879540801,12
cpx,cpx_liq,P_kbar,pwlr,MLP,Mg_num_cpx,0.29090787546081087,0.110108853863502,14
cpx,cpx_liq,P_kbar,pwlr,MLP,Jd,1.7912889414101685,0.1872392734810029,1
cpx,cpx_liq,P_kbar,pwlr,MLP,Di,0.2103008907196588,0.11976574141844677,19
cpx,cpx_liq,P_kbar,pwlr,MLP,Aeg,-0.029884997473093387,0.030568368630444584,51
cpx,cpx_liq,P_kbar,pwlr,MLP,CaTs,0.25566152314118956,0.0936373036640437,15
cpx,cpx_liq,P_kbar,pwlr,MLP,En_cpx,0.04172472586773659,0.04519874412803346,39
cpx,cpx_liq,P_kbar,pwlr,MLP,Fs_cpx,0.8655993851444025,0.24444563054030694,4
cpx,cpx_liq,P_kbar,pwlr,MLP,pwlr_liq_SiO2_TiO2,-0.12443640295509603,0.06431666477341075,62
cpx,cpx_liq,P_kbar,pwlr,MLP,pwlr_liq_SiO2_Al2O3,1.7860193074719473,0.47665702747630095,2
cpx,cpx_liq,P_kbar,pwlr,MLP,pwlr_liq_SiO2_FeO,0.029099482557641387,0.009965708244224413,42
cpx,cpx_liq,P_kbar,pwlr,MLP,pwlr_liq_SiO2_MgO,0.07205793644484601,0.08185457682105936,33
cpx,cpx_liq,P_kbar,pwlr,MLP,pwlr_liq_SiO2_CaO,-0.14369185797540865,0.16208952231319396,65
cpx,cpx_liq,P_kbar,pwlr,MLP,pwlr_liq_SiO2_Na2O,-0.09641924281607324,0.07988494623494748,59
cpx,cpx_liq,P_kbar,pwlr,MLP,pwlr_liq_SiO2_K2O,-0.02659528911778284,0.026267293828769186,50
cpx,cpx_liq,P_kbar,pwlr,MLP,pwlr_liq_TiO2_Al2O3,-0.2952729493260913,0.07682961278420207,70
cpx,cpx_liq,P_kbar,pwlr,MLP,pwlr_liq_TiO2_FeO,-0.020020752952246968,0.014473658037424243,49
cpx,cpx_liq,P_kbar,pwlr,MLP,pwlr_liq_TiO2_MgO,0.04014773181396887,0.04987304162070894,40
cpx,cpx_liq,P_kbar,pwlr,MLP,pwlr_liq_TiO2_CaO,0.05702045779694642,0.04334902259567565,38
cpx,cpx_liq,P_kbar,pwlr,MLP,pwlr_liq_TiO2_Na2O,-0.39411520493829943,0.08014850345205554,71
cpx,cpx_liq,P_kbar,pwlr,MLP,pwlr_liq_TiO2_K2O,-0.05214383233731916,0.08878187633828975,53
cpx,cpx_liq,P_kbar,pwlr,MLP,pwlr_liq_Al2O3_FeO,-0.12490011352171515,0.1325196735441818,63
cpx,cpx_liq,P_kbar,pwlr,MLP,pwlr_liq_Al2O3_MgO,0.7733975288074886,0.2590420309485895,5
cpx,cpx_liq,P_kbar,pwlr,MLP,pwlr_liq_Al2O3_CaO,-0.10433514416991244,0.26427176480707243,60
cpx,cpx_liq,P_kbar,pwlr,MLP,pwlr_liq_Al2O3_Na2O,0.06037180561492859,0.03169604867752744,35
cpx,cpx_liq,P_kbar,pwlr,MLP,pwlr_liq_Al2O3_K2O,-0.08115521605650308,0.030346521172012458,57
cpx,cpx_liq,P_kbar,pwlr,MLP,pwlr_liq_FeO_MgO,0.16631725648942966,0.04571846440211727,25
cpx,cpx_liq,P_kbar,pwlr,MLP,pwlr_liq_FeO_CaO,0.17155702780711982,0.03678717125137915,24
cpx,cpx_liq,P_kbar,pwlr,MLP,pwlr_liq_FeO_Na2O,-0.41151918966169665,0.07454454064471927,72
cpx,cpx_liq,P_kbar,pwlr,MLP,pwlr_liq_FeO_K2O,-0.1194098514323045,0.06160191630866538,61
cpx,cpx_liq,P_kbar,pwlr,MLP,pwlr_liq_MgO_CaO,0.14779656038826522,0.056043458223182796,27
cpx,cpx_liq,P_kbar,pwlr,MLP,pwlr_liq_MgO_Na2O,0.06758701403984531,0.15893526628539115,34
cpx,cpx_liq,P_kbar,pwlr,MLP,pwlr_liq_MgO_K2O,0.18570977591965368,0.07586948975001702,22
cpx,cpx_liq,P_kbar,pwlr,MLP,pwlr_liq_CaO_Na2O,-0.13489143154968594,0.07555023181134046,64
cpx,cpx_liq,P_kbar,pwlr,MLP,pwlr_liq_CaO_K2O,0.03465556447452602,0.04049056403867471,41
cpx,cpx_liq,P_kbar,pwlr,MLP,pwlr_liq_Na2O_K2O,-0.29117238239412757,0.062411307738075926,69
cpx,cpx_liq,P_kbar,pwlr,MLP,liq_Mg_num,0.0026662872379722203,0.1808190912661318,47
cpx,cpx_only,T_C,pwlr,RF,pwlr_SiO2_TiO2,-0.7092324355538224,0.3115335046163217,37
cpx,cpx_only,T_C,pwlr,RF,pwlr_SiO2_Al2O3,-0.34039131327082545,0.12579704573532624,31
cpx,cpx_only,T_C,pwlr,RF,pwlr_SiO2_Cr2O3,0.1036883473255898,0.1694406970718016,22
cpx,cpx_only,T_C,pwlr,RF,pwlr_SiO2_FeO_total,-0.42603536299391465,0.32984916997588265,33
cpx,cpx_only,T_C,pwlr,RF,pwlr_SiO2_MnO,0.3070241920202335,0.34645873233824137,18
cpx,cpx_only,T_C,pwlr,RF,pwlr_SiO2_MgO,2.4152493044607084,0.3278282025255455,6
cpx,cpx_only,T_C,pwlr,RF,pwlr_SiO2_CaO,-3.689192222372732,1.2726236355741645,43
cpx,cpx_only,T_C,pwlr,RF,pwlr_SiO2_Na2O,-0.09352497758357145,0.021642015805438924,27
cpx,cpx_only,T_C,pwlr,RF,pwlr_TiO2_Al2O3,1.0394364790500021,0.37793167652147797,11
cpx,cpx_only,T_C,pwlr,RF,pwlr_TiO2_Cr2O3,0.9322752473950047,0.2220539514264696,12
cpx,cpx_only,T_C,pwlr,RF,pwlr_TiO2_FeO_total,-0.14086251383756263,0.07970335436098995,29
cpx,cpx_only,T_C,pwlr,RF,pwlr_TiO2_MnO,-0.40136491074924263,0.13461481063883293,32
cpx,cpx_only,T_C,pwlr,RF,pwlr_TiO2_MgO,6.084714252665435e-05,0.04061880915862188,25
cpx,cpx_only,T_C,pwlr,RF,pwlr_TiO2_CaO,-0.9360144029895665,0.18881698862637292,38
cpx,cpx_only,T_C,pwlr,RF,pwlr_TiO2_Na2O,1.5348425381745088,0.6648564564081239,7
cpx,cpx_only,T_C,pwlr,RF,pwlr_Al2O3_Cr2O3,0.41165161400682704,0.07392898652079515,16
cpx,cpx_only,T_C,pwlr,RF,pwlr_Al2O3_FeO_total,1.3822546246754954,0.348045556584581,9
cpx,cpx_only,T_C,pwlr,RF,pwlr_Al2O3_MnO,-0.5930634740603693,0.11366504683277276,35
cpx,cpx_only,T_C,pwlr,RF,pwlr_Al2O3_MgO,0.014491757806945315,0.039532882319782386,24
cpx,cpx_only,T_C,pwlr,RF,pwlr_Al2O3_CaO,-3.4891802827533,1.106060487096969,42
cpx,cpx_only,T_C,pwlr,RF,pwlr_Al2O3_Na2O,-2.640496537470713,0.41938078651376387,41
cpx,cpx_only,T_C,pwlr,RF,pwlr_Cr2O3_FeO_total,1.444343964191738,0.37861952614592087,8
cpx,cpx_only,T_C,pwlr,RF,pwlr_Cr2O3_MnO,0.6863738755432252,0.12115138721692933,13
cpx,cpx_only,T_C,pwlr,RF,pwlr_Cr2O3_MgO,-0.03178340472083221,0.06273823010332297,26
cpx,cpx_only,T_C,pwlr,RF,pwlr_Cr2O3_CaO,-0.6796468730134336,0.12730603058107287,36
cpx,cpx_only,T_C,pwlr,RF,pwlr_Cr2O3_Na2O,1.1262603643340754,0.13685955875750397,10
cpx,cpx_only,T_C,pwlr,RF,pwlr_FeO_total_MnO,-0.13124579885929819,0.1323706803586716,28
cpx,cpx_only,T_C,pwlr,RF,pwlr_FeO_total_MgO,4.378791881277371,1.5520947839836468,5
cpx,cpx_only,T_C,pwlr,RF,pwlr_FeO_total_CaO,0.6175897690799743,0.24541371025346004,14
cpx,cpx_only,T_C,pwlr,RF,pwlr_FeO_total_Na2O,0.16057671175795035,0.3527886395826803,21
cpx,cpx_only,T_C,pwlr,RF,pwlr_MnO_MgO,0.26068190205334785,0.09803220111993938,19
cpx,cpx_only,T_C,pwlr,RF,pwlr_MnO_CaO,-1.2415445449925144,0.4633276458522243,39
cpx,cpx_only,T_C,pwlr,RF,pwlr_MnO_Na2O,-0.503722926984976,0.10619611766068411,34
cpx,cpx_only,T_C,pwlr,RF,pwlr_MgO_CaO,5.7927300801822526,1.0153544719245193,3
cpx,cpx_only,T_C,pwlr,RF,pwlr_MgO_Na2O,0.3532389654948688,0.02273615919078152,17
cpx,cpx_only,T_C,pwlr,RF,pwlr_CaO_Na2O,-1.64048128391712,0.19193904051363767,40
cpx,cpx_only,T_C,pwlr,RF,Mg_num_cpx,5.063004841554907,1.630494529114295,4
cpx,cpx_only,T_C,pwlr,RF,Jd,0.23295264968673024,0.03047305772193969,20
cpx,cpx_only,T_C,pwlr,RF,Di,16.02689895646754,3.278617785460503,1
cpx,cpx_only,T_C,pwlr,RF,Aeg,0.06773537673867196,0.1593785442693326,23
cpx,cpx_only,T_C,pwlr,RF,CaTs,0.6122570722528877,0.3426878861962433,15
cpx,cpx_only,T_C,pwlr,RF,En_cpx,8.593106865240403,1.0063222716928049,2
cpx,cpx_only,T_C,pwlr,RF,Fs_cpx,-0.22674560128623683,0.25538953097887973,30
cpx,cpx_only,T_C,pwlr,ERT,pwlr_SiO2_TiO2,-0.036993873146386136,0.194491575524038,32
cpx,cpx_only,T_C,pwlr,ERT,pwlr_SiO2_Al2O3,-0.3595306458500119,0.1568727908381521,41
cpx,cpx_only,T_C,pwlr,ERT,pwlr_SiO2_Cr2O3,0.8007758952966902,0.15902402096556095,18
cpx,cpx_only,T_C,pwlr,ERT,pwlr_SiO2_FeO_total,0.8351968033781049,0.3443018778160746,16
cpx,cpx_only,T_C,pwlr,ERT,pwlr_SiO2_MnO,0.3935161411575244,0.10432354095584885,26
cpx,cpx_only,T_C,pwlr,ERT,pwlr_SiO2_MgO,2.6470736550081,0.24303243170775557,6
cpx,cpx_only,T_C,pwlr,ERT,pwlr_SiO2_CaO,2.5097958018900046,0.4394411792628728,7
cpx,cpx_only,T_C,pwlr,ERT,pwlr_SiO2_Na2O,-0.18413045459515232,0.10855664595488289,38
cpx,cpx_only,T_C,pwlr,ERT,pwlr_TiO2_Al2O3,0.42249452850171565,0.2657249994166874,25
cpx,cpx_only,T_C,pwlr,ERT,pwlr_TiO2_Cr2O3,1.013206433198026,0.3569923700723761,14
cpx,cpx_only,T_C,pwlr,ERT,pwlr_TiO2_FeO_total,0.07189412251581614,0.08082295411479808,29
cpx,cpx_only,T_C,pwlr,ERT,pwlr_TiO2_MnO,-0.04374327234414253,0.06765087354457457,33
cpx,cpx_only,T_C,pwlr,ERT,pwlr_TiO2_MgO,0.1683677880101712,0.18353033411232017,27
cpx,cpx_only,T_C,pwlr,ERT,pwlr_TiO2_CaO,-0.45373244489763,0.13943081629914297,43
cpx,cpx_only,T_C,pwlr,ERT,pwlr_TiO2_Na2O,0.5504171627218142,0.17665315199948975,22
cpx,cpx_only,T_C,pwlr,ERT,pwlr_Al2O3_Cr2O3,0.514258869980258,0.08860837154049081,23
cpx,cpx_only,T_C,pwlr,ERT,pwlr_Al2O3_FeO_total,1.3548797240184847,0.48723630476355856,11
cpx,cpx_only,T_C,pwlr,ERT,pwlr_Al2O3_MnO,0.08287317493873089,0.10265376467259907,28
cpx,cpx_only,T_C,pwlr,ERT,pwlr_Al2O3_MgO,-0.1061602023759356,0.06379986720558922,36
cpx,cpx_only,T_C,pwlr,ERT,pwlr_Al2O3_CaO,-0.27820710032811674,0.3148319958993396,40
cpx,cpx_only,T_C,pwlr,ERT,pwlr_Al2O3_Na2O,1.1467563080848648,0.10334146393132002,12
cpx,cpx_only,T_C,pwlr,ERT,pwlr_Cr2O3_FeO_total,2.7204605253625784,0.533121325932231,5
cpx,cpx_only,T_C,pwlr,ERT,pwlr_Cr2O3_MnO,1.5815876201839132,0.18350220867805503,9
cpx,cpx_only,T_C,pwlr,ERT,pwlr_Cr2O3_MgO,0.8337123468184295,0.155277052679027,17
cpx,cpx_only,T_C,pwlr,ERT,pwlr_Cr2O3_CaO,1.434632628737878,0.30611486323111087,10
cpx,cpx_only,T_C,pwlr,ERT,pwlr_Cr2O3_Na2O,0.6863049101373349,0.10957989769817647,19
cpx,cpx_only,T_C,pwlr,ERT,pwlr_FeO_total_MnO,-0.10136089746980588,0.0597699509123717,34
cpx,cpx_only,T_C,pwlr,ERT,pwlr_FeO_total_MgO,2.0332528203265285,0.4626893526220015,8
cpx,cpx_only,T_C,pwlr,ERT,pwlr_FeO_total_CaO,0.4798268323750577,0.23250356279889084,24
cpx,cpx_only,T_C,pwlr,ERT,pwlr_FeO_total_Na2O,0.5806201173134596,0.3463351628739211,21
cpx,cpx_only,T_C,pwlr,ERT,pwlr_MnO_MgO,0.6075528434051165,0.09506185156302227,20
cpx,cpx_only,T_C,pwlr,ERT,pwlr_MnO_CaO,-0.16207267757369975,0.063470422920447,37
cpx,cpx_only,T_C,pwlr,ERT,pwlr_MnO_Na2O,-0.2270489925370896,0.13031465261127875,39
cpx,cpx_only,T_C,pwlr,ERT,pwlr_MgO_CaO,5.68711562985259,0.599907007827728,3
cpx,cpx_only,T_C,pwlr,ERT,pwlr_MgO_Na2O,-0.10592905335512555,0.07703895750042576,35
cpx,cpx_only,T_C,pwlr,ERT,pwlr_CaO_Na2O,-0.014226282435976146,0.26101867615850427,31
cpx,cpx_only,T_C,pwlr,ERT,Mg_num_cpx,3.828208665741117,0.6628079997229502,4
cpx,cpx_only,T_C,pwlr,ERT,Jd,-0.3691058572890931,0.1851893768065034,42
cpx,cpx_only,T_C,pwlr,ERT,Di,11.985181956452928,1.3361467101410567,2
cpx,cpx_only,T_C,pwlr,ERT,Aeg,0.05127427470801109,0.026212264695095803,30
cpx,cpx_only,T_C,pwlr,ERT,CaTs,0.8932562963504459,0.23370642806747133,15
cpx,cpx_only,T_C,pwlr,ERT,En_cpx,16.511568234073536,1.5515106517329516,1
cpx,cpx_only,T_C,pwlr,ERT,Fs_cpx,1.1443649993514597,0.29894063193960124,13
cpx,cpx_only,T_C,pwlr,XGB,pwlr_SiO2_TiO2,-0.36437447127927386,0.08502205923634765,40
cpx,cpx_only,T_C,pwlr,XGB,pwlr_SiO2_Al2O3,-0.4450326793133243,0.15214057844510578,42
cpx,cpx_only,T_C,pwlr,XGB,pwlr_SiO2_Cr2O3,0.28995084895647094,0.06724745556461044,21
cpx,cpx_only,T_C,pwlr,XGB,pwlr_SiO2_FeO_total,4.30491455018493,0.31944845083602746,7
cpx,cpx_only,T_C,pwlr,XGB,pwlr_SiO2_MnO,0.0660826478792785,0.27048671170315264,29
cpx,cpx_only,T_C,pwlr,XGB,pwlr_SiO2_MgO,1.6086726001145677,0.2409680534496328,14
cpx,cpx_only,T_C,pwlr,XGB,pwlr_SiO2_CaO,4.605426234311319,0.9127401031469157,6
cpx,cpx_only,T_C,pwlr,XGB,pwlr_SiO2_Na2O,0.24530390584343992,0.07834565770774492,22
cpx,cpx_only,T_C,pwlr,XGB,pwlr_TiO2_Al2O3,0.4732864465203022,0.2593040676754855,19
cpx,cpx_only,T_C,pwlr,XGB,pwlr_TiO2_Cr2O3,5.1371044108700135,0.9011420152898726,5
cpx,cpx_only,T_C,pwlr,XGB,pwlr_TiO2_FeO_total,-0.021826431048113194,0.027451737237567095,33
cpx,cpx_only,T_C,pwlr,XGB,pwlr_TiO2_MnO,0.06231132752640463,0.08124906319788816,31
cpx,cpx_only,T_C,pwlr,XGB,pwlr_TiO2_MgO,0.2419651505816333,0.054649036290150305,23
cpx,cpx_only,T_C,pwlr,XGB,pwlr_TiO2_CaO,3.7216810840423875,1.1258202054928999,9
cpx,cpx_only,T_C,pwlr,XGB,pwlr_TiO2_Na2O,2.1608470959500847,0.6338448032417306,12
cpx,cpx_only,T_C,pwlr,XGB,pwlr_Al2O3_Cr2O3,-0.43664650322212567,0.22482637245344556,41
cpx,cpx_only,T_C,pwlr,XGB,pwlr_Al2O3_FeO_total,-0.03165939167588192,0.3747373110160804,36
cpx,cpx_only,T_C,pwlr,XGB,pwlr_Al2O3_MnO,0.10411666520797809,0.2884722824289442,27
cpx,cpx_only,T_C,pwlr,XGB,pwlr_Al2O3_MgO,-0.024952249106371484,0.024111588600648437,34
cpx,cpx_only,T_C,pwlr,XGB,pwlr_Al2O3_CaO,1.8275277178291944,1.0183788135022498,13
cpx,cpx_only,T_C,pwlr,XGB,pwlr_Al2O3_Na2O,1.5811915883486578,0.3198776507840653,15
cpx,cpx_only,T_C,pwlr,XGB,pwlr_Cr2O3_FeO_total,1.5571772533175363,0.2262864394662573,16
cpx,cpx_only,T_C,pwlr,XGB,pwlr_Cr2O3_MnO,0.13148886526360143,0.02624920516902779,26
cpx,cpx_only,T_C,pwlr,XGB,pwlr_Cr2O3_MgO,-0.030296655465716072,0.07274816051809192,35
cpx,cpx_only,T_C,pwlr,XGB,pwlr_Cr2O3_CaO,-0.03373891108875711,0.22805681159871144,37
cpx,cpx_only,T_C,pwlr,XGB,pwlr_Cr2O3_Na2O,2.6116336235559716,0.27702960500706664,10
cpx,cpx_only,T_C,pwlr,XGB,pwlr_FeO_total_MnO,-0.13218240789206276,0.3469154336990412,38
cpx,cpx_only,T_C,pwlr,XGB,pwlr_FeO_total_MgO,4.118491766114479,1.150726791412715,8
cpx,cpx_only,T_C,pwlr,XGB,pwlr_FeO_total_CaO,0.5617810797243251,0.1877661110163851,17
cpx,cpx_only,T_C,pwlr,XGB,pwlr_FeO_total_Na2O,0.498017433366995,0.440738790852435,18
cpx,cpx_only,T_C,pwlr,XGB,pwlr_MnO_MgO,0.3257945459977748,0.059964483368842574,20
cpx,cpx_only,T_C,pwlr,XGB,pwlr_MnO_CaO,-0.16205137015984405,0.10486460656014283,39
cpx,cpx_only,T_C,pwlr,XGB,pwlr_MnO_Na2O,0.06412650109033535,0.052651815791368566,30
cpx,cpx_only,T_C,pwlr,XGB,pwlr_MgO_CaO,10.738319705625077,1.3347344245118598,1
cpx,cpx_only,T_C,pwlr,XGB,pwlr_MgO_Na2O,0.1707101500842157,0.05095922680825114,25
cpx,cpx_only,T_C,pwlr,XGB,pwlr_CaO_Na2O,-1.0258178339720572,0.26332950907440594,43
cpx,cpx_only,T_C,pwlr,XGB,Mg_num_cpx,6.322574210046907,1.106921191626386,4
cpx,cpx_only,T_C,pwlr,XGB,Jd,0.17787466610869843,0.02443384046721688,24
cpx,cpx_only,T_C,pwlr,XGB,Di,8.052057518645226,1.3997486430002013,2
cpx,cpx_only,T_C,pwlr,XGB,Aeg,-0.005248339754882636,0.00830874349087826,32
cpx,cpx_only,T_C,pwlr,XGB,CaTs,2.381106620181252,0.48054940653344763,11
cpx,cpx_only,T_C,pwlr,XGB,En_cpx,6.583053430991543,0.7890359448030876,3
cpx,cpx_only,T_C,pwlr,XGB,Fs_cpx,0.07139606209940297,0.014475437296843537,28
cpx,cpx_only,T_C,pwlr,GB,pwlr_SiO2_TiO2,-0.5460109636234677,0.1956030083169968,37
cpx,cpx_only,T_C,pwlr,GB,pwlr_SiO2_Al2O3,0.5622096471225675,0.49840437866191534,17
cpx,cpx_only,T_C,pwlr,GB,pwlr_SiO2_Cr2O3,0.7598103660946307,0.2793038079820123,14
cpx,cpx_only,T_C,pwlr,GB,pwlr_SiO2_FeO_total,0.6038206901435572,0.1682857808405039,16
cpx,cpx_only,T_C,pwlr,GB,pwlr_SiO2_MnO,0.0775544762059667,0.11971055660821123,26
cpx,cpx_only,T_C,pwlr,GB,pwlr_SiO2_MgO,3.062467054713848,0.28368718144663096,7
cpx,cpx_only,T_C,pwlr,GB,pwlr_SiO2_CaO,2.5850502535918833,0.6435879410409747,9
cpx,cpx_only,T_C,pwlr,GB,pwlr_SiO2_Na2O,0.05383739705826542,0.018394642298163972,28
cpx,cpx_only,T_C,pwlr,GB,pwlr_TiO2_Al2O3,2.219779347490855,0.4087595117913199,10
cpx,cpx_only,T_C,pwlr,GB,pwlr_TiO2_Cr2O3,0.7514468085755738,0.13612466567362844,15
cpx,cpx_only,T_C,pwlr,GB,pwlr_TiO2_FeO_total,0.4007839000334343,0.10393549893789521,18
cpx,cpx_only,T_C,pwlr,GB,pwlr_TiO2_MnO,-0.315863611485004,0.11389026573187806,36
cpx,cpx_only,T_C,pwlr,GB,pwlr_TiO2_MgO,0.3939299101020737,0.08032332314787533,19
cpx,cpx_only,T_C,pwlr,GB,pwlr_TiO2_CaO,-0.6681500196491512,0.3700148403724871,39
cpx,cpx_only,T_C,pwlr,GB,pwlr_TiO2_Na2O,-0.6838716581108144,0.6372094296257249,40
cpx,cpx_only,T_C,pwlr,GB,pwlr_Al2O3_Cr2O3,0.34751385357884035,0.08931629570624673,21
cpx,cpx_only,T_C,pwlr,GB,pwlr_Al2O3_FeO_total,0.2892008070642603,0.4902945857168452,23
cpx,cpx_only,T_C,pwlr,GB,pwlr_Al2O3_MnO,0.8551525947673199,0.1188978964772755,12
cpx,cpx_only,T_C,pwlr,GB,pwlr_Al2O3_MgO,0.04914817773780413,0.015965053552433175,29
cpx,cpx_only,T_C,pwlr,GB,pwlr_Al2O3_CaO,-1.2598795596882097,0.7559115865284374,42
cpx,cpx_only,T_C,pwlr,GB,pwlr_Al2O3_Na2O,1.5433974535967976,0.5344480218773252,11
cpx,cpx_only,T_C,pwlr,GB,pwlr_Cr2O3_FeO_total,-0.10003131236808827,0.05585188456286208,33
cpx,cpx_only,T_C,pwlr,GB,pwlr_Cr2O3_MnO,0.8103123467131269,0.12707947186595836,13
cpx,cpx_only,T_C,pwlr,GB,pwlr_Cr2O3_MgO,0.3450957100640181,0.05840712323385467,22
cpx,cpx_only,T_C,pwlr,GB,pwlr_Cr2O3_CaO,-0.02586909396022321,0.1332290193060996,31
cpx,cpx_only,T_C,pwlr,GB,pwlr_Cr2O3_Na2O,2.9351415079438667,0.43236114160610933,8
cpx,cpx_only,T_C,pwlr,GB,pwlr_FeO_total_MnO,-0.6080872388422989,0.4513520458331645,38
cpx,cpx_only,T_C,pwlr,GB,pwlr_FeO_total_MgO,14.719364848654712,2.48115682204737,3
cpx,cpx_only,T_C,pwlr,GB,pwlr_FeO_total_CaO,0.07530442058702817,0.08938734426280667,27
cpx,cpx_only,T_C,pwlr,GB,pwlr_FeO_total_Na2O,4.436530267574286,0.9063685888773882,5
cpx,cpx_only,T_C,pwlr,GB,pwlr_MnO_MgO,0.17795127929296797,0.07580673831304854,24
cpx,cpx_only,T_C,pwlr,GB,pwlr_MnO_CaO,-0.7924297260040817,0.1785313440195403,41
cpx,cpx_only,T_C,pwlr,GB,pwlr_MnO_Na2O,-0.20793878491375892,0.1300323598951435,35
cpx,cpx_only,T_C,pwlr,GB,pwlr_MgO_CaO,15.929468603321249,2.15883835826518,1
cpx,cpx_only,T_C,pwlr,GB,pwlr_MgO_Na2O,0.15917925909333377,0.034133215041387374,25
cpx,cpx_only,T_C,pwlr,GB,pwlr_CaO_Na2O,-1.83402333618223,0.1916200553648382,43
cpx,cpx_only,T_C,pwlr,GB,Mg_num_cpx,0.37019329130116174,0.29713460915192746,20
cpx,cpx_only,T_C,pwlr,GB,Jd,0.046576886181287594,0.03628453277877117,30
cpx,cpx_only,T_C,pwlr,GB,Di,15.881403139102087,2.405179016647774,2
cpx,cpx_only,T_C,pwlr,GB,Aeg,-0.08523396919156453,0.030688287469490073,32
cpx,cpx_only,T_C,pwlr,GB,CaTs,3.744788891200507,0.810880075751604,6
cpx,cpx_only,T_C,pwlr,GB,En_cpx,10.686559405939585,1.3795186309744207,4
cpx,cpx_only,T_C,pwlr,GB,Fs_cpx,-0.18050445583286318,0.12176738704160153,34
cpx,cpx_only,T_C,pwlr,CatBoost,pwlr_SiO2_TiO2,-0.07999040308948935,0.38302171164742244,31
cpx,cpx_only,T_C,pwlr,CatBoost,pwlr_SiO2_Al2O3,-0.5522329995911704,0.17482644787414292,40
cpx,cpx_only,T_C,pwlr,CatBoost,pwlr_SiO2_Cr2O3,0.2965251494315112,0.11440282711267002,20
cpx,cpx_only,T_C,pwlr,CatBoost,pwlr_SiO2_FeO_total,0.6168946268637597,0.3320932092721547,16
cpx,cpx_only,T_C,pwlr,CatBoost,pwlr_SiO2_MnO,0.05785170065622793,0.13109518301386297,28
cpx,cpx_only,T_C,pwlr,CatBoost,pwlr_SiO2_MgO,2.5343724335949886,0.26815968333970086,6
cpx,cpx_only,T_C,pwlr,CatBoost,pwlr_SiO2_CaO,4.055919599794075,0.6595547411105986,4
cpx,cpx_only,T_C,pwlr,CatBoost,pwlr_SiO2_Na2O,-0.2178201803263491,0.15264992823092488,34
cpx,cpx_only,T_C,pwlr,CatBoost,pwlr_TiO2_Al2O3,0.06629832119413522,0.2675526077296128,27
cpx,cpx_only,T_C,pwlr,CatBoost,pwlr_TiO2_Cr2O3,1.4172378407767952,0.42601072614157376,9
cpx,cpx_only,T_C,pwlr,CatBoost,pwlr_TiO2_FeO_total,0.2712828767558406,0.11938788711776696,21
cpx,cpx_only,T_C,pwlr,CatBoost,pwlr_TiO2_MnO,-0.5536878471262682,0.20287330197353803,41
cpx,cpx_only,T_C,pwlr,CatBoost,pwlr_TiO2_MgO,0.2053721554021891,0.168653002679661,23
cpx,cpx_only,T_C,pwlr,CatBoost,pwlr_TiO2_CaO,-0.28456818368709946,0.2252013662171289,35
cpx,cpx_only,T_C,pwlr,CatBoost,pwlr_TiO2_Na2O,1.0462652229507186,0.2603420784213289,11
cpx,cpx_only,T_C,pwlr,CatBoost,pwlr_Al2O3_Cr2O3,0.4470450953721482,0.08037327263156897,18
cpx,cpx_only,T_C,pwlr,CatBoost,pwlr_Al2O3_FeO_total,-0.09125682649448094,0.32450070390163394,32
cpx,cpx_only,T_C,pwlr,CatBoost,pwlr_Al2O3_MnO,-0.46130839976405724,0.18496231924106443,39
cpx,cpx_only,T_C,pwlr,CatBoost,pwlr_Al2O3_MgO,-0.41892922271300675,0.08217777849118611,38
cpx,cpx_only,T_C,pwlr,CatBoost,pwlr_Al2O3_CaO,0.20177968194767287,0.6018558654364564,24
cpx,cpx_only,T_C,pwlr,CatBoost,pwlr_Al2O3_Na2O,0.9014892359455132,0.14118257292422684,12
cpx,cpx_only,T_C,pwlr,CatBoost,pwlr_Cr2O3_FeO_total,2.4925966743903016,0.5200041881721925,7
cpx,cpx_only,T_C,pwlr,CatBoost,pwlr_Cr2O3_MnO,0.8758402260235301,0.13478958545496866,13
cpx,cpx_only,T_C,pwlr,CatBoost,pwlr_Cr2O3_MgO,0.6495830348873881,0.12599363114710105,14
cpx,cpx_only,T_C,pwlr,CatBoost,pwlr_Cr2O3_CaO,-0.3577624216749754,0.3092612394928532,36
cpx,cpx_only,T_C,pwlr,CatBoost,pwlr_Cr2O3_Na2O,1.0981861792771397,0.1310355156566774,10
cpx,cpx_only,T_C,pwlr,CatBoost,pwlr_FeO_total_MnO,0.623496695091886,0.17375820616422677,15
cpx,cpx_only,T_C,pwlr,CatBoost,pwlr_FeO_total_MgO,2.2947694364853235,0.4500014667997603,8
cpx,cpx_only,T_C,pwlr,CatBoost,pwlr_FeO_total_CaO,0.5624912011589472,0.08064879519504038,17
cpx,cpx_only,T_C,pwlr,CatBoost,pwlr_FeO_total_Na2O,-0.40879500677217206,0.1824833854906878,37
cpx,cpx_only,T_C,pwlr,CatBoost,pwlr_MnO_MgO,0.21603993556466036,0.21229112569175163,22
cpx,cpx_only,T_C,pwlr,CatBoost,pwlr_MnO_CaO,-0.9856067928984089,0.21781297130478153,42
cpx,cpx_only,T_C,pwlr,CatBoost,pwlr_MnO_Na2O,-0.04079412191534715,0.18422773901006603,30
cpx,cpx_only,T_C,pwlr,CatBoost,pwlr_MgO_CaO,8.798049889489457,0.9550083272469875,2
cpx,cpx_only,T_C,pwlr,CatBoost,pwlr_MgO_Na2O,0.11346500992857926,0.0741065528012031,25
cpx,cpx_only,T_C,pwlr,CatBoost,pwlr_CaO_Na2O,-1.1484753240726704,0.21265864342799573,43
cpx,cpx_only,T_C,pwlr,CatBoost,Mg_num_cpx,2.6163775911409304,0.5030156405132473,5
cpx,cpx_only,T_C,pwlr,CatBoost,Jd,0.44034427454759995,0.16217705750571731,19
cpx,cpx_only,T_C,pwlr,CatBoost,Di,7.735117767464786,1.0034244719074517,3
cpx,cpx_only,T_C,pwlr,CatBoost,Aeg,-0.11506317636957278,0.0451558433233233,33
cpx,cpx_only,T_C,pwlr,CatBoost,CaTs,0.07441426764059997,0.17068930556923878,26
cpx,cpx_only,T_C,pwlr,CatBoost,En_cpx,9.176804600835245,0.9231119743261538,1
cpx,cpx_only,T_C,pwlr,CatBoost,Fs_cpx,0.026092117915736422,0.23158000588025862,29
cpx,cpx_only,T_C,pwlr,LightGBM,pwlr_SiO2_TiO2,-0.30422357221425644,0.13812187499099296,39
cpx,cpx_only,T_C,pwlr,LightGBM,pwlr_SiO2_Al2O3,0.1037401588627361,0.3513876566521885,29
cpx,cpx_only,T_C,pwlr,LightGBM,pwlr_SiO2_Cr2O3,0.5386097215729351,0.15500331030723788,17
cpx,cpx_only,T_C,pwlr,LightGBM,pwlr_SiO2_FeO_total,0.18780519832361336,0.03221330587143376,25
cpx,cpx_only,T_C,pwlr,LightGBM,pwlr_SiO2_MnO,0.4319409289884192,0.1453076918681066,19
cpx,cpx_only,T_C,pwlr,LightGBM,pwlr_SiO2_MgO,2.9354989097712205,0.2910876482697424,7
cpx,cpx_only,T_C,pwlr,LightGBM,pwlr_SiO2_CaO,2.5631166956823903,0.6600166980258491,8
cpx,cpx_only,T_C,pwlr,LightGBM,pwlr_SiO2_Na2O,0.04107834215445934,0.02191598033989472,34
cpx,cpx_only,T_C,pwlr,LightGBM,pwlr_TiO2_Al2O3,0.9551074318574024,0.3070978463605478,13
cpx,cpx_only,T_C,pwlr,LightGBM,pwlr_TiO2_Cr2O3,0.9147131870035565,0.17456728244249026,15
cpx,cpx_only,T_C,pwlr,LightGBM,pwlr_TiO2_FeO_total,0.1924255107959823,0.0851358125319539,24
cpx,cpx_only,T_C,pwlr,LightGBM,pwlr_TiO2_MnO,0.15251623013421778,0.11006353763547161,27
cpx,cpx_only,T_C,pwlr,LightGBM,pwlr_TiO2_MgO,0.26685514618242506,0.06230957153838895,21
cpx,cpx_only,T_C,pwlr,LightGBM,pwlr_TiO2_CaO,-0.30626802815027504,0.22707051783150708,40
cpx,cpx_only,T_C,pwlr,LightGBM,pwlr_TiO2_Na2O,1.2549472415810414,0.6622167950672945,11
cpx,cpx_only,T_C,pwlr,LightGBM,pwlr_Al2O3_Cr2O3,0.06852830928827273,0.027154635842010603,32
cpx,cpx_only,T_C,pwlr,LightGBM,pwlr_Al2O3_FeO_total,0.3584608834766385,0.1649920937191681,20
cpx,cpx_only,T_C,pwlr,LightGBM,pwlr_Al2O3_MnO,0.09707231649655342,0.03936823147710276,30
cpx,cpx_only,T_C,pwlr,LightGBM,pwlr_Al2O3_MgO,-0.3313813727853258,0.04211757025435925,41
cpx,cpx_only,T_C,pwlr,LightGBM,pwlr_Al2O3_CaO,-0.44395412314440674,0.878094069799241,42
cpx,cpx_only,T_C,pwlr,LightGBM,pwlr_Al2O3_Na2O,0.4771455474838547,0.3717247396083455,18
cpx,cpx_only,T_C,pwlr,LightGBM,pwlr_Cr2O3_FeO_total,1.2373317910401922,0.1891096508222603,12
cpx,cpx_only,T_C,pwlr,LightGBM,pwlr_Cr2O3_MnO,0.9395590240284747,0.06857263828793743,14
cpx,cpx_only,T_C,pwlr,LightGBM,pwlr_Cr2O3_MgO,-0.018852274814091175,0.056727513756463725,36
cpx,cpx_only,T_C,pwlr,LightGBM,pwlr_Cr2O3_CaO,0.14950736620394878,0.06572845305377277,28
cpx,cpx_only,T_C,pwlr,LightGBM,pwlr_Cr2O3_Na2O,1.3139678477473011,0.1613985071906042,10
cpx,cpx_only,T_C,pwlr,LightGBM,pwlr_FeO_total_MnO,-0.1906010960297891,0.21257676762800953,37
cpx,cpx_only,T_C,pwlr,LightGBM,pwlr_FeO_total_MgO,8.020236889504039,1.486428045360917,3
cpx,cpx_only,T_C,pwlr,LightGBM,pwlr_FeO_total_CaO,0.04164359419102652,0.06452833254900602,33
cpx,cpx_only,T_C,pwlr,LightGBM,pwlr_FeO_total_Na2O,2.3373109470115976,0.735499973623754,9
cpx,cpx_only,T_C,pwlr,LightGBM,pwlr_MnO_MgO,0.17804356094254814,0.05043446658961042,26
cpx,cpx_only,T_C,pwlr,LightGBM,pwlr_MnO_CaO,-0.2261241234489816,0.17607580812770537,38
cpx,cpx_only,T_C,pwlr,LightGBM,pwlr_MnO_Na2O,0.07919278414790654,0.08166543220980382,31
cpx,cpx_only,T_C,pwlr,LightGBM,pwlr_MgO_CaO,14.536549804088887,1.7385891356850516,1
cpx,cpx_only,T_C,pwlr,LightGBM,pwlr_MgO_Na2O,0.20028320757041768,0.026672321818412396,23
cpx,cpx_only,T_C,pwlr,LightGBM,pwlr_CaO_Na2O,-1.1107775413873129,0.17422692383339877,43
cpx,cpx_only,T_C,pwlr,LightGBM,Mg_num_cpx,4.139467408992846,1.110803864432554,5
cpx,cpx_only,T_C,pwlr,LightGBM,Jd,0.2254996313075523,0.05161925439713217,22
cpx,cpx_only,T_C,pwlr,LightGBM,Di,12.73396540649453,2.1536916095411534,2
cpx,cpx_only,T_C,pwlr,LightGBM,Aeg,0.0,0.0,35
cpx,cpx_only,T_C,pwlr,LightGBM,CaTs,2.9401042542142846,0.5630551084198486,6
cpx,cpx_only,T_C,pwlr,LightGBM,En_cpx,7.225279649712908,0.9069905947397637,4
cpx,cpx_only,T_C,pwlr,LightGBM,Fs_cpx,0.5477987304639186,0.08287054914838674,16
cpx,cpx_only,T_C,pwlr,ElasticNet,pwlr_SiO2_TiO2,0.02894331013064999,0.0063264340329422354,24
cpx,cpx_only,T_C,pwlr,ElasticNet,pwlr_SiO2_Al2O3,-1.491045995300722,0.3266559997291574,42
cpx,cpx_only,T_C,pwlr,ElasticNet,pwlr_SiO2_Cr2O3,0.7387843855354788,0.14630491588019706,9
cpx,cpx_only,T_C,pwlr,ElasticNet,pwlr_SiO2_FeO_total,-0.15552603616541774,0.1364026153559669,28
cpx,cpx_only,T_C,pwlr,ElasticNet,pwlr_SiO2_MnO,-0.2744256579657417,0.05886083298292222,30
cpx,cpx_only,T_C,pwlr,ElasticNet,pwlr_SiO2_MgO,11.53399222474124,0.9371113163746216,2
cpx,cpx_only,T_C,pwlr,ElasticNet,pwlr_SiO2_CaO,-0.4593820358950381,0.10121276238437704,35
cpx,cpx_only,T_C,pwlr,ElasticNet,pwlr_SiO2_Na2O,-0.5489432521731444,0.10682112650124417,37
cpx,cpx_only,T_C,pwlr,ElasticNet,pwlr_TiO2_Al2O3,0.05005607770166165,0.0942732154329726,23
cpx,cpx_only,T_C,pwlr,ElasticNet,pwlr_TiO2_Cr2O3,0.9130016707774317,0.14658299085311532,7
cpx,cpx_only,T_C,pwlr,ElasticNet,pwlr_TiO2_FeO_total,-0.48390331850497575,0.08982660305356693,36
cpx,cpx_only,T_C,pwlr,ElasticNet,pwlr_TiO2_MnO,-0.21548817124679404,0.10299182004944427,29
cpx,cpx_only,T_C,pwlr,ElasticNet,pwlr_TiO2_MgO,0.4212576581371252,0.06131108814622325,12
cpx,cpx_only,T_C,pwlr,ElasticNet,pwlr_TiO2_CaO,0.07153641834898963,0.02651615445745543,22
cpx,cpx_only,T_C,pwlr,ElasticNet,pwlr_TiO2_Na2O,0.021972820019536245,0.07875337299337376,25
cpx,cpx_only,T_C,pwlr,ElasticNet,pwlr_Al2O3_Cr2O3,0.36455836528033386,0.05637865693097587,14
cpx,cpx_only,T_C,pwlr,ElasticNet,pwlr_Al2O3_FeO_total,-0.803836333814455,0.30458417885049294,40
cpx,cpx_only,T_C,pwlr,ElasticNet,pwlr_Al2O3_MnO,0.0753235375106371,0.03020956597077734,21
cpx,cpx_only,T_C,pwlr,ElasticNet,pwlr_Al2O3_MgO,-0.2746282681985065,0.0332354275038051,31
cpx,cpx_only,T_C,pwlr,ElasticNet,pwlr_Al2O3_CaO,-0.5642870540609024,0.19963399431905604,38
cpx,cpx_only,T_C,pwlr,ElasticNet,pwlr_Al2O3_Na2O,-0.026313663912772255,0.05099028847047952,26
cpx,cpx_only,T_C,pwlr,ElasticNet,pwlr_Cr2O3_FeO_total,0.7770352490831414,0.23637414045476798,8
cpx,cpx_only,T_C,pwlr,ElasticNet,pwlr_Cr2O3_MnO,0.6404997227848412,0.0870346797210472,11
cpx,cpx_only,T_C,pwlr,ElasticNet,pwlr_Cr2O3_MgO,0.25028846906944724,0.07055850831275005,15
cpx,cpx_only,T_C,pwlr,ElasticNet,pwlr_Cr2O3_CaO,0.6425833599722282,0.11926161742587812,10
cpx,cpx_only,T_C,pwlr,ElasticNet,pwlr_Cr2O3_Na2O,0.07610493217186018,0.012477698835616216,20
cpx,cpx_only,T_C,pwlr,ElasticNet,pwlr_FeO_total_MnO,-1.0029781545222207,0.19996896602190437,41
cpx,cpx_only,T_C,pwlr,ElasticNet,pwlr_FeO_total_MgO,0.14781030164702855,0.25682724708405263,17
cpx,cpx_only,T_C,pwlr,ElasticNet,pwlr_FeO_total_CaO,-0.3022672292270613,0.16926697694065082,33
cpx,cpx_only,T_C,pwlr,ElasticNet,pwlr_FeO_total_Na2O,-0.7952163149791701,0.21798068006533017,39
cpx,cpx_only,T_C,pwlr,ElasticNet,pwlr_MnO_MgO,0.11433471704469582,0.01786955178973812,19
cpx,cpx_only,T_C,pwlr,ElasticNet,pwlr_MnO_CaO,-0.12282876858019875,0.034902735094280615,27
cpx,cpx_only,T_C,pwlr,ElasticNet,pwlr_MnO_Na2O,0.1443474938327313,0.056833723546428634,18
cpx,cpx_only,T_C,pwlr,ElasticNet,pwlr_MgO_CaO,1.9771486300190646,0.21488628114583327,6
cpx,cpx_only,T_C,pwlr,ElasticNet,pwlr_MgO_Na2O,-0.3272364408285696,0.04237017544663027,34
cpx,cpx_only,T_C,pwlr,ElasticNet,pwlr_CaO_Na2O,-0.29173968407564954,0.10545913160540951,32
cpx,cpx_only,T_C,pwlr,ElasticNet,Mg_num_cpx,5.720055484620405,0.9594386110662008,4
cpx,cpx_only,T_C,pwlr,ElasticNet,Jd,-6.10960797589477,1.3394489651519348,43
cpx,cpx_only,T_C,pwlr,ElasticNet,Di,17.913040481843893,1.2096971254561857,1
cpx,cpx_only,T_C,pwlr,ElasticNet,Aeg,0.22248519841055128,0.4623666372216357,16
cpx,cpx_only,T_C,pwlr,ElasticNet,CaTs,3.646258607898794,1.1024815653131477,5
cpx,cpx_only,T_C,pwlr,ElasticNet,En_cpx,9.06847808996585,0.8585062973194992,3
cpx,cpx_only,T_C,pwlr,ElasticNet,Fs_cpx,0.39743173050779745,0.4137584987660161,13
cpx,cpx_only,T_C,pwlr,MLP,pwlr_SiO2_TiO2,-1.7107339227719316,0.7710727551975037,41
cpx,cpx_only,T_C,pwlr,MLP,pwlr_SiO2_Al2O3,14.192579790785349,1.8575222315487516,15
cpx,cpx_only,T_C,pwlr,MLP,pwlr_SiO2_Cr2O3,4.8506351385782365,0.9612975006863936,23
cpx,cpx_only,T_C,pwlr,MLP,pwlr_SiO2_FeO_total,30.306172221597837,2.629878274596913,9
cpx,cpx_only,T_C,pwlr,MLP,pwlr_SiO2_MnO,3.296804222012676,0.8834338154707976,29
cpx,cpx_only,T_C,pwlr,MLP,pwlr_SiO2_MgO,30.831551470887717,2.5909250109914406,8
cpx,cpx_only,T_C,pwlr,MLP,pwlr_SiO2_CaO,39.46057689711675,2.06454096168366,6
cpx,cpx_only,T_C,pwlr,MLP,pwlr_SiO2_Na2O,8.91125345926044,1.213182157337037,19
cpx,cpx_only,T_C,pwlr,MLP,pwlr_TiO2_Al2O3,-1.5511674855874475,0.9450374553232528,38
cpx,cpx_only,T_C,pwlr,MLP,pwlr_TiO2_Cr2O3,-1.60176727508466,0.6146708341790549,39
cpx,cpx_only,T_C,pwlr,MLP,pwlr_TiO2_FeO_total,29.019491466973797,2.0929115840982737,11
cpx,cpx_only,T_C,pwlr,MLP,pwlr_TiO2_MnO,5.738703628635486,1.1351298638204421,21
cpx,cpx_only,T_C,pwlr,MLP,pwlr_TiO2_MgO,-1.734433762626176,0.7637686838848808,42
cpx,cpx_only,T_C,pwlr,MLP,pwlr_TiO2_CaO,-1.6693240202474116,0.5568712107285566,40
cpx,cpx_only,T_C,pwlr,MLP,pwlr_TiO2_Na2O,0.005165545906591263,0.8174740418353068,36
cpx,cpx_only,T_C,pwlr,MLP,pwlr_Al2O3_Cr2O3,3.1338790008159094,0.8805332964533553,30
cpx,cpx_only,T_C,pwlr,MLP,pwlr_Al2O3_FeO_total,51.63177897609431,3.0408344727173895,4
cpx,cpx_only,T_C,pwlr,MLP,pwlr_Al2O3_MnO,1.1718354722502256,0.7591465004146039,34
cpx,cpx_only,T_C,pwlr,MLP,pwlr_Al2O3_MgO,3.4343316331354545,1.3140003099627557,28
cpx,cpx_only,T_C,pwlr,MLP,pwlr_Al2O3_CaO,-1.983844316273555,0.851415372657239,43
cpx,cpx_only,T_C,pwlr,MLP,pwlr_Al2O3_Na2O,11.884895869436239,1.4944275697793492,16
cpx,cpx_only,T_C,pwlr,MLP,pwlr_Cr2O3_FeO_total,22.742986423858802,1.8708482551348262,12
cpx,cpx_only,T_C,pwlr,MLP,pwlr_Cr2O3_MnO,1.8120441330621802,0.7306721658447324,32
cpx,cpx_only,T_C,pwlr,MLP,pwlr_Cr2O3_MgO,3.862036253995855,0.9175837931515965,27
cpx,cpx_only,T_C,pwlr,MLP,pwlr_Cr2O3_CaO,0.9128149141390296,0.7068092329017037,35
cpx,cpx_only,T_C,pwlr,MLP,pwlr_Cr2O3_Na2O,-0.29447899380657533,0.3483486426361902,37
cpx,cpx_only,T_C,pwlr,MLP,pwlr_FeO_total_MnO,47.50094303404149,3.0775629964269973,5
cpx,cpx_only,T_C,pwlr,MLP,pwlr_FeO_total_MgO,30.03655165579941,2.4042521529427554,10
cpx,cpx_only,T_C,pwlr,MLP,pwlr_FeO_total_CaO,32.53856030302993,2.5651209981709506,7
cpx,cpx_only,T_C,pwlr,MLP,pwlr_FeO_total_Na2O,20.133431753780805,1.7736364930494262,13
cpx,cpx_only,T_C,pwlr,MLP,pwlr_MnO_MgO,4.011592163196442,0.8534900141153844,26
cpx,cpx_only,T_C,pwlr,MLP,pwlr_MnO_CaO,1.8101494744189268,0.6970085079538063,33
cpx,cpx_only,T_C,pwlr,MLP,pwlr_MnO_Na2O,1.9493491140226198,0.8259287663667608,31
cpx,cpx_only,T_C,pwlr,MLP,pwlr_MgO_CaO,10.202680276582656,1.5191602312408412,17
cpx,cpx_only,T_C,pwlr,MLP,pwlr_MgO_Na2O,4.610827678193819,0.9560103853316064,25
cpx,cpx_only,T_C,pwlr,MLP,pwlr_CaO_Na2O,5.26341267432947,0.9072204734123841,22
cpx,cpx_only,T_C,pwlr,MLP,Mg_num_cpx,99.91239153604062,3.9411409831269766,2
cpx,cpx_only,T_C,pwlr,MLP,Jd,9.236113487261433,2.0279282381834327,18
cpx,cpx_only,T_C,pwlr,MLP,Di,16.594151409548584,2.07083246675977,14
cpx,cpx_only,T_C,pwlr,MLP,Aeg,4.782469073350862,0.6281219426096812,24
cpx,cpx_only,T_C,pwlr,MLP,CaTs,6.862195550782386,1.8370931208292796,20
cpx,cpx_only,T_C,pwlr,MLP,En_cpx,120.26581885722905,5.015555000325739,1
cpx,cpx_only,T_C,pwlr,MLP,Fs_cpx,91.52139314030607,4.14815633870189,3
cpx,cpx_only,P_kbar,raw,RF,raw_SiO2,1.2476086757628309,0.18448074498861813,2
cpx,cpx_only,P_kbar,raw,RF,raw_TiO2,0.4025656240612297,0.11238025285647002,7
cpx,cpx_only,P_kbar,raw,RF,raw_Al2O3,1.0515166067785349,0.12124206077016449,3
cpx,cpx_only,P_kbar,raw,RF,raw_Cr2O3,0.037795804925285025,0.020431765225284386,13
cpx,cpx_only,P_kbar,raw,RF,raw_FeO_total,0.0005925475926521706,0.025985012804409492,14
cpx,cpx_only,P_kbar,raw,RF,raw_MnO,-0.023296500430684475,0.06040538522178363,15
cpx,cpx_only,P_kbar,raw,RF,raw_MgO,0.14874291469319684,0.039618559610225854,10
cpx,cpx_only,P_kbar,raw,RF,raw_CaO,-0.07336900119047476,0.05784408579986872,16
cpx,cpx_only,P_kbar,raw,RF,raw_Na2O,3.9030773753379386,0.4314981838898742,1
cpx,cpx_only,P_kbar,raw,RF,Mg_num_cpx,0.13643643047041926,0.04692402708706974,11
cpx,cpx_only,P_kbar,raw,RF,Jd,0.5125248834185738,0.23065780339136022,5
cpx,cpx_only,P_kbar,raw,RF,Di,0.20817706776717726,0.04428505109592615,9
cpx,cpx_only,P_kbar,raw,RF,Aeg,0.4847583248874697,0.16062598649988455,6
cpx,cpx_only,P_kbar,raw,RF,CaTs,0.7340658306712473,0.18567951450229017,4
cpx,cpx_only,P_kbar,raw,RF,En_cpx,0.2509434309607223,0.03347367572804802,8
cpx,cpx_only,P_kbar,raw,RF,Fs_cpx,0.07427162680151884,0.04733880727817211,12
cpx,cpx_only,P_kbar,pwlr,ERT,pwlr_SiO2_TiO2,-0.03977334153041649,0.03548738058214278,37
cpx,cpx_only,P_kbar,pwlr,ERT,pwlr_SiO2_Al2O3,0.22332463302397576,0.04992430868964065,5
cpx,cpx_only,P_kbar,pwlr,ERT,pwlr_SiO2_Cr2O3,-0.08395887328266598,0.031406101572824606,41
cpx,cpx_only,P_kbar,pwlr,ERT,pwlr_SiO2_FeO_total,0.0639175415759496,0.019046997657180983,20
cpx,cpx_only,P_kbar,pwlr,ERT,pwlr_SiO2_MnO,-0.041799569471970964,0.024911591151881272,38
cpx,cpx_only,P_kbar,pwlr,ERT,pwlr_SiO2_MgO,0.07690101933733713,0.013782174801090558,17
cpx,cpx_only,P_kbar,pwlr,ERT,pwlr_SiO2_CaO,0.10348767875699494,0.06435970700744477,13
cpx,cpx_only,P_kbar,pwlr,ERT,pwlr_SiO2_Na2O,-0.07761376028501425,0.12095914971611114,40
cpx,cpx_only,P_kbar,pwlr,ERT,pwlr_TiO2_Al2O3,-0.013275806461326223,0.08538622441067853,33
cpx,cpx_only,P_kbar,pwlr,ERT,pwlr_TiO2_Cr2O3,-0.017161786590872464,0.019982973198920066,35
cpx,cpx_only,P_kbar,pwlr,ERT,pwlr_TiO2_FeO_total,0.03454242358560018,0.012797864699961458,24
cpx,cpx_only,P_kbar,pwlr,ERT,pwlr_TiO2_MnO,0.00030377805832246805,0.017304526431252024,28
cpx,cpx_only,P_kbar,pwlr,ERT,pwlr_TiO2_MgO,-0.006078780061200462,0.021327645041073554,30
cpx,cpx_only,P_kbar,pwlr,ERT,pwlr_TiO2_CaO,0.03701511450460524,0.04286361566167435,23
cpx,cpx_only,P_kbar,pwlr,ERT,pwlr_TiO2_Na2O,0.08621925865755972,0.07095448702576633,15
cpx,cpx_only,P_kbar,pwlr,ERT,pwlr_Al2O3_Cr2O3,-0.01101692542694277,0.02188592841140499,32
cpx,cpx_only,P_kbar,pwlr,ERT,pwlr_Al2O3_FeO_total,0.09060578210353025,0.03762127975871813,14
cpx,cpx_only,P_kbar,pwlr,ERT,pwlr_Al2O3_MnO,0.01244457728140178,0.014717698833138344,26
cpx,cpx_only,P_kbar,pwlr,ERT,pwlr_Al2O3_MgO,0.38383129009456185,0.038052970914060257,3
cpx,cpx_only,P_kbar,pwlr,ERT,pwlr_Al2O3_CaO,0.12694858739059517,0.04387907037547011,11
cpx,cpx_only,P_kbar,pwlr,ERT,pwlr_Al2O3_Na2O,0.9545952121163463,0.09126936438977094,1
cpx,cpx_only,P_kbar,pwlr,ERT,pwlr_Cr2O3_FeO_total,0.16694553998313424,0.056254959261942926,8
cpx,cpx_only,P_kbar,pwlr,ERT,pwlr_Cr2O3_MnO,-0.01604213214178731,0.009208092960011413,34
cpx,cpx_only,P_kbar,pwlr,ERT,pwlr_Cr2O3_MgO,-0.0059163490183694375,0.01356481821980184,29
cpx,cpx_only,P_kbar,pwlr,ERT,pwlr_Cr2O3_CaO,-0.008888972101594738,0.036458789360692974,31
cpx,cpx_only,P_kbar,pwlr,ERT,pwlr_Cr2O3_Na2O,-0.060503172881028265,0.047949599817532905,39
cpx,cpx_only,P_kbar,pwlr,ERT,pwlr_FeO_total_MnO,0.01296097575701367,0.02659340621800704,25
cpx,cpx_only,P_kbar,pwlr,ERT,pwlr_FeO_total_MgO,0.07050476924913607,0.018848482705326512,18
cpx,cpx_only,P_kbar,pwlr,ERT,pwlr_FeO_total_CaO,0.06255943929750077,0.01414307027586559,21
cpx,cpx_only,P_kbar,pwlr,ERT,pwlr_FeO_total_Na2O,0.08051558242274978,0.08784816144287576,16
cpx,cpx_only,P_kbar,pwlr,ERT,pwlr_MnO_MgO,-0.02855065716884564,0.02121097951573373,36
cpx,cpx_only,P_kbar,pwlr,ERT,pwlr_MnO_CaO,0.007013511467525468,0.021343283156020618,27
cpx,cpx_only,P_kbar,pwlr,ERT,pwlr_MnO_Na2O,-0.08407141487208883,0.04109779411954292,42
cpx,cpx_only,P_kbar,pwlr,ERT,pwlr_MgO_CaO,0.12357563339078492,0.030670852915901523,12
cpx,cpx_only,P_kbar,pwlr,ERT,pwlr_MgO_Na2O,-0.12056322885384611,0.04373394408097013,43
cpx,cpx_only,P_kbar,pwlr,ERT,pwlr_CaO_Na2O,0.3585464643818783,0.1338444753348788,4
cpx,cpx_only,P_kbar,pwlr,ERT,Mg_num_cpx,0.13770412779761818,0.026450215369342937,10
cpx,cpx_only,P_kbar,pwlr,ERT,Jd,0.43888216431107363,0.1610106491924607,2
cpx,cpx_only,P_kbar,pwlr,ERT,Di,0.041415933504304815,0.03753356812650549,22
cpx,cpx_only,P_kbar,pwlr,ERT,Aeg,0.15231071119551753,0.09930055987629713,9
cpx,cpx_only,P_kbar,pwlr,ERT,CaTs,0.21032848322296288,0.1655594460912785,6
cpx,cpx_only,P_kbar,pwlr,ERT,En_cpx,0.18291208721065616,0.04091361094226297,7
cpx,cpx_only,P_kbar,pwlr,ERT,Fs_cpx,0.0703465544399565,0.02011881805607765,19
cpx,cpx_only,P_kbar,raw,XGB,raw_SiO2,1.2908444356444648,0.19784367407429462,3
cpx,cpx_only,P_kbar,raw,XGB,raw_TiO2,-0.13510451679553642,0.09842545132204913,15
cpx,cpx_only,P_kbar,raw,XGB,raw_Al2O3,2.385129923570523,0.15923892900830114,2
cpx,cpx_only,P_kbar,raw,XGB,raw_Cr2O3,0.07571215602850749,0.07137284710551903,12
cpx,cpx_only,P_kbar,raw,XGB,raw_FeO_total,0.5159192669755334,0.07793957798688475,7
cpx,cpx_only,P_kbar,raw,XGB,raw_MnO,-0.12001551445772432,0.05449903709077621,14
cpx,cpx_only,P_kbar,raw,XGB,raw_MgO,0.20700678146630302,0.1611747663052605,11
cpx,cpx_only,P_kbar,raw,XGB,raw_CaO,-0.5078711468170022,0.13730925892866958,16
cpx,cpx_only,P_kbar,raw,XGB,raw_Na2O,2.768741515820029,0.44706498336172074,1
cpx,cpx_only,P_kbar,raw,XGB,Mg_num_cpx,0.34599823294577925,0.08374037253050307,8
cpx,cpx_only,P_kbar,raw,XGB,Jd,0.8060239374814142,0.20850050417546395,4
cpx,cpx_only,P_kbar,raw,XGB,Di,-0.04606699484016934,0.09160366328132792,13
cpx,cpx_only,P_kbar,raw,XGB,Aeg,0.7839981132194325,0.1860537261516147,5
cpx,cpx_only,P_kbar,raw,XGB,CaTs,0.23224228340392078,0.12999619750377392,10
cpx,cpx_only,P_kbar,raw,XGB,En_cpx,0.6788477428921686,0.06504368507367164,6
cpx,cpx_only,P_kbar,raw,XGB,Fs_cpx,0.2851765851266325,0.06074804909224157,9
cpx,cpx_only,P_kbar,raw,GB,raw_SiO2,1.9167970686095923,0.2041749132249064,2
cpx,cpx_only,P_kbar,raw,GB,raw_TiO2,0.47472350165017085,0.08518227143279532,4
cpx,cpx_only,P_kbar,raw,GB,raw_Al2O3,0.23538959191614373,0.07123296990883655,10
cpx,cpx_only,P_kbar,raw,GB,raw_Cr2O3,0.07425615455367493,0.044969142070422866,13
cpx,cpx_only,P_kbar,raw,GB,raw_FeO_total,0.2830157861405388,0.03207754185446484,9
cpx,cpx_only,P_kbar,raw,GB,raw_MnO,-0.06913073491170288,0.04746375948356048,15
cpx,cpx_only,P_kbar,raw,GB,raw_MgO,-0.11237973422455187,0.11446983965901791,16
cpx,cpx_only,P_kbar,raw,GB,raw_CaO,0.3842270375753457,0.07704125270196618,6
cpx,cpx_only,P_kbar,raw,GB,raw_Na2O,4.538867719480772,0.6783422977023225,1
cpx,cpx_only,P_kbar,raw,GB,Mg_num_cpx,0.3197780557130819,0.12727834886456652,8
cpx,cpx_only,P_kbar,raw,GB,Jd,0.19812316432812435,0.02363649041234778,11
cpx,cpx_only,P_kbar,raw,GB,Di,0.3507157639056412,0.08532797717945782,7
cpx,cpx_only,P_kbar,raw,GB,Aeg,1.0169325324168472,0.15989312942113135,3
cpx,cpx_only,P_kbar,raw,GB,CaTs,0.4361396617627541,0.2608684363736576,5
cpx,cpx_only,P_kbar,raw,GB,En_cpx,0.1893467374262526,0.05109534907838972,12
cpx,cpx_only,P_kbar,raw,GB,Fs_cpx,0.016981694235042522,0.031156173290451616,14
cpx,cpx_only,P_kbar,raw,CatBoost,raw_SiO2,0.46823471862717747,0.0935254763310438,3
cpx,cpx_only,P_kbar,raw,CatBoost,raw_TiO2,0.2696279717373452,0.04670465274522097,8
cpx,cpx_only,P_kbar,raw,CatBoost,raw_Al2O3,0.21155075872628243,0.05433875298964656,10
cpx,cpx_only,P_kbar,raw,CatBoost,raw_Cr2O3,-0.02899923351043219,0.04244288952248372,14
cpx,cpx_only,P_kbar,raw,CatBoost,raw_FeO_total,-0.03746943942076362,0.07029865221804923,15
cpx,cpx_only,P_kbar,raw,CatBoost,raw_MnO,0.05216751614143389,0.06053195557907232,12
cpx,cpx_only,P_kbar,raw,CatBoost,raw_MgO,-0.013068874104893258,0.05936997184382077,13
cpx,cpx_only,P_kbar,raw,CatBoost,raw_CaO,0.24400142446714587,0.0716594702529283,9
cpx,cpx_only,P_kbar,raw,CatBoost,raw_Na2O,1.1829231440218746,0.31702970472927483,1
cpx,cpx_only,P_kbar,raw,CatBoost,Mg_num_cpx,0.3676136818418099,0.0952671326275451,6
cpx,cpx_only,P_kbar,raw,CatBoost,Jd,0.4308879595691999,0.20093679013254415,4
cpx,cpx_only,P_kbar,raw,CatBoost,Di,0.36537196655404125,0.07023422581644158,7
cpx,cpx_only,P_kbar,raw,CatBoost,Aeg,1.0581728490173794,0.1943691811558467,2
cpx,cpx_only,P_kbar,raw,CatBoost,CaTs,0.37896171350163393,0.1588073182837266,5
cpx,cpx_only,P_kbar,raw,CatBoost,En_cpx,0.06123289456589367,0.024158726949996653,11
cpx,cpx_only,P_kbar,raw,CatBoost,Fs_cpx,-0.0404662605701545,0.06811477968143025,16
cpx,cpx_only,P_kbar,raw,LightGBM,raw_SiO2,1.0323168710812716,0.18653269566733013,2
cpx,cpx_only,P_kbar,raw,LightGBM,raw_TiO2,0.45814430226710623,0.10767540612347758,5
cpx,cpx_only,P_kbar,raw,LightGBM,raw_Al2O3,0.4417021669047562,0.10351199025667186,6
cpx,cpx_only,P_kbar,raw,LightGBM,raw_Cr2O3,0.06539206283419396,0.037820728750718124,13
cpx,cpx_only,P_kbar,raw,LightGBM,raw_FeO_total,0.05965697458269279,0.03800668838263763,14
cpx,cpx_only,P_kbar,raw,LightGBM,raw_MnO,-0.006158342782146331,0.047780689363628594,16
cpx,cpx_only,P_kbar,raw,LightGBM,raw_MgO,0.13326885038274217,0.12244310339291506,11
cpx,cpx_only,P_kbar,raw,LightGBM,raw_CaO,0.12926549894498773,0.10308391699337256,12
cpx,cpx_only,P_kbar,raw,LightGBM,raw_Na2O,2.3762914994598034,0.4465145048519192,1
cpx,cpx_only,P_kbar,raw,LightGBM,Mg_num_cpx,0.22807092005464363,0.08574109298582622,9
cpx,cpx_only,P_kbar,raw,LightGBM,Jd,0.02651959549328895,0.1464901917497159,15
cpx,cpx_only,P_kbar,raw,LightGBM,Di,0.2406569389713784,0.04817856354210083,8
cpx,cpx_only,P_kbar,raw,LightGBM,Aeg,0.8936763903131123,0.15611247995543692,3
cpx,cpx_only,P_kbar,raw,LightGBM,CaTs,0.8423535030913236,0.19202623351377715,4
cpx,cpx_only,P_kbar,raw,LightGBM,En_cpx,0.14251125764072475,0.06149274389778873,10
cpx,cpx_only,P_kbar,raw,LightGBM,Fs_cpx,0.2475390503223891,0.04041795179187239,7
cpx,cpx_only,P_kbar,pwlr,ElasticNet,pwlr_SiO2_TiO2,0.0,0.0,16
cpx,cpx_only,P_kbar,pwlr,ElasticNet,pwlr_SiO2_Al2O3,0.0,0.0,14
cpx,cpx_only,P_kbar,pwlr,ElasticNet,pwlr_SiO2_Cr2O3,0.0,0.0,15
cpx,cpx_only,P_kbar,pwlr,ElasticNet,pwlr_SiO2_FeO_total,0.0,0.0,32
cpx,cpx_only,P_kbar,pwlr,ElasticNet,pwlr_SiO2_MnO,0.0,0.0,13
cpx,cpx_only,P_kbar,pwlr,ElasticNet,pwlr_SiO2_MgO,0.0,0.0,27
cpx,cpx_only,P_kbar,pwlr,ElasticNet,pwlr_SiO2_CaO,-0.0858482287413084,0.014269752716165101,42
cpx,cpx_only,P_kbar,pwlr,ElasticNet,pwlr_SiO2_Na2O,0.0,0.0,12
cpx,cpx_only,P_kbar,pwlr,ElasticNet,pwlr_TiO2_Al2O3,0.0,0.0,28
cpx,cpx_only,P_kbar,pwlr,ElasticNet,pwlr_TiO2_Cr2O3,0.0,0.0,30
cpx,cpx_only,P_kbar,pwlr,ElasticNet,pwlr_TiO2_FeO_total,0.593418577842203,0.0894011371849262,4
cpx,cpx_only,P_kbar,pwlr,ElasticNet,pwlr_TiO2_MnO,0.0,0.0,11
cpx,cpx_only,P_kbar,pwlr,ElasticNet,pwlr_TiO2_MgO,0.0,0.0,29
cpx,cpx_only,P_kbar,pwlr,ElasticNet,pwlr_TiO2_CaO,0.0604019717773288,0.016124040239648342,8
cpx,cpx_only,P_kbar,pwlr,ElasticNet,pwlr_TiO2_Na2O,0.0842950327055089,0.022293895584999016,7
cpx,cpx_only,P_kbar,pwlr,ElasticNet,pwlr_Al2O3_Cr2O3,0.0,0.0,31
cpx,cpx_only,P_kbar,pwlr,ElasticNet,pwlr_Al2O3_FeO_total,0.0,0.0,18
cpx,cpx_only,P_kbar,pwlr,ElasticNet,pwlr_Al2O3_MnO,0.0,0.0,19
cpx,cpx_only,P_kbar,pwlr,ElasticNet,pwlr_Al2O3_MgO,0.0,0.0,20
cpx,cpx_only,P_kbar,pwlr,ElasticNet,pwlr_Al2O3_CaO,0.03793477557311622,0.01422892153593283,9
cpx,cpx_only,P_kbar,pwlr,ElasticNet,pwlr_Al2O3_Na2O,0.0,0.0,21
cpx,cpx_only,P_kbar,pwlr,ElasticNet,pwlr_Cr2O3_FeO_total,0.0,0.0,22
cpx,cpx_only,P_kbar,pwlr,ElasticNet,pwlr_Cr2O3_MnO,0.0,0.0,23
cpx,cpx_only,P_kbar,pwlr,ElasticNet,pwlr_Cr2O3_MgO,0.0,0.0,24
cpx,cpx_only,P_kbar,pwlr,ElasticNet,pwlr_Cr2O3_CaO,0.0,0.0,17
cpx,cpx_only,P_kbar,pwlr,ElasticNet,pwlr_Cr2O3_Na2O,0.0,0.0,26
cpx,cpx_only,P_kbar,pwlr,ElasticNet,pwlr_FeO_total_MnO,0.0,0.0,38
cpx,cpx_only,P_kbar,pwlr,ElasticNet,pwlr_FeO_total_MgO,0.0,0.0,37
cpx,cpx_only,P_kbar,pwlr,ElasticNet,pwlr_FeO_total_CaO,0.0,0.0,25
cpx,cpx_only,P_kbar,pwlr,ElasticNet,pwlr_FeO_total_Na2O,0.0,0.0,35
cpx,cpx_only,P_kbar,pwlr,ElasticNet,pwlr_MnO_MgO,0.0,0.0,36
cpx,cpx_only,P_kbar,pwlr,ElasticNet,pwlr_MnO_CaO,0.0,0.0,34
cpx,cpx_only,P_kbar,pwlr,ElasticNet,pwlr_MnO_Na2O,0.0,0.0,41
cpx,cpx_only,P_kbar,pwlr,ElasticNet,pwlr_MgO_CaO,-0.19826080401312582,0.02316767715505174,43
cpx,cpx_only,P_kbar,pwlr,ElasticNet,pwlr_MgO_Na2O,0.0,0.0,39
cpx,cpx_only,P_kbar,pwlr,ElasticNet,pwlr_CaO_Na2O,0.0,0.0,40
cpx,cpx_only,P_kbar,pwlr,ElasticNet,Mg_num_cpx,0.5671434081360893,0.08980297557498114,5
cpx,cpx_only,P_kbar,pwlr,ElasticNet,Jd,5.337694392804119,0.36150868641297423,1
cpx,cpx_only,P_kbar,pwlr,ElasticNet,Di,1.2137677523817385,0.07571924914615094,2
cpx,cpx_only,P_kbar,pwlr,ElasticNet,Aeg,1.0309874455037362,0.22672742262997073,3
cpx,cpx_only,P_kbar,pwlr,ElasticNet,CaTs,0.0,0.0,33
cpx,cpx_only,P_kbar,pwlr,ElasticNet,En_cpx,0.34538207605242804,0.02953050332725758,6
cpx,cpx_only,P_kbar,pwlr,ElasticNet,Fs_cpx,0.003632916922268059,0.01536551474978817,10
cpx,cpx_only,P_kbar,alr,MLP,alr_TiO2,1.4392117407504899,0.13589755530857256,8
cpx,cpx_only,P_kbar,alr,MLP,alr_Al2O3,0.840293863838012,0.13159998111127336,9
cpx,cpx_only,P_kbar,alr,MLP,alr_Cr2O3,0.5879184475541593,0.09943204512767823,10
cpx,cpx_only,P_kbar,alr,MLP,alr_FeO_total,3.142926354023318,0.3015193097368436,1
cpx,cpx_only,P_kbar,alr,MLP,alr_MnO,0.12948474836929638,0.06439615981578993,14
cpx,cpx_only,P_kbar,alr,MLP,alr_MgO,0.18281153075407303,0.11675725626493628,12
cpx,cpx_only,P_kbar,alr,MLP,alr_CaO,0.028958108172708386,0.07533966793690468,15
cpx,cpx_only,P_kbar,alr,MLP,alr_Na2O,0.4740167778193742,0.15620645244449652,11
cpx,cpx_only,P_kbar,alr,MLP,Mg_num_cpx,2.0272545899799654,0.2549802029703819,4
cpx,cpx_only,P_kbar,alr,MLP,Jd,2.7468029485665455,0.28443679351518847,2
cpx,cpx_only,P_kbar,alr,MLP,Di,2.4522727531734714,0.20116395013498203,3
cpx,cpx_only,P_kbar,alr,MLP,Aeg,1.5105336111150547,0.2123061203589571,7
cpx,cpx_only,P_kbar,alr,MLP,CaTs,1.9720984966840145,0.2724386876446532,5
cpx,cpx_only,P_kbar,alr,MLP,En_cpx,1.6316736157182334,0.1488588978526216,6
cpx,cpx_only,P_kbar,alr,MLP,Fs_cpx,0.13984061766773986,0.15209873504138904,13
