best_T_rmse,best_P_rmse
123.51190355522073,5.565630802601167
