target,unit,n_meas,n_vbd,median_meas_resid,median_vbd_resid,mannwhitney_U,p_value
T,C,134,70,46.196053940638876,44.27724213981497,4308.0,0.34057459978257953
P,kbar,134,70,2.2174563277100527,1.3520790951543695,6442.0,1.2118395576172528e-05
