target,unit,arc_mean,arc_median,arc_q25,arc_q75,arc_slope,arc_r,test_mean,test_median,test_q25,test_q75,test_slope,test_r,mean_diff,slope_diff
T,C,37.32083066806353,43.46585959179765,-1.2587828185976377,75.78902523191232,-0.050330298244242795,-0.0894121707994399,-5.534716193188871,-14.966346153846189,-48.5625,29.07568027210874,0.08843191807212397,0.11865990074927396,42.8555468612524,-0.13876221631636676
P,kbar,0.6928998130480111,1.1253290943945804,-0.5630875744106341,2.1623985794053393,-0.21445284192831626,-0.21430244112454974,-0.5076448031974443,0.0,-3.3083327313266184,1.2852812419441806,-0.09601678055721075,-0.11846234514536887,1.2005446162454554,-0.11843606137110552
