Method,n_T,T_RMSE,T_bias,n_P,P_RMSE,P_bias
ML opx-only (ours),327,113.25128443060358,78.4177742591542,327,5.55419795486793,2.1967014691481452
Jorgenson cpx-only,327,74.92109090377247,42.130532353520096,327,1.8412192312744102,0.3752548971431273
Putirka 2-px eq36/39,323,77.5685256520146,36.02831890879585,323,5.752949675822333,-2.328986708176896
