target,sigma_mean,sigma_median,sigma_p90,n_mc,n
T_C,13.4251416106225,11.39044724901036,29.868595019332478,200,174
P_kbar,1.525271442516553,1.097547352486968,3.3411496102728644,200,174
