target,n,pearson_r,pearson_p,spearman_r,spearman_p,slope,intercept,mean_resid_dry,mean_resid_wet
T_C,394,0.37729595175962155,8.92253778778312e-15,0.3555717017489966,3.4754764791741496e-13,6.704203691077789,-1.856810760422039,7.580189023939002,31.26111667226618
P_kbar,394,-0.20309185149812603,4.8894830624384184e-05,-0.1966575233047413,8.509540135026172e-05,-0.19446343536394076,1.4019341164987604,1.3595826291236168,0.41370123978050816
