feature,importance_P_alr,importance_T_alr,feature_set
alr_liq_Al2O3,7.47858649474701,6.7248327959890295,alr
Mg_num,2.74402747050453,2.472115519957935,alr
alr_liq_Na2O,2.7321865297468477,2.0283853638692864,alr
alr_liq_MgO,2.049426496674171,70.17056757981292,alr
alr_MnO,0.9489236233248607,3.7350888546615426,alr
alr_liq_TiO2,0.8752555275139172,1.4075143608832876,alr
alr_Al2O3,0.7024604957434513,1.0513027986564043,alr
En_frac,0.6264245327384883,1.8528833733916041,alr
Wo_frac,0.5409995418039268,3.0017786290282777,alr
alr_Cr2O3,0.44371426419629517,1.5394771668288842,alr
