strategy,model,target,track,feature_set,sample_idx,P_kbar_true,y_true,y_pred,regime,study_type
LOSO,ElasticNet,T_C,opx_liq,raw,0,12.496285693092789,1171.142857142857,1224.8341567777086,deep_crustal_MASH,other
LOSO,ElasticNet,T_C,opx_liq,raw,1,4.9849998950958,1052.0,1139.3955071283156,shallow_crustal,basalt
LOSO,ElasticNet,T_C,opx_liq,raw,2,0.001,1287.0,1280.4971756620603,shallow_crustal,other
LOSO,ElasticNet,T_C,opx_liq,raw,3,0.001,1209.0,1221.8076733582452,shallow_crustal,other
LOSO,ElasticNet,T_C,opx_liq,raw,4,3.0000001192093,875.0,972.4047569519423,shallow_crustal,metamorphic
LOSO,ElasticNet,T_C,opx_liq,raw,5,5.0,925.0,972.576063240461,deep_crustal_MASH,metamorphic
LOSO,ElasticNet,T_C,opx_liq,raw,6,3.0000001192093,925.0,1098.3139770449702,shallow_crustal,metamorphic
LOSO,ElasticNet,T_C,opx_liq,raw,7,1.0000000149012,940.0,998.3839858325616,shallow_crustal,arc_silicic
LOSO,ElasticNet,T_C,opx_liq,raw,8,1.0000000149012,925.0,1081.86349876657,shallow_crustal,arc_silicic
LOSO,ElasticNet,T_C,opx_liq,raw,9,11.00000001490115,1060.0,997.6062253243056,deep_crustal_MASH,other
LOSO,ElasticNet,T_C,opx_liq,raw,10,6.100000236183325,1056.5,1373.3456914437754,deep_crustal_MASH,other
LOSO,ElasticNet,T_C,opx_liq,raw,11,4.8249998688698,1150.0,1075.1858556282646,shallow_crustal,basalt
LOSO,ElasticNet,T_C,opx_liq,raw,12,2.0000000298022997,1020.0,981.1193838623767,shallow_crustal,other
LOSO,ElasticNet,T_C,opx_liq,raw,13,0.001,1281.0,1284.287539116912,shallow_crustal,other
LOSO,ElasticNet,T_C,opx_liq,raw,14,11.02628122898306,1213.15625,1244.4493189821371,deep_crustal_MASH,other
LOSO,ElasticNet,T_C,opx_liq,raw,15,35.66666682561233,1336.6666666666667,1393.0071364118553,deeper_mantle,other
LOSO,ElasticNet,T_C,opx_liq,raw,16,0.001,1202.0,1214.6980695451998,shallow_crustal,other
LOSO,ElasticNet,T_C,opx_liq,raw,17,5.0,1060.0,1030.973610856231,deep_crustal_MASH,other
LOSO,ElasticNet,T_C,opx_liq,raw,18,11.119025624851448,1196.5897435897436,1298.243936709717,deep_crustal_MASH,other
LOSO,ElasticNet,T_C,opx_liq,raw,19,8.78518178494235,1221.2727272727273,1389.5275933555808,deep_crustal_MASH,mantle_melting
LOSO,ElasticNet,T_C,opx_liq,raw,20,9.275884610137489,1154.6923076923076,1076.02213133747,deep_crustal_MASH,mantle_melting
LOSO,ElasticNet,T_C,opx_liq,raw,21,10.399999991059305,840.0,1106.4101604616842,deep_crustal_MASH,basalt
LOSO,ElasticNet,T_C,opx_liq,raw,22,15.0,1300.0,1287.6601211968457,lithospheric_mantle,mantle_melting
LOSO,ElasticNet,T_C,opx_liq,raw,23,12.28362969507237,1109.5185185185185,1370.3264252689532,deep_crustal_MASH,mantle_melting
LOSO,ElasticNet,T_C,opx_liq,raw,24,10.0,1125.0,1106.437839544851,deep_crustal_MASH,basalt
LOSO,ElasticNet,T_C,opx_liq,raw,25,0.00099999997473788,1085.0,1107.9878124964716,shallow_crustal,basalt
LOSO,ElasticNet,T_C,opx_liq,raw,26,12.56707144985703,1110.142857142857,1377.0501164925722,deep_crustal_MASH,mantle_melting
LOSO,ElasticNet,T_C,opx_liq,raw,27,8.086285725460572,1187.095238095238,1209.371370959573,deep_crustal_MASH,basalt
LOSO,ElasticNet,T_C,opx_liq,raw,28,7.659611106178159,1149.2222222222222,949.5482651663897,deep_crustal_MASH,basalt
LOSO,ElasticNet,T_C,opx_liq,raw,29,20.0,1500.0,1449.706721435031,lithospheric_mantle,partitioning
LOSO,ElasticNet,T_C,opx_liq,raw,30,5.0,900.0,949.73969212835,deep_crustal_MASH,metamorphic
LOSO,ElasticNet,T_C,opx_liq,raw,31,10.0,1125.0,1106.0835771329735,deep_crustal_MASH,basalt
LOSO,ElasticNet,T_C,opx_liq,raw,32,30.0,1530.0,1469.4809687367022,deeper_mantle,mantle_melting
LOSO,ElasticNet,T_C,opx_liq,raw,33,30.0,1580.0,1481.259669099662,deeper_mantle,mantle_melting
LOSO,ElasticNet,T_C,opx_liq,raw,34,7.195500025760334,1121.95,1047.9818405396254,deep_crustal_MASH,basalt
LOSO,ElasticNet,T_C,opx_liq,raw,35,5.369384613849325,1141.7692307692307,1285.7104212231711,deep_crustal_MASH,arc_silicic
LOSO,ElasticNet,T_C,opx_liq,raw,36,30.0,1550.0,1519.0964432757473,deeper_mantle,partitioning
LOSO,ElasticNet,T_C,opx_liq,raw,37,20.0,1410.0,1457.8835093418586,lithospheric_mantle,basalt
LOSO,ElasticNet,T_C,opx_liq,raw,38,40.0,1660.0,1545.5499230695518,deeper_mantle,mantle_melting
LOSO,ElasticNet,T_C,opx_liq,raw,39,40.0,1610.0,1575.8026429725967,deeper_mantle,mantle_melting
LOSO,ElasticNet,T_C,opx_liq,raw,40,45.0,1650.0,1626.4021792542849,deeper_mantle,mantle_melting
LOSO,ElasticNet,T_C,opx_liq,raw,41,6.469000022348593,1128.0,1044.8599473374582,deep_crustal_MASH,mantle_melting
LOSO,ElasticNet,T_C,opx_liq,raw,42,7.022909071941695,1062.6363636363637,1060.881795218791,deep_crustal_MASH,mantle_melting
LOSO,ElasticNet,T_C,opx_liq,raw,43,10.0,1300.0,1222.3975321550388,deep_crustal_MASH,MORB
LOSO,ElasticNet,T_C,opx_liq,raw,44,10.0,1350.0,1246.9468667864855,deep_crustal_MASH,MORB
LOSO,ElasticNet,T_C,opx_liq,raw,45,20.0,1450.0,1403.5587926562944,lithospheric_mantle,MORB
LOSO,ElasticNet,T_C,opx_liq,raw,46,7.87644445708062,1085.6666666666667,1033.0009620662292,deep_crustal_MASH,mantle_melting
LOSO,ElasticNet,T_C,opx_liq,raw,47,9.693111129707756,1148.4444444444443,966.301232315543,deep_crustal_MASH,arc_silicic
LOSO,ElasticNet,T_C,opx_liq,raw,48,10.0,1270.0,1250.6569282955827,deep_crustal_MASH,mantle_melting
LOSO,ElasticNet,T_C,opx_liq,raw,49,15.250125059604626,1156.875,1265.0456012791951,lithospheric_mantle,mantle_melting
LOSO,ElasticNet,T_C,opx_liq,raw,50,17.999999952316198,1096.0,1435.5972759623896,lithospheric_mantle,mantle_melting
LOSO,ElasticNet,T_C,opx_liq,raw,51,60.0,1770.0,1636.7837108687154,deeper_mantle,mantle_melting
LOSO,ElasticNet,T_C,opx_liq,raw,52,1.1000000126659748,912.5,1028.5536523043575,shallow_crustal,other
LOSO,ElasticNet,T_C,opx_liq,raw,53,0.0010132500028703,1137.0,1134.4203483723595,shallow_crustal,basalt
LOSO,ElasticNet,T_C,opx_liq,raw,54,0.0010132500028703,1106.0,1041.203706761629,shallow_crustal,basalt
LOSO,ElasticNet,T_C,opx_liq,raw,55,0.00099999997473788,1140.0,1135.8900968838252,shallow_crustal,arc_silicic
LOSO,ElasticNet,T_C,opx_liq,raw,56,6.666999999991579,1262.3333333333333,1360.0859532611812,deep_crustal_MASH,other
LOSO,ElasticNet,T_C,opx_liq,raw,57,7.500499999987369,1220.5,1349.4461451089155,deep_crustal_MASH,other
LOSO,ElasticNet,T_C,opx_liq,raw,58,15.0,1350.0,1394.262536112352,lithospheric_mantle,other
LOSO,ElasticNet,T_C,opx_liq,raw,59,7.500499999987369,1237.5,1386.0996226222328,deep_crustal_MASH,other
LOSO,ElasticNet,T_C,opx_liq,raw,60,15.0,1400.0,1408.5099282081096,lithospheric_mantle,other
LOSO,ElasticNet,T_C,opx_liq,raw,61,10.0,1275.0,1302.5523955800038,deep_crustal_MASH,other
LOSO,ElasticNet,T_C,opx_liq,raw,62,10.000333333324912,1261.3333333333333,1275.1303822740892,deep_crustal_MASH,other
LOSO,ElasticNet,T_C,opx_liq,raw,63,13.500000238418501,1330.0,1330.3819574951447,deep_crustal_MASH,other
LOSO,ElasticNet,T_C,opx_liq,raw,64,6.666999999991579,1264.3333333333333,1325.9822550071362,deep_crustal_MASH,other
LOSO,ElasticNet,T_C,opx_liq,raw,65,20.0,1400.0,1322.4338521186496,lithospheric_mantle,other
LOSO,ElasticNet,T_C,opx_liq,raw,66,15.0,1320.0,1305.3449747786408,lithospheric_mantle,basalt
LOSO,ElasticNet,T_C,opx_liq,raw,67,25.0,1400.0,1331.230281472131,lithospheric_mantle,basalt
LOSO,ElasticNet,T_C,opx_liq,raw,68,20.0,1350.0,1303.4349792349471,lithospheric_mantle,basalt
LOSO,ElasticNet,T_C,opx_liq,raw,69,8.0,1250.0,1276.0223202673526,deep_crustal_MASH,basalt
LOSO,ElasticNet,T_C,opx_liq,raw,70,20.0,1450.0,1452.2734799270086,lithospheric_mantle,other
LOSO,ElasticNet,T_C,opx_liq,raw,71,21.0,1340.0,1417.850413695844,lithospheric_mantle,other
LOSO,ElasticNet,T_C,opx_liq,raw,72,20.0,1340.0,1431.0982035213929,lithospheric_mantle,other
LOSO,ElasticNet,T_C,opx_liq,raw,73,21.0,1425.0,1388.668880644093,lithospheric_mantle,other
LOSO,ElasticNet,T_C,opx_liq,raw,74,27.999999523163,1530.0,1480.5890090377025,lithospheric_mantle,other
LOSO,ElasticNet,T_C,opx_liq,raw,75,38.9999997615815,1602.5,1461.7609918965277,deeper_mantle,other
LOSO,ElasticNet,T_C,opx_liq,raw,76,9.3000000715256,1000.0,999.2731665120626,deep_crustal_MASH,basalt
LOSO,ElasticNet,T_C,opx_liq,raw,77,9.3000000715256,1040.0,1078.2360326268201,deep_crustal_MASH,basalt
LOSO,ElasticNet,T_C,opx_liq,raw,78,12.000000476837,1360.0,1315.579532893074,deep_crustal_MASH,other
LOSO,ElasticNet,T_C,opx_liq,raw,79,30.0,1445.0,1442.0370138199305,deeper_mantle,mantle_melting
LOSO,ElasticNet,T_C,opx_liq,raw,80,30.0,1440.0,1420.5219126120905,deeper_mantle,mantle_melting
LOSO,ElasticNet,T_C,opx_liq,raw,81,30.0,1465.0,1491.7547390947332,deeper_mantle,mantle_melting
LOSO,ElasticNet,T_C,opx_liq,raw,82,30.0,1465.0,1470.055951599523,deeper_mantle,mantle_melting
LOSO,ElasticNet,T_C,opx_liq,raw,83,30.0,1465.0,1494.037259230268,deeper_mantle,mantle_melting
LOSO,ElasticNet,T_C,opx_liq,raw,84,30.0,1440.0,1456.8910958587255,deeper_mantle,mantle_melting
LOSO,ElasticNet,T_C,opx_liq,raw,85,30.0,1470.0,1469.3958345755382,deeper_mantle,mantle_melting
LOSO,ElasticNet,T_C,opx_liq,raw,86,30.0,1440.0,1458.212845362837,deeper_mantle,mantle_melting
LOSO,ElasticNet,T_C,opx_liq,raw,87,30.0,1470.0,1472.8624310693815,deeper_mantle,mantle_melting
LOSO,ElasticNet,T_C,opx_liq,raw,88,30.0,1470.0,1461.204343606717,deeper_mantle,mantle_melting
LOSO,ElasticNet,T_C,opx_liq,raw,89,22.0,1400.0,1351.6919934572304,lithospheric_mantle,basalt
LOSO,ElasticNet,T_C,opx_liq,raw,90,30.0,1430.0,1431.4199557986703,deeper_mantle,mantle_melting
LOSO,ElasticNet,T_C,opx_liq,raw,91,30.0,1400.0,1424.292810550115,deeper_mantle,basalt
LOSO,ElasticNet,T_C,opx_liq,raw,92,30.0,1435.0,1454.022600988197,deeper_mantle,mantle_melting
LOSO,ElasticNet,T_C,opx_liq,raw,93,30.0,1430.0,1430.3769000846755,deeper_mantle,mantle_melting
LOSO,ElasticNet,T_C,opx_liq,raw,94,25.0,1450.0,1399.6264547808732,lithospheric_mantle,basalt
LOSO,ElasticNet,T_C,opx_liq,raw,95,20.0,1375.0,1356.9715099669975,lithospheric_mantle,basalt
LOSO,ElasticNet,T_C,opx_liq,raw,96,8.0,1230.0,1258.7035460741454,deep_crustal_MASH,basalt
LOSO,ElasticNet,T_C,opx_liq,raw,97,30.0,1430.0,1366.084154548809,deeper_mantle,basalt
LOSO,ElasticNet,T_C,opx_liq,raw,98,30.0,1450.0,1473.3634771454663,deeper_mantle,mantle_melting
LOSO,ElasticNet,T_C,opx_liq,raw,99,30.0,1450.0,1480.7776027900288,deeper_mantle,mantle_melting
LOSO,ElasticNet,T_C,opx_liq,raw,100,10.0,900.0,871.5227848105651,deep_crustal_MASH,metamorphic
LOSO,ElasticNet,T_C,opx_liq,raw,101,10.0,925.0,925.05600322873,deep_crustal_MASH,metamorphic
LOSO,ElasticNet,T_C,opx_liq,raw,102,10.0,950.0,916.5789217434113,deep_crustal_MASH,metamorphic
LOSO,ElasticNet,T_C,opx_liq,raw,103,6.999999880790701,950.0,936.5285078514278,deep_crustal_MASH,metamorphic
LOSO,ElasticNet,T_C,opx_liq,raw,104,10.0,1000.0,964.6475907142009,deep_crustal_MASH,metamorphic
LOSO,ElasticNet,T_C,opx_liq,raw,105,15.0,950.0,976.1184802583316,lithospheric_mantle,metamorphic
LOSO,ElasticNet,T_C,opx_liq,raw,106,10.0,910.0,949.2031681962071,deep_crustal_MASH,metamorphic
LOSO,ElasticNet,T_C,opx_liq,raw,107,6.999999880790701,900.0,902.9199575800378,deep_crustal_MASH,metamorphic
LOSO,ElasticNet,T_C,opx_liq,raw,108,6.999999880790701,938.0,951.9818593464154,deep_crustal_MASH,metamorphic
LOSO,ElasticNet,T_C,opx_liq,raw,109,12.5,930.0,954.3942347266141,deep_crustal_MASH,metamorphic
LOSO,ElasticNet,T_C,opx_liq,raw,110,10.0,975.0,966.7839384130689,deep_crustal_MASH,metamorphic
LOSO,ElasticNet,T_C,opx_liq,raw,111,10.0,1000.0,970.5782030621026,deep_crustal_MASH,metamorphic
LOSO,ElasticNet,T_C,opx_liq,raw,112,6.999999880790701,1000.0,1012.5140564743614,deep_crustal_MASH,basalt
LOSO,ElasticNet,T_C,opx_liq,raw,113,5.0,1000.0,984.6104603370468,deep_crustal_MASH,basalt
LOSO,ElasticNet,T_C,opx_liq,raw,114,12.000000476837,1300.0,1037.6933204689615,deep_crustal_MASH,basalt
LOSO,ElasticNet,T_C,opx_liq,raw,115,21.800000667572,1460.0,1473.0045608753144,lithospheric_mantle,other
LOSO,ElasticNet,T_C,opx_liq,raw,116,12.89999961853,1385.0,1409.8829978629728,deep_crustal_MASH,other
LOSO,ElasticNet,T_C,opx_liq,raw,117,27.999999523163,1550.0,1495.0663735014323,lithospheric_mantle,other
LOSO,ElasticNet,T_C,opx_liq,raw,118,16.000000238419002,1255.0,1317.5584790701257,lithospheric_mantle,mantle_melting
LOSO,ElasticNet,T_C,opx_liq,raw,119,12.000000238418501,1315.0,1331.0712685543824,deep_crustal_MASH,mantle_melting
LOSO,ElasticNet,T_C,opx_liq,raw,120,11.000000238418501,1215.0,1334.5496227972712,deep_crustal_MASH,mantle_melting
LOSO,ElasticNet,T_C,opx_liq,raw,121,16.000000238419002,1355.0,1360.5286896542727,lithospheric_mantle,mantle_melting
LOSO,ElasticNet,T_C,opx_liq,raw,122,12.000000476837,1345.0,1335.0917185447593,deep_crustal_MASH,mantle_melting
LOSO,ElasticNet,T_C,opx_liq,raw,123,12.000000476837,1215.0,1271.5672253957932,deep_crustal_MASH,mantle_melting
LOSO,ElasticNet,T_C,opx_liq,raw,124,12.000000476837,1230.0,1307.4541091880167,deep_crustal_MASH,mantle_melting
LOSO,ElasticNet,T_C,opx_liq,raw,125,12.000000238418501,1185.0,1248.9318382592826,deep_crustal_MASH,mantle_melting
LOSO,ElasticNet,T_C,opx_liq,raw,126,12.000000476837,1200.0,1265.7453100364355,deep_crustal_MASH,mantle_melting
LOSO,ElasticNet,T_C,opx_liq,raw,127,12.000000476837,1245.0,1306.1470195681468,deep_crustal_MASH,mantle_melting
LOSO,ElasticNet,T_C,opx_liq,raw,128,16.000000238419002,1245.0,1311.9854831634384,lithospheric_mantle,mantle_melting
LOSO,ElasticNet,T_C,opx_liq,raw,129,16.000000238419002,1260.0,1311.4970267271524,lithospheric_mantle,mantle_melting
LOSO,ElasticNet,T_C,opx_liq,raw,130,20.0,1290.0,1359.8486189824787,lithospheric_mantle,mantle_melting
LOSO,ElasticNet,T_C,opx_liq,raw,131,16.000000119209503,1230.0,1317.0829723496029,lithospheric_mantle,mantle_melting
LOSO,ElasticNet,T_C,opx_liq,raw,132,12.000000476837,1200.0,1262.9409515793006,deep_crustal_MASH,mantle_melting
LOSO,ElasticNet,T_C,opx_liq,raw,133,12.000000476837,1200.0,1262.678544380952,deep_crustal_MASH,mantle_melting
LOSO,ElasticNet,T_C,opx_liq,raw,134,12.000000476837,1170.0,1238.6564674498868,deep_crustal_MASH,mantle_melting
LOSO,ElasticNet,T_C,opx_liq,raw,135,16.000000119209503,1370.0,1379.447679987624,lithospheric_mantle,mantle_melting
LOSO,ElasticNet,T_C,opx_liq,raw,136,15.0,1400.0,1341.612645556457,lithospheric_mantle,basalt
LOSO,ElasticNet,T_C,opx_liq,raw,137,20.0,1275.0,1344.5756892409909,lithospheric_mantle,mantle_melting
LOSO,ElasticNet,T_C,opx_liq,raw,138,0.0010132500028703,1202.0,1232.2823802551015,shallow_crustal,basalt
LOSO,ElasticNet,T_C,opx_liq,raw,139,12.000000476837,1200.0,1263.0497797298501,deep_crustal_MASH,mantle_melting
LOSO,ElasticNet,T_C,opx_liq,raw,140,12.000000476837,1185.0,1264.8423008238187,deep_crustal_MASH,mantle_melting
LOSO,ElasticNet,T_C,opx_liq,raw,141,12.0,1325.0,1305.578766418483,deep_crustal_MASH,basalt
LOSO,ElasticNet,T_C,opx_liq,raw,142,15.0,1365.0,1346.364851042476,lithospheric_mantle,basalt
LOSO,ElasticNet,T_C,opx_liq,raw,143,17.0,1365.0,1319.7190758267377,lithospheric_mantle,basalt
LOSO,ElasticNet,T_C,opx_liq,raw,144,8.0,1250.0,1258.336542651881,deep_crustal_MASH,basalt
LOSO,ElasticNet,T_C,opx_liq,raw,145,28.0,1430.0,1362.7009852051583,lithospheric_mantle,basalt
LOSO,ElasticNet,T_C,opx_liq,raw,146,10.0,1320.0,1331.0716389716072,deep_crustal_MASH,basalt
LOSO,ElasticNet,T_C,opx_liq,raw,147,12.000000476837,1150.0,1146.593608946423,deep_crustal_MASH,arc_silicic
LOSO,ElasticNet,T_C,opx_liq,raw,148,12.000000476837,1150.0,1175.845275609053,deep_crustal_MASH,arc_silicic
LOSO,ElasticNet,T_C,opx_liq,raw,149,12.000000476837,1150.0,1127.7184730030895,deep_crustal_MASH,arc_silicic
LOSO,ElasticNet,T_C,opx_liq,raw,150,12.000000476837,1190.0,1219.1177771670536,deep_crustal_MASH,arc_silicic
LOSO,ElasticNet,T_C,opx_liq,raw,151,12.000000476837,1190.0,1189.6957715661038,deep_crustal_MASH,arc_silicic
LOSO,ElasticNet,T_C,opx_liq,raw,152,12.000000476837,1190.0,1171.9315543170162,deep_crustal_MASH,arc_silicic
LOSO,ElasticNet,T_C,opx_liq,raw,153,12.000000476837,1110.0,1108.263546741714,deep_crustal_MASH,arc_silicic
LOSO,ElasticNet,T_C,opx_liq,raw,154,12.000000476837,1110.0,1121.8810129090875,deep_crustal_MASH,arc_silicic
LOSO,ElasticNet,T_C,opx_liq,raw,155,12.000000476837,1210.0,1207.9002399888043,deep_crustal_MASH,arc_silicic
LOSO,ElasticNet,T_C,opx_liq,raw,156,12.000000476837,1230.0,1222.7214830011399,deep_crustal_MASH,arc_silicic
LOSO,ElasticNet,T_C,opx_liq,raw,157,0.0010132500028703,1191.0,1226.4135287087242,shallow_crustal,basalt
LOSO,ElasticNet,T_C,opx_liq,raw,158,0.0010132500028703,1202.0,1223.5849569092736,shallow_crustal,basalt
LOSO,ElasticNet,T_C,opx_liq,raw,159,12.000000476837,1150.0,1107.859257477578,deep_crustal_MASH,arc_silicic
LOSO,ElasticNet,T_C,opx_liq,raw,160,12.000000476837,1070.0,1053.8384827220018,deep_crustal_MASH,arc_silicic
LOSO,ElasticNet,T_C,opx_liq,raw,161,12.000000476837,1190.0,1157.3436749356638,deep_crustal_MASH,arc_silicic
LOSO,ElasticNet,T_C,opx_liq,raw,162,12.000000476837,1230.0,1207.7875913072442,deep_crustal_MASH,arc_silicic
LOSO,ElasticNet,T_C,opx_liq,raw,163,12.000000476837,1110.0,1081.547538061822,deep_crustal_MASH,arc_silicic
LOSO,ElasticNet,T_C,opx_liq,raw,164,12.000000476837,1070.0,1054.9063360520772,deep_crustal_MASH,arc_silicic
LOSO,ElasticNet,T_C,opx_liq,raw,165,12.000000476837,1230.0,1225.4460311595055,deep_crustal_MASH,arc_silicic
LOSO,ElasticNet,T_C,opx_liq,raw,166,12.000000476837,1030.0,1030.4315421897072,deep_crustal_MASH,arc_silicic
LOSO,ElasticNet,T_C,opx_liq,raw,167,12.000000476837,1230.0,1215.2431704591932,deep_crustal_MASH,arc_silicic
LOSO,ElasticNet,T_C,opx_liq,raw,168,20.0,1425.0,1412.1818115723693,lithospheric_mantle,mantle_melting
LOSO,ElasticNet,T_C,opx_liq,raw,169,20.0,1425.0,1393.3418999581395,lithospheric_mantle,mantle_melting
LOSO,ElasticNet,T_C,opx_liq,raw,170,20.0,1425.0,1403.1714172345573,lithospheric_mantle,mantle_melting
LOSO,ElasticNet,T_C,opx_liq,raw,171,10.0,1280.0,1246.8621463193851,deep_crustal_MASH,mantle_melting
LOSO,ElasticNet,T_C,opx_liq,raw,172,10.0,1250.0,1198.0050935039935,deep_crustal_MASH,mantle_melting
LOSO,ElasticNet,T_C,opx_liq,raw,173,10.0,1260.0,1228.538797482158,deep_crustal_MASH,mantle_melting
LOSO,ElasticNet,T_C,opx_liq,raw,174,24.0,1440.0,1399.6928043091793,lithospheric_mantle,mantle_melting
LOSO,ElasticNet,T_C,opx_liq,raw,175,26.0,1440.0,1351.5162682907066,lithospheric_mantle,mantle_melting
LOSO,ElasticNet,T_C,opx_liq,raw,176,24.0,1420.0,1362.3454721679018,lithospheric_mantle,mantle_melting
LOSO,ElasticNet,T_C,opx_liq,raw,177,22.0,1420.0,1396.8015892166013,lithospheric_mantle,mantle_melting
LOSO,ElasticNet,T_C,opx_liq,raw,178,22.0,1410.0,1395.399357992192,lithospheric_mantle,mantle_melting
LOSO,ElasticNet,T_C,opx_liq,raw,179,20.0,1325.0,1134.6352868076876,lithospheric_mantle,arc_silicic
LOSO,ElasticNet,T_C,opx_liq,raw,180,20.0,1350.0,1206.0900467346617,lithospheric_mantle,arc_silicic
LOSO,ElasticNet,T_C,opx_liq,raw,181,5.0,1100.0,1151.7987208967668,deep_crustal_MASH,arc_silicic
LOSO,ElasticNet,T_C,opx_liq,raw,182,2.1299999952316,876.0,920.0227074866727,shallow_crustal,arc_silicic
LOSO,ElasticNet,T_C,opx_liq,raw,183,10.0,925.0,1038.8826090036737,deep_crustal_MASH,basalt
LOSO,ElasticNet,T_C,opx_liq,raw,184,12.000000476837,1150.0,1146.4705813209482,deep_crustal_MASH,mantle_melting
LOSO,ElasticNet,T_C,opx_liq,raw,185,10.0,1250.0,1201.764046267088,deep_crustal_MASH,arc_silicic
LOSO,ElasticNet,T_C,opx_liq,raw,186,10.0,1225.0,1151.3372897831355,deep_crustal_MASH,arc_silicic
LOSO,ElasticNet,T_C,opx_liq,raw,187,10.0,1175.0,1130.7396782161711,deep_crustal_MASH,arc_silicic
LOSO,ElasticNet,T_C,opx_liq,raw,188,10.0,1275.0,1259.1858471486935,deep_crustal_MASH,arc_silicic
LOSO,ElasticNet,T_C,opx_liq,raw,189,15.0,1275.0,1185.2674429752424,lithospheric_mantle,arc_silicic
LOSO,ElasticNet,T_C,opx_liq,raw,190,12.000000476837,1225.0,1117.0867515709338,deep_crustal_MASH,arc_silicic
LOSO,ElasticNet,T_C,opx_liq,raw,191,15.0,1300.0,1269.4332992406605,lithospheric_mantle,arc_silicic
LOSO,ElasticNet,T_C,opx_liq,raw,192,15.0,1340.0,1448.3522551892684,lithospheric_mantle,other
LOSO,ElasticNet,T_C,opx_liq,raw,193,0.00099999997473788,1270.0,1315.1168244014832,shallow_crustal,other
LOSO,ElasticNet,T_C,opx_liq,raw,194,10.0,1270.0,1191.0751886705052,deep_crustal_MASH,other
LOSO,ElasticNet,T_C,opx_liq,raw,195,10.0,1260.0,1198.8281158811374,deep_crustal_MASH,other
LOSO,ElasticNet,T_C,opx_liq,raw,196,10.0,1360.0,1331.7116400225145,deep_crustal_MASH,other
LOSO,ElasticNet,T_C,opx_liq,raw,197,10.0,1330.0,1277.5209019350555,deep_crustal_MASH,other
LOSO,ElasticNet,T_C,opx_liq,raw,198,10.0,1300.0,1231.1500207421716,deep_crustal_MASH,other
LOSO,ElasticNet,T_C,opx_liq,raw,199,10.0,1375.0,1339.994985188635,deep_crustal_MASH,other
LOSO,ElasticNet,T_C,opx_liq,raw,200,10.0,1330.0,1263.9217528110753,deep_crustal_MASH,other
LOSO,ElasticNet,T_C,opx_liq,raw,201,10.0,1300.0,1259.0847217300557,deep_crustal_MASH,other
LOSO,ElasticNet,T_C,opx_liq,raw,202,10.0,1360.0,1319.339628846209,deep_crustal_MASH,other
LOSO,ElasticNet,T_C,opx_liq,raw,203,10.0,1270.0,1227.786837474365,deep_crustal_MASH,other
LOSO,ElasticNet,T_C,opx_liq,raw,204,10.0,1315.0,1231.8096979467039,deep_crustal_MASH,other
LOSO,ElasticNet,T_C,opx_liq,raw,205,10.0,1300.0,1244.955062912926,deep_crustal_MASH,other
LOSO,ElasticNet,T_C,opx_liq,raw,206,10.0,1390.0,1365.9741973290713,deep_crustal_MASH,other
LOSO,ElasticNet,T_C,opx_liq,raw,207,10.0,1270.0,1231.1847208049417,deep_crustal_MASH,other
LOSO,ElasticNet,T_C,opx_liq,raw,208,20.0,1380.0,1385.1167681567883,lithospheric_mantle,mantle_melting
LOSO,ElasticNet,T_C,opx_liq,raw,209,2.5,850.0,899.4645962348745,shallow_crustal,other
LOSO,ElasticNet,T_C,opx_liq,raw,210,2.5,850.0,902.885006546218,shallow_crustal,other
LOSO,ElasticNet,T_C,opx_liq,raw,211,2.5,850.0,885.8061415019793,shallow_crustal,other
LOSO,ElasticNet,T_C,opx_liq,raw,212,1.5000000596046001,850.0,889.1642492218416,shallow_crustal,other
LOSO,ElasticNet,T_C,opx_liq,raw,213,1.5000000596046001,850.0,898.3984399491216,shallow_crustal,other
LOSO,ElasticNet,T_C,opx_liq,raw,214,1.5000000596046001,850.0,892.3144859438861,shallow_crustal,other
LOSO,ElasticNet,T_C,opx_liq,raw,215,1.5000000596046001,850.0,903.3392330051277,shallow_crustal,other
LOSO,ElasticNet,T_C,opx_liq,raw,216,10.0,925.0,849.0001394872311,deep_crustal_MASH,other
LOSO,ElasticNet,T_C,opx_liq,raw,217,10.0,950.0,865.1228014601562,deep_crustal_MASH,other
LOSO,ElasticNet,T_C,opx_liq,raw,218,10.0,975.0,870.7908608691911,deep_crustal_MASH,other
LOSO,ElasticNet,T_C,opx_liq,raw,219,10.0,900.0,844.1502907016625,deep_crustal_MASH,other
LOSO,ElasticNet,T_C,opx_liq,raw,220,12.5,925.0,913.1509472979609,deep_crustal_MASH,other
LOSO,ElasticNet,T_C,opx_liq,raw,221,10.0,1050.0,931.6792722425077,deep_crustal_MASH,other
LOSO,ElasticNet,T_C,opx_liq,raw,222,10.0,1290.0,1263.186064609265,deep_crustal_MASH,basalt
LOSO,ElasticNet,T_C,opx_liq,raw,223,15.0,1340.0,1288.0366444594017,lithospheric_mantle,basalt
LOSO,ElasticNet,T_C,opx_liq,raw,224,15.0,1355.0,1333.7870097500652,lithospheric_mantle,basalt
LOSO,ElasticNet,T_C,opx_liq,raw,225,4.0479999780655005,995.0,1063.815523790237,shallow_crustal,arc_silicic
LOSO,ElasticNet,T_C,opx_liq,raw,226,3.9489999413490002,1016.0,1096.8289349444944,shallow_crustal,arc_silicic
LOSO,ElasticNet,T_C,opx_liq,raw,227,4.2699998617172,1000.0,1074.9309051516784,shallow_crustal,arc_silicic
LOSO,ElasticNet,T_C,opx_liq,raw,228,10.0,1250.0,1230.4989790747654,deep_crustal_MASH,other
LOSO,ElasticNet,T_C,opx_liq,raw,229,11.499999761580998,1275.0,1240.858305606413,deep_crustal_MASH,other
LOSO,ElasticNet,T_C,opx_liq,raw,230,6.999999880790701,1200.0,1217.972884650059,deep_crustal_MASH,other
LOSO,ElasticNet,T_C,opx_liq,raw,231,20.0,1350.0,1323.3402563867514,lithospheric_mantle,arc_silicic
LOSO,ElasticNet,T_C,opx_liq,raw,232,15.0,1250.0,1273.3859408700296,lithospheric_mantle,arc_silicic
LOSO,ElasticNet,T_C,opx_liq,raw,233,15.0,1250.0,1286.664368869569,lithospheric_mantle,arc_silicic
LOSO,ElasticNet,T_C,opx_liq,raw,234,0.0010132500028703,1186.0,1215.630641763276,shallow_crustal,basalt
LOSO,ElasticNet,T_C,opx_liq,raw,235,0.0010132500028703,1186.0,1228.808242222662,shallow_crustal,basalt
LOSO,ElasticNet,T_C,opx_liq,raw,236,0.0010132500028703,1176.0,1238.8312184848705,shallow_crustal,basalt
LOSO,ElasticNet,T_C,opx_liq,raw,237,0.0010132500028703,1186.0,1250.171953400816,shallow_crustal,basalt
LOSO,ElasticNet,T_C,opx_liq,raw,238,10.0,1285.0,1291.7615335946443,deep_crustal_MASH,mantle_melting
LOSO,ElasticNet,T_C,opx_liq,raw,239,10.0,1390.0,1404.6468640461271,deep_crustal_MASH,mantle_melting
LOSO,ElasticNet,T_C,opx_liq,raw,240,10.0,1360.0,1357.3419178109536,deep_crustal_MASH,mantle_melting
LOSO,ElasticNet,T_C,opx_liq,raw,241,10.0,1300.0,1244.9816724665532,deep_crustal_MASH,mantle_melting
LOSO,ElasticNet,T_C,opx_liq,raw,242,10.0,1390.0,1371.587378255663,deep_crustal_MASH,mantle_melting
LOSO,ElasticNet,T_C,opx_liq,raw,243,10.0,1330.0,1288.486266062754,deep_crustal_MASH,mantle_melting
LOSO,ElasticNet,T_C,opx_liq,raw,244,10.0,1300.0,1267.5073512405627,deep_crustal_MASH,mantle_melting
LOSO,ElasticNet,T_C,opx_liq,raw,245,10.0,1390.0,1426.1614618994404,deep_crustal_MASH,mantle_melting
LOSO,ElasticNet,T_C,opx_liq,raw,246,10.0,1360.0,1338.2960829703754,deep_crustal_MASH,mantle_melting
LOSO,ElasticNet,T_C,opx_liq,raw,247,10.0,1270.0,1193.857303142274,deep_crustal_MASH,mantle_melting
LOSO,ElasticNet,T_C,opx_liq,raw,248,10.0,1300.0,1309.8689088506503,deep_crustal_MASH,mantle_melting
LOSO,ElasticNet,T_C,opx_liq,raw,249,10.0,1270.0,1254.6987596635886,deep_crustal_MASH,mantle_melting
LOSO,ElasticNet,T_C,opx_liq,raw,250,10.0,950.0,994.5640215232329,deep_crustal_MASH,arc_silicic
LOSO,ElasticNet,T_C,opx_liq,raw,251,20.0,1400.0,1400.3457688439369,lithospheric_mantle,mantle_melting
LOSO,ElasticNet,T_C,opx_liq,raw,252,15.0,1300.0,1290.2964533767913,lithospheric_mantle,mantle_melting
LOSO,ElasticNet,T_C,opx_liq,raw,253,15.0,1400.0,1405.8614499046641,lithospheric_mantle,mantle_melting
LOSO,ElasticNet,T_C,opx_liq,raw,254,20.0,1350.0,1388.6971260821779,lithospheric_mantle,mantle_melting
LOSO,ElasticNet,T_C,opx_liq,raw,255,20.0,1400.0,1435.9450599273546,lithospheric_mantle,mantle_melting
LOSO,ElasticNet,T_C,opx_liq,raw,256,10.0,1290.0,1235.1211987119127,deep_crustal_MASH,other
LOSO,ElasticNet,T_C,opx_liq,raw,257,0.0010132500028703,1245.0,1319.9803810441497,shallow_crustal,basalt
LOSO,ElasticNet,T_C,opx_liq,raw,258,18.999999761580998,1401.0,1344.9642808937886,lithospheric_mantle,MORB
LOSO,ElasticNet,T_C,opx_liq,raw,259,15.0,1355.0,1327.4468411326836,lithospheric_mantle,MORB
LOSO,ElasticNet,T_C,opx_liq,raw,260,15.0,1370.0,1368.4805032485228,lithospheric_mantle,MORB
LOSO,ElasticNet,T_C,opx_liq,raw,261,15.0,1365.0,1313.382228736191,lithospheric_mantle,MORB
LOSO,ElasticNet,T_C,opx_liq,raw,262,15.0,1410.0,1406.985931349035,lithospheric_mantle,MORB
LOSO,ElasticNet,T_C,opx_liq,raw,263,18.999999761580998,1416.0,1421.7224299742306,lithospheric_mantle,MORB
LOSO,ElasticNet,T_C,opx_liq,raw,264,0.0010132500028703,1245.0,1313.4074125197315,shallow_crustal,basalt
LOSO,ElasticNet,T_C,opx_liq,raw,265,24.000000953674,1485.0,1498.0676785402202,lithospheric_mantle,mantle_melting
LOSO,ElasticNet,T_C,opx_liq,raw,266,27.999999523163,1510.0,1563.084378188341,lithospheric_mantle,mantle_melting
LOSO,ElasticNet,T_C,opx_liq,raw,267,15.0,1291.0,1358.627829346087,lithospheric_mantle,mantle_melting
LOSO,ElasticNet,T_C,opx_liq,raw,268,15.0,1318.0,1376.8735062584642,lithospheric_mantle,mantle_melting
LOSO,ElasticNet,T_C,opx_liq,raw,269,15.0,1348.0,1393.0725120683924,lithospheric_mantle,mantle_melting
LOSO,ElasticNet,T_C,opx_liq,raw,270,15.0,1269.0,1283.9075314774263,lithospheric_mantle,mantle_melting
LOSO,ElasticNet,T_C,opx_liq,raw,271,15.0,1319.0,1400.8419332213725,lithospheric_mantle,mantle_melting
LOSO,ElasticNet,T_C,opx_liq,raw,272,15.0,1289.0,1335.763654954073,lithospheric_mantle,mantle_melting
LOSO,ElasticNet,T_C,opx_liq,raw,273,15.0,1336.0,1375.9022022280055,lithospheric_mantle,mantle_melting
LOSO,ElasticNet,T_C,opx_liq,raw,274,0.01,1180.0,1202.0556686850514,shallow_crustal,basalt
LOSO,ElasticNet,T_C,opx_liq,raw,275,0.0010132500028703,1245.0,1318.823500067128,shallow_crustal,basalt
LOSO,ElasticNet,T_C,opx_liq,raw,276,5.0,1100.0,1139.664748864152,deep_crustal_MASH,arc_silicic
LOSO,ElasticNet,T_C,opx_liq,raw,277,10.0,1375.0,1305.7844822779944,deep_crustal_MASH,other
LOSO,ElasticNet,T_C,opx_liq,raw,278,10.0,1375.0,1288.6248621986344,deep_crustal_MASH,other
LOSO,ElasticNet,T_C,opx_liq,raw,279,5.0,1150.0,1163.9200816422804,deep_crustal_MASH,arc_silicic
LOSO,ElasticNet,T_C,opx_liq,raw,280,1.0379999876022001,1050.0,1031.3969162617777,shallow_crustal,arc_silicic
LOSO,ElasticNet,T_C,opx_liq,raw,281,1.4749999344348999,1000.0,1034.794147857459,shallow_crustal,arc_silicic
LOSO,ElasticNet,T_C,opx_liq,raw,282,1.8000000715256002,975.0,1015.6120414936404,shallow_crustal,arc_silicic
LOSO,ElasticNet,T_C,opx_liq,raw,283,1.0080000013113,975.0,996.5786425264132,shallow_crustal,arc_silicic
LOSO,ElasticNet,T_C,opx_liq,raw,284,0.7100000232458099,960.0,996.8649644899976,shallow_crustal,arc_silicic
LOSO,ElasticNet,T_C,opx_liq,raw,285,1.0549999773502,1000.0,1013.031564248548,shallow_crustal,arc_silicic
LOSO,ElasticNet,T_C,opx_liq,raw,286,2.1259999275208,951.0,940.6193314582307,shallow_crustal,arc_silicic
LOSO,ElasticNet,T_C,opx_liq,raw,287,2.1259999275208,951.0,955.9636246100993,shallow_crustal,arc_silicic
LOSO,ElasticNet,T_C,opx_liq,raw,288,2.1259999275208,951.0,951.9049123827654,shallow_crustal,arc_silicic
LOSO,ElasticNet,T_C,opx_liq,raw,289,3.125,925.0,982.3601191410428,shallow_crustal,arc_silicic
LOSO,ElasticNet,T_C,opx_liq,raw,290,1.9799999892712,900.0,947.0440007200052,shallow_crustal,arc_silicic
LOSO,ElasticNet,T_C,opx_liq,raw,291,1.9799999892712,900.0,927.2892861564196,shallow_crustal,arc_silicic
LOSO,ElasticNet,T_C,opx_liq,raw,292,28.0,1580.0,1509.820723841866,lithospheric_mantle,other
LOSO,ElasticNet,T_C,opx_liq,raw,293,27.9999997615815,1580.5,1522.6346226432,lithospheric_mantle,mantle_melting
LOSO,ElasticNet,T_C,opx_liq,raw,294,28.0,1615.0,1548.694110672754,lithospheric_mantle,other
LOSO,ElasticNet,T_C,opx_liq,raw,295,32.0,1625.0,1539.1811833539596,deeper_mantle,other
LOSO,ElasticNet,T_C,opx_liq,raw,296,32.0,1633.0,1536.51561780231,deeper_mantle,other
LOSO,ElasticNet,T_C,opx_liq,raw,297,34.0,1650.0,1557.684914103979,deeper_mantle,other
LOSO,ElasticNet,T_C,opx_liq,raw,298,34.0,1675.0,1580.904305891116,deeper_mantle,other
LOSO,ElasticNet,T_C,opx_liq,raw,299,28.0,1590.0,1523.9371889351573,lithospheric_mantle,other
LOSO,ElasticNet,T_C,opx_liq,raw,300,28.0,1582.0,1527.3697326606516,lithospheric_mantle,other
LOSO,ElasticNet,T_C,opx_liq,raw,301,24.0,1535.0,1472.5179813895793,lithospheric_mantle,other
LOSO,ElasticNet,T_C,opx_liq,raw,302,28.0,1600.0,1524.1145062239984,lithospheric_mantle,other
LOSO,ElasticNet,T_C,opx_liq,raw,303,15.0,1300.0,1267.087588032324,lithospheric_mantle,mantle_melting
LOSO,ElasticNet,T_C,opx_liq,raw,304,10.0,1000.0,1012.045526324681,deep_crustal_MASH,metamorphic
LOSO,ElasticNet,T_C,opx_liq,raw,305,30.0,1200.0,1222.4501761671595,deeper_mantle,other
LOSO,ElasticNet,T_C,opx_liq,raw,306,10.0,1090.0,1145.116238860391,deep_crustal_MASH,other
LOSO,ElasticNet,T_C,opx_liq,raw,307,10.0,1120.0,1204.1335118935885,deep_crustal_MASH,other
LOSO,ElasticNet,T_C,opx_liq,raw,308,10.0,1180.0,1245.1426081787024,deep_crustal_MASH,other
LOSO,ElasticNet,T_C,opx_liq,raw,309,10.0,1150.0,1187.6235282486816,deep_crustal_MASH,other
LOSO,ElasticNet,T_C,opx_liq,raw,310,10.0,1270.0,1317.5709849671073,deep_crustal_MASH,other
LOSO,ElasticNet,T_C,opx_liq,raw,311,15.0,1400.0,1441.1007821734256,lithospheric_mantle,mantle_melting
LOSO,ElasticNet,T_C,opx_liq,raw,312,15.0,1450.0,1483.3992891349228,lithospheric_mantle,mantle_melting
LOSO,ElasticNet,T_C,opx_liq,raw,313,15.0,1350.0,1383.3170848723703,lithospheric_mantle,mantle_melting
LOSO,ElasticNet,T_C,opx_liq,raw,314,20.0,1450.0,1509.42341970658,lithospheric_mantle,mantle_melting
LOSO,ElasticNet,T_C,opx_liq,raw,315,20.0,1400.0,1418.022310548595,lithospheric_mantle,mantle_melting
LOSO,ElasticNet,T_C,opx_liq,raw,316,20.0,1500.0,1607.1004728203438,lithospheric_mantle,mantle_melting
LOSO,ElasticNet,T_C,opx_liq,raw,317,25.0,1500.0,1540.4980586941797,lithospheric_mantle,mantle_melting
LOSO,ElasticNet,T_C,opx_liq,raw,318,25.0,1480.0,1503.026096898969,lithospheric_mantle,mantle_melting
LOSO,ElasticNet,T_C,opx_liq,raw,319,20.0,1500.0,1484.6242642200752,lithospheric_mantle,mantle_melting
LOSO,ElasticNet,T_C,opx_liq,raw,320,20.0,1530.0,1502.9267304008874,lithospheric_mantle,mantle_melting
LOSO,ElasticNet,T_C,opx_liq,raw,321,20.0,1560.0,1571.4364216305537,lithospheric_mantle,mantle_melting
LOSO,ElasticNet,T_C,opx_liq,raw,322,20.0,1560.0,1549.444733109478,lithospheric_mantle,mantle_melting
LOSO,ElasticNet,T_C,opx_liq,raw,323,20.0,1600.0,1584.3555904835969,lithospheric_mantle,mantle_melting
LOSO,ElasticNet,T_C,opx_liq,raw,324,15.0,1480.0,1453.6763592679708,lithospheric_mantle,mantle_melting
LOSO,ElasticNet,T_C,opx_liq,raw,325,15.0,1500.0,1507.1727801947538,lithospheric_mantle,mantle_melting
LOSO,ElasticNet,T_C,opx_liq,raw,326,10.0,1380.0,1340.4252089689485,deep_crustal_MASH,mantle_melting
LOSO,ElasticNet,T_C,opx_liq,raw,327,10.0,1500.0,1291.000077966675,deep_crustal_MASH,mantle_melting
LOSO,ElasticNet,T_C,opx_liq,raw,328,10.0,1500.0,1322.0252881259944,deep_crustal_MASH,mantle_melting
LOSO,ElasticNet,T_C,opx_liq,raw,329,10.0,1275.0,1139.880349248156,deep_crustal_MASH,mantle_melting
LOSO,ElasticNet,T_C,opx_liq,raw,330,10.0,1250.0,1149.5164251496308,deep_crustal_MASH,mantle_melting
LOSO,ElasticNet,T_C,opx_liq,raw,331,10.0,1250.0,1224.550057288474,deep_crustal_MASH,mantle_melting
LOSO,ElasticNet,T_C,opx_liq,raw,332,10.0,1400.0,1381.7905643619335,deep_crustal_MASH,mantle_melting
LOSO,ElasticNet,T_C,opx_liq,raw,333,10.0,1390.0,1353.9404144312439,deep_crustal_MASH,mantle_melting
LOSO,ElasticNet,T_C,opx_liq,raw,334,10.0,1300.0,1201.5003594799173,deep_crustal_MASH,mantle_melting
LOSO,ElasticNet,T_C,opx_liq,raw,335,10.0,1310.0,1273.4811429011404,deep_crustal_MASH,mantle_melting
LOSO,ElasticNet,T_C,opx_liq,raw,336,10.0,1310.0,1270.0311753859821,deep_crustal_MASH,mantle_melting
LOSO,ElasticNet,T_C,opx_liq,raw,337,10.0,1390.0,1376.9280442866545,deep_crustal_MASH,mantle_melting
LOSO,ElasticNet,T_C,opx_liq,raw,338,15.0,1350.0,1327.8300688463069,lithospheric_mantle,mantle_melting
LOSO,ElasticNet,T_C,opx_liq,raw,339,15.0,1400.0,1344.0999643324833,lithospheric_mantle,mantle_melting
LOSO,ElasticNet,T_C,opx_liq,raw,340,15.0,1500.0,1456.6044023679153,lithospheric_mantle,mantle_melting
LOSO,ElasticNet,T_C,opx_liq,raw,341,12.5,1425.0,1465.2219183993116,deep_crustal_MASH,mantle_melting
LOSO,ElasticNet,T_C,opx_liq,raw,342,15.0,1450.0,1401.7825790161082,lithospheric_mantle,mantle_melting
LOSO,ElasticNet,T_C,opx_liq,raw,343,10.0,1440.0,1418.8497825836391,deep_crustal_MASH,mantle_melting
LOSO,ElasticNet,T_C,opx_liq,raw,344,15.0,1325.0,1303.4750379160719,lithospheric_mantle,MORB
LOSO,ElasticNet,T_C,opx_liq,raw,345,15.0,1340.0,1275.9957571181383,lithospheric_mantle,MORB
LOSO,ElasticNet,T_C,opx_liq,raw,346,15.0,1550.0,1522.0721108511475,lithospheric_mantle,mantle_melting
LOSO,ElasticNet,T_C,opx_liq,raw,347,15.0,1600.0,1610.7106357316504,lithospheric_mantle,mantle_melting
LOSO,ElasticNet,T_C,opx_liq,raw,348,15.0,1550.0,1515.8005430888504,lithospheric_mantle,mantle_melting
LOSO,ElasticNet,T_C,opx_liq,raw,349,15.0,1510.0,1474.8251411137671,lithospheric_mantle,mantle_melting
LOSO,ElasticNet,T_C,opx_liq,raw,350,15.0,1600.0,1594.588594296977,lithospheric_mantle,mantle_melting
LOSO,ElasticNet,T_C,opx_liq,raw,351,15.0,1350.0,1343.4508215406584,lithospheric_mantle,MORB
LOSO,ElasticNet,T_C,opx_liq,raw,352,10.0,1260.0,1260.8620834302085,deep_crustal_MASH,MORB
LOSO,ElasticNet,T_C,opx_liq,raw,353,10.0,1270.0,1238.1212166116602,deep_crustal_MASH,MORB
LOSO,ElasticNet,T_C,opx_liq,raw,354,15.0,1370.0,1342.0023047342247,lithospheric_mantle,MORB
LOSO,ElasticNet,T_C,opx_liq,raw,355,10.0,1260.0,1245.87253709619,deep_crustal_MASH,MORB
LOSO,ElasticNet,T_C,opx_liq,raw,356,10.0,1295.0,1273.8837076503432,deep_crustal_MASH,MORB
LOSO,ElasticNet,T_C,opx_liq,raw,357,15.0,1336.0,1341.248046120938,lithospheric_mantle,mantle_melting
LOSO,ElasticNet,T_C,opx_liq,raw,358,15.0,1315.0,1283.452074593438,lithospheric_mantle,mantle_melting
LOSO,ElasticNet,T_C,opx_liq,raw,359,15.0,1325.0,1349.182494720513,lithospheric_mantle,mantle_melting
LOSO,ElasticNet,T_C,opx_liq,raw,360,27.999999523163,1565.0,1532.6460653850204,lithospheric_mantle,mantle_melting
LOSO,ElasticNet,T_C,opx_liq,raw,361,27.999999523163,1555.0,1547.7050465307636,lithospheric_mantle,mantle_melting
LOSO,ElasticNet,T_C,opx_liq,raw,362,5.0,1078.0,1129.5754496117056,deep_crustal_MASH,other
LOSO,ElasticNet,T_C,opx_liq,raw,363,12.000000476837,1510.0,1410.7198255950557,deep_crustal_MASH,basalt
LOSO,ElasticNet,T_C,opx_liq,raw,364,12.000000476837,1525.0,1492.3307523134467,deep_crustal_MASH,basalt
LOSO,ElasticNet,T_C,opx_liq,raw,365,12.200000286102,1490.0,1463.4413080918778,deep_crustal_MASH,basalt
LOSO,ElasticNet,T_C,opx_liq,raw,366,12.599999904632998,1530.0,1474.5159387225344,deep_crustal_MASH,basalt
LOSO,ElasticNet,T_C,opx_liq,raw,367,13.799999952316,1530.0,1435.6761898394423,deep_crustal_MASH,basalt
LOSO,ElasticNet,T_C,opx_liq,raw,368,7.5,1440.0,1415.642919292404,deep_crustal_MASH,basalt
LOSO,ElasticNet,T_C,opx_liq,raw,369,20.5,1425.0,1422.0052183196015,lithospheric_mantle,other
LOSO,ElasticNet,T_C,opx_liq,raw,370,21.0,1400.0,1413.1845898311349,lithospheric_mantle,other
LOSO,ElasticNet,T_C,opx_liq,raw,371,1.9380000233649999,950.0,1029.6563781513287,shallow_crustal,arc_silicic
LOSO,ElasticNet,T_C,opx_liq,raw,372,1.2409999966621001,1050.0,1074.789988033276,shallow_crustal,arc_silicic
LOSO,ElasticNet,T_C,opx_liq,raw,373,0.52400000393391,1050.0,1057.330113713274,shallow_crustal,arc_silicic
LOSO,ElasticNet,T_C,opx_liq,raw,374,3.0140000581741,1075.0,1067.1454769668617,shallow_crustal,arc_silicic
LOSO,ElasticNet,T_C,opx_liq,raw,375,1.0689999908209,950.0,1038.3029249885124,shallow_crustal,arc_silicic
LOSO,ElasticNet,T_C,opx_liq,raw,376,1.7100000381470002,975.0,1036.475063989226,shallow_crustal,arc_silicic
LOSO,ElasticNet,T_C,opx_liq,raw,377,1.5929999947548,1065.0,1083.028261874232,shallow_crustal,arc_silicic
LOSO,ElasticNet,T_C,opx_liq,raw,378,1.5520000457764,1035.0,1090.212320200523,shallow_crustal,arc_silicic
LOSO,ElasticNet,T_C,opx_liq,raw,379,0.59000000357628,1115.0,1097.631315297188,shallow_crustal,arc_silicic
LOSO,ElasticNet,T_C,opx_liq,raw,380,2.0000000298022997,980.0,1031.6175392539433,shallow_crustal,arc_silicic
LOSO,ElasticNet,T_C,opx_liq,raw,381,0.97999997437,1071.0,1099.0658759543805,shallow_crustal,arc_silicic
LOSO,ElasticNet,T_C,opx_liq,raw,382,2.9199999570847,990.0,1063.5812572495054,shallow_crustal,arc_silicic
LOSO,ElasticNet,T_C,opx_liq,raw,383,1.0000000149012,1100.0,1093.5612960632025,shallow_crustal,arc_silicic
LOSO,ElasticNet,T_C,opx_liq,raw,384,1.5000000596046001,1100.0,1074.5484956953792,shallow_crustal,arc_silicic
LOSO,ElasticNet,T_C,opx_liq,raw,385,2.1170000731945,1000.0,1070.7305042177484,shallow_crustal,arc_silicic
LOSO,ElasticNet,T_C,opx_liq,raw,386,0.93800000846386,1050.0,1067.7604603178186,shallow_crustal,arc_silicic
LOSO,ElasticNet,T_C,opx_liq,raw,387,1.1720000207424,1000.0,1009.8353505272796,shallow_crustal,arc_silicic
LOSO,ElasticNet,T_C,opx_liq,raw,388,10.0,1180.0,1230.0129635375404,deep_crustal_MASH,arc_silicic
LOSO,ElasticNet,T_C,opx_liq,raw,389,10.0,1200.0,1228.665932950024,deep_crustal_MASH,arc_silicic
LOSO,ElasticNet,T_C,opx_liq,raw,390,20.0,1150.0,1212.3311299049767,lithospheric_mantle,arc_silicic
LOSO,ElasticNet,T_C,opx_liq,raw,391,20.0,1180.0,1207.217083546094,lithospheric_mantle,arc_silicic
LOSO,ElasticNet,T_C,opx_liq,raw,392,20.0,1180.0,1244.9580428836043,lithospheric_mantle,arc_silicic
LOSO,ElasticNet,T_C,opx_liq,raw,393,0.001,1340.0,1429.007812252819,shallow_crustal,partitioning
LOSO,ElasticNet,T_C,opx_liq,raw,394,0.001,1340.0,1372.406270521646,shallow_crustal,partitioning
LOSO,ElasticNet,T_C,opx_liq,raw,395,0.001,1340.0,1432.6661393408176,shallow_crustal,partitioning
LOSO,ElasticNet,T_C,opx_liq,raw,396,0.001,1340.0,1398.0156183491822,shallow_crustal,partitioning
LOSO,ElasticNet,T_C,opx_liq,raw,397,0.001,1340.0,1444.302295075166,shallow_crustal,partitioning
LOSO,ElasticNet,T_C,opx_liq,raw,398,0.001,1340.0,1343.599117385221,shallow_crustal,partitioning
LOSO,ElasticNet,T_C,opx_liq,raw,399,0.001,1340.0,1441.167454377334,shallow_crustal,partitioning
LOSO,ElasticNet,T_C,opx_liq,raw,400,0.001,1400.0,1476.9080682690123,shallow_crustal,partitioning
LOSO,ElasticNet,T_C,opx_liq,raw,401,0.001,1400.0,1449.4244280474315,shallow_crustal,partitioning
LOSO,ElasticNet,T_C,opx_liq,raw,402,0.001,1400.0,1445.153929389231,shallow_crustal,partitioning
LOSO,ElasticNet,T_C,opx_liq,raw,403,0.001,1400.0,1432.4035011377312,shallow_crustal,partitioning
LOSO,ElasticNet,T_C,opx_liq,raw,404,0.001,1400.0,1429.4707472451742,shallow_crustal,partitioning
LOSO,ElasticNet,T_C,opx_liq,raw,405,0.001,1270.0,1303.6644358902959,shallow_crustal,partitioning
LOSO,ElasticNet,T_C,opx_liq,raw,406,0.001,1270.0,1264.1513014766497,shallow_crustal,partitioning
LOSO,ElasticNet,T_C,opx_liq,raw,407,0.001,1270.0,1296.414377540233,shallow_crustal,partitioning
LOSO,ElasticNet,T_C,opx_liq,raw,408,0.001,1270.0,1268.7531103709987,shallow_crustal,partitioning
LOSO,ElasticNet,T_C,opx_liq,raw,409,0.001,1270.0,1309.8091612268574,shallow_crustal,partitioning
LOSO,ElasticNet,T_C,opx_liq,raw,410,0.001,1270.0,1260.5479968933992,shallow_crustal,partitioning
LOSO,ElasticNet,T_C,opx_liq,raw,411,0.001,1270.0,1294.7057703987348,shallow_crustal,partitioning
LOSO,ElasticNet,T_C,opx_liq,raw,412,0.001,1270.0,1272.0986471843755,shallow_crustal,partitioning
LOSO,ElasticNet,T_C,opx_liq,raw,413,0.001,1270.0,1302.3281240012595,shallow_crustal,partitioning
LOSO,ElasticNet,T_C,opx_liq,raw,414,0.001,1270.0,1274.912432286112,shallow_crustal,partitioning
LOSO,ElasticNet,T_C,opx_liq,raw,415,10.0,1270.0,1255.9537671910489,deep_crustal_MASH,mantle_melting
LOSO,ElasticNet,T_C,opx_liq,raw,416,10.0,1280.0,1253.636029439157,deep_crustal_MASH,mantle_melting
LOSO,ElasticNet,T_C,opx_liq,raw,417,10.0,1255.0,1258.4884278999646,deep_crustal_MASH,mantle_melting
LOSO,ElasticNet,T_C,opx_liq,raw,418,10.0,1270.0,1271.9888264515928,deep_crustal_MASH,mantle_melting
LOSO,ElasticNet,T_C,opx_liq,raw,419,10.0,1240.0,1234.2971861614712,deep_crustal_MASH,mantle_melting
LOSO,ElasticNet,T_C,opx_liq,raw,420,10.0,1240.0,1248.548359334684,deep_crustal_MASH,mantle_melting
LOSO,ElasticNet,T_C,opx_liq,raw,421,10.0,1375.0,1396.3991426718144,deep_crustal_MASH,mantle_melting
LOSO,ElasticNet,T_C,opx_liq,raw,422,10.0,1360.0,1337.5085198871375,deep_crustal_MASH,mantle_melting
LOSO,ElasticNet,T_C,opx_liq,raw,423,10.0,1330.0,1350.3169254992192,deep_crustal_MASH,mantle_melting
LOSO,ElasticNet,T_C,opx_liq,raw,424,10.0,1300.0,1321.6514181599402,deep_crustal_MASH,mantle_melting
LOSO,ElasticNet,T_C,opx_liq,raw,425,50.0,1750.0,1593.8149068445646,deeper_mantle,partitioning
LOSO,ElasticNet,T_C,opx_liq,raw,426,5.0199997425079,1100.0,1137.1113056521974,deep_crustal_MASH,basalt
LOSO,ElasticNet,T_C,opx_liq,raw,427,5.0199997425079,1100.0,1132.0275686753469,deep_crustal_MASH,basalt
LOSO,ElasticNet,T_C,opx_liq,raw,428,5.0169998407364,1130.0,1165.519056214564,deep_crustal_MASH,basalt
LOSO,ElasticNet,T_C,opx_liq,raw,429,10.0,1220.0,1270.4772474608947,deep_crustal_MASH,arc_silicic
LOSO,ElasticNet,T_C,opx_liq,raw,430,15.0,1160.0,1255.6187402776193,lithospheric_mantle,arc_silicic
LOSO,ElasticNet,T_C,opx_liq,raw,431,17.5,1180.0,1289.6608392946084,lithospheric_mantle,arc_silicic
LOSO,ElasticNet,T_C,opx_liq,raw,432,46.9999990463255,1750.0,1651.738778838426,deeper_mantle,other
LOSO,ElasticNet,T_C,opx_liq,raw,433,10.0,1300.0,1305.5053227030191,deep_crustal_MASH,mantle_melting
LOSO,ElasticNet,T_C,opx_liq,raw,434,17.5,1200.0,1275.8082389234355,lithospheric_mantle,arc_silicic
LOSO,ElasticNet,T_C,opx_liq,raw,435,27.75024994039535,1453.125,1664.0096801232658,lithospheric_mantle,other
LOSO,ElasticNet,T_C,opx_liq,raw,436,12.5,1210.0,1243.9566743907724,deep_crustal_MASH,arc_silicic
LOSO,ElasticNet,T_C,opx_liq,raw,437,15.0,1065.0,1315.3927832199226,lithospheric_mantle,mantle_melting
LOSO,ElasticNet,T_C,opx_liq,raw,438,50.0,1775.0,1676.184613819475,deeper_mantle,other
LOSO,ElasticNet,T_C,opx_liq,raw,439,12.999999523163,1230.0,1317.7676398311626,deep_crustal_MASH,arc_silicic
LOSO,ElasticNet,T_C,opx_liq,raw,440,10.0,1325.0,1317.9059842895588,deep_crustal_MASH,mantle_melting
LOSO,ElasticNet,T_C,opx_liq,raw,441,15.0,1240.0,1308.4104998943853,lithospheric_mantle,arc_silicic
LOSO,ElasticNet,T_C,opx_liq,raw,442,50.0,1830.0,1695.7551241499045,deeper_mantle,other
LOSO,ElasticNet,T_C,opx_liq,raw,443,15.0,1260.0,1316.3284400307964,lithospheric_mantle,arc_silicic
LOSO,ElasticNet,T_C,opx_liq,raw,444,10.0,1325.0,1344.1472791491587,deep_crustal_MASH,mantle_melting
LOSO,ElasticNet,T_C,opx_liq,raw,445,17.5,1240.0,1276.3315667299682,lithospheric_mantle,arc_silicic
LOSO,ElasticNet,T_C,opx_liq,raw,446,10.0,987.5,1338.6248352817788,deep_crustal_MASH,mantle_melting
LOSO,ElasticNet,T_C,opx_liq,raw,447,10.0,970.0,1319.2902220674337,deep_crustal_MASH,mantle_melting
LOSO,ElasticNet,T_C,opx_liq,raw,448,10.0,1045.0,1315.9338038539108,deep_crustal_MASH,mantle_melting
LOSO,ElasticNet,T_C,opx_liq,raw,449,12.000000476837,1260.0,1248.71775721794,deep_crustal_MASH,arc_silicic
LOSO,ElasticNet,T_C,opx_liq,raw,450,22.999999523163,1275.0,1073.9120734197945,lithospheric_mantle,basalt
LOSO,ElasticNet,T_C,opx_liq,raw,451,15.0,1085.0,1267.2288490251037,lithospheric_mantle,mantle_melting
LOSO,ElasticNet,T_C,opx_liq,raw,452,18.999999761580998,1200.0,1342.1576747379906,lithospheric_mantle,arc_silicic
LOSO,ElasticNet,T_C,opx_liq,raw,453,0.00099999997473788,1200.0,1149.4730876132385,shallow_crustal,basalt
LOSO,ElasticNet,T_C,opx_liq,raw,454,2.0000000298022997,1020.0,1026.2170583900336,shallow_crustal,basalt
LOSO,ElasticNet,T_C,opx_liq,raw,455,0.00099999997473788,1160.0,1132.4293363367026,shallow_crustal,basalt
LOSO,ElasticNet,T_C,opx_liq,raw,456,2.0000000298022997,980.0,1049.7760208381392,shallow_crustal,basalt
LOSO,ElasticNet,T_C,opx_liq,raw,457,2.0000000298022997,940.0,998.9291968360424,shallow_crustal,basalt
LOSO,ElasticNet,T_C,opx_liq,raw,458,0.00099999997473788,1115.0,1073.6839859550319,shallow_crustal,basalt
LOSO,ElasticNet,T_C,opx_liq,raw,459,0.00099999997473788,1100.0,1091.6491478765874,shallow_crustal,basalt
LOSO,ElasticNet,T_C,opx_liq,raw,460,0.00099999997473788,1100.0,1089.1723283073486,shallow_crustal,basalt
LOSO,ElasticNet,T_C,opx_liq,raw,461,0.00099999997473788,1100.0,1081.170336262075,shallow_crustal,basalt
LOSO,ElasticNet,T_C,opx_liq,raw,462,0.001,1208.0,1186.542534041018,shallow_crustal,partitioning
LOSO,ElasticNet,T_C,opx_liq,raw,463,0.001,1250.0,1222.46986846452,shallow_crustal,partitioning
LOSO,ElasticNet,T_C,opx_liq,raw,464,0.001,1208.0,1209.9883864637625,shallow_crustal,partitioning
LOSO,ElasticNet,T_C,opx_liq,raw,465,0.001,1261.0,1246.9807029933756,shallow_crustal,partitioning
LOSO,ElasticNet,T_C,opx_liq,raw,466,0.001,1209.0,1171.4646105233924,shallow_crustal,partitioning
LOSO,ElasticNet,T_C,opx_liq,raw,467,0.001,1217.0,1184.5666408042125,shallow_crustal,partitioning
LOSO,ElasticNet,T_C,opx_liq,raw,468,0.001,1299.0,1243.0771285243118,shallow_crustal,partitioning
LOSO,ElasticNet,T_C,opx_liq,raw,469,0.001,1264.0,1212.4106465772688,shallow_crustal,partitioning
LOSO,ElasticNet,T_C,opx_liq,raw,470,0.001,1210.0,1172.3859942417034,shallow_crustal,partitioning
LOSO,ElasticNet,T_C,opx_liq,raw,471,0.001,1264.0,1256.9151041989421,shallow_crustal,partitioning
LOSO,ElasticNet,T_C,opx_liq,raw,472,0.001,1210.0,1186.5194869605095,shallow_crustal,partitioning
LOSO,ElasticNet,T_C,opx_liq,raw,473,0.001,1334.0,1306.050541390691,shallow_crustal,partitioning
LOSO,ElasticNet,T_C,opx_liq,raw,474,0.001,1260.0,1221.1677085432518,shallow_crustal,partitioning
LOSO,ElasticNet,T_C,opx_liq,raw,475,0.001,1206.0,1154.43254524519,shallow_crustal,partitioning
LOSO,ElasticNet,T_C,opx_liq,raw,476,0.001,1331.0,1300.3340493727737,shallow_crustal,partitioning
LOSO,ElasticNet,T_C,opx_liq,raw,477,0.001,1261.0,1264.8165582114575,shallow_crustal,partitioning
LOSO,ElasticNet,T_C,opx_liq,raw,478,0.001,1295.0,1283.0424199550932,shallow_crustal,partitioning
LOSO,ElasticNet,T_C,opx_liq,raw,479,0.001,1294.0,1276.0503105706298,shallow_crustal,partitioning
LOSO,ElasticNet,T_C,opx_liq,raw,480,0.001,1280.0,1237.7984912710244,shallow_crustal,partitioning
LOSO,ElasticNet,T_C,opx_liq,raw,481,0.001,1251.0,1246.278312175096,shallow_crustal,partitioning
LOSO,ElasticNet,T_C,opx_liq,raw,482,0.001,1339.0,1291.666901643389,shallow_crustal,partitioning
LOSO,ElasticNet,T_C,opx_liq,raw,483,0.001,1251.0,1231.8118394257035,shallow_crustal,partitioning
LOSO,ElasticNet,T_C,opx_liq,raw,484,15.0,1300.0,1171.55297844298,lithospheric_mantle,basalt
LOSO,ElasticNet,T_C,opx_liq,raw,485,0.001,1161.0,1144.3929447315068,shallow_crustal,partitioning
LOSO,ElasticNet,T_C,opx_liq,raw,486,0.001,1198.0,1159.8725029078655,shallow_crustal,partitioning
LOSO,ElasticNet,T_C,opx_liq,raw,487,0.001,1323.0,1297.618868495273,shallow_crustal,partitioning
LOSO,ElasticNet,T_C,opx_liq,raw,488,0.001,1300.0,1242.810381099962,shallow_crustal,partitioning
LOSO,ElasticNet,T_C,opx_liq,raw,489,0.001,1179.0,1153.4916626052022,shallow_crustal,partitioning
LOSO,ElasticNet,T_C,opx_liq,raw,490,0.001,1309.0,1280.937747350532,shallow_crustal,partitioning
LOSO,ElasticNet,T_C,opx_liq,raw,491,0.001,1254.0,1193.61984381211,shallow_crustal,partitioning
LOSO,ElasticNet,T_C,opx_liq,raw,492,0.001,1334.0,1313.5114359769857,shallow_crustal,partitioning
LOSO,ElasticNet,T_C,opx_liq,raw,493,0.001,1196.0,1173.250919820673,shallow_crustal,partitioning
LOSO,ElasticNet,T_C,opx_liq,raw,494,0.001,1265.0,1220.9928560288201,shallow_crustal,partitioning
LOSO,ElasticNet,T_C,opx_liq,raw,495,0.001,1206.0,1147.9022155041275,shallow_crustal,partitioning
LOSO,ElasticNet,T_C,opx_liq,raw,496,0.001,1300.0,1280.0467222503182,shallow_crustal,partitioning
LOSO,ElasticNet,T_C,opx_liq,raw,497,12.000000476837,1315.0,1338.3412124815047,deep_crustal_MASH,MORB
LOSO,ElasticNet,T_C,opx_liq,raw,498,12.000000476837,1300.0,1304.3534787345545,deep_crustal_MASH,MORB
LOSO,ElasticNet,T_C,opx_liq,raw,499,8.0000001192093,1065.0,1070.0749480369507,deep_crustal_MASH,basalt
LOSO,ElasticNet,T_C,opx_liq,raw,500,12.000000476837,1315.0,1295.471797582425,deep_crustal_MASH,MORB
LOSO,ElasticNet,T_C,opx_liq,raw,501,12.000000476837,1285.0,1304.4907877355238,deep_crustal_MASH,MORB
LOSO,ElasticNet,T_C,opx_liq,raw,502,12.000000476837,1270.0,1302.8913882357979,deep_crustal_MASH,MORB
LOSO,ElasticNet,T_C,opx_liq,raw,503,12.000000476837,1285.0,1303.3967814421437,deep_crustal_MASH,MORB
LOSO,ElasticNet,T_C,opx_liq,raw,504,13.999999761580998,1220.0,1260.58102368843,deep_crustal_MASH,other
LOSO,ElasticNet,T_C,opx_liq,raw,505,16.000000238419002,1260.0,1273.6502247943229,lithospheric_mantle,other
LOSO,ElasticNet,T_C,opx_liq,raw,506,20.0,1320.0,1335.3173296961327,lithospheric_mantle,other
LOSO,ElasticNet,T_C,opx_liq,raw,507,20.0,1300.0,1319.5742914575478,lithospheric_mantle,other
LOSO,ElasticNet,T_C,opx_liq,raw,508,17.999999523162998,1280.0,1307.38148304828,lithospheric_mantle,other
LOSO,ElasticNet,T_C,opx_liq,raw,509,17.999999523162998,1290.0,1282.6459252774282,lithospheric_mantle,other
LOSO,ElasticNet,T_C,opx_liq,raw,510,17.000000476837002,1300.0,1278.1035515721394,lithospheric_mantle,other
LOSO,ElasticNet,T_C,opx_liq,raw,511,22.000000476837,1400.0,1558.5260434319837,lithospheric_mantle,mantle_melting
LOSO,ElasticNet,T_C,opx_liq,raw,512,22.000000476837,1350.0,1497.898472635108,lithospheric_mantle,mantle_melting
LOSO,ElasticNet,T_C,opx_liq,raw,513,15.0,1275.0,1450.997280912456,lithospheric_mantle,mantle_melting
LOSO,ElasticNet,T_C,opx_liq,raw,514,12.0,1360.0,1336.6813183507616,deep_crustal_MASH,mantle_melting
LOSO,ElasticNet,T_C,opx_liq,raw,515,12.0,1360.0,1295.5206591841697,deep_crustal_MASH,mantle_melting
LOSO,ElasticNet,T_C,opx_liq,raw,516,25.0,1430.0,1431.2091633541315,lithospheric_mantle,mantle_melting
LOSO,ElasticNet,T_C,opx_liq,raw,517,12.0,1360.0,1327.0529812475656,deep_crustal_MASH,mantle_melting
LOSO,ElasticNet,T_C,opx_liq,raw,518,12.0,1360.0,1332.4851084266675,deep_crustal_MASH,mantle_melting
LOSO,ElasticNet,T_C,opx_liq,raw,519,8.0,1265.0,1270.5481600862265,deep_crustal_MASH,mantle_melting
LOSO,ElasticNet,T_C,opx_liq,raw,520,12.0,1310.0,1299.4880397946401,deep_crustal_MASH,mantle_melting
LOSO,ElasticNet,T_C,opx_liq,raw,521,16.0,1350.0,1303.6651025329516,lithospheric_mantle,mantle_melting
LOSO,ElasticNet,T_C,opx_liq,raw,522,12.0,1310.0,1319.7327112579053,deep_crustal_MASH,mantle_melting
LOSO,ElasticNet,T_C,opx_liq,raw,523,17.999999523162998,1410.0,1363.8782736894502,lithospheric_mantle,other
LOSO,ElasticNet,T_C,opx_liq,raw,524,17.999999523162998,1400.0,1374.9988822417,lithospheric_mantle,other
LOSO,ElasticNet,T_C,opx_liq,raw,525,20.0,1360.0,1331.7498589446373,lithospheric_mantle,other
LOSO,ElasticNet,T_C,opx_liq,raw,526,20.0,1340.0,1308.3412051091345,lithospheric_mantle,other
LOSO,ElasticNet,T_C,opx_liq,raw,527,20.0,1400.0,1339.8838674851406,lithospheric_mantle,other
LOSO,ElasticNet,T_C,opx_liq,raw,528,20.0,1380.0,1312.7837744845447,lithospheric_mantle,other
LOSO,ElasticNet,T_C,opx_liq,raw,529,20.0,1420.0,1343.8460992948105,lithospheric_mantle,other
LOSO,ElasticNet,T_C,opx_liq,raw,530,16.000000238419002,1360.0,1288.11539145719,lithospheric_mantle,other
LOSO,ElasticNet,T_C,opx_liq,raw,531,16.000000238419002,1400.0,1324.4639375238448,lithospheric_mantle,other
LOSO,ElasticNet,T_C,opx_liq,raw,532,12.0,1360.0,1340.2767575240844,deep_crustal_MASH,mantle_melting
LOSO,ElasticNet,T_C,opx_liq,raw,533,12.0,1360.0,1325.079592281144,deep_crustal_MASH,mantle_melting
LOSO,ElasticNet,T_C,opx_liq,raw,534,12.0,1360.0,1317.229078086854,deep_crustal_MASH,mantle_melting
LOSO,ElasticNet,T_C,opx_liq,raw,535,12.0,1360.0,1313.7251162680693,deep_crustal_MASH,mantle_melting
LOSO,ElasticNet,T_C,opx_liq,raw,536,8.9999997615814,1250.0,1242.0131666601483,deep_crustal_MASH,MORB
LOSO,ElasticNet,T_C,opx_liq,raw,537,8.9999997615814,1270.0,1282.5996515242696,deep_crustal_MASH,MORB
LOSO,ElasticNet,T_C,opx_liq,raw,538,12.999999523163,1295.0,1275.2222745933454,deep_crustal_MASH,MORB
LOSO,ElasticNet,T_C,opx_liq,raw,539,8.9999997615814,1225.0,1226.680518408718,deep_crustal_MASH,MORB
LOSO,ElasticNet,T_C,opx_liq,raw,540,16.000000238419002,1330.0,1337.0848585798003,lithospheric_mantle,MORB
LOSO,ElasticNet,T_C,opx_liq,raw,541,11.000000238419002,1260.0,1267.633659197963,deep_crustal_MASH,MORB
LOSO,ElasticNet,T_C,opx_liq,raw,542,16.000000238419002,1350.0,1335.108552125866,lithospheric_mantle,MORB
LOSO,ElasticNet,T_C,opx_liq,raw,543,16.000000238419002,1345.0,1343.114249947156,lithospheric_mantle,MORB
LOSO,ElasticNet,T_C,opx_liq,raw,544,12.999999523163,1285.0,1276.7501920159891,deep_crustal_MASH,MORB
LOSO,ElasticNet,T_C,opx_liq,raw,545,16.000000238419002,1340.0,1302.7369397224866,lithospheric_mantle,MORB
LOSO,ElasticNet,T_C,opx_liq,raw,546,8.9999997615814,1250.0,1201.4560204633333,deep_crustal_MASH,MORB
LOSO,ElasticNet,T_C,opx_liq,raw,547,24.000000953674,1480.0,1398.4082076648256,lithospheric_mantle,MORB
LOSO,ElasticNet,T_C,opx_liq,raw,548,24.000000953674,1500.0,1419.2832359419094,lithospheric_mantle,MORB
LOSO,ElasticNet,T_C,opx_liq,raw,549,13.0,1245.0,1305.0775521612516,deep_crustal_MASH,mantle_melting
LOSO,ElasticNet,T_C,opx_liq,raw,550,15.0,1473.0,1482.8888820645625,lithospheric_mantle,other
LOSO,ElasticNet,T_C,opx_liq,raw,551,20.0,1495.0,1381.1795639742027,lithospheric_mantle,other
LOSO,ElasticNet,T_C,opx_liq,raw,552,15.0,1395.0,1284.3369949458752,lithospheric_mantle,other
LOSO,ElasticNet,T_C,opx_liq,raw,553,10.0,1370.0,1333.5130448223915,deep_crustal_MASH,mantle_melting
LOSO,ElasticNet,T_C,opx_liq,raw,554,10.0,1349.0,1331.303548535463,deep_crustal_MASH,mantle_melting
LOSO,ElasticNet,T_C,opx_liq,raw,555,10.0,1411.0,1370.5681752105481,deep_crustal_MASH,mantle_melting
LOSO,ElasticNet,T_C,opx_liq,raw,556,10.0,1344.0,1314.2046046855232,deep_crustal_MASH,mantle_melting
LOSO,ElasticNet,T_C,opx_liq,raw,557,10.0,1381.0,1320.4859331910518,deep_crustal_MASH,mantle_melting
LOSO,ElasticNet,T_C,opx_liq,raw,558,10.0,1325.0,1283.3530337020795,deep_crustal_MASH,mantle_melting
LOSO,ElasticNet,T_C,opx_liq,raw,559,10.0,1363.0,1331.9986166348806,deep_crustal_MASH,mantle_melting
LOSO,ElasticNet,T_C,opx_liq,raw,560,10.0,1349.0,1338.1232584335708,deep_crustal_MASH,mantle_melting
LOSO,ElasticNet,T_C,opx_liq,raw,561,10.0,1371.0,1372.040048344165,deep_crustal_MASH,mantle_melting
LOSO,ElasticNet,T_C,opx_liq,raw,562,10.0,1355.0,1332.9801728881846,deep_crustal_MASH,mantle_melting
LOSO,ElasticNet,T_C,opx_liq,raw,563,30.0,1600.0,1516.1589897776753,deeper_mantle,other
LOSO,ElasticNet,T_C,opx_liq,raw,564,30.0,1560.0,1523.0299080087311,deeper_mantle,other
LOSO,ElasticNet,T_C,opx_liq,raw,565,30.0,1530.0,1486.9165629171243,deeper_mantle,other
LOSO,ElasticNet,T_C,opx_liq,raw,566,30.0,1560.0,1499.7999324302307,deeper_mantle,other
LOSO,ElasticNet,T_C,opx_liq,raw,567,30.0,1550.0,1501.6433583060016,deeper_mantle,other
LOSO,ElasticNet,T_C,opx_liq,raw,568,10.0,1380.0,1360.2839015865309,deep_crustal_MASH,mantle_melting
LOSO,ElasticNet,T_C,opx_liq,raw,569,10.0,1371.0,1337.7369767729915,deep_crustal_MASH,mantle_melting
LOSO,ElasticNet,T_C,opx_liq,raw,570,12.999999523163,1160.0,1143.2449546834785,deep_crustal_MASH,other
LOSO,ElasticNet,T_C,opx_liq,raw,571,12.999999523163,1162.0,1148.6181631752547,deep_crustal_MASH,other
LOSO,ElasticNet,T_C,opx_liq,raw,572,12.999999761581499,1185.0,1156.6726970007746,deep_crustal_MASH,other
LOSO,ElasticNet,T_C,opx_liq,raw,573,12.999999523163,1130.0,1114.6070896858275,deep_crustal_MASH,other
LOSO,ElasticNet,T_C,opx_liq,raw,574,10.0,1160.0,1202.1965107997332,deep_crustal_MASH,other
LOSO,ElasticNet,T_C,opx_liq,raw,575,0.00099999997473788,1071.0,965.8262186762413,shallow_crustal,other
LOSO,ElasticNet,T_C,opx_liq,raw,576,6.999999880790701,1155.0,1146.2526521996308,deep_crustal_MASH,other
LOSO,ElasticNet,T_C,opx_liq,raw,577,10.0,1130.0,1165.0386177416576,deep_crustal_MASH,other
LOSO,ElasticNet,T_C,opx_liq,raw,578,10.0,1100.0,1135.9064339556849,deep_crustal_MASH,other
LOSO,ElasticNet,T_C,opx_liq,raw,579,6.999999880790701,1145.0,1172.5202570352285,deep_crustal_MASH,other
LOSO,ElasticNet,T_C,opx_liq,raw,580,27.999999523163,1570.0,1456.241371390333,lithospheric_mantle,MORB
LOSO,ElasticNet,T_C,opx_liq,raw,581,27.999999523163,1547.5,1458.1004726099204,lithospheric_mantle,MORB
LOSO,ElasticNet,T_C,opx_liq,raw,582,27.999999523163,1565.0,1477.6658714614339,lithospheric_mantle,MORB
LOSO,ElasticNet,T_C,opx_liq,raw,583,15.0,1175.0,1270.3981718650823,lithospheric_mantle,mantle_melting
LOSO,ElasticNet,T_C,opx_liq,raw,584,15.0,1175.0,1246.6134060623208,lithospheric_mantle,mantle_melting
LOSO,ElasticNet,T_C,opx_liq,raw,585,20.0,1200.0,1296.3848220388595,lithospheric_mantle,mantle_melting
LOSO,ElasticNet,T_C,opx_liq,raw,586,20.0,1300.0,1385.2470615815664,lithospheric_mantle,mantle_melting
LOSO,ElasticNet,T_C,opx_liq,raw,587,15.0,1400.0,1345.122625701127,lithospheric_mantle,mantle_melting
LOSO,ElasticNet,T_C,opx_liq,raw,588,20.0,1450.0,1370.6288717559057,lithospheric_mantle,mantle_melting
LOSO,ElasticNet,T_C,opx_liq,raw,589,20.0,1250.0,1346.6455817564738,lithospheric_mantle,mantle_melting
LOSO,ElasticNet,T_C,opx_liq,raw,590,15.0,1200.0,1271.3408274016779,lithospheric_mantle,mantle_melting
LOSO,ElasticNet,T_C,opx_liq,raw,591,20.0,1300.0,1390.5208161932483,lithospheric_mantle,mantle_melting
LOSO,ElasticNet,T_C,opx_liq,raw,592,20.0,1450.0,1414.7533678145824,lithospheric_mantle,mantle_melting
LOSO,ElasticNet,T_C,opx_liq,raw,593,20.0,1275.0,1361.0702035532233,lithospheric_mantle,mantle_melting
LOSO,ElasticNet,T_C,opx_liq,raw,594,20.0,1425.0,1409.0934043810898,lithospheric_mantle,mantle_melting
LOSO,ElasticNet,T_C,opx_liq,raw,595,15.0,1450.0,1411.2514351975838,lithospheric_mantle,mantle_melting
LOSO,ElasticNet,T_C,opx_liq,raw,596,20.0,1475.0,1441.586301158418,lithospheric_mantle,mantle_melting
LOSO,ElasticNet,T_C,opx_liq,raw,597,0.001,1300.0,1246.3714869167852,shallow_crustal,other
LOSO,ElasticNet,T_C,opx_liq,raw,598,0.001,1300.0,1240.3950529550723,shallow_crustal,other
LOSO,ElasticNet,T_C,opx_liq,raw,599,0.001,1300.0,1235.5314910393874,shallow_crustal,other
ClusterKFold,ElasticNet,T_C,opx_liq,raw,0,12.496285693092789,1171.142857142857,1226.2607074047075,deep_crustal_MASH,other
ClusterKFold,ElasticNet,T_C,opx_liq,raw,1,4.9849998950958,1052.0,1144.0869408372814,shallow_crustal,basalt
ClusterKFold,ElasticNet,T_C,opx_liq,raw,2,0.001,1287.0,1278.8517615563435,shallow_crustal,other
ClusterKFold,ElasticNet,T_C,opx_liq,raw,3,0.001,1209.0,1219.8292369251544,shallow_crustal,other
ClusterKFold,ElasticNet,T_C,opx_liq,raw,4,3.0000001192093,875.0,1009.1587468704347,shallow_crustal,metamorphic
ClusterKFold,ElasticNet,T_C,opx_liq,raw,5,5.0,925.0,998.657102372408,deep_crustal_MASH,metamorphic
ClusterKFold,ElasticNet,T_C,opx_liq,raw,6,3.0000001192093,925.0,1142.092168761635,shallow_crustal,metamorphic
ClusterKFold,ElasticNet,T_C,opx_liq,raw,7,1.0000000149012,940.0,1011.270724823971,shallow_crustal,arc_silicic
ClusterKFold,ElasticNet,T_C,opx_liq,raw,8,1.0000000149012,925.0,1098.9714113435593,shallow_crustal,arc_silicic
ClusterKFold,ElasticNet,T_C,opx_liq,raw,9,11.00000001490115,1060.0,999.6057587179682,deep_crustal_MASH,other
ClusterKFold,ElasticNet,T_C,opx_liq,raw,10,6.100000236183325,1056.5,1374.5537238690376,deep_crustal_MASH,other
ClusterKFold,ElasticNet,T_C,opx_liq,raw,11,4.8249998688698,1150.0,1077.1281733098542,shallow_crustal,basalt
ClusterKFold,ElasticNet,T_C,opx_liq,raw,12,2.0000000298022997,1020.0,998.206751264966,shallow_crustal,other
ClusterKFold,ElasticNet,T_C,opx_liq,raw,13,0.001,1281.0,1281.2625378094742,shallow_crustal,other
ClusterKFold,ElasticNet,T_C,opx_liq,raw,14,11.02628122898306,1213.15625,1253.1431241233531,deep_crustal_MASH,other
ClusterKFold,ElasticNet,T_C,opx_liq,raw,15,35.66666682561233,1336.6666666666667,1394.6586309258187,deeper_mantle,other
ClusterKFold,ElasticNet,T_C,opx_liq,raw,16,0.001,1202.0,1230.4169324547283,shallow_crustal,other
ClusterKFold,ElasticNet,T_C,opx_liq,raw,17,5.0,1060.0,1036.3178594161918,deep_crustal_MASH,other
ClusterKFold,ElasticNet,T_C,opx_liq,raw,18,11.119025624851448,1196.5897435897436,1302.0373265894289,deep_crustal_MASH,other
ClusterKFold,ElasticNet,T_C,opx_liq,raw,19,8.78518178494235,1221.2727272727273,1377.8094864404297,deep_crustal_MASH,mantle_melting
ClusterKFold,ElasticNet,T_C,opx_liq,raw,20,9.275884610137489,1154.6923076923076,1094.243784554053,deep_crustal_MASH,mantle_melting
ClusterKFold,ElasticNet,T_C,opx_liq,raw,21,10.399999991059305,840.0,1131.3558119471231,deep_crustal_MASH,basalt
ClusterKFold,ElasticNet,T_C,opx_liq,raw,22,15.0,1300.0,1256.772438569088,lithospheric_mantle,mantle_melting
ClusterKFold,ElasticNet,T_C,opx_liq,raw,23,12.28362969507237,1109.5185185185185,1301.9111046309633,deep_crustal_MASH,mantle_melting
ClusterKFold,ElasticNet,T_C,opx_liq,raw,24,10.0,1125.0,1126.6277258309344,deep_crustal_MASH,basalt
ClusterKFold,ElasticNet,T_C,opx_liq,raw,25,0.00099999997473788,1085.0,1119.9708367664334,shallow_crustal,basalt
ClusterKFold,ElasticNet,T_C,opx_liq,raw,26,12.56707144985703,1110.142857142857,1355.6537199225268,deep_crustal_MASH,mantle_melting
ClusterKFold,ElasticNet,T_C,opx_liq,raw,27,8.086285725460572,1187.095238095238,1196.0318749105952,deep_crustal_MASH,basalt
ClusterKFold,ElasticNet,T_C,opx_liq,raw,28,7.659611106178159,1149.2222222222222,957.6039810271582,deep_crustal_MASH,basalt
ClusterKFold,ElasticNet,T_C,opx_liq,raw,29,20.0,1500.0,1462.9492429581578,lithospheric_mantle,partitioning
ClusterKFold,ElasticNet,T_C,opx_liq,raw,30,5.0,900.0,977.5169742110378,deep_crustal_MASH,metamorphic
ClusterKFold,ElasticNet,T_C,opx_liq,raw,31,10.0,1125.0,1114.4283004625179,deep_crustal_MASH,basalt
ClusterKFold,ElasticNet,T_C,opx_liq,raw,32,30.0,1530.0,1457.719218950401,deeper_mantle,mantle_melting
ClusterKFold,ElasticNet,T_C,opx_liq,raw,33,30.0,1580.0,1502.7719424759566,deeper_mantle,mantle_melting
ClusterKFold,ElasticNet,T_C,opx_liq,raw,34,7.195500025760334,1121.95,1041.4586852550538,deep_crustal_MASH,basalt
ClusterKFold,ElasticNet,T_C,opx_liq,raw,35,5.369384613849325,1141.7692307692307,1278.3963290560162,deep_crustal_MASH,arc_silicic
ClusterKFold,ElasticNet,T_C,opx_liq,raw,36,30.0,1550.0,1493.998776396651,deeper_mantle,partitioning
ClusterKFold,ElasticNet,T_C,opx_liq,raw,37,20.0,1410.0,1440.4411717387325,lithospheric_mantle,basalt
ClusterKFold,ElasticNet,T_C,opx_liq,raw,38,40.0,1660.0,1567.4285411973874,deeper_mantle,mantle_melting
ClusterKFold,ElasticNet,T_C,opx_liq,raw,39,40.0,1610.0,1555.9044868505885,deeper_mantle,mantle_melting
ClusterKFold,ElasticNet,T_C,opx_liq,raw,40,45.0,1650.0,1659.9611165026008,deeper_mantle,mantle_melting
ClusterKFold,ElasticNet,T_C,opx_liq,raw,41,6.469000022348593,1128.0,1047.6686666534013,deep_crustal_MASH,mantle_melting
ClusterKFold,ElasticNet,T_C,opx_liq,raw,42,7.022909071941695,1062.6363636363637,1064.2597469574077,deep_crustal_MASH,mantle_melting
ClusterKFold,ElasticNet,T_C,opx_liq,raw,43,10.0,1300.0,1240.1311000375279,deep_crustal_MASH,MORB
ClusterKFold,ElasticNet,T_C,opx_liq,raw,44,10.0,1350.0,1242.8900053536815,deep_crustal_MASH,MORB
ClusterKFold,ElasticNet,T_C,opx_liq,raw,45,20.0,1450.0,1397.3891568498514,lithospheric_mantle,MORB
ClusterKFold,ElasticNet,T_C,opx_liq,raw,46,7.87644445708062,1085.6666666666667,1046.0213519573804,deep_crustal_MASH,mantle_melting
ClusterKFold,ElasticNet,T_C,opx_liq,raw,47,9.693111129707756,1148.4444444444443,1023.328094668106,deep_crustal_MASH,arc_silicic
ClusterKFold,ElasticNet,T_C,opx_liq,raw,48,10.0,1270.0,1242.3311347868998,deep_crustal_MASH,mantle_melting
ClusterKFold,ElasticNet,T_C,opx_liq,raw,49,15.250125059604626,1156.875,1254.247777127537,lithospheric_mantle,mantle_melting
ClusterKFold,ElasticNet,T_C,opx_liq,raw,50,17.999999952316198,1096.0,1450.3043988386787,lithospheric_mantle,mantle_melting
ClusterKFold,ElasticNet,T_C,opx_liq,raw,51,60.0,1770.0,1668.037023253722,deeper_mantle,mantle_melting
ClusterKFold,ElasticNet,T_C,opx_liq,raw,52,1.1000000126659748,912.5,1054.9836426818815,shallow_crustal,other
ClusterKFold,ElasticNet,T_C,opx_liq,raw,53,0.0010132500028703,1137.0,1137.0989068802194,shallow_crustal,basalt
ClusterKFold,ElasticNet,T_C,opx_liq,raw,54,0.0010132500028703,1106.0,1051.1623018753778,shallow_crustal,basalt
ClusterKFold,ElasticNet,T_C,opx_liq,raw,55,0.00099999997473788,1140.0,1138.4335432288906,shallow_crustal,arc_silicic
ClusterKFold,ElasticNet,T_C,opx_liq,raw,56,6.666999999991579,1262.3333333333333,1364.4975466405701,deep_crustal_MASH,other
ClusterKFold,ElasticNet,T_C,opx_liq,raw,57,7.500499999987369,1220.5,1337.684989041336,deep_crustal_MASH,other
ClusterKFold,ElasticNet,T_C,opx_liq,raw,58,15.0,1350.0,1378.954845936311,lithospheric_mantle,other
ClusterKFold,ElasticNet,T_C,opx_liq,raw,59,7.500499999987369,1237.5,1395.591360738751,deep_crustal_MASH,other
ClusterKFold,ElasticNet,T_C,opx_liq,raw,60,15.0,1400.0,1415.3381213540551,lithospheric_mantle,other
ClusterKFold,ElasticNet,T_C,opx_liq,raw,61,10.0,1275.0,1298.4499699076532,deep_crustal_MASH,other
ClusterKFold,ElasticNet,T_C,opx_liq,raw,62,10.000333333324912,1261.3333333333333,1276.4930654594425,deep_crustal_MASH,other
ClusterKFold,ElasticNet,T_C,opx_liq,raw,63,13.500000238418501,1330.0,1329.517878877701,deep_crustal_MASH,other
ClusterKFold,ElasticNet,T_C,opx_liq,raw,64,6.666999999991579,1264.3333333333333,1331.5905740266621,deep_crustal_MASH,other
ClusterKFold,ElasticNet,T_C,opx_liq,raw,65,20.0,1400.0,1323.0047084350665,lithospheric_mantle,other
ClusterKFold,ElasticNet,T_C,opx_liq,raw,66,15.0,1320.0,1308.9249743972723,lithospheric_mantle,basalt
ClusterKFold,ElasticNet,T_C,opx_liq,raw,67,25.0,1400.0,1330.3010087146736,lithospheric_mantle,basalt
ClusterKFold,ElasticNet,T_C,opx_liq,raw,68,20.0,1350.0,1307.8487005033242,lithospheric_mantle,basalt
ClusterKFold,ElasticNet,T_C,opx_liq,raw,69,8.0,1250.0,1282.2032352623328,deep_crustal_MASH,basalt
ClusterKFold,ElasticNet,T_C,opx_liq,raw,70,20.0,1450.0,1441.005105598128,lithospheric_mantle,other
ClusterKFold,ElasticNet,T_C,opx_liq,raw,71,21.0,1340.0,1381.0708184021482,lithospheric_mantle,other
ClusterKFold,ElasticNet,T_C,opx_liq,raw,72,20.0,1340.0,1389.6631818213546,lithospheric_mantle,other
ClusterKFold,ElasticNet,T_C,opx_liq,raw,73,21.0,1425.0,1371.1683154086656,lithospheric_mantle,other
ClusterKFold,ElasticNet,T_C,opx_liq,raw,74,27.999999523163,1530.0,1482.7561134010082,lithospheric_mantle,other
ClusterKFold,ElasticNet,T_C,opx_liq,raw,75,38.9999997615815,1602.5,1469.619852155903,deeper_mantle,other
ClusterKFold,ElasticNet,T_C,opx_liq,raw,76,9.3000000715256,1000.0,1000.758208988161,deep_crustal_MASH,basalt
ClusterKFold,ElasticNet,T_C,opx_liq,raw,77,9.3000000715256,1040.0,1077.743923515984,deep_crustal_MASH,basalt
ClusterKFold,ElasticNet,T_C,opx_liq,raw,78,12.000000476837,1360.0,1322.5595863755223,deep_crustal_MASH,other
ClusterKFold,ElasticNet,T_C,opx_liq,raw,79,30.0,1445.0,1424.601786214108,deeper_mantle,mantle_melting
ClusterKFold,ElasticNet,T_C,opx_liq,raw,80,30.0,1440.0,1405.6939912591129,deeper_mantle,mantle_melting
ClusterKFold,ElasticNet,T_C,opx_liq,raw,81,30.0,1465.0,1469.0788612662739,deeper_mantle,mantle_melting
ClusterKFold,ElasticNet,T_C,opx_liq,raw,82,30.0,1465.0,1448.8967576023538,deeper_mantle,mantle_melting
ClusterKFold,ElasticNet,T_C,opx_liq,raw,83,30.0,1465.0,1465.9317467911283,deeper_mantle,mantle_melting
ClusterKFold,ElasticNet,T_C,opx_liq,raw,84,30.0,1440.0,1444.5516562491334,deeper_mantle,mantle_melting
ClusterKFold,ElasticNet,T_C,opx_liq,raw,85,30.0,1470.0,1444.3308686923642,deeper_mantle,mantle_melting
ClusterKFold,ElasticNet,T_C,opx_liq,raw,86,30.0,1440.0,1444.4493148364584,deeper_mantle,mantle_melting
ClusterKFold,ElasticNet,T_C,opx_liq,raw,87,30.0,1470.0,1448.8895518128525,deeper_mantle,mantle_melting
ClusterKFold,ElasticNet,T_C,opx_liq,raw,88,30.0,1470.0,1438.3638237538812,deeper_mantle,mantle_melting
ClusterKFold,ElasticNet,T_C,opx_liq,raw,89,22.0,1400.0,1344.5910743443117,lithospheric_mantle,basalt
ClusterKFold,ElasticNet,T_C,opx_liq,raw,90,30.0,1430.0,1419.7798962586369,deeper_mantle,mantle_melting
ClusterKFold,ElasticNet,T_C,opx_liq,raw,91,30.0,1400.0,1413.2145907716585,deeper_mantle,basalt
ClusterKFold,ElasticNet,T_C,opx_liq,raw,92,30.0,1435.0,1440.1916623544312,deeper_mantle,mantle_melting
ClusterKFold,ElasticNet,T_C,opx_liq,raw,93,30.0,1430.0,1419.6660456374436,deeper_mantle,mantle_melting
ClusterKFold,ElasticNet,T_C,opx_liq,raw,94,25.0,1450.0,1396.2628528649975,lithospheric_mantle,basalt
ClusterKFold,ElasticNet,T_C,opx_liq,raw,95,20.0,1375.0,1353.1753160954056,lithospheric_mantle,basalt
ClusterKFold,ElasticNet,T_C,opx_liq,raw,96,8.0,1230.0,1264.6208285568396,deep_crustal_MASH,basalt
ClusterKFold,ElasticNet,T_C,opx_liq,raw,97,30.0,1430.0,1360.124399653614,deeper_mantle,basalt
ClusterKFold,ElasticNet,T_C,opx_liq,raw,98,30.0,1450.0,1459.4747291897595,deeper_mantle,mantle_melting
ClusterKFold,ElasticNet,T_C,opx_liq,raw,99,30.0,1450.0,1463.3579235342604,deeper_mantle,mantle_melting
ClusterKFold,ElasticNet,T_C,opx_liq,raw,100,10.0,900.0,907.188952695257,deep_crustal_MASH,metamorphic
ClusterKFold,ElasticNet,T_C,opx_liq,raw,101,10.0,925.0,951.5979540183332,deep_crustal_MASH,metamorphic
ClusterKFold,ElasticNet,T_C,opx_liq,raw,102,10.0,950.0,944.4934870715877,deep_crustal_MASH,metamorphic
ClusterKFold,ElasticNet,T_C,opx_liq,raw,103,6.999999880790701,950.0,962.4466125716713,deep_crustal_MASH,metamorphic
ClusterKFold,ElasticNet,T_C,opx_liq,raw,104,10.0,1000.0,989.7900888908407,deep_crustal_MASH,metamorphic
ClusterKFold,ElasticNet,T_C,opx_liq,raw,105,15.0,950.0,990.2400986309635,lithospheric_mantle,metamorphic
ClusterKFold,ElasticNet,T_C,opx_liq,raw,106,10.0,910.0,976.4114142214573,deep_crustal_MASH,metamorphic
ClusterKFold,ElasticNet,T_C,opx_liq,raw,107,6.999999880790701,900.0,937.337948476596,deep_crustal_MASH,metamorphic
ClusterKFold,ElasticNet,T_C,opx_liq,raw,108,6.999999880790701,938.0,983.8529760352803,deep_crustal_MASH,metamorphic
ClusterKFold,ElasticNet,T_C,opx_liq,raw,109,12.5,930.0,976.176272255353,deep_crustal_MASH,metamorphic
ClusterKFold,ElasticNet,T_C,opx_liq,raw,110,10.0,975.0,988.8489159937551,deep_crustal_MASH,metamorphic
ClusterKFold,ElasticNet,T_C,opx_liq,raw,111,10.0,1000.0,995.7254640272154,deep_crustal_MASH,metamorphic
ClusterKFold,ElasticNet,T_C,opx_liq,raw,112,6.999999880790701,1000.0,1079.6834839233381,deep_crustal_MASH,basalt
ClusterKFold,ElasticNet,T_C,opx_liq,raw,113,5.0,1000.0,1020.0585299046375,deep_crustal_MASH,basalt
ClusterKFold,ElasticNet,T_C,opx_liq,raw,114,12.000000476837,1300.0,1053.9787861747275,deep_crustal_MASH,basalt
ClusterKFold,ElasticNet,T_C,opx_liq,raw,115,21.800000667572,1460.0,1445.9064812653419,lithospheric_mantle,other
ClusterKFold,ElasticNet,T_C,opx_liq,raw,116,12.89999961853,1385.0,1383.1018675629334,deep_crustal_MASH,other
ClusterKFold,ElasticNet,T_C,opx_liq,raw,117,27.999999523163,1550.0,1488.6603800171804,lithospheric_mantle,other
ClusterKFold,ElasticNet,T_C,opx_liq,raw,118,16.000000238419002,1255.0,1311.782518183808,lithospheric_mantle,mantle_melting
ClusterKFold,ElasticNet,T_C,opx_liq,raw,119,12.000000238418501,1315.0,1318.9896900108315,deep_crustal_MASH,mantle_melting
ClusterKFold,ElasticNet,T_C,opx_liq,raw,120,11.000000238418501,1215.0,1324.4404645718516,deep_crustal_MASH,mantle_melting
ClusterKFold,ElasticNet,T_C,opx_liq,raw,121,16.000000238419002,1355.0,1350.3861205736569,lithospheric_mantle,mantle_melting
ClusterKFold,ElasticNet,T_C,opx_liq,raw,122,12.000000476837,1345.0,1325.1368096930862,deep_crustal_MASH,mantle_melting
ClusterKFold,ElasticNet,T_C,opx_liq,raw,123,12.000000476837,1215.0,1269.8507626403514,deep_crustal_MASH,mantle_melting
ClusterKFold,ElasticNet,T_C,opx_liq,raw,124,12.000000476837,1230.0,1305.128395690303,deep_crustal_MASH,mantle_melting
ClusterKFold,ElasticNet,T_C,opx_liq,raw,125,12.000000238418501,1185.0,1246.1819773177517,deep_crustal_MASH,mantle_melting
ClusterKFold,ElasticNet,T_C,opx_liq,raw,126,12.000000476837,1200.0,1261.4160394770345,deep_crustal_MASH,mantle_melting
ClusterKFold,ElasticNet,T_C,opx_liq,raw,127,12.000000476837,1245.0,1298.0720661973671,deep_crustal_MASH,mantle_melting
ClusterKFold,ElasticNet,T_C,opx_liq,raw,128,16.000000238419002,1245.0,1304.2516855453823,lithospheric_mantle,mantle_melting
ClusterKFold,ElasticNet,T_C,opx_liq,raw,129,16.000000238419002,1260.0,1305.9777622102868,lithospheric_mantle,mantle_melting
ClusterKFold,ElasticNet,T_C,opx_liq,raw,130,20.0,1290.0,1349.551871376114,lithospheric_mantle,mantle_melting
ClusterKFold,ElasticNet,T_C,opx_liq,raw,131,16.000000119209503,1230.0,1308.0297731528076,lithospheric_mantle,mantle_melting
ClusterKFold,ElasticNet,T_C,opx_liq,raw,132,12.000000476837,1200.0,1258.5810924843847,deep_crustal_MASH,mantle_melting
ClusterKFold,ElasticNet,T_C,opx_liq,raw,133,12.000000476837,1200.0,1257.4223407126065,deep_crustal_MASH,mantle_melting
ClusterKFold,ElasticNet,T_C,opx_liq,raw,134,12.000000476837,1170.0,1229.0692854211488,deep_crustal_MASH,mantle_melting
ClusterKFold,ElasticNet,T_C,opx_liq,raw,135,16.000000119209503,1370.0,1363.6888740184072,lithospheric_mantle,mantle_melting
ClusterKFold,ElasticNet,T_C,opx_liq,raw,136,15.0,1400.0,1342.4100602985432,lithospheric_mantle,basalt
ClusterKFold,ElasticNet,T_C,opx_liq,raw,137,20.0,1275.0,1332.51417638866,lithospheric_mantle,mantle_melting
ClusterKFold,ElasticNet,T_C,opx_liq,raw,138,0.0010132500028703,1202.0,1222.751156469334,shallow_crustal,basalt
ClusterKFold,ElasticNet,T_C,opx_liq,raw,139,12.000000476837,1200.0,1253.5600432460055,deep_crustal_MASH,mantle_melting
ClusterKFold,ElasticNet,T_C,opx_liq,raw,140,12.000000476837,1185.0,1253.815145413387,deep_crustal_MASH,mantle_melting
ClusterKFold,ElasticNet,T_C,opx_liq,raw,141,12.0,1325.0,1310.0161553607527,deep_crustal_MASH,basalt
ClusterKFold,ElasticNet,T_C,opx_liq,raw,142,15.0,1365.0,1347.5907855294943,lithospheric_mantle,basalt
ClusterKFold,ElasticNet,T_C,opx_liq,raw,143,17.0,1365.0,1316.6547210094777,lithospheric_mantle,basalt
ClusterKFold,ElasticNet,T_C,opx_liq,raw,144,8.0,1250.0,1263.98557288111,deep_crustal_MASH,basalt
ClusterKFold,ElasticNet,T_C,opx_liq,raw,145,28.0,1430.0,1358.4546987701438,lithospheric_mantle,basalt
ClusterKFold,ElasticNet,T_C,opx_liq,raw,146,10.0,1320.0,1342.8228012506315,deep_crustal_MASH,basalt
ClusterKFold,ElasticNet,T_C,opx_liq,raw,147,12.000000476837,1150.0,1149.4442207430686,deep_crustal_MASH,arc_silicic
ClusterKFold,ElasticNet,T_C,opx_liq,raw,148,12.000000476837,1150.0,1178.0754263768292,deep_crustal_MASH,arc_silicic
ClusterKFold,ElasticNet,T_C,opx_liq,raw,149,12.000000476837,1150.0,1124.707705292562,deep_crustal_MASH,arc_silicic
ClusterKFold,ElasticNet,T_C,opx_liq,raw,150,12.000000476837,1190.0,1217.950930987256,deep_crustal_MASH,arc_silicic
ClusterKFold,ElasticNet,T_C,opx_liq,raw,151,12.000000476837,1190.0,1190.9305432408019,deep_crustal_MASH,arc_silicic
ClusterKFold,ElasticNet,T_C,opx_liq,raw,152,12.000000476837,1190.0,1172.0123757008412,deep_crustal_MASH,arc_silicic
ClusterKFold,ElasticNet,T_C,opx_liq,raw,153,12.000000476837,1110.0,1109.6132246631942,deep_crustal_MASH,arc_silicic
ClusterKFold,ElasticNet,T_C,opx_liq,raw,154,12.000000476837,1110.0,1128.9847641880062,deep_crustal_MASH,arc_silicic
ClusterKFold,ElasticNet,T_C,opx_liq,raw,155,12.000000476837,1210.0,1205.1311752266595,deep_crustal_MASH,arc_silicic
ClusterKFold,ElasticNet,T_C,opx_liq,raw,156,12.000000476837,1230.0,1220.9228202082031,deep_crustal_MASH,arc_silicic
ClusterKFold,ElasticNet,T_C,opx_liq,raw,157,0.0010132500028703,1191.0,1219.9900280056568,shallow_crustal,basalt
ClusterKFold,ElasticNet,T_C,opx_liq,raw,158,0.0010132500028703,1202.0,1214.5232709407671,shallow_crustal,basalt
ClusterKFold,ElasticNet,T_C,opx_liq,raw,159,12.000000476837,1150.0,1111.2324357288269,deep_crustal_MASH,arc_silicic
ClusterKFold,ElasticNet,T_C,opx_liq,raw,160,12.000000476837,1070.0,1057.3790176661737,deep_crustal_MASH,arc_silicic
ClusterKFold,ElasticNet,T_C,opx_liq,raw,161,12.000000476837,1190.0,1160.6757897950815,deep_crustal_MASH,arc_silicic
ClusterKFold,ElasticNet,T_C,opx_liq,raw,162,12.000000476837,1230.0,1210.3361631851674,deep_crustal_MASH,arc_silicic
ClusterKFold,ElasticNet,T_C,opx_liq,raw,163,12.000000476837,1110.0,1084.7699823123078,deep_crustal_MASH,arc_silicic
ClusterKFold,ElasticNet,T_C,opx_liq,raw,164,12.000000476837,1070.0,1057.560503067276,deep_crustal_MASH,arc_silicic
ClusterKFold,ElasticNet,T_C,opx_liq,raw,165,12.000000476837,1230.0,1225.2835439994194,deep_crustal_MASH,arc_silicic
ClusterKFold,ElasticNet,T_C,opx_liq,raw,166,12.000000476837,1030.0,1032.1580539586625,deep_crustal_MASH,arc_silicic
ClusterKFold,ElasticNet,T_C,opx_liq,raw,167,12.000000476837,1230.0,1213.7295250513976,deep_crustal_MASH,arc_silicic
ClusterKFold,ElasticNet,T_C,opx_liq,raw,168,20.0,1425.0,1399.92635851495,lithospheric_mantle,mantle_melting
ClusterKFold,ElasticNet,T_C,opx_liq,raw,169,20.0,1425.0,1376.7992728042532,lithospheric_mantle,mantle_melting
ClusterKFold,ElasticNet,T_C,opx_liq,raw,170,20.0,1425.0,1394.4494781399717,lithospheric_mantle,mantle_melting
ClusterKFold,ElasticNet,T_C,opx_liq,raw,171,10.0,1280.0,1248.1041718398278,deep_crustal_MASH,mantle_melting
ClusterKFold,ElasticNet,T_C,opx_liq,raw,172,10.0,1250.0,1207.48728422496,deep_crustal_MASH,mantle_melting
ClusterKFold,ElasticNet,T_C,opx_liq,raw,173,10.0,1260.0,1229.6654193179193,deep_crustal_MASH,mantle_melting
ClusterKFold,ElasticNet,T_C,opx_liq,raw,174,24.0,1440.0,1387.4428577558806,lithospheric_mantle,mantle_melting
ClusterKFold,ElasticNet,T_C,opx_liq,raw,175,26.0,1440.0,1352.239835566053,lithospheric_mantle,mantle_melting
ClusterKFold,ElasticNet,T_C,opx_liq,raw,176,24.0,1420.0,1350.2831395169587,lithospheric_mantle,mantle_melting
ClusterKFold,ElasticNet,T_C,opx_liq,raw,177,22.0,1420.0,1385.624388310542,lithospheric_mantle,mantle_melting
ClusterKFold,ElasticNet,T_C,opx_liq,raw,178,22.0,1410.0,1385.3765674629512,lithospheric_mantle,mantle_melting
ClusterKFold,ElasticNet,T_C,opx_liq,raw,179,20.0,1325.0,1129.5993239537188,lithospheric_mantle,arc_silicic
ClusterKFold,ElasticNet,T_C,opx_liq,raw,180,20.0,1350.0,1196.132445762058,lithospheric_mantle,arc_silicic
ClusterKFold,ElasticNet,T_C,opx_liq,raw,181,5.0,1100.0,1142.9402226298505,deep_crustal_MASH,arc_silicic
ClusterKFold,ElasticNet,T_C,opx_liq,raw,182,2.1299999952316,876.0,947.8396153799133,shallow_crustal,arc_silicic
ClusterKFold,ElasticNet,T_C,opx_liq,raw,183,10.0,925.0,1045.1799103221963,deep_crustal_MASH,basalt
ClusterKFold,ElasticNet,T_C,opx_liq,raw,184,12.000000476837,1150.0,1170.308315670296,deep_crustal_MASH,mantle_melting
ClusterKFold,ElasticNet,T_C,opx_liq,raw,185,10.0,1250.0,1202.7147214138336,deep_crustal_MASH,arc_silicic
ClusterKFold,ElasticNet,T_C,opx_liq,raw,186,10.0,1225.0,1157.6693749508022,deep_crustal_MASH,arc_silicic
ClusterKFold,ElasticNet,T_C,opx_liq,raw,187,10.0,1175.0,1138.2306898412905,deep_crustal_MASH,arc_silicic
ClusterKFold,ElasticNet,T_C,opx_liq,raw,188,10.0,1275.0,1258.924695221346,deep_crustal_MASH,arc_silicic
ClusterKFold,ElasticNet,T_C,opx_liq,raw,189,15.0,1275.0,1176.9577911745178,lithospheric_mantle,arc_silicic
ClusterKFold,ElasticNet,T_C,opx_liq,raw,190,12.000000476837,1225.0,1133.7498473949963,deep_crustal_MASH,arc_silicic
ClusterKFold,ElasticNet,T_C,opx_liq,raw,191,15.0,1300.0,1258.9451661529718,lithospheric_mantle,arc_silicic
ClusterKFold,ElasticNet,T_C,opx_liq,raw,192,15.0,1340.0,1473.9503886788555,lithospheric_mantle,other
ClusterKFold,ElasticNet,T_C,opx_liq,raw,193,0.00099999997473788,1270.0,1307.5429281916645,shallow_crustal,other
ClusterKFold,ElasticNet,T_C,opx_liq,raw,194,10.0,1270.0,1202.087156380529,deep_crustal_MASH,other
ClusterKFold,ElasticNet,T_C,opx_liq,raw,195,10.0,1260.0,1217.725258394009,deep_crustal_MASH,other
ClusterKFold,ElasticNet,T_C,opx_liq,raw,196,10.0,1360.0,1352.9288181641248,deep_crustal_MASH,other
ClusterKFold,ElasticNet,T_C,opx_liq,raw,197,10.0,1330.0,1278.7185941956564,deep_crustal_MASH,other
ClusterKFold,ElasticNet,T_C,opx_liq,raw,198,10.0,1300.0,1250.0630436554754,deep_crustal_MASH,other
ClusterKFold,ElasticNet,T_C,opx_liq,raw,199,10.0,1375.0,1335.8131987670865,deep_crustal_MASH,other
ClusterKFold,ElasticNet,T_C,opx_liq,raw,200,10.0,1330.0,1268.7904772915965,deep_crustal_MASH,other
ClusterKFold,ElasticNet,T_C,opx_liq,raw,201,10.0,1300.0,1279.1904833890753,deep_crustal_MASH,other
ClusterKFold,ElasticNet,T_C,opx_liq,raw,202,10.0,1360.0,1322.624215505768,deep_crustal_MASH,other
ClusterKFold,ElasticNet,T_C,opx_liq,raw,203,10.0,1270.0,1245.217563069763,deep_crustal_MASH,other
ClusterKFold,ElasticNet,T_C,opx_liq,raw,204,10.0,1315.0,1229.9055024785148,deep_crustal_MASH,other
ClusterKFold,ElasticNet,T_C,opx_liq,raw,205,10.0,1300.0,1264.7340219393911,deep_crustal_MASH,other
ClusterKFold,ElasticNet,T_C,opx_liq,raw,206,10.0,1390.0,1375.3373651663908,deep_crustal_MASH,other
ClusterKFold,ElasticNet,T_C,opx_liq,raw,207,10.0,1270.0,1237.620728933729,deep_crustal_MASH,other
ClusterKFold,ElasticNet,T_C,opx_liq,raw,208,20.0,1380.0,1382.7445382803144,lithospheric_mantle,mantle_melting
ClusterKFold,ElasticNet,T_C,opx_liq,raw,209,2.5,850.0,922.9195529312717,shallow_crustal,other
ClusterKFold,ElasticNet,T_C,opx_liq,raw,210,2.5,850.0,926.4023387584216,shallow_crustal,other
ClusterKFold,ElasticNet,T_C,opx_liq,raw,211,2.5,850.0,908.6486919486535,shallow_crustal,other
ClusterKFold,ElasticNet,T_C,opx_liq,raw,212,1.5000000596046001,850.0,909.6140853416109,shallow_crustal,other
ClusterKFold,ElasticNet,T_C,opx_liq,raw,213,1.5000000596046001,850.0,918.4268232250884,shallow_crustal,other
ClusterKFold,ElasticNet,T_C,opx_liq,raw,214,1.5000000596046001,850.0,921.3187983086309,shallow_crustal,other
ClusterKFold,ElasticNet,T_C,opx_liq,raw,215,1.5000000596046001,850.0,930.2362362561662,shallow_crustal,other
ClusterKFold,ElasticNet,T_C,opx_liq,raw,216,10.0,925.0,896.637496965247,deep_crustal_MASH,other
ClusterKFold,ElasticNet,T_C,opx_liq,raw,217,10.0,950.0,916.106458819305,deep_crustal_MASH,other
ClusterKFold,ElasticNet,T_C,opx_liq,raw,218,10.0,975.0,919.516919564707,deep_crustal_MASH,other
ClusterKFold,ElasticNet,T_C,opx_liq,raw,219,10.0,900.0,895.7580710497741,deep_crustal_MASH,other
ClusterKFold,ElasticNet,T_C,opx_liq,raw,220,12.5,925.0,951.5722300880075,deep_crustal_MASH,other
ClusterKFold,ElasticNet,T_C,opx_liq,raw,221,10.0,1050.0,973.5382989158824,deep_crustal_MASH,other
ClusterKFold,ElasticNet,T_C,opx_liq,raw,222,10.0,1290.0,1284.26987532291,deep_crustal_MASH,basalt
ClusterKFold,ElasticNet,T_C,opx_liq,raw,223,15.0,1340.0,1276.3900890861662,lithospheric_mantle,basalt
ClusterKFold,ElasticNet,T_C,opx_liq,raw,224,15.0,1355.0,1313.0741779019763,lithospheric_mantle,basalt
ClusterKFold,ElasticNet,T_C,opx_liq,raw,225,4.0479999780655005,995.0,1073.785335034133,shallow_crustal,arc_silicic
ClusterKFold,ElasticNet,T_C,opx_liq,raw,226,3.9489999413490002,1016.0,1092.3077526991028,shallow_crustal,arc_silicic
ClusterKFold,ElasticNet,T_C,opx_liq,raw,227,4.2699998617172,1000.0,1078.5783310598047,shallow_crustal,arc_silicic
ClusterKFold,ElasticNet,T_C,opx_liq,raw,228,10.0,1250.0,1218.8361662967886,deep_crustal_MASH,other
ClusterKFold,ElasticNet,T_C,opx_liq,raw,229,11.499999761580998,1275.0,1225.6478941839184,deep_crustal_MASH,other
ClusterKFold,ElasticNet,T_C,opx_liq,raw,230,6.999999880790701,1200.0,1214.8216589188044,deep_crustal_MASH,other
ClusterKFold,ElasticNet,T_C,opx_liq,raw,231,20.0,1350.0,1316.3960772872156,lithospheric_mantle,arc_silicic
ClusterKFold,ElasticNet,T_C,opx_liq,raw,232,15.0,1250.0,1270.3962824220569,lithospheric_mantle,arc_silicic
ClusterKFold,ElasticNet,T_C,opx_liq,raw,233,15.0,1250.0,1279.0681633420784,lithospheric_mantle,arc_silicic
ClusterKFold,ElasticNet,T_C,opx_liq,raw,234,0.0010132500028703,1186.0,1202.6229159387974,shallow_crustal,basalt
ClusterKFold,ElasticNet,T_C,opx_liq,raw,235,0.0010132500028703,1186.0,1231.0830026637793,shallow_crustal,basalt
ClusterKFold,ElasticNet,T_C,opx_liq,raw,236,0.0010132500028703,1176.0,1246.041027750938,shallow_crustal,basalt
ClusterKFold,ElasticNet,T_C,opx_liq,raw,237,0.0010132500028703,1186.0,1255.6150186861953,shallow_crustal,basalt
ClusterKFold,ElasticNet,T_C,opx_liq,raw,238,10.0,1285.0,1294.5485042218947,deep_crustal_MASH,mantle_melting
ClusterKFold,ElasticNet,T_C,opx_liq,raw,239,10.0,1390.0,1422.2874316732216,deep_crustal_MASH,mantle_melting
ClusterKFold,ElasticNet,T_C,opx_liq,raw,240,10.0,1360.0,1381.0789704017725,deep_crustal_MASH,mantle_melting
ClusterKFold,ElasticNet,T_C,opx_liq,raw,241,10.0,1300.0,1246.698052001296,deep_crustal_MASH,mantle_melting
ClusterKFold,ElasticNet,T_C,opx_liq,raw,242,10.0,1390.0,1364.2032802986291,deep_crustal_MASH,mantle_melting
ClusterKFold,ElasticNet,T_C,opx_liq,raw,243,10.0,1330.0,1299.8921213792387,deep_crustal_MASH,mantle_melting
ClusterKFold,ElasticNet,T_C,opx_liq,raw,244,10.0,1300.0,1275.0571713588893,deep_crustal_MASH,mantle_melting
ClusterKFold,ElasticNet,T_C,opx_liq,raw,245,10.0,1390.0,1422.7170594989905,deep_crustal_MASH,mantle_melting
ClusterKFold,ElasticNet,T_C,opx_liq,raw,246,10.0,1360.0,1343.4200933480975,deep_crustal_MASH,mantle_melting
ClusterKFold,ElasticNet,T_C,opx_liq,raw,247,10.0,1270.0,1196.2319838609876,deep_crustal_MASH,mantle_melting
ClusterKFold,ElasticNet,T_C,opx_liq,raw,248,10.0,1300.0,1322.4079935342356,deep_crustal_MASH,mantle_melting
ClusterKFold,ElasticNet,T_C,opx_liq,raw,249,10.0,1270.0,1251.1419845149169,deep_crustal_MASH,mantle_melting
ClusterKFold,ElasticNet,T_C,opx_liq,raw,250,10.0,950.0,1001.168244154448,deep_crustal_MASH,arc_silicic
ClusterKFold,ElasticNet,T_C,opx_liq,raw,251,20.0,1400.0,1379.0947177983003,lithospheric_mantle,mantle_melting
ClusterKFold,ElasticNet,T_C,opx_liq,raw,252,15.0,1300.0,1260.3202020350031,lithospheric_mantle,mantle_melting
ClusterKFold,ElasticNet,T_C,opx_liq,raw,253,15.0,1400.0,1386.0817875506789,lithospheric_mantle,mantle_melting
ClusterKFold,ElasticNet,T_C,opx_liq,raw,254,20.0,1350.0,1349.3663060226966,lithospheric_mantle,mantle_melting
ClusterKFold,ElasticNet,T_C,opx_liq,raw,255,20.0,1400.0,1408.9743933142668,lithospheric_mantle,mantle_melting
ClusterKFold,ElasticNet,T_C,opx_liq,raw,256,10.0,1290.0,1232.648686512494,deep_crustal_MASH,other
ClusterKFold,ElasticNet,T_C,opx_liq,raw,257,0.0010132500028703,1245.0,1330.976173482444,shallow_crustal,basalt
ClusterKFold,ElasticNet,T_C,opx_liq,raw,258,18.999999761580998,1401.0,1322.6169216310395,lithospheric_mantle,MORB
ClusterKFold,ElasticNet,T_C,opx_liq,raw,259,15.0,1355.0,1306.251195456376,lithospheric_mantle,MORB
ClusterKFold,ElasticNet,T_C,opx_liq,raw,260,15.0,1370.0,1348.8661327621226,lithospheric_mantle,MORB
ClusterKFold,ElasticNet,T_C,opx_liq,raw,261,15.0,1365.0,1296.4512452469737,lithospheric_mantle,MORB
ClusterKFold,ElasticNet,T_C,opx_liq,raw,262,15.0,1410.0,1392.0032625913145,lithospheric_mantle,MORB
ClusterKFold,ElasticNet,T_C,opx_liq,raw,263,18.999999761580998,1416.0,1410.0939710615608,lithospheric_mantle,MORB
ClusterKFold,ElasticNet,T_C,opx_liq,raw,264,0.0010132500028703,1245.0,1322.5171446904528,shallow_crustal,basalt
ClusterKFold,ElasticNet,T_C,opx_liq,raw,265,24.000000953674,1485.0,1455.5528811979282,lithospheric_mantle,mantle_melting
ClusterKFold,ElasticNet,T_C,opx_liq,raw,266,27.999999523163,1510.0,1514.0683865680796,lithospheric_mantle,mantle_melting
ClusterKFold,ElasticNet,T_C,opx_liq,raw,267,15.0,1291.0,1330.5580441591278,lithospheric_mantle,mantle_melting
ClusterKFold,ElasticNet,T_C,opx_liq,raw,268,15.0,1318.0,1356.562976555163,lithospheric_mantle,mantle_melting
ClusterKFold,ElasticNet,T_C,opx_liq,raw,269,15.0,1348.0,1370.540849643172,lithospheric_mantle,mantle_melting
ClusterKFold,ElasticNet,T_C,opx_liq,raw,270,15.0,1269.0,1247.0611184535774,lithospheric_mantle,mantle_melting
ClusterKFold,ElasticNet,T_C,opx_liq,raw,271,15.0,1319.0,1383.5785433635808,lithospheric_mantle,mantle_melting
ClusterKFold,ElasticNet,T_C,opx_liq,raw,272,15.0,1289.0,1317.9329684102954,lithospheric_mantle,mantle_melting
ClusterKFold,ElasticNet,T_C,opx_liq,raw,273,15.0,1336.0,1361.4251942246156,lithospheric_mantle,mantle_melting
ClusterKFold,ElasticNet,T_C,opx_liq,raw,274,0.01,1180.0,1207.2023109167533,shallow_crustal,basalt
ClusterKFold,ElasticNet,T_C,opx_liq,raw,275,0.0010132500028703,1245.0,1307.7079629921432,shallow_crustal,basalt
ClusterKFold,ElasticNet,T_C,opx_liq,raw,276,5.0,1100.0,1143.837163243777,deep_crustal_MASH,arc_silicic
ClusterKFold,ElasticNet,T_C,opx_liq,raw,277,10.0,1375.0,1301.7593595985968,deep_crustal_MASH,other
ClusterKFold,ElasticNet,T_C,opx_liq,raw,278,10.0,1375.0,1285.170712237965,deep_crustal_MASH,other
ClusterKFold,ElasticNet,T_C,opx_liq,raw,279,5.0,1150.0,1163.8499551632115,deep_crustal_MASH,arc_silicic
ClusterKFold,ElasticNet,T_C,opx_liq,raw,280,1.0379999876022001,1050.0,1032.2188115030797,shallow_crustal,arc_silicic
ClusterKFold,ElasticNet,T_C,opx_liq,raw,281,1.4749999344348999,1000.0,1033.7821787275766,shallow_crustal,arc_silicic
ClusterKFold,ElasticNet,T_C,opx_liq,raw,282,1.8000000715256002,975.0,1014.0841047161249,shallow_crustal,arc_silicic
ClusterKFold,ElasticNet,T_C,opx_liq,raw,283,1.0080000013113,975.0,999.3928031250274,shallow_crustal,arc_silicic
ClusterKFold,ElasticNet,T_C,opx_liq,raw,284,0.7100000232458099,960.0,996.8548246125661,shallow_crustal,arc_silicic
ClusterKFold,ElasticNet,T_C,opx_liq,raw,285,1.0549999773502,1000.0,1015.9420767209189,shallow_crustal,arc_silicic
ClusterKFold,ElasticNet,T_C,opx_liq,raw,286,2.1259999275208,951.0,967.290460000188,shallow_crustal,arc_silicic
ClusterKFold,ElasticNet,T_C,opx_liq,raw,287,2.1259999275208,951.0,973.5641252709928,shallow_crustal,arc_silicic
ClusterKFold,ElasticNet,T_C,opx_liq,raw,288,2.1259999275208,951.0,972.1303099891281,shallow_crustal,arc_silicic
ClusterKFold,ElasticNet,T_C,opx_liq,raw,289,3.125,925.0,998.0288973060835,shallow_crustal,arc_silicic
ClusterKFold,ElasticNet,T_C,opx_liq,raw,290,1.9799999892712,900.0,979.5755072627159,shallow_crustal,arc_silicic
ClusterKFold,ElasticNet,T_C,opx_liq,raw,291,1.9799999892712,900.0,956.1402256054902,shallow_crustal,arc_silicic
ClusterKFold,ElasticNet,T_C,opx_liq,raw,292,28.0,1580.0,1491.2430363298859,lithospheric_mantle,other
ClusterKFold,ElasticNet,T_C,opx_liq,raw,293,27.9999997615815,1580.5,1495.9055063027524,lithospheric_mantle,mantle_melting
ClusterKFold,ElasticNet,T_C,opx_liq,raw,294,28.0,1615.0,1531.280288651339,lithospheric_mantle,other
ClusterKFold,ElasticNet,T_C,opx_liq,raw,295,32.0,1625.0,1522.146365221557,deeper_mantle,other
ClusterKFold,ElasticNet,T_C,opx_liq,raw,296,32.0,1633.0,1519.4893209444647,deeper_mantle,other
ClusterKFold,ElasticNet,T_C,opx_liq,raw,297,34.0,1650.0,1538.7645193873268,deeper_mantle,other
ClusterKFold,ElasticNet,T_C,opx_liq,raw,298,34.0,1675.0,1569.640163874088,deeper_mantle,other
ClusterKFold,ElasticNet,T_C,opx_liq,raw,299,28.0,1590.0,1509.6496979884628,lithospheric_mantle,other
ClusterKFold,ElasticNet,T_C,opx_liq,raw,300,28.0,1582.0,1511.5971020422726,lithospheric_mantle,other
ClusterKFold,ElasticNet,T_C,opx_liq,raw,301,24.0,1535.0,1460.724347620539,lithospheric_mantle,other
ClusterKFold,ElasticNet,T_C,opx_liq,raw,302,28.0,1600.0,1511.532679739011,lithospheric_mantle,other
ClusterKFold,ElasticNet,T_C,opx_liq,raw,303,15.0,1300.0,1257.598367632743,lithospheric_mantle,mantle_melting
ClusterKFold,ElasticNet,T_C,opx_liq,raw,304,10.0,1000.0,1010.2977362979366,deep_crustal_MASH,metamorphic
ClusterKFold,ElasticNet,T_C,opx_liq,raw,305,30.0,1200.0,1230.2688038541069,deeper_mantle,other
ClusterKFold,ElasticNet,T_C,opx_liq,raw,306,10.0,1090.0,1139.565829710746,deep_crustal_MASH,other
ClusterKFold,ElasticNet,T_C,opx_liq,raw,307,10.0,1120.0,1192.085367501262,deep_crustal_MASH,other
ClusterKFold,ElasticNet,T_C,opx_liq,raw,308,10.0,1180.0,1239.431413597743,deep_crustal_MASH,other
ClusterKFold,ElasticNet,T_C,opx_liq,raw,309,10.0,1150.0,1185.5571542842167,deep_crustal_MASH,other
ClusterKFold,ElasticNet,T_C,opx_liq,raw,310,10.0,1270.0,1325.2870478832044,deep_crustal_MASH,other
ClusterKFold,ElasticNet,T_C,opx_liq,raw,311,15.0,1400.0,1445.630824793222,lithospheric_mantle,mantle_melting
ClusterKFold,ElasticNet,T_C,opx_liq,raw,312,15.0,1450.0,1487.4385225533754,lithospheric_mantle,mantle_melting
ClusterKFold,ElasticNet,T_C,opx_liq,raw,313,15.0,1350.0,1393.1684247999735,lithospheric_mantle,mantle_melting
ClusterKFold,ElasticNet,T_C,opx_liq,raw,314,20.0,1450.0,1519.3264163039066,lithospheric_mantle,mantle_melting
ClusterKFold,ElasticNet,T_C,opx_liq,raw,315,20.0,1400.0,1427.3261434276797,lithospheric_mantle,mantle_melting
ClusterKFold,ElasticNet,T_C,opx_liq,raw,316,20.0,1500.0,1619.4964960598072,lithospheric_mantle,mantle_melting
ClusterKFold,ElasticNet,T_C,opx_liq,raw,317,25.0,1500.0,1551.1549458474417,lithospheric_mantle,mantle_melting
ClusterKFold,ElasticNet,T_C,opx_liq,raw,318,25.0,1480.0,1511.645184673391,lithospheric_mantle,mantle_melting
ClusterKFold,ElasticNet,T_C,opx_liq,raw,319,20.0,1500.0,1496.6285048004056,lithospheric_mantle,mantle_melting
ClusterKFold,ElasticNet,T_C,opx_liq,raw,320,20.0,1530.0,1514.6587881608903,lithospheric_mantle,mantle_melting
ClusterKFold,ElasticNet,T_C,opx_liq,raw,321,20.0,1560.0,1580.2739372173007,lithospheric_mantle,mantle_melting
ClusterKFold,ElasticNet,T_C,opx_liq,raw,322,20.0,1560.0,1555.6074922047042,lithospheric_mantle,mantle_melting
ClusterKFold,ElasticNet,T_C,opx_liq,raw,323,20.0,1600.0,1594.2495398505832,lithospheric_mantle,mantle_melting
ClusterKFold,ElasticNet,T_C,opx_liq,raw,324,15.0,1480.0,1462.2318076946888,lithospheric_mantle,mantle_melting
ClusterKFold,ElasticNet,T_C,opx_liq,raw,325,15.0,1500.0,1516.0218057052532,lithospheric_mantle,mantle_melting
ClusterKFold,ElasticNet,T_C,opx_liq,raw,326,10.0,1380.0,1354.1737465238873,deep_crustal_MASH,mantle_melting
ClusterKFold,ElasticNet,T_C,opx_liq,raw,327,10.0,1500.0,1302.0215207357658,deep_crustal_MASH,mantle_melting
ClusterKFold,ElasticNet,T_C,opx_liq,raw,328,10.0,1500.0,1336.8908663413586,deep_crustal_MASH,mantle_melting
ClusterKFold,ElasticNet,T_C,opx_liq,raw,329,10.0,1275.0,1145.9723337421738,deep_crustal_MASH,mantle_melting
ClusterKFold,ElasticNet,T_C,opx_liq,raw,330,10.0,1250.0,1183.0891846506095,deep_crustal_MASH,mantle_melting
ClusterKFold,ElasticNet,T_C,opx_liq,raw,331,10.0,1250.0,1198.120555113565,deep_crustal_MASH,mantle_melting
ClusterKFold,ElasticNet,T_C,opx_liq,raw,332,10.0,1400.0,1397.0495576518622,deep_crustal_MASH,mantle_melting
ClusterKFold,ElasticNet,T_C,opx_liq,raw,333,10.0,1390.0,1372.4839906255484,deep_crustal_MASH,mantle_melting
ClusterKFold,ElasticNet,T_C,opx_liq,raw,334,10.0,1300.0,1212.3536964252899,deep_crustal_MASH,mantle_melting
ClusterKFold,ElasticNet,T_C,opx_liq,raw,335,10.0,1310.0,1273.0039678774954,deep_crustal_MASH,mantle_melting
ClusterKFold,ElasticNet,T_C,opx_liq,raw,336,10.0,1310.0,1264.3383421696562,deep_crustal_MASH,mantle_melting
ClusterKFold,ElasticNet,T_C,opx_liq,raw,337,10.0,1390.0,1394.2832920215817,deep_crustal_MASH,mantle_melting
ClusterKFold,ElasticNet,T_C,opx_liq,raw,338,15.0,1350.0,1322.1524621852395,lithospheric_mantle,mantle_melting
ClusterKFold,ElasticNet,T_C,opx_liq,raw,339,15.0,1400.0,1353.6662189453293,lithospheric_mantle,mantle_melting
ClusterKFold,ElasticNet,T_C,opx_liq,raw,340,15.0,1500.0,1468.8846465655947,lithospheric_mantle,mantle_melting
ClusterKFold,ElasticNet,T_C,opx_liq,raw,341,12.5,1425.0,1473.1618518948073,deep_crustal_MASH,mantle_melting
ClusterKFold,ElasticNet,T_C,opx_liq,raw,342,15.0,1450.0,1414.918633285088,lithospheric_mantle,mantle_melting
ClusterKFold,ElasticNet,T_C,opx_liq,raw,343,10.0,1440.0,1433.1332266448333,deep_crustal_MASH,mantle_melting
ClusterKFold,ElasticNet,T_C,opx_liq,raw,344,15.0,1325.0,1283.5526941144926,lithospheric_mantle,MORB
ClusterKFold,ElasticNet,T_C,opx_liq,raw,345,15.0,1340.0,1268.5808602276657,lithospheric_mantle,MORB
ClusterKFold,ElasticNet,T_C,opx_liq,raw,346,15.0,1550.0,1529.5652589722117,lithospheric_mantle,mantle_melting
ClusterKFold,ElasticNet,T_C,opx_liq,raw,347,15.0,1600.0,1621.9487830617618,lithospheric_mantle,mantle_melting
ClusterKFold,ElasticNet,T_C,opx_liq,raw,348,15.0,1550.0,1526.0964653263609,lithospheric_mantle,mantle_melting
ClusterKFold,ElasticNet,T_C,opx_liq,raw,349,15.0,1510.0,1483.6904011014299,lithospheric_mantle,mantle_melting
ClusterKFold,ElasticNet,T_C,opx_liq,raw,350,15.0,1600.0,1608.5700503758203,lithospheric_mantle,mantle_melting
ClusterKFold,ElasticNet,T_C,opx_liq,raw,351,15.0,1350.0,1328.9948106944496,lithospheric_mantle,MORB
ClusterKFold,ElasticNet,T_C,opx_liq,raw,352,10.0,1260.0,1240.5442536390676,deep_crustal_MASH,MORB
ClusterKFold,ElasticNet,T_C,opx_liq,raw,353,10.0,1270.0,1232.82781076158,deep_crustal_MASH,MORB
ClusterKFold,ElasticNet,T_C,opx_liq,raw,354,15.0,1370.0,1329.0984689374818,lithospheric_mantle,MORB
ClusterKFold,ElasticNet,T_C,opx_liq,raw,355,10.0,1260.0,1235.2363576032528,deep_crustal_MASH,MORB
ClusterKFold,ElasticNet,T_C,opx_liq,raw,356,10.0,1295.0,1269.3678707389063,deep_crustal_MASH,MORB
ClusterKFold,ElasticNet,T_C,opx_liq,raw,357,15.0,1336.0,1324.3993053693002,lithospheric_mantle,mantle_melting
ClusterKFold,ElasticNet,T_C,opx_liq,raw,358,15.0,1315.0,1255.4585795832627,lithospheric_mantle,mantle_melting
ClusterKFold,ElasticNet,T_C,opx_liq,raw,359,15.0,1325.0,1327.1320778872105,lithospheric_mantle,mantle_melting
ClusterKFold,ElasticNet,T_C,opx_liq,raw,360,27.999999523163,1565.0,1494.3464632961873,lithospheric_mantle,mantle_melting
ClusterKFold,ElasticNet,T_C,opx_liq,raw,361,27.999999523163,1555.0,1515.2917813773215,lithospheric_mantle,mantle_melting
ClusterKFold,ElasticNet,T_C,opx_liq,raw,362,5.0,1078.0,1133.5076188085677,deep_crustal_MASH,other
ClusterKFold,ElasticNet,T_C,opx_liq,raw,363,12.000000476837,1510.0,1412.8804367424846,deep_crustal_MASH,basalt
ClusterKFold,ElasticNet,T_C,opx_liq,raw,364,12.000000476837,1525.0,1496.2198443153668,deep_crustal_MASH,basalt
ClusterKFold,ElasticNet,T_C,opx_liq,raw,365,12.200000286102,1490.0,1466.1691177256907,deep_crustal_MASH,basalt
ClusterKFold,ElasticNet,T_C,opx_liq,raw,366,12.599999904632998,1530.0,1475.7113742038198,deep_crustal_MASH,basalt
ClusterKFold,ElasticNet,T_C,opx_liq,raw,367,13.799999952316,1530.0,1439.7031989678464,deep_crustal_MASH,basalt
ClusterKFold,ElasticNet,T_C,opx_liq,raw,368,7.5,1440.0,1419.9182688929016,deep_crustal_MASH,basalt
ClusterKFold,ElasticNet,T_C,opx_liq,raw,369,20.5,1425.0,1404.512121415295,lithospheric_mantle,other
ClusterKFold,ElasticNet,T_C,opx_liq,raw,370,21.0,1400.0,1396.3339494951408,lithospheric_mantle,other
ClusterKFold,ElasticNet,T_C,opx_liq,raw,371,1.9380000233649999,950.0,1029.5651290078126,shallow_crustal,arc_silicic
ClusterKFold,ElasticNet,T_C,opx_liq,raw,372,1.2409999966621001,1050.0,1073.0024713299904,shallow_crustal,arc_silicic
ClusterKFold,ElasticNet,T_C,opx_liq,raw,373,0.52400000393391,1050.0,1055.0783367887782,shallow_crustal,arc_silicic
ClusterKFold,ElasticNet,T_C,opx_liq,raw,374,3.0140000581741,1075.0,1061.3717702639499,shallow_crustal,arc_silicic
ClusterKFold,ElasticNet,T_C,opx_liq,raw,375,1.0689999908209,950.0,1035.745902980855,shallow_crustal,arc_silicic
ClusterKFold,ElasticNet,T_C,opx_liq,raw,376,1.7100000381470002,975.0,1033.8488816021509,shallow_crustal,arc_silicic
ClusterKFold,ElasticNet,T_C,opx_liq,raw,377,1.5929999947548,1065.0,1080.4141264378804,shallow_crustal,arc_silicic
ClusterKFold,ElasticNet,T_C,opx_liq,raw,378,1.5520000457764,1035.0,1088.0429736288756,shallow_crustal,arc_silicic
ClusterKFold,ElasticNet,T_C,opx_liq,raw,379,0.59000000357628,1115.0,1094.190587169634,shallow_crustal,arc_silicic
ClusterKFold,ElasticNet,T_C,opx_liq,raw,380,2.0000000298022997,980.0,1025.1788292415881,shallow_crustal,arc_silicic
ClusterKFold,ElasticNet,T_C,opx_liq,raw,381,0.97999997437,1071.0,1097.9416204704874,shallow_crustal,arc_silicic
ClusterKFold,ElasticNet,T_C,opx_liq,raw,382,2.9199999570847,990.0,1059.0970761695507,shallow_crustal,arc_silicic
ClusterKFold,ElasticNet,T_C,opx_liq,raw,383,1.0000000149012,1100.0,1092.178040879629,shallow_crustal,arc_silicic
ClusterKFold,ElasticNet,T_C,opx_liq,raw,384,1.5000000596046001,1100.0,1073.3689522614009,shallow_crustal,arc_silicic
ClusterKFold,ElasticNet,T_C,opx_liq,raw,385,2.1170000731945,1000.0,1066.8524338947154,shallow_crustal,arc_silicic
ClusterKFold,ElasticNet,T_C,opx_liq,raw,386,0.93800000846386,1050.0,1067.2024358849537,shallow_crustal,arc_silicic
ClusterKFold,ElasticNet,T_C,opx_liq,raw,387,1.1720000207424,1000.0,1007.7440904316627,shallow_crustal,arc_silicic
ClusterKFold,ElasticNet,T_C,opx_liq,raw,388,10.0,1180.0,1219.486763668184,deep_crustal_MASH,arc_silicic
ClusterKFold,ElasticNet,T_C,opx_liq,raw,389,10.0,1200.0,1220.9085830218482,deep_crustal_MASH,arc_silicic
ClusterKFold,ElasticNet,T_C,opx_liq,raw,390,20.0,1150.0,1211.923841370489,lithospheric_mantle,arc_silicic
ClusterKFold,ElasticNet,T_C,opx_liq,raw,391,20.0,1180.0,1204.899566039701,lithospheric_mantle,arc_silicic
ClusterKFold,ElasticNet,T_C,opx_liq,raw,392,20.0,1180.0,1245.5021419884329,lithospheric_mantle,arc_silicic
ClusterKFold,ElasticNet,T_C,opx_liq,raw,393,0.001,1340.0,1403.674742498891,shallow_crustal,partitioning
ClusterKFold,ElasticNet,T_C,opx_liq,raw,394,0.001,1340.0,1350.990461776919,shallow_crustal,partitioning
ClusterKFold,ElasticNet,T_C,opx_liq,raw,395,0.001,1340.0,1408.1726550831736,shallow_crustal,partitioning
ClusterKFold,ElasticNet,T_C,opx_liq,raw,396,0.001,1340.0,1375.3281214295964,shallow_crustal,partitioning
ClusterKFold,ElasticNet,T_C,opx_liq,raw,397,0.001,1340.0,1417.9872245097304,shallow_crustal,partitioning
ClusterKFold,ElasticNet,T_C,opx_liq,raw,398,0.001,1340.0,1323.7089562361557,shallow_crustal,partitioning
ClusterKFold,ElasticNet,T_C,opx_liq,raw,399,0.001,1340.0,1416.2204729777065,shallow_crustal,partitioning
ClusterKFold,ElasticNet,T_C,opx_liq,raw,400,0.001,1400.0,1454.6831912825487,shallow_crustal,partitioning
ClusterKFold,ElasticNet,T_C,opx_liq,raw,401,0.001,1400.0,1427.9965166352379,shallow_crustal,partitioning
ClusterKFold,ElasticNet,T_C,opx_liq,raw,402,0.001,1400.0,1423.2647054479853,shallow_crustal,partitioning
ClusterKFold,ElasticNet,T_C,opx_liq,raw,403,0.001,1400.0,1411.3832721982817,shallow_crustal,partitioning
ClusterKFold,ElasticNet,T_C,opx_liq,raw,404,0.001,1400.0,1408.7992119997934,shallow_crustal,partitioning
ClusterKFold,ElasticNet,T_C,opx_liq,raw,405,0.001,1270.0,1279.6426140738145,shallow_crustal,partitioning
ClusterKFold,ElasticNet,T_C,opx_liq,raw,406,0.001,1270.0,1245.0410763421696,shallow_crustal,partitioning
ClusterKFold,ElasticNet,T_C,opx_liq,raw,407,0.001,1270.0,1274.209782398127,shallow_crustal,partitioning
ClusterKFold,ElasticNet,T_C,opx_liq,raw,408,0.001,1270.0,1250.7927381355903,shallow_crustal,partitioning
ClusterKFold,ElasticNet,T_C,opx_liq,raw,409,0.001,1270.0,1285.806290185596,shallow_crustal,partitioning
ClusterKFold,ElasticNet,T_C,opx_liq,raw,410,0.001,1270.0,1242.1483859434659,shallow_crustal,partitioning
ClusterKFold,ElasticNet,T_C,opx_liq,raw,411,0.001,1270.0,1272.2092297528543,shallow_crustal,partitioning
ClusterKFold,ElasticNet,T_C,opx_liq,raw,412,0.001,1270.0,1253.9327835503734,shallow_crustal,partitioning
ClusterKFold,ElasticNet,T_C,opx_liq,raw,413,0.001,1270.0,1279.2074803198739,shallow_crustal,partitioning
ClusterKFold,ElasticNet,T_C,opx_liq,raw,414,0.001,1270.0,1257.7243418962669,shallow_crustal,partitioning
ClusterKFold,ElasticNet,T_C,opx_liq,raw,415,10.0,1270.0,1260.4786802456063,deep_crustal_MASH,mantle_melting
ClusterKFold,ElasticNet,T_C,opx_liq,raw,416,10.0,1280.0,1259.656820582364,deep_crustal_MASH,mantle_melting
ClusterKFold,ElasticNet,T_C,opx_liq,raw,417,10.0,1255.0,1264.4890096196068,deep_crustal_MASH,mantle_melting
ClusterKFold,ElasticNet,T_C,opx_liq,raw,418,10.0,1270.0,1276.097014297433,deep_crustal_MASH,mantle_melting
ClusterKFold,ElasticNet,T_C,opx_liq,raw,419,10.0,1240.0,1241.890476987736,deep_crustal_MASH,mantle_melting
ClusterKFold,ElasticNet,T_C,opx_liq,raw,420,10.0,1240.0,1256.7932345266252,deep_crustal_MASH,mantle_melting
ClusterKFold,ElasticNet,T_C,opx_liq,raw,421,10.0,1375.0,1397.2117161127976,deep_crustal_MASH,mantle_melting
ClusterKFold,ElasticNet,T_C,opx_liq,raw,422,10.0,1360.0,1338.2952711375415,deep_crustal_MASH,mantle_melting
ClusterKFold,ElasticNet,T_C,opx_liq,raw,423,10.0,1330.0,1360.1940755826513,deep_crustal_MASH,mantle_melting
ClusterKFold,ElasticNet,T_C,opx_liq,raw,424,10.0,1300.0,1324.9156574538708,deep_crustal_MASH,mantle_melting
ClusterKFold,ElasticNet,T_C,opx_liq,raw,425,50.0,1750.0,1609.3003323763123,deeper_mantle,partitioning
ClusterKFold,ElasticNet,T_C,opx_liq,raw,426,5.0199997425079,1100.0,1134.4616957211333,deep_crustal_MASH,basalt
ClusterKFold,ElasticNet,T_C,opx_liq,raw,427,5.0199997425079,1100.0,1128.0099324634923,deep_crustal_MASH,basalt
ClusterKFold,ElasticNet,T_C,opx_liq,raw,428,5.0169998407364,1130.0,1160.846998076976,deep_crustal_MASH,basalt
ClusterKFold,ElasticNet,T_C,opx_liq,raw,429,10.0,1220.0,1256.5360083017363,deep_crustal_MASH,arc_silicic
ClusterKFold,ElasticNet,T_C,opx_liq,raw,430,15.0,1160.0,1250.6257822613693,lithospheric_mantle,arc_silicic
ClusterKFold,ElasticNet,T_C,opx_liq,raw,431,17.5,1180.0,1278.3228247687512,lithospheric_mantle,arc_silicic
ClusterKFold,ElasticNet,T_C,opx_liq,raw,432,46.9999990463255,1750.0,1642.4178370395873,deeper_mantle,other
ClusterKFold,ElasticNet,T_C,opx_liq,raw,433,10.0,1300.0,1296.902162013924,deep_crustal_MASH,mantle_melting
ClusterKFold,ElasticNet,T_C,opx_liq,raw,434,17.5,1200.0,1272.8674373501162,lithospheric_mantle,arc_silicic
ClusterKFold,ElasticNet,T_C,opx_liq,raw,435,27.75024994039535,1453.125,1655.5544246732118,lithospheric_mantle,other
ClusterKFold,ElasticNet,T_C,opx_liq,raw,436,12.5,1210.0,1224.625271720176,deep_crustal_MASH,arc_silicic
ClusterKFold,ElasticNet,T_C,opx_liq,raw,437,15.0,1065.0,1314.7995248735017,lithospheric_mantle,mantle_melting
ClusterKFold,ElasticNet,T_C,opx_liq,raw,438,50.0,1775.0,1677.6134752690673,deeper_mantle,other
ClusterKFold,ElasticNet,T_C,opx_liq,raw,439,12.999999523163,1230.0,1302.9956364500529,deep_crustal_MASH,arc_silicic
ClusterKFold,ElasticNet,T_C,opx_liq,raw,440,10.0,1325.0,1311.5538295056047,deep_crustal_MASH,mantle_melting
ClusterKFold,ElasticNet,T_C,opx_liq,raw,441,15.0,1240.0,1290.1620764959541,lithospheric_mantle,arc_silicic
ClusterKFold,ElasticNet,T_C,opx_liq,raw,442,50.0,1830.0,1688.377117591413,deeper_mantle,other
ClusterKFold,ElasticNet,T_C,opx_liq,raw,443,15.0,1260.0,1301.8560439783255,lithospheric_mantle,arc_silicic
ClusterKFold,ElasticNet,T_C,opx_liq,raw,444,10.0,1325.0,1344.0166813228245,deep_crustal_MASH,mantle_melting
ClusterKFold,ElasticNet,T_C,opx_liq,raw,445,17.5,1240.0,1259.6899995907518,lithospheric_mantle,arc_silicic
ClusterKFold,ElasticNet,T_C,opx_liq,raw,446,10.0,987.5,1335.1815110584462,deep_crustal_MASH,mantle_melting
ClusterKFold,ElasticNet,T_C,opx_liq,raw,447,10.0,970.0,1313.349519292197,deep_crustal_MASH,mantle_melting
ClusterKFold,ElasticNet,T_C,opx_liq,raw,448,10.0,1045.0,1304.9920640201453,deep_crustal_MASH,mantle_melting
ClusterKFold,ElasticNet,T_C,opx_liq,raw,449,12.000000476837,1260.0,1234.3853383161118,deep_crustal_MASH,arc_silicic
ClusterKFold,ElasticNet,T_C,opx_liq,raw,450,22.999999523163,1275.0,1067.0394598633998,lithospheric_mantle,basalt
ClusterKFold,ElasticNet,T_C,opx_liq,raw,451,15.0,1085.0,1252.5355081452542,lithospheric_mantle,mantle_melting
ClusterKFold,ElasticNet,T_C,opx_liq,raw,452,18.999999761580998,1200.0,1332.2864385365633,lithospheric_mantle,arc_silicic
ClusterKFold,ElasticNet,T_C,opx_liq,raw,453,0.00099999997473788,1200.0,1151.6952373423196,shallow_crustal,basalt
ClusterKFold,ElasticNet,T_C,opx_liq,raw,454,2.0000000298022997,1020.0,1026.207365331587,shallow_crustal,basalt
ClusterKFold,ElasticNet,T_C,opx_liq,raw,455,0.00099999997473788,1160.0,1135.3031890998532,shallow_crustal,basalt
ClusterKFold,ElasticNet,T_C,opx_liq,raw,456,2.0000000298022997,980.0,1053.70903796617,shallow_crustal,basalt
ClusterKFold,ElasticNet,T_C,opx_liq,raw,457,2.0000000298022997,940.0,1000.0105343736905,shallow_crustal,basalt
ClusterKFold,ElasticNet,T_C,opx_liq,raw,458,0.00099999997473788,1115.0,1074.2300489932634,shallow_crustal,basalt
ClusterKFold,ElasticNet,T_C,opx_liq,raw,459,0.00099999997473788,1100.0,1091.5984973996867,shallow_crustal,basalt
ClusterKFold,ElasticNet,T_C,opx_liq,raw,460,0.00099999997473788,1100.0,1088.5202786745715,shallow_crustal,basalt
ClusterKFold,ElasticNet,T_C,opx_liq,raw,461,0.00099999997473788,1100.0,1082.222517966774,shallow_crustal,basalt
ClusterKFold,ElasticNet,T_C,opx_liq,raw,462,0.001,1208.0,1190.600853744398,shallow_crustal,partitioning
ClusterKFold,ElasticNet,T_C,opx_liq,raw,463,0.001,1250.0,1220.2645662317568,shallow_crustal,partitioning
ClusterKFold,ElasticNet,T_C,opx_liq,raw,464,0.001,1208.0,1216.6236479461643,shallow_crustal,partitioning
ClusterKFold,ElasticNet,T_C,opx_liq,raw,465,0.001,1261.0,1250.6390317402966,shallow_crustal,partitioning
ClusterKFold,ElasticNet,T_C,opx_liq,raw,466,0.001,1209.0,1176.1393098233013,shallow_crustal,partitioning
ClusterKFold,ElasticNet,T_C,opx_liq,raw,467,0.001,1217.0,1190.1106217376148,shallow_crustal,partitioning
ClusterKFold,ElasticNet,T_C,opx_liq,raw,468,0.001,1299.0,1241.495067878788,shallow_crustal,partitioning
ClusterKFold,ElasticNet,T_C,opx_liq,raw,469,0.001,1264.0,1212.328675036153,shallow_crustal,partitioning
ClusterKFold,ElasticNet,T_C,opx_liq,raw,470,0.001,1210.0,1177.1171312846154,shallow_crustal,partitioning
ClusterKFold,ElasticNet,T_C,opx_liq,raw,471,0.001,1264.0,1263.3118509892297,shallow_crustal,partitioning
ClusterKFold,ElasticNet,T_C,opx_liq,raw,472,0.001,1210.0,1196.0134479811718,shallow_crustal,partitioning
ClusterKFold,ElasticNet,T_C,opx_liq,raw,473,0.001,1334.0,1305.5786283152447,shallow_crustal,partitioning
ClusterKFold,ElasticNet,T_C,opx_liq,raw,474,0.001,1260.0,1229.6244372434257,shallow_crustal,partitioning
ClusterKFold,ElasticNet,T_C,opx_liq,raw,475,0.001,1206.0,1159.439939814586,shallow_crustal,partitioning
ClusterKFold,ElasticNet,T_C,opx_liq,raw,476,0.001,1331.0,1299.2795902066205,shallow_crustal,partitioning
ClusterKFold,ElasticNet,T_C,opx_liq,raw,477,0.001,1261.0,1267.2112807241704,shallow_crustal,partitioning
ClusterKFold,ElasticNet,T_C,opx_liq,raw,478,0.001,1295.0,1285.3662984029788,shallow_crustal,partitioning
ClusterKFold,ElasticNet,T_C,opx_liq,raw,479,0.001,1294.0,1277.5582623146822,shallow_crustal,partitioning
ClusterKFold,ElasticNet,T_C,opx_liq,raw,480,0.001,1280.0,1237.6173119584944,shallow_crustal,partitioning
ClusterKFold,ElasticNet,T_C,opx_liq,raw,481,0.001,1251.0,1244.5259261612994,shallow_crustal,partitioning
ClusterKFold,ElasticNet,T_C,opx_liq,raw,482,0.001,1339.0,1289.9134422372022,shallow_crustal,partitioning
ClusterKFold,ElasticNet,T_C,opx_liq,raw,483,0.001,1251.0,1229.5414756603043,shallow_crustal,partitioning
ClusterKFold,ElasticNet,T_C,opx_liq,raw,484,15.0,1300.0,1165.8703195718635,lithospheric_mantle,basalt
ClusterKFold,ElasticNet,T_C,opx_liq,raw,485,0.001,1161.0,1153.1518780850279,shallow_crustal,partitioning
ClusterKFold,ElasticNet,T_C,opx_liq,raw,486,0.001,1198.0,1162.8044064241647,shallow_crustal,partitioning
ClusterKFold,ElasticNet,T_C,opx_liq,raw,487,0.001,1323.0,1295.8532489923098,shallow_crustal,partitioning
ClusterKFold,ElasticNet,T_C,opx_liq,raw,488,0.001,1300.0,1238.4048342193119,shallow_crustal,partitioning
ClusterKFold,ElasticNet,T_C,opx_liq,raw,489,0.001,1179.0,1157.5800257007604,shallow_crustal,partitioning
ClusterKFold,ElasticNet,T_C,opx_liq,raw,490,0.001,1309.0,1284.5999170738132,shallow_crustal,partitioning
ClusterKFold,ElasticNet,T_C,opx_liq,raw,491,0.001,1254.0,1196.8050152626115,shallow_crustal,partitioning
ClusterKFold,ElasticNet,T_C,opx_liq,raw,492,0.001,1334.0,1313.4822766349264,shallow_crustal,partitioning
ClusterKFold,ElasticNet,T_C,opx_liq,raw,493,0.001,1196.0,1186.604980775685,shallow_crustal,partitioning
ClusterKFold,ElasticNet,T_C,opx_liq,raw,494,0.001,1265.0,1223.437011714138,shallow_crustal,partitioning
ClusterKFold,ElasticNet,T_C,opx_liq,raw,495,0.001,1206.0,1145.617984233968,shallow_crustal,partitioning
ClusterKFold,ElasticNet,T_C,opx_liq,raw,496,0.001,1300.0,1284.9976119406865,shallow_crustal,partitioning
ClusterKFold,ElasticNet,T_C,opx_liq,raw,497,12.000000476837,1315.0,1337.854470710689,deep_crustal_MASH,MORB
ClusterKFold,ElasticNet,T_C,opx_liq,raw,498,12.000000476837,1300.0,1301.9427356222254,deep_crustal_MASH,MORB
ClusterKFold,ElasticNet,T_C,opx_liq,raw,499,8.0000001192093,1065.0,1064.3801022294028,deep_crustal_MASH,basalt
ClusterKFold,ElasticNet,T_C,opx_liq,raw,500,12.000000476837,1315.0,1298.7122702164077,deep_crustal_MASH,MORB
ClusterKFold,ElasticNet,T_C,opx_liq,raw,501,12.000000476837,1285.0,1292.8971171225833,deep_crustal_MASH,MORB
ClusterKFold,ElasticNet,T_C,opx_liq,raw,502,12.000000476837,1270.0,1291.1931668087132,deep_crustal_MASH,MORB
ClusterKFold,ElasticNet,T_C,opx_liq,raw,503,12.000000476837,1285.0,1288.9230890105403,deep_crustal_MASH,MORB
ClusterKFold,ElasticNet,T_C,opx_liq,raw,504,13.999999761580998,1220.0,1248.7995125783532,deep_crustal_MASH,other
ClusterKFold,ElasticNet,T_C,opx_liq,raw,505,16.000000238419002,1260.0,1267.9112470410896,lithospheric_mantle,other
ClusterKFold,ElasticNet,T_C,opx_liq,raw,506,20.0,1320.0,1324.6831730481792,lithospheric_mantle,other
ClusterKFold,ElasticNet,T_C,opx_liq,raw,507,20.0,1300.0,1310.2690858036456,lithospheric_mantle,other
ClusterKFold,ElasticNet,T_C,opx_liq,raw,508,17.999999523162998,1280.0,1296.0604403509835,lithospheric_mantle,other
ClusterKFold,ElasticNet,T_C,opx_liq,raw,509,17.999999523162998,1290.0,1281.5486061611016,lithospheric_mantle,other
ClusterKFold,ElasticNet,T_C,opx_liq,raw,510,17.000000476837002,1300.0,1292.928344452409,lithospheric_mantle,other
ClusterKFold,ElasticNet,T_C,opx_liq,raw,511,22.000000476837,1400.0,1574.6073976022506,lithospheric_mantle,mantle_melting
ClusterKFold,ElasticNet,T_C,opx_liq,raw,512,22.000000476837,1350.0,1521.8415721462663,lithospheric_mantle,mantle_melting
ClusterKFold,ElasticNet,T_C,opx_liq,raw,513,15.0,1275.0,1469.2359942594958,lithospheric_mantle,mantle_melting
ClusterKFold,ElasticNet,T_C,opx_liq,raw,514,12.0,1360.0,1331.463417745914,deep_crustal_MASH,mantle_melting
ClusterKFold,ElasticNet,T_C,opx_liq,raw,515,12.0,1360.0,1298.3831064840454,deep_crustal_MASH,mantle_melting
ClusterKFold,ElasticNet,T_C,opx_liq,raw,516,25.0,1430.0,1398.8649363412953,lithospheric_mantle,mantle_melting
ClusterKFold,ElasticNet,T_C,opx_liq,raw,517,12.0,1360.0,1330.088549982161,deep_crustal_MASH,mantle_melting
ClusterKFold,ElasticNet,T_C,opx_liq,raw,518,12.0,1360.0,1337.1179837795019,deep_crustal_MASH,mantle_melting
ClusterKFold,ElasticNet,T_C,opx_liq,raw,519,8.0,1265.0,1272.3537221025117,deep_crustal_MASH,mantle_melting
ClusterKFold,ElasticNet,T_C,opx_liq,raw,520,12.0,1310.0,1296.6598137794604,deep_crustal_MASH,mantle_melting
ClusterKFold,ElasticNet,T_C,opx_liq,raw,521,16.0,1350.0,1291.372295883658,lithospheric_mantle,mantle_melting
ClusterKFold,ElasticNet,T_C,opx_liq,raw,522,12.0,1310.0,1314.602957036305,deep_crustal_MASH,mantle_melting
ClusterKFold,ElasticNet,T_C,opx_liq,raw,523,17.999999523162998,1410.0,1355.9032429796441,lithospheric_mantle,other
ClusterKFold,ElasticNet,T_C,opx_liq,raw,524,17.999999523162998,1400.0,1361.2902283522903,lithospheric_mantle,other
ClusterKFold,ElasticNet,T_C,opx_liq,raw,525,20.0,1360.0,1315.7010433289354,lithospheric_mantle,other
ClusterKFold,ElasticNet,T_C,opx_liq,raw,526,20.0,1340.0,1291.6321940301045,lithospheric_mantle,other
ClusterKFold,ElasticNet,T_C,opx_liq,raw,527,20.0,1400.0,1327.862100650621,lithospheric_mantle,other
ClusterKFold,ElasticNet,T_C,opx_liq,raw,528,20.0,1380.0,1298.368588536411,lithospheric_mantle,other
ClusterKFold,ElasticNet,T_C,opx_liq,raw,529,20.0,1420.0,1334.4671134405457,lithospheric_mantle,other
ClusterKFold,ElasticNet,T_C,opx_liq,raw,530,16.000000238419002,1360.0,1281.1698386484784,lithospheric_mantle,other
ClusterKFold,ElasticNet,T_C,opx_liq,raw,531,16.000000238419002,1400.0,1317.5194818007012,lithospheric_mantle,other
ClusterKFold,ElasticNet,T_C,opx_liq,raw,532,12.0,1360.0,1343.4623829762693,deep_crustal_MASH,mantle_melting
ClusterKFold,ElasticNet,T_C,opx_liq,raw,533,12.0,1360.0,1330.4801804353442,deep_crustal_MASH,mantle_melting
ClusterKFold,ElasticNet,T_C,opx_liq,raw,534,12.0,1360.0,1317.6509518850532,deep_crustal_MASH,mantle_melting
ClusterKFold,ElasticNet,T_C,opx_liq,raw,535,12.0,1360.0,1321.5589818297658,deep_crustal_MASH,mantle_melting
ClusterKFold,ElasticNet,T_C,opx_liq,raw,536,8.9999997615814,1250.0,1261.0613272512164,deep_crustal_MASH,MORB
ClusterKFold,ElasticNet,T_C,opx_liq,raw,537,8.9999997615814,1270.0,1306.847823853933,deep_crustal_MASH,MORB
ClusterKFold,ElasticNet,T_C,opx_liq,raw,538,12.999999523163,1295.0,1259.959665559214,deep_crustal_MASH,MORB
ClusterKFold,ElasticNet,T_C,opx_liq,raw,539,8.9999997615814,1225.0,1223.9861403028704,deep_crustal_MASH,MORB
ClusterKFold,ElasticNet,T_C,opx_liq,raw,540,16.000000238419002,1330.0,1323.8800089005813,lithospheric_mantle,MORB
ClusterKFold,ElasticNet,T_C,opx_liq,raw,541,11.000000238419002,1260.0,1259.753941666744,deep_crustal_MASH,MORB
ClusterKFold,ElasticNet,T_C,opx_liq,raw,542,16.000000238419002,1350.0,1320.3603910681063,lithospheric_mantle,MORB
ClusterKFold,ElasticNet,T_C,opx_liq,raw,543,16.000000238419002,1345.0,1328.435376788994,lithospheric_mantle,MORB
ClusterKFold,ElasticNet,T_C,opx_liq,raw,544,12.999999523163,1285.0,1268.4116051705687,deep_crustal_MASH,MORB
ClusterKFold,ElasticNet,T_C,opx_liq,raw,545,16.000000238419002,1340.0,1289.909772564825,lithospheric_mantle,MORB
ClusterKFold,ElasticNet,T_C,opx_liq,raw,546,8.9999997615814,1250.0,1197.0050443235841,deep_crustal_MASH,MORB
ClusterKFold,ElasticNet,T_C,opx_liq,raw,547,24.000000953674,1480.0,1402.270570251906,lithospheric_mantle,MORB
ClusterKFold,ElasticNet,T_C,opx_liq,raw,548,24.000000953674,1500.0,1421.4686670045637,lithospheric_mantle,MORB
ClusterKFold,ElasticNet,T_C,opx_liq,raw,549,13.0,1245.0,1291.0981222670875,deep_crustal_MASH,mantle_melting
ClusterKFold,ElasticNet,T_C,opx_liq,raw,550,15.0,1473.0,1483.5324357635202,lithospheric_mantle,other
ClusterKFold,ElasticNet,T_C,opx_liq,raw,551,20.0,1495.0,1384.8990230670088,lithospheric_mantle,other
ClusterKFold,ElasticNet,T_C,opx_liq,raw,552,15.0,1395.0,1289.1716735596228,lithospheric_mantle,other
ClusterKFold,ElasticNet,T_C,opx_liq,raw,553,10.0,1370.0,1346.3784935007805,deep_crustal_MASH,mantle_melting
ClusterKFold,ElasticNet,T_C,opx_liq,raw,554,10.0,1349.0,1344.7886729796542,deep_crustal_MASH,mantle_melting
ClusterKFold,ElasticNet,T_C,opx_liq,raw,555,10.0,1411.0,1382.2061923660535,deep_crustal_MASH,mantle_melting
ClusterKFold,ElasticNet,T_C,opx_liq,raw,556,10.0,1344.0,1327.2804269979163,deep_crustal_MASH,mantle_melting
ClusterKFold,ElasticNet,T_C,opx_liq,raw,557,10.0,1381.0,1332.1578176763896,deep_crustal_MASH,mantle_melting
ClusterKFold,ElasticNet,T_C,opx_liq,raw,558,10.0,1325.0,1291.9842978853962,deep_crustal_MASH,mantle_melting
ClusterKFold,ElasticNet,T_C,opx_liq,raw,559,10.0,1363.0,1340.9374643064127,deep_crustal_MASH,mantle_melting
ClusterKFold,ElasticNet,T_C,opx_liq,raw,560,10.0,1349.0,1353.276947867853,deep_crustal_MASH,mantle_melting
ClusterKFold,ElasticNet,T_C,opx_liq,raw,561,10.0,1371.0,1385.059818386542,deep_crustal_MASH,mantle_melting
ClusterKFold,ElasticNet,T_C,opx_liq,raw,562,10.0,1355.0,1342.8349675052355,deep_crustal_MASH,mantle_melting
ClusterKFold,ElasticNet,T_C,opx_liq,raw,563,30.0,1600.0,1510.3205576645678,deeper_mantle,other
ClusterKFold,ElasticNet,T_C,opx_liq,raw,564,30.0,1560.0,1518.0531906966783,deeper_mantle,other
ClusterKFold,ElasticNet,T_C,opx_liq,raw,565,30.0,1530.0,1483.6306875074752,deeper_mantle,other
ClusterKFold,ElasticNet,T_C,opx_liq,raw,566,30.0,1560.0,1497.003852521838,deeper_mantle,other
ClusterKFold,ElasticNet,T_C,opx_liq,raw,567,30.0,1550.0,1499.2393034402198,deeper_mantle,other
ClusterKFold,ElasticNet,T_C,opx_liq,raw,568,10.0,1380.0,1369.6225766300315,deep_crustal_MASH,mantle_melting
ClusterKFold,ElasticNet,T_C,opx_liq,raw,569,10.0,1371.0,1349.0336688643526,deep_crustal_MASH,mantle_melting
ClusterKFold,ElasticNet,T_C,opx_liq,raw,570,12.999999523163,1160.0,1164.3727579812016,deep_crustal_MASH,other
ClusterKFold,ElasticNet,T_C,opx_liq,raw,571,12.999999523163,1162.0,1169.0172672756148,deep_crustal_MASH,other
ClusterKFold,ElasticNet,T_C,opx_liq,raw,572,12.999999761581499,1185.0,1177.3148527449118,deep_crustal_MASH,other
ClusterKFold,ElasticNet,T_C,opx_liq,raw,573,12.999999523163,1130.0,1132.4482826054495,deep_crustal_MASH,other
ClusterKFold,ElasticNet,T_C,opx_liq,raw,574,10.0,1160.0,1209.9552617532427,deep_crustal_MASH,other
ClusterKFold,ElasticNet,T_C,opx_liq,raw,575,0.00099999997473788,1071.0,986.5446894396212,shallow_crustal,other
ClusterKFold,ElasticNet,T_C,opx_liq,raw,576,6.999999880790701,1155.0,1148.247226400048,deep_crustal_MASH,other
ClusterKFold,ElasticNet,T_C,opx_liq,raw,577,10.0,1130.0,1168.7445683588917,deep_crustal_MASH,other
ClusterKFold,ElasticNet,T_C,opx_liq,raw,578,10.0,1100.0,1148.4882196483577,deep_crustal_MASH,other
ClusterKFold,ElasticNet,T_C,opx_liq,raw,579,6.999999880790701,1145.0,1185.8858982661848,deep_crustal_MASH,other
ClusterKFold,ElasticNet,T_C,opx_liq,raw,580,27.999999523163,1570.0,1456.8084125895823,lithospheric_mantle,MORB
ClusterKFold,ElasticNet,T_C,opx_liq,raw,581,27.999999523163,1547.5,1459.5111896245182,lithospheric_mantle,MORB
ClusterKFold,ElasticNet,T_C,opx_liq,raw,582,27.999999523163,1565.0,1474.1575848275638,lithospheric_mantle,MORB
ClusterKFold,ElasticNet,T_C,opx_liq,raw,583,15.0,1175.0,1251.7797564164769,lithospheric_mantle,mantle_melting
ClusterKFold,ElasticNet,T_C,opx_liq,raw,584,15.0,1175.0,1257.3230595232258,lithospheric_mantle,mantle_melting
ClusterKFold,ElasticNet,T_C,opx_liq,raw,585,20.0,1200.0,1305.639859181428,lithospheric_mantle,mantle_melting
ClusterKFold,ElasticNet,T_C,opx_liq,raw,586,20.0,1300.0,1375.6416158453278,lithospheric_mantle,mantle_melting
ClusterKFold,ElasticNet,T_C,opx_liq,raw,587,15.0,1400.0,1343.7594595200972,lithospheric_mantle,mantle_melting
ClusterKFold,ElasticNet,T_C,opx_liq,raw,588,20.0,1450.0,1365.8795951051432,lithospheric_mantle,mantle_melting
ClusterKFold,ElasticNet,T_C,opx_liq,raw,589,20.0,1250.0,1337.8998874852734,lithospheric_mantle,mantle_melting
ClusterKFold,ElasticNet,T_C,opx_liq,raw,590,15.0,1200.0,1260.1582138785834,lithospheric_mantle,mantle_melting
ClusterKFold,ElasticNet,T_C,opx_liq,raw,591,20.0,1300.0,1381.3720117859182,lithospheric_mantle,mantle_melting
ClusterKFold,ElasticNet,T_C,opx_liq,raw,592,20.0,1450.0,1408.4508884231927,lithospheric_mantle,mantle_melting
ClusterKFold,ElasticNet,T_C,opx_liq,raw,593,20.0,1275.0,1350.3102392261967,lithospheric_mantle,mantle_melting
ClusterKFold,ElasticNet,T_C,opx_liq,raw,594,20.0,1425.0,1397.8228378127149,lithospheric_mantle,mantle_melting
ClusterKFold,ElasticNet,T_C,opx_liq,raw,595,15.0,1450.0,1410.0351190053025,lithospheric_mantle,mantle_melting
ClusterKFold,ElasticNet,T_C,opx_liq,raw,596,20.0,1475.0,1436.4915283249995,lithospheric_mantle,mantle_melting
ClusterKFold,ElasticNet,T_C,opx_liq,raw,597,0.001,1300.0,1259.889118096314,shallow_crustal,other
ClusterKFold,ElasticNet,T_C,opx_liq,raw,598,0.001,1300.0,1258.1037686424947,shallow_crustal,other
ClusterKFold,ElasticNet,T_C,opx_liq,raw,599,0.001,1300.0,1257.889682625983,shallow_crustal,other
TargetBinKFold,ElasticNet,T_C,opx_liq,raw,0,12.496285693092789,1171.142857142857,1213.8223578075329,deep_crustal_MASH,other
TargetBinKFold,ElasticNet,T_C,opx_liq,raw,1,4.9849998950958,1052.0,1154.831611629912,shallow_crustal,basalt
TargetBinKFold,ElasticNet,T_C,opx_liq,raw,2,0.001,1287.0,1285.2667649124476,shallow_crustal,other
TargetBinKFold,ElasticNet,T_C,opx_liq,raw,3,0.001,1209.0,1218.7136485067308,shallow_crustal,other
TargetBinKFold,ElasticNet,T_C,opx_liq,raw,4,3.0000001192093,875.0,965.377544594626,shallow_crustal,metamorphic
TargetBinKFold,ElasticNet,T_C,opx_liq,raw,5,5.0,925.0,917.2400063333243,deep_crustal_MASH,metamorphic
TargetBinKFold,ElasticNet,T_C,opx_liq,raw,6,3.0000001192093,925.0,1063.7456413880932,shallow_crustal,metamorphic
TargetBinKFold,ElasticNet,T_C,opx_liq,raw,7,1.0000000149012,940.0,1020.9587554991122,shallow_crustal,arc_silicic
TargetBinKFold,ElasticNet,T_C,opx_liq,raw,8,1.0000000149012,925.0,1096.093684068342,shallow_crustal,arc_silicic
TargetBinKFold,ElasticNet,T_C,opx_liq,raw,9,11.00000001490115,1060.0,954.4579836919878,deep_crustal_MASH,other
TargetBinKFold,ElasticNet,T_C,opx_liq,raw,10,6.100000236183325,1056.5,1364.2080564898342,deep_crustal_MASH,other
TargetBinKFold,ElasticNet,T_C,opx_liq,raw,11,4.8249998688698,1150.0,1083.883547437773,shallow_crustal,basalt
TargetBinKFold,ElasticNet,T_C,opx_liq,raw,12,2.0000000298022997,1020.0,1014.4711473574955,shallow_crustal,other
TargetBinKFold,ElasticNet,T_C,opx_liq,raw,13,0.001,1281.0,1288.9535199475508,shallow_crustal,other
TargetBinKFold,ElasticNet,T_C,opx_liq,raw,14,11.02628122898306,1213.15625,1214.7673932411703,deep_crustal_MASH,other
TargetBinKFold,ElasticNet,T_C,opx_liq,raw,15,35.66666682561233,1336.6666666666667,1381.4718649284573,deeper_mantle,other
TargetBinKFold,ElasticNet,T_C,opx_liq,raw,16,0.001,1202.0,1208.8608514610228,shallow_crustal,other
TargetBinKFold,ElasticNet,T_C,opx_liq,raw,17,5.0,1060.0,1008.0464584075605,deep_crustal_MASH,other
TargetBinKFold,ElasticNet,T_C,opx_liq,raw,18,11.119025624851448,1196.5897435897436,1295.112097730874,deep_crustal_MASH,other
TargetBinKFold,ElasticNet,T_C,opx_liq,raw,19,8.78518178494235,1221.2727272727273,1380.384656087808,deep_crustal_MASH,mantle_melting
TargetBinKFold,ElasticNet,T_C,opx_liq,raw,20,9.275884610137489,1154.6923076923076,1096.4790873540958,deep_crustal_MASH,mantle_melting
TargetBinKFold,ElasticNet,T_C,opx_liq,raw,21,10.399999991059305,840.0,1121.7013674940906,deep_crustal_MASH,basalt
TargetBinKFold,ElasticNet,T_C,opx_liq,raw,22,15.0,1300.0,1263.133272304889,lithospheric_mantle,mantle_melting
TargetBinKFold,ElasticNet,T_C,opx_liq,raw,23,12.28362969507237,1109.5185185185185,1365.898674122502,deep_crustal_MASH,mantle_melting
TargetBinKFold,ElasticNet,T_C,opx_liq,raw,24,10.0,1125.0,1077.6922725315562,deep_crustal_MASH,basalt
TargetBinKFold,ElasticNet,T_C,opx_liq,raw,25,0.00099999997473788,1085.0,1127.1118006644203,shallow_crustal,basalt
TargetBinKFold,ElasticNet,T_C,opx_liq,raw,26,12.56707144985703,1110.142857142857,1373.2708393822215,deep_crustal_MASH,mantle_melting
TargetBinKFold,ElasticNet,T_C,opx_liq,raw,27,8.086285725460572,1187.095238095238,1167.5503095630525,deep_crustal_MASH,basalt
TargetBinKFold,ElasticNet,T_C,opx_liq,raw,28,7.659611106178159,1149.2222222222222,945.2119504676637,deep_crustal_MASH,basalt
TargetBinKFold,ElasticNet,T_C,opx_liq,raw,29,20.0,1500.0,1458.9885940381491,lithospheric_mantle,partitioning
TargetBinKFold,ElasticNet,T_C,opx_liq,raw,30,5.0,900.0,906.4851209639783,deep_crustal_MASH,metamorphic
TargetBinKFold,ElasticNet,T_C,opx_liq,raw,31,10.0,1125.0,1068.3934701001706,deep_crustal_MASH,basalt
TargetBinKFold,ElasticNet,T_C,opx_liq,raw,32,30.0,1530.0,1459.6844817525703,deeper_mantle,mantle_melting
TargetBinKFold,ElasticNet,T_C,opx_liq,raw,33,30.0,1580.0,1474.6053815039882,deeper_mantle,mantle_melting
TargetBinKFold,ElasticNet,T_C,opx_liq,raw,34,7.195500025760334,1121.95,1000.1094429895842,deep_crustal_MASH,basalt
TargetBinKFold,ElasticNet,T_C,opx_liq,raw,35,5.369384613849325,1141.7692307692307,1265.2917825676013,deep_crustal_MASH,arc_silicic
TargetBinKFold,ElasticNet,T_C,opx_liq,raw,36,30.0,1550.0,1498.2537526373285,deeper_mantle,partitioning
TargetBinKFold,ElasticNet,T_C,opx_liq,raw,37,20.0,1410.0,1446.1674171250572,lithospheric_mantle,basalt
TargetBinKFold,ElasticNet,T_C,opx_liq,raw,38,40.0,1660.0,1530.4080663318912,deeper_mantle,mantle_melting
TargetBinKFold,ElasticNet,T_C,opx_liq,raw,39,40.0,1610.0,1558.5204625957049,deeper_mantle,mantle_melting
TargetBinKFold,ElasticNet,T_C,opx_liq,raw,40,45.0,1650.0,1605.422926375972,deeper_mantle,mantle_melting
TargetBinKFold,ElasticNet,T_C,opx_liq,raw,41,6.469000022348593,1128.0,1032.262886661392,deep_crustal_MASH,mantle_melting
TargetBinKFold,ElasticNet,T_C,opx_liq,raw,42,7.022909071941695,1062.6363636363637,1050.6376797815897,deep_crustal_MASH,mantle_melting
TargetBinKFold,ElasticNet,T_C,opx_liq,raw,43,10.0,1300.0,1202.97533988661,deep_crustal_MASH,MORB
TargetBinKFold,ElasticNet,T_C,opx_liq,raw,44,10.0,1350.0,1228.2438623170242,deep_crustal_MASH,MORB
TargetBinKFold,ElasticNet,T_C,opx_liq,raw,45,20.0,1450.0,1411.1331084233261,lithospheric_mantle,MORB
TargetBinKFold,ElasticNet,T_C,opx_liq,raw,46,7.87644445708062,1085.6666666666667,1043.667900412133,deep_crustal_MASH,mantle_melting
TargetBinKFold,ElasticNet,T_C,opx_liq,raw,47,9.693111129707756,1148.4444444444443,927.4662828640418,deep_crustal_MASH,arc_silicic
TargetBinKFold,ElasticNet,T_C,opx_liq,raw,48,10.0,1270.0,1240.508601005419,deep_crustal_MASH,mantle_melting
TargetBinKFold,ElasticNet,T_C,opx_liq,raw,49,15.250125059604626,1156.875,1261.8375673948121,lithospheric_mantle,mantle_melting
TargetBinKFold,ElasticNet,T_C,opx_liq,raw,50,17.999999952316198,1096.0,1435.4572803642338,lithospheric_mantle,mantle_melting
TargetBinKFold,ElasticNet,T_C,opx_liq,raw,51,60.0,1770.0,1616.5679846307671,deeper_mantle,mantle_melting
TargetBinKFold,ElasticNet,T_C,opx_liq,raw,52,1.1000000126659748,912.5,1079.4117515450373,shallow_crustal,other
TargetBinKFold,ElasticNet,T_C,opx_liq,raw,53,0.0010132500028703,1137.0,1154.0593295333526,shallow_crustal,basalt
TargetBinKFold,ElasticNet,T_C,opx_liq,raw,54,0.0010132500028703,1106.0,1069.7477170163202,shallow_crustal,basalt
TargetBinKFold,ElasticNet,T_C,opx_liq,raw,55,0.00099999997473788,1140.0,1155.9133661852627,shallow_crustal,arc_silicic
TargetBinKFold,ElasticNet,T_C,opx_liq,raw,56,6.666999999991579,1262.3333333333333,1359.0321167451254,deep_crustal_MASH,other
TargetBinKFold,ElasticNet,T_C,opx_liq,raw,57,7.500499999987369,1220.5,1347.1425383953003,deep_crustal_MASH,other
TargetBinKFold,ElasticNet,T_C,opx_liq,raw,58,15.0,1350.0,1388.789436485731,lithospheric_mantle,other
TargetBinKFold,ElasticNet,T_C,opx_liq,raw,59,7.500499999987369,1237.5,1395.351527755276,deep_crustal_MASH,other
TargetBinKFold,ElasticNet,T_C,opx_liq,raw,60,15.0,1400.0,1410.8754020086847,lithospheric_mantle,other
TargetBinKFold,ElasticNet,T_C,opx_liq,raw,61,10.0,1275.0,1293.1878091013725,deep_crustal_MASH,other
TargetBinKFold,ElasticNet,T_C,opx_liq,raw,62,10.000333333324912,1261.3333333333333,1250.3694502097267,deep_crustal_MASH,other
TargetBinKFold,ElasticNet,T_C,opx_liq,raw,63,13.500000238418501,1330.0,1328.1198396430898,deep_crustal_MASH,other
TargetBinKFold,ElasticNet,T_C,opx_liq,raw,64,6.666999999991579,1264.3333333333333,1319.884829775179,deep_crustal_MASH,other
TargetBinKFold,ElasticNet,T_C,opx_liq,raw,65,20.0,1400.0,1328.431532799105,lithospheric_mantle,other
TargetBinKFold,ElasticNet,T_C,opx_liq,raw,66,15.0,1320.0,1310.1063815082389,lithospheric_mantle,basalt
TargetBinKFold,ElasticNet,T_C,opx_liq,raw,67,25.0,1400.0,1330.629801353941,lithospheric_mantle,basalt
TargetBinKFold,ElasticNet,T_C,opx_liq,raw,68,20.0,1350.0,1306.7812771543852,lithospheric_mantle,basalt
TargetBinKFold,ElasticNet,T_C,opx_liq,raw,69,8.0,1250.0,1277.7336254715424,deep_crustal_MASH,basalt
TargetBinKFold,ElasticNet,T_C,opx_liq,raw,70,20.0,1450.0,1458.4144801708105,lithospheric_mantle,other
TargetBinKFold,ElasticNet,T_C,opx_liq,raw,71,21.0,1340.0,1411.948688758892,lithospheric_mantle,other
TargetBinKFold,ElasticNet,T_C,opx_liq,raw,72,20.0,1340.0,1419.162944684159,lithospheric_mantle,other
TargetBinKFold,ElasticNet,T_C,opx_liq,raw,73,21.0,1425.0,1386.8331266303933,lithospheric_mantle,other
TargetBinKFold,ElasticNet,T_C,opx_liq,raw,74,27.999999523163,1530.0,1516.298967628465,lithospheric_mantle,other
TargetBinKFold,ElasticNet,T_C,opx_liq,raw,75,38.9999997615815,1602.5,1461.9674742218467,deeper_mantle,other
TargetBinKFold,ElasticNet,T_C,opx_liq,raw,76,9.3000000715256,1000.0,992.291823784062,deep_crustal_MASH,basalt
TargetBinKFold,ElasticNet,T_C,opx_liq,raw,77,9.3000000715256,1040.0,1079.0286261678593,deep_crustal_MASH,basalt
TargetBinKFold,ElasticNet,T_C,opx_liq,raw,78,12.000000476837,1360.0,1351.7052582648048,deep_crustal_MASH,other
TargetBinKFold,ElasticNet,T_C,opx_liq,raw,79,30.0,1445.0,1427.0365731367874,deeper_mantle,mantle_melting
TargetBinKFold,ElasticNet,T_C,opx_liq,raw,80,30.0,1440.0,1406.7215477963032,deeper_mantle,mantle_melting
TargetBinKFold,ElasticNet,T_C,opx_liq,raw,81,30.0,1465.0,1476.7572191084632,deeper_mantle,mantle_melting
TargetBinKFold,ElasticNet,T_C,opx_liq,raw,82,30.0,1465.0,1452.2717166201305,deeper_mantle,mantle_melting
TargetBinKFold,ElasticNet,T_C,opx_liq,raw,83,30.0,1465.0,1477.1606917324941,deeper_mantle,mantle_melting
TargetBinKFold,ElasticNet,T_C,opx_liq,raw,84,30.0,1440.0,1440.517671518081,deeper_mantle,mantle_melting
TargetBinKFold,ElasticNet,T_C,opx_liq,raw,85,30.0,1470.0,1454.1894912620514,deeper_mantle,mantle_melting
TargetBinKFold,ElasticNet,T_C,opx_liq,raw,86,30.0,1440.0,1445.3072917031736,deeper_mantle,mantle_melting
TargetBinKFold,ElasticNet,T_C,opx_liq,raw,87,30.0,1470.0,1458.418209170437,deeper_mantle,mantle_melting
TargetBinKFold,ElasticNet,T_C,opx_liq,raw,88,30.0,1470.0,1444.8082311687579,deeper_mantle,mantle_melting
TargetBinKFold,ElasticNet,T_C,opx_liq,raw,89,22.0,1400.0,1341.7230518130787,lithospheric_mantle,basalt
TargetBinKFold,ElasticNet,T_C,opx_liq,raw,90,30.0,1430.0,1416.5445513446466,deeper_mantle,mantle_melting
TargetBinKFold,ElasticNet,T_C,opx_liq,raw,91,30.0,1400.0,1419.0685922794428,deeper_mantle,basalt
TargetBinKFold,ElasticNet,T_C,opx_liq,raw,92,30.0,1435.0,1441.599595542903,deeper_mantle,mantle_melting
TargetBinKFold,ElasticNet,T_C,opx_liq,raw,93,30.0,1430.0,1417.294633217473,deeper_mantle,mantle_melting
TargetBinKFold,ElasticNet,T_C,opx_liq,raw,94,25.0,1450.0,1394.660935174601,lithospheric_mantle,basalt
TargetBinKFold,ElasticNet,T_C,opx_liq,raw,95,20.0,1375.0,1357.1954684679645,lithospheric_mantle,basalt
TargetBinKFold,ElasticNet,T_C,opx_liq,raw,96,8.0,1230.0,1260.3483208871576,deep_crustal_MASH,basalt
TargetBinKFold,ElasticNet,T_C,opx_liq,raw,97,30.0,1430.0,1361.4677900980923,deeper_mantle,basalt
TargetBinKFold,ElasticNet,T_C,opx_liq,raw,98,30.0,1450.0,1459.3747327535038,deeper_mantle,mantle_melting
TargetBinKFold,ElasticNet,T_C,opx_liq,raw,99,30.0,1450.0,1467.0048250220746,deeper_mantle,mantle_melting
TargetBinKFold,ElasticNet,T_C,opx_liq,raw,100,10.0,900.0,791.8955952091435,deep_crustal_MASH,metamorphic
TargetBinKFold,ElasticNet,T_C,opx_liq,raw,101,10.0,925.0,884.8142207139168,deep_crustal_MASH,metamorphic
TargetBinKFold,ElasticNet,T_C,opx_liq,raw,102,10.0,950.0,896.0377071743692,deep_crustal_MASH,metamorphic
TargetBinKFold,ElasticNet,T_C,opx_liq,raw,103,6.999999880790701,950.0,902.2811053517171,deep_crustal_MASH,metamorphic
TargetBinKFold,ElasticNet,T_C,opx_liq,raw,104,10.0,1000.0,930.4143163643946,deep_crustal_MASH,metamorphic
TargetBinKFold,ElasticNet,T_C,opx_liq,raw,105,15.0,950.0,952.2777694478755,lithospheric_mantle,metamorphic
TargetBinKFold,ElasticNet,T_C,opx_liq,raw,106,10.0,910.0,912.3632535205695,deep_crustal_MASH,metamorphic
TargetBinKFold,ElasticNet,T_C,opx_liq,raw,107,6.999999880790701,900.0,853.4036197778737,deep_crustal_MASH,metamorphic
TargetBinKFold,ElasticNet,T_C,opx_liq,raw,108,6.999999880790701,938.0,895.0036824592885,deep_crustal_MASH,metamorphic
TargetBinKFold,ElasticNet,T_C,opx_liq,raw,109,12.5,930.0,908.0141441610715,deep_crustal_MASH,metamorphic
TargetBinKFold,ElasticNet,T_C,opx_liq,raw,110,10.0,975.0,936.3186220977732,deep_crustal_MASH,metamorphic
TargetBinKFold,ElasticNet,T_C,opx_liq,raw,111,10.0,1000.0,936.0416188418716,deep_crustal_MASH,metamorphic
TargetBinKFold,ElasticNet,T_C,opx_liq,raw,112,6.999999880790701,1000.0,1023.6332389543052,deep_crustal_MASH,basalt
TargetBinKFold,ElasticNet,T_C,opx_liq,raw,113,5.0,1000.0,983.0034955236337,deep_crustal_MASH,basalt
TargetBinKFold,ElasticNet,T_C,opx_liq,raw,114,12.000000476837,1300.0,1033.1830975818211,deep_crustal_MASH,basalt
TargetBinKFold,ElasticNet,T_C,opx_liq,raw,115,21.800000667572,1460.0,1481.7334362703682,lithospheric_mantle,other
TargetBinKFold,ElasticNet,T_C,opx_liq,raw,116,12.89999961853,1385.0,1398.0635185955337,deep_crustal_MASH,other
TargetBinKFold,ElasticNet,T_C,opx_liq,raw,117,27.999999523163,1550.0,1505.714995212857,lithospheric_mantle,other
TargetBinKFold,ElasticNet,T_C,opx_liq,raw,118,16.000000238419002,1255.0,1303.4137454420058,lithospheric_mantle,mantle_melting
TargetBinKFold,ElasticNet,T_C,opx_liq,raw,119,12.000000238418501,1315.0,1328.0854314529902,deep_crustal_MASH,mantle_melting
TargetBinKFold,ElasticNet,T_C,opx_liq,raw,120,11.000000238418501,1215.0,1333.0887130149833,deep_crustal_MASH,mantle_melting
TargetBinKFold,ElasticNet,T_C,opx_liq,raw,121,16.000000238419002,1355.0,1349.0727131963924,lithospheric_mantle,mantle_melting
TargetBinKFold,ElasticNet,T_C,opx_liq,raw,122,12.000000476837,1345.0,1339.918331352286,deep_crustal_MASH,mantle_melting
TargetBinKFold,ElasticNet,T_C,opx_liq,raw,123,12.000000476837,1215.0,1275.9267632151873,deep_crustal_MASH,mantle_melting
TargetBinKFold,ElasticNet,T_C,opx_liq,raw,124,12.000000476837,1230.0,1312.5645128084059,deep_crustal_MASH,mantle_melting
TargetBinKFold,ElasticNet,T_C,opx_liq,raw,125,12.000000238418501,1185.0,1236.9240976032083,deep_crustal_MASH,mantle_melting
TargetBinKFold,ElasticNet,T_C,opx_liq,raw,126,12.000000476837,1200.0,1254.3323913864679,deep_crustal_MASH,mantle_melting
TargetBinKFold,ElasticNet,T_C,opx_liq,raw,127,12.000000476837,1245.0,1292.8253081962355,deep_crustal_MASH,mantle_melting
TargetBinKFold,ElasticNet,T_C,opx_liq,raw,128,16.000000238419002,1245.0,1298.2625324911016,lithospheric_mantle,mantle_melting
TargetBinKFold,ElasticNet,T_C,opx_liq,raw,129,16.000000238419002,1260.0,1299.583126036992,lithospheric_mantle,mantle_melting
TargetBinKFold,ElasticNet,T_C,opx_liq,raw,130,20.0,1290.0,1346.8617556085078,lithospheric_mantle,mantle_melting
TargetBinKFold,ElasticNet,T_C,opx_liq,raw,131,16.000000119209503,1230.0,1300.947550919315,lithospheric_mantle,mantle_melting
TargetBinKFold,ElasticNet,T_C,opx_liq,raw,132,12.000000476837,1200.0,1251.5996724579156,deep_crustal_MASH,mantle_melting
TargetBinKFold,ElasticNet,T_C,opx_liq,raw,133,12.000000476837,1200.0,1245.2798866743158,deep_crustal_MASH,mantle_melting
TargetBinKFold,ElasticNet,T_C,opx_liq,raw,134,12.000000476837,1170.0,1227.7548415024194,deep_crustal_MASH,mantle_melting
TargetBinKFold,ElasticNet,T_C,opx_liq,raw,135,16.000000119209503,1370.0,1360.4761535902771,lithospheric_mantle,mantle_melting
TargetBinKFold,ElasticNet,T_C,opx_liq,raw,136,15.0,1400.0,1344.5228039400174,lithospheric_mantle,basalt
TargetBinKFold,ElasticNet,T_C,opx_liq,raw,137,20.0,1275.0,1332.664555724679,lithospheric_mantle,mantle_melting
TargetBinKFold,ElasticNet,T_C,opx_liq,raw,138,0.0010132500028703,1202.0,1212.2986985051696,shallow_crustal,basalt
TargetBinKFold,ElasticNet,T_C,opx_liq,raw,139,12.000000476837,1200.0,1251.145142877488,deep_crustal_MASH,mantle_melting
TargetBinKFold,ElasticNet,T_C,opx_liq,raw,140,12.000000476837,1185.0,1250.1885155488135,deep_crustal_MASH,mantle_melting
TargetBinKFold,ElasticNet,T_C,opx_liq,raw,141,12.0,1325.0,1309.6212210484018,deep_crustal_MASH,basalt
TargetBinKFold,ElasticNet,T_C,opx_liq,raw,142,15.0,1365.0,1348.0666622258464,lithospheric_mantle,basalt
TargetBinKFold,ElasticNet,T_C,opx_liq,raw,143,17.0,1365.0,1318.5857689152388,lithospheric_mantle,basalt
TargetBinKFold,ElasticNet,T_C,opx_liq,raw,144,8.0,1250.0,1260.895256332836,deep_crustal_MASH,basalt
TargetBinKFold,ElasticNet,T_C,opx_liq,raw,145,28.0,1430.0,1358.9824997720737,lithospheric_mantle,basalt
TargetBinKFold,ElasticNet,T_C,opx_liq,raw,146,10.0,1320.0,1332.4708562925914,deep_crustal_MASH,basalt
TargetBinKFold,ElasticNet,T_C,opx_liq,raw,147,12.000000476837,1150.0,1154.612071188671,deep_crustal_MASH,arc_silicic
TargetBinKFold,ElasticNet,T_C,opx_liq,raw,148,12.000000476837,1150.0,1174.380284716003,deep_crustal_MASH,arc_silicic
TargetBinKFold,ElasticNet,T_C,opx_liq,raw,149,12.000000476837,1150.0,1139.5058976131002,deep_crustal_MASH,arc_silicic
TargetBinKFold,ElasticNet,T_C,opx_liq,raw,150,12.000000476837,1190.0,1221.424499835151,deep_crustal_MASH,arc_silicic
TargetBinKFold,ElasticNet,T_C,opx_liq,raw,151,12.000000476837,1190.0,1193.6318460059163,deep_crustal_MASH,arc_silicic
TargetBinKFold,ElasticNet,T_C,opx_liq,raw,152,12.000000476837,1190.0,1180.5830385748675,deep_crustal_MASH,arc_silicic
TargetBinKFold,ElasticNet,T_C,opx_liq,raw,153,12.000000476837,1110.0,1126.893682547713,deep_crustal_MASH,arc_silicic
TargetBinKFold,ElasticNet,T_C,opx_liq,raw,154,12.000000476837,1110.0,1133.3712228955594,deep_crustal_MASH,arc_silicic
TargetBinKFold,ElasticNet,T_C,opx_liq,raw,155,12.000000476837,1210.0,1206.9369803840084,deep_crustal_MASH,arc_silicic
TargetBinKFold,ElasticNet,T_C,opx_liq,raw,156,12.000000476837,1230.0,1221.1983662505547,deep_crustal_MASH,arc_silicic
TargetBinKFold,ElasticNet,T_C,opx_liq,raw,157,0.0010132500028703,1191.0,1203.8397909885643,shallow_crustal,basalt
TargetBinKFold,ElasticNet,T_C,opx_liq,raw,158,0.0010132500028703,1202.0,1201.6932645893532,shallow_crustal,basalt
TargetBinKFold,ElasticNet,T_C,opx_liq,raw,159,12.000000476837,1150.0,1108.6710704544569,deep_crustal_MASH,arc_silicic
TargetBinKFold,ElasticNet,T_C,opx_liq,raw,160,12.000000476837,1070.0,1065.5671994619497,deep_crustal_MASH,arc_silicic
TargetBinKFold,ElasticNet,T_C,opx_liq,raw,161,12.000000476837,1190.0,1156.5629876685286,deep_crustal_MASH,arc_silicic
TargetBinKFold,ElasticNet,T_C,opx_liq,raw,162,12.000000476837,1230.0,1202.1778333721352,deep_crustal_MASH,arc_silicic
TargetBinKFold,ElasticNet,T_C,opx_liq,raw,163,12.000000476837,1110.0,1085.43509317028,deep_crustal_MASH,arc_silicic
TargetBinKFold,ElasticNet,T_C,opx_liq,raw,164,12.000000476837,1070.0,1069.61818257889,deep_crustal_MASH,arc_silicic
TargetBinKFold,ElasticNet,T_C,opx_liq,raw,165,12.000000476837,1230.0,1223.4075219049687,deep_crustal_MASH,arc_silicic
TargetBinKFold,ElasticNet,T_C,opx_liq,raw,166,12.000000476837,1030.0,1035.4693941676185,deep_crustal_MASH,arc_silicic
TargetBinKFold,ElasticNet,T_C,opx_liq,raw,167,12.000000476837,1230.0,1216.838163246335,deep_crustal_MASH,arc_silicic
TargetBinKFold,ElasticNet,T_C,opx_liq,raw,168,20.0,1425.0,1406.7599952586434,lithospheric_mantle,mantle_melting
TargetBinKFold,ElasticNet,T_C,opx_liq,raw,169,20.0,1425.0,1381.4678813687156,lithospheric_mantle,mantle_melting
TargetBinKFold,ElasticNet,T_C,opx_liq,raw,170,20.0,1425.0,1401.8356642987828,lithospheric_mantle,mantle_melting
TargetBinKFold,ElasticNet,T_C,opx_liq,raw,171,10.0,1280.0,1266.226733687823,deep_crustal_MASH,mantle_melting
TargetBinKFold,ElasticNet,T_C,opx_liq,raw,172,10.0,1250.0,1202.9320162947026,deep_crustal_MASH,mantle_melting
TargetBinKFold,ElasticNet,T_C,opx_liq,raw,173,10.0,1260.0,1243.8086308241225,deep_crustal_MASH,mantle_melting
TargetBinKFold,ElasticNet,T_C,opx_liq,raw,174,24.0,1440.0,1393.677860633109,lithospheric_mantle,mantle_melting
TargetBinKFold,ElasticNet,T_C,opx_liq,raw,175,26.0,1440.0,1362.2837442754678,lithospheric_mantle,mantle_melting
TargetBinKFold,ElasticNet,T_C,opx_liq,raw,176,24.0,1420.0,1355.837783087361,lithospheric_mantle,mantle_melting
TargetBinKFold,ElasticNet,T_C,opx_liq,raw,177,22.0,1420.0,1398.141097294513,lithospheric_mantle,mantle_melting
TargetBinKFold,ElasticNet,T_C,opx_liq,raw,178,22.0,1410.0,1390.19479602308,lithospheric_mantle,mantle_melting
TargetBinKFold,ElasticNet,T_C,opx_liq,raw,179,20.0,1325.0,1127.9875934623867,lithospheric_mantle,arc_silicic
TargetBinKFold,ElasticNet,T_C,opx_liq,raw,180,20.0,1350.0,1189.3072797534705,lithospheric_mantle,arc_silicic
TargetBinKFold,ElasticNet,T_C,opx_liq,raw,181,5.0,1100.0,1157.1764423444736,deep_crustal_MASH,arc_silicic
TargetBinKFold,ElasticNet,T_C,opx_liq,raw,182,2.1299999952316,876.0,963.5343202230813,shallow_crustal,arc_silicic
TargetBinKFold,ElasticNet,T_C,opx_liq,raw,183,10.0,925.0,1045.0281887839353,deep_crustal_MASH,basalt
TargetBinKFold,ElasticNet,T_C,opx_liq,raw,184,12.000000476837,1150.0,1148.0612847937114,deep_crustal_MASH,mantle_melting
TargetBinKFold,ElasticNet,T_C,opx_liq,raw,185,10.0,1250.0,1196.167574072449,deep_crustal_MASH,arc_silicic
TargetBinKFold,ElasticNet,T_C,opx_liq,raw,186,10.0,1225.0,1142.1500112551428,deep_crustal_MASH,arc_silicic
TargetBinKFold,ElasticNet,T_C,opx_liq,raw,187,10.0,1175.0,1113.1019213627853,deep_crustal_MASH,arc_silicic
TargetBinKFold,ElasticNet,T_C,opx_liq,raw,188,10.0,1275.0,1257.3629247058025,deep_crustal_MASH,arc_silicic
TargetBinKFold,ElasticNet,T_C,opx_liq,raw,189,15.0,1275.0,1172.56783263953,lithospheric_mantle,arc_silicic
TargetBinKFold,ElasticNet,T_C,opx_liq,raw,190,12.000000476837,1225.0,1117.792791593042,deep_crustal_MASH,arc_silicic
TargetBinKFold,ElasticNet,T_C,opx_liq,raw,191,15.0,1300.0,1243.370754525235,lithospheric_mantle,arc_silicic
TargetBinKFold,ElasticNet,T_C,opx_liq,raw,192,15.0,1340.0,1458.6350769219487,lithospheric_mantle,other
TargetBinKFold,ElasticNet,T_C,opx_liq,raw,193,0.00099999997473788,1270.0,1328.8094254546977,shallow_crustal,other
TargetBinKFold,ElasticNet,T_C,opx_liq,raw,194,10.0,1270.0,1179.7615218489932,deep_crustal_MASH,other
TargetBinKFold,ElasticNet,T_C,opx_liq,raw,195,10.0,1260.0,1190.2425608783865,deep_crustal_MASH,other
TargetBinKFold,ElasticNet,T_C,opx_liq,raw,196,10.0,1360.0,1344.5676538889736,deep_crustal_MASH,other
TargetBinKFold,ElasticNet,T_C,opx_liq,raw,197,10.0,1330.0,1278.9092430567978,deep_crustal_MASH,other
TargetBinKFold,ElasticNet,T_C,opx_liq,raw,198,10.0,1300.0,1226.0075784208916,deep_crustal_MASH,other
TargetBinKFold,ElasticNet,T_C,opx_liq,raw,199,10.0,1375.0,1350.5259710907135,deep_crustal_MASH,other
TargetBinKFold,ElasticNet,T_C,opx_liq,raw,200,10.0,1330.0,1255.7512241580241,deep_crustal_MASH,other
TargetBinKFold,ElasticNet,T_C,opx_liq,raw,201,10.0,1300.0,1245.5170999728487,deep_crustal_MASH,other
TargetBinKFold,ElasticNet,T_C,opx_liq,raw,202,10.0,1360.0,1324.1974755870485,deep_crustal_MASH,other
TargetBinKFold,ElasticNet,T_C,opx_liq,raw,203,10.0,1270.0,1214.8089161582297,deep_crustal_MASH,other
TargetBinKFold,ElasticNet,T_C,opx_liq,raw,204,10.0,1315.0,1222.6469856685562,deep_crustal_MASH,other
TargetBinKFold,ElasticNet,T_C,opx_liq,raw,205,10.0,1300.0,1233.893670279692,deep_crustal_MASH,other
TargetBinKFold,ElasticNet,T_C,opx_liq,raw,206,10.0,1390.0,1361.1508659850679,deep_crustal_MASH,other
TargetBinKFold,ElasticNet,T_C,opx_liq,raw,207,10.0,1270.0,1234.8045836816148,deep_crustal_MASH,other
TargetBinKFold,ElasticNet,T_C,opx_liq,raw,208,20.0,1380.0,1386.49967321887,lithospheric_mantle,mantle_melting
TargetBinKFold,ElasticNet,T_C,opx_liq,raw,209,2.5,850.0,927.2329446659464,shallow_crustal,other
TargetBinKFold,ElasticNet,T_C,opx_liq,raw,210,2.5,850.0,930.9203238237747,shallow_crustal,other
TargetBinKFold,ElasticNet,T_C,opx_liq,raw,211,2.5,850.0,912.6738484037858,shallow_crustal,other
TargetBinKFold,ElasticNet,T_C,opx_liq,raw,212,1.5000000596046001,850.0,913.6005898786209,shallow_crustal,other
TargetBinKFold,ElasticNet,T_C,opx_liq,raw,213,1.5000000596046001,850.0,927.5174953074932,shallow_crustal,other
TargetBinKFold,ElasticNet,T_C,opx_liq,raw,214,1.5000000596046001,850.0,921.3510549222497,shallow_crustal,other
TargetBinKFold,ElasticNet,T_C,opx_liq,raw,215,1.5000000596046001,850.0,933.5822870766572,shallow_crustal,other
TargetBinKFold,ElasticNet,T_C,opx_liq,raw,216,10.0,925.0,911.7205512610763,deep_crustal_MASH,other
TargetBinKFold,ElasticNet,T_C,opx_liq,raw,217,10.0,950.0,917.0400623074074,deep_crustal_MASH,other
TargetBinKFold,ElasticNet,T_C,opx_liq,raw,218,10.0,975.0,929.3119950625068,deep_crustal_MASH,other
TargetBinKFold,ElasticNet,T_C,opx_liq,raw,219,10.0,900.0,900.5598418708105,deep_crustal_MASH,other
TargetBinKFold,ElasticNet,T_C,opx_liq,raw,220,12.5,925.0,977.0977348159413,deep_crustal_MASH,other
TargetBinKFold,ElasticNet,T_C,opx_liq,raw,221,10.0,1050.0,947.1328975893007,deep_crustal_MASH,other
TargetBinKFold,ElasticNet,T_C,opx_liq,raw,222,10.0,1290.0,1259.1759389770798,deep_crustal_MASH,basalt
TargetBinKFold,ElasticNet,T_C,opx_liq,raw,223,15.0,1340.0,1273.678091829789,lithospheric_mantle,basalt
TargetBinKFold,ElasticNet,T_C,opx_liq,raw,224,15.0,1355.0,1311.9845282102697,lithospheric_mantle,basalt
TargetBinKFold,ElasticNet,T_C,opx_liq,raw,225,4.0479999780655005,995.0,1087.6050816335014,shallow_crustal,arc_silicic
TargetBinKFold,ElasticNet,T_C,opx_liq,raw,226,3.9489999413490002,1016.0,1110.346742168512,shallow_crustal,arc_silicic
TargetBinKFold,ElasticNet,T_C,opx_liq,raw,227,4.2699998617172,1000.0,1087.9227433356555,shallow_crustal,arc_silicic
TargetBinKFold,ElasticNet,T_C,opx_liq,raw,228,10.0,1250.0,1230.884036236104,deep_crustal_MASH,other
TargetBinKFold,ElasticNet,T_C,opx_liq,raw,229,11.499999761580998,1275.0,1249.694856888907,deep_crustal_MASH,other
TargetBinKFold,ElasticNet,T_C,opx_liq,raw,230,6.999999880790701,1200.0,1204.6268230757512,deep_crustal_MASH,other
TargetBinKFold,ElasticNet,T_C,opx_liq,raw,231,20.0,1350.0,1321.1673989639623,lithospheric_mantle,arc_silicic
TargetBinKFold,ElasticNet,T_C,opx_liq,raw,232,15.0,1250.0,1266.56812952347,lithospheric_mantle,arc_silicic
TargetBinKFold,ElasticNet,T_C,opx_liq,raw,233,15.0,1250.0,1279.9940436683664,lithospheric_mantle,arc_silicic
TargetBinKFold,ElasticNet,T_C,opx_liq,raw,234,0.0010132500028703,1186.0,1200.3210316595726,shallow_crustal,basalt
TargetBinKFold,ElasticNet,T_C,opx_liq,raw,235,0.0010132500028703,1186.0,1212.5815538821541,shallow_crustal,basalt
TargetBinKFold,ElasticNet,T_C,opx_liq,raw,236,0.0010132500028703,1176.0,1218.9595258050538,shallow_crustal,basalt
TargetBinKFold,ElasticNet,T_C,opx_liq,raw,237,0.0010132500028703,1186.0,1231.6193524562768,shallow_crustal,basalt
TargetBinKFold,ElasticNet,T_C,opx_liq,raw,238,10.0,1285.0,1276.964240143595,deep_crustal_MASH,mantle_melting
TargetBinKFold,ElasticNet,T_C,opx_liq,raw,239,10.0,1390.0,1391.0428590068852,deep_crustal_MASH,mantle_melting
TargetBinKFold,ElasticNet,T_C,opx_liq,raw,240,10.0,1360.0,1349.4417067393617,deep_crustal_MASH,mantle_melting
TargetBinKFold,ElasticNet,T_C,opx_liq,raw,241,10.0,1300.0,1243.6960610051901,deep_crustal_MASH,mantle_melting
TargetBinKFold,ElasticNet,T_C,opx_liq,raw,242,10.0,1390.0,1361.6881731874785,deep_crustal_MASH,mantle_melting
TargetBinKFold,ElasticNet,T_C,opx_liq,raw,243,10.0,1330.0,1274.1485714267556,deep_crustal_MASH,mantle_melting
TargetBinKFold,ElasticNet,T_C,opx_liq,raw,244,10.0,1300.0,1243.314260667367,deep_crustal_MASH,mantle_melting
TargetBinKFold,ElasticNet,T_C,opx_liq,raw,245,10.0,1390.0,1420.3169690580173,deep_crustal_MASH,mantle_melting
TargetBinKFold,ElasticNet,T_C,opx_liq,raw,246,10.0,1360.0,1327.6020629920235,deep_crustal_MASH,mantle_melting
TargetBinKFold,ElasticNet,T_C,opx_liq,raw,247,10.0,1270.0,1165.7458967537655,deep_crustal_MASH,mantle_melting
TargetBinKFold,ElasticNet,T_C,opx_liq,raw,248,10.0,1300.0,1303.7182644799034,deep_crustal_MASH,mantle_melting
TargetBinKFold,ElasticNet,T_C,opx_liq,raw,249,10.0,1270.0,1251.9522523390685,deep_crustal_MASH,mantle_melting
TargetBinKFold,ElasticNet,T_C,opx_liq,raw,250,10.0,950.0,1007.4812949459581,deep_crustal_MASH,arc_silicic
TargetBinKFold,ElasticNet,T_C,opx_liq,raw,251,20.0,1400.0,1383.0006561940122,lithospheric_mantle,mantle_melting
TargetBinKFold,ElasticNet,T_C,opx_liq,raw,252,15.0,1300.0,1269.582331319507,lithospheric_mantle,mantle_melting
TargetBinKFold,ElasticNet,T_C,opx_liq,raw,253,15.0,1400.0,1402.7443508552196,lithospheric_mantle,mantle_melting
TargetBinKFold,ElasticNet,T_C,opx_liq,raw,254,20.0,1350.0,1362.740846311202,lithospheric_mantle,mantle_melting
TargetBinKFold,ElasticNet,T_C,opx_liq,raw,255,20.0,1400.0,1418.4893271975002,lithospheric_mantle,mantle_melting
TargetBinKFold,ElasticNet,T_C,opx_liq,raw,256,10.0,1290.0,1249.1063270709474,deep_crustal_MASH,other
TargetBinKFold,ElasticNet,T_C,opx_liq,raw,257,0.0010132500028703,1245.0,1298.1965285725541,shallow_crustal,basalt
TargetBinKFold,ElasticNet,T_C,opx_liq,raw,258,18.999999761580998,1401.0,1332.8305652201814,lithospheric_mantle,MORB
TargetBinKFold,ElasticNet,T_C,opx_liq,raw,259,15.0,1355.0,1305.1473602809324,lithospheric_mantle,MORB
TargetBinKFold,ElasticNet,T_C,opx_liq,raw,260,15.0,1370.0,1352.4203448447872,lithospheric_mantle,MORB
TargetBinKFold,ElasticNet,T_C,opx_liq,raw,261,15.0,1365.0,1295.3698854292152,lithospheric_mantle,MORB
TargetBinKFold,ElasticNet,T_C,opx_liq,raw,262,15.0,1410.0,1393.2668938303066,lithospheric_mantle,MORB
TargetBinKFold,ElasticNet,T_C,opx_liq,raw,263,18.999999761580998,1416.0,1406.645873356195,lithospheric_mantle,MORB
TargetBinKFold,ElasticNet,T_C,opx_liq,raw,264,0.0010132500028703,1245.0,1293.2333163300113,shallow_crustal,basalt
TargetBinKFold,ElasticNet,T_C,opx_liq,raw,265,24.000000953674,1485.0,1483.9888934533956,lithospheric_mantle,mantle_melting
TargetBinKFold,ElasticNet,T_C,opx_liq,raw,266,27.999999523163,1510.0,1550.1764375629318,lithospheric_mantle,mantle_melting
TargetBinKFold,ElasticNet,T_C,opx_liq,raw,267,15.0,1291.0,1343.3703626816837,lithospheric_mantle,mantle_melting
TargetBinKFold,ElasticNet,T_C,opx_liq,raw,268,15.0,1318.0,1366.2864107365353,lithospheric_mantle,mantle_melting
TargetBinKFold,ElasticNet,T_C,opx_liq,raw,269,15.0,1348.0,1380.9245411017628,lithospheric_mantle,mantle_melting
TargetBinKFold,ElasticNet,T_C,opx_liq,raw,270,15.0,1269.0,1252.151255384599,lithospheric_mantle,mantle_melting
TargetBinKFold,ElasticNet,T_C,opx_liq,raw,271,15.0,1319.0,1387.115192581303,lithospheric_mantle,mantle_melting
TargetBinKFold,ElasticNet,T_C,opx_liq,raw,272,15.0,1289.0,1317.371325104942,lithospheric_mantle,mantle_melting
TargetBinKFold,ElasticNet,T_C,opx_liq,raw,273,15.0,1336.0,1368.177787644753,lithospheric_mantle,mantle_melting
TargetBinKFold,ElasticNet,T_C,opx_liq,raw,274,0.01,1180.0,1207.9374411675642,shallow_crustal,basalt
TargetBinKFold,ElasticNet,T_C,opx_liq,raw,275,0.0010132500028703,1245.0,1312.2081579738885,shallow_crustal,basalt
TargetBinKFold,ElasticNet,T_C,opx_liq,raw,276,5.0,1100.0,1137.8876013415427,deep_crustal_MASH,arc_silicic
TargetBinKFold,ElasticNet,T_C,opx_liq,raw,277,10.0,1375.0,1299.9245656942535,deep_crustal_MASH,other
TargetBinKFold,ElasticNet,T_C,opx_liq,raw,278,10.0,1375.0,1292.9159698982987,deep_crustal_MASH,other
TargetBinKFold,ElasticNet,T_C,opx_liq,raw,279,5.0,1150.0,1162.4138133228157,deep_crustal_MASH,arc_silicic
TargetBinKFold,ElasticNet,T_C,opx_liq,raw,280,1.0379999876022001,1050.0,1037.8648168027996,shallow_crustal,arc_silicic
TargetBinKFold,ElasticNet,T_C,opx_liq,raw,281,1.4749999344348999,1000.0,1040.4359158548755,shallow_crustal,arc_silicic
TargetBinKFold,ElasticNet,T_C,opx_liq,raw,282,1.8000000715256002,975.0,1020.4851984909534,shallow_crustal,arc_silicic
TargetBinKFold,ElasticNet,T_C,opx_liq,raw,283,1.0080000013113,975.0,1001.7728974848488,shallow_crustal,arc_silicic
TargetBinKFold,ElasticNet,T_C,opx_liq,raw,284,0.7100000232458099,960.0,1003.8683796355333,shallow_crustal,arc_silicic
TargetBinKFold,ElasticNet,T_C,opx_liq,raw,285,1.0549999773502,1000.0,1024.715535835211,shallow_crustal,arc_silicic
TargetBinKFold,ElasticNet,T_C,opx_liq,raw,286,2.1259999275208,951.0,978.2093020927506,shallow_crustal,arc_silicic
TargetBinKFold,ElasticNet,T_C,opx_liq,raw,287,2.1259999275208,951.0,988.937123847023,shallow_crustal,arc_silicic
TargetBinKFold,ElasticNet,T_C,opx_liq,raw,288,2.1259999275208,951.0,984.8888422961572,shallow_crustal,arc_silicic
TargetBinKFold,ElasticNet,T_C,opx_liq,raw,289,3.125,925.0,1016.4088200261535,shallow_crustal,arc_silicic
TargetBinKFold,ElasticNet,T_C,opx_liq,raw,290,1.9799999892712,900.0,989.501077438174,shallow_crustal,arc_silicic
TargetBinKFold,ElasticNet,T_C,opx_liq,raw,291,1.9799999892712,900.0,978.5239992924635,shallow_crustal,arc_silicic
TargetBinKFold,ElasticNet,T_C,opx_liq,raw,292,28.0,1580.0,1517.7330860385323,lithospheric_mantle,other
TargetBinKFold,ElasticNet,T_C,opx_liq,raw,293,27.9999997615815,1580.5,1519.077987618009,lithospheric_mantle,mantle_melting
TargetBinKFold,ElasticNet,T_C,opx_liq,raw,294,28.0,1615.0,1553.040480007541,lithospheric_mantle,other
TargetBinKFold,ElasticNet,T_C,opx_liq,raw,295,32.0,1625.0,1528.0686134132227,deeper_mantle,other
TargetBinKFold,ElasticNet,T_C,opx_liq,raw,296,32.0,1633.0,1524.6982363272427,deeper_mantle,other
TargetBinKFold,ElasticNet,T_C,opx_liq,raw,297,34.0,1650.0,1544.5621281502017,deeper_mantle,other
TargetBinKFold,ElasticNet,T_C,opx_liq,raw,298,34.0,1675.0,1567.1650213143166,deeper_mantle,other
TargetBinKFold,ElasticNet,T_C,opx_liq,raw,299,28.0,1590.0,1527.6933647741105,lithospheric_mantle,other
TargetBinKFold,ElasticNet,T_C,opx_liq,raw,300,28.0,1582.0,1529.2210959730278,lithospheric_mantle,other
TargetBinKFold,ElasticNet,T_C,opx_liq,raw,301,24.0,1535.0,1469.6933426293408,lithospheric_mantle,other
TargetBinKFold,ElasticNet,T_C,opx_liq,raw,302,28.0,1600.0,1525.78173452157,lithospheric_mantle,other
TargetBinKFold,ElasticNet,T_C,opx_liq,raw,303,15.0,1300.0,1245.9330793189258,lithospheric_mantle,mantle_melting
TargetBinKFold,ElasticNet,T_C,opx_liq,raw,304,10.0,1000.0,1026.057183749499,deep_crustal_MASH,metamorphic
TargetBinKFold,ElasticNet,T_C,opx_liq,raw,305,30.0,1200.0,1220.7666429338287,deeper_mantle,other
TargetBinKFold,ElasticNet,T_C,opx_liq,raw,306,10.0,1090.0,1150.0284098516827,deep_crustal_MASH,other
TargetBinKFold,ElasticNet,T_C,opx_liq,raw,307,10.0,1120.0,1210.3854238238275,deep_crustal_MASH,other
TargetBinKFold,ElasticNet,T_C,opx_liq,raw,308,10.0,1180.0,1244.7529737103018,deep_crustal_MASH,other
TargetBinKFold,ElasticNet,T_C,opx_liq,raw,309,10.0,1150.0,1185.5906857486973,deep_crustal_MASH,other
TargetBinKFold,ElasticNet,T_C,opx_liq,raw,310,10.0,1270.0,1319.093735112658,deep_crustal_MASH,other
TargetBinKFold,ElasticNet,T_C,opx_liq,raw,311,15.0,1400.0,1456.709427472109,lithospheric_mantle,mantle_melting
TargetBinKFold,ElasticNet,T_C,opx_liq,raw,312,15.0,1450.0,1501.9353516344177,lithospheric_mantle,mantle_melting
TargetBinKFold,ElasticNet,T_C,opx_liq,raw,313,15.0,1350.0,1394.3750161911562,lithospheric_mantle,mantle_melting
TargetBinKFold,ElasticNet,T_C,opx_liq,raw,314,20.0,1450.0,1524.8967443428628,lithospheric_mantle,mantle_melting
TargetBinKFold,ElasticNet,T_C,opx_liq,raw,315,20.0,1400.0,1428.600181164207,lithospheric_mantle,mantle_melting
TargetBinKFold,ElasticNet,T_C,opx_liq,raw,316,20.0,1500.0,1626.1416922060205,lithospheric_mantle,mantle_melting
TargetBinKFold,ElasticNet,T_C,opx_liq,raw,317,25.0,1500.0,1553.731955453125,lithospheric_mantle,mantle_melting
TargetBinKFold,ElasticNet,T_C,opx_liq,raw,318,25.0,1480.0,1514.1984533152913,lithospheric_mantle,mantle_melting
TargetBinKFold,ElasticNet,T_C,opx_liq,raw,319,20.0,1500.0,1492.4824120577784,lithospheric_mantle,mantle_melting
TargetBinKFold,ElasticNet,T_C,opx_liq,raw,320,20.0,1530.0,1511.5220838070704,lithospheric_mantle,mantle_melting
TargetBinKFold,ElasticNet,T_C,opx_liq,raw,321,20.0,1560.0,1589.2372101264662,lithospheric_mantle,mantle_melting
TargetBinKFold,ElasticNet,T_C,opx_liq,raw,322,20.0,1560.0,1566.6633862512515,lithospheric_mantle,mantle_melting
TargetBinKFold,ElasticNet,T_C,opx_liq,raw,323,20.0,1600.0,1602.7560406179573,lithospheric_mantle,mantle_melting
TargetBinKFold,ElasticNet,T_C,opx_liq,raw,324,15.0,1480.0,1467.9386064668663,lithospheric_mantle,mantle_melting
TargetBinKFold,ElasticNet,T_C,opx_liq,raw,325,15.0,1500.0,1523.305094994148,lithospheric_mantle,mantle_melting
TargetBinKFold,ElasticNet,T_C,opx_liq,raw,326,10.0,1380.0,1338.1929967635717,deep_crustal_MASH,mantle_melting
TargetBinKFold,ElasticNet,T_C,opx_liq,raw,327,10.0,1500.0,1287.6590532455684,deep_crustal_MASH,mantle_melting
TargetBinKFold,ElasticNet,T_C,opx_liq,raw,328,10.0,1500.0,1323.6765570980551,deep_crustal_MASH,mantle_melting
TargetBinKFold,ElasticNet,T_C,opx_liq,raw,329,10.0,1275.0,1189.8864489878215,deep_crustal_MASH,mantle_melting
TargetBinKFold,ElasticNet,T_C,opx_liq,raw,330,10.0,1250.0,1204.1691405850495,deep_crustal_MASH,mantle_melting
TargetBinKFold,ElasticNet,T_C,opx_liq,raw,331,10.0,1250.0,1237.5658271016737,deep_crustal_MASH,mantle_melting
TargetBinKFold,ElasticNet,T_C,opx_liq,raw,332,10.0,1400.0,1387.7333717722368,deep_crustal_MASH,mantle_melting
TargetBinKFold,ElasticNet,T_C,opx_liq,raw,333,10.0,1390.0,1356.4382575059078,deep_crustal_MASH,mantle_melting
TargetBinKFold,ElasticNet,T_C,opx_liq,raw,334,10.0,1300.0,1205.3980694330298,deep_crustal_MASH,mantle_melting
TargetBinKFold,ElasticNet,T_C,opx_liq,raw,335,10.0,1310.0,1265.0303956400292,deep_crustal_MASH,mantle_melting
TargetBinKFold,ElasticNet,T_C,opx_liq,raw,336,10.0,1310.0,1274.728296383021,deep_crustal_MASH,mantle_melting
TargetBinKFold,ElasticNet,T_C,opx_liq,raw,337,10.0,1390.0,1381.776037385044,deep_crustal_MASH,mantle_melting
TargetBinKFold,ElasticNet,T_C,opx_liq,raw,338,15.0,1350.0,1318.3180619991874,lithospheric_mantle,mantle_melting
TargetBinKFold,ElasticNet,T_C,opx_liq,raw,339,15.0,1400.0,1353.481444906702,lithospheric_mantle,mantle_melting
TargetBinKFold,ElasticNet,T_C,opx_liq,raw,340,15.0,1500.0,1477.2579234048003,lithospheric_mantle,mantle_melting
TargetBinKFold,ElasticNet,T_C,opx_liq,raw,341,12.5,1425.0,1452.0805421364616,deep_crustal_MASH,mantle_melting
TargetBinKFold,ElasticNet,T_C,opx_liq,raw,342,15.0,1450.0,1415.8525397871845,lithospheric_mantle,mantle_melting
TargetBinKFold,ElasticNet,T_C,opx_liq,raw,343,10.0,1440.0,1419.0322322253253,deep_crustal_MASH,mantle_melting
TargetBinKFold,ElasticNet,T_C,opx_liq,raw,344,15.0,1325.0,1287.6356324724932,lithospheric_mantle,MORB
TargetBinKFold,ElasticNet,T_C,opx_liq,raw,345,15.0,1340.0,1260.1610011565826,lithospheric_mantle,MORB
TargetBinKFold,ElasticNet,T_C,opx_liq,raw,346,15.0,1550.0,1541.954718891471,lithospheric_mantle,mantle_melting
TargetBinKFold,ElasticNet,T_C,opx_liq,raw,347,15.0,1600.0,1628.9483484454413,lithospheric_mantle,mantle_melting
TargetBinKFold,ElasticNet,T_C,opx_liq,raw,348,15.0,1550.0,1536.3449923074766,lithospheric_mantle,mantle_melting
TargetBinKFold,ElasticNet,T_C,opx_liq,raw,349,15.0,1510.0,1497.0152840340813,lithospheric_mantle,mantle_melting
TargetBinKFold,ElasticNet,T_C,opx_liq,raw,350,15.0,1600.0,1613.878546276904,lithospheric_mantle,mantle_melting
TargetBinKFold,ElasticNet,T_C,opx_liq,raw,351,15.0,1350.0,1336.2562244507249,lithospheric_mantle,MORB
TargetBinKFold,ElasticNet,T_C,opx_liq,raw,352,10.0,1260.0,1270.404755456468,deep_crustal_MASH,MORB
TargetBinKFold,ElasticNet,T_C,opx_liq,raw,353,10.0,1270.0,1246.8754875770371,deep_crustal_MASH,MORB
TargetBinKFold,ElasticNet,T_C,opx_liq,raw,354,15.0,1370.0,1339.9831504500146,lithospheric_mantle,MORB
TargetBinKFold,ElasticNet,T_C,opx_liq,raw,355,10.0,1260.0,1249.4299044855234,deep_crustal_MASH,MORB
TargetBinKFold,ElasticNet,T_C,opx_liq,raw,356,10.0,1295.0,1269.6219671785323,deep_crustal_MASH,MORB
TargetBinKFold,ElasticNet,T_C,opx_liq,raw,357,15.0,1336.0,1322.5538588652905,lithospheric_mantle,mantle_melting
TargetBinKFold,ElasticNet,T_C,opx_liq,raw,358,15.0,1315.0,1256.9185567120771,lithospheric_mantle,mantle_melting
TargetBinKFold,ElasticNet,T_C,opx_liq,raw,359,15.0,1325.0,1328.6646059444683,lithospheric_mantle,mantle_melting
TargetBinKFold,ElasticNet,T_C,opx_liq,raw,360,27.999999523163,1565.0,1518.992888224471,lithospheric_mantle,mantle_melting
TargetBinKFold,ElasticNet,T_C,opx_liq,raw,361,27.999999523163,1555.0,1537.239920496989,lithospheric_mantle,mantle_melting
TargetBinKFold,ElasticNet,T_C,opx_liq,raw,362,5.0,1078.0,1081.2199916397794,deep_crustal_MASH,other
TargetBinKFold,ElasticNet,T_C,opx_liq,raw,363,12.000000476837,1510.0,1394.7070445480429,deep_crustal_MASH,basalt
TargetBinKFold,ElasticNet,T_C,opx_liq,raw,364,12.000000476837,1525.0,1475.568218793152,deep_crustal_MASH,basalt
TargetBinKFold,ElasticNet,T_C,opx_liq,raw,365,12.200000286102,1490.0,1455.1117213445891,deep_crustal_MASH,basalt
TargetBinKFold,ElasticNet,T_C,opx_liq,raw,366,12.599999904632998,1530.0,1454.1012733269379,deep_crustal_MASH,basalt
TargetBinKFold,ElasticNet,T_C,opx_liq,raw,367,13.799999952316,1530.0,1416.8596157386492,deep_crustal_MASH,basalt
TargetBinKFold,ElasticNet,T_C,opx_liq,raw,368,7.5,1440.0,1394.773629365512,deep_crustal_MASH,basalt
TargetBinKFold,ElasticNet,T_C,opx_liq,raw,369,20.5,1425.0,1419.6906784021844,lithospheric_mantle,other
TargetBinKFold,ElasticNet,T_C,opx_liq,raw,370,21.0,1400.0,1408.0669316551016,lithospheric_mantle,other
TargetBinKFold,ElasticNet,T_C,opx_liq,raw,371,1.9380000233649999,950.0,1044.4241616051427,shallow_crustal,arc_silicic
TargetBinKFold,ElasticNet,T_C,opx_liq,raw,372,1.2409999966621001,1050.0,1085.3751810846427,shallow_crustal,arc_silicic
TargetBinKFold,ElasticNet,T_C,opx_liq,raw,373,0.52400000393391,1050.0,1069.5720733595429,shallow_crustal,arc_silicic
TargetBinKFold,ElasticNet,T_C,opx_liq,raw,374,3.0140000581741,1075.0,1075.9705826528698,shallow_crustal,arc_silicic
TargetBinKFold,ElasticNet,T_C,opx_liq,raw,375,1.0689999908209,950.0,1051.541542269045,shallow_crustal,arc_silicic
TargetBinKFold,ElasticNet,T_C,opx_liq,raw,376,1.7100000381470002,975.0,1048.3783035217562,shallow_crustal,arc_silicic
TargetBinKFold,ElasticNet,T_C,opx_liq,raw,377,1.5929999947548,1065.0,1095.1224549768017,shallow_crustal,arc_silicic
TargetBinKFold,ElasticNet,T_C,opx_liq,raw,378,1.5520000457764,1035.0,1103.8454132496909,shallow_crustal,arc_silicic
TargetBinKFold,ElasticNet,T_C,opx_liq,raw,379,0.59000000357628,1115.0,1107.6295971924822,shallow_crustal,arc_silicic
TargetBinKFold,ElasticNet,T_C,opx_liq,raw,380,2.0000000298022997,980.0,1047.151309494573,shallow_crustal,arc_silicic
TargetBinKFold,ElasticNet,T_C,opx_liq,raw,381,0.97999997437,1071.0,1107.246755889622,shallow_crustal,arc_silicic
TargetBinKFold,ElasticNet,T_C,opx_liq,raw,382,2.9199999570847,990.0,1077.7343837297701,shallow_crustal,arc_silicic
TargetBinKFold,ElasticNet,T_C,opx_liq,raw,383,1.0000000149012,1100.0,1101.3833258021782,shallow_crustal,arc_silicic
TargetBinKFold,ElasticNet,T_C,opx_liq,raw,384,1.5000000596046001,1100.0,1085.686131468387,shallow_crustal,arc_silicic
TargetBinKFold,ElasticNet,T_C,opx_liq,raw,385,2.1170000731945,1000.0,1084.7245299018239,shallow_crustal,arc_silicic
TargetBinKFold,ElasticNet,T_C,opx_liq,raw,386,0.93800000846386,1050.0,1082.6920582790547,shallow_crustal,arc_silicic
TargetBinKFold,ElasticNet,T_C,opx_liq,raw,387,1.1720000207424,1000.0,1025.4309058988606,shallow_crustal,arc_silicic
TargetBinKFold,ElasticNet,T_C,opx_liq,raw,388,10.0,1180.0,1225.1112916129532,deep_crustal_MASH,arc_silicic
TargetBinKFold,ElasticNet,T_C,opx_liq,raw,389,10.0,1200.0,1222.325877267535,deep_crustal_MASH,arc_silicic
TargetBinKFold,ElasticNet,T_C,opx_liq,raw,390,20.0,1150.0,1205.8026775782935,lithospheric_mantle,arc_silicic
TargetBinKFold,ElasticNet,T_C,opx_liq,raw,391,20.0,1180.0,1186.5931232649696,lithospheric_mantle,arc_silicic
TargetBinKFold,ElasticNet,T_C,opx_liq,raw,392,20.0,1180.0,1234.8897847931394,lithospheric_mantle,arc_silicic
TargetBinKFold,ElasticNet,T_C,opx_liq,raw,393,0.001,1340.0,1426.5107332547714,shallow_crustal,partitioning
TargetBinKFold,ElasticNet,T_C,opx_liq,raw,394,0.001,1340.0,1370.4585411042256,shallow_crustal,partitioning
TargetBinKFold,ElasticNet,T_C,opx_liq,raw,395,0.001,1340.0,1430.2390402183505,shallow_crustal,partitioning
TargetBinKFold,ElasticNet,T_C,opx_liq,raw,396,0.001,1340.0,1396.4107044651873,shallow_crustal,partitioning
TargetBinKFold,ElasticNet,T_C,opx_liq,raw,397,0.001,1340.0,1441.9875872918165,shallow_crustal,partitioning
TargetBinKFold,ElasticNet,T_C,opx_liq,raw,398,0.001,1340.0,1342.0115164342674,shallow_crustal,partitioning
TargetBinKFold,ElasticNet,T_C,opx_liq,raw,399,0.001,1340.0,1437.4251418693843,shallow_crustal,partitioning
TargetBinKFold,ElasticNet,T_C,opx_liq,raw,400,0.001,1400.0,1479.5910679550254,shallow_crustal,partitioning
TargetBinKFold,ElasticNet,T_C,opx_liq,raw,401,0.001,1400.0,1451.5659642448252,shallow_crustal,partitioning
TargetBinKFold,ElasticNet,T_C,opx_liq,raw,402,0.001,1400.0,1447.211656903302,shallow_crustal,partitioning
TargetBinKFold,ElasticNet,T_C,opx_liq,raw,403,0.001,1400.0,1434.4938078599812,shallow_crustal,partitioning
TargetBinKFold,ElasticNet,T_C,opx_liq,raw,404,0.001,1400.0,1431.5033460117138,shallow_crustal,partitioning
TargetBinKFold,ElasticNet,T_C,opx_liq,raw,405,0.001,1270.0,1298.537191548234,shallow_crustal,partitioning
TargetBinKFold,ElasticNet,T_C,opx_liq,raw,406,0.001,1270.0,1260.2776685018862,shallow_crustal,partitioning
TargetBinKFold,ElasticNet,T_C,opx_liq,raw,407,0.001,1270.0,1290.1634919940268,shallow_crustal,partitioning
TargetBinKFold,ElasticNet,T_C,opx_liq,raw,408,0.001,1270.0,1263.19236411832,shallow_crustal,partitioning
TargetBinKFold,ElasticNet,T_C,opx_liq,raw,409,0.001,1270.0,1304.4900758261902,shallow_crustal,partitioning
TargetBinKFold,ElasticNet,T_C,opx_liq,raw,410,0.001,1270.0,1255.60758901335,shallow_crustal,partitioning
TargetBinKFold,ElasticNet,T_C,opx_liq,raw,411,0.001,1270.0,1289.0810319274094,shallow_crustal,partitioning
TargetBinKFold,ElasticNet,T_C,opx_liq,raw,412,0.001,1270.0,1267.2166577299183,shallow_crustal,partitioning
TargetBinKFold,ElasticNet,T_C,opx_liq,raw,413,0.001,1270.0,1297.1569625922023,shallow_crustal,partitioning
TargetBinKFold,ElasticNet,T_C,opx_liq,raw,414,0.001,1270.0,1269.627979330246,shallow_crustal,partitioning
TargetBinKFold,ElasticNet,T_C,opx_liq,raw,415,10.0,1270.0,1254.1890077299242,deep_crustal_MASH,mantle_melting
TargetBinKFold,ElasticNet,T_C,opx_liq,raw,416,10.0,1280.0,1250.1544845226242,deep_crustal_MASH,mantle_melting
TargetBinKFold,ElasticNet,T_C,opx_liq,raw,417,10.0,1255.0,1259.1568699865156,deep_crustal_MASH,mantle_melting
TargetBinKFold,ElasticNet,T_C,opx_liq,raw,418,10.0,1270.0,1273.3746101743634,deep_crustal_MASH,mantle_melting
TargetBinKFold,ElasticNet,T_C,opx_liq,raw,419,10.0,1240.0,1231.6018866586976,deep_crustal_MASH,mantle_melting
TargetBinKFold,ElasticNet,T_C,opx_liq,raw,420,10.0,1240.0,1237.7696223107487,deep_crustal_MASH,mantle_melting
TargetBinKFold,ElasticNet,T_C,opx_liq,raw,421,10.0,1375.0,1397.602035275911,deep_crustal_MASH,mantle_melting
TargetBinKFold,ElasticNet,T_C,opx_liq,raw,422,10.0,1360.0,1333.213082997546,deep_crustal_MASH,mantle_melting
TargetBinKFold,ElasticNet,T_C,opx_liq,raw,423,10.0,1330.0,1353.374850221598,deep_crustal_MASH,mantle_melting
TargetBinKFold,ElasticNet,T_C,opx_liq,raw,424,10.0,1300.0,1321.9940542547904,deep_crustal_MASH,mantle_melting
TargetBinKFold,ElasticNet,T_C,opx_liq,raw,425,50.0,1750.0,1560.7820188232406,deeper_mantle,partitioning
TargetBinKFold,ElasticNet,T_C,opx_liq,raw,426,5.0199997425079,1100.0,1125.253280634059,deep_crustal_MASH,basalt
TargetBinKFold,ElasticNet,T_C,opx_liq,raw,427,5.0199997425079,1100.0,1119.9973584929364,deep_crustal_MASH,basalt
TargetBinKFold,ElasticNet,T_C,opx_liq,raw,428,5.0169998407364,1130.0,1166.3113297007308,deep_crustal_MASH,basalt
TargetBinKFold,ElasticNet,T_C,opx_liq,raw,429,10.0,1220.0,1272.9574468466385,deep_crustal_MASH,arc_silicic
TargetBinKFold,ElasticNet,T_C,opx_liq,raw,430,15.0,1160.0,1247.850125130215,lithospheric_mantle,arc_silicic
TargetBinKFold,ElasticNet,T_C,opx_liq,raw,431,17.5,1180.0,1275.0115427190244,lithospheric_mantle,arc_silicic
TargetBinKFold,ElasticNet,T_C,opx_liq,raw,432,46.9999990463255,1750.0,1619.4585061639996,deeper_mantle,other
TargetBinKFold,ElasticNet,T_C,opx_liq,raw,433,10.0,1300.0,1288.4814909275717,deep_crustal_MASH,mantle_melting
TargetBinKFold,ElasticNet,T_C,opx_liq,raw,434,17.5,1200.0,1261.3371759363563,lithospheric_mantle,arc_silicic
TargetBinKFold,ElasticNet,T_C,opx_liq,raw,435,27.75024994039535,1453.125,1644.9598371806255,lithospheric_mantle,other
TargetBinKFold,ElasticNet,T_C,opx_liq,raw,436,12.5,1210.0,1248.1935138421707,deep_crustal_MASH,arc_silicic
TargetBinKFold,ElasticNet,T_C,opx_liq,raw,437,15.0,1065.0,1314.1403146626221,lithospheric_mantle,mantle_melting
TargetBinKFold,ElasticNet,T_C,opx_liq,raw,438,50.0,1775.0,1646.5165281826519,deeper_mantle,other
TargetBinKFold,ElasticNet,T_C,opx_liq,raw,439,12.999999523163,1230.0,1317.3188334061722,deep_crustal_MASH,arc_silicic
TargetBinKFold,ElasticNet,T_C,opx_liq,raw,440,10.0,1325.0,1295.7351324330207,deep_crustal_MASH,mantle_melting
TargetBinKFold,ElasticNet,T_C,opx_liq,raw,441,15.0,1240.0,1289.657692422071,lithospheric_mantle,arc_silicic
TargetBinKFold,ElasticNet,T_C,opx_liq,raw,442,50.0,1830.0,1663.1775993714346,deeper_mantle,other
TargetBinKFold,ElasticNet,T_C,opx_liq,raw,443,15.0,1260.0,1300.4918102312915,lithospheric_mantle,arc_silicic
TargetBinKFold,ElasticNet,T_C,opx_liq,raw,444,10.0,1325.0,1317.1674311200895,deep_crustal_MASH,mantle_melting
TargetBinKFold,ElasticNet,T_C,opx_liq,raw,445,17.5,1240.0,1248.2931985566267,lithospheric_mantle,arc_silicic
TargetBinKFold,ElasticNet,T_C,opx_liq,raw,446,10.0,987.5,1312.9782089929602,deep_crustal_MASH,mantle_melting
TargetBinKFold,ElasticNet,T_C,opx_liq,raw,447,10.0,970.0,1293.1897181212312,deep_crustal_MASH,mantle_melting
TargetBinKFold,ElasticNet,T_C,opx_liq,raw,448,10.0,1045.0,1298.3456967335596,deep_crustal_MASH,mantle_melting
TargetBinKFold,ElasticNet,T_C,opx_liq,raw,449,12.000000476837,1260.0,1249.574965898783,deep_crustal_MASH,arc_silicic
TargetBinKFold,ElasticNet,T_C,opx_liq,raw,450,22.999999523163,1275.0,1064.2615651586389,lithospheric_mantle,basalt
TargetBinKFold,ElasticNet,T_C,opx_liq,raw,451,15.0,1085.0,1265.4296194917872,lithospheric_mantle,mantle_melting
TargetBinKFold,ElasticNet,T_C,opx_liq,raw,452,18.999999761580998,1200.0,1330.0953691769423,lithospheric_mantle,arc_silicic
TargetBinKFold,ElasticNet,T_C,opx_liq,raw,453,0.00099999997473788,1200.0,1160.0413917553406,shallow_crustal,basalt
TargetBinKFold,ElasticNet,T_C,opx_liq,raw,454,2.0000000298022997,1020.0,1042.438980525094,shallow_crustal,basalt
TargetBinKFold,ElasticNet,T_C,opx_liq,raw,455,0.00099999997473788,1160.0,1145.2342810809212,shallow_crustal,basalt
TargetBinKFold,ElasticNet,T_C,opx_liq,raw,456,2.0000000298022997,980.0,1070.7943440639701,shallow_crustal,basalt
TargetBinKFold,ElasticNet,T_C,opx_liq,raw,457,2.0000000298022997,940.0,1020.9108748936495,shallow_crustal,basalt
TargetBinKFold,ElasticNet,T_C,opx_liq,raw,458,0.00099999997473788,1115.0,1090.1924747196806,shallow_crustal,basalt
TargetBinKFold,ElasticNet,T_C,opx_liq,raw,459,0.00099999997473788,1100.0,1113.748772739262,shallow_crustal,basalt
TargetBinKFold,ElasticNet,T_C,opx_liq,raw,460,0.00099999997473788,1100.0,1113.8763948700669,shallow_crustal,basalt
TargetBinKFold,ElasticNet,T_C,opx_liq,raw,461,0.00099999997473788,1100.0,1104.1443823978966,shallow_crustal,basalt
TargetBinKFold,ElasticNet,T_C,opx_liq,raw,462,0.001,1208.0,1188.6016687814874,shallow_crustal,partitioning
TargetBinKFold,ElasticNet,T_C,opx_liq,raw,463,0.001,1250.0,1234.833212903288,shallow_crustal,partitioning
TargetBinKFold,ElasticNet,T_C,opx_liq,raw,464,0.001,1208.0,1217.1859213392743,shallow_crustal,partitioning
TargetBinKFold,ElasticNet,T_C,opx_liq,raw,465,0.001,1261.0,1253.8672346244764,shallow_crustal,partitioning
TargetBinKFold,ElasticNet,T_C,opx_liq,raw,466,0.001,1209.0,1177.8049848347182,shallow_crustal,partitioning
TargetBinKFold,ElasticNet,T_C,opx_liq,raw,467,0.001,1217.0,1190.9325931548494,shallow_crustal,partitioning
TargetBinKFold,ElasticNet,T_C,opx_liq,raw,468,0.001,1299.0,1254.410760067091,shallow_crustal,partitioning
TargetBinKFold,ElasticNet,T_C,opx_liq,raw,469,0.001,1264.0,1222.4353142592802,shallow_crustal,partitioning
TargetBinKFold,ElasticNet,T_C,opx_liq,raw,470,0.001,1210.0,1180.5978659543553,shallow_crustal,partitioning
TargetBinKFold,ElasticNet,T_C,opx_liq,raw,471,0.001,1264.0,1266.2636318613393,shallow_crustal,partitioning
TargetBinKFold,ElasticNet,T_C,opx_liq,raw,472,0.001,1210.0,1190.921436226109,shallow_crustal,partitioning
TargetBinKFold,ElasticNet,T_C,opx_liq,raw,473,0.001,1334.0,1322.011565226445,shallow_crustal,partitioning
TargetBinKFold,ElasticNet,T_C,opx_liq,raw,474,0.001,1260.0,1228.7636162943697,shallow_crustal,partitioning
TargetBinKFold,ElasticNet,T_C,opx_liq,raw,475,0.001,1206.0,1161.1154744681908,shallow_crustal,partitioning
TargetBinKFold,ElasticNet,T_C,opx_liq,raw,476,0.001,1331.0,1311.8788405834166,shallow_crustal,partitioning
TargetBinKFold,ElasticNet,T_C,opx_liq,raw,477,0.001,1261.0,1275.0691836774763,shallow_crustal,partitioning
TargetBinKFold,ElasticNet,T_C,opx_liq,raw,478,0.001,1295.0,1298.0484883848114,shallow_crustal,partitioning
TargetBinKFold,ElasticNet,T_C,opx_liq,raw,479,0.001,1294.0,1291.1002689218433,shallow_crustal,partitioning
TargetBinKFold,ElasticNet,T_C,opx_liq,raw,480,0.001,1280.0,1247.4408628088513,shallow_crustal,partitioning
TargetBinKFold,ElasticNet,T_C,opx_liq,raw,481,0.001,1251.0,1256.503266610514,shallow_crustal,partitioning
TargetBinKFold,ElasticNet,T_C,opx_liq,raw,482,0.001,1339.0,1308.6864708606845,shallow_crustal,partitioning
TargetBinKFold,ElasticNet,T_C,opx_liq,raw,483,0.001,1251.0,1243.1150125257252,shallow_crustal,partitioning
TargetBinKFold,ElasticNet,T_C,opx_liq,raw,484,15.0,1300.0,1162.8352577601802,lithospheric_mantle,basalt
TargetBinKFold,ElasticNet,T_C,opx_liq,raw,485,0.001,1161.0,1150.6162860713873,shallow_crustal,partitioning
TargetBinKFold,ElasticNet,T_C,opx_liq,raw,486,0.001,1198.0,1168.395654803803,shallow_crustal,partitioning
TargetBinKFold,ElasticNet,T_C,opx_liq,raw,487,0.001,1323.0,1308.861191951819,shallow_crustal,partitioning
TargetBinKFold,ElasticNet,T_C,opx_liq,raw,488,0.001,1300.0,1253.5969870871484,shallow_crustal,partitioning
TargetBinKFold,ElasticNet,T_C,opx_liq,raw,489,0.001,1179.0,1157.9970269181188,shallow_crustal,partitioning
TargetBinKFold,ElasticNet,T_C,opx_liq,raw,490,0.001,1309.0,1292.5121864015614,shallow_crustal,partitioning
TargetBinKFold,ElasticNet,T_C,opx_liq,raw,491,0.001,1254.0,1206.1501563909617,shallow_crustal,partitioning
TargetBinKFold,ElasticNet,T_C,opx_liq,raw,492,0.001,1334.0,1324.9461305148982,shallow_crustal,partitioning
TargetBinKFold,ElasticNet,T_C,opx_liq,raw,493,0.001,1196.0,1186.4467375071504,shallow_crustal,partitioning
TargetBinKFold,ElasticNet,T_C,opx_liq,raw,494,0.001,1265.0,1231.2156733519,shallow_crustal,partitioning
TargetBinKFold,ElasticNet,T_C,opx_liq,raw,495,0.001,1206.0,1152.4972186168793,shallow_crustal,partitioning
TargetBinKFold,ElasticNet,T_C,opx_liq,raw,496,0.001,1300.0,1288.74950644674,shallow_crustal,partitioning
TargetBinKFold,ElasticNet,T_C,opx_liq,raw,497,12.000000476837,1315.0,1354.4355139568302,deep_crustal_MASH,MORB
TargetBinKFold,ElasticNet,T_C,opx_liq,raw,498,12.000000476837,1300.0,1319.2928256318064,deep_crustal_MASH,MORB
TargetBinKFold,ElasticNet,T_C,opx_liq,raw,499,8.0000001192093,1065.0,1048.3173318377476,deep_crustal_MASH,basalt
TargetBinKFold,ElasticNet,T_C,opx_liq,raw,500,12.000000476837,1315.0,1299.4975894581448,deep_crustal_MASH,MORB
TargetBinKFold,ElasticNet,T_C,opx_liq,raw,501,12.000000476837,1285.0,1317.2791326490626,deep_crustal_MASH,MORB
TargetBinKFold,ElasticNet,T_C,opx_liq,raw,502,12.000000476837,1270.0,1316.3776840663186,deep_crustal_MASH,MORB
TargetBinKFold,ElasticNet,T_C,opx_liq,raw,503,12.000000476837,1285.0,1317.048259132117,deep_crustal_MASH,MORB
TargetBinKFold,ElasticNet,T_C,opx_liq,raw,504,13.999999761580998,1220.0,1270.5939119551958,deep_crustal_MASH,other
TargetBinKFold,ElasticNet,T_C,opx_liq,raw,505,16.000000238419002,1260.0,1271.0763330440732,lithospheric_mantle,other
TargetBinKFold,ElasticNet,T_C,opx_liq,raw,506,20.0,1320.0,1335.9414913500723,lithospheric_mantle,other
TargetBinKFold,ElasticNet,T_C,opx_liq,raw,507,20.0,1300.0,1317.598857423921,lithospheric_mantle,other
TargetBinKFold,ElasticNet,T_C,opx_liq,raw,508,17.999999523162998,1280.0,1304.135246924659,lithospheric_mantle,other
TargetBinKFold,ElasticNet,T_C,opx_liq,raw,509,17.999999523162998,1290.0,1283.0218259344917,lithospheric_mantle,other
TargetBinKFold,ElasticNet,T_C,opx_liq,raw,510,17.000000476837002,1300.0,1282.8883666572858,lithospheric_mantle,other
TargetBinKFold,ElasticNet,T_C,opx_liq,raw,511,22.000000476837,1400.0,1570.590579285369,lithospheric_mantle,mantle_melting
TargetBinKFold,ElasticNet,T_C,opx_liq,raw,512,22.000000476837,1350.0,1505.1539025589957,lithospheric_mantle,mantle_melting
TargetBinKFold,ElasticNet,T_C,opx_liq,raw,513,15.0,1275.0,1454.1609318371486,lithospheric_mantle,mantle_melting
TargetBinKFold,ElasticNet,T_C,opx_liq,raw,514,12.0,1360.0,1347.3069878054444,deep_crustal_MASH,mantle_melting
TargetBinKFold,ElasticNet,T_C,opx_liq,raw,515,12.0,1360.0,1306.5604307423164,deep_crustal_MASH,mantle_melting
TargetBinKFold,ElasticNet,T_C,opx_liq,raw,516,25.0,1430.0,1413.0913066000162,lithospheric_mantle,mantle_melting
TargetBinKFold,ElasticNet,T_C,opx_liq,raw,517,12.0,1360.0,1332.431041502958,deep_crustal_MASH,mantle_melting
TargetBinKFold,ElasticNet,T_C,opx_liq,raw,518,12.0,1360.0,1338.3989713674584,deep_crustal_MASH,mantle_melting
TargetBinKFold,ElasticNet,T_C,opx_liq,raw,519,8.0,1265.0,1267.9690611844815,deep_crustal_MASH,mantle_melting
TargetBinKFold,ElasticNet,T_C,opx_liq,raw,520,12.0,1310.0,1296.9531916498106,deep_crustal_MASH,mantle_melting
TargetBinKFold,ElasticNet,T_C,opx_liq,raw,521,16.0,1350.0,1290.8478642251362,lithospheric_mantle,mantle_melting
TargetBinKFold,ElasticNet,T_C,opx_liq,raw,522,12.0,1310.0,1318.0421486890987,deep_crustal_MASH,mantle_melting
TargetBinKFold,ElasticNet,T_C,opx_liq,raw,523,17.999999523162998,1410.0,1360.2225594656732,lithospheric_mantle,other
TargetBinKFold,ElasticNet,T_C,opx_liq,raw,524,17.999999523162998,1400.0,1370.1986492826495,lithospheric_mantle,other
TargetBinKFold,ElasticNet,T_C,opx_liq,raw,525,20.0,1360.0,1322.3900983427043,lithospheric_mantle,other
TargetBinKFold,ElasticNet,T_C,opx_liq,raw,526,20.0,1340.0,1293.4253302838397,lithospheric_mantle,other
TargetBinKFold,ElasticNet,T_C,opx_liq,raw,527,20.0,1400.0,1334.039310420114,lithospheric_mantle,other
TargetBinKFold,ElasticNet,T_C,opx_liq,raw,528,20.0,1380.0,1299.201342358866,lithospheric_mantle,other
TargetBinKFold,ElasticNet,T_C,opx_liq,raw,529,20.0,1420.0,1342.7014170796033,lithospheric_mantle,other
TargetBinKFold,ElasticNet,T_C,opx_liq,raw,530,16.000000238419002,1360.0,1285.4686200917986,lithospheric_mantle,other
TargetBinKFold,ElasticNet,T_C,opx_liq,raw,531,16.000000238419002,1400.0,1320.3466088462064,lithospheric_mantle,other
TargetBinKFold,ElasticNet,T_C,opx_liq,raw,532,12.0,1360.0,1340.6253526576502,deep_crustal_MASH,mantle_melting
TargetBinKFold,ElasticNet,T_C,opx_liq,raw,533,12.0,1360.0,1330.450059258489,deep_crustal_MASH,mantle_melting
TargetBinKFold,ElasticNet,T_C,opx_liq,raw,534,12.0,1360.0,1327.259371858391,deep_crustal_MASH,mantle_melting
TargetBinKFold,ElasticNet,T_C,opx_liq,raw,535,12.0,1360.0,1311.9636920374182,deep_crustal_MASH,mantle_melting
TargetBinKFold,ElasticNet,T_C,opx_liq,raw,536,8.9999997615814,1250.0,1229.499779807881,deep_crustal_MASH,MORB
TargetBinKFold,ElasticNet,T_C,opx_liq,raw,537,8.9999997615814,1270.0,1282.4674290321475,deep_crustal_MASH,MORB
TargetBinKFold,ElasticNet,T_C,opx_liq,raw,538,12.999999523163,1295.0,1285.6038244183815,deep_crustal_MASH,MORB
TargetBinKFold,ElasticNet,T_C,opx_liq,raw,539,8.9999997615814,1225.0,1215.5107531018978,deep_crustal_MASH,MORB
TargetBinKFold,ElasticNet,T_C,opx_liq,raw,540,16.000000238419002,1330.0,1329.1327426913017,lithospheric_mantle,MORB
TargetBinKFold,ElasticNet,T_C,opx_liq,raw,541,11.000000238419002,1260.0,1269.5561558917236,deep_crustal_MASH,MORB
TargetBinKFold,ElasticNet,T_C,opx_liq,raw,542,16.000000238419002,1350.0,1324.0602193357784,lithospheric_mantle,MORB
TargetBinKFold,ElasticNet,T_C,opx_liq,raw,543,16.000000238419002,1345.0,1333.7166181626394,lithospheric_mantle,MORB
TargetBinKFold,ElasticNet,T_C,opx_liq,raw,544,12.999999523163,1285.0,1293.030227472859,deep_crustal_MASH,MORB
TargetBinKFold,ElasticNet,T_C,opx_liq,raw,545,16.000000238419002,1340.0,1285.4814367533108,lithospheric_mantle,MORB
TargetBinKFold,ElasticNet,T_C,opx_liq,raw,546,8.9999997615814,1250.0,1189.8629561383252,deep_crustal_MASH,MORB
TargetBinKFold,ElasticNet,T_C,opx_liq,raw,547,24.000000953674,1480.0,1400.6689827495004,lithospheric_mantle,MORB
TargetBinKFold,ElasticNet,T_C,opx_liq,raw,548,24.000000953674,1500.0,1422.701190630838,lithospheric_mantle,MORB
TargetBinKFold,ElasticNet,T_C,opx_liq,raw,549,13.0,1245.0,1314.5343655780741,deep_crustal_MASH,mantle_melting
TargetBinKFold,ElasticNet,T_C,opx_liq,raw,550,15.0,1473.0,1492.2754952888063,lithospheric_mantle,other
TargetBinKFold,ElasticNet,T_C,opx_liq,raw,551,20.0,1495.0,1382.8091315425058,lithospheric_mantle,other
TargetBinKFold,ElasticNet,T_C,opx_liq,raw,552,15.0,1395.0,1282.7245551753836,lithospheric_mantle,other
TargetBinKFold,ElasticNet,T_C,opx_liq,raw,553,10.0,1370.0,1331.9350305149976,deep_crustal_MASH,mantle_melting
TargetBinKFold,ElasticNet,T_C,opx_liq,raw,554,10.0,1349.0,1329.4993163758443,deep_crustal_MASH,mantle_melting
TargetBinKFold,ElasticNet,T_C,opx_liq,raw,555,10.0,1411.0,1358.1108413012707,deep_crustal_MASH,mantle_melting
TargetBinKFold,ElasticNet,T_C,opx_liq,raw,556,10.0,1344.0,1311.6621668564915,deep_crustal_MASH,mantle_melting
TargetBinKFold,ElasticNet,T_C,opx_liq,raw,557,10.0,1381.0,1318.565331008856,deep_crustal_MASH,mantle_melting
TargetBinKFold,ElasticNet,T_C,opx_liq,raw,558,10.0,1325.0,1284.3118514812375,deep_crustal_MASH,mantle_melting
TargetBinKFold,ElasticNet,T_C,opx_liq,raw,559,10.0,1363.0,1330.3059400877873,deep_crustal_MASH,mantle_melting
TargetBinKFold,ElasticNet,T_C,opx_liq,raw,560,10.0,1349.0,1352.4040763360208,deep_crustal_MASH,mantle_melting
TargetBinKFold,ElasticNet,T_C,opx_liq,raw,561,10.0,1371.0,1383.8437677832221,deep_crustal_MASH,mantle_melting
TargetBinKFold,ElasticNet,T_C,opx_liq,raw,562,10.0,1355.0,1333.6731852132689,deep_crustal_MASH,mantle_melting
TargetBinKFold,ElasticNet,T_C,opx_liq,raw,563,30.0,1600.0,1499.296978421162,deeper_mantle,other
TargetBinKFold,ElasticNet,T_C,opx_liq,raw,564,30.0,1560.0,1512.613773889258,deeper_mantle,other
TargetBinKFold,ElasticNet,T_C,opx_liq,raw,565,30.0,1530.0,1473.6642837486233,deeper_mantle,other
TargetBinKFold,ElasticNet,T_C,opx_liq,raw,566,30.0,1560.0,1484.4760356646539,deeper_mantle,other
TargetBinKFold,ElasticNet,T_C,opx_liq,raw,567,30.0,1550.0,1488.5747374837013,deeper_mantle,other
TargetBinKFold,ElasticNet,T_C,opx_liq,raw,568,10.0,1380.0,1362.0059310284996,deep_crustal_MASH,mantle_melting
TargetBinKFold,ElasticNet,T_C,opx_liq,raw,569,10.0,1371.0,1333.8915954100555,deep_crustal_MASH,mantle_melting
TargetBinKFold,ElasticNet,T_C,opx_liq,raw,570,12.999999523163,1160.0,1146.1666779254047,deep_crustal_MASH,other
TargetBinKFold,ElasticNet,T_C,opx_liq,raw,571,12.999999523163,1162.0,1145.832956230556,deep_crustal_MASH,other
TargetBinKFold,ElasticNet,T_C,opx_liq,raw,572,12.999999761581499,1185.0,1158.2933979892798,deep_crustal_MASH,other
TargetBinKFold,ElasticNet,T_C,opx_liq,raw,573,12.999999523163,1130.0,1117.3268116182305,deep_crustal_MASH,other
TargetBinKFold,ElasticNet,T_C,opx_liq,raw,574,10.0,1160.0,1192.998611921666,deep_crustal_MASH,other
TargetBinKFold,ElasticNet,T_C,opx_liq,raw,575,0.00099999997473788,1071.0,988.6094971464795,shallow_crustal,other
TargetBinKFold,ElasticNet,T_C,opx_liq,raw,576,6.999999880790701,1155.0,1126.2004035784294,deep_crustal_MASH,other
TargetBinKFold,ElasticNet,T_C,opx_liq,raw,577,10.0,1130.0,1158.294873573507,deep_crustal_MASH,other
TargetBinKFold,ElasticNet,T_C,opx_liq,raw,578,10.0,1100.0,1133.936754860796,deep_crustal_MASH,other
TargetBinKFold,ElasticNet,T_C,opx_liq,raw,579,6.999999880790701,1145.0,1159.0600351734788,deep_crustal_MASH,other
TargetBinKFold,ElasticNet,T_C,opx_liq,raw,580,27.999999523163,1570.0,1463.970569280676,lithospheric_mantle,MORB
TargetBinKFold,ElasticNet,T_C,opx_liq,raw,581,27.999999523163,1547.5,1465.0674932816219,lithospheric_mantle,MORB
TargetBinKFold,ElasticNet,T_C,opx_liq,raw,582,27.999999523163,1565.0,1484.088128770964,lithospheric_mantle,MORB
TargetBinKFold,ElasticNet,T_C,opx_liq,raw,583,15.0,1175.0,1274.532001282667,lithospheric_mantle,mantle_melting
TargetBinKFold,ElasticNet,T_C,opx_liq,raw,584,15.0,1175.0,1242.82497046094,lithospheric_mantle,mantle_melting
TargetBinKFold,ElasticNet,T_C,opx_liq,raw,585,20.0,1200.0,1297.3216991760323,lithospheric_mantle,mantle_melting
TargetBinKFold,ElasticNet,T_C,opx_liq,raw,586,20.0,1300.0,1394.9014552276499,lithospheric_mantle,mantle_melting
TargetBinKFold,ElasticNet,T_C,opx_liq,raw,587,15.0,1400.0,1343.5163561612544,lithospheric_mantle,mantle_melting
TargetBinKFold,ElasticNet,T_C,opx_liq,raw,588,20.0,1450.0,1363.3021011975818,lithospheric_mantle,mantle_melting
TargetBinKFold,ElasticNet,T_C,opx_liq,raw,589,20.0,1250.0,1350.405964300809,lithospheric_mantle,mantle_melting
TargetBinKFold,ElasticNet,T_C,opx_liq,raw,590,15.0,1200.0,1276.5803805049825,lithospheric_mantle,mantle_melting
TargetBinKFold,ElasticNet,T_C,opx_liq,raw,591,20.0,1300.0,1398.6676229558561,lithospheric_mantle,mantle_melting
TargetBinKFold,ElasticNet,T_C,opx_liq,raw,592,20.0,1450.0,1412.3630745551648,lithospheric_mantle,mantle_melting
TargetBinKFold,ElasticNet,T_C,opx_liq,raw,593,20.0,1275.0,1365.7867132713639,lithospheric_mantle,mantle_melting
TargetBinKFold,ElasticNet,T_C,opx_liq,raw,594,20.0,1425.0,1398.2370492806008,lithospheric_mantle,mantle_melting
TargetBinKFold,ElasticNet,T_C,opx_liq,raw,595,15.0,1450.0,1417.326370245056,lithospheric_mantle,mantle_melting
TargetBinKFold,ElasticNet,T_C,opx_liq,raw,596,20.0,1475.0,1438.2644898879712,lithospheric_mantle,mantle_melting
TargetBinKFold,ElasticNet,T_C,opx_liq,raw,597,0.001,1300.0,1240.7921463284256,shallow_crustal,other
TargetBinKFold,ElasticNet,T_C,opx_liq,raw,598,0.001,1300.0,1235.2388269130117,shallow_crustal,other
TargetBinKFold,ElasticNet,T_C,opx_liq,raw,599,0.001,1300.0,1232.2976482619752,shallow_crustal,other
LeaveOneRegionOut,ElasticNet,T_C,opx_liq,raw,0,12.496285693092789,1171.142857142857,1245.8885435021314,deep_crustal_MASH,other
LeaveOneRegionOut,ElasticNet,T_C,opx_liq,raw,1,4.9849998950958,1052.0,1142.47999959208,shallow_crustal,basalt
LeaveOneRegionOut,ElasticNet,T_C,opx_liq,raw,2,0.001,1287.0,1264.9187184709626,shallow_crustal,other
LeaveOneRegionOut,ElasticNet,T_C,opx_liq,raw,3,0.001,1209.0,1214.2441675166822,shallow_crustal,other
LeaveOneRegionOut,ElasticNet,T_C,opx_liq,raw,4,3.0000001192093,875.0,973.334731989069,shallow_crustal,metamorphic
LeaveOneRegionOut,ElasticNet,T_C,opx_liq,raw,5,5.0,925.0,973.2240507525696,deep_crustal_MASH,metamorphic
LeaveOneRegionOut,ElasticNet,T_C,opx_liq,raw,6,3.0000001192093,925.0,1100.0589083412342,shallow_crustal,metamorphic
LeaveOneRegionOut,ElasticNet,T_C,opx_liq,raw,7,1.0000000149012,940.0,1001.4101620461136,shallow_crustal,arc_silicic
LeaveOneRegionOut,ElasticNet,T_C,opx_liq,raw,8,1.0000000149012,925.0,1089.0854808764964,shallow_crustal,arc_silicic
LeaveOneRegionOut,ElasticNet,T_C,opx_liq,raw,9,11.00000001490115,1060.0,985.035710113779,deep_crustal_MASH,other
LeaveOneRegionOut,ElasticNet,T_C,opx_liq,raw,10,6.100000236183325,1056.5,1355.2126912391475,deep_crustal_MASH,other
LeaveOneRegionOut,ElasticNet,T_C,opx_liq,raw,11,4.8249998688698,1150.0,1072.2900918996324,shallow_crustal,basalt
LeaveOneRegionOut,ElasticNet,T_C,opx_liq,raw,12,2.0000000298022997,1020.0,990.557544718456,shallow_crustal,other
LeaveOneRegionOut,ElasticNet,T_C,opx_liq,raw,13,0.001,1281.0,1269.3828221438305,shallow_crustal,other
LeaveOneRegionOut,ElasticNet,T_C,opx_liq,raw,14,11.02628122898306,1213.15625,1254.5027949467328,deep_crustal_MASH,other
LeaveOneRegionOut,ElasticNet,T_C,opx_liq,raw,15,35.66666682561233,1336.6666666666667,1369.0132419414133,deeper_mantle,other
LeaveOneRegionOut,ElasticNet,T_C,opx_liq,raw,16,0.001,1202.0,1194.8890197928015,shallow_crustal,other
LeaveOneRegionOut,ElasticNet,T_C,opx_liq,raw,17,5.0,1060.0,1025.368453664991,deep_crustal_MASH,other
LeaveOneRegionOut,ElasticNet,T_C,opx_liq,raw,18,11.119025624851448,1196.5897435897436,1309.3787503187928,deep_crustal_MASH,other
LeaveOneRegionOut,ElasticNet,T_C,opx_liq,raw,19,8.78518178494235,1221.2727272727273,1399.6050804925549,deep_crustal_MASH,mantle_melting
LeaveOneRegionOut,ElasticNet,T_C,opx_liq,raw,20,9.275884610137489,1154.6923076923076,1041.0067705535587,deep_crustal_MASH,mantle_melting
LeaveOneRegionOut,ElasticNet,T_C,opx_liq,raw,21,10.399999991059305,840.0,1109.1874546866572,deep_crustal_MASH,basalt
LeaveOneRegionOut,ElasticNet,T_C,opx_liq,raw,22,15.0,1300.0,1295.421713171996,lithospheric_mantle,mantle_melting
LeaveOneRegionOut,ElasticNet,T_C,opx_liq,raw,23,12.28362969507237,1109.5185185185185,1340.4439212997477,deep_crustal_MASH,mantle_melting
LeaveOneRegionOut,ElasticNet,T_C,opx_liq,raw,24,10.0,1125.0,1107.3957386021202,deep_crustal_MASH,basalt
LeaveOneRegionOut,ElasticNet,T_C,opx_liq,raw,25,0.00099999997473788,1085.0,1099.6056866132324,shallow_crustal,basalt
LeaveOneRegionOut,ElasticNet,T_C,opx_liq,raw,26,12.56707144985703,1110.142857142857,1345.4865896045562,deep_crustal_MASH,mantle_melting
LeaveOneRegionOut,ElasticNet,T_C,opx_liq,raw,27,8.086285725460572,1187.095238095238,1200.7096285377092,deep_crustal_MASH,basalt
LeaveOneRegionOut,ElasticNet,T_C,opx_liq,raw,28,7.659611106178159,1149.2222222222222,945.0755727465923,deep_crustal_MASH,basalt
LeaveOneRegionOut,ElasticNet,T_C,opx_liq,raw,29,20.0,1500.0,1453.3877234137067,lithospheric_mantle,partitioning
LeaveOneRegionOut,ElasticNet,T_C,opx_liq,raw,30,5.0,900.0,950.3516605700377,deep_crustal_MASH,metamorphic
LeaveOneRegionOut,ElasticNet,T_C,opx_liq,raw,31,10.0,1125.0,1109.8264846456061,deep_crustal_MASH,basalt
LeaveOneRegionOut,ElasticNet,T_C,opx_liq,raw,32,30.0,1530.0,1498.4583603878887,deeper_mantle,mantle_melting
LeaveOneRegionOut,ElasticNet,T_C,opx_liq,raw,33,30.0,1580.0,1522.0884479098418,deeper_mantle,mantle_melting
LeaveOneRegionOut,ElasticNet,T_C,opx_liq,raw,34,7.195500025760334,1121.95,1043.1670393285788,deep_crustal_MASH,basalt
LeaveOneRegionOut,ElasticNet,T_C,opx_liq,raw,35,5.369384613849325,1141.7692307692307,1289.4625512137673,deep_crustal_MASH,arc_silicic
LeaveOneRegionOut,ElasticNet,T_C,opx_liq,raw,36,30.0,1550.0,1524.0971742150984,deeper_mantle,partitioning
LeaveOneRegionOut,ElasticNet,T_C,opx_liq,raw,37,20.0,1410.0,1458.9663860301516,lithospheric_mantle,basalt
LeaveOneRegionOut,ElasticNet,T_C,opx_liq,raw,38,40.0,1660.0,1595.3808770795586,deeper_mantle,mantle_melting
LeaveOneRegionOut,ElasticNet,T_C,opx_liq,raw,39,40.0,1610.0,1607.3726233367292,deeper_mantle,mantle_melting
LeaveOneRegionOut,ElasticNet,T_C,opx_liq,raw,40,45.0,1650.0,1681.3806172801014,deeper_mantle,mantle_melting
LeaveOneRegionOut,ElasticNet,T_C,opx_liq,raw,41,6.469000022348593,1128.0,1046.4075589435056,deep_crustal_MASH,mantle_melting
LeaveOneRegionOut,ElasticNet,T_C,opx_liq,raw,42,7.022909071941695,1062.6363636363637,1059.6434056590865,deep_crustal_MASH,mantle_melting
LeaveOneRegionOut,ElasticNet,T_C,opx_liq,raw,43,10.0,1300.0,1227.212429305073,deep_crustal_MASH,MORB
LeaveOneRegionOut,ElasticNet,T_C,opx_liq,raw,44,10.0,1350.0,1252.7345026630298,deep_crustal_MASH,MORB
LeaveOneRegionOut,ElasticNet,T_C,opx_liq,raw,45,20.0,1450.0,1402.5145900046678,lithospheric_mantle,MORB
LeaveOneRegionOut,ElasticNet,T_C,opx_liq,raw,46,7.87644445708062,1085.6666666666667,1010.5936765940828,deep_crustal_MASH,mantle_melting
LeaveOneRegionOut,ElasticNet,T_C,opx_liq,raw,47,9.693111129707756,1148.4444444444443,989.127501908086,deep_crustal_MASH,arc_silicic
LeaveOneRegionOut,ElasticNet,T_C,opx_liq,raw,48,10.0,1270.0,1262.3787886788039,deep_crustal_MASH,mantle_melting
LeaveOneRegionOut,ElasticNet,T_C,opx_liq,raw,49,15.250125059604626,1156.875,1266.5555561087176,lithospheric_mantle,mantle_melting
LeaveOneRegionOut,ElasticNet,T_C,opx_liq,raw,50,17.999999952316198,1096.0,1455.70758608483,lithospheric_mantle,mantle_melting
LeaveOneRegionOut,ElasticNet,T_C,opx_liq,raw,51,60.0,1770.0,1702.9581779501918,deeper_mantle,mantle_melting
LeaveOneRegionOut,ElasticNet,T_C,opx_liq,raw,52,1.1000000126659748,912.5,1038.9568780594518,shallow_crustal,other
LeaveOneRegionOut,ElasticNet,T_C,opx_liq,raw,53,0.0010132500028703,1137.0,1124.0090547929353,shallow_crustal,basalt
LeaveOneRegionOut,ElasticNet,T_C,opx_liq,raw,54,0.0010132500028703,1106.0,1035.1991257556435,shallow_crustal,basalt
LeaveOneRegionOut,ElasticNet,T_C,opx_liq,raw,55,0.00099999997473788,1140.0,1144.1377844441351,shallow_crustal,arc_silicic
LeaveOneRegionOut,ElasticNet,T_C,opx_liq,raw,56,6.666999999991579,1262.3333333333333,1354.1425572236883,deep_crustal_MASH,other
LeaveOneRegionOut,ElasticNet,T_C,opx_liq,raw,57,7.500499999987369,1220.5,1337.3762148408412,deep_crustal_MASH,other
LeaveOneRegionOut,ElasticNet,T_C,opx_liq,raw,58,15.0,1350.0,1387.4330882759923,lithospheric_mantle,other
LeaveOneRegionOut,ElasticNet,T_C,opx_liq,raw,59,7.500499999987369,1237.5,1380.0508253533249,deep_crustal_MASH,other
LeaveOneRegionOut,ElasticNet,T_C,opx_liq,raw,60,15.0,1400.0,1402.8850673519569,lithospheric_mantle,other
LeaveOneRegionOut,ElasticNet,T_C,opx_liq,raw,61,10.0,1275.0,1294.5320034265073,deep_crustal_MASH,other
LeaveOneRegionOut,ElasticNet,T_C,opx_liq,raw,62,10.000333333324912,1261.3333333333333,1258.4542673110134,deep_crustal_MASH,other
LeaveOneRegionOut,ElasticNet,T_C,opx_liq,raw,63,13.500000238418501,1330.0,1327.600541791744,deep_crustal_MASH,other
LeaveOneRegionOut,ElasticNet,T_C,opx_liq,raw,64,6.666999999991579,1264.3333333333333,1320.8865143148464,deep_crustal_MASH,other
LeaveOneRegionOut,ElasticNet,T_C,opx_liq,raw,65,20.0,1400.0,1309.2606356884407,lithospheric_mantle,other
LeaveOneRegionOut,ElasticNet,T_C,opx_liq,raw,66,15.0,1320.0,1305.6683221551802,lithospheric_mantle,basalt
LeaveOneRegionOut,ElasticNet,T_C,opx_liq,raw,67,25.0,1400.0,1330.905352264307,lithospheric_mantle,basalt
LeaveOneRegionOut,ElasticNet,T_C,opx_liq,raw,68,20.0,1350.0,1304.6195591112053,lithospheric_mantle,basalt
LeaveOneRegionOut,ElasticNet,T_C,opx_liq,raw,69,8.0,1250.0,1277.3656518158402,deep_crustal_MASH,basalt
LeaveOneRegionOut,ElasticNet,T_C,opx_liq,raw,70,20.0,1450.0,1452.4762680014348,lithospheric_mantle,other
LeaveOneRegionOut,ElasticNet,T_C,opx_liq,raw,71,21.0,1340.0,1369.9177812187668,lithospheric_mantle,other
LeaveOneRegionOut,ElasticNet,T_C,opx_liq,raw,72,20.0,1340.0,1383.5168013881241,lithospheric_mantle,other
LeaveOneRegionOut,ElasticNet,T_C,opx_liq,raw,73,21.0,1425.0,1383.0358691396284,lithospheric_mantle,other
LeaveOneRegionOut,ElasticNet,T_C,opx_liq,raw,74,27.999999523163,1530.0,1442.2431229119827,lithospheric_mantle,other
LeaveOneRegionOut,ElasticNet,T_C,opx_liq,raw,75,38.9999997615815,1602.5,1417.62040838697,deeper_mantle,other
LeaveOneRegionOut,ElasticNet,T_C,opx_liq,raw,76,9.3000000715256,1000.0,1004.1378409165794,deep_crustal_MASH,basalt
LeaveOneRegionOut,ElasticNet,T_C,opx_liq,raw,77,9.3000000715256,1040.0,1080.1042727835088,deep_crustal_MASH,basalt
LeaveOneRegionOut,ElasticNet,T_C,opx_liq,raw,78,12.000000476837,1360.0,1276.5876266402754,deep_crustal_MASH,other
LeaveOneRegionOut,ElasticNet,T_C,opx_liq,raw,79,30.0,1445.0,1457.4981292116097,deeper_mantle,mantle_melting
LeaveOneRegionOut,ElasticNet,T_C,opx_liq,raw,80,30.0,1440.0,1430.8016933843749,deeper_mantle,mantle_melting
LeaveOneRegionOut,ElasticNet,T_C,opx_liq,raw,81,30.0,1465.0,1516.4823266174265,deeper_mantle,mantle_melting
LeaveOneRegionOut,ElasticNet,T_C,opx_liq,raw,82,30.0,1465.0,1491.2758632943253,deeper_mantle,mantle_melting
LeaveOneRegionOut,ElasticNet,T_C,opx_liq,raw,83,30.0,1465.0,1505.277838321143,deeper_mantle,mantle_melting
LeaveOneRegionOut,ElasticNet,T_C,opx_liq,raw,84,30.0,1440.0,1474.3561353530451,deeper_mantle,mantle_melting
LeaveOneRegionOut,ElasticNet,T_C,opx_liq,raw,85,30.0,1470.0,1484.197006091485,deeper_mantle,mantle_melting
LeaveOneRegionOut,ElasticNet,T_C,opx_liq,raw,86,30.0,1440.0,1475.677736195701,deeper_mantle,mantle_melting
LeaveOneRegionOut,ElasticNet,T_C,opx_liq,raw,87,30.0,1470.0,1491.7680561611805,deeper_mantle,mantle_melting
LeaveOneRegionOut,ElasticNet,T_C,opx_liq,raw,88,30.0,1470.0,1470.5827490819202,deeper_mantle,mantle_melting
LeaveOneRegionOut,ElasticNet,T_C,opx_liq,raw,89,22.0,1400.0,1349.8510690873936,lithospheric_mantle,basalt
LeaveOneRegionOut,ElasticNet,T_C,opx_liq,raw,90,30.0,1430.0,1445.1442544242582,deeper_mantle,mantle_melting
LeaveOneRegionOut,ElasticNet,T_C,opx_liq,raw,91,30.0,1400.0,1420.397015123479,deeper_mantle,basalt
LeaveOneRegionOut,ElasticNet,T_C,opx_liq,raw,92,30.0,1435.0,1473.001003199263,deeper_mantle,mantle_melting
LeaveOneRegionOut,ElasticNet,T_C,opx_liq,raw,93,30.0,1430.0,1444.327841080242,deeper_mantle,mantle_melting
LeaveOneRegionOut,ElasticNet,T_C,opx_liq,raw,94,25.0,1450.0,1395.8828366352343,lithospheric_mantle,basalt
LeaveOneRegionOut,ElasticNet,T_C,opx_liq,raw,95,20.0,1375.0,1353.9909125486474,lithospheric_mantle,basalt
LeaveOneRegionOut,ElasticNet,T_C,opx_liq,raw,96,8.0,1230.0,1253.808410888612,deep_crustal_MASH,basalt
LeaveOneRegionOut,ElasticNet,T_C,opx_liq,raw,97,30.0,1430.0,1366.9338373582586,deeper_mantle,basalt
LeaveOneRegionOut,ElasticNet,T_C,opx_liq,raw,98,30.0,1450.0,1495.323358081987,deeper_mantle,mantle_melting
LeaveOneRegionOut,ElasticNet,T_C,opx_liq,raw,99,30.0,1450.0,1496.7168252641447,deeper_mantle,mantle_melting
LeaveOneRegionOut,ElasticNet,T_C,opx_liq,raw,100,10.0,900.0,871.9748705432937,deep_crustal_MASH,metamorphic
LeaveOneRegionOut,ElasticNet,T_C,opx_liq,raw,101,10.0,925.0,925.4789562352283,deep_crustal_MASH,metamorphic
LeaveOneRegionOut,ElasticNet,T_C,opx_liq,raw,102,10.0,950.0,917.1442721020885,deep_crustal_MASH,metamorphic
LeaveOneRegionOut,ElasticNet,T_C,opx_liq,raw,103,6.999999880790701,950.0,936.9579036295835,deep_crustal_MASH,metamorphic
LeaveOneRegionOut,ElasticNet,T_C,opx_liq,raw,104,10.0,1000.0,965.1088766475752,deep_crustal_MASH,metamorphic
LeaveOneRegionOut,ElasticNet,T_C,opx_liq,raw,105,15.0,950.0,976.6411706189638,lithospheric_mantle,metamorphic
LeaveOneRegionOut,ElasticNet,T_C,opx_liq,raw,106,10.0,910.0,949.7007502607142,deep_crustal_MASH,metamorphic
LeaveOneRegionOut,ElasticNet,T_C,opx_liq,raw,107,6.999999880790701,900.0,903.4246812368209,deep_crustal_MASH,metamorphic
LeaveOneRegionOut,ElasticNet,T_C,opx_liq,raw,108,6.999999880790701,938.0,952.6993908182542,deep_crustal_MASH,metamorphic
LeaveOneRegionOut,ElasticNet,T_C,opx_liq,raw,109,12.5,930.0,954.7783586932369,deep_crustal_MASH,metamorphic
LeaveOneRegionOut,ElasticNet,T_C,opx_liq,raw,110,10.0,975.0,967.2135387333876,deep_crustal_MASH,metamorphic
LeaveOneRegionOut,ElasticNet,T_C,opx_liq,raw,111,10.0,1000.0,971.0698964134876,deep_crustal_MASH,metamorphic
LeaveOneRegionOut,ElasticNet,T_C,opx_liq,raw,112,6.999999880790701,1000.0,1029.5251301792277,deep_crustal_MASH,basalt
LeaveOneRegionOut,ElasticNet,T_C,opx_liq,raw,113,5.0,1000.0,985.8954305308687,deep_crustal_MASH,basalt
LeaveOneRegionOut,ElasticNet,T_C,opx_liq,raw,114,12.000000476837,1300.0,1036.9654520093998,deep_crustal_MASH,basalt
LeaveOneRegionOut,ElasticNet,T_C,opx_liq,raw,115,21.800000667572,1460.0,1440.5125261970643,lithospheric_mantle,other
LeaveOneRegionOut,ElasticNet,T_C,opx_liq,raw,116,12.89999961853,1385.0,1373.8607362191212,deep_crustal_MASH,other
LeaveOneRegionOut,ElasticNet,T_C,opx_liq,raw,117,27.999999523163,1550.0,1497.1939059728522,lithospheric_mantle,other
LeaveOneRegionOut,ElasticNet,T_C,opx_liq,raw,118,16.000000238419002,1255.0,1325.4832436108836,lithospheric_mantle,mantle_melting
LeaveOneRegionOut,ElasticNet,T_C,opx_liq,raw,119,12.000000238418501,1315.0,1337.8465840470367,deep_crustal_MASH,mantle_melting
LeaveOneRegionOut,ElasticNet,T_C,opx_liq,raw,120,11.000000238418501,1215.0,1340.319824233355,deep_crustal_MASH,mantle_melting
LeaveOneRegionOut,ElasticNet,T_C,opx_liq,raw,121,16.000000238419002,1355.0,1371.6668430116883,lithospheric_mantle,mantle_melting
LeaveOneRegionOut,ElasticNet,T_C,opx_liq,raw,122,12.000000476837,1345.0,1344.6711298137432,deep_crustal_MASH,mantle_melting
LeaveOneRegionOut,ElasticNet,T_C,opx_liq,raw,123,12.000000476837,1215.0,1279.0611321914207,deep_crustal_MASH,mantle_melting
LeaveOneRegionOut,ElasticNet,T_C,opx_liq,raw,124,12.000000476837,1230.0,1320.852657508237,deep_crustal_MASH,mantle_melting
LeaveOneRegionOut,ElasticNet,T_C,opx_liq,raw,125,12.000000238418501,1185.0,1248.4412504979143,deep_crustal_MASH,mantle_melting
LeaveOneRegionOut,ElasticNet,T_C,opx_liq,raw,126,12.000000476837,1200.0,1269.2848556196934,deep_crustal_MASH,mantle_melting
LeaveOneRegionOut,ElasticNet,T_C,opx_liq,raw,127,12.000000476837,1245.0,1311.8450562052064,deep_crustal_MASH,mantle_melting
LeaveOneRegionOut,ElasticNet,T_C,opx_liq,raw,128,16.000000238419002,1245.0,1317.8993372124821,lithospheric_mantle,mantle_melting
LeaveOneRegionOut,ElasticNet,T_C,opx_liq,raw,129,16.000000238419002,1260.0,1320.4157149172643,lithospheric_mantle,mantle_melting
LeaveOneRegionOut,ElasticNet,T_C,opx_liq,raw,130,20.0,1290.0,1372.9778622737153,lithospheric_mantle,mantle_melting
LeaveOneRegionOut,ElasticNet,T_C,opx_liq,raw,131,16.000000119209503,1230.0,1323.7506653405962,lithospheric_mantle,mantle_melting
LeaveOneRegionOut,ElasticNet,T_C,opx_liq,raw,132,12.000000476837,1200.0,1269.6633332420301,deep_crustal_MASH,mantle_melting
LeaveOneRegionOut,ElasticNet,T_C,opx_liq,raw,133,12.000000476837,1200.0,1269.2831499788444,deep_crustal_MASH,mantle_melting
LeaveOneRegionOut,ElasticNet,T_C,opx_liq,raw,134,12.000000476837,1170.0,1234.9568073105654,deep_crustal_MASH,mantle_melting
LeaveOneRegionOut,ElasticNet,T_C,opx_liq,raw,135,16.000000119209503,1370.0,1388.224812059539,lithospheric_mantle,mantle_melting
LeaveOneRegionOut,ElasticNet,T_C,opx_liq,raw,136,15.0,1400.0,1339.4716734397723,lithospheric_mantle,basalt
LeaveOneRegionOut,ElasticNet,T_C,opx_liq,raw,137,20.0,1275.0,1353.7800430332297,lithospheric_mantle,mantle_melting
LeaveOneRegionOut,ElasticNet,T_C,opx_liq,raw,138,0.0010132500028703,1202.0,1234.0753868544937,shallow_crustal,basalt
LeaveOneRegionOut,ElasticNet,T_C,opx_liq,raw,139,12.000000476837,1200.0,1268.4903890418618,deep_crustal_MASH,mantle_melting
LeaveOneRegionOut,ElasticNet,T_C,opx_liq,raw,140,12.000000476837,1185.0,1263.5544072935686,deep_crustal_MASH,mantle_melting
LeaveOneRegionOut,ElasticNet,T_C,opx_liq,raw,141,12.0,1325.0,1304.4866159158444,deep_crustal_MASH,basalt
LeaveOneRegionOut,ElasticNet,T_C,opx_liq,raw,142,15.0,1365.0,1340.9646288332328,lithospheric_mantle,basalt
LeaveOneRegionOut,ElasticNet,T_C,opx_liq,raw,143,17.0,1365.0,1318.7900939214628,lithospheric_mantle,basalt
LeaveOneRegionOut,ElasticNet,T_C,opx_liq,raw,144,8.0,1250.0,1255.0817874741167,deep_crustal_MASH,basalt
LeaveOneRegionOut,ElasticNet,T_C,opx_liq,raw,145,28.0,1430.0,1361.5159891464561,lithospheric_mantle,basalt
LeaveOneRegionOut,ElasticNet,T_C,opx_liq,raw,146,10.0,1320.0,1330.1163566591088,deep_crustal_MASH,basalt
LeaveOneRegionOut,ElasticNet,T_C,opx_liq,raw,147,12.000000476837,1150.0,1152.2358699652711,deep_crustal_MASH,arc_silicic
LeaveOneRegionOut,ElasticNet,T_C,opx_liq,raw,148,12.000000476837,1150.0,1180.0202977741162,deep_crustal_MASH,arc_silicic
LeaveOneRegionOut,ElasticNet,T_C,opx_liq,raw,149,12.000000476837,1150.0,1135.056385315642,deep_crustal_MASH,arc_silicic
LeaveOneRegionOut,ElasticNet,T_C,opx_liq,raw,150,12.000000476837,1190.0,1224.3527771189756,deep_crustal_MASH,arc_silicic
LeaveOneRegionOut,ElasticNet,T_C,opx_liq,raw,151,12.000000476837,1190.0,1195.5933258587195,deep_crustal_MASH,arc_silicic
LeaveOneRegionOut,ElasticNet,T_C,opx_liq,raw,152,12.000000476837,1190.0,1180.2471990390009,deep_crustal_MASH,arc_silicic
LeaveOneRegionOut,ElasticNet,T_C,opx_liq,raw,153,12.000000476837,1110.0,1117.4311608754304,deep_crustal_MASH,arc_silicic
LeaveOneRegionOut,ElasticNet,T_C,opx_liq,raw,154,12.000000476837,1110.0,1131.426337049274,deep_crustal_MASH,arc_silicic
LeaveOneRegionOut,ElasticNet,T_C,opx_liq,raw,155,12.000000476837,1210.0,1216.6039624141858,deep_crustal_MASH,arc_silicic
LeaveOneRegionOut,ElasticNet,T_C,opx_liq,raw,156,12.000000476837,1230.0,1227.3055829738996,deep_crustal_MASH,arc_silicic
LeaveOneRegionOut,ElasticNet,T_C,opx_liq,raw,157,0.0010132500028703,1191.0,1225.5875511113238,shallow_crustal,basalt
LeaveOneRegionOut,ElasticNet,T_C,opx_liq,raw,158,0.0010132500028703,1202.0,1221.2122475974886,shallow_crustal,basalt
LeaveOneRegionOut,ElasticNet,T_C,opx_liq,raw,159,12.000000476837,1150.0,1117.4104084854691,deep_crustal_MASH,arc_silicic
LeaveOneRegionOut,ElasticNet,T_C,opx_liq,raw,160,12.000000476837,1070.0,1064.5714111888897,deep_crustal_MASH,arc_silicic
LeaveOneRegionOut,ElasticNet,T_C,opx_liq,raw,161,12.000000476837,1190.0,1167.8790555579385,deep_crustal_MASH,arc_silicic
LeaveOneRegionOut,ElasticNet,T_C,opx_liq,raw,162,12.000000476837,1230.0,1214.1782971868838,deep_crustal_MASH,arc_silicic
LeaveOneRegionOut,ElasticNet,T_C,opx_liq,raw,163,12.000000476837,1110.0,1090.9992531134494,deep_crustal_MASH,arc_silicic
LeaveOneRegionOut,ElasticNet,T_C,opx_liq,raw,164,12.000000476837,1070.0,1064.4566514404733,deep_crustal_MASH,arc_silicic
LeaveOneRegionOut,ElasticNet,T_C,opx_liq,raw,165,12.000000476837,1230.0,1231.3407937804623,deep_crustal_MASH,arc_silicic
LeaveOneRegionOut,ElasticNet,T_C,opx_liq,raw,166,12.000000476837,1030.0,1038.858524483063,deep_crustal_MASH,arc_silicic
LeaveOneRegionOut,ElasticNet,T_C,opx_liq,raw,167,12.000000476837,1230.0,1222.0273497513085,deep_crustal_MASH,arc_silicic
LeaveOneRegionOut,ElasticNet,T_C,opx_liq,raw,168,20.0,1425.0,1429.4975209716147,lithospheric_mantle,mantle_melting
LeaveOneRegionOut,ElasticNet,T_C,opx_liq,raw,169,20.0,1425.0,1400.616883061382,lithospheric_mantle,mantle_melting
LeaveOneRegionOut,ElasticNet,T_C,opx_liq,raw,170,20.0,1425.0,1423.749240627261,lithospheric_mantle,mantle_melting
LeaveOneRegionOut,ElasticNet,T_C,opx_liq,raw,171,10.0,1280.0,1274.1759572208111,deep_crustal_MASH,mantle_melting
LeaveOneRegionOut,ElasticNet,T_C,opx_liq,raw,172,10.0,1250.0,1227.7640244232375,deep_crustal_MASH,mantle_melting
LeaveOneRegionOut,ElasticNet,T_C,opx_liq,raw,173,10.0,1260.0,1254.9353696149667,deep_crustal_MASH,mantle_melting
LeaveOneRegionOut,ElasticNet,T_C,opx_liq,raw,174,24.0,1440.0,1414.5205611674714,lithospheric_mantle,mantle_melting
LeaveOneRegionOut,ElasticNet,T_C,opx_liq,raw,175,26.0,1440.0,1380.763779222046,lithospheric_mantle,mantle_melting
LeaveOneRegionOut,ElasticNet,T_C,opx_liq,raw,176,24.0,1420.0,1370.8579334138424,lithospheric_mantle,mantle_melting
LeaveOneRegionOut,ElasticNet,T_C,opx_liq,raw,177,22.0,1420.0,1418.8927879978585,lithospheric_mantle,mantle_melting
LeaveOneRegionOut,ElasticNet,T_C,opx_liq,raw,178,22.0,1410.0,1413.0085034033111,lithospheric_mantle,mantle_melting
LeaveOneRegionOut,ElasticNet,T_C,opx_liq,raw,179,20.0,1325.0,1148.9282300130274,lithospheric_mantle,arc_silicic
LeaveOneRegionOut,ElasticNet,T_C,opx_liq,raw,180,20.0,1350.0,1218.7294718320848,lithospheric_mantle,arc_silicic
LeaveOneRegionOut,ElasticNet,T_C,opx_liq,raw,181,5.0,1100.0,1163.7824318056516,deep_crustal_MASH,arc_silicic
LeaveOneRegionOut,ElasticNet,T_C,opx_liq,raw,182,2.1299999952316,876.0,926.1240927552225,shallow_crustal,arc_silicic
LeaveOneRegionOut,ElasticNet,T_C,opx_liq,raw,183,10.0,925.0,1036.2549372479548,deep_crustal_MASH,basalt
LeaveOneRegionOut,ElasticNet,T_C,opx_liq,raw,184,12.000000476837,1150.0,1139.3755429472192,deep_crustal_MASH,mantle_melting
LeaveOneRegionOut,ElasticNet,T_C,opx_liq,raw,185,10.0,1250.0,1212.1835438780784,deep_crustal_MASH,arc_silicic
LeaveOneRegionOut,ElasticNet,T_C,opx_liq,raw,186,10.0,1225.0,1161.9608848077646,deep_crustal_MASH,arc_silicic
LeaveOneRegionOut,ElasticNet,T_C,opx_liq,raw,187,10.0,1175.0,1139.8005929445924,deep_crustal_MASH,arc_silicic
LeaveOneRegionOut,ElasticNet,T_C,opx_liq,raw,188,10.0,1275.0,1261.7353053191775,deep_crustal_MASH,arc_silicic
LeaveOneRegionOut,ElasticNet,T_C,opx_liq,raw,189,15.0,1275.0,1197.9690992551891,lithospheric_mantle,arc_silicic
LeaveOneRegionOut,ElasticNet,T_C,opx_liq,raw,190,12.000000476837,1225.0,1128.6610583853264,deep_crustal_MASH,arc_silicic
LeaveOneRegionOut,ElasticNet,T_C,opx_liq,raw,191,15.0,1300.0,1272.748962522493,lithospheric_mantle,arc_silicic
LeaveOneRegionOut,ElasticNet,T_C,opx_liq,raw,192,15.0,1340.0,1454.1172056298378,lithospheric_mantle,other
LeaveOneRegionOut,ElasticNet,T_C,opx_liq,raw,193,0.00099999997473788,1270.0,1323.2408551157114,shallow_crustal,other
LeaveOneRegionOut,ElasticNet,T_C,opx_liq,raw,194,10.0,1270.0,1207.8909028633573,deep_crustal_MASH,other
LeaveOneRegionOut,ElasticNet,T_C,opx_liq,raw,195,10.0,1260.0,1212.8395781412312,deep_crustal_MASH,other
LeaveOneRegionOut,ElasticNet,T_C,opx_liq,raw,196,10.0,1360.0,1330.3667753025206,deep_crustal_MASH,other
LeaveOneRegionOut,ElasticNet,T_C,opx_liq,raw,197,10.0,1330.0,1278.9430580084013,deep_crustal_MASH,other
LeaveOneRegionOut,ElasticNet,T_C,opx_liq,raw,198,10.0,1300.0,1241.567483320296,deep_crustal_MASH,other
LeaveOneRegionOut,ElasticNet,T_C,opx_liq,raw,199,10.0,1375.0,1337.5400061195437,deep_crustal_MASH,other
LeaveOneRegionOut,ElasticNet,T_C,opx_liq,raw,200,10.0,1330.0,1268.7153819205218,deep_crustal_MASH,other
LeaveOneRegionOut,ElasticNet,T_C,opx_liq,raw,201,10.0,1300.0,1265.7196992018344,deep_crustal_MASH,other
LeaveOneRegionOut,ElasticNet,T_C,opx_liq,raw,202,10.0,1360.0,1326.9077002724146,deep_crustal_MASH,other
LeaveOneRegionOut,ElasticNet,T_C,opx_liq,raw,203,10.0,1270.0,1240.0563395951629,deep_crustal_MASH,other
LeaveOneRegionOut,ElasticNet,T_C,opx_liq,raw,204,10.0,1315.0,1231.2893839085134,deep_crustal_MASH,other
LeaveOneRegionOut,ElasticNet,T_C,opx_liq,raw,205,10.0,1300.0,1249.6246593285653,deep_crustal_MASH,other
LeaveOneRegionOut,ElasticNet,T_C,opx_liq,raw,206,10.0,1390.0,1363.8610839791804,deep_crustal_MASH,other
LeaveOneRegionOut,ElasticNet,T_C,opx_liq,raw,207,10.0,1270.0,1246.9296269489082,deep_crustal_MASH,other
LeaveOneRegionOut,ElasticNet,T_C,opx_liq,raw,208,20.0,1380.0,1404.226144682139,lithospheric_mantle,mantle_melting
LeaveOneRegionOut,ElasticNet,T_C,opx_liq,raw,209,2.5,850.0,877.3710291907787,shallow_crustal,other
LeaveOneRegionOut,ElasticNet,T_C,opx_liq,raw,210,2.5,850.0,882.3216300215779,shallow_crustal,other
LeaveOneRegionOut,ElasticNet,T_C,opx_liq,raw,211,2.5,850.0,861.258580558175,shallow_crustal,other
LeaveOneRegionOut,ElasticNet,T_C,opx_liq,raw,212,1.5000000596046001,850.0,860.7459134096587,shallow_crustal,other
LeaveOneRegionOut,ElasticNet,T_C,opx_liq,raw,213,1.5000000596046001,850.0,875.6407414454837,shallow_crustal,other
LeaveOneRegionOut,ElasticNet,T_C,opx_liq,raw,214,1.5000000596046001,850.0,869.343722015043,shallow_crustal,other
LeaveOneRegionOut,ElasticNet,T_C,opx_liq,raw,215,1.5000000596046001,850.0,885.3437927922109,shallow_crustal,other
LeaveOneRegionOut,ElasticNet,T_C,opx_liq,raw,216,10.0,925.0,847.07696930643,deep_crustal_MASH,other
LeaveOneRegionOut,ElasticNet,T_C,opx_liq,raw,217,10.0,950.0,861.574523937833,deep_crustal_MASH,other
LeaveOneRegionOut,ElasticNet,T_C,opx_liq,raw,218,10.0,975.0,866.0013643338357,deep_crustal_MASH,other
LeaveOneRegionOut,ElasticNet,T_C,opx_liq,raw,219,10.0,900.0,842.4736852485123,deep_crustal_MASH,other
LeaveOneRegionOut,ElasticNet,T_C,opx_liq,raw,220,12.5,925.0,913.3780080364849,deep_crustal_MASH,other
LeaveOneRegionOut,ElasticNet,T_C,opx_liq,raw,221,10.0,1050.0,927.7359809952911,deep_crustal_MASH,other
LeaveOneRegionOut,ElasticNet,T_C,opx_liq,raw,222,10.0,1290.0,1256.4493520828505,deep_crustal_MASH,basalt
LeaveOneRegionOut,ElasticNet,T_C,opx_liq,raw,223,15.0,1340.0,1282.7710247763243,lithospheric_mantle,basalt
LeaveOneRegionOut,ElasticNet,T_C,opx_liq,raw,224,15.0,1355.0,1331.429949479023,lithospheric_mantle,basalt
LeaveOneRegionOut,ElasticNet,T_C,opx_liq,raw,225,4.0479999780655005,995.0,1069.6317234720673,shallow_crustal,arc_silicic
LeaveOneRegionOut,ElasticNet,T_C,opx_liq,raw,226,3.9489999413490002,1016.0,1099.6368666662354,shallow_crustal,arc_silicic
LeaveOneRegionOut,ElasticNet,T_C,opx_liq,raw,227,4.2699998617172,1000.0,1079.2009212129253,shallow_crustal,arc_silicic
LeaveOneRegionOut,ElasticNet,T_C,opx_liq,raw,228,10.0,1250.0,1230.833728938202,deep_crustal_MASH,other
LeaveOneRegionOut,ElasticNet,T_C,opx_liq,raw,229,11.499999761580998,1275.0,1243.325664680486,deep_crustal_MASH,other
LeaveOneRegionOut,ElasticNet,T_C,opx_liq,raw,230,6.999999880790701,1200.0,1211.8098080496623,deep_crustal_MASH,other
LeaveOneRegionOut,ElasticNet,T_C,opx_liq,raw,231,20.0,1350.0,1324.574443016734,lithospheric_mantle,arc_silicic
LeaveOneRegionOut,ElasticNet,T_C,opx_liq,raw,232,15.0,1250.0,1274.7766178686,lithospheric_mantle,arc_silicic
LeaveOneRegionOut,ElasticNet,T_C,opx_liq,raw,233,15.0,1250.0,1289.2539495983387,lithospheric_mantle,arc_silicic
LeaveOneRegionOut,ElasticNet,T_C,opx_liq,raw,234,0.0010132500028703,1186.0,1214.7477753258186,shallow_crustal,basalt
LeaveOneRegionOut,ElasticNet,T_C,opx_liq,raw,235,0.0010132500028703,1186.0,1223.3285902999457,shallow_crustal,basalt
LeaveOneRegionOut,ElasticNet,T_C,opx_liq,raw,236,0.0010132500028703,1176.0,1228.6343916814674,shallow_crustal,basalt
LeaveOneRegionOut,ElasticNet,T_C,opx_liq,raw,237,0.0010132500028703,1186.0,1237.1763873980876,shallow_crustal,basalt
LeaveOneRegionOut,ElasticNet,T_C,opx_liq,raw,238,10.0,1285.0,1310.8412442993983,deep_crustal_MASH,mantle_melting
LeaveOneRegionOut,ElasticNet,T_C,opx_liq,raw,239,10.0,1390.0,1430.8434982148794,deep_crustal_MASH,mantle_melting
LeaveOneRegionOut,ElasticNet,T_C,opx_liq,raw,240,10.0,1360.0,1380.8772213262835,deep_crustal_MASH,mantle_melting
LeaveOneRegionOut,ElasticNet,T_C,opx_liq,raw,241,10.0,1300.0,1260.4193486289507,deep_crustal_MASH,mantle_melting
LeaveOneRegionOut,ElasticNet,T_C,opx_liq,raw,242,10.0,1390.0,1403.708222552789,deep_crustal_MASH,mantle_melting
LeaveOneRegionOut,ElasticNet,T_C,opx_liq,raw,243,10.0,1330.0,1310.725385780877,deep_crustal_MASH,mantle_melting
LeaveOneRegionOut,ElasticNet,T_C,opx_liq,raw,244,10.0,1300.0,1289.8956801219733,deep_crustal_MASH,mantle_melting
LeaveOneRegionOut,ElasticNet,T_C,opx_liq,raw,245,10.0,1390.0,1462.3342089222278,deep_crustal_MASH,mantle_melting
LeaveOneRegionOut,ElasticNet,T_C,opx_liq,raw,246,10.0,1360.0,1368.956601423246,deep_crustal_MASH,mantle_melting
LeaveOneRegionOut,ElasticNet,T_C,opx_liq,raw,247,10.0,1270.0,1215.7104561089473,deep_crustal_MASH,mantle_melting
LeaveOneRegionOut,ElasticNet,T_C,opx_liq,raw,248,10.0,1300.0,1327.217433065612,deep_crustal_MASH,mantle_melting
LeaveOneRegionOut,ElasticNet,T_C,opx_liq,raw,249,10.0,1270.0,1265.6536518283308,deep_crustal_MASH,mantle_melting
LeaveOneRegionOut,ElasticNet,T_C,opx_liq,raw,250,10.0,950.0,1005.7547577678288,deep_crustal_MASH,arc_silicic
LeaveOneRegionOut,ElasticNet,T_C,opx_liq,raw,251,20.0,1400.0,1410.4578305143957,lithospheric_mantle,mantle_melting
LeaveOneRegionOut,ElasticNet,T_C,opx_liq,raw,252,15.0,1300.0,1298.8641165572894,lithospheric_mantle,mantle_melting
LeaveOneRegionOut,ElasticNet,T_C,opx_liq,raw,253,15.0,1400.0,1423.6416874976167,lithospheric_mantle,mantle_melting
LeaveOneRegionOut,ElasticNet,T_C,opx_liq,raw,254,20.0,1350.0,1385.0329293625841,lithospheric_mantle,mantle_melting
LeaveOneRegionOut,ElasticNet,T_C,opx_liq,raw,255,20.0,1400.0,1443.4266974400093,lithospheric_mantle,mantle_melting
LeaveOneRegionOut,ElasticNet,T_C,opx_liq,raw,256,10.0,1290.0,1226.738875503316,deep_crustal_MASH,other
LeaveOneRegionOut,ElasticNet,T_C,opx_liq,raw,257,0.0010132500028703,1245.0,1304.1392399219365,shallow_crustal,basalt
LeaveOneRegionOut,ElasticNet,T_C,opx_liq,raw,258,18.999999761580998,1401.0,1344.4500669913534,lithospheric_mantle,MORB
LeaveOneRegionOut,ElasticNet,T_C,opx_liq,raw,259,15.0,1355.0,1320.7860863902963,lithospheric_mantle,MORB
LeaveOneRegionOut,ElasticNet,T_C,opx_liq,raw,260,15.0,1370.0,1362.5078259641,lithospheric_mantle,MORB
LeaveOneRegionOut,ElasticNet,T_C,opx_liq,raw,261,15.0,1365.0,1310.4070502457782,lithospheric_mantle,MORB
LeaveOneRegionOut,ElasticNet,T_C,opx_liq,raw,262,15.0,1410.0,1402.8232874985233,lithospheric_mantle,MORB
LeaveOneRegionOut,ElasticNet,T_C,opx_liq,raw,263,18.999999761580998,1416.0,1418.6803008281036,lithospheric_mantle,MORB
LeaveOneRegionOut,ElasticNet,T_C,opx_liq,raw,264,0.0010132500028703,1245.0,1299.9953149098872,shallow_crustal,basalt
LeaveOneRegionOut,ElasticNet,T_C,opx_liq,raw,265,24.000000953674,1485.0,1502.0029695238045,lithospheric_mantle,mantle_melting
LeaveOneRegionOut,ElasticNet,T_C,opx_liq,raw,266,27.999999523163,1510.0,1565.8523154823538,lithospheric_mantle,mantle_melting
LeaveOneRegionOut,ElasticNet,T_C,opx_liq,raw,267,15.0,1291.0,1358.058760836803,lithospheric_mantle,mantle_melting
LeaveOneRegionOut,ElasticNet,T_C,opx_liq,raw,268,15.0,1318.0,1390.581434716851,lithospheric_mantle,mantle_melting
LeaveOneRegionOut,ElasticNet,T_C,opx_liq,raw,269,15.0,1348.0,1405.853384625679,lithospheric_mantle,mantle_melting
LeaveOneRegionOut,ElasticNet,T_C,opx_liq,raw,270,15.0,1269.0,1279.848956126781,lithospheric_mantle,mantle_melting
LeaveOneRegionOut,ElasticNet,T_C,opx_liq,raw,271,15.0,1319.0,1411.935932087241,lithospheric_mantle,mantle_melting
LeaveOneRegionOut,ElasticNet,T_C,opx_liq,raw,272,15.0,1289.0,1343.3834716095564,lithospheric_mantle,mantle_melting
LeaveOneRegionOut,ElasticNet,T_C,opx_liq,raw,273,15.0,1336.0,1389.0049515484682,lithospheric_mantle,mantle_melting
LeaveOneRegionOut,ElasticNet,T_C,opx_liq,raw,274,0.01,1180.0,1195.2336239386366,shallow_crustal,basalt
LeaveOneRegionOut,ElasticNet,T_C,opx_liq,raw,275,0.0010132500028703,1245.0,1314.4364324124833,shallow_crustal,basalt
LeaveOneRegionOut,ElasticNet,T_C,opx_liq,raw,276,5.0,1100.0,1150.3720966237274,deep_crustal_MASH,arc_silicic
LeaveOneRegionOut,ElasticNet,T_C,opx_liq,raw,277,10.0,1375.0,1305.0028346789852,deep_crustal_MASH,other
LeaveOneRegionOut,ElasticNet,T_C,opx_liq,raw,278,10.0,1375.0,1283.9343139660816,deep_crustal_MASH,other
LeaveOneRegionOut,ElasticNet,T_C,opx_liq,raw,279,5.0,1150.0,1173.537053642459,deep_crustal_MASH,arc_silicic
LeaveOneRegionOut,ElasticNet,T_C,opx_liq,raw,280,1.0379999876022001,1050.0,1034.6343484858055,shallow_crustal,arc_silicic
LeaveOneRegionOut,ElasticNet,T_C,opx_liq,raw,281,1.4749999344348999,1000.0,1037.3764206733217,shallow_crustal,arc_silicic
LeaveOneRegionOut,ElasticNet,T_C,opx_liq,raw,282,1.8000000715256002,975.0,1020.9135091471135,shallow_crustal,arc_silicic
LeaveOneRegionOut,ElasticNet,T_C,opx_liq,raw,283,1.0080000013113,975.0,1007.691411212875,shallow_crustal,arc_silicic
LeaveOneRegionOut,ElasticNet,T_C,opx_liq,raw,284,0.7100000232458099,960.0,1002.1687712875901,shallow_crustal,arc_silicic
LeaveOneRegionOut,ElasticNet,T_C,opx_liq,raw,285,1.0549999773502,1000.0,1015.1841335119021,shallow_crustal,arc_silicic
LeaveOneRegionOut,ElasticNet,T_C,opx_liq,raw,286,2.1259999275208,951.0,949.883048756262,shallow_crustal,arc_silicic
LeaveOneRegionOut,ElasticNet,T_C,opx_liq,raw,287,2.1259999275208,951.0,960.996951107785,shallow_crustal,arc_silicic
LeaveOneRegionOut,ElasticNet,T_C,opx_liq,raw,288,2.1259999275208,951.0,961.6383048358767,shallow_crustal,arc_silicic
LeaveOneRegionOut,ElasticNet,T_C,opx_liq,raw,289,3.125,925.0,989.5549219323474,shallow_crustal,arc_silicic
LeaveOneRegionOut,ElasticNet,T_C,opx_liq,raw,290,1.9799999892712,900.0,958.9354809132368,shallow_crustal,arc_silicic
LeaveOneRegionOut,ElasticNet,T_C,opx_liq,raw,291,1.9799999892712,900.0,934.3588576381753,shallow_crustal,arc_silicic
LeaveOneRegionOut,ElasticNet,T_C,opx_liq,raw,292,28.0,1580.0,1513.0016344081307,lithospheric_mantle,other
LeaveOneRegionOut,ElasticNet,T_C,opx_liq,raw,293,27.9999997615815,1580.5,1541.600890455189,lithospheric_mantle,mantle_melting
LeaveOneRegionOut,ElasticNet,T_C,opx_liq,raw,294,28.0,1615.0,1552.1975295501509,lithospheric_mantle,other
LeaveOneRegionOut,ElasticNet,T_C,opx_liq,raw,295,32.0,1625.0,1539.2209934255075,deeper_mantle,other
LeaveOneRegionOut,ElasticNet,T_C,opx_liq,raw,296,32.0,1633.0,1535.198845363913,deeper_mantle,other
LeaveOneRegionOut,ElasticNet,T_C,opx_liq,raw,297,34.0,1650.0,1556.2552300303823,deeper_mantle,other
LeaveOneRegionOut,ElasticNet,T_C,opx_liq,raw,298,34.0,1675.0,1575.3209838509142,deeper_mantle,other
LeaveOneRegionOut,ElasticNet,T_C,opx_liq,raw,299,28.0,1590.0,1526.2640974354326,lithospheric_mantle,other
LeaveOneRegionOut,ElasticNet,T_C,opx_liq,raw,300,28.0,1582.0,1533.1891881491902,lithospheric_mantle,other
LeaveOneRegionOut,ElasticNet,T_C,opx_liq,raw,301,24.0,1535.0,1471.8609596598162,lithospheric_mantle,other
LeaveOneRegionOut,ElasticNet,T_C,opx_liq,raw,302,28.0,1600.0,1529.5761890957074,lithospheric_mantle,other
LeaveOneRegionOut,ElasticNet,T_C,opx_liq,raw,303,15.0,1300.0,1264.2079295485073,lithospheric_mantle,mantle_melting
LeaveOneRegionOut,ElasticNet,T_C,opx_liq,raw,304,10.0,1000.0,1020.6718423737395,deep_crustal_MASH,metamorphic
LeaveOneRegionOut,ElasticNet,T_C,opx_liq,raw,305,30.0,1200.0,1225.6655691426652,deeper_mantle,other
LeaveOneRegionOut,ElasticNet,T_C,opx_liq,raw,306,10.0,1090.0,1140.9670102660189,deep_crustal_MASH,other
LeaveOneRegionOut,ElasticNet,T_C,opx_liq,raw,307,10.0,1120.0,1204.5027447495831,deep_crustal_MASH,other
LeaveOneRegionOut,ElasticNet,T_C,opx_liq,raw,308,10.0,1180.0,1247.4331252559566,deep_crustal_MASH,other
LeaveOneRegionOut,ElasticNet,T_C,opx_liq,raw,309,10.0,1150.0,1185.5343972569046,deep_crustal_MASH,other
LeaveOneRegionOut,ElasticNet,T_C,opx_liq,raw,310,10.0,1270.0,1323.0076282682257,deep_crustal_MASH,other
LeaveOneRegionOut,ElasticNet,T_C,opx_liq,raw,311,15.0,1400.0,1473.453410038343,lithospheric_mantle,mantle_melting
LeaveOneRegionOut,ElasticNet,T_C,opx_liq,raw,312,15.0,1450.0,1521.475204393053,lithospheric_mantle,mantle_melting
LeaveOneRegionOut,ElasticNet,T_C,opx_liq,raw,313,15.0,1350.0,1408.207173443797,lithospheric_mantle,mantle_melting
LeaveOneRegionOut,ElasticNet,T_C,opx_liq,raw,314,20.0,1450.0,1550.494683977365,lithospheric_mantle,mantle_melting
LeaveOneRegionOut,ElasticNet,T_C,opx_liq,raw,315,20.0,1400.0,1446.1706471629216,lithospheric_mantle,mantle_melting
LeaveOneRegionOut,ElasticNet,T_C,opx_liq,raw,316,20.0,1500.0,1663.3529552398838,lithospheric_mantle,mantle_melting
LeaveOneRegionOut,ElasticNet,T_C,opx_liq,raw,317,25.0,1500.0,1584.0058448756201,lithospheric_mantle,mantle_melting
LeaveOneRegionOut,ElasticNet,T_C,opx_liq,raw,318,25.0,1480.0,1538.516272242829,lithospheric_mantle,mantle_melting
LeaveOneRegionOut,ElasticNet,T_C,opx_liq,raw,319,20.0,1500.0,1512.6984331755566,lithospheric_mantle,mantle_melting
LeaveOneRegionOut,ElasticNet,T_C,opx_liq,raw,320,20.0,1530.0,1535.6067766523659,lithospheric_mantle,mantle_melting
LeaveOneRegionOut,ElasticNet,T_C,opx_liq,raw,321,20.0,1560.0,1618.990843019114,lithospheric_mantle,mantle_melting
LeaveOneRegionOut,ElasticNet,T_C,opx_liq,raw,322,20.0,1560.0,1590.1511273273604,lithospheric_mantle,mantle_melting
LeaveOneRegionOut,ElasticNet,T_C,opx_liq,raw,323,20.0,1600.0,1635.8225379779856,lithospheric_mantle,mantle_melting
LeaveOneRegionOut,ElasticNet,T_C,opx_liq,raw,324,15.0,1480.0,1487.1766309320167,lithospheric_mantle,mantle_melting
LeaveOneRegionOut,ElasticNet,T_C,opx_liq,raw,325,15.0,1500.0,1547.7732061296363,lithospheric_mantle,mantle_melting
LeaveOneRegionOut,ElasticNet,T_C,opx_liq,raw,326,10.0,1380.0,1364.9386295233,deep_crustal_MASH,mantle_melting
LeaveOneRegionOut,ElasticNet,T_C,opx_liq,raw,327,10.0,1500.0,1314.316102806452,deep_crustal_MASH,mantle_melting
LeaveOneRegionOut,ElasticNet,T_C,opx_liq,raw,328,10.0,1500.0,1344.4551171949472,deep_crustal_MASH,mantle_melting
LeaveOneRegionOut,ElasticNet,T_C,opx_liq,raw,329,10.0,1275.0,1127.5900642405256,deep_crustal_MASH,mantle_melting
LeaveOneRegionOut,ElasticNet,T_C,opx_liq,raw,330,10.0,1250.0,1141.3891299392433,deep_crustal_MASH,mantle_melting
LeaveOneRegionOut,ElasticNet,T_C,opx_liq,raw,331,10.0,1250.0,1235.0594465383774,deep_crustal_MASH,mantle_melting
LeaveOneRegionOut,ElasticNet,T_C,opx_liq,raw,332,10.0,1400.0,1412.4714850942196,deep_crustal_MASH,mantle_melting
LeaveOneRegionOut,ElasticNet,T_C,opx_liq,raw,333,10.0,1390.0,1379.3902173185827,deep_crustal_MASH,mantle_melting
LeaveOneRegionOut,ElasticNet,T_C,opx_liq,raw,334,10.0,1300.0,1218.1444603596815,deep_crustal_MASH,mantle_melting
LeaveOneRegionOut,ElasticNet,T_C,opx_liq,raw,335,10.0,1310.0,1288.4984820864388,deep_crustal_MASH,mantle_melting
LeaveOneRegionOut,ElasticNet,T_C,opx_liq,raw,336,10.0,1310.0,1287.2267256494476,deep_crustal_MASH,mantle_melting
LeaveOneRegionOut,ElasticNet,T_C,opx_liq,raw,337,10.0,1390.0,1406.5009127068754,deep_crustal_MASH,mantle_melting
LeaveOneRegionOut,ElasticNet,T_C,opx_liq,raw,338,15.0,1350.0,1347.5944174651,lithospheric_mantle,mantle_melting
LeaveOneRegionOut,ElasticNet,T_C,opx_liq,raw,339,15.0,1400.0,1368.1949114978472,lithospheric_mantle,mantle_melting
LeaveOneRegionOut,ElasticNet,T_C,opx_liq,raw,340,15.0,1500.0,1495.9024124762889,lithospheric_mantle,mantle_melting
LeaveOneRegionOut,ElasticNet,T_C,opx_liq,raw,341,12.5,1425.0,1501.6877606993364,deep_crustal_MASH,mantle_melting
LeaveOneRegionOut,ElasticNet,T_C,opx_liq,raw,342,15.0,1450.0,1428.9992603699798,lithospheric_mantle,mantle_melting
LeaveOneRegionOut,ElasticNet,T_C,opx_liq,raw,343,10.0,1440.0,1454.4443767832756,deep_crustal_MASH,mantle_melting
LeaveOneRegionOut,ElasticNet,T_C,opx_liq,raw,344,15.0,1325.0,1297.8643613167,lithospheric_mantle,MORB
LeaveOneRegionOut,ElasticNet,T_C,opx_liq,raw,345,15.0,1340.0,1264.545641231845,lithospheric_mantle,MORB
LeaveOneRegionOut,ElasticNet,T_C,opx_liq,raw,346,15.0,1550.0,1559.2124381557378,lithospheric_mantle,mantle_melting
LeaveOneRegionOut,ElasticNet,T_C,opx_liq,raw,347,15.0,1600.0,1657.8306050626084,lithospheric_mantle,mantle_melting
LeaveOneRegionOut,ElasticNet,T_C,opx_liq,raw,348,15.0,1550.0,1553.6762382011818,lithospheric_mantle,mantle_melting
LeaveOneRegionOut,ElasticNet,T_C,opx_liq,raw,349,15.0,1510.0,1508.2565489812866,lithospheric_mantle,mantle_melting
LeaveOneRegionOut,ElasticNet,T_C,opx_liq,raw,350,15.0,1600.0,1642.2515581558314,lithospheric_mantle,mantle_melting
LeaveOneRegionOut,ElasticNet,T_C,opx_liq,raw,351,15.0,1350.0,1339.3252532948354,lithospheric_mantle,MORB
LeaveOneRegionOut,ElasticNet,T_C,opx_liq,raw,352,10.0,1260.0,1255.0646094865647,deep_crustal_MASH,MORB
LeaveOneRegionOut,ElasticNet,T_C,opx_liq,raw,353,10.0,1270.0,1231.953537886702,deep_crustal_MASH,MORB
LeaveOneRegionOut,ElasticNet,T_C,opx_liq,raw,354,15.0,1370.0,1338.7063244998662,lithospheric_mantle,MORB
LeaveOneRegionOut,ElasticNet,T_C,opx_liq,raw,355,10.0,1260.0,1241.3825330768877,deep_crustal_MASH,MORB
LeaveOneRegionOut,ElasticNet,T_C,opx_liq,raw,356,10.0,1295.0,1270.1880725905942,deep_crustal_MASH,MORB
LeaveOneRegionOut,ElasticNet,T_C,opx_liq,raw,357,15.0,1336.0,1350.51530606645,lithospheric_mantle,mantle_melting
LeaveOneRegionOut,ElasticNet,T_C,opx_liq,raw,358,15.0,1315.0,1277.4951853558766,lithospheric_mantle,mantle_melting
LeaveOneRegionOut,ElasticNet,T_C,opx_liq,raw,359,15.0,1325.0,1352.8492263385158,lithospheric_mantle,mantle_melting
LeaveOneRegionOut,ElasticNet,T_C,opx_liq,raw,360,27.999999523163,1565.0,1540.300708175806,lithospheric_mantle,mantle_melting
LeaveOneRegionOut,ElasticNet,T_C,opx_liq,raw,361,27.999999523163,1555.0,1562.8019109026227,lithospheric_mantle,mantle_melting
LeaveOneRegionOut,ElasticNet,T_C,opx_liq,raw,362,5.0,1078.0,1103.039864789745,deep_crustal_MASH,other
LeaveOneRegionOut,ElasticNet,T_C,opx_liq,raw,363,12.000000476837,1510.0,1411.1009743174386,deep_crustal_MASH,basalt
LeaveOneRegionOut,ElasticNet,T_C,opx_liq,raw,364,12.000000476837,1525.0,1484.0862389269537,deep_crustal_MASH,basalt
LeaveOneRegionOut,ElasticNet,T_C,opx_liq,raw,365,12.200000286102,1490.0,1466.3702968914865,deep_crustal_MASH,basalt
LeaveOneRegionOut,ElasticNet,T_C,opx_liq,raw,366,12.599999904632998,1530.0,1473.7179778467973,deep_crustal_MASH,basalt
LeaveOneRegionOut,ElasticNet,T_C,opx_liq,raw,367,13.799999952316,1530.0,1436.8686800557764,deep_crustal_MASH,basalt
LeaveOneRegionOut,ElasticNet,T_C,opx_liq,raw,368,7.5,1440.0,1413.0298294326149,deep_crustal_MASH,basalt
LeaveOneRegionOut,ElasticNet,T_C,opx_liq,raw,369,20.5,1425.0,1417.2108518746495,lithospheric_mantle,other
LeaveOneRegionOut,ElasticNet,T_C,opx_liq,raw,370,21.0,1400.0,1406.4523423687258,lithospheric_mantle,other
LeaveOneRegionOut,ElasticNet,T_C,opx_liq,raw,371,1.9380000233649999,950.0,1033.7427804473548,shallow_crustal,arc_silicic
LeaveOneRegionOut,ElasticNet,T_C,opx_liq,raw,372,1.2409999966621001,1050.0,1079.312619457101,shallow_crustal,arc_silicic
LeaveOneRegionOut,ElasticNet,T_C,opx_liq,raw,373,0.52400000393391,1050.0,1059.0041766158795,shallow_crustal,arc_silicic
LeaveOneRegionOut,ElasticNet,T_C,opx_liq,raw,374,3.0140000581741,1075.0,1066.5058164059956,shallow_crustal,arc_silicic
LeaveOneRegionOut,ElasticNet,T_C,opx_liq,raw,375,1.0689999908209,950.0,1039.3689294562548,shallow_crustal,arc_silicic
LeaveOneRegionOut,ElasticNet,T_C,opx_liq,raw,376,1.7100000381470002,975.0,1038.8001897155036,shallow_crustal,arc_silicic
LeaveOneRegionOut,ElasticNet,T_C,opx_liq,raw,377,1.5929999947548,1065.0,1086.4368804589335,shallow_crustal,arc_silicic
LeaveOneRegionOut,ElasticNet,T_C,opx_liq,raw,378,1.5520000457764,1035.0,1092.9762685957953,shallow_crustal,arc_silicic
LeaveOneRegionOut,ElasticNet,T_C,opx_liq,raw,379,0.59000000357628,1115.0,1099.2630949893085,shallow_crustal,arc_silicic
LeaveOneRegionOut,ElasticNet,T_C,opx_liq,raw,380,2.0000000298022997,980.0,1031.3940850737604,shallow_crustal,arc_silicic
LeaveOneRegionOut,ElasticNet,T_C,opx_liq,raw,381,0.97999997437,1071.0,1097.0126608142346,shallow_crustal,arc_silicic
LeaveOneRegionOut,ElasticNet,T_C,opx_liq,raw,382,2.9199999570847,990.0,1062.3612550007783,shallow_crustal,arc_silicic
LeaveOneRegionOut,ElasticNet,T_C,opx_liq,raw,383,1.0000000149012,1100.0,1098.6159300302986,shallow_crustal,arc_silicic
LeaveOneRegionOut,ElasticNet,T_C,opx_liq,raw,384,1.5000000596046001,1100.0,1080.8557304054589,shallow_crustal,arc_silicic
LeaveOneRegionOut,ElasticNet,T_C,opx_liq,raw,385,2.1170000731945,1000.0,1071.2364030304807,shallow_crustal,arc_silicic
LeaveOneRegionOut,ElasticNet,T_C,opx_liq,raw,386,0.93800000846386,1050.0,1073.3409092822778,shallow_crustal,arc_silicic
LeaveOneRegionOut,ElasticNet,T_C,opx_liq,raw,387,1.1720000207424,1000.0,1014.2166190692544,shallow_crustal,arc_silicic
LeaveOneRegionOut,ElasticNet,T_C,opx_liq,raw,388,10.0,1180.0,1230.9741597691275,deep_crustal_MASH,arc_silicic
LeaveOneRegionOut,ElasticNet,T_C,opx_liq,raw,389,10.0,1200.0,1231.3317410370005,deep_crustal_MASH,arc_silicic
LeaveOneRegionOut,ElasticNet,T_C,opx_liq,raw,390,20.0,1150.0,1214.002748866014,lithospheric_mantle,arc_silicic
LeaveOneRegionOut,ElasticNet,T_C,opx_liq,raw,391,20.0,1180.0,1213.3479552231702,lithospheric_mantle,arc_silicic
LeaveOneRegionOut,ElasticNet,T_C,opx_liq,raw,392,20.0,1180.0,1251.6994852235891,lithospheric_mantle,arc_silicic
LeaveOneRegionOut,ElasticNet,T_C,opx_liq,raw,393,0.001,1340.0,1417.3867711295138,shallow_crustal,partitioning
LeaveOneRegionOut,ElasticNet,T_C,opx_liq,raw,394,0.001,1340.0,1361.595201266663,shallow_crustal,partitioning
LeaveOneRegionOut,ElasticNet,T_C,opx_liq,raw,395,0.001,1340.0,1421.7563135964656,shallow_crustal,partitioning
LeaveOneRegionOut,ElasticNet,T_C,opx_liq,raw,396,0.001,1340.0,1387.5904590216242,shallow_crustal,partitioning
LeaveOneRegionOut,ElasticNet,T_C,opx_liq,raw,397,0.001,1340.0,1433.7073685544865,shallow_crustal,partitioning
LeaveOneRegionOut,ElasticNet,T_C,opx_liq,raw,398,0.001,1340.0,1333.0534828669674,shallow_crustal,partitioning
LeaveOneRegionOut,ElasticNet,T_C,opx_liq,raw,399,0.001,1340.0,1431.1209172299566,shallow_crustal,partitioning
LeaveOneRegionOut,ElasticNet,T_C,opx_liq,raw,400,0.001,1400.0,1468.1719065697241,shallow_crustal,partitioning
LeaveOneRegionOut,ElasticNet,T_C,opx_liq,raw,401,0.001,1400.0,1440.8184764087487,shallow_crustal,partitioning
LeaveOneRegionOut,ElasticNet,T_C,opx_liq,raw,402,0.001,1400.0,1436.6674727017094,shallow_crustal,partitioning
LeaveOneRegionOut,ElasticNet,T_C,opx_liq,raw,403,0.001,1400.0,1424.2049202155779,shallow_crustal,partitioning
LeaveOneRegionOut,ElasticNet,T_C,opx_liq,raw,404,0.001,1400.0,1421.1132827221763,shallow_crustal,partitioning
LeaveOneRegionOut,ElasticNet,T_C,opx_liq,raw,405,0.001,1270.0,1290.5966979601526,shallow_crustal,partitioning
LeaveOneRegionOut,ElasticNet,T_C,opx_liq,raw,406,0.001,1270.0,1251.251754995994,shallow_crustal,partitioning
LeaveOneRegionOut,ElasticNet,T_C,opx_liq,raw,407,0.001,1270.0,1284.976647745716,shallow_crustal,partitioning
LeaveOneRegionOut,ElasticNet,T_C,opx_liq,raw,408,0.001,1270.0,1257.8813966916139,shallow_crustal,partitioning
LeaveOneRegionOut,ElasticNet,T_C,opx_liq,raw,409,0.001,1270.0,1297.0810566143439,shallow_crustal,partitioning
LeaveOneRegionOut,ElasticNet,T_C,opx_liq,raw,410,0.001,1270.0,1248.2121709330768,shallow_crustal,partitioning
LeaveOneRegionOut,ElasticNet,T_C,opx_liq,raw,411,0.001,1270.0,1283.5149965737921,shallow_crustal,partitioning
LeaveOneRegionOut,ElasticNet,T_C,opx_liq,raw,412,0.001,1270.0,1260.548584643034,shallow_crustal,partitioning
LeaveOneRegionOut,ElasticNet,T_C,opx_liq,raw,413,0.001,1270.0,1290.5480936348947,shallow_crustal,partitioning
LeaveOneRegionOut,ElasticNet,T_C,opx_liq,raw,414,0.001,1270.0,1263.458378279378,shallow_crustal,partitioning
LeaveOneRegionOut,ElasticNet,T_C,opx_liq,raw,415,10.0,1270.0,1271.033427293587,deep_crustal_MASH,mantle_melting
LeaveOneRegionOut,ElasticNet,T_C,opx_liq,raw,416,10.0,1280.0,1269.559978344383,deep_crustal_MASH,mantle_melting
LeaveOneRegionOut,ElasticNet,T_C,opx_liq,raw,417,10.0,1255.0,1270.2363834501332,deep_crustal_MASH,mantle_melting
LeaveOneRegionOut,ElasticNet,T_C,opx_liq,raw,418,10.0,1270.0,1283.4603120739966,deep_crustal_MASH,mantle_melting
LeaveOneRegionOut,ElasticNet,T_C,opx_liq,raw,419,10.0,1240.0,1246.4273229477938,deep_crustal_MASH,mantle_melting
LeaveOneRegionOut,ElasticNet,T_C,opx_liq,raw,420,10.0,1240.0,1262.8416566094038,deep_crustal_MASH,mantle_melting
LeaveOneRegionOut,ElasticNet,T_C,opx_liq,raw,421,10.0,1375.0,1427.5308696022244,deep_crustal_MASH,mantle_melting
LeaveOneRegionOut,ElasticNet,T_C,opx_liq,raw,422,10.0,1360.0,1363.239628907562,deep_crustal_MASH,mantle_melting
LeaveOneRegionOut,ElasticNet,T_C,opx_liq,raw,423,10.0,1330.0,1370.6882077613207,deep_crustal_MASH,mantle_melting
LeaveOneRegionOut,ElasticNet,T_C,opx_liq,raw,424,10.0,1300.0,1339.5966442702816,deep_crustal_MASH,mantle_melting
LeaveOneRegionOut,ElasticNet,T_C,opx_liq,raw,425,50.0,1750.0,1592.1963415574971,deeper_mantle,partitioning
LeaveOneRegionOut,ElasticNet,T_C,opx_liq,raw,426,5.0199997425079,1100.0,1130.8993362272186,deep_crustal_MASH,basalt
LeaveOneRegionOut,ElasticNet,T_C,opx_liq,raw,427,5.0199997425079,1100.0,1127.222963447954,deep_crustal_MASH,basalt
LeaveOneRegionOut,ElasticNet,T_C,opx_liq,raw,428,5.0169998407364,1130.0,1164.04090558507,deep_crustal_MASH,basalt
LeaveOneRegionOut,ElasticNet,T_C,opx_liq,raw,429,10.0,1220.0,1267.4677820298928,deep_crustal_MASH,arc_silicic
LeaveOneRegionOut,ElasticNet,T_C,opx_liq,raw,430,15.0,1160.0,1252.939613521023,lithospheric_mantle,arc_silicic
LeaveOneRegionOut,ElasticNet,T_C,opx_liq,raw,431,17.5,1180.0,1288.0993731260994,lithospheric_mantle,arc_silicic
LeaveOneRegionOut,ElasticNet,T_C,opx_liq,raw,432,46.9999990463255,1750.0,1647.1288397239905,deeper_mantle,other
LeaveOneRegionOut,ElasticNet,T_C,opx_liq,raw,433,10.0,1300.0,1310.5147771382055,deep_crustal_MASH,mantle_melting
LeaveOneRegionOut,ElasticNet,T_C,opx_liq,raw,434,17.5,1200.0,1268.7998011085872,lithospheric_mantle,arc_silicic
LeaveOneRegionOut,ElasticNet,T_C,opx_liq,raw,435,27.75024994039535,1453.125,1665.6287267868086,lithospheric_mantle,other
LeaveOneRegionOut,ElasticNet,T_C,opx_liq,raw,436,12.5,1210.0,1243.6599908229653,deep_crustal_MASH,arc_silicic
LeaveOneRegionOut,ElasticNet,T_C,opx_liq,raw,437,15.0,1065.0,1324.0237229892523,lithospheric_mantle,mantle_melting
LeaveOneRegionOut,ElasticNet,T_C,opx_liq,raw,438,50.0,1775.0,1661.26507363663,deeper_mantle,other
LeaveOneRegionOut,ElasticNet,T_C,opx_liq,raw,439,12.999999523163,1230.0,1316.2044100377673,deep_crustal_MASH,arc_silicic
LeaveOneRegionOut,ElasticNet,T_C,opx_liq,raw,440,10.0,1325.0,1321.1312919487068,deep_crustal_MASH,mantle_melting
LeaveOneRegionOut,ElasticNet,T_C,opx_liq,raw,441,15.0,1240.0,1307.1665572427084,lithospheric_mantle,arc_silicic
LeaveOneRegionOut,ElasticNet,T_C,opx_liq,raw,442,50.0,1830.0,1678.4071134081144,deeper_mantle,other
LeaveOneRegionOut,ElasticNet,T_C,opx_liq,raw,443,15.0,1260.0,1316.1100744900045,lithospheric_mantle,arc_silicic
LeaveOneRegionOut,ElasticNet,T_C,opx_liq,raw,444,10.0,1325.0,1354.4247105257693,deep_crustal_MASH,mantle_melting
LeaveOneRegionOut,ElasticNet,T_C,opx_liq,raw,445,17.5,1240.0,1272.670934996604,lithospheric_mantle,arc_silicic
LeaveOneRegionOut,ElasticNet,T_C,opx_liq,raw,446,10.0,987.5,1348.4074487061114,deep_crustal_MASH,mantle_melting
LeaveOneRegionOut,ElasticNet,T_C,opx_liq,raw,447,10.0,970.0,1327.1913685344653,deep_crustal_MASH,mantle_melting
LeaveOneRegionOut,ElasticNet,T_C,opx_liq,raw,448,10.0,1045.0,1321.0669122422532,deep_crustal_MASH,mantle_melting
LeaveOneRegionOut,ElasticNet,T_C,opx_liq,raw,449,12.000000476837,1260.0,1246.6681374749899,deep_crustal_MASH,arc_silicic
LeaveOneRegionOut,ElasticNet,T_C,opx_liq,raw,450,22.999999523163,1275.0,1075.0196968058399,lithospheric_mantle,basalt
LeaveOneRegionOut,ElasticNet,T_C,opx_liq,raw,451,15.0,1085.0,1272.142072736637,lithospheric_mantle,mantle_melting
LeaveOneRegionOut,ElasticNet,T_C,opx_liq,raw,452,18.999999761580998,1200.0,1338.3897831873162,lithospheric_mantle,arc_silicic
LeaveOneRegionOut,ElasticNet,T_C,opx_liq,raw,453,0.00099999997473788,1200.0,1142.803447395683,shallow_crustal,basalt
LeaveOneRegionOut,ElasticNet,T_C,opx_liq,raw,454,2.0000000298022997,1020.0,1021.9890862378209,shallow_crustal,basalt
LeaveOneRegionOut,ElasticNet,T_C,opx_liq,raw,455,0.00099999997473788,1160.0,1122.4113552807773,shallow_crustal,basalt
LeaveOneRegionOut,ElasticNet,T_C,opx_liq,raw,456,2.0000000298022997,980.0,1041.5850159010972,shallow_crustal,basalt
LeaveOneRegionOut,ElasticNet,T_C,opx_liq,raw,457,2.0000000298022997,940.0,995.8183788191125,shallow_crustal,basalt
LeaveOneRegionOut,ElasticNet,T_C,opx_liq,raw,458,0.00099999997473788,1115.0,1073.8696464659643,shallow_crustal,basalt
LeaveOneRegionOut,ElasticNet,T_C,opx_liq,raw,459,0.00099999997473788,1100.0,1086.9710288011051,shallow_crustal,basalt
LeaveOneRegionOut,ElasticNet,T_C,opx_liq,raw,460,0.00099999997473788,1100.0,1077.5818188243538,shallow_crustal,basalt
LeaveOneRegionOut,ElasticNet,T_C,opx_liq,raw,461,0.00099999997473788,1100.0,1072.6249186715434,shallow_crustal,basalt
LeaveOneRegionOut,ElasticNet,T_C,opx_liq,raw,462,0.001,1208.0,1188.5505937508242,shallow_crustal,partitioning
LeaveOneRegionOut,ElasticNet,T_C,opx_liq,raw,463,0.001,1250.0,1231.4354161054778,shallow_crustal,partitioning
LeaveOneRegionOut,ElasticNet,T_C,opx_liq,raw,464,0.001,1208.0,1215.210156087362,shallow_crustal,partitioning
LeaveOneRegionOut,ElasticNet,T_C,opx_liq,raw,465,0.001,1261.0,1253.526480232256,shallow_crustal,partitioning
LeaveOneRegionOut,ElasticNet,T_C,opx_liq,raw,466,0.001,1209.0,1175.3311204170586,shallow_crustal,partitioning
LeaveOneRegionOut,ElasticNet,T_C,opx_liq,raw,467,0.001,1217.0,1188.532680561873,shallow_crustal,partitioning
LeaveOneRegionOut,ElasticNet,T_C,opx_liq,raw,468,0.001,1299.0,1251.022016192287,shallow_crustal,partitioning
LeaveOneRegionOut,ElasticNet,T_C,opx_liq,raw,469,0.001,1264.0,1217.7572490094167,shallow_crustal,partitioning
LeaveOneRegionOut,ElasticNet,T_C,opx_liq,raw,470,0.001,1210.0,1175.788895849024,shallow_crustal,partitioning
LeaveOneRegionOut,ElasticNet,T_C,opx_liq,raw,471,0.001,1264.0,1263.6983172849916,shallow_crustal,partitioning
LeaveOneRegionOut,ElasticNet,T_C,opx_liq,raw,472,0.001,1210.0,1189.2503822455994,shallow_crustal,partitioning
LeaveOneRegionOut,ElasticNet,T_C,opx_liq,raw,473,0.001,1334.0,1314.6498845715305,shallow_crustal,partitioning
LeaveOneRegionOut,ElasticNet,T_C,opx_liq,raw,474,0.001,1260.0,1226.4200055933836,shallow_crustal,partitioning
LeaveOneRegionOut,ElasticNet,T_C,opx_liq,raw,475,0.001,1206.0,1156.760630849689,shallow_crustal,partitioning
LeaveOneRegionOut,ElasticNet,T_C,opx_liq,raw,476,0.001,1331.0,1305.7780991170919,shallow_crustal,partitioning
LeaveOneRegionOut,ElasticNet,T_C,opx_liq,raw,477,0.001,1261.0,1271.7421177258107,shallow_crustal,partitioning
LeaveOneRegionOut,ElasticNet,T_C,opx_liq,raw,478,0.001,1295.0,1291.5806894697162,shallow_crustal,partitioning
LeaveOneRegionOut,ElasticNet,T_C,opx_liq,raw,479,0.001,1294.0,1283.9843055414274,shallow_crustal,partitioning
LeaveOneRegionOut,ElasticNet,T_C,opx_liq,raw,480,0.001,1280.0,1245.2382903057141,shallow_crustal,partitioning
LeaveOneRegionOut,ElasticNet,T_C,opx_liq,raw,481,0.001,1251.0,1255.4427090081988,shallow_crustal,partitioning
LeaveOneRegionOut,ElasticNet,T_C,opx_liq,raw,482,0.001,1339.0,1301.0316789747708,shallow_crustal,partitioning
LeaveOneRegionOut,ElasticNet,T_C,opx_liq,raw,483,0.001,1251.0,1238.9123247470764,shallow_crustal,partitioning
LeaveOneRegionOut,ElasticNet,T_C,opx_liq,raw,484,15.0,1300.0,1167.79059071407,lithospheric_mantle,basalt
LeaveOneRegionOut,ElasticNet,T_C,opx_liq,raw,485,0.001,1161.0,1145.429563900267,shallow_crustal,partitioning
LeaveOneRegionOut,ElasticNet,T_C,opx_liq,raw,486,0.001,1198.0,1164.6257486775532,shallow_crustal,partitioning
LeaveOneRegionOut,ElasticNet,T_C,opx_liq,raw,487,0.001,1323.0,1304.8066364748763,shallow_crustal,partitioning
LeaveOneRegionOut,ElasticNet,T_C,opx_liq,raw,488,0.001,1300.0,1249.3955999091327,shallow_crustal,partitioning
LeaveOneRegionOut,ElasticNet,T_C,opx_liq,raw,489,0.001,1179.0,1156.1333721816616,shallow_crustal,partitioning
LeaveOneRegionOut,ElasticNet,T_C,opx_liq,raw,490,0.001,1309.0,1288.9227497857712,shallow_crustal,partitioning
LeaveOneRegionOut,ElasticNet,T_C,opx_liq,raw,491,0.001,1254.0,1198.0120633258712,shallow_crustal,partitioning
LeaveOneRegionOut,ElasticNet,T_C,opx_liq,raw,492,0.001,1334.0,1323.060743901578,shallow_crustal,partitioning
LeaveOneRegionOut,ElasticNet,T_C,opx_liq,raw,493,0.001,1196.0,1177.730898080364,shallow_crustal,partitioning
LeaveOneRegionOut,ElasticNet,T_C,opx_liq,raw,494,0.001,1265.0,1227.1872161919605,shallow_crustal,partitioning
LeaveOneRegionOut,ElasticNet,T_C,opx_liq,raw,495,0.001,1206.0,1148.5920552066857,shallow_crustal,partitioning
LeaveOneRegionOut,ElasticNet,T_C,opx_liq,raw,496,0.001,1300.0,1285.8321767743253,shallow_crustal,partitioning
LeaveOneRegionOut,ElasticNet,T_C,opx_liq,raw,497,12.000000476837,1315.0,1336.7461200105133,deep_crustal_MASH,MORB
LeaveOneRegionOut,ElasticNet,T_C,opx_liq,raw,498,12.000000476837,1300.0,1301.7370417454458,deep_crustal_MASH,MORB
LeaveOneRegionOut,ElasticNet,T_C,opx_liq,raw,499,8.0000001192093,1065.0,1057.1048581142854,deep_crustal_MASH,basalt
LeaveOneRegionOut,ElasticNet,T_C,opx_liq,raw,500,12.000000476837,1315.0,1291.7154054078148,deep_crustal_MASH,MORB
LeaveOneRegionOut,ElasticNet,T_C,opx_liq,raw,501,12.000000476837,1285.0,1298.4916964967947,deep_crustal_MASH,MORB
LeaveOneRegionOut,ElasticNet,T_C,opx_liq,raw,502,12.000000476837,1270.0,1296.6423588237149,deep_crustal_MASH,MORB
LeaveOneRegionOut,ElasticNet,T_C,opx_liq,raw,503,12.000000476837,1285.0,1296.6516973116945,deep_crustal_MASH,MORB
LeaveOneRegionOut,ElasticNet,T_C,opx_liq,raw,504,13.999999761580998,1220.0,1261.9441702064246,deep_crustal_MASH,other
LeaveOneRegionOut,ElasticNet,T_C,opx_liq,raw,505,16.000000238419002,1260.0,1273.0488007642764,lithospheric_mantle,other
LeaveOneRegionOut,ElasticNet,T_C,opx_liq,raw,506,20.0,1320.0,1333.6313667192953,lithospheric_mantle,other
LeaveOneRegionOut,ElasticNet,T_C,opx_liq,raw,507,20.0,1300.0,1319.6254445644838,lithospheric_mantle,other
LeaveOneRegionOut,ElasticNet,T_C,opx_liq,raw,508,17.999999523162998,1280.0,1306.5187537352188,lithospheric_mantle,other
LeaveOneRegionOut,ElasticNet,T_C,opx_liq,raw,509,17.999999523162998,1290.0,1282.2987440680809,lithospheric_mantle,other
LeaveOneRegionOut,ElasticNet,T_C,opx_liq,raw,510,17.000000476837002,1300.0,1276.3982623726667,lithospheric_mantle,other
LeaveOneRegionOut,ElasticNet,T_C,opx_liq,raw,511,22.000000476837,1400.0,1590.1371969944832,lithospheric_mantle,mantle_melting
LeaveOneRegionOut,ElasticNet,T_C,opx_liq,raw,512,22.000000476837,1350.0,1520.0184696148035,lithospheric_mantle,mantle_melting
LeaveOneRegionOut,ElasticNet,T_C,opx_liq,raw,513,15.0,1275.0,1459.942992656375,lithospheric_mantle,mantle_melting
LeaveOneRegionOut,ElasticNet,T_C,opx_liq,raw,514,12.0,1360.0,1351.202071813422,deep_crustal_MASH,mantle_melting
LeaveOneRegionOut,ElasticNet,T_C,opx_liq,raw,515,12.0,1360.0,1304.647495383907,deep_crustal_MASH,mantle_melting
LeaveOneRegionOut,ElasticNet,T_C,opx_liq,raw,516,25.0,1430.0,1428.8380943144134,lithospheric_mantle,mantle_melting
LeaveOneRegionOut,ElasticNet,T_C,opx_liq,raw,517,12.0,1360.0,1346.5242976556735,deep_crustal_MASH,mantle_melting
LeaveOneRegionOut,ElasticNet,T_C,opx_liq,raw,518,12.0,1360.0,1353.2126644928944,deep_crustal_MASH,mantle_melting
LeaveOneRegionOut,ElasticNet,T_C,opx_liq,raw,519,8.0,1265.0,1279.5078551035417,deep_crustal_MASH,mantle_melting
LeaveOneRegionOut,ElasticNet,T_C,opx_liq,raw,520,12.0,1310.0,1308.6066550359697,deep_crustal_MASH,mantle_melting
LeaveOneRegionOut,ElasticNet,T_C,opx_liq,raw,521,16.0,1350.0,1310.0693509001062,lithospheric_mantle,mantle_melting
LeaveOneRegionOut,ElasticNet,T_C,opx_liq,raw,522,12.0,1310.0,1330.9726284877574,deep_crustal_MASH,mantle_melting
LeaveOneRegionOut,ElasticNet,T_C,opx_liq,raw,523,17.999999523162998,1410.0,1359.6514350617374,lithospheric_mantle,other
LeaveOneRegionOut,ElasticNet,T_C,opx_liq,raw,524,17.999999523162998,1400.0,1374.041733403079,lithospheric_mantle,other
LeaveOneRegionOut,ElasticNet,T_C,opx_liq,raw,525,20.0,1360.0,1339.9580374271968,lithospheric_mantle,other
LeaveOneRegionOut,ElasticNet,T_C,opx_liq,raw,526,20.0,1340.0,1310.2745325152782,lithospheric_mantle,other
LeaveOneRegionOut,ElasticNet,T_C,opx_liq,raw,527,20.0,1400.0,1343.238204082491,lithospheric_mantle,other
LeaveOneRegionOut,ElasticNet,T_C,opx_liq,raw,528,20.0,1380.0,1318.3962622219055,lithospheric_mantle,other
LeaveOneRegionOut,ElasticNet,T_C,opx_liq,raw,529,20.0,1420.0,1347.1473131055077,lithospheric_mantle,other
LeaveOneRegionOut,ElasticNet,T_C,opx_liq,raw,530,16.000000238419002,1360.0,1296.593679167437,lithospheric_mantle,other
LeaveOneRegionOut,ElasticNet,T_C,opx_liq,raw,531,16.000000238419002,1400.0,1329.4649695024166,lithospheric_mantle,other
LeaveOneRegionOut,ElasticNet,T_C,opx_liq,raw,532,12.0,1360.0,1359.1197712249048,deep_crustal_MASH,mantle_melting
LeaveOneRegionOut,ElasticNet,T_C,opx_liq,raw,533,12.0,1360.0,1346.83859373314,deep_crustal_MASH,mantle_melting
LeaveOneRegionOut,ElasticNet,T_C,opx_liq,raw,534,12.0,1360.0,1331.2845029116045,deep_crustal_MASH,mantle_melting
LeaveOneRegionOut,ElasticNet,T_C,opx_liq,raw,535,12.0,1360.0,1334.7816316906687,deep_crustal_MASH,mantle_melting
LeaveOneRegionOut,ElasticNet,T_C,opx_liq,raw,536,8.9999997615814,1250.0,1243.2224867006248,deep_crustal_MASH,MORB
LeaveOneRegionOut,ElasticNet,T_C,opx_liq,raw,537,8.9999997615814,1270.0,1282.3815217808153,deep_crustal_MASH,MORB
LeaveOneRegionOut,ElasticNet,T_C,opx_liq,raw,538,12.999999523163,1295.0,1268.5126620495562,deep_crustal_MASH,MORB
LeaveOneRegionOut,ElasticNet,T_C,opx_liq,raw,539,8.9999997615814,1225.0,1227.129056959062,deep_crustal_MASH,MORB
LeaveOneRegionOut,ElasticNet,T_C,opx_liq,raw,540,16.000000238419002,1330.0,1334.9800603483077,lithospheric_mantle,MORB
LeaveOneRegionOut,ElasticNet,T_C,opx_liq,raw,541,11.000000238419002,1260.0,1264.848935828447,deep_crustal_MASH,MORB
LeaveOneRegionOut,ElasticNet,T_C,opx_liq,raw,542,16.000000238419002,1350.0,1333.6169708270388,lithospheric_mantle,MORB
LeaveOneRegionOut,ElasticNet,T_C,opx_liq,raw,543,16.000000238419002,1345.0,1339.8840591220703,lithospheric_mantle,MORB
LeaveOneRegionOut,ElasticNet,T_C,opx_liq,raw,544,12.999999523163,1285.0,1273.5614374123388,deep_crustal_MASH,MORB
LeaveOneRegionOut,ElasticNet,T_C,opx_liq,raw,545,16.000000238419002,1340.0,1296.7560282923707,lithospheric_mantle,MORB
LeaveOneRegionOut,ElasticNet,T_C,opx_liq,raw,546,8.9999997615814,1250.0,1200.2667315653625,deep_crustal_MASH,MORB
LeaveOneRegionOut,ElasticNet,T_C,opx_liq,raw,547,24.000000953674,1480.0,1398.604983591078,lithospheric_mantle,MORB
LeaveOneRegionOut,ElasticNet,T_C,opx_liq,raw,548,24.000000953674,1500.0,1418.8693572165191,lithospheric_mantle,MORB
LeaveOneRegionOut,ElasticNet,T_C,opx_liq,raw,549,13.0,1245.0,1312.574604772878,deep_crustal_MASH,mantle_melting
LeaveOneRegionOut,ElasticNet,T_C,opx_liq,raw,550,15.0,1473.0,1489.9982057209686,lithospheric_mantle,other
LeaveOneRegionOut,ElasticNet,T_C,opx_liq,raw,551,20.0,1495.0,1393.2134510237038,lithospheric_mantle,other
LeaveOneRegionOut,ElasticNet,T_C,opx_liq,raw,552,15.0,1395.0,1289.898142602793,lithospheric_mantle,other
LeaveOneRegionOut,ElasticNet,T_C,opx_liq,raw,553,10.0,1370.0,1357.9334819286069,deep_crustal_MASH,mantle_melting
LeaveOneRegionOut,ElasticNet,T_C,opx_liq,raw,554,10.0,1349.0,1354.7573516161615,deep_crustal_MASH,mantle_melting
LeaveOneRegionOut,ElasticNet,T_C,opx_liq,raw,555,10.0,1411.0,1402.5917856261924,deep_crustal_MASH,mantle_melting
LeaveOneRegionOut,ElasticNet,T_C,opx_liq,raw,556,10.0,1344.0,1333.9903601509343,deep_crustal_MASH,mantle_melting
LeaveOneRegionOut,ElasticNet,T_C,opx_liq,raw,557,10.0,1381.0,1343.2348677789716,deep_crustal_MASH,mantle_melting
LeaveOneRegionOut,ElasticNet,T_C,opx_liq,raw,558,10.0,1325.0,1302.69505032497,deep_crustal_MASH,mantle_melting
LeaveOneRegionOut,ElasticNet,T_C,opx_liq,raw,559,10.0,1363.0,1351.4567862867311,deep_crustal_MASH,mantle_melting
LeaveOneRegionOut,ElasticNet,T_C,opx_liq,raw,560,10.0,1349.0,1357.280397180083,deep_crustal_MASH,mantle_melting
LeaveOneRegionOut,ElasticNet,T_C,opx_liq,raw,561,10.0,1371.0,1392.6267089776675,deep_crustal_MASH,mantle_melting
LeaveOneRegionOut,ElasticNet,T_C,opx_liq,raw,562,10.0,1355.0,1353.4483628719204,deep_crustal_MASH,mantle_melting
LeaveOneRegionOut,ElasticNet,T_C,opx_liq,raw,563,30.0,1600.0,1504.551039767915,deeper_mantle,other
LeaveOneRegionOut,ElasticNet,T_C,opx_liq,raw,564,30.0,1560.0,1526.3617235798401,deeper_mantle,other
LeaveOneRegionOut,ElasticNet,T_C,opx_liq,raw,565,30.0,1530.0,1484.576371739969,deeper_mantle,other
LeaveOneRegionOut,ElasticNet,T_C,opx_liq,raw,566,30.0,1560.0,1498.3959145691924,deeper_mantle,other
LeaveOneRegionOut,ElasticNet,T_C,opx_liq,raw,567,30.0,1550.0,1506.3461198601954,deeper_mantle,other
LeaveOneRegionOut,ElasticNet,T_C,opx_liq,raw,568,10.0,1380.0,1381.7929684016212,deep_crustal_MASH,mantle_melting
LeaveOneRegionOut,ElasticNet,T_C,opx_liq,raw,569,10.0,1371.0,1363.446810889365,deep_crustal_MASH,mantle_melting
LeaveOneRegionOut,ElasticNet,T_C,opx_liq,raw,570,12.999999523163,1160.0,1115.909201320355,deep_crustal_MASH,other
LeaveOneRegionOut,ElasticNet,T_C,opx_liq,raw,571,12.999999523163,1162.0,1119.9783121894852,deep_crustal_MASH,other
LeaveOneRegionOut,ElasticNet,T_C,opx_liq,raw,572,12.999999761581499,1185.0,1135.0323581269117,deep_crustal_MASH,other
LeaveOneRegionOut,ElasticNet,T_C,opx_liq,raw,573,12.999999523163,1130.0,1084.569124247573,deep_crustal_MASH,other
LeaveOneRegionOut,ElasticNet,T_C,opx_liq,raw,574,10.0,1160.0,1182.138990221212,deep_crustal_MASH,other
LeaveOneRegionOut,ElasticNet,T_C,opx_liq,raw,575,0.00099999997473788,1071.0,948.3523801836693,shallow_crustal,other
LeaveOneRegionOut,ElasticNet,T_C,opx_liq,raw,576,6.999999880790701,1155.0,1117.7768140892829,deep_crustal_MASH,other
LeaveOneRegionOut,ElasticNet,T_C,opx_liq,raw,577,10.0,1130.0,1140.7767808870142,deep_crustal_MASH,other
LeaveOneRegionOut,ElasticNet,T_C,opx_liq,raw,578,10.0,1100.0,1111.8703536175262,deep_crustal_MASH,other
LeaveOneRegionOut,ElasticNet,T_C,opx_liq,raw,579,6.999999880790701,1145.0,1140.3567230455224,deep_crustal_MASH,other
LeaveOneRegionOut,ElasticNet,T_C,opx_liq,raw,580,27.999999523163,1570.0,1455.8629246725652,lithospheric_mantle,MORB
LeaveOneRegionOut,ElasticNet,T_C,opx_liq,raw,581,27.999999523163,1547.5,1459.0427580302016,lithospheric_mantle,MORB
LeaveOneRegionOut,ElasticNet,T_C,opx_liq,raw,582,27.999999523163,1565.0,1476.3323391958102,lithospheric_mantle,MORB
LeaveOneRegionOut,ElasticNet,T_C,opx_liq,raw,583,15.0,1175.0,1286.234097313605,lithospheric_mantle,mantle_melting
LeaveOneRegionOut,ElasticNet,T_C,opx_liq,raw,584,15.0,1175.0,1259.5192339974574,lithospheric_mantle,mantle_melting
LeaveOneRegionOut,ElasticNet,T_C,opx_liq,raw,585,20.0,1200.0,1312.877993308247,lithospheric_mantle,mantle_melting
LeaveOneRegionOut,ElasticNet,T_C,opx_liq,raw,586,20.0,1300.0,1415.2060513421993,lithospheric_mantle,mantle_melting
LeaveOneRegionOut,ElasticNet,T_C,opx_liq,raw,587,15.0,1400.0,1362.1460725551126,lithospheric_mantle,mantle_melting
LeaveOneRegionOut,ElasticNet,T_C,opx_liq,raw,588,20.0,1450.0,1382.7262892654223,lithospheric_mantle,mantle_melting
LeaveOneRegionOut,ElasticNet,T_C,opx_liq,raw,589,20.0,1250.0,1372.4988288074,lithospheric_mantle,mantle_melting
LeaveOneRegionOut,ElasticNet,T_C,opx_liq,raw,590,15.0,1200.0,1289.8702326004006,lithospheric_mantle,mantle_melting
LeaveOneRegionOut,ElasticNet,T_C,opx_liq,raw,591,20.0,1300.0,1420.9027989859517,lithospheric_mantle,mantle_melting
LeaveOneRegionOut,ElasticNet,T_C,opx_liq,raw,592,20.0,1450.0,1438.0038605827942,lithospheric_mantle,mantle_melting
LeaveOneRegionOut,ElasticNet,T_C,opx_liq,raw,593,20.0,1275.0,1385.963920782708,lithospheric_mantle,mantle_melting
LeaveOneRegionOut,ElasticNet,T_C,opx_liq,raw,594,20.0,1425.0,1421.8035047442343,lithospheric_mantle,mantle_melting
LeaveOneRegionOut,ElasticNet,T_C,opx_liq,raw,595,15.0,1450.0,1442.5834254820375,lithospheric_mantle,mantle_melting
LeaveOneRegionOut,ElasticNet,T_C,opx_liq,raw,596,20.0,1475.0,1466.4484842168706,lithospheric_mantle,mantle_melting
LeaveOneRegionOut,ElasticNet,T_C,opx_liq,raw,597,0.001,1300.0,1236.8155854307095,shallow_crustal,other
LeaveOneRegionOut,ElasticNet,T_C,opx_liq,raw,598,0.001,1300.0,1234.6381843778736,shallow_crustal,other
LeaveOneRegionOut,ElasticNet,T_C,opx_liq,raw,599,0.001,1300.0,1239.5037625719378,shallow_crustal,other
LOSO,MLP,P_kbar,opx_liq,raw,0,12.496285693092789,12.496285693092789,16.5481778264885,deep_crustal_MASH,other
LOSO,MLP,P_kbar,opx_liq,raw,1,4.9849998950958,4.9849998950958,5.509873444907783,shallow_crustal,basalt
LOSO,MLP,P_kbar,opx_liq,raw,2,0.001,0.001,2.9617887860298304,shallow_crustal,other
LOSO,MLP,P_kbar,opx_liq,raw,3,0.001,0.001,8.393743387259828,shallow_crustal,other
LOSO,MLP,P_kbar,opx_liq,raw,4,3.0000001192093,3.0000001192093,5.692318178871705,shallow_crustal,metamorphic
LOSO,MLP,P_kbar,opx_liq,raw,5,5.0,5.0,6.661648443073233,deep_crustal_MASH,metamorphic
LOSO,MLP,P_kbar,opx_liq,raw,6,3.0000001192093,3.0000001192093,15.024623580539796,shallow_crustal,metamorphic
LOSO,MLP,P_kbar,opx_liq,raw,7,1.0000000149012,1.0000000149012,4.362831116849236,shallow_crustal,arc_silicic
LOSO,MLP,P_kbar,opx_liq,raw,8,1.0000000149012,1.0000000149012,9.482679636574966,shallow_crustal,arc_silicic
LOSO,MLP,P_kbar,opx_liq,raw,9,11.00000001490115,11.00000001490115,8.326124084438526,deep_crustal_MASH,other
LOSO,MLP,P_kbar,opx_liq,raw,10,6.100000236183325,6.100000236183325,15.443030226190135,deep_crustal_MASH,other
LOSO,MLP,P_kbar,opx_liq,raw,11,4.8249998688698,4.8249998688698,9.692760110520414,shallow_crustal,basalt
LOSO,MLP,P_kbar,opx_liq,raw,12,2.0000000298022997,2.0000000298022997,1.444481229134716,shallow_crustal,other
LOSO,MLP,P_kbar,opx_liq,raw,13,0.001,0.001,3.713743446726017,shallow_crustal,other
LOSO,MLP,P_kbar,opx_liq,raw,14,11.02628122898306,11.02628122898306,28.60438886022879,deep_crustal_MASH,other
LOSO,MLP,P_kbar,opx_liq,raw,15,35.66666682561233,35.66666682561233,14.439313028506778,deeper_mantle,other
LOSO,MLP,P_kbar,opx_liq,raw,16,0.001,0.001,18.587320703990706,shallow_crustal,other
LOSO,MLP,P_kbar,opx_liq,raw,17,5.0,5.0,2.080672031171222,deep_crustal_MASH,other
LOSO,MLP,P_kbar,opx_liq,raw,18,11.119025624851448,11.119025624851448,25.553682443003893,deep_crustal_MASH,other
LOSO,MLP,P_kbar,opx_liq,raw,19,8.78518178494235,8.78518178494235,11.40172661014232,deep_crustal_MASH,mantle_melting
LOSO,MLP,P_kbar,opx_liq,raw,20,9.275884610137489,9.275884610137489,10.188765026318306,deep_crustal_MASH,mantle_melting
LOSO,MLP,P_kbar,opx_liq,raw,21,10.399999991059305,10.399999991059305,14.452299331642456,deep_crustal_MASH,basalt
LOSO,MLP,P_kbar,opx_liq,raw,22,15.0,15.0,13.459010200633692,lithospheric_mantle,mantle_melting
LOSO,MLP,P_kbar,opx_liq,raw,23,12.28362969507237,12.28362969507237,7.107779626375451,deep_crustal_MASH,mantle_melting
LOSO,MLP,P_kbar,opx_liq,raw,24,10.0,10.0,6.520335260869535,deep_crustal_MASH,basalt
LOSO,MLP,P_kbar,opx_liq,raw,25,0.00099999997473788,0.00099999997473788,6.843999702071194,shallow_crustal,basalt
LOSO,MLP,P_kbar,opx_liq,raw,26,12.56707144985703,12.56707144985703,9.08791754738653,deep_crustal_MASH,mantle_melting
LOSO,MLP,P_kbar,opx_liq,raw,27,8.086285725460572,8.086285725460572,5.782074401211931,deep_crustal_MASH,basalt
LOSO,MLP,P_kbar,opx_liq,raw,28,7.659611106178159,7.659611106178159,12.597139835292513,deep_crustal_MASH,basalt
LOSO,MLP,P_kbar,opx_liq,raw,29,20.0,20.0,19.277978047643483,lithospheric_mantle,partitioning
LOSO,MLP,P_kbar,opx_liq,raw,30,5.0,5.0,3.657166723288049,deep_crustal_MASH,metamorphic
LOSO,MLP,P_kbar,opx_liq,raw,31,10.0,10.0,3.2693312891685533,deep_crustal_MASH,basalt
LOSO,MLP,P_kbar,opx_liq,raw,32,30.0,30.0,26.326931910316553,deeper_mantle,mantle_melting
LOSO,MLP,P_kbar,opx_liq,raw,33,30.0,30.0,20.80238489631874,deeper_mantle,mantle_melting
LOSO,MLP,P_kbar,opx_liq,raw,34,7.195500025760334,7.195500025760334,2.1709988093038652,deep_crustal_MASH,basalt
LOSO,MLP,P_kbar,opx_liq,raw,35,5.369384613849325,5.369384613849325,9.818711721021286,deep_crustal_MASH,arc_silicic
LOSO,MLP,P_kbar,opx_liq,raw,36,30.0,30.0,29.64790872826204,deeper_mantle,partitioning
LOSO,MLP,P_kbar,opx_liq,raw,37,20.0,20.0,24.76713000318783,lithospheric_mantle,basalt
LOSO,MLP,P_kbar,opx_liq,raw,38,40.0,40.0,28.765908930446965,deeper_mantle,mantle_melting
LOSO,MLP,P_kbar,opx_liq,raw,39,40.0,40.0,34.56066952698631,deeper_mantle,mantle_melting
LOSO,MLP,P_kbar,opx_liq,raw,40,45.0,45.0,35.5865276002117,deeper_mantle,mantle_melting
LOSO,MLP,P_kbar,opx_liq,raw,41,6.469000022348593,6.469000022348593,6.393850017251791,deep_crustal_MASH,mantle_melting
LOSO,MLP,P_kbar,opx_liq,raw,42,7.022909071941695,7.022909071941695,10.088679489234217,deep_crustal_MASH,mantle_melting
LOSO,MLP,P_kbar,opx_liq,raw,43,10.0,10.0,12.366309090023027,deep_crustal_MASH,MORB
LOSO,MLP,P_kbar,opx_liq,raw,44,10.0,10.0,11.688309021720059,deep_crustal_MASH,MORB
LOSO,MLP,P_kbar,opx_liq,raw,45,20.0,20.0,19.97260404496764,lithospheric_mantle,MORB
LOSO,MLP,P_kbar,opx_liq,raw,46,7.87644445708062,7.87644445708062,8.165788950907707,deep_crustal_MASH,mantle_melting
LOSO,MLP,P_kbar,opx_liq,raw,47,9.693111129707756,9.693111129707756,4.323282859288572,deep_crustal_MASH,arc_silicic
LOSO,MLP,P_kbar,opx_liq,raw,48,10.0,10.0,10.86075085975354,deep_crustal_MASH,mantle_melting
LOSO,MLP,P_kbar,opx_liq,raw,49,15.250125059604626,15.250125059604626,6.493664866198623,lithospheric_mantle,mantle_melting
LOSO,MLP,P_kbar,opx_liq,raw,50,17.999999952316198,17.999999952316198,15.798951627614317,lithospheric_mantle,mantle_melting
LOSO,MLP,P_kbar,opx_liq,raw,51,60.0,60.0,34.03490003264827,deeper_mantle,mantle_melting
LOSO,MLP,P_kbar,opx_liq,raw,52,1.1000000126659748,1.1000000126659748,2.7145479052383417,shallow_crustal,other
LOSO,MLP,P_kbar,opx_liq,raw,53,0.0010132500028703,0.0010132500028703,3.5342411483111777,shallow_crustal,basalt
LOSO,MLP,P_kbar,opx_liq,raw,54,0.0010132500028703,0.0010132500028703,2.423839380725915,shallow_crustal,basalt
LOSO,MLP,P_kbar,opx_liq,raw,55,0.00099999997473788,0.00099999997473788,0.6978685422722912,shallow_crustal,arc_silicic
LOSO,MLP,P_kbar,opx_liq,raw,56,6.666999999991579,6.666999999991579,11.947205506164357,deep_crustal_MASH,other
LOSO,MLP,P_kbar,opx_liq,raw,57,7.500499999987369,7.500499999987369,16.0301085159056,deep_crustal_MASH,other
LOSO,MLP,P_kbar,opx_liq,raw,58,15.0,15.0,16.381414230753354,lithospheric_mantle,other
LOSO,MLP,P_kbar,opx_liq,raw,59,7.500499999987369,7.500499999987369,15.200403594875706,deep_crustal_MASH,other
LOSO,MLP,P_kbar,opx_liq,raw,60,15.0,15.0,16.94204642972634,lithospheric_mantle,other
LOSO,MLP,P_kbar,opx_liq,raw,61,10.0,10.0,11.973274434993687,deep_crustal_MASH,other
LOSO,MLP,P_kbar,opx_liq,raw,62,10.000333333324912,10.000333333324912,16.07062438589676,deep_crustal_MASH,other
LOSO,MLP,P_kbar,opx_liq,raw,63,13.500000238418501,13.500000238418501,11.07839140745883,deep_crustal_MASH,other
LOSO,MLP,P_kbar,opx_liq,raw,64,6.666999999991579,6.666999999991579,10.394916109044557,deep_crustal_MASH,other
LOSO,MLP,P_kbar,opx_liq,raw,65,20.0,20.0,13.701016044740465,lithospheric_mantle,other
LOSO,MLP,P_kbar,opx_liq,raw,66,15.0,15.0,18.752063333510307,lithospheric_mantle,basalt
LOSO,MLP,P_kbar,opx_liq,raw,67,25.0,25.0,20.276106662019362,lithospheric_mantle,basalt
LOSO,MLP,P_kbar,opx_liq,raw,68,20.0,20.0,17.480066984812424,lithospheric_mantle,basalt
LOSO,MLP,P_kbar,opx_liq,raw,69,8.0,8.0,18.106958743857916,deep_crustal_MASH,basalt
LOSO,MLP,P_kbar,opx_liq,raw,70,20.0,20.0,18.68831650743761,lithospheric_mantle,other
LOSO,MLP,P_kbar,opx_liq,raw,71,21.0,21.0,23.550771761595765,lithospheric_mantle,other
LOSO,MLP,P_kbar,opx_liq,raw,72,20.0,20.0,25.14388261200915,lithospheric_mantle,other
LOSO,MLP,P_kbar,opx_liq,raw,73,21.0,21.0,17.77905075239108,lithospheric_mantle,other
LOSO,MLP,P_kbar,opx_liq,raw,74,27.999999523163,27.999999523163,18.95858324329839,lithospheric_mantle,other
LOSO,MLP,P_kbar,opx_liq,raw,75,38.9999997615815,38.9999997615815,20.485207391785128,deeper_mantle,other
LOSO,MLP,P_kbar,opx_liq,raw,76,9.3000000715256,9.3000000715256,6.28113757690577,deep_crustal_MASH,basalt
LOSO,MLP,P_kbar,opx_liq,raw,77,9.3000000715256,9.3000000715256,8.829216924995114,deep_crustal_MASH,basalt
LOSO,MLP,P_kbar,opx_liq,raw,78,12.000000476837,12.000000476837,14.195175929782042,deep_crustal_MASH,other
LOSO,MLP,P_kbar,opx_liq,raw,79,30.0,30.0,28.38684521566663,deeper_mantle,mantle_melting
LOSO,MLP,P_kbar,opx_liq,raw,80,30.0,30.0,28.494647595795325,deeper_mantle,mantle_melting
LOSO,MLP,P_kbar,opx_liq,raw,81,30.0,30.0,33.26067548332598,deeper_mantle,mantle_melting
LOSO,MLP,P_kbar,opx_liq,raw,82,30.0,30.0,31.10211239478764,deeper_mantle,mantle_melting
LOSO,MLP,P_kbar,opx_liq,raw,83,30.0,30.0,34.03024512585126,deeper_mantle,mantle_melting
LOSO,MLP,P_kbar,opx_liq,raw,84,30.0,30.0,33.56171732678268,deeper_mantle,mantle_melting
LOSO,MLP,P_kbar,opx_liq,raw,85,30.0,30.0,31.40007974672624,deeper_mantle,mantle_melting
LOSO,MLP,P_kbar,opx_liq,raw,86,30.0,30.0,32.92455641233875,deeper_mantle,mantle_melting
LOSO,MLP,P_kbar,opx_liq,raw,87,30.0,30.0,29.891554908067512,deeper_mantle,mantle_melting
LOSO,MLP,P_kbar,opx_liq,raw,88,30.0,30.0,30.04680326835593,deeper_mantle,mantle_melting
LOSO,MLP,P_kbar,opx_liq,raw,89,22.0,22.0,17.98165549200261,lithospheric_mantle,basalt
LOSO,MLP,P_kbar,opx_liq,raw,90,30.0,30.0,33.99985665824467,deeper_mantle,mantle_melting
LOSO,MLP,P_kbar,opx_liq,raw,91,30.0,30.0,23.179332880356014,deeper_mantle,basalt
LOSO,MLP,P_kbar,opx_liq,raw,92,30.0,30.0,39.108039049192925,deeper_mantle,mantle_melting
LOSO,MLP,P_kbar,opx_liq,raw,93,30.0,30.0,33.27425175161455,deeper_mantle,mantle_melting
LOSO,MLP,P_kbar,opx_liq,raw,94,25.0,25.0,20.773503188692285,lithospheric_mantle,basalt
LOSO,MLP,P_kbar,opx_liq,raw,95,20.0,20.0,17.166542257696808,lithospheric_mantle,basalt
LOSO,MLP,P_kbar,opx_liq,raw,96,8.0,8.0,14.393530737224355,deep_crustal_MASH,basalt
LOSO,MLP,P_kbar,opx_liq,raw,97,30.0,30.0,19.570423652621052,deeper_mantle,basalt
LOSO,MLP,P_kbar,opx_liq,raw,98,30.0,30.0,35.75085523559543,deeper_mantle,mantle_melting
LOSO,MLP,P_kbar,opx_liq,raw,99,30.0,30.0,36.99656332594925,deeper_mantle,mantle_melting
LOSO,MLP,P_kbar,opx_liq,raw,100,10.0,10.0,10.059921140741006,deep_crustal_MASH,metamorphic
LOSO,MLP,P_kbar,opx_liq,raw,101,10.0,10.0,5.471538475871263,deep_crustal_MASH,metamorphic
LOSO,MLP,P_kbar,opx_liq,raw,102,10.0,10.0,5.905244827681507,deep_crustal_MASH,metamorphic
LOSO,MLP,P_kbar,opx_liq,raw,103,6.999999880790701,6.999999880790701,6.094557126655623,deep_crustal_MASH,metamorphic
LOSO,MLP,P_kbar,opx_liq,raw,104,10.0,10.0,4.023225804579777,deep_crustal_MASH,metamorphic
LOSO,MLP,P_kbar,opx_liq,raw,105,15.0,15.0,6.137554712007844,lithospheric_mantle,metamorphic
LOSO,MLP,P_kbar,opx_liq,raw,106,10.0,10.0,4.542043038207809,deep_crustal_MASH,metamorphic
LOSO,MLP,P_kbar,opx_liq,raw,107,6.999999880790701,6.999999880790701,4.5957992327538335,deep_crustal_MASH,metamorphic
LOSO,MLP,P_kbar,opx_liq,raw,108,6.999999880790701,6.999999880790701,4.221718009804171,deep_crustal_MASH,metamorphic
LOSO,MLP,P_kbar,opx_liq,raw,109,12.5,12.5,7.929376693759929,deep_crustal_MASH,metamorphic
LOSO,MLP,P_kbar,opx_liq,raw,110,10.0,10.0,5.313836021711559,deep_crustal_MASH,metamorphic
LOSO,MLP,P_kbar,opx_liq,raw,111,10.0,10.0,3.8495573959815665,deep_crustal_MASH,metamorphic
LOSO,MLP,P_kbar,opx_liq,raw,112,6.999999880790701,6.999999880790701,19.318870443578657,deep_crustal_MASH,basalt
LOSO,MLP,P_kbar,opx_liq,raw,113,5.0,5.0,2.4223050081420543,deep_crustal_MASH,basalt
LOSO,MLP,P_kbar,opx_liq,raw,114,12.000000476837,12.000000476837,5.040133592226713,deep_crustal_MASH,basalt
LOSO,MLP,P_kbar,opx_liq,raw,115,21.800000667572,21.800000667572,15.312481168780424,lithospheric_mantle,other
LOSO,MLP,P_kbar,opx_liq,raw,116,12.89999961853,12.89999961853,6.890507298422412,deep_crustal_MASH,other
LOSO,MLP,P_kbar,opx_liq,raw,117,27.999999523163,27.999999523163,22.56268882532356,lithospheric_mantle,other
LOSO,MLP,P_kbar,opx_liq,raw,118,16.000000238419002,16.000000238419002,15.271550242606295,lithospheric_mantle,mantle_melting
LOSO,MLP,P_kbar,opx_liq,raw,119,12.000000238418501,12.000000238418501,13.066611694802738,deep_crustal_MASH,mantle_melting
LOSO,MLP,P_kbar,opx_liq,raw,120,11.000000238418501,11.000000238418501,13.293220033813016,deep_crustal_MASH,mantle_melting
LOSO,MLP,P_kbar,opx_liq,raw,121,16.000000238419002,16.000000238419002,15.06206606222453,lithospheric_mantle,mantle_melting
LOSO,MLP,P_kbar,opx_liq,raw,122,12.000000476837,12.000000476837,12.02923408486572,deep_crustal_MASH,mantle_melting
LOSO,MLP,P_kbar,opx_liq,raw,123,12.000000476837,12.000000476837,13.56056326643543,deep_crustal_MASH,mantle_melting
LOSO,MLP,P_kbar,opx_liq,raw,124,12.000000476837,12.000000476837,13.172393310748667,deep_crustal_MASH,mantle_melting
LOSO,MLP,P_kbar,opx_liq,raw,125,12.000000238418501,12.000000238418501,13.088291390242908,deep_crustal_MASH,mantle_melting
LOSO,MLP,P_kbar,opx_liq,raw,126,12.000000476837,12.000000476837,11.460906970899483,deep_crustal_MASH,mantle_melting
LOSO,MLP,P_kbar,opx_liq,raw,127,12.000000476837,12.000000476837,12.34872999044294,deep_crustal_MASH,mantle_melting
LOSO,MLP,P_kbar,opx_liq,raw,128,16.000000238419002,16.000000238419002,17.284762293842586,lithospheric_mantle,mantle_melting
LOSO,MLP,P_kbar,opx_liq,raw,129,16.000000238419002,16.000000238419002,16.401628431574768,lithospheric_mantle,mantle_melting
LOSO,MLP,P_kbar,opx_liq,raw,130,20.0,20.0,17.137252367142782,lithospheric_mantle,mantle_melting
LOSO,MLP,P_kbar,opx_liq,raw,131,16.000000119209503,16.000000119209503,14.676105764511698,lithospheric_mantle,mantle_melting
LOSO,MLP,P_kbar,opx_liq,raw,132,12.000000476837,12.000000476837,13.009741090614595,deep_crustal_MASH,mantle_melting
LOSO,MLP,P_kbar,opx_liq,raw,133,12.000000476837,12.000000476837,13.624193835506567,deep_crustal_MASH,mantle_melting
LOSO,MLP,P_kbar,opx_liq,raw,134,12.000000476837,12.000000476837,11.383391524357265,deep_crustal_MASH,mantle_melting
LOSO,MLP,P_kbar,opx_liq,raw,135,16.000000119209503,16.000000119209503,16.00378221826489,lithospheric_mantle,mantle_melting
LOSO,MLP,P_kbar,opx_liq,raw,136,15.0,15.0,18.782261056296125,lithospheric_mantle,basalt
LOSO,MLP,P_kbar,opx_liq,raw,137,20.0,20.0,18.839748351425786,lithospheric_mantle,mantle_melting
LOSO,MLP,P_kbar,opx_liq,raw,138,0.0010132500028703,0.0010132500028703,1.7242226467647215,shallow_crustal,basalt
LOSO,MLP,P_kbar,opx_liq,raw,139,12.000000476837,12.000000476837,11.854945253497403,deep_crustal_MASH,mantle_melting
LOSO,MLP,P_kbar,opx_liq,raw,140,12.000000476837,12.000000476837,13.78027746463992,deep_crustal_MASH,mantle_melting
LOSO,MLP,P_kbar,opx_liq,raw,141,12.0,12.0,15.738203029190405,deep_crustal_MASH,basalt
LOSO,MLP,P_kbar,opx_liq,raw,142,15.0,15.0,18.80046129457012,lithospheric_mantle,basalt
LOSO,MLP,P_kbar,opx_liq,raw,143,17.0,17.0,14.952115951150823,lithospheric_mantle,basalt
LOSO,MLP,P_kbar,opx_liq,raw,144,8.0,8.0,15.072180300755575,deep_crustal_MASH,basalt
LOSO,MLP,P_kbar,opx_liq,raw,145,28.0,28.0,18.77104481860111,lithospheric_mantle,basalt
LOSO,MLP,P_kbar,opx_liq,raw,146,10.0,10.0,19.81003617287242,deep_crustal_MASH,basalt
LOSO,MLP,P_kbar,opx_liq,raw,147,12.000000476837,12.000000476837,11.440222493034945,deep_crustal_MASH,arc_silicic
LOSO,MLP,P_kbar,opx_liq,raw,148,12.000000476837,12.000000476837,7.752777989273341,deep_crustal_MASH,arc_silicic
LOSO,MLP,P_kbar,opx_liq,raw,149,12.000000476837,12.000000476837,11.570703604097272,deep_crustal_MASH,arc_silicic
LOSO,MLP,P_kbar,opx_liq,raw,150,12.000000476837,12.000000476837,7.692287403759307,deep_crustal_MASH,arc_silicic
LOSO,MLP,P_kbar,opx_liq,raw,151,12.000000476837,12.000000476837,8.334018630568488,deep_crustal_MASH,arc_silicic
LOSO,MLP,P_kbar,opx_liq,raw,152,12.000000476837,12.000000476837,9.931585120900346,deep_crustal_MASH,arc_silicic
LOSO,MLP,P_kbar,opx_liq,raw,153,12.000000476837,12.000000476837,11.918303921298445,deep_crustal_MASH,arc_silicic
LOSO,MLP,P_kbar,opx_liq,raw,154,12.000000476837,12.000000476837,10.612253782169779,deep_crustal_MASH,arc_silicic
LOSO,MLP,P_kbar,opx_liq,raw,155,12.000000476837,12.000000476837,7.4030999942182145,deep_crustal_MASH,arc_silicic
LOSO,MLP,P_kbar,opx_liq,raw,156,12.000000476837,12.000000476837,6.9758341706461655,deep_crustal_MASH,arc_silicic
LOSO,MLP,P_kbar,opx_liq,raw,157,0.0010132500028703,0.0010132500028703,0.6407381425830407,shallow_crustal,basalt
LOSO,MLP,P_kbar,opx_liq,raw,158,0.0010132500028703,0.0010132500028703,0.43395185410473225,shallow_crustal,basalt
LOSO,MLP,P_kbar,opx_liq,raw,159,12.000000476837,12.000000476837,2.7152565773652593,deep_crustal_MASH,arc_silicic
LOSO,MLP,P_kbar,opx_liq,raw,160,12.000000476837,12.000000476837,10.985597331130348,deep_crustal_MASH,arc_silicic
LOSO,MLP,P_kbar,opx_liq,raw,161,12.000000476837,12.000000476837,4.339952265059375,deep_crustal_MASH,arc_silicic
LOSO,MLP,P_kbar,opx_liq,raw,162,12.000000476837,12.000000476837,2.9944686604477275,deep_crustal_MASH,arc_silicic
LOSO,MLP,P_kbar,opx_liq,raw,163,12.000000476837,12.000000476837,7.679798050263451,deep_crustal_MASH,arc_silicic
LOSO,MLP,P_kbar,opx_liq,raw,164,12.000000476837,12.000000476837,11.171957624373038,deep_crustal_MASH,arc_silicic
LOSO,MLP,P_kbar,opx_liq,raw,165,12.000000476837,12.000000476837,7.467720246267654,deep_crustal_MASH,arc_silicic
LOSO,MLP,P_kbar,opx_liq,raw,166,12.000000476837,12.000000476837,11.143435785321536,deep_crustal_MASH,arc_silicic
LOSO,MLP,P_kbar,opx_liq,raw,167,12.000000476837,12.000000476837,7.1432100596392125,deep_crustal_MASH,arc_silicic
LOSO,MLP,P_kbar,opx_liq,raw,168,20.0,20.0,20.232168063911733,lithospheric_mantle,mantle_melting
LOSO,MLP,P_kbar,opx_liq,raw,169,20.0,20.0,17.542563045325327,lithospheric_mantle,mantle_melting
LOSO,MLP,P_kbar,opx_liq,raw,170,20.0,20.0,19.20169637636041,lithospheric_mantle,mantle_melting
LOSO,MLP,P_kbar,opx_liq,raw,171,10.0,10.0,15.436001933919115,deep_crustal_MASH,mantle_melting
LOSO,MLP,P_kbar,opx_liq,raw,172,10.0,10.0,16.280704419009275,deep_crustal_MASH,mantle_melting
LOSO,MLP,P_kbar,opx_liq,raw,173,10.0,10.0,15.324866852036035,deep_crustal_MASH,mantle_melting
LOSO,MLP,P_kbar,opx_liq,raw,174,24.0,24.0,19.460084772739503,lithospheric_mantle,mantle_melting
LOSO,MLP,P_kbar,opx_liq,raw,175,26.0,26.0,20.368677661840643,lithospheric_mantle,mantle_melting
LOSO,MLP,P_kbar,opx_liq,raw,176,24.0,24.0,19.653502086241648,lithospheric_mantle,mantle_melting
LOSO,MLP,P_kbar,opx_liq,raw,177,22.0,22.0,19.54211199725931,lithospheric_mantle,mantle_melting
LOSO,MLP,P_kbar,opx_liq,raw,178,22.0,22.0,20.171677237773267,lithospheric_mantle,mantle_melting
LOSO,MLP,P_kbar,opx_liq,raw,179,20.0,20.0,11.239296044992598,lithospheric_mantle,arc_silicic
LOSO,MLP,P_kbar,opx_liq,raw,180,20.0,20.0,12.217456652875953,lithospheric_mantle,arc_silicic
LOSO,MLP,P_kbar,opx_liq,raw,181,5.0,5.0,11.859026517534813,deep_crustal_MASH,arc_silicic
LOSO,MLP,P_kbar,opx_liq,raw,182,2.1299999952316,2.1299999952316,3.2776325714564276,shallow_crustal,arc_silicic
LOSO,MLP,P_kbar,opx_liq,raw,183,10.0,10.0,4.139112572724812,deep_crustal_MASH,basalt
LOSO,MLP,P_kbar,opx_liq,raw,184,12.000000476837,12.000000476837,15.22352608240426,deep_crustal_MASH,mantle_melting
LOSO,MLP,P_kbar,opx_liq,raw,185,10.0,10.0,8.270493030374967,deep_crustal_MASH,arc_silicic
LOSO,MLP,P_kbar,opx_liq,raw,186,10.0,10.0,7.817729637453483,deep_crustal_MASH,arc_silicic
LOSO,MLP,P_kbar,opx_liq,raw,187,10.0,10.0,7.280880576824624,deep_crustal_MASH,arc_silicic
LOSO,MLP,P_kbar,opx_liq,raw,188,10.0,10.0,11.476482743108479,deep_crustal_MASH,arc_silicic
LOSO,MLP,P_kbar,opx_liq,raw,189,15.0,15.0,12.322821478094601,lithospheric_mantle,arc_silicic
LOSO,MLP,P_kbar,opx_liq,raw,190,12.000000476837,12.000000476837,8.156080568533158,deep_crustal_MASH,arc_silicic
LOSO,MLP,P_kbar,opx_liq,raw,191,15.0,15.0,15.883525466581697,lithospheric_mantle,arc_silicic
LOSO,MLP,P_kbar,opx_liq,raw,192,15.0,15.0,11.405259865136287,lithospheric_mantle,other
LOSO,MLP,P_kbar,opx_liq,raw,193,0.00099999997473788,0.00099999997473788,4.2429669728153465,shallow_crustal,other
LOSO,MLP,P_kbar,opx_liq,raw,194,10.0,10.0,13.10858406157324,deep_crustal_MASH,other
LOSO,MLP,P_kbar,opx_liq,raw,195,10.0,10.0,14.255501047385387,deep_crustal_MASH,other
LOSO,MLP,P_kbar,opx_liq,raw,196,10.0,10.0,20.772548939616147,deep_crustal_MASH,other
LOSO,MLP,P_kbar,opx_liq,raw,197,10.0,10.0,14.948216447605503,deep_crustal_MASH,other
LOSO,MLP,P_kbar,opx_liq,raw,198,10.0,10.0,13.536737672814162,deep_crustal_MASH,other
LOSO,MLP,P_kbar,opx_liq,raw,199,10.0,10.0,21.739297493442333,deep_crustal_MASH,other
LOSO,MLP,P_kbar,opx_liq,raw,200,10.0,10.0,13.685170991144705,deep_crustal_MASH,other
LOSO,MLP,P_kbar,opx_liq,raw,201,10.0,10.0,11.907195676844317,deep_crustal_MASH,other
LOSO,MLP,P_kbar,opx_liq,raw,202,10.0,10.0,12.923156811172731,deep_crustal_MASH,other
LOSO,MLP,P_kbar,opx_liq,raw,203,10.0,10.0,12.024730501020152,deep_crustal_MASH,other
LOSO,MLP,P_kbar,opx_liq,raw,204,10.0,10.0,13.391376534133808,deep_crustal_MASH,other
LOSO,MLP,P_kbar,opx_liq,raw,205,10.0,10.0,11.83563265664091,deep_crustal_MASH,other
LOSO,MLP,P_kbar,opx_liq,raw,206,10.0,10.0,10.835382231814737,deep_crustal_MASH,other
LOSO,MLP,P_kbar,opx_liq,raw,207,10.0,10.0,10.811327659810438,deep_crustal_MASH,other
LOSO,MLP,P_kbar,opx_liq,raw,208,20.0,20.0,19.385338856681233,lithospheric_mantle,mantle_melting
LOSO,MLP,P_kbar,opx_liq,raw,209,2.5,2.5,1.9126750546847902,shallow_crustal,other
LOSO,MLP,P_kbar,opx_liq,raw,210,2.5,2.5,2.3226089466399804,shallow_crustal,other
LOSO,MLP,P_kbar,opx_liq,raw,211,2.5,2.5,1.5049498835233186,shallow_crustal,other
LOSO,MLP,P_kbar,opx_liq,raw,212,1.5000000596046001,1.5000000596046001,1.7521450680504351,shallow_crustal,other
LOSO,MLP,P_kbar,opx_liq,raw,213,1.5000000596046001,1.5000000596046001,2.749565896490919,shallow_crustal,other
LOSO,MLP,P_kbar,opx_liq,raw,214,1.5000000596046001,1.5000000596046001,0.9837444634901964,shallow_crustal,other
LOSO,MLP,P_kbar,opx_liq,raw,215,1.5000000596046001,1.5000000596046001,1.1579765911313809,shallow_crustal,other
LOSO,MLP,P_kbar,opx_liq,raw,216,10.0,10.0,14.343901898854016,deep_crustal_MASH,other
LOSO,MLP,P_kbar,opx_liq,raw,217,10.0,10.0,12.605336528778713,deep_crustal_MASH,other
LOSO,MLP,P_kbar,opx_liq,raw,218,10.0,10.0,13.377295574696154,deep_crustal_MASH,other
LOSO,MLP,P_kbar,opx_liq,raw,219,10.0,10.0,14.910828830830138,deep_crustal_MASH,other
LOSO,MLP,P_kbar,opx_liq,raw,220,12.5,12.5,17.334064448338108,deep_crustal_MASH,other
LOSO,MLP,P_kbar,opx_liq,raw,221,10.0,10.0,7.927260454277479,deep_crustal_MASH,other
LOSO,MLP,P_kbar,opx_liq,raw,222,10.0,10.0,10.309386705972758,deep_crustal_MASH,basalt
LOSO,MLP,P_kbar,opx_liq,raw,223,15.0,15.0,12.923015886547516,lithospheric_mantle,basalt
LOSO,MLP,P_kbar,opx_liq,raw,224,15.0,15.0,15.863275339564398,lithospheric_mantle,basalt
LOSO,MLP,P_kbar,opx_liq,raw,225,4.0479999780655005,4.0479999780655005,9.439235532151066,shallow_crustal,arc_silicic
LOSO,MLP,P_kbar,opx_liq,raw,226,3.9489999413490002,3.9489999413490002,9.217025967267102,shallow_crustal,arc_silicic
LOSO,MLP,P_kbar,opx_liq,raw,227,4.2699998617172,4.2699998617172,10.507362142719298,shallow_crustal,arc_silicic
LOSO,MLP,P_kbar,opx_liq,raw,228,10.0,10.0,11.492714700702454,deep_crustal_MASH,other
LOSO,MLP,P_kbar,opx_liq,raw,229,11.499999761580998,11.499999761580998,11.757430895192925,deep_crustal_MASH,other
LOSO,MLP,P_kbar,opx_liq,raw,230,6.999999880790701,6.999999880790701,6.710935575218687,deep_crustal_MASH,other
LOSO,MLP,P_kbar,opx_liq,raw,231,20.0,20.0,20.628759909754905,lithospheric_mantle,arc_silicic
LOSO,MLP,P_kbar,opx_liq,raw,232,15.0,15.0,15.489357371702853,lithospheric_mantle,arc_silicic
LOSO,MLP,P_kbar,opx_liq,raw,233,15.0,15.0,14.582245175097267,lithospheric_mantle,arc_silicic
LOSO,MLP,P_kbar,opx_liq,raw,234,0.0010132500028703,0.0010132500028703,2.3933122743769566,shallow_crustal,basalt
LOSO,MLP,P_kbar,opx_liq,raw,235,0.0010132500028703,0.0010132500028703,0.7696713136726046,shallow_crustal,basalt
LOSO,MLP,P_kbar,opx_liq,raw,236,0.0010132500028703,0.0010132500028703,-0.7846563375309543,shallow_crustal,basalt
LOSO,MLP,P_kbar,opx_liq,raw,237,0.0010132500028703,0.0010132500028703,0.1229571707544248,shallow_crustal,basalt
LOSO,MLP,P_kbar,opx_liq,raw,238,10.0,10.0,10.673077393240753,deep_crustal_MASH,mantle_melting
LOSO,MLP,P_kbar,opx_liq,raw,239,10.0,10.0,10.383187824807903,deep_crustal_MASH,mantle_melting
LOSO,MLP,P_kbar,opx_liq,raw,240,10.0,10.0,11.605576474360893,deep_crustal_MASH,mantle_melting
LOSO,MLP,P_kbar,opx_liq,raw,241,10.0,10.0,8.895532513462632,deep_crustal_MASH,mantle_melting
LOSO,MLP,P_kbar,opx_liq,raw,242,10.0,10.0,12.524476244097858,deep_crustal_MASH,mantle_melting
LOSO,MLP,P_kbar,opx_liq,raw,243,10.0,10.0,9.632037148830792,deep_crustal_MASH,mantle_melting
LOSO,MLP,P_kbar,opx_liq,raw,244,10.0,10.0,9.782546946937043,deep_crustal_MASH,mantle_melting
LOSO,MLP,P_kbar,opx_liq,raw,245,10.0,10.0,12.4112721100335,deep_crustal_MASH,mantle_melting
LOSO,MLP,P_kbar,opx_liq,raw,246,10.0,10.0,10.235961164220502,deep_crustal_MASH,mantle_melting
LOSO,MLP,P_kbar,opx_liq,raw,247,10.0,10.0,8.104511962046795,deep_crustal_MASH,mantle_melting
LOSO,MLP,P_kbar,opx_liq,raw,248,10.0,10.0,11.363148122664377,deep_crustal_MASH,mantle_melting
LOSO,MLP,P_kbar,opx_liq,raw,249,10.0,10.0,10.676582247507756,deep_crustal_MASH,mantle_melting
LOSO,MLP,P_kbar,opx_liq,raw,250,10.0,10.0,5.084994188446365,deep_crustal_MASH,arc_silicic
LOSO,MLP,P_kbar,opx_liq,raw,251,20.0,20.0,19.03716217070634,lithospheric_mantle,mantle_melting
LOSO,MLP,P_kbar,opx_liq,raw,252,15.0,15.0,12.70081417674017,lithospheric_mantle,mantle_melting
LOSO,MLP,P_kbar,opx_liq,raw,253,15.0,15.0,17.786747626837723,lithospheric_mantle,mantle_melting
LOSO,MLP,P_kbar,opx_liq,raw,254,20.0,20.0,20.26860627983833,lithospheric_mantle,mantle_melting
LOSO,MLP,P_kbar,opx_liq,raw,255,20.0,20.0,23.790407079742444,lithospheric_mantle,mantle_melting
LOSO,MLP,P_kbar,opx_liq,raw,256,10.0,10.0,19.717539824213354,deep_crustal_MASH,other
LOSO,MLP,P_kbar,opx_liq,raw,257,0.0010132500028703,0.0010132500028703,-0.5919472863887112,shallow_crustal,basalt
LOSO,MLP,P_kbar,opx_liq,raw,258,18.999999761580998,18.999999761580998,13.499620123275829,lithospheric_mantle,MORB
LOSO,MLP,P_kbar,opx_liq,raw,259,15.0,15.0,17.015425412754542,lithospheric_mantle,MORB
LOSO,MLP,P_kbar,opx_liq,raw,260,15.0,15.0,16.188345098556407,lithospheric_mantle,MORB
LOSO,MLP,P_kbar,opx_liq,raw,261,15.0,15.0,13.142756976810885,lithospheric_mantle,MORB
LOSO,MLP,P_kbar,opx_liq,raw,262,15.0,15.0,17.14216795988354,lithospheric_mantle,MORB
LOSO,MLP,P_kbar,opx_liq,raw,263,18.999999761580998,18.999999761580998,21.97762320004643,lithospheric_mantle,MORB
LOSO,MLP,P_kbar,opx_liq,raw,264,0.0010132500028703,0.0010132500028703,-0.9479534710754289,shallow_crustal,basalt
LOSO,MLP,P_kbar,opx_liq,raw,265,24.000000953674,24.000000953674,30.509731609926654,lithospheric_mantle,mantle_melting
LOSO,MLP,P_kbar,opx_liq,raw,266,27.999999523163,27.999999523163,33.376500883889676,lithospheric_mantle,mantle_melting
LOSO,MLP,P_kbar,opx_liq,raw,267,15.0,15.0,14.532843023872461,lithospheric_mantle,mantle_melting
LOSO,MLP,P_kbar,opx_liq,raw,268,15.0,15.0,12.773389464745687,lithospheric_mantle,mantle_melting
LOSO,MLP,P_kbar,opx_liq,raw,269,15.0,15.0,13.135243047229533,lithospheric_mantle,mantle_melting
LOSO,MLP,P_kbar,opx_liq,raw,270,15.0,15.0,17.908401837686853,lithospheric_mantle,mantle_melting
LOSO,MLP,P_kbar,opx_liq,raw,271,15.0,15.0,14.425305495543098,lithospheric_mantle,mantle_melting
LOSO,MLP,P_kbar,opx_liq,raw,272,15.0,15.0,13.080604363310675,lithospheric_mantle,mantle_melting
LOSO,MLP,P_kbar,opx_liq,raw,273,15.0,15.0,12.338480640926678,lithospheric_mantle,mantle_melting
LOSO,MLP,P_kbar,opx_liq,raw,274,0.01,0.01,6.106325756133342,shallow_crustal,basalt
LOSO,MLP,P_kbar,opx_liq,raw,275,0.0010132500028703,0.0010132500028703,-1.2155617727089845,shallow_crustal,basalt
LOSO,MLP,P_kbar,opx_liq,raw,276,5.0,5.0,4.967689541823388,deep_crustal_MASH,arc_silicic
LOSO,MLP,P_kbar,opx_liq,raw,277,10.0,10.0,10.697822693507362,deep_crustal_MASH,other
LOSO,MLP,P_kbar,opx_liq,raw,278,10.0,10.0,9.410868099915906,deep_crustal_MASH,other
LOSO,MLP,P_kbar,opx_liq,raw,279,5.0,5.0,6.764587208921506,deep_crustal_MASH,arc_silicic
LOSO,MLP,P_kbar,opx_liq,raw,280,1.0379999876022001,1.0379999876022001,9.035191622360573,shallow_crustal,arc_silicic
LOSO,MLP,P_kbar,opx_liq,raw,281,1.4749999344348999,1.4749999344348999,9.799946139653672,shallow_crustal,arc_silicic
LOSO,MLP,P_kbar,opx_liq,raw,282,1.8000000715256002,1.8000000715256002,10.805102054207069,shallow_crustal,arc_silicic
LOSO,MLP,P_kbar,opx_liq,raw,283,1.0080000013113,1.0080000013113,8.525676499497372,shallow_crustal,arc_silicic
LOSO,MLP,P_kbar,opx_liq,raw,284,0.7100000232458099,0.7100000232458099,4.737370048447013,shallow_crustal,arc_silicic
LOSO,MLP,P_kbar,opx_liq,raw,285,1.0549999773502,1.0549999773502,3.096163584772083,shallow_crustal,arc_silicic
LOSO,MLP,P_kbar,opx_liq,raw,286,2.1259999275208,2.1259999275208,3.2486498393903838,shallow_crustal,arc_silicic
LOSO,MLP,P_kbar,opx_liq,raw,287,2.1259999275208,2.1259999275208,3.380558607360761,shallow_crustal,arc_silicic
LOSO,MLP,P_kbar,opx_liq,raw,288,2.1259999275208,2.1259999275208,3.6250273243106013,shallow_crustal,arc_silicic
LOSO,MLP,P_kbar,opx_liq,raw,289,3.125,3.125,5.647819885030751,shallow_crustal,arc_silicic
LOSO,MLP,P_kbar,opx_liq,raw,290,1.9799999892712,1.9799999892712,2.4908669330552606,shallow_crustal,arc_silicic
LOSO,MLP,P_kbar,opx_liq,raw,291,1.9799999892712,1.9799999892712,3.2004475172336035,shallow_crustal,arc_silicic
LOSO,MLP,P_kbar,opx_liq,raw,292,28.0,28.0,31.11116100178454,lithospheric_mantle,other
LOSO,MLP,P_kbar,opx_liq,raw,293,27.9999997615815,27.9999997615815,30.92934982704237,lithospheric_mantle,mantle_melting
LOSO,MLP,P_kbar,opx_liq,raw,294,28.0,28.0,34.0840859388312,lithospheric_mantle,other
LOSO,MLP,P_kbar,opx_liq,raw,295,32.0,32.0,33.20991438665543,deeper_mantle,other
LOSO,MLP,P_kbar,opx_liq,raw,296,32.0,32.0,32.242002712620625,deeper_mantle,other
LOSO,MLP,P_kbar,opx_liq,raw,297,34.0,34.0,35.32701903503681,deeper_mantle,other
LOSO,MLP,P_kbar,opx_liq,raw,298,34.0,34.0,40.235678044915865,deeper_mantle,other
LOSO,MLP,P_kbar,opx_liq,raw,299,28.0,28.0,32.04178408093224,lithospheric_mantle,other
LOSO,MLP,P_kbar,opx_liq,raw,300,28.0,28.0,32.33208346590865,lithospheric_mantle,other
LOSO,MLP,P_kbar,opx_liq,raw,301,24.0,24.0,29.641356637305996,lithospheric_mantle,other
LOSO,MLP,P_kbar,opx_liq,raw,302,28.0,28.0,28.808242676681232,lithospheric_mantle,other
LOSO,MLP,P_kbar,opx_liq,raw,303,15.0,15.0,16.095025610045774,lithospheric_mantle,mantle_melting
LOSO,MLP,P_kbar,opx_liq,raw,304,10.0,10.0,10.903386800354134,deep_crustal_MASH,metamorphic
LOSO,MLP,P_kbar,opx_liq,raw,305,30.0,30.0,8.810369257241,deeper_mantle,other
LOSO,MLP,P_kbar,opx_liq,raw,306,10.0,10.0,9.645638891762104,deep_crustal_MASH,other
LOSO,MLP,P_kbar,opx_liq,raw,307,10.0,10.0,9.983706665008079,deep_crustal_MASH,other
LOSO,MLP,P_kbar,opx_liq,raw,308,10.0,10.0,8.462883134521592,deep_crustal_MASH,other
LOSO,MLP,P_kbar,opx_liq,raw,309,10.0,10.0,7.72339086322035,deep_crustal_MASH,other
LOSO,MLP,P_kbar,opx_liq,raw,310,10.0,10.0,11.707930563671674,deep_crustal_MASH,other
LOSO,MLP,P_kbar,opx_liq,raw,311,15.0,15.0,11.109093277782838,lithospheric_mantle,mantle_melting
LOSO,MLP,P_kbar,opx_liq,raw,312,15.0,15.0,13.562307969074997,lithospheric_mantle,mantle_melting
LOSO,MLP,P_kbar,opx_liq,raw,313,15.0,15.0,11.0041926196274,lithospheric_mantle,mantle_melting
LOSO,MLP,P_kbar,opx_liq,raw,314,20.0,20.0,19.22701604310481,lithospheric_mantle,mantle_melting
LOSO,MLP,P_kbar,opx_liq,raw,315,20.0,20.0,15.717276769796618,lithospheric_mantle,mantle_melting
LOSO,MLP,P_kbar,opx_liq,raw,316,20.0,20.0,26.596598545125754,lithospheric_mantle,mantle_melting
LOSO,MLP,P_kbar,opx_liq,raw,317,25.0,25.0,25.77381005201968,lithospheric_mantle,mantle_melting
LOSO,MLP,P_kbar,opx_liq,raw,318,25.0,25.0,26.188827062621154,lithospheric_mantle,mantle_melting
LOSO,MLP,P_kbar,opx_liq,raw,319,20.0,20.0,25.51745139739122,lithospheric_mantle,mantle_melting
LOSO,MLP,P_kbar,opx_liq,raw,320,20.0,20.0,25.519581158762804,lithospheric_mantle,mantle_melting
LOSO,MLP,P_kbar,opx_liq,raw,321,20.0,20.0,26.020997340475944,lithospheric_mantle,mantle_melting
LOSO,MLP,P_kbar,opx_liq,raw,322,20.0,20.0,21.84142519498826,lithospheric_mantle,mantle_melting
LOSO,MLP,P_kbar,opx_liq,raw,323,20.0,20.0,24.22388218211991,lithospheric_mantle,mantle_melting
LOSO,MLP,P_kbar,opx_liq,raw,324,15.0,15.0,16.392623101129146,lithospheric_mantle,mantle_melting
LOSO,MLP,P_kbar,opx_liq,raw,325,15.0,15.0,18.936366471217525,lithospheric_mantle,mantle_melting
LOSO,MLP,P_kbar,opx_liq,raw,326,10.0,10.0,7.710816652216265,deep_crustal_MASH,mantle_melting
LOSO,MLP,P_kbar,opx_liq,raw,327,10.0,10.0,9.42337313792776,deep_crustal_MASH,mantle_melting
LOSO,MLP,P_kbar,opx_liq,raw,328,10.0,10.0,10.940714276609087,deep_crustal_MASH,mantle_melting
LOSO,MLP,P_kbar,opx_liq,raw,329,10.0,10.0,4.114932654318512,deep_crustal_MASH,mantle_melting
LOSO,MLP,P_kbar,opx_liq,raw,330,10.0,10.0,4.5320628891404455,deep_crustal_MASH,mantle_melting
LOSO,MLP,P_kbar,opx_liq,raw,331,10.0,10.0,9.585077782772954,deep_crustal_MASH,mantle_melting
LOSO,MLP,P_kbar,opx_liq,raw,332,10.0,10.0,9.73876909400361,deep_crustal_MASH,mantle_melting
LOSO,MLP,P_kbar,opx_liq,raw,333,10.0,10.0,11.465846052900682,deep_crustal_MASH,mantle_melting
LOSO,MLP,P_kbar,opx_liq,raw,334,10.0,10.0,13.107369287221124,deep_crustal_MASH,mantle_melting
LOSO,MLP,P_kbar,opx_liq,raw,335,10.0,10.0,11.01490184259403,deep_crustal_MASH,mantle_melting
LOSO,MLP,P_kbar,opx_liq,raw,336,10.0,10.0,11.351161615187953,deep_crustal_MASH,mantle_melting
LOSO,MLP,P_kbar,opx_liq,raw,337,10.0,10.0,10.861880239763227,deep_crustal_MASH,mantle_melting
LOSO,MLP,P_kbar,opx_liq,raw,338,15.0,15.0,11.049075560116425,lithospheric_mantle,mantle_melting
LOSO,MLP,P_kbar,opx_liq,raw,339,15.0,15.0,10.929141050011614,lithospheric_mantle,mantle_melting
LOSO,MLP,P_kbar,opx_liq,raw,340,15.0,15.0,12.133670964744947,lithospheric_mantle,mantle_melting
LOSO,MLP,P_kbar,opx_liq,raw,341,12.5,12.5,16.763132010676493,deep_crustal_MASH,mantle_melting
LOSO,MLP,P_kbar,opx_liq,raw,342,15.0,15.0,14.371979912430616,lithospheric_mantle,mantle_melting
LOSO,MLP,P_kbar,opx_liq,raw,343,10.0,10.0,10.215732092713129,deep_crustal_MASH,mantle_melting
LOSO,MLP,P_kbar,opx_liq,raw,344,15.0,15.0,12.30115483651746,lithospheric_mantle,MORB
LOSO,MLP,P_kbar,opx_liq,raw,345,15.0,15.0,12.107303376707955,lithospheric_mantle,MORB
LOSO,MLP,P_kbar,opx_liq,raw,346,15.0,15.0,15.513470578614958,lithospheric_mantle,mantle_melting
LOSO,MLP,P_kbar,opx_liq,raw,347,15.0,15.0,21.85931521039982,lithospheric_mantle,mantle_melting
LOSO,MLP,P_kbar,opx_liq,raw,348,15.0,15.0,15.67809837294477,lithospheric_mantle,mantle_melting
LOSO,MLP,P_kbar,opx_liq,raw,349,15.0,15.0,13.642997696073191,lithospheric_mantle,mantle_melting
LOSO,MLP,P_kbar,opx_liq,raw,350,15.0,15.0,20.79652324232038,lithospheric_mantle,mantle_melting
LOSO,MLP,P_kbar,opx_liq,raw,351,15.0,15.0,12.882582508766841,lithospheric_mantle,MORB
LOSO,MLP,P_kbar,opx_liq,raw,352,10.0,10.0,11.726912759894985,deep_crustal_MASH,MORB
LOSO,MLP,P_kbar,opx_liq,raw,353,10.0,10.0,10.800542882249983,deep_crustal_MASH,MORB
LOSO,MLP,P_kbar,opx_liq,raw,354,15.0,15.0,12.77414297974896,lithospheric_mantle,MORB
LOSO,MLP,P_kbar,opx_liq,raw,355,10.0,10.0,11.663568456090822,deep_crustal_MASH,MORB
LOSO,MLP,P_kbar,opx_liq,raw,356,10.0,10.0,12.049330647568215,deep_crustal_MASH,MORB
LOSO,MLP,P_kbar,opx_liq,raw,357,15.0,15.0,13.944665938584084,lithospheric_mantle,mantle_melting
LOSO,MLP,P_kbar,opx_liq,raw,358,15.0,15.0,15.221244416262552,lithospheric_mantle,mantle_melting
LOSO,MLP,P_kbar,opx_liq,raw,359,15.0,15.0,15.320955648472935,lithospheric_mantle,mantle_melting
LOSO,MLP,P_kbar,opx_liq,raw,360,27.999999523163,27.999999523163,27.144870668653965,lithospheric_mantle,mantle_melting
LOSO,MLP,P_kbar,opx_liq,raw,361,27.999999523163,27.999999523163,32.88889836718627,lithospheric_mantle,mantle_melting
LOSO,MLP,P_kbar,opx_liq,raw,362,5.0,5.0,6.770573596745969,deep_crustal_MASH,other
LOSO,MLP,P_kbar,opx_liq,raw,363,12.000000476837,12.000000476837,13.167794944093579,deep_crustal_MASH,basalt
LOSO,MLP,P_kbar,opx_liq,raw,364,12.000000476837,12.000000476837,16.83424056328139,deep_crustal_MASH,basalt
LOSO,MLP,P_kbar,opx_liq,raw,365,12.200000286102,12.200000286102,18.372622161728202,deep_crustal_MASH,basalt
LOSO,MLP,P_kbar,opx_liq,raw,366,12.599999904632998,12.599999904632998,16.64855101815027,deep_crustal_MASH,basalt
LOSO,MLP,P_kbar,opx_liq,raw,367,13.799999952316,13.799999952316,18.30503288111766,deep_crustal_MASH,basalt
LOSO,MLP,P_kbar,opx_liq,raw,368,7.5,7.5,9.512156676720295,deep_crustal_MASH,basalt
LOSO,MLP,P_kbar,opx_liq,raw,369,20.5,20.5,19.030983068294233,lithospheric_mantle,other
LOSO,MLP,P_kbar,opx_liq,raw,370,21.0,21.0,17.332385749832486,lithospheric_mantle,other
LOSO,MLP,P_kbar,opx_liq,raw,371,1.9380000233649999,1.9380000233649999,2.1168489003563384,shallow_crustal,arc_silicic
LOSO,MLP,P_kbar,opx_liq,raw,372,1.2409999966621001,1.2409999966621001,0.10144385864605893,shallow_crustal,arc_silicic
LOSO,MLP,P_kbar,opx_liq,raw,373,0.52400000393391,0.52400000393391,1.5939144051710856,shallow_crustal,arc_silicic
LOSO,MLP,P_kbar,opx_liq,raw,374,3.0140000581741,3.0140000581741,0.2043084525513973,shallow_crustal,arc_silicic
LOSO,MLP,P_kbar,opx_liq,raw,375,1.0689999908209,1.0689999908209,1.6736874108129116,shallow_crustal,arc_silicic
LOSO,MLP,P_kbar,opx_liq,raw,376,1.7100000381470002,1.7100000381470002,1.245251806861462,shallow_crustal,arc_silicic
LOSO,MLP,P_kbar,opx_liq,raw,377,1.5929999947548,1.5929999947548,0.3819012225589025,shallow_crustal,arc_silicic
LOSO,MLP,P_kbar,opx_liq,raw,378,1.5520000457764,1.5520000457764,0.8438443694930584,shallow_crustal,arc_silicic
LOSO,MLP,P_kbar,opx_liq,raw,379,0.59000000357628,0.59000000357628,-0.3061563729284465,shallow_crustal,arc_silicic
LOSO,MLP,P_kbar,opx_liq,raw,380,2.0000000298022997,2.0000000298022997,0.7523031390913382,shallow_crustal,arc_silicic
LOSO,MLP,P_kbar,opx_liq,raw,381,0.97999997437,0.97999997437,0.1207229636044651,shallow_crustal,arc_silicic
LOSO,MLP,P_kbar,opx_liq,raw,382,2.9199999570847,2.9199999570847,1.3706632649510642,shallow_crustal,arc_silicic
LOSO,MLP,P_kbar,opx_liq,raw,383,1.0000000149012,1.0000000149012,-0.26353845443757135,shallow_crustal,arc_silicic
LOSO,MLP,P_kbar,opx_liq,raw,384,1.5000000596046001,1.5000000596046001,-0.24783942893597127,shallow_crustal,arc_silicic
LOSO,MLP,P_kbar,opx_liq,raw,385,2.1170000731945,2.1170000731945,0.2974178503722866,shallow_crustal,arc_silicic
LOSO,MLP,P_kbar,opx_liq,raw,386,0.93800000846386,0.93800000846386,0.6514589593005,shallow_crustal,arc_silicic
LOSO,MLP,P_kbar,opx_liq,raw,387,1.1720000207424,1.1720000207424,1.576128046997689,shallow_crustal,arc_silicic
LOSO,MLP,P_kbar,opx_liq,raw,388,10.0,10.0,11.330386706408094,deep_crustal_MASH,arc_silicic
LOSO,MLP,P_kbar,opx_liq,raw,389,10.0,10.0,11.326057434227284,deep_crustal_MASH,arc_silicic
LOSO,MLP,P_kbar,opx_liq,raw,390,20.0,20.0,10.472861265702544,lithospheric_mantle,arc_silicic
LOSO,MLP,P_kbar,opx_liq,raw,391,20.0,20.0,16.86175059305366,lithospheric_mantle,arc_silicic
LOSO,MLP,P_kbar,opx_liq,raw,392,20.0,20.0,16.58480645449296,lithospheric_mantle,arc_silicic
LOSO,MLP,P_kbar,opx_liq,raw,393,0.001,0.001,3.9292941459516944,shallow_crustal,partitioning
LOSO,MLP,P_kbar,opx_liq,raw,394,0.001,0.001,0.1752709621532874,shallow_crustal,partitioning
LOSO,MLP,P_kbar,opx_liq,raw,395,0.001,0.001,3.8055671445390398,shallow_crustal,partitioning
LOSO,MLP,P_kbar,opx_liq,raw,396,0.001,0.001,1.5164968669379113,shallow_crustal,partitioning
LOSO,MLP,P_kbar,opx_liq,raw,397,0.001,0.001,5.173567037186236,shallow_crustal,partitioning
LOSO,MLP,P_kbar,opx_liq,raw,398,0.001,0.001,-0.7073889559376584,shallow_crustal,partitioning
LOSO,MLP,P_kbar,opx_liq,raw,399,0.001,0.001,4.64469186809179,shallow_crustal,partitioning
LOSO,MLP,P_kbar,opx_liq,raw,400,0.001,0.001,5.875187631330317,shallow_crustal,partitioning
LOSO,MLP,P_kbar,opx_liq,raw,401,0.001,0.001,4.3752475731339,shallow_crustal,partitioning
LOSO,MLP,P_kbar,opx_liq,raw,402,0.001,0.001,4.048329686931459,shallow_crustal,partitioning
LOSO,MLP,P_kbar,opx_liq,raw,403,0.001,0.001,3.126486184483214,shallow_crustal,partitioning
LOSO,MLP,P_kbar,opx_liq,raw,404,0.001,0.001,2.9840465558129323,shallow_crustal,partitioning
LOSO,MLP,P_kbar,opx_liq,raw,405,0.001,0.001,3.726756450434159,shallow_crustal,partitioning
LOSO,MLP,P_kbar,opx_liq,raw,406,0.001,0.001,0.45565457989791225,shallow_crustal,partitioning
LOSO,MLP,P_kbar,opx_liq,raw,407,0.001,0.001,3.366385744310882,shallow_crustal,partitioning
LOSO,MLP,P_kbar,opx_liq,raw,408,0.001,0.001,0.20137715290944003,shallow_crustal,partitioning
LOSO,MLP,P_kbar,opx_liq,raw,409,0.001,0.001,2.602996688622909,shallow_crustal,partitioning
LOSO,MLP,P_kbar,opx_liq,raw,410,0.001,0.001,-0.1743660408442188,shallow_crustal,partitioning
LOSO,MLP,P_kbar,opx_liq,raw,411,0.001,0.001,2.727351992755148,shallow_crustal,partitioning
LOSO,MLP,P_kbar,opx_liq,raw,412,0.001,0.001,-0.479816403810967,shallow_crustal,partitioning
LOSO,MLP,P_kbar,opx_liq,raw,413,0.001,0.001,1.9539725238434826,shallow_crustal,partitioning
LOSO,MLP,P_kbar,opx_liq,raw,414,0.001,0.001,-0.09691440634842874,shallow_crustal,partitioning
LOSO,MLP,P_kbar,opx_liq,raw,415,10.0,10.0,10.725128027137885,deep_crustal_MASH,mantle_melting
LOSO,MLP,P_kbar,opx_liq,raw,416,10.0,10.0,10.144936052080977,deep_crustal_MASH,mantle_melting
LOSO,MLP,P_kbar,opx_liq,raw,417,10.0,10.0,11.466415884843293,deep_crustal_MASH,mantle_melting
LOSO,MLP,P_kbar,opx_liq,raw,418,10.0,10.0,11.470527241995915,deep_crustal_MASH,mantle_melting
LOSO,MLP,P_kbar,opx_liq,raw,419,10.0,10.0,11.101908994585308,deep_crustal_MASH,mantle_melting
LOSO,MLP,P_kbar,opx_liq,raw,420,10.0,10.0,9.479859083010716,deep_crustal_MASH,mantle_melting
LOSO,MLP,P_kbar,opx_liq,raw,421,10.0,10.0,13.476006947588962,deep_crustal_MASH,mantle_melting
LOSO,MLP,P_kbar,opx_liq,raw,422,10.0,10.0,13.005329225595215,deep_crustal_MASH,mantle_melting
LOSO,MLP,P_kbar,opx_liq,raw,423,10.0,10.0,13.012189805410358,deep_crustal_MASH,mantle_melting
LOSO,MLP,P_kbar,opx_liq,raw,424,10.0,10.0,12.388875543940749,deep_crustal_MASH,mantle_melting
LOSO,MLP,P_kbar,opx_liq,raw,425,50.0,50.0,38.05587453918003,deeper_mantle,partitioning
LOSO,MLP,P_kbar,opx_liq,raw,426,5.0199997425079,5.0199997425079,8.85546702451528,deep_crustal_MASH,basalt
LOSO,MLP,P_kbar,opx_liq,raw,427,5.0199997425079,5.0199997425079,9.222709788240184,deep_crustal_MASH,basalt
LOSO,MLP,P_kbar,opx_liq,raw,428,5.0169998407364,5.0169998407364,9.135344146985872,deep_crustal_MASH,basalt
LOSO,MLP,P_kbar,opx_liq,raw,429,10.0,10.0,11.902453157306047,deep_crustal_MASH,arc_silicic
LOSO,MLP,P_kbar,opx_liq,raw,430,15.0,15.0,9.993061278555684,lithospheric_mantle,arc_silicic
LOSO,MLP,P_kbar,opx_liq,raw,431,17.5,17.5,13.84659735148241,lithospheric_mantle,arc_silicic
LOSO,MLP,P_kbar,opx_liq,raw,432,46.9999990463255,46.9999990463255,47.36919398767728,deeper_mantle,other
LOSO,MLP,P_kbar,opx_liq,raw,433,10.0,10.0,9.460489184945743,deep_crustal_MASH,mantle_melting
LOSO,MLP,P_kbar,opx_liq,raw,434,17.5,17.5,13.845677201391517,lithospheric_mantle,arc_silicic
LOSO,MLP,P_kbar,opx_liq,raw,435,27.75024994039535,27.75024994039535,44.71869993652137,lithospheric_mantle,other
LOSO,MLP,P_kbar,opx_liq,raw,436,12.5,12.5,12.799294023967457,deep_crustal_MASH,arc_silicic
LOSO,MLP,P_kbar,opx_liq,raw,437,15.0,15.0,10.146898940456204,lithospheric_mantle,mantle_melting
LOSO,MLP,P_kbar,opx_liq,raw,438,50.0,50.0,39.974395660192855,deeper_mantle,other
LOSO,MLP,P_kbar,opx_liq,raw,439,12.999999523163,12.999999523163,16.586403380890665,deep_crustal_MASH,arc_silicic
LOSO,MLP,P_kbar,opx_liq,raw,440,10.0,10.0,9.706106610731592,deep_crustal_MASH,mantle_melting
LOSO,MLP,P_kbar,opx_liq,raw,441,15.0,15.0,16.918245183498758,lithospheric_mantle,arc_silicic
LOSO,MLP,P_kbar,opx_liq,raw,442,50.0,50.0,43.03530411403879,deeper_mantle,other
LOSO,MLP,P_kbar,opx_liq,raw,443,15.0,15.0,16.033252011072687,lithospheric_mantle,arc_silicic
LOSO,MLP,P_kbar,opx_liq,raw,444,10.0,10.0,11.094634058135535,deep_crustal_MASH,mantle_melting
LOSO,MLP,P_kbar,opx_liq,raw,445,17.5,17.5,16.71209750715553,lithospheric_mantle,arc_silicic
LOSO,MLP,P_kbar,opx_liq,raw,446,10.0,10.0,9.708894874335694,deep_crustal_MASH,mantle_melting
LOSO,MLP,P_kbar,opx_liq,raw,447,10.0,10.0,9.986734003128559,deep_crustal_MASH,mantle_melting
LOSO,MLP,P_kbar,opx_liq,raw,448,10.0,10.0,9.550209311133289,deep_crustal_MASH,mantle_melting
LOSO,MLP,P_kbar,opx_liq,raw,449,12.000000476837,12.000000476837,11.201247474469865,deep_crustal_MASH,arc_silicic
LOSO,MLP,P_kbar,opx_liq,raw,450,22.999999523163,22.999999523163,10.506459546340308,lithospheric_mantle,basalt
LOSO,MLP,P_kbar,opx_liq,raw,451,15.0,15.0,11.042139866492661,lithospheric_mantle,mantle_melting
LOSO,MLP,P_kbar,opx_liq,raw,452,18.999999761580998,18.999999761580998,17.668684350526956,lithospheric_mantle,arc_silicic
LOSO,MLP,P_kbar,opx_liq,raw,453,0.00099999997473788,0.00099999997473788,1.5191459172530475,shallow_crustal,basalt
LOSO,MLP,P_kbar,opx_liq,raw,454,2.0000000298022997,2.0000000298022997,0.1810171791033442,shallow_crustal,basalt
LOSO,MLP,P_kbar,opx_liq,raw,455,0.00099999997473788,0.00099999997473788,1.9679301529884563,shallow_crustal,basalt
LOSO,MLP,P_kbar,opx_liq,raw,456,2.0000000298022997,2.0000000298022997,1.5754487218610118,shallow_crustal,basalt
LOSO,MLP,P_kbar,opx_liq,raw,457,2.0000000298022997,2.0000000298022997,0.999799760881723,shallow_crustal,basalt
LOSO,MLP,P_kbar,opx_liq,raw,458,0.00099999997473788,0.00099999997473788,3.181387523681654,shallow_crustal,basalt
LOSO,MLP,P_kbar,opx_liq,raw,459,0.00099999997473788,0.00099999997473788,2.8780110661061253,shallow_crustal,basalt
LOSO,MLP,P_kbar,opx_liq,raw,460,0.00099999997473788,0.00099999997473788,-0.6669296534722879,shallow_crustal,basalt
LOSO,MLP,P_kbar,opx_liq,raw,461,0.00099999997473788,0.00099999997473788,0.43800714040655603,shallow_crustal,basalt
LOSO,MLP,P_kbar,opx_liq,raw,462,0.001,0.001,2.9380446804834564,shallow_crustal,partitioning
LOSO,MLP,P_kbar,opx_liq,raw,463,0.001,0.001,-0.9470647076906729,shallow_crustal,partitioning
LOSO,MLP,P_kbar,opx_liq,raw,464,0.001,0.001,4.755524900233758,shallow_crustal,partitioning
LOSO,MLP,P_kbar,opx_liq,raw,465,0.001,0.001,2.433750734528251,shallow_crustal,partitioning
LOSO,MLP,P_kbar,opx_liq,raw,466,0.001,0.001,1.5176917156837424,shallow_crustal,partitioning
LOSO,MLP,P_kbar,opx_liq,raw,467,0.001,0.001,1.7531598831276314,shallow_crustal,partitioning
LOSO,MLP,P_kbar,opx_liq,raw,468,0.001,0.001,-1.172139937130655,shallow_crustal,partitioning
LOSO,MLP,P_kbar,opx_liq,raw,469,0.001,0.001,-0.8842842537907529,shallow_crustal,partitioning
LOSO,MLP,P_kbar,opx_liq,raw,470,0.001,0.001,1.2731879382154911,shallow_crustal,partitioning
LOSO,MLP,P_kbar,opx_liq,raw,471,0.001,0.001,0.1980356615539008,shallow_crustal,partitioning
LOSO,MLP,P_kbar,opx_liq,raw,472,0.001,0.001,3.815047913012927,shallow_crustal,partitioning
LOSO,MLP,P_kbar,opx_liq,raw,473,0.001,0.001,-0.4429039197310664,shallow_crustal,partitioning
LOSO,MLP,P_kbar,opx_liq,raw,474,0.001,0.001,0.16473987279354058,shallow_crustal,partitioning
LOSO,MLP,P_kbar,opx_liq,raw,475,0.001,0.001,0.5464089322870036,shallow_crustal,partitioning
LOSO,MLP,P_kbar,opx_liq,raw,476,0.001,0.001,-1.8041795708837738,shallow_crustal,partitioning
LOSO,MLP,P_kbar,opx_liq,raw,477,0.001,0.001,1.8777702407994514,shallow_crustal,partitioning
LOSO,MLP,P_kbar,opx_liq,raw,478,0.001,0.001,-1.9464010526099382,shallow_crustal,partitioning
LOSO,MLP,P_kbar,opx_liq,raw,479,0.001,0.001,0.5720376274242802,shallow_crustal,partitioning
LOSO,MLP,P_kbar,opx_liq,raw,480,0.001,0.001,-1.2485257369280585,shallow_crustal,partitioning
LOSO,MLP,P_kbar,opx_liq,raw,481,0.001,0.001,-1.0941701980832816,shallow_crustal,partitioning
LOSO,MLP,P_kbar,opx_liq,raw,482,0.001,0.001,-0.13264272714959285,shallow_crustal,partitioning
LOSO,MLP,P_kbar,opx_liq,raw,483,0.001,0.001,-1.3710237100749534,shallow_crustal,partitioning
LOSO,MLP,P_kbar,opx_liq,raw,484,15.0,15.0,6.180326702859785,lithospheric_mantle,basalt
LOSO,MLP,P_kbar,opx_liq,raw,485,0.001,0.001,-0.701975839994885,shallow_crustal,partitioning
LOSO,MLP,P_kbar,opx_liq,raw,486,0.001,0.001,-0.588939092607804,shallow_crustal,partitioning
LOSO,MLP,P_kbar,opx_liq,raw,487,0.001,0.001,-3.1869096187348736,shallow_crustal,partitioning
LOSO,MLP,P_kbar,opx_liq,raw,488,0.001,0.001,-3.9717092535495535,shallow_crustal,partitioning
LOSO,MLP,P_kbar,opx_liq,raw,489,0.001,0.001,0.9753400754692525,shallow_crustal,partitioning
LOSO,MLP,P_kbar,opx_liq,raw,490,0.001,0.001,-1.4986348710480908,shallow_crustal,partitioning
LOSO,MLP,P_kbar,opx_liq,raw,491,0.001,0.001,-1.8817890823399293,shallow_crustal,partitioning
LOSO,MLP,P_kbar,opx_liq,raw,492,0.001,0.001,-1.6206955109578052,shallow_crustal,partitioning
LOSO,MLP,P_kbar,opx_liq,raw,493,0.001,0.001,-0.9501140482350163,shallow_crustal,partitioning
LOSO,MLP,P_kbar,opx_liq,raw,494,0.001,0.001,-2.578876179355364,shallow_crustal,partitioning
LOSO,MLP,P_kbar,opx_liq,raw,495,0.001,0.001,-1.279207672360232,shallow_crustal,partitioning
LOSO,MLP,P_kbar,opx_liq,raw,496,0.001,0.001,-3.2959431555401433,shallow_crustal,partitioning
LOSO,MLP,P_kbar,opx_liq,raw,497,12.000000476837,12.000000476837,18.41445554572435,deep_crustal_MASH,MORB
LOSO,MLP,P_kbar,opx_liq,raw,498,12.000000476837,12.000000476837,17.27549640098229,deep_crustal_MASH,MORB
LOSO,MLP,P_kbar,opx_liq,raw,499,8.0000001192093,8.0000001192093,0.3228091865953102,deep_crustal_MASH,basalt
LOSO,MLP,P_kbar,opx_liq,raw,500,12.000000476837,12.000000476837,13.851047219042098,deep_crustal_MASH,MORB
LOSO,MLP,P_kbar,opx_liq,raw,501,12.000000476837,12.000000476837,18.26363770467631,deep_crustal_MASH,MORB
LOSO,MLP,P_kbar,opx_liq,raw,502,12.000000476837,12.000000476837,18.594133308873808,deep_crustal_MASH,MORB
LOSO,MLP,P_kbar,opx_liq,raw,503,12.000000476837,12.000000476837,15.522119090248632,deep_crustal_MASH,MORB
LOSO,MLP,P_kbar,opx_liq,raw,504,13.999999761580998,13.999999761580998,12.913283207002111,deep_crustal_MASH,other
LOSO,MLP,P_kbar,opx_liq,raw,505,16.000000238419002,16.000000238419002,11.688970241546803,lithospheric_mantle,other
LOSO,MLP,P_kbar,opx_liq,raw,506,20.0,20.0,18.95299251763165,lithospheric_mantle,other
LOSO,MLP,P_kbar,opx_liq,raw,507,20.0,20.0,17.58216429670063,lithospheric_mantle,other
LOSO,MLP,P_kbar,opx_liq,raw,508,17.999999523162998,17.999999523162998,16.09333625129245,lithospheric_mantle,other
LOSO,MLP,P_kbar,opx_liq,raw,509,17.999999523162998,17.999999523162998,14.01104926393958,lithospheric_mantle,other
LOSO,MLP,P_kbar,opx_liq,raw,510,17.000000476837002,17.000000476837002,13.952006020122278,lithospheric_mantle,other
LOSO,MLP,P_kbar,opx_liq,raw,511,22.000000476837,22.000000476837,22.043330239886615,lithospheric_mantle,mantle_melting
LOSO,MLP,P_kbar,opx_liq,raw,512,22.000000476837,22.000000476837,21.74653554300651,lithospheric_mantle,mantle_melting
LOSO,MLP,P_kbar,opx_liq,raw,513,15.0,15.0,15.933491972229298,lithospheric_mantle,mantle_melting
LOSO,MLP,P_kbar,opx_liq,raw,514,12.0,12.0,14.526108123199645,deep_crustal_MASH,mantle_melting
LOSO,MLP,P_kbar,opx_liq,raw,515,12.0,12.0,14.121993604572188,deep_crustal_MASH,mantle_melting
LOSO,MLP,P_kbar,opx_liq,raw,516,25.0,25.0,25.494207671543176,lithospheric_mantle,mantle_melting
LOSO,MLP,P_kbar,opx_liq,raw,517,12.0,12.0,13.378529386209173,deep_crustal_MASH,mantle_melting
LOSO,MLP,P_kbar,opx_liq,raw,518,12.0,12.0,13.660130635977932,deep_crustal_MASH,mantle_melting
LOSO,MLP,P_kbar,opx_liq,raw,519,8.0,8.0,11.146924733947191,deep_crustal_MASH,mantle_melting
LOSO,MLP,P_kbar,opx_liq,raw,520,12.0,12.0,10.79423013858565,deep_crustal_MASH,mantle_melting
LOSO,MLP,P_kbar,opx_liq,raw,521,16.0,16.0,11.841508558454553,lithospheric_mantle,mantle_melting
LOSO,MLP,P_kbar,opx_liq,raw,522,12.0,12.0,11.600174120513145,deep_crustal_MASH,mantle_melting
LOSO,MLP,P_kbar,opx_liq,raw,523,17.999999523162998,17.999999523162998,18.441211859076315,lithospheric_mantle,other
LOSO,MLP,P_kbar,opx_liq,raw,524,17.999999523162998,17.999999523162998,19.914299802889555,lithospheric_mantle,other
LOSO,MLP,P_kbar,opx_liq,raw,525,20.0,20.0,18.77073231200519,lithospheric_mantle,other
LOSO,MLP,P_kbar,opx_liq,raw,526,20.0,20.0,17.995078134857042,lithospheric_mantle,other
LOSO,MLP,P_kbar,opx_liq,raw,527,20.0,20.0,18.256865016310435,lithospheric_mantle,other
LOSO,MLP,P_kbar,opx_liq,raw,528,20.0,20.0,16.816793850629292,lithospheric_mantle,other
LOSO,MLP,P_kbar,opx_liq,raw,529,20.0,20.0,18.214328909999214,lithospheric_mantle,other
LOSO,MLP,P_kbar,opx_liq,raw,530,16.000000238419002,16.000000238419002,14.717698894268008,lithospheric_mantle,other
LOSO,MLP,P_kbar,opx_liq,raw,531,16.000000238419002,16.000000238419002,17.265329800974715,lithospheric_mantle,other
LOSO,MLP,P_kbar,opx_liq,raw,532,12.0,12.0,14.716431134078686,deep_crustal_MASH,mantle_melting
LOSO,MLP,P_kbar,opx_liq,raw,533,12.0,12.0,13.168317445540218,deep_crustal_MASH,mantle_melting
LOSO,MLP,P_kbar,opx_liq,raw,534,12.0,12.0,14.807483831151464,deep_crustal_MASH,mantle_melting
LOSO,MLP,P_kbar,opx_liq,raw,535,12.0,12.0,12.77089361025225,deep_crustal_MASH,mantle_melting
LOSO,MLP,P_kbar,opx_liq,raw,536,8.9999997615814,8.9999997615814,3.0070288131712353,deep_crustal_MASH,MORB
LOSO,MLP,P_kbar,opx_liq,raw,537,8.9999997615814,8.9999997615814,9.604835327487795,deep_crustal_MASH,MORB
LOSO,MLP,P_kbar,opx_liq,raw,538,12.999999523163,12.999999523163,14.6822618480947,deep_crustal_MASH,MORB
LOSO,MLP,P_kbar,opx_liq,raw,539,8.9999997615814,8.9999997615814,5.391830160011338,deep_crustal_MASH,MORB
LOSO,MLP,P_kbar,opx_liq,raw,540,16.000000238419002,16.000000238419002,18.933145831240303,lithospheric_mantle,MORB
LOSO,MLP,P_kbar,opx_liq,raw,541,11.000000238419002,11.000000238419002,11.159516073937755,deep_crustal_MASH,MORB
LOSO,MLP,P_kbar,opx_liq,raw,542,16.000000238419002,16.000000238419002,20.629670544776772,lithospheric_mantle,MORB
LOSO,MLP,P_kbar,opx_liq,raw,543,16.000000238419002,16.000000238419002,18.62662198761444,lithospheric_mantle,MORB
LOSO,MLP,P_kbar,opx_liq,raw,544,12.999999523163,12.999999523163,15.876618336169027,deep_crustal_MASH,MORB
LOSO,MLP,P_kbar,opx_liq,raw,545,16.000000238419002,16.000000238419002,17.46745828923588,lithospheric_mantle,MORB
LOSO,MLP,P_kbar,opx_liq,raw,546,8.9999997615814,8.9999997615814,4.602157953048121,deep_crustal_MASH,MORB
LOSO,MLP,P_kbar,opx_liq,raw,547,24.000000953674,24.000000953674,28.105979346435067,lithospheric_mantle,MORB
LOSO,MLP,P_kbar,opx_liq,raw,548,24.000000953674,24.000000953674,25.840268497998615,lithospheric_mantle,MORB
LOSO,MLP,P_kbar,opx_liq,raw,549,13.0,13.0,13.874851065387707,deep_crustal_MASH,mantle_melting
LOSO,MLP,P_kbar,opx_liq,raw,550,15.0,15.0,9.77069050714931,lithospheric_mantle,other
LOSO,MLP,P_kbar,opx_liq,raw,551,20.0,20.0,3.0950192060694186,lithospheric_mantle,other
LOSO,MLP,P_kbar,opx_liq,raw,552,15.0,15.0,0.6452378072865053,lithospheric_mantle,other
LOSO,MLP,P_kbar,opx_liq,raw,553,10.0,10.0,9.260261300986633,deep_crustal_MASH,mantle_melting
LOSO,MLP,P_kbar,opx_liq,raw,554,10.0,10.0,13.079386420973723,deep_crustal_MASH,mantle_melting
LOSO,MLP,P_kbar,opx_liq,raw,555,10.0,10.0,6.377638449779873,deep_crustal_MASH,mantle_melting
LOSO,MLP,P_kbar,opx_liq,raw,556,10.0,10.0,9.549501912183876,deep_crustal_MASH,mantle_melting
LOSO,MLP,P_kbar,opx_liq,raw,557,10.0,10.0,7.201738664792807,deep_crustal_MASH,mantle_melting
LOSO,MLP,P_kbar,opx_liq,raw,558,10.0,10.0,9.454406013478255,deep_crustal_MASH,mantle_melting
LOSO,MLP,P_kbar,opx_liq,raw,559,10.0,10.0,8.800032014055574,deep_crustal_MASH,mantle_melting
LOSO,MLP,P_kbar,opx_liq,raw,560,10.0,10.0,12.294225215659122,deep_crustal_MASH,mantle_melting
LOSO,MLP,P_kbar,opx_liq,raw,561,10.0,10.0,13.188388065862558,deep_crustal_MASH,mantle_melting
LOSO,MLP,P_kbar,opx_liq,raw,562,10.0,10.0,11.513321008764818,deep_crustal_MASH,mantle_melting
LOSO,MLP,P_kbar,opx_liq,raw,563,30.0,30.0,37.45004516927968,deeper_mantle,other
LOSO,MLP,P_kbar,opx_liq,raw,564,30.0,30.0,40.64494574174238,deeper_mantle,other
LOSO,MLP,P_kbar,opx_liq,raw,565,30.0,30.0,38.41821492838931,deeper_mantle,other
LOSO,MLP,P_kbar,opx_liq,raw,566,30.0,30.0,33.13139880455566,deeper_mantle,other
LOSO,MLP,P_kbar,opx_liq,raw,567,30.0,30.0,29.616256443933132,deeper_mantle,other
LOSO,MLP,P_kbar,opx_liq,raw,568,10.0,10.0,10.628833704929697,deep_crustal_MASH,mantle_melting
LOSO,MLP,P_kbar,opx_liq,raw,569,10.0,10.0,11.60906426988175,deep_crustal_MASH,mantle_melting
LOSO,MLP,P_kbar,opx_liq,raw,570,12.999999523163,12.999999523163,10.78606332937457,deep_crustal_MASH,other
LOSO,MLP,P_kbar,opx_liq,raw,571,12.999999523163,12.999999523163,10.437507084521556,deep_crustal_MASH,other
LOSO,MLP,P_kbar,opx_liq,raw,572,12.999999761581499,12.999999761581499,10.872419365586243,deep_crustal_MASH,other
LOSO,MLP,P_kbar,opx_liq,raw,573,12.999999523163,12.999999523163,8.68702456475231,deep_crustal_MASH,other
LOSO,MLP,P_kbar,opx_liq,raw,574,10.0,10.0,9.519873956879454,deep_crustal_MASH,other
LOSO,MLP,P_kbar,opx_liq,raw,575,0.00099999997473788,0.00099999997473788,1.3505612639857065,shallow_crustal,other
LOSO,MLP,P_kbar,opx_liq,raw,576,6.999999880790701,6.999999880790701,6.1265096064138,deep_crustal_MASH,other
LOSO,MLP,P_kbar,opx_liq,raw,577,10.0,10.0,10.901242194739368,deep_crustal_MASH,other
LOSO,MLP,P_kbar,opx_liq,raw,578,10.0,10.0,9.105523622931077,deep_crustal_MASH,other
LOSO,MLP,P_kbar,opx_liq,raw,579,6.999999880790701,6.999999880790701,9.936783151605141,deep_crustal_MASH,other
LOSO,MLP,P_kbar,opx_liq,raw,580,27.999999523163,27.999999523163,30.42936402723544,lithospheric_mantle,MORB
LOSO,MLP,P_kbar,opx_liq,raw,581,27.999999523163,27.999999523163,28.616867064175832,lithospheric_mantle,MORB
LOSO,MLP,P_kbar,opx_liq,raw,582,27.999999523163,27.999999523163,28.834680461594676,lithospheric_mantle,MORB
LOSO,MLP,P_kbar,opx_liq,raw,583,15.0,15.0,5.668351917624078,lithospheric_mantle,mantle_melting
LOSO,MLP,P_kbar,opx_liq,raw,584,15.0,15.0,9.154514867442288,lithospheric_mantle,mantle_melting
LOSO,MLP,P_kbar,opx_liq,raw,585,20.0,20.0,10.812521723525823,lithospheric_mantle,mantle_melting
LOSO,MLP,P_kbar,opx_liq,raw,586,20.0,20.0,11.317337101469143,lithospheric_mantle,mantle_melting
LOSO,MLP,P_kbar,opx_liq,raw,587,15.0,15.0,15.60363704336026,lithospheric_mantle,mantle_melting
LOSO,MLP,P_kbar,opx_liq,raw,588,20.0,20.0,19.266596418262466,lithospheric_mantle,mantle_melting
LOSO,MLP,P_kbar,opx_liq,raw,589,20.0,20.0,11.731595495779821,lithospheric_mantle,mantle_melting
LOSO,MLP,P_kbar,opx_liq,raw,590,15.0,15.0,7.839745271987022,lithospheric_mantle,mantle_melting
LOSO,MLP,P_kbar,opx_liq,raw,591,20.0,20.0,11.08309690244779,lithospheric_mantle,mantle_melting
LOSO,MLP,P_kbar,opx_liq,raw,592,20.0,20.0,21.766654361216816,lithospheric_mantle,mantle_melting
LOSO,MLP,P_kbar,opx_liq,raw,593,20.0,20.0,13.11488912809095,lithospheric_mantle,mantle_melting
LOSO,MLP,P_kbar,opx_liq,raw,594,20.0,20.0,23.343663039688067,lithospheric_mantle,mantle_melting
LOSO,MLP,P_kbar,opx_liq,raw,595,15.0,15.0,17.818018296987994,lithospheric_mantle,mantle_melting
LOSO,MLP,P_kbar,opx_liq,raw,596,20.0,20.0,22.440803375307187,lithospheric_mantle,mantle_melting
LOSO,MLP,P_kbar,opx_liq,raw,597,0.001,0.001,9.332671110239813,shallow_crustal,other
LOSO,MLP,P_kbar,opx_liq,raw,598,0.001,0.001,10.191998226099852,shallow_crustal,other
LOSO,MLP,P_kbar,opx_liq,raw,599,0.001,0.001,6.907428484404797,shallow_crustal,other
ClusterKFold,MLP,P_kbar,opx_liq,raw,0,12.496285693092789,12.496285693092789,3.4217801907572722,deep_crustal_MASH,other
ClusterKFold,MLP,P_kbar,opx_liq,raw,1,4.9849998950958,4.9849998950958,5.47537794601444,shallow_crustal,basalt
ClusterKFold,MLP,P_kbar,opx_liq,raw,2,0.001,0.001,2.3111731616086035,shallow_crustal,other
ClusterKFold,MLP,P_kbar,opx_liq,raw,3,0.001,0.001,6.400663062497144,shallow_crustal,other
ClusterKFold,MLP,P_kbar,opx_liq,raw,4,3.0000001192093,3.0000001192093,21.971110731483456,shallow_crustal,metamorphic
ClusterKFold,MLP,P_kbar,opx_liq,raw,5,5.0,5.0,19.31894251416372,deep_crustal_MASH,metamorphic
ClusterKFold,MLP,P_kbar,opx_liq,raw,6,3.0000001192093,3.0000001192093,49.398324071558164,shallow_crustal,metamorphic
ClusterKFold,MLP,P_kbar,opx_liq,raw,7,1.0000000149012,1.0000000149012,-0.6943801279215617,shallow_crustal,arc_silicic
ClusterKFold,MLP,P_kbar,opx_liq,raw,8,1.0000000149012,1.0000000149012,7.6200414908120555,shallow_crustal,arc_silicic
ClusterKFold,MLP,P_kbar,opx_liq,raw,9,11.00000001490115,11.00000001490115,0.7791335104041689,deep_crustal_MASH,other
ClusterKFold,MLP,P_kbar,opx_liq,raw,10,6.100000236183325,6.100000236183325,24.067567434163564,deep_crustal_MASH,other
ClusterKFold,MLP,P_kbar,opx_liq,raw,11,4.8249998688698,4.8249998688698,5.684345461850011,shallow_crustal,basalt
ClusterKFold,MLP,P_kbar,opx_liq,raw,12,2.0000000298022997,2.0000000298022997,4.403502720790108,shallow_crustal,other
ClusterKFold,MLP,P_kbar,opx_liq,raw,13,0.001,0.001,4.529065327374724,shallow_crustal,other
ClusterKFold,MLP,P_kbar,opx_liq,raw,14,11.02628122898306,11.02628122898306,13.16733541654518,deep_crustal_MASH,other
ClusterKFold,MLP,P_kbar,opx_liq,raw,15,35.66666682561233,35.66666682561233,24.48363228425525,deeper_mantle,other
ClusterKFold,MLP,P_kbar,opx_liq,raw,16,0.001,0.001,10.656356976831624,shallow_crustal,other
ClusterKFold,MLP,P_kbar,opx_liq,raw,17,5.0,5.0,2.5317450829432357,deep_crustal_MASH,other
ClusterKFold,MLP,P_kbar,opx_liq,raw,18,11.119025624851448,11.119025624851448,9.099092611590866,deep_crustal_MASH,other
ClusterKFold,MLP,P_kbar,opx_liq,raw,19,8.78518178494235,8.78518178494235,9.942442946072603,deep_crustal_MASH,mantle_melting
ClusterKFold,MLP,P_kbar,opx_liq,raw,20,9.275884610137489,9.275884610137489,13.194440538055751,deep_crustal_MASH,mantle_melting
ClusterKFold,MLP,P_kbar,opx_liq,raw,21,10.399999991059305,10.399999991059305,15.552757940649117,deep_crustal_MASH,basalt
ClusterKFold,MLP,P_kbar,opx_liq,raw,22,15.0,15.0,23.574565306955925,lithospheric_mantle,mantle_melting
ClusterKFold,MLP,P_kbar,opx_liq,raw,23,12.28362969507237,12.28362969507237,17.394758628996694,deep_crustal_MASH,mantle_melting
ClusterKFold,MLP,P_kbar,opx_liq,raw,24,10.0,10.0,14.417439105394328,deep_crustal_MASH,basalt
ClusterKFold,MLP,P_kbar,opx_liq,raw,25,0.00099999997473788,0.00099999997473788,19.45893847189698,shallow_crustal,basalt
ClusterKFold,MLP,P_kbar,opx_liq,raw,26,12.56707144985703,12.56707144985703,8.543175643590862,deep_crustal_MASH,mantle_melting
ClusterKFold,MLP,P_kbar,opx_liq,raw,27,8.086285725460572,8.086285725460572,6.509925927284846,deep_crustal_MASH,basalt
ClusterKFold,MLP,P_kbar,opx_liq,raw,28,7.659611106178159,7.659611106178159,10.782568412905034,deep_crustal_MASH,basalt
ClusterKFold,MLP,P_kbar,opx_liq,raw,29,20.0,20.0,23.66302934668878,lithospheric_mantle,partitioning
ClusterKFold,MLP,P_kbar,opx_liq,raw,30,5.0,5.0,10.731708651445869,deep_crustal_MASH,metamorphic
ClusterKFold,MLP,P_kbar,opx_liq,raw,31,10.0,10.0,6.6563646072602305,deep_crustal_MASH,basalt
ClusterKFold,MLP,P_kbar,opx_liq,raw,32,30.0,30.0,32.924327880598725,deeper_mantle,mantle_melting
ClusterKFold,MLP,P_kbar,opx_liq,raw,33,30.0,30.0,23.062939406915174,deeper_mantle,mantle_melting
ClusterKFold,MLP,P_kbar,opx_liq,raw,34,7.195500025760334,7.195500025760334,2.9285590267769246,deep_crustal_MASH,basalt
ClusterKFold,MLP,P_kbar,opx_liq,raw,35,5.369384613849325,5.369384613849325,9.990258863872176,deep_crustal_MASH,arc_silicic
ClusterKFold,MLP,P_kbar,opx_liq,raw,36,30.0,30.0,38.70318250503138,deeper_mantle,partitioning
ClusterKFold,MLP,P_kbar,opx_liq,raw,37,20.0,20.0,37.01877056919568,lithospheric_mantle,basalt
ClusterKFold,MLP,P_kbar,opx_liq,raw,38,40.0,40.0,30.506407312279546,deeper_mantle,mantle_melting
ClusterKFold,MLP,P_kbar,opx_liq,raw,39,40.0,40.0,40.41691932497088,deeper_mantle,mantle_melting
ClusterKFold,MLP,P_kbar,opx_liq,raw,40,45.0,45.0,38.57584451707538,deeper_mantle,mantle_melting
ClusterKFold,MLP,P_kbar,opx_liq,raw,41,6.469000022348593,6.469000022348593,11.073275345393336,deep_crustal_MASH,mantle_melting
ClusterKFold,MLP,P_kbar,opx_liq,raw,42,7.022909071941695,7.022909071941695,15.351156609803924,deep_crustal_MASH,mantle_melting
ClusterKFold,MLP,P_kbar,opx_liq,raw,43,10.0,10.0,11.957176079709088,deep_crustal_MASH,MORB
ClusterKFold,MLP,P_kbar,opx_liq,raw,44,10.0,10.0,9.223349932316303,deep_crustal_MASH,MORB
ClusterKFold,MLP,P_kbar,opx_liq,raw,45,20.0,20.0,25.788437651046284,lithospheric_mantle,MORB
ClusterKFold,MLP,P_kbar,opx_liq,raw,46,7.87644445708062,7.87644445708062,10.595424859810429,deep_crustal_MASH,mantle_melting
ClusterKFold,MLP,P_kbar,opx_liq,raw,47,9.693111129707756,9.693111129707756,15.038756604551674,deep_crustal_MASH,arc_silicic
ClusterKFold,MLP,P_kbar,opx_liq,raw,48,10.0,10.0,10.224935294042512,deep_crustal_MASH,mantle_melting
ClusterKFold,MLP,P_kbar,opx_liq,raw,49,15.250125059604626,15.250125059604626,6.489198035051606,lithospheric_mantle,mantle_melting
ClusterKFold,MLP,P_kbar,opx_liq,raw,50,17.999999952316198,17.999999952316198,19.17143869998974,lithospheric_mantle,mantle_melting
ClusterKFold,MLP,P_kbar,opx_liq,raw,51,60.0,60.0,38.00544641271041,deeper_mantle,mantle_melting
ClusterKFold,MLP,P_kbar,opx_liq,raw,52,1.1000000126659748,1.1000000126659748,13.759852667030094,shallow_crustal,other
ClusterKFold,MLP,P_kbar,opx_liq,raw,53,0.0010132500028703,0.0010132500028703,2.0157962339378033,shallow_crustal,basalt
ClusterKFold,MLP,P_kbar,opx_liq,raw,54,0.0010132500028703,0.0010132500028703,0.25200184631105793,shallow_crustal,basalt
ClusterKFold,MLP,P_kbar,opx_liq,raw,55,0.00099999997473788,0.00099999997473788,3.2256872154368637,shallow_crustal,arc_silicic
ClusterKFold,MLP,P_kbar,opx_liq,raw,56,6.666999999991579,6.666999999991579,10.46192011330465,deep_crustal_MASH,other
ClusterKFold,MLP,P_kbar,opx_liq,raw,57,7.500499999987369,7.500499999987369,23.067922596739212,deep_crustal_MASH,other
ClusterKFold,MLP,P_kbar,opx_liq,raw,58,15.0,15.0,24.73088617076996,lithospheric_mantle,other
ClusterKFold,MLP,P_kbar,opx_liq,raw,59,7.500499999987369,7.500499999987369,13.82878339402518,deep_crustal_MASH,other
ClusterKFold,MLP,P_kbar,opx_liq,raw,60,15.0,15.0,14.477877610755705,lithospheric_mantle,other
ClusterKFold,MLP,P_kbar,opx_liq,raw,61,10.0,10.0,16.605462623446044,deep_crustal_MASH,other
ClusterKFold,MLP,P_kbar,opx_liq,raw,62,10.000333333324912,10.000333333324912,18.25827009339341,deep_crustal_MASH,other
ClusterKFold,MLP,P_kbar,opx_liq,raw,63,13.500000238418501,13.500000238418501,12.176955638247605,deep_crustal_MASH,other
ClusterKFold,MLP,P_kbar,opx_liq,raw,64,6.666999999991579,6.666999999991579,9.214049450422817,deep_crustal_MASH,other
ClusterKFold,MLP,P_kbar,opx_liq,raw,65,20.0,20.0,9.351754622577786,lithospheric_mantle,other
ClusterKFold,MLP,P_kbar,opx_liq,raw,66,15.0,15.0,23.815411645053747,lithospheric_mantle,basalt
ClusterKFold,MLP,P_kbar,opx_liq,raw,67,25.0,25.0,30.163901199007693,lithospheric_mantle,basalt
ClusterKFold,MLP,P_kbar,opx_liq,raw,68,20.0,20.0,25.943750667664062,lithospheric_mantle,basalt
ClusterKFold,MLP,P_kbar,opx_liq,raw,69,8.0,8.0,17.63088887483854,deep_crustal_MASH,basalt
ClusterKFold,MLP,P_kbar,opx_liq,raw,70,20.0,20.0,21.986583971362162,lithospheric_mantle,other
ClusterKFold,MLP,P_kbar,opx_liq,raw,71,21.0,21.0,28.85326755666227,lithospheric_mantle,other
ClusterKFold,MLP,P_kbar,opx_liq,raw,72,20.0,20.0,31.444499371963513,lithospheric_mantle,other
ClusterKFold,MLP,P_kbar,opx_liq,raw,73,21.0,21.0,19.861369029806305,lithospheric_mantle,other
ClusterKFold,MLP,P_kbar,opx_liq,raw,74,27.999999523163,27.999999523163,26.407900537153743,lithospheric_mantle,other
ClusterKFold,MLP,P_kbar,opx_liq,raw,75,38.9999997615815,38.9999997615815,37.00974845745714,deeper_mantle,other
ClusterKFold,MLP,P_kbar,opx_liq,raw,76,9.3000000715256,9.3000000715256,6.294817051385606,deep_crustal_MASH,basalt
ClusterKFold,MLP,P_kbar,opx_liq,raw,77,9.3000000715256,9.3000000715256,12.704594351915874,deep_crustal_MASH,basalt
ClusterKFold,MLP,P_kbar,opx_liq,raw,78,12.000000476837,12.000000476837,29.579840643170158,deep_crustal_MASH,other
ClusterKFold,MLP,P_kbar,opx_liq,raw,79,30.0,30.0,27.783126587540142,deeper_mantle,mantle_melting
ClusterKFold,MLP,P_kbar,opx_liq,raw,80,30.0,30.0,26.038022064232383,deeper_mantle,mantle_melting
ClusterKFold,MLP,P_kbar,opx_liq,raw,81,30.0,30.0,35.79709631413015,deeper_mantle,mantle_melting
ClusterKFold,MLP,P_kbar,opx_liq,raw,82,30.0,30.0,33.43700317509066,deeper_mantle,mantle_melting
ClusterKFold,MLP,P_kbar,opx_liq,raw,83,30.0,30.0,43.58804098639901,deeper_mantle,mantle_melting
ClusterKFold,MLP,P_kbar,opx_liq,raw,84,30.0,30.0,28.5290824137868,deeper_mantle,mantle_melting
ClusterKFold,MLP,P_kbar,opx_liq,raw,85,30.0,30.0,38.52786882501732,deeper_mantle,mantle_melting
ClusterKFold,MLP,P_kbar,opx_liq,raw,86,30.0,30.0,29.426308039752417,deeper_mantle,mantle_melting
ClusterKFold,MLP,P_kbar,opx_liq,raw,87,30.0,30.0,36.65025139983866,deeper_mantle,mantle_melting
ClusterKFold,MLP,P_kbar,opx_liq,raw,88,30.0,30.0,36.492627844119895,deeper_mantle,mantle_melting
ClusterKFold,MLP,P_kbar,opx_liq,raw,89,22.0,22.0,30.033744750954,lithospheric_mantle,basalt
ClusterKFold,MLP,P_kbar,opx_liq,raw,90,30.0,30.0,25.439161625758967,deeper_mantle,mantle_melting
ClusterKFold,MLP,P_kbar,opx_liq,raw,91,30.0,30.0,35.56494759686262,deeper_mantle,basalt
ClusterKFold,MLP,P_kbar,opx_liq,raw,92,30.0,30.0,27.852885235504615,deeper_mantle,mantle_melting
ClusterKFold,MLP,P_kbar,opx_liq,raw,93,30.0,30.0,26.284569042741893,deeper_mantle,mantle_melting
ClusterKFold,MLP,P_kbar,opx_liq,raw,94,25.0,25.0,29.317257676678686,lithospheric_mantle,basalt
ClusterKFold,MLP,P_kbar,opx_liq,raw,95,20.0,20.0,24.812030454926305,lithospheric_mantle,basalt
ClusterKFold,MLP,P_kbar,opx_liq,raw,96,8.0,8.0,12.478923889940088,deep_crustal_MASH,basalt
ClusterKFold,MLP,P_kbar,opx_liq,raw,97,30.0,30.0,34.47189184025163,deeper_mantle,basalt
ClusterKFold,MLP,P_kbar,opx_liq,raw,98,30.0,30.0,29.550115805046957,deeper_mantle,mantle_melting
ClusterKFold,MLP,P_kbar,opx_liq,raw,99,30.0,30.0,32.202179758633704,deeper_mantle,mantle_melting
ClusterKFold,MLP,P_kbar,opx_liq,raw,100,10.0,10.0,16.782303605666,deep_crustal_MASH,metamorphic
ClusterKFold,MLP,P_kbar,opx_liq,raw,101,10.0,10.0,16.243831003317,deep_crustal_MASH,metamorphic
ClusterKFold,MLP,P_kbar,opx_liq,raw,102,10.0,10.0,5.583435879327999,deep_crustal_MASH,metamorphic
ClusterKFold,MLP,P_kbar,opx_liq,raw,103,6.999999880790701,6.999999880790701,13.014093779226107,deep_crustal_MASH,metamorphic
ClusterKFold,MLP,P_kbar,opx_liq,raw,104,10.0,10.0,6.176764634499653,deep_crustal_MASH,metamorphic
ClusterKFold,MLP,P_kbar,opx_liq,raw,105,15.0,15.0,5.367403645159747,lithospheric_mantle,metamorphic
ClusterKFold,MLP,P_kbar,opx_liq,raw,106,10.0,10.0,17.957873234576553,deep_crustal_MASH,metamorphic
ClusterKFold,MLP,P_kbar,opx_liq,raw,107,6.999999880790701,6.999999880790701,13.78781736668575,deep_crustal_MASH,metamorphic
ClusterKFold,MLP,P_kbar,opx_liq,raw,108,6.999999880790701,6.999999880790701,17.002556754570875,deep_crustal_MASH,metamorphic
ClusterKFold,MLP,P_kbar,opx_liq,raw,109,12.5,12.5,14.866643044294973,deep_crustal_MASH,metamorphic
ClusterKFold,MLP,P_kbar,opx_liq,raw,110,10.0,10.0,17.016872116218394,deep_crustal_MASH,metamorphic
ClusterKFold,MLP,P_kbar,opx_liq,raw,111,10.0,10.0,17.609682027355422,deep_crustal_MASH,metamorphic
ClusterKFold,MLP,P_kbar,opx_liq,raw,112,6.999999880790701,6.999999880790701,29.75087070753196,deep_crustal_MASH,basalt
ClusterKFold,MLP,P_kbar,opx_liq,raw,113,5.0,5.0,6.711848802630488,deep_crustal_MASH,basalt
ClusterKFold,MLP,P_kbar,opx_liq,raw,114,12.000000476837,12.000000476837,7.7202681997513425,deep_crustal_MASH,basalt
ClusterKFold,MLP,P_kbar,opx_liq,raw,115,21.800000667572,21.800000667572,29.522324326142247,lithospheric_mantle,other
ClusterKFold,MLP,P_kbar,opx_liq,raw,116,12.89999961853,12.89999961853,29.298819960180918,deep_crustal_MASH,other
ClusterKFold,MLP,P_kbar,opx_liq,raw,117,27.999999523163,27.999999523163,27.08543926988516,lithospheric_mantle,other
ClusterKFold,MLP,P_kbar,opx_liq,raw,118,16.000000238419002,16.000000238419002,22.488506516140916,lithospheric_mantle,mantle_melting
ClusterKFold,MLP,P_kbar,opx_liq,raw,119,12.000000238418501,12.000000238418501,24.981263785192862,deep_crustal_MASH,mantle_melting
ClusterKFold,MLP,P_kbar,opx_liq,raw,120,11.000000238418501,11.000000238418501,26.253234157680364,deep_crustal_MASH,mantle_melting
ClusterKFold,MLP,P_kbar,opx_liq,raw,121,16.000000238419002,16.000000238419002,28.493653565744744,lithospheric_mantle,mantle_melting
ClusterKFold,MLP,P_kbar,opx_liq,raw,122,12.000000476837,12.000000476837,23.916729924331214,deep_crustal_MASH,mantle_melting
ClusterKFold,MLP,P_kbar,opx_liq,raw,123,12.000000476837,12.000000476837,20.87544088993694,deep_crustal_MASH,mantle_melting
ClusterKFold,MLP,P_kbar,opx_liq,raw,124,12.000000476837,12.000000476837,16.748655025559987,deep_crustal_MASH,mantle_melting
ClusterKFold,MLP,P_kbar,opx_liq,raw,125,12.000000238418501,12.000000238418501,18.495085424565225,deep_crustal_MASH,mantle_melting
ClusterKFold,MLP,P_kbar,opx_liq,raw,126,12.000000476837,12.000000476837,14.98191135504589,deep_crustal_MASH,mantle_melting
ClusterKFold,MLP,P_kbar,opx_liq,raw,127,12.000000476837,12.000000476837,18.147863354675263,deep_crustal_MASH,mantle_melting
ClusterKFold,MLP,P_kbar,opx_liq,raw,128,16.000000238419002,16.000000238419002,26.06947282922671,lithospheric_mantle,mantle_melting
ClusterKFold,MLP,P_kbar,opx_liq,raw,129,16.000000238419002,16.000000238419002,24.992994832253924,lithospheric_mantle,mantle_melting
ClusterKFold,MLP,P_kbar,opx_liq,raw,130,20.0,20.0,23.986303551081406,lithospheric_mantle,mantle_melting
ClusterKFold,MLP,P_kbar,opx_liq,raw,131,16.000000119209503,16.000000119209503,23.530271614708596,lithospheric_mantle,mantle_melting
ClusterKFold,MLP,P_kbar,opx_liq,raw,132,12.000000476837,12.000000476837,11.794512452904836,deep_crustal_MASH,mantle_melting
ClusterKFold,MLP,P_kbar,opx_liq,raw,133,12.000000476837,12.000000476837,12.138056322859242,deep_crustal_MASH,mantle_melting
ClusterKFold,MLP,P_kbar,opx_liq,raw,134,12.000000476837,12.000000476837,16.818984124288264,deep_crustal_MASH,mantle_melting
ClusterKFold,MLP,P_kbar,opx_liq,raw,135,16.000000119209503,16.000000119209503,28.831532201940945,lithospheric_mantle,mantle_melting
ClusterKFold,MLP,P_kbar,opx_liq,raw,136,15.0,15.0,22.131536371937774,lithospheric_mantle,basalt
ClusterKFold,MLP,P_kbar,opx_liq,raw,137,20.0,20.0,23.190114428967856,lithospheric_mantle,mantle_melting
ClusterKFold,MLP,P_kbar,opx_liq,raw,138,0.0010132500028703,0.0010132500028703,1.8721419391671792,shallow_crustal,basalt
ClusterKFold,MLP,P_kbar,opx_liq,raw,139,12.000000476837,12.000000476837,12.515363084560748,deep_crustal_MASH,mantle_melting
ClusterKFold,MLP,P_kbar,opx_liq,raw,140,12.000000476837,12.000000476837,20.154138734167944,deep_crustal_MASH,mantle_melting
ClusterKFold,MLP,P_kbar,opx_liq,raw,141,12.0,12.0,17.46738371996148,deep_crustal_MASH,basalt
ClusterKFold,MLP,P_kbar,opx_liq,raw,142,15.0,15.0,20.541298229076254,lithospheric_mantle,basalt
ClusterKFold,MLP,P_kbar,opx_liq,raw,143,17.0,17.0,22.744469490202828,lithospheric_mantle,basalt
ClusterKFold,MLP,P_kbar,opx_liq,raw,144,8.0,8.0,13.548306563589367,deep_crustal_MASH,basalt
ClusterKFold,MLP,P_kbar,opx_liq,raw,145,28.0,28.0,30.862237208073786,lithospheric_mantle,basalt
ClusterKFold,MLP,P_kbar,opx_liq,raw,146,10.0,10.0,16.208303779256475,deep_crustal_MASH,basalt
ClusterKFold,MLP,P_kbar,opx_liq,raw,147,12.000000476837,12.000000476837,14.47213613252035,deep_crustal_MASH,arc_silicic
ClusterKFold,MLP,P_kbar,opx_liq,raw,148,12.000000476837,12.000000476837,10.707744418993274,deep_crustal_MASH,arc_silicic
ClusterKFold,MLP,P_kbar,opx_liq,raw,149,12.000000476837,12.000000476837,13.923489116422584,deep_crustal_MASH,arc_silicic
ClusterKFold,MLP,P_kbar,opx_liq,raw,150,12.000000476837,12.000000476837,9.853742153053371,deep_crustal_MASH,arc_silicic
ClusterKFold,MLP,P_kbar,opx_liq,raw,151,12.000000476837,12.000000476837,14.460678811117129,deep_crustal_MASH,arc_silicic
ClusterKFold,MLP,P_kbar,opx_liq,raw,152,12.000000476837,12.000000476837,14.848422501480558,deep_crustal_MASH,arc_silicic
ClusterKFold,MLP,P_kbar,opx_liq,raw,153,12.000000476837,12.000000476837,15.357353763726666,deep_crustal_MASH,arc_silicic
ClusterKFold,MLP,P_kbar,opx_liq,raw,154,12.000000476837,12.000000476837,11.9580772546831,deep_crustal_MASH,arc_silicic
ClusterKFold,MLP,P_kbar,opx_liq,raw,155,12.000000476837,12.000000476837,7.957378794490784,deep_crustal_MASH,arc_silicic
ClusterKFold,MLP,P_kbar,opx_liq,raw,156,12.000000476837,12.000000476837,9.425453854845392,deep_crustal_MASH,arc_silicic
ClusterKFold,MLP,P_kbar,opx_liq,raw,157,0.0010132500028703,0.0010132500028703,1.475060387319918,shallow_crustal,basalt
ClusterKFold,MLP,P_kbar,opx_liq,raw,158,0.0010132500028703,0.0010132500028703,1.9476727179874218,shallow_crustal,basalt
ClusterKFold,MLP,P_kbar,opx_liq,raw,159,12.000000476837,12.000000476837,8.871853025690788,deep_crustal_MASH,arc_silicic
ClusterKFold,MLP,P_kbar,opx_liq,raw,160,12.000000476837,12.000000476837,9.020120258634307,deep_crustal_MASH,arc_silicic
ClusterKFold,MLP,P_kbar,opx_liq,raw,161,12.000000476837,12.000000476837,9.528353622080562,deep_crustal_MASH,arc_silicic
ClusterKFold,MLP,P_kbar,opx_liq,raw,162,12.000000476837,12.000000476837,5.577891770476749,deep_crustal_MASH,arc_silicic
ClusterKFold,MLP,P_kbar,opx_liq,raw,163,12.000000476837,12.000000476837,11.18614175942901,deep_crustal_MASH,arc_silicic
ClusterKFold,MLP,P_kbar,opx_liq,raw,164,12.000000476837,12.000000476837,11.34211183862356,deep_crustal_MASH,arc_silicic
ClusterKFold,MLP,P_kbar,opx_liq,raw,165,12.000000476837,12.000000476837,7.721461727627572,deep_crustal_MASH,arc_silicic
ClusterKFold,MLP,P_kbar,opx_liq,raw,166,12.000000476837,12.000000476837,12.598616006170772,deep_crustal_MASH,arc_silicic
ClusterKFold,MLP,P_kbar,opx_liq,raw,167,12.000000476837,12.000000476837,9.060498009700636,deep_crustal_MASH,arc_silicic
ClusterKFold,MLP,P_kbar,opx_liq,raw,168,20.0,20.0,29.925187583549167,lithospheric_mantle,mantle_melting
ClusterKFold,MLP,P_kbar,opx_liq,raw,169,20.0,20.0,29.30295036140445,lithospheric_mantle,mantle_melting
ClusterKFold,MLP,P_kbar,opx_liq,raw,170,20.0,20.0,26.043282538461057,lithospheric_mantle,mantle_melting
ClusterKFold,MLP,P_kbar,opx_liq,raw,171,10.0,10.0,20.18165137384587,deep_crustal_MASH,mantle_melting
ClusterKFold,MLP,P_kbar,opx_liq,raw,172,10.0,10.0,23.44303060241969,deep_crustal_MASH,mantle_melting
ClusterKFold,MLP,P_kbar,opx_liq,raw,173,10.0,10.0,17.97020133880747,deep_crustal_MASH,mantle_melting
ClusterKFold,MLP,P_kbar,opx_liq,raw,174,24.0,24.0,27.930497232866742,lithospheric_mantle,mantle_melting
ClusterKFold,MLP,P_kbar,opx_liq,raw,175,26.0,26.0,19.575134817320528,lithospheric_mantle,mantle_melting
ClusterKFold,MLP,P_kbar,opx_liq,raw,176,24.0,24.0,27.9944071748578,lithospheric_mantle,mantle_melting
ClusterKFold,MLP,P_kbar,opx_liq,raw,177,22.0,22.0,26.07215250291498,lithospheric_mantle,mantle_melting
ClusterKFold,MLP,P_kbar,opx_liq,raw,178,22.0,22.0,28.86151903026234,lithospheric_mantle,mantle_melting
ClusterKFold,MLP,P_kbar,opx_liq,raw,179,20.0,20.0,9.636901120722117,lithospheric_mantle,arc_silicic
ClusterKFold,MLP,P_kbar,opx_liq,raw,180,20.0,20.0,16.72825955297866,lithospheric_mantle,arc_silicic
ClusterKFold,MLP,P_kbar,opx_liq,raw,181,5.0,5.0,10.045117430316452,deep_crustal_MASH,arc_silicic
ClusterKFold,MLP,P_kbar,opx_liq,raw,182,2.1299999952316,2.1299999952316,6.686180375180337,shallow_crustal,arc_silicic
ClusterKFold,MLP,P_kbar,opx_liq,raw,183,10.0,10.0,9.201434389144291,deep_crustal_MASH,basalt
ClusterKFold,MLP,P_kbar,opx_liq,raw,184,12.000000476837,12.000000476837,24.068838467875416,deep_crustal_MASH,mantle_melting
ClusterKFold,MLP,P_kbar,opx_liq,raw,185,10.0,10.0,9.853941542767458,deep_crustal_MASH,arc_silicic
ClusterKFold,MLP,P_kbar,opx_liq,raw,186,10.0,10.0,10.560992161255239,deep_crustal_MASH,arc_silicic
ClusterKFold,MLP,P_kbar,opx_liq,raw,187,10.0,10.0,9.277347307636806,deep_crustal_MASH,arc_silicic
ClusterKFold,MLP,P_kbar,opx_liq,raw,188,10.0,10.0,18.014664632659457,deep_crustal_MASH,arc_silicic
ClusterKFold,MLP,P_kbar,opx_liq,raw,189,15.0,15.0,15.12060574467442,lithospheric_mantle,arc_silicic
ClusterKFold,MLP,P_kbar,opx_liq,raw,190,12.000000476837,12.000000476837,11.773481981732695,deep_crustal_MASH,arc_silicic
ClusterKFold,MLP,P_kbar,opx_liq,raw,191,15.0,15.0,23.11249997049196,lithospheric_mantle,arc_silicic
ClusterKFold,MLP,P_kbar,opx_liq,raw,192,15.0,15.0,12.121612505206592,lithospheric_mantle,other
ClusterKFold,MLP,P_kbar,opx_liq,raw,193,0.00099999997473788,0.00099999997473788,6.778113206634832,shallow_crustal,other
ClusterKFold,MLP,P_kbar,opx_liq,raw,194,10.0,10.0,13.482677423840952,deep_crustal_MASH,other
ClusterKFold,MLP,P_kbar,opx_liq,raw,195,10.0,10.0,13.80818182483011,deep_crustal_MASH,other
ClusterKFold,MLP,P_kbar,opx_liq,raw,196,10.0,10.0,20.97101880713865,deep_crustal_MASH,other
ClusterKFold,MLP,P_kbar,opx_liq,raw,197,10.0,10.0,10.229136437934296,deep_crustal_MASH,other
ClusterKFold,MLP,P_kbar,opx_liq,raw,198,10.0,10.0,12.7140391587419,deep_crustal_MASH,other
ClusterKFold,MLP,P_kbar,opx_liq,raw,199,10.0,10.0,14.314098938770849,deep_crustal_MASH,other
ClusterKFold,MLP,P_kbar,opx_liq,raw,200,10.0,10.0,9.032999108937492,deep_crustal_MASH,other
ClusterKFold,MLP,P_kbar,opx_liq,raw,201,10.0,10.0,12.04822991169346,deep_crustal_MASH,other
ClusterKFold,MLP,P_kbar,opx_liq,raw,202,10.0,10.0,11.28308483282067,deep_crustal_MASH,other
ClusterKFold,MLP,P_kbar,opx_liq,raw,203,10.0,10.0,12.224590317490803,deep_crustal_MASH,other
ClusterKFold,MLP,P_kbar,opx_liq,raw,204,10.0,10.0,7.558321695477809,deep_crustal_MASH,other
ClusterKFold,MLP,P_kbar,opx_liq,raw,205,10.0,10.0,13.400940538718237,deep_crustal_MASH,other
ClusterKFold,MLP,P_kbar,opx_liq,raw,206,10.0,10.0,9.530987213256427,deep_crustal_MASH,other
ClusterKFold,MLP,P_kbar,opx_liq,raw,207,10.0,10.0,14.332311841334622,deep_crustal_MASH,other
ClusterKFold,MLP,P_kbar,opx_liq,raw,208,20.0,20.0,19.289781721422056,lithospheric_mantle,mantle_melting
ClusterKFold,MLP,P_kbar,opx_liq,raw,209,2.5,2.5,1.8914925464226449,shallow_crustal,other
ClusterKFold,MLP,P_kbar,opx_liq,raw,210,2.5,2.5,1.940254532085492,shallow_crustal,other
ClusterKFold,MLP,P_kbar,opx_liq,raw,211,2.5,2.5,0.9776044772911664,shallow_crustal,other
ClusterKFold,MLP,P_kbar,opx_liq,raw,212,1.5000000596046001,1.5000000596046001,0.4509222292910028,shallow_crustal,other
ClusterKFold,MLP,P_kbar,opx_liq,raw,213,1.5000000596046001,1.5000000596046001,2.4772500055671984,shallow_crustal,other
ClusterKFold,MLP,P_kbar,opx_liq,raw,214,1.5000000596046001,1.5000000596046001,1.6311583031360564,shallow_crustal,other
ClusterKFold,MLP,P_kbar,opx_liq,raw,215,1.5000000596046001,1.5000000596046001,2.5169417622643686,shallow_crustal,other
ClusterKFold,MLP,P_kbar,opx_liq,raw,216,10.0,10.0,3.446530645110006,deep_crustal_MASH,other
ClusterKFold,MLP,P_kbar,opx_liq,raw,217,10.0,10.0,3.5669892753758234,deep_crustal_MASH,other
ClusterKFold,MLP,P_kbar,opx_liq,raw,218,10.0,10.0,3.789528361845394,deep_crustal_MASH,other
ClusterKFold,MLP,P_kbar,opx_liq,raw,219,10.0,10.0,6.836638026549197,deep_crustal_MASH,other
ClusterKFold,MLP,P_kbar,opx_liq,raw,220,12.5,12.5,2.9996902059632355,deep_crustal_MASH,other
ClusterKFold,MLP,P_kbar,opx_liq,raw,221,10.0,10.0,5.29166050784997,deep_crustal_MASH,other
ClusterKFold,MLP,P_kbar,opx_liq,raw,222,10.0,10.0,8.414511253378365,deep_crustal_MASH,basalt
ClusterKFold,MLP,P_kbar,opx_liq,raw,223,15.0,15.0,24.388092394548043,lithospheric_mantle,basalt
ClusterKFold,MLP,P_kbar,opx_liq,raw,224,15.0,15.0,30.80375507847579,lithospheric_mantle,basalt
ClusterKFold,MLP,P_kbar,opx_liq,raw,225,4.0479999780655005,4.0479999780655005,6.424733430565467,shallow_crustal,arc_silicic
ClusterKFold,MLP,P_kbar,opx_liq,raw,226,3.9489999413490002,3.9489999413490002,6.5596203095107155,shallow_crustal,arc_silicic
ClusterKFold,MLP,P_kbar,opx_liq,raw,227,4.2699998617172,4.2699998617172,4.588466356795695,shallow_crustal,arc_silicic
ClusterKFold,MLP,P_kbar,opx_liq,raw,228,10.0,10.0,12.57398293677621,deep_crustal_MASH,other
ClusterKFold,MLP,P_kbar,opx_liq,raw,229,11.499999761580998,11.499999761580998,16.587999608140574,deep_crustal_MASH,other
ClusterKFold,MLP,P_kbar,opx_liq,raw,230,6.999999880790701,6.999999880790701,5.342729420175757,deep_crustal_MASH,other
ClusterKFold,MLP,P_kbar,opx_liq,raw,231,20.0,20.0,23.586559504062507,lithospheric_mantle,arc_silicic
ClusterKFold,MLP,P_kbar,opx_liq,raw,232,15.0,15.0,22.84424474598491,lithospheric_mantle,arc_silicic
ClusterKFold,MLP,P_kbar,opx_liq,raw,233,15.0,15.0,21.05302960645995,lithospheric_mantle,arc_silicic
ClusterKFold,MLP,P_kbar,opx_liq,raw,234,0.0010132500028703,0.0010132500028703,1.3343729872640702,shallow_crustal,basalt
ClusterKFold,MLP,P_kbar,opx_liq,raw,235,0.0010132500028703,0.0010132500028703,-0.46855935598811593,shallow_crustal,basalt
ClusterKFold,MLP,P_kbar,opx_liq,raw,236,0.0010132500028703,0.0010132500028703,-0.5851418992475118,shallow_crustal,basalt
ClusterKFold,MLP,P_kbar,opx_liq,raw,237,0.0010132500028703,0.0010132500028703,-0.043722940957460765,shallow_crustal,basalt
ClusterKFold,MLP,P_kbar,opx_liq,raw,238,10.0,10.0,10.433486478369078,deep_crustal_MASH,mantle_melting
ClusterKFold,MLP,P_kbar,opx_liq,raw,239,10.0,10.0,11.49815875392567,deep_crustal_MASH,mantle_melting
ClusterKFold,MLP,P_kbar,opx_liq,raw,240,10.0,10.0,12.247597712684254,deep_crustal_MASH,mantle_melting
ClusterKFold,MLP,P_kbar,opx_liq,raw,241,10.0,10.0,8.806933359578231,deep_crustal_MASH,mantle_melting
ClusterKFold,MLP,P_kbar,opx_liq,raw,242,10.0,10.0,11.721918221526716,deep_crustal_MASH,mantle_melting
ClusterKFold,MLP,P_kbar,opx_liq,raw,243,10.0,10.0,9.011949754149487,deep_crustal_MASH,mantle_melting
ClusterKFold,MLP,P_kbar,opx_liq,raw,244,10.0,10.0,9.064290563955499,deep_crustal_MASH,mantle_melting
ClusterKFold,MLP,P_kbar,opx_liq,raw,245,10.0,10.0,12.248205547820552,deep_crustal_MASH,mantle_melting
ClusterKFold,MLP,P_kbar,opx_liq,raw,246,10.0,10.0,10.01740434090115,deep_crustal_MASH,mantle_melting
ClusterKFold,MLP,P_kbar,opx_liq,raw,247,10.0,10.0,6.305805474455038,deep_crustal_MASH,mantle_melting
ClusterKFold,MLP,P_kbar,opx_liq,raw,248,10.0,10.0,12.74834481222523,deep_crustal_MASH,mantle_melting
ClusterKFold,MLP,P_kbar,opx_liq,raw,249,10.0,10.0,12.480500931290733,deep_crustal_MASH,mantle_melting
ClusterKFold,MLP,P_kbar,opx_liq,raw,250,10.0,10.0,9.502094026439801,deep_crustal_MASH,arc_silicic
ClusterKFold,MLP,P_kbar,opx_liq,raw,251,20.0,20.0,30.924051965891287,lithospheric_mantle,mantle_melting
ClusterKFold,MLP,P_kbar,opx_liq,raw,252,15.0,15.0,21.77681046390491,lithospheric_mantle,mantle_melting
ClusterKFold,MLP,P_kbar,opx_liq,raw,253,15.0,15.0,22.18476016740651,lithospheric_mantle,mantle_melting
ClusterKFold,MLP,P_kbar,opx_liq,raw,254,20.0,20.0,31.726674913938528,lithospheric_mantle,mantle_melting
ClusterKFold,MLP,P_kbar,opx_liq,raw,255,20.0,20.0,34.29537518019186,lithospheric_mantle,mantle_melting
ClusterKFold,MLP,P_kbar,opx_liq,raw,256,10.0,10.0,9.001752134795975,deep_crustal_MASH,other
ClusterKFold,MLP,P_kbar,opx_liq,raw,257,0.0010132500028703,0.0010132500028703,1.82276082029753,shallow_crustal,basalt
ClusterKFold,MLP,P_kbar,opx_liq,raw,258,18.999999761580998,18.999999761580998,27.479244500045866,lithospheric_mantle,MORB
ClusterKFold,MLP,P_kbar,opx_liq,raw,259,15.0,15.0,31.611156160764583,lithospheric_mantle,MORB
ClusterKFold,MLP,P_kbar,opx_liq,raw,260,15.0,15.0,33.15088079152505,lithospheric_mantle,MORB
ClusterKFold,MLP,P_kbar,opx_liq,raw,261,15.0,15.0,25.463794446804403,lithospheric_mantle,MORB
ClusterKFold,MLP,P_kbar,opx_liq,raw,262,15.0,15.0,30.655139322076046,lithospheric_mantle,MORB
ClusterKFold,MLP,P_kbar,opx_liq,raw,263,18.999999761580998,18.999999761580998,36.39608139688733,lithospheric_mantle,MORB
ClusterKFold,MLP,P_kbar,opx_liq,raw,264,0.0010132500028703,0.0010132500028703,2.0853917640256814,shallow_crustal,basalt
ClusterKFold,MLP,P_kbar,opx_liq,raw,265,24.000000953674,24.000000953674,39.80020535796503,lithospheric_mantle,mantle_melting
ClusterKFold,MLP,P_kbar,opx_liq,raw,266,27.999999523163,27.999999523163,42.87299471700374,lithospheric_mantle,mantle_melting
ClusterKFold,MLP,P_kbar,opx_liq,raw,267,15.0,15.0,27.793571419739692,lithospheric_mantle,mantle_melting
ClusterKFold,MLP,P_kbar,opx_liq,raw,268,15.0,15.0,21.7947633591975,lithospheric_mantle,mantle_melting
ClusterKFold,MLP,P_kbar,opx_liq,raw,269,15.0,15.0,24.382753283543163,lithospheric_mantle,mantle_melting
ClusterKFold,MLP,P_kbar,opx_liq,raw,270,15.0,15.0,31.38114832281358,lithospheric_mantle,mantle_melting
ClusterKFold,MLP,P_kbar,opx_liq,raw,271,15.0,15.0,29.06374974777569,lithospheric_mantle,mantle_melting
ClusterKFold,MLP,P_kbar,opx_liq,raw,272,15.0,15.0,26.315353311040276,lithospheric_mantle,mantle_melting
ClusterKFold,MLP,P_kbar,opx_liq,raw,273,15.0,15.0,23.394329677210322,lithospheric_mantle,mantle_melting
ClusterKFold,MLP,P_kbar,opx_liq,raw,274,0.01,0.01,4.845012658090419,shallow_crustal,basalt
ClusterKFold,MLP,P_kbar,opx_liq,raw,275,0.0010132500028703,0.0010132500028703,0.2761128943346934,shallow_crustal,basalt
ClusterKFold,MLP,P_kbar,opx_liq,raw,276,5.0,5.0,10.788110880731681,deep_crustal_MASH,arc_silicic
ClusterKFold,MLP,P_kbar,opx_liq,raw,277,10.0,10.0,9.83783366926801,deep_crustal_MASH,other
ClusterKFold,MLP,P_kbar,opx_liq,raw,278,10.0,10.0,10.088462756375984,deep_crustal_MASH,other
ClusterKFold,MLP,P_kbar,opx_liq,raw,279,5.0,5.0,12.080661063602463,deep_crustal_MASH,arc_silicic
ClusterKFold,MLP,P_kbar,opx_liq,raw,280,1.0379999876022001,1.0379999876022001,12.05613479408604,shallow_crustal,arc_silicic
ClusterKFold,MLP,P_kbar,opx_liq,raw,281,1.4749999344348999,1.4749999344348999,10.210721269083963,shallow_crustal,arc_silicic
ClusterKFold,MLP,P_kbar,opx_liq,raw,282,1.8000000715256002,1.8000000715256002,14.601000866506931,shallow_crustal,arc_silicic
ClusterKFold,MLP,P_kbar,opx_liq,raw,283,1.0080000013113,1.0080000013113,7.97536707552979,shallow_crustal,arc_silicic
ClusterKFold,MLP,P_kbar,opx_liq,raw,284,0.7100000232458099,0.7100000232458099,7.470859879542697,shallow_crustal,arc_silicic
ClusterKFold,MLP,P_kbar,opx_liq,raw,285,1.0549999773502,1.0549999773502,6.741388407962018,shallow_crustal,arc_silicic
ClusterKFold,MLP,P_kbar,opx_liq,raw,286,2.1259999275208,2.1259999275208,4.91572795479686,shallow_crustal,arc_silicic
ClusterKFold,MLP,P_kbar,opx_liq,raw,287,2.1259999275208,2.1259999275208,3.0167389118241625,shallow_crustal,arc_silicic
ClusterKFold,MLP,P_kbar,opx_liq,raw,288,2.1259999275208,2.1259999275208,1.9095252734855408,shallow_crustal,arc_silicic
ClusterKFold,MLP,P_kbar,opx_liq,raw,289,3.125,3.125,3.375185586436683,shallow_crustal,arc_silicic
ClusterKFold,MLP,P_kbar,opx_liq,raw,290,1.9799999892712,1.9799999892712,6.875896430671118,shallow_crustal,arc_silicic
ClusterKFold,MLP,P_kbar,opx_liq,raw,291,1.9799999892712,1.9799999892712,9.366665247351074,shallow_crustal,arc_silicic
ClusterKFold,MLP,P_kbar,opx_liq,raw,292,28.0,28.0,39.00387023030474,lithospheric_mantle,other
ClusterKFold,MLP,P_kbar,opx_liq,raw,293,27.9999997615815,27.9999997615815,38.65957526315795,lithospheric_mantle,mantle_melting
ClusterKFold,MLP,P_kbar,opx_liq,raw,294,28.0,28.0,39.61550744159134,lithospheric_mantle,other
ClusterKFold,MLP,P_kbar,opx_liq,raw,295,32.0,32.0,40.47918668045864,deeper_mantle,other
ClusterKFold,MLP,P_kbar,opx_liq,raw,296,32.0,32.0,39.4561528458159,deeper_mantle,other
ClusterKFold,MLP,P_kbar,opx_liq,raw,297,34.0,34.0,40.92705460408009,deeper_mantle,other
ClusterKFold,MLP,P_kbar,opx_liq,raw,298,34.0,34.0,40.68463410794937,deeper_mantle,other
ClusterKFold,MLP,P_kbar,opx_liq,raw,299,28.0,28.0,39.10761233440906,lithospheric_mantle,other
ClusterKFold,MLP,P_kbar,opx_liq,raw,300,28.0,28.0,41.58715623198717,lithospheric_mantle,other
ClusterKFold,MLP,P_kbar,opx_liq,raw,301,24.0,24.0,40.79454698577469,lithospheric_mantle,other
ClusterKFold,MLP,P_kbar,opx_liq,raw,302,28.0,28.0,41.92121758687777,lithospheric_mantle,other
ClusterKFold,MLP,P_kbar,opx_liq,raw,303,15.0,15.0,27.69762331193362,lithospheric_mantle,mantle_melting
ClusterKFold,MLP,P_kbar,opx_liq,raw,304,10.0,10.0,9.041532422575125,deep_crustal_MASH,metamorphic
ClusterKFold,MLP,P_kbar,opx_liq,raw,305,30.0,30.0,13.867150318541807,deeper_mantle,other
ClusterKFold,MLP,P_kbar,opx_liq,raw,306,10.0,10.0,12.728602398514953,deep_crustal_MASH,other
ClusterKFold,MLP,P_kbar,opx_liq,raw,307,10.0,10.0,17.547381236510716,deep_crustal_MASH,other
ClusterKFold,MLP,P_kbar,opx_liq,raw,308,10.0,10.0,16.440929314200726,deep_crustal_MASH,other
ClusterKFold,MLP,P_kbar,opx_liq,raw,309,10.0,10.0,12.66469414664027,deep_crustal_MASH,other
ClusterKFold,MLP,P_kbar,opx_liq,raw,310,10.0,10.0,13.916423728553916,deep_crustal_MASH,other
ClusterKFold,MLP,P_kbar,opx_liq,raw,311,15.0,15.0,9.513850010406763,lithospheric_mantle,mantle_melting
ClusterKFold,MLP,P_kbar,opx_liq,raw,312,15.0,15.0,10.262267306472037,lithospheric_mantle,mantle_melting
ClusterKFold,MLP,P_kbar,opx_liq,raw,313,15.0,15.0,9.926536153615896,lithospheric_mantle,mantle_melting
ClusterKFold,MLP,P_kbar,opx_liq,raw,314,20.0,20.0,14.91772184558872,lithospheric_mantle,mantle_melting
ClusterKFold,MLP,P_kbar,opx_liq,raw,315,20.0,20.0,13.48485559825016,lithospheric_mantle,mantle_melting
ClusterKFold,MLP,P_kbar,opx_liq,raw,316,20.0,20.0,17.937885061460282,lithospheric_mantle,mantle_melting
ClusterKFold,MLP,P_kbar,opx_liq,raw,317,25.0,25.0,19.838135800516184,lithospheric_mantle,mantle_melting
ClusterKFold,MLP,P_kbar,opx_liq,raw,318,25.0,25.0,21.506793009257635,lithospheric_mantle,mantle_melting
ClusterKFold,MLP,P_kbar,opx_liq,raw,319,20.0,20.0,22.909246425808693,lithospheric_mantle,mantle_melting
ClusterKFold,MLP,P_kbar,opx_liq,raw,320,20.0,20.0,22.56835123252736,lithospheric_mantle,mantle_melting
ClusterKFold,MLP,P_kbar,opx_liq,raw,321,20.0,20.0,20.002322948415497,lithospheric_mantle,mantle_melting
ClusterKFold,MLP,P_kbar,opx_liq,raw,322,20.0,20.0,18.496780145888838,lithospheric_mantle,mantle_melting
ClusterKFold,MLP,P_kbar,opx_liq,raw,323,20.0,20.0,18.378282935806777,lithospheric_mantle,mantle_melting
ClusterKFold,MLP,P_kbar,opx_liq,raw,324,15.0,15.0,13.324913028866362,lithospheric_mantle,mantle_melting
ClusterKFold,MLP,P_kbar,opx_liq,raw,325,15.0,15.0,14.940996060940948,lithospheric_mantle,mantle_melting
ClusterKFold,MLP,P_kbar,opx_liq,raw,326,10.0,10.0,7.945790759488043,deep_crustal_MASH,mantle_melting
ClusterKFold,MLP,P_kbar,opx_liq,raw,327,10.0,10.0,8.499429955177035,deep_crustal_MASH,mantle_melting
ClusterKFold,MLP,P_kbar,opx_liq,raw,328,10.0,10.0,13.065725218897356,deep_crustal_MASH,mantle_melting
ClusterKFold,MLP,P_kbar,opx_liq,raw,329,10.0,10.0,5.776167131284824,deep_crustal_MASH,mantle_melting
ClusterKFold,MLP,P_kbar,opx_liq,raw,330,10.0,10.0,6.323161823592784,deep_crustal_MASH,mantle_melting
ClusterKFold,MLP,P_kbar,opx_liq,raw,331,10.0,10.0,13.46994708697862,deep_crustal_MASH,mantle_melting
ClusterKFold,MLP,P_kbar,opx_liq,raw,332,10.0,10.0,11.452229540082747,deep_crustal_MASH,mantle_melting
ClusterKFold,MLP,P_kbar,opx_liq,raw,333,10.0,10.0,12.592601533340291,deep_crustal_MASH,mantle_melting
ClusterKFold,MLP,P_kbar,opx_liq,raw,334,10.0,10.0,10.61680595760607,deep_crustal_MASH,mantle_melting
ClusterKFold,MLP,P_kbar,opx_liq,raw,335,10.0,10.0,10.949637770420397,deep_crustal_MASH,mantle_melting
ClusterKFold,MLP,P_kbar,opx_liq,raw,336,10.0,10.0,12.928947552744098,deep_crustal_MASH,mantle_melting
ClusterKFold,MLP,P_kbar,opx_liq,raw,337,10.0,10.0,12.538628466423868,deep_crustal_MASH,mantle_melting
ClusterKFold,MLP,P_kbar,opx_liq,raw,338,15.0,15.0,22.75208583642432,lithospheric_mantle,mantle_melting
ClusterKFold,MLP,P_kbar,opx_liq,raw,339,15.0,15.0,13.03860507560197,lithospheric_mantle,mantle_melting
ClusterKFold,MLP,P_kbar,opx_liq,raw,340,15.0,15.0,14.373789987741919,lithospheric_mantle,mantle_melting
ClusterKFold,MLP,P_kbar,opx_liq,raw,341,12.5,12.5,13.289010737453543,deep_crustal_MASH,mantle_melting
ClusterKFold,MLP,P_kbar,opx_liq,raw,342,15.0,15.0,14.575519863039343,lithospheric_mantle,mantle_melting
ClusterKFold,MLP,P_kbar,opx_liq,raw,343,10.0,10.0,11.114610548115378,deep_crustal_MASH,mantle_melting
ClusterKFold,MLP,P_kbar,opx_liq,raw,344,15.0,15.0,26.536109371678428,lithospheric_mantle,MORB
ClusterKFold,MLP,P_kbar,opx_liq,raw,345,15.0,15.0,23.30455299040396,lithospheric_mantle,MORB
ClusterKFold,MLP,P_kbar,opx_liq,raw,346,15.0,15.0,13.57277635418505,lithospheric_mantle,mantle_melting
ClusterKFold,MLP,P_kbar,opx_liq,raw,347,15.0,15.0,17.347097711483652,lithospheric_mantle,mantle_melting
ClusterKFold,MLP,P_kbar,opx_liq,raw,348,15.0,15.0,14.017593235887947,lithospheric_mantle,mantle_melting
ClusterKFold,MLP,P_kbar,opx_liq,raw,349,15.0,15.0,13.171722637473218,lithospheric_mantle,mantle_melting
ClusterKFold,MLP,P_kbar,opx_liq,raw,350,15.0,15.0,17.10949165367058,lithospheric_mantle,mantle_melting
ClusterKFold,MLP,P_kbar,opx_liq,raw,351,15.0,15.0,23.09094456516685,lithospheric_mantle,MORB
ClusterKFold,MLP,P_kbar,opx_liq,raw,352,10.0,10.0,16.279144470505035,deep_crustal_MASH,MORB
ClusterKFold,MLP,P_kbar,opx_liq,raw,353,10.0,10.0,12.569609523695535,deep_crustal_MASH,MORB
ClusterKFold,MLP,P_kbar,opx_liq,raw,354,15.0,15.0,18.798873296798142,lithospheric_mantle,MORB
ClusterKFold,MLP,P_kbar,opx_liq,raw,355,10.0,10.0,13.540689357698303,deep_crustal_MASH,MORB
ClusterKFold,MLP,P_kbar,opx_liq,raw,356,10.0,10.0,11.63133275135231,deep_crustal_MASH,MORB
ClusterKFold,MLP,P_kbar,opx_liq,raw,357,15.0,15.0,28.335015525862755,lithospheric_mantle,mantle_melting
ClusterKFold,MLP,P_kbar,opx_liq,raw,358,15.0,15.0,27.687413171064506,lithospheric_mantle,mantle_melting
ClusterKFold,MLP,P_kbar,opx_liq,raw,359,15.0,15.0,31.50549145697816,lithospheric_mantle,mantle_melting
ClusterKFold,MLP,P_kbar,opx_liq,raw,360,27.999999523163,27.999999523163,38.95134491636954,lithospheric_mantle,mantle_melting
ClusterKFold,MLP,P_kbar,opx_liq,raw,361,27.999999523163,27.999999523163,40.8137083240744,lithospheric_mantle,mantle_melting
ClusterKFold,MLP,P_kbar,opx_liq,raw,362,5.0,5.0,6.1645532553971645,deep_crustal_MASH,other
ClusterKFold,MLP,P_kbar,opx_liq,raw,363,12.000000476837,12.000000476837,18.070902243733688,deep_crustal_MASH,basalt
ClusterKFold,MLP,P_kbar,opx_liq,raw,364,12.000000476837,12.000000476837,21.815803580647753,deep_crustal_MASH,basalt
ClusterKFold,MLP,P_kbar,opx_liq,raw,365,12.200000286102,12.200000286102,24.43591549914434,deep_crustal_MASH,basalt
ClusterKFold,MLP,P_kbar,opx_liq,raw,366,12.599999904632998,12.599999904632998,21.2167553571065,deep_crustal_MASH,basalt
ClusterKFold,MLP,P_kbar,opx_liq,raw,367,13.799999952316,13.799999952316,23.834184101762695,deep_crustal_MASH,basalt
ClusterKFold,MLP,P_kbar,opx_liq,raw,368,7.5,7.5,15.686421168476684,deep_crustal_MASH,basalt
ClusterKFold,MLP,P_kbar,opx_liq,raw,369,20.5,20.5,23.468636641687603,lithospheric_mantle,other
ClusterKFold,MLP,P_kbar,opx_liq,raw,370,21.0,21.0,20.45653998192263,lithospheric_mantle,other
ClusterKFold,MLP,P_kbar,opx_liq,raw,371,1.9380000233649999,1.9380000233649999,8.596592112093548,shallow_crustal,arc_silicic
ClusterKFold,MLP,P_kbar,opx_liq,raw,372,1.2409999966621001,1.2409999966621001,5.786221934030877,shallow_crustal,arc_silicic
ClusterKFold,MLP,P_kbar,opx_liq,raw,373,0.52400000393391,0.52400000393391,7.859773346559509,shallow_crustal,arc_silicic
ClusterKFold,MLP,P_kbar,opx_liq,raw,374,3.0140000581741,3.0140000581741,7.660765795554902,shallow_crustal,arc_silicic
ClusterKFold,MLP,P_kbar,opx_liq,raw,375,1.0689999908209,1.0689999908209,7.960381355265847,shallow_crustal,arc_silicic
ClusterKFold,MLP,P_kbar,opx_liq,raw,376,1.7100000381470002,1.7100000381470002,7.519579629300025,shallow_crustal,arc_silicic
ClusterKFold,MLP,P_kbar,opx_liq,raw,377,1.5929999947548,1.5929999947548,5.0394647586955905,shallow_crustal,arc_silicic
ClusterKFold,MLP,P_kbar,opx_liq,raw,378,1.5520000457764,1.5520000457764,7.176683396292248,shallow_crustal,arc_silicic
ClusterKFold,MLP,P_kbar,opx_liq,raw,379,0.59000000357628,0.59000000357628,5.268676929424027,shallow_crustal,arc_silicic
ClusterKFold,MLP,P_kbar,opx_liq,raw,380,2.0000000298022997,2.0000000298022997,8.116310020072714,shallow_crustal,arc_silicic
ClusterKFold,MLP,P_kbar,opx_liq,raw,381,0.97999997437,0.97999997437,7.539908122367867,shallow_crustal,arc_silicic
ClusterKFold,MLP,P_kbar,opx_liq,raw,382,2.9199999570847,2.9199999570847,9.52206433824366,shallow_crustal,arc_silicic
ClusterKFold,MLP,P_kbar,opx_liq,raw,383,1.0000000149012,1.0000000149012,5.755639250130012,shallow_crustal,arc_silicic
ClusterKFold,MLP,P_kbar,opx_liq,raw,384,1.5000000596046001,1.5000000596046001,5.6194004477942965,shallow_crustal,arc_silicic
ClusterKFold,MLP,P_kbar,opx_liq,raw,385,2.1170000731945,2.1170000731945,6.350610950528771,shallow_crustal,arc_silicic
ClusterKFold,MLP,P_kbar,opx_liq,raw,386,0.93800000846386,0.93800000846386,4.980184722305082,shallow_crustal,arc_silicic
ClusterKFold,MLP,P_kbar,opx_liq,raw,387,1.1720000207424,1.1720000207424,6.73967438959736,shallow_crustal,arc_silicic
ClusterKFold,MLP,P_kbar,opx_liq,raw,388,10.0,10.0,13.663525190002519,deep_crustal_MASH,arc_silicic
ClusterKFold,MLP,P_kbar,opx_liq,raw,389,10.0,10.0,15.820569746714982,deep_crustal_MASH,arc_silicic
ClusterKFold,MLP,P_kbar,opx_liq,raw,390,20.0,20.0,12.423222908836516,lithospheric_mantle,arc_silicic
ClusterKFold,MLP,P_kbar,opx_liq,raw,391,20.0,20.0,24.129381456769437,lithospheric_mantle,arc_silicic
ClusterKFold,MLP,P_kbar,opx_liq,raw,392,20.0,20.0,23.502042370360545,lithospheric_mantle,arc_silicic
ClusterKFold,MLP,P_kbar,opx_liq,raw,393,0.001,0.001,8.865015135474334,shallow_crustal,partitioning
ClusterKFold,MLP,P_kbar,opx_liq,raw,394,0.001,0.001,4.813620939638398,shallow_crustal,partitioning
ClusterKFold,MLP,P_kbar,opx_liq,raw,395,0.001,0.001,9.443208281490108,shallow_crustal,partitioning
ClusterKFold,MLP,P_kbar,opx_liq,raw,396,0.001,0.001,7.126297163045479,shallow_crustal,partitioning
ClusterKFold,MLP,P_kbar,opx_liq,raw,397,0.001,0.001,10.901639263834795,shallow_crustal,partitioning
ClusterKFold,MLP,P_kbar,opx_liq,raw,398,0.001,0.001,2.5102450198139628,shallow_crustal,partitioning
ClusterKFold,MLP,P_kbar,opx_liq,raw,399,0.001,0.001,10.113350747929367,shallow_crustal,partitioning
ClusterKFold,MLP,P_kbar,opx_liq,raw,400,0.001,0.001,10.406013406546766,shallow_crustal,partitioning
ClusterKFold,MLP,P_kbar,opx_liq,raw,401,0.001,0.001,8.662374179677062,shallow_crustal,partitioning
ClusterKFold,MLP,P_kbar,opx_liq,raw,402,0.001,0.001,8.576230226220313,shallow_crustal,partitioning
ClusterKFold,MLP,P_kbar,opx_liq,raw,403,0.001,0.001,7.279197690634509,shallow_crustal,partitioning
ClusterKFold,MLP,P_kbar,opx_liq,raw,404,0.001,0.001,6.949714999404139,shallow_crustal,partitioning
ClusterKFold,MLP,P_kbar,opx_liq,raw,405,0.001,0.001,1.685495800199012,shallow_crustal,partitioning
ClusterKFold,MLP,P_kbar,opx_liq,raw,406,0.001,0.001,0.47707029926310357,shallow_crustal,partitioning
ClusterKFold,MLP,P_kbar,opx_liq,raw,407,0.001,0.001,1.197204609907497,shallow_crustal,partitioning
ClusterKFold,MLP,P_kbar,opx_liq,raw,408,0.001,0.001,0.2554579253872645,shallow_crustal,partitioning
ClusterKFold,MLP,P_kbar,opx_liq,raw,409,0.001,0.001,1.1543674575199474,shallow_crustal,partitioning
ClusterKFold,MLP,P_kbar,opx_liq,raw,410,0.001,0.001,-0.5677397945851794,shallow_crustal,partitioning
ClusterKFold,MLP,P_kbar,opx_liq,raw,411,0.001,0.001,0.37836804283449516,shallow_crustal,partitioning
ClusterKFold,MLP,P_kbar,opx_liq,raw,412,0.001,0.001,-0.8396544357506008,shallow_crustal,partitioning
ClusterKFold,MLP,P_kbar,opx_liq,raw,413,0.001,0.001,0.39908373731354546,shallow_crustal,partitioning
ClusterKFold,MLP,P_kbar,opx_liq,raw,414,0.001,0.001,-0.4383870621304515,shallow_crustal,partitioning
ClusterKFold,MLP,P_kbar,opx_liq,raw,415,10.0,10.0,11.11000842782153,deep_crustal_MASH,mantle_melting
ClusterKFold,MLP,P_kbar,opx_liq,raw,416,10.0,10.0,10.98850081200352,deep_crustal_MASH,mantle_melting
ClusterKFold,MLP,P_kbar,opx_liq,raw,417,10.0,10.0,16.055672852984962,deep_crustal_MASH,mantle_melting
ClusterKFold,MLP,P_kbar,opx_liq,raw,418,10.0,10.0,15.568515504488262,deep_crustal_MASH,mantle_melting
ClusterKFold,MLP,P_kbar,opx_liq,raw,419,10.0,10.0,13.392776870305998,deep_crustal_MASH,mantle_melting
ClusterKFold,MLP,P_kbar,opx_liq,raw,420,10.0,10.0,8.990166662245787,deep_crustal_MASH,mantle_melting
ClusterKFold,MLP,P_kbar,opx_liq,raw,421,10.0,10.0,12.366086178745224,deep_crustal_MASH,mantle_melting
ClusterKFold,MLP,P_kbar,opx_liq,raw,422,10.0,10.0,10.812958545898475,deep_crustal_MASH,mantle_melting
ClusterKFold,MLP,P_kbar,opx_liq,raw,423,10.0,10.0,13.810782115576256,deep_crustal_MASH,mantle_melting
ClusterKFold,MLP,P_kbar,opx_liq,raw,424,10.0,10.0,13.4681764538412,deep_crustal_MASH,mantle_melting
ClusterKFold,MLP,P_kbar,opx_liq,raw,425,50.0,50.0,30.43775649500959,deeper_mantle,partitioning
ClusterKFold,MLP,P_kbar,opx_liq,raw,426,5.0199997425079,5.0199997425079,7.9163428545348955,deep_crustal_MASH,basalt
ClusterKFold,MLP,P_kbar,opx_liq,raw,427,5.0199997425079,5.0199997425079,7.056700431335691,deep_crustal_MASH,basalt
ClusterKFold,MLP,P_kbar,opx_liq,raw,428,5.0169998407364,5.0169998407364,8.674810440492008,deep_crustal_MASH,basalt
ClusterKFold,MLP,P_kbar,opx_liq,raw,429,10.0,10.0,22.106019802922816,deep_crustal_MASH,arc_silicic
ClusterKFold,MLP,P_kbar,opx_liq,raw,430,15.0,15.0,16.581671186420095,lithospheric_mantle,arc_silicic
ClusterKFold,MLP,P_kbar,opx_liq,raw,431,17.5,17.5,22.774504184650713,lithospheric_mantle,arc_silicic
ClusterKFold,MLP,P_kbar,opx_liq,raw,432,46.9999990463255,46.9999990463255,54.97372399835827,deeper_mantle,other
ClusterKFold,MLP,P_kbar,opx_liq,raw,433,10.0,10.0,12.809417215922343,deep_crustal_MASH,mantle_melting
ClusterKFold,MLP,P_kbar,opx_liq,raw,434,17.5,17.5,23.54905948973823,lithospheric_mantle,arc_silicic
ClusterKFold,MLP,P_kbar,opx_liq,raw,435,27.75024994039535,27.75024994039535,53.377057648589876,lithospheric_mantle,other
ClusterKFold,MLP,P_kbar,opx_liq,raw,436,12.5,12.5,22.049497363606676,deep_crustal_MASH,arc_silicic
ClusterKFold,MLP,P_kbar,opx_liq,raw,437,15.0,15.0,8.421696610131763,lithospheric_mantle,mantle_melting
ClusterKFold,MLP,P_kbar,opx_liq,raw,438,50.0,50.0,46.842012324392314,deeper_mantle,other
ClusterKFold,MLP,P_kbar,opx_liq,raw,439,12.999999523163,12.999999523163,26.848852196692377,deep_crustal_MASH,arc_silicic
ClusterKFold,MLP,P_kbar,opx_liq,raw,440,10.0,10.0,10.444719473497834,deep_crustal_MASH,mantle_melting
ClusterKFold,MLP,P_kbar,opx_liq,raw,441,15.0,15.0,28.308933782935163,lithospheric_mantle,arc_silicic
ClusterKFold,MLP,P_kbar,opx_liq,raw,442,50.0,50.0,49.95158475964433,deeper_mantle,other
ClusterKFold,MLP,P_kbar,opx_liq,raw,443,15.0,15.0,24.767319209738893,lithospheric_mantle,arc_silicic
ClusterKFold,MLP,P_kbar,opx_liq,raw,444,10.0,10.0,9.26565284701345,deep_crustal_MASH,mantle_melting
ClusterKFold,MLP,P_kbar,opx_liq,raw,445,17.5,17.5,28.45542446316372,lithospheric_mantle,arc_silicic
ClusterKFold,MLP,P_kbar,opx_liq,raw,446,10.0,10.0,7.523205449570038,deep_crustal_MASH,mantle_melting
ClusterKFold,MLP,P_kbar,opx_liq,raw,447,10.0,10.0,9.948436676547143,deep_crustal_MASH,mantle_melting
ClusterKFold,MLP,P_kbar,opx_liq,raw,448,10.0,10.0,13.790022834106162,deep_crustal_MASH,mantle_melting
ClusterKFold,MLP,P_kbar,opx_liq,raw,449,12.000000476837,12.000000476837,20.852174372075282,deep_crustal_MASH,arc_silicic
ClusterKFold,MLP,P_kbar,opx_liq,raw,450,22.999999523163,22.999999523163,11.388963944617386,lithospheric_mantle,basalt
ClusterKFold,MLP,P_kbar,opx_liq,raw,451,15.0,15.0,9.090861339632221,lithospheric_mantle,mantle_melting
ClusterKFold,MLP,P_kbar,opx_liq,raw,452,18.999999761580998,18.999999761580998,27.09299566078971,lithospheric_mantle,arc_silicic
ClusterKFold,MLP,P_kbar,opx_liq,raw,453,0.00099999997473788,0.00099999997473788,10.744652619009484,shallow_crustal,basalt
ClusterKFold,MLP,P_kbar,opx_liq,raw,454,2.0000000298022997,2.0000000298022997,6.72850951333894,shallow_crustal,basalt
ClusterKFold,MLP,P_kbar,opx_liq,raw,455,0.00099999997473788,0.00099999997473788,8.919378091844955,shallow_crustal,basalt
ClusterKFold,MLP,P_kbar,opx_liq,raw,456,2.0000000298022997,2.0000000298022997,9.49061260568482,shallow_crustal,basalt
ClusterKFold,MLP,P_kbar,opx_liq,raw,457,2.0000000298022997,2.0000000298022997,7.934442255765013,shallow_crustal,basalt
ClusterKFold,MLP,P_kbar,opx_liq,raw,458,0.00099999997473788,0.00099999997473788,5.934616097996313,shallow_crustal,basalt
ClusterKFold,MLP,P_kbar,opx_liq,raw,459,0.00099999997473788,0.00099999997473788,3.254772503994122,shallow_crustal,basalt
ClusterKFold,MLP,P_kbar,opx_liq,raw,460,0.00099999997473788,0.00099999997473788,4.820374407952231,shallow_crustal,basalt
ClusterKFold,MLP,P_kbar,opx_liq,raw,461,0.00099999997473788,0.00099999997473788,6.6490192030774775,shallow_crustal,basalt
ClusterKFold,MLP,P_kbar,opx_liq,raw,462,0.001,0.001,2.653110651005825,shallow_crustal,partitioning
ClusterKFold,MLP,P_kbar,opx_liq,raw,463,0.001,0.001,0.13480223296417548,shallow_crustal,partitioning
ClusterKFold,MLP,P_kbar,opx_liq,raw,464,0.001,0.001,4.019592758550966,shallow_crustal,partitioning
ClusterKFold,MLP,P_kbar,opx_liq,raw,465,0.001,0.001,3.8806595675105875,shallow_crustal,partitioning
ClusterKFold,MLP,P_kbar,opx_liq,raw,466,0.001,0.001,1.1508182515458127,shallow_crustal,partitioning
ClusterKFold,MLP,P_kbar,opx_liq,raw,467,0.001,0.001,1.517063349033426,shallow_crustal,partitioning
ClusterKFold,MLP,P_kbar,opx_liq,raw,468,0.001,0.001,0.32969775917543387,shallow_crustal,partitioning
ClusterKFold,MLP,P_kbar,opx_liq,raw,469,0.001,0.001,0.30426078025604253,shallow_crustal,partitioning
ClusterKFold,MLP,P_kbar,opx_liq,raw,470,0.001,0.001,1.2547062046601143,shallow_crustal,partitioning
ClusterKFold,MLP,P_kbar,opx_liq,raw,471,0.001,0.001,1.4325673870183122,shallow_crustal,partitioning
ClusterKFold,MLP,P_kbar,opx_liq,raw,472,0.001,0.001,3.030307553980987,shallow_crustal,partitioning
ClusterKFold,MLP,P_kbar,opx_liq,raw,473,0.001,0.001,0.0701636730150107,shallow_crustal,partitioning
ClusterKFold,MLP,P_kbar,opx_liq,raw,474,0.001,0.001,0.8123511621859459,shallow_crustal,partitioning
ClusterKFold,MLP,P_kbar,opx_liq,raw,475,0.001,0.001,-0.8190604458307104,shallow_crustal,partitioning
ClusterKFold,MLP,P_kbar,opx_liq,raw,476,0.001,0.001,0.40051552200806195,shallow_crustal,partitioning
ClusterKFold,MLP,P_kbar,opx_liq,raw,477,0.001,0.001,3.4078557019390665,shallow_crustal,partitioning
ClusterKFold,MLP,P_kbar,opx_liq,raw,478,0.001,0.001,-1.2628455465401895,shallow_crustal,partitioning
ClusterKFold,MLP,P_kbar,opx_liq,raw,479,0.001,0.001,3.060664266903568,shallow_crustal,partitioning
ClusterKFold,MLP,P_kbar,opx_liq,raw,480,0.001,0.001,1.401543704907239,shallow_crustal,partitioning
ClusterKFold,MLP,P_kbar,opx_liq,raw,481,0.001,0.001,-0.3216205267311346,shallow_crustal,partitioning
ClusterKFold,MLP,P_kbar,opx_liq,raw,482,0.001,0.001,0.3061312915026225,shallow_crustal,partitioning
ClusterKFold,MLP,P_kbar,opx_liq,raw,483,0.001,0.001,1.0491905647613162,shallow_crustal,partitioning
ClusterKFold,MLP,P_kbar,opx_liq,raw,484,15.0,15.0,10.327675499419666,lithospheric_mantle,basalt
ClusterKFold,MLP,P_kbar,opx_liq,raw,485,0.001,0.001,1.236425521645369,shallow_crustal,partitioning
ClusterKFold,MLP,P_kbar,opx_liq,raw,486,0.001,0.001,-0.22132415852342702,shallow_crustal,partitioning
ClusterKFold,MLP,P_kbar,opx_liq,raw,487,0.001,0.001,1.2109667942114513,shallow_crustal,partitioning
ClusterKFold,MLP,P_kbar,opx_liq,raw,488,0.001,0.001,0.035189792632665085,shallow_crustal,partitioning
ClusterKFold,MLP,P_kbar,opx_liq,raw,489,0.001,0.001,0.07848026341381409,shallow_crustal,partitioning
ClusterKFold,MLP,P_kbar,opx_liq,raw,490,0.001,0.001,1.0650826166507015,shallow_crustal,partitioning
ClusterKFold,MLP,P_kbar,opx_liq,raw,491,0.001,0.001,-1.5196167406225074,shallow_crustal,partitioning
ClusterKFold,MLP,P_kbar,opx_liq,raw,492,0.001,0.001,2.15483499806387,shallow_crustal,partitioning
ClusterKFold,MLP,P_kbar,opx_liq,raw,493,0.001,0.001,1.2435528783771714,shallow_crustal,partitioning
ClusterKFold,MLP,P_kbar,opx_liq,raw,494,0.001,0.001,-0.478837402905227,shallow_crustal,partitioning
ClusterKFold,MLP,P_kbar,opx_liq,raw,495,0.001,0.001,-0.2281671986312942,shallow_crustal,partitioning
ClusterKFold,MLP,P_kbar,opx_liq,raw,496,0.001,0.001,0.6610226488954359,shallow_crustal,partitioning
ClusterKFold,MLP,P_kbar,opx_liq,raw,497,12.000000476837,12.000000476837,26.348734632356056,deep_crustal_MASH,MORB
ClusterKFold,MLP,P_kbar,opx_liq,raw,498,12.000000476837,12.000000476837,25.820336264689256,deep_crustal_MASH,MORB
ClusterKFold,MLP,P_kbar,opx_liq,raw,499,8.0000001192093,8.0000001192093,3.7722607601128484,deep_crustal_MASH,basalt
ClusterKFold,MLP,P_kbar,opx_liq,raw,500,12.000000476837,12.000000476837,21.18200211187698,deep_crustal_MASH,MORB
ClusterKFold,MLP,P_kbar,opx_liq,raw,501,12.000000476837,12.000000476837,30.254018611733258,deep_crustal_MASH,MORB
ClusterKFold,MLP,P_kbar,opx_liq,raw,502,12.000000476837,12.000000476837,30.654333429682247,deep_crustal_MASH,MORB
ClusterKFold,MLP,P_kbar,opx_liq,raw,503,12.000000476837,12.000000476837,27.622957908055668,deep_crustal_MASH,MORB
ClusterKFold,MLP,P_kbar,opx_liq,raw,504,13.999999761580998,13.999999761580998,19.070635323798953,deep_crustal_MASH,other
ClusterKFold,MLP,P_kbar,opx_liq,raw,505,16.000000238419002,16.000000238419002,16.559863984515037,lithospheric_mantle,other
ClusterKFold,MLP,P_kbar,opx_liq,raw,506,20.0,20.0,22.748327665630782,lithospheric_mantle,other
ClusterKFold,MLP,P_kbar,opx_liq,raw,507,20.0,20.0,22.999965358014066,lithospheric_mantle,other
ClusterKFold,MLP,P_kbar,opx_liq,raw,508,17.999999523162998,17.999999523162998,22.142761894536733,lithospheric_mantle,other
ClusterKFold,MLP,P_kbar,opx_liq,raw,509,17.999999523162998,17.999999523162998,17.73749438027661,lithospheric_mantle,other
ClusterKFold,MLP,P_kbar,opx_liq,raw,510,17.000000476837002,17.000000476837002,13.850989959443655,lithospheric_mantle,other
ClusterKFold,MLP,P_kbar,opx_liq,raw,511,22.000000476837,22.000000476837,17.26853154306816,lithospheric_mantle,mantle_melting
ClusterKFold,MLP,P_kbar,opx_liq,raw,512,22.000000476837,22.000000476837,16.23049430455363,lithospheric_mantle,mantle_melting
ClusterKFold,MLP,P_kbar,opx_liq,raw,513,15.0,15.0,9.193661934635603,lithospheric_mantle,mantle_melting
ClusterKFold,MLP,P_kbar,opx_liq,raw,514,12.0,12.0,27.329432553654165,deep_crustal_MASH,mantle_melting
ClusterKFold,MLP,P_kbar,opx_liq,raw,515,12.0,12.0,25.58846335669233,deep_crustal_MASH,mantle_melting
ClusterKFold,MLP,P_kbar,opx_liq,raw,516,25.0,25.0,37.254917611693735,lithospheric_mantle,mantle_melting
ClusterKFold,MLP,P_kbar,opx_liq,raw,517,12.0,12.0,20.64553677260305,deep_crustal_MASH,mantle_melting
ClusterKFold,MLP,P_kbar,opx_liq,raw,518,12.0,12.0,20.3591602183224,deep_crustal_MASH,mantle_melting
ClusterKFold,MLP,P_kbar,opx_liq,raw,519,8.0,8.0,12.981279421115383,deep_crustal_MASH,mantle_melting
ClusterKFold,MLP,P_kbar,opx_liq,raw,520,12.0,12.0,16.21224328957919,deep_crustal_MASH,mantle_melting
ClusterKFold,MLP,P_kbar,opx_liq,raw,521,16.0,16.0,18.496563317935166,lithospheric_mantle,mantle_melting
ClusterKFold,MLP,P_kbar,opx_liq,raw,522,12.0,12.0,17.383603988708202,deep_crustal_MASH,mantle_melting
ClusterKFold,MLP,P_kbar,opx_liq,raw,523,17.999999523162998,17.999999523162998,24.138095003128107,lithospheric_mantle,other
ClusterKFold,MLP,P_kbar,opx_liq,raw,524,17.999999523162998,17.999999523162998,26.90361978986119,lithospheric_mantle,other
ClusterKFold,MLP,P_kbar,opx_liq,raw,525,20.0,20.0,27.544461475235494,lithospheric_mantle,other
ClusterKFold,MLP,P_kbar,opx_liq,raw,526,20.0,20.0,29.877518485829583,lithospheric_mantle,other
ClusterKFold,MLP,P_kbar,opx_liq,raw,527,20.0,20.0,25.73304582728729,lithospheric_mantle,other
ClusterKFold,MLP,P_kbar,opx_liq,raw,528,20.0,20.0,27.047917465322705,lithospheric_mantle,other
ClusterKFold,MLP,P_kbar,opx_liq,raw,529,20.0,20.0,24.122822537717052,lithospheric_mantle,other
ClusterKFold,MLP,P_kbar,opx_liq,raw,530,16.000000238419002,16.000000238419002,19.56169460600861,lithospheric_mantle,other
ClusterKFold,MLP,P_kbar,opx_liq,raw,531,16.000000238419002,16.000000238419002,23.579953173616936,lithospheric_mantle,other
ClusterKFold,MLP,P_kbar,opx_liq,raw,532,12.0,12.0,21.073988895109924,deep_crustal_MASH,mantle_melting
ClusterKFold,MLP,P_kbar,opx_liq,raw,533,12.0,12.0,19.355048016956637,deep_crustal_MASH,mantle_melting
ClusterKFold,MLP,P_kbar,opx_liq,raw,534,12.0,12.0,26.202606251533915,deep_crustal_MASH,mantle_melting
ClusterKFold,MLP,P_kbar,opx_liq,raw,535,12.0,12.0,16.80697722989339,deep_crustal_MASH,mantle_melting
ClusterKFold,MLP,P_kbar,opx_liq,raw,536,8.9999997615814,8.9999997615814,6.407858635241154,deep_crustal_MASH,MORB
ClusterKFold,MLP,P_kbar,opx_liq,raw,537,8.9999997615814,8.9999997615814,9.950668734133163,deep_crustal_MASH,MORB
ClusterKFold,MLP,P_kbar,opx_liq,raw,538,12.999999523163,12.999999523163,25.053924901222924,deep_crustal_MASH,MORB
ClusterKFold,MLP,P_kbar,opx_liq,raw,539,8.9999997615814,8.9999997615814,6.345430530147073,deep_crustal_MASH,MORB
ClusterKFold,MLP,P_kbar,opx_liq,raw,540,16.000000238419002,16.000000238419002,26.686661870598673,lithospheric_mantle,MORB
ClusterKFold,MLP,P_kbar,opx_liq,raw,541,11.000000238419002,11.000000238419002,18.879835141439948,deep_crustal_MASH,MORB
ClusterKFold,MLP,P_kbar,opx_liq,raw,542,16.000000238419002,16.000000238419002,31.425089786525664,lithospheric_mantle,MORB
ClusterKFold,MLP,P_kbar,opx_liq,raw,543,16.000000238419002,16.000000238419002,27.503381498127922,lithospheric_mantle,MORB
ClusterKFold,MLP,P_kbar,opx_liq,raw,544,12.999999523163,12.999999523163,25.794882239507498,deep_crustal_MASH,MORB
ClusterKFold,MLP,P_kbar,opx_liq,raw,545,16.000000238419002,16.000000238419002,28.22332303317257,lithospheric_mantle,MORB
ClusterKFold,MLP,P_kbar,opx_liq,raw,546,8.9999997615814,8.9999997615814,8.16430489298828,deep_crustal_MASH,MORB
ClusterKFold,MLP,P_kbar,opx_liq,raw,547,24.000000953674,24.000000953674,27.917217714780342,lithospheric_mantle,MORB
ClusterKFold,MLP,P_kbar,opx_liq,raw,548,24.000000953674,24.000000953674,28.62773707874126,lithospheric_mantle,MORB
ClusterKFold,MLP,P_kbar,opx_liq,raw,549,13.0,13.0,24.533300602959685,deep_crustal_MASH,mantle_melting
ClusterKFold,MLP,P_kbar,opx_liq,raw,550,15.0,15.0,19.571968190768324,lithospheric_mantle,other
ClusterKFold,MLP,P_kbar,opx_liq,raw,551,20.0,20.0,14.394189165050015,lithospheric_mantle,other
ClusterKFold,MLP,P_kbar,opx_liq,raw,552,15.0,15.0,8.010541562721423,lithospheric_mantle,other
ClusterKFold,MLP,P_kbar,opx_liq,raw,553,10.0,10.0,11.191104822171786,deep_crustal_MASH,mantle_melting
ClusterKFold,MLP,P_kbar,opx_liq,raw,554,10.0,10.0,14.478539980816667,deep_crustal_MASH,mantle_melting
ClusterKFold,MLP,P_kbar,opx_liq,raw,555,10.0,10.0,6.263516611122122,deep_crustal_MASH,mantle_melting
ClusterKFold,MLP,P_kbar,opx_liq,raw,556,10.0,10.0,9.363292843386544,deep_crustal_MASH,mantle_melting
ClusterKFold,MLP,P_kbar,opx_liq,raw,557,10.0,10.0,8.47552041976807,deep_crustal_MASH,mantle_melting
ClusterKFold,MLP,P_kbar,opx_liq,raw,558,10.0,10.0,9.208650770121423,deep_crustal_MASH,mantle_melting
ClusterKFold,MLP,P_kbar,opx_liq,raw,559,10.0,10.0,9.800365199181885,deep_crustal_MASH,mantle_melting
ClusterKFold,MLP,P_kbar,opx_liq,raw,560,10.0,10.0,13.210419707558579,deep_crustal_MASH,mantle_melting
ClusterKFold,MLP,P_kbar,opx_liq,raw,561,10.0,10.0,14.45834221794531,deep_crustal_MASH,mantle_melting
ClusterKFold,MLP,P_kbar,opx_liq,raw,562,10.0,10.0,12.378004988790357,deep_crustal_MASH,mantle_melting
ClusterKFold,MLP,P_kbar,opx_liq,raw,563,30.0,30.0,27.044454020463238,deeper_mantle,other
ClusterKFold,MLP,P_kbar,opx_liq,raw,564,30.0,30.0,29.347280923765528,deeper_mantle,other
ClusterKFold,MLP,P_kbar,opx_liq,raw,565,30.0,30.0,28.344748729470666,deeper_mantle,other
ClusterKFold,MLP,P_kbar,opx_liq,raw,566,30.0,30.0,28.316031331534845,deeper_mantle,other
ClusterKFold,MLP,P_kbar,opx_liq,raw,567,30.0,30.0,28.41649385773369,deeper_mantle,other
ClusterKFold,MLP,P_kbar,opx_liq,raw,568,10.0,10.0,13.297923811654158,deep_crustal_MASH,mantle_melting
ClusterKFold,MLP,P_kbar,opx_liq,raw,569,10.0,10.0,12.184537982808832,deep_crustal_MASH,mantle_melting
ClusterKFold,MLP,P_kbar,opx_liq,raw,570,12.999999523163,12.999999523163,8.646937192647476,deep_crustal_MASH,other
ClusterKFold,MLP,P_kbar,opx_liq,raw,571,12.999999523163,12.999999523163,7.522243868246021,deep_crustal_MASH,other
ClusterKFold,MLP,P_kbar,opx_liq,raw,572,12.999999761581499,12.999999761581499,10.593441511746972,deep_crustal_MASH,other
ClusterKFold,MLP,P_kbar,opx_liq,raw,573,12.999999523163,12.999999523163,6.189217933916193,deep_crustal_MASH,other
ClusterKFold,MLP,P_kbar,opx_liq,raw,574,10.0,10.0,4.447990909706946,deep_crustal_MASH,other
ClusterKFold,MLP,P_kbar,opx_liq,raw,575,0.00099999997473788,0.00099999997473788,0.30479982117014914,shallow_crustal,other
ClusterKFold,MLP,P_kbar,opx_liq,raw,576,6.999999880790701,6.999999880790701,4.873790287403917,deep_crustal_MASH,other
ClusterKFold,MLP,P_kbar,opx_liq,raw,577,10.0,10.0,7.204992161478231,deep_crustal_MASH,other
ClusterKFold,MLP,P_kbar,opx_liq,raw,578,10.0,10.0,7.301600716208254,deep_crustal_MASH,other
ClusterKFold,MLP,P_kbar,opx_liq,raw,579,6.999999880790701,6.999999880790701,6.8498266785253925,deep_crustal_MASH,other
ClusterKFold,MLP,P_kbar,opx_liq,raw,580,27.999999523163,27.999999523163,28.889183169102445,lithospheric_mantle,MORB
ClusterKFold,MLP,P_kbar,opx_liq,raw,581,27.999999523163,27.999999523163,29.441273189555606,lithospheric_mantle,MORB
ClusterKFold,MLP,P_kbar,opx_liq,raw,582,27.999999523163,27.999999523163,31.83896689900493,lithospheric_mantle,MORB
ClusterKFold,MLP,P_kbar,opx_liq,raw,583,15.0,15.0,7.020696577514104,lithospheric_mantle,mantle_melting
ClusterKFold,MLP,P_kbar,opx_liq,raw,584,15.0,15.0,13.920529080858843,lithospheric_mantle,mantle_melting
ClusterKFold,MLP,P_kbar,opx_liq,raw,585,20.0,20.0,14.066589326827417,lithospheric_mantle,mantle_melting
ClusterKFold,MLP,P_kbar,opx_liq,raw,586,20.0,20.0,10.666011329469027,lithospheric_mantle,mantle_melting
ClusterKFold,MLP,P_kbar,opx_liq,raw,587,15.0,15.0,22.3000550993127,lithospheric_mantle,mantle_melting
ClusterKFold,MLP,P_kbar,opx_liq,raw,588,20.0,20.0,31.60208926772409,lithospheric_mantle,mantle_melting
ClusterKFold,MLP,P_kbar,opx_liq,raw,589,20.0,20.0,11.209712474779455,lithospheric_mantle,mantle_melting
ClusterKFold,MLP,P_kbar,opx_liq,raw,590,15.0,15.0,7.8680100298393265,lithospheric_mantle,mantle_melting
ClusterKFold,MLP,P_kbar,opx_liq,raw,591,20.0,20.0,10.512582728572637,lithospheric_mantle,mantle_melting
ClusterKFold,MLP,P_kbar,opx_liq,raw,592,20.0,20.0,29.354238562679576,lithospheric_mantle,mantle_melting
ClusterKFold,MLP,P_kbar,opx_liq,raw,593,20.0,20.0,11.906113586008273,lithospheric_mantle,mantle_melting
ClusterKFold,MLP,P_kbar,opx_liq,raw,594,20.0,20.0,34.535823948174134,lithospheric_mantle,mantle_melting
ClusterKFold,MLP,P_kbar,opx_liq,raw,595,15.0,15.0,15.867479678228934,lithospheric_mantle,mantle_melting
ClusterKFold,MLP,P_kbar,opx_liq,raw,596,20.0,20.0,28.79116270506222,lithospheric_mantle,mantle_melting
ClusterKFold,MLP,P_kbar,opx_liq,raw,597,0.001,0.001,7.098918588261111,shallow_crustal,other
ClusterKFold,MLP,P_kbar,opx_liq,raw,598,0.001,0.001,7.659042290567565,shallow_crustal,other
ClusterKFold,MLP,P_kbar,opx_liq,raw,599,0.001,0.001,7.820427243760039,shallow_crustal,other
TargetBinKFold,MLP,P_kbar,opx_liq,raw,0,12.496285693092789,12.496285693092789,7.37192700176138,deep_crustal_MASH,other
TargetBinKFold,MLP,P_kbar,opx_liq,raw,1,4.9849998950958,4.9849998950958,5.0773748153615745,shallow_crustal,basalt
TargetBinKFold,MLP,P_kbar,opx_liq,raw,2,0.001,0.001,9.210477409726302,shallow_crustal,other
TargetBinKFold,MLP,P_kbar,opx_liq,raw,3,0.001,0.001,14.543307839478853,shallow_crustal,other
TargetBinKFold,MLP,P_kbar,opx_liq,raw,4,3.0000001192093,3.0000001192093,4.574358388423225,shallow_crustal,metamorphic
TargetBinKFold,MLP,P_kbar,opx_liq,raw,5,5.0,5.0,3.413202431947232,deep_crustal_MASH,metamorphic
TargetBinKFold,MLP,P_kbar,opx_liq,raw,6,3.0000001192093,3.0000001192093,10.895664563827935,shallow_crustal,metamorphic
TargetBinKFold,MLP,P_kbar,opx_liq,raw,7,1.0000000149012,1.0000000149012,8.656500906487235,shallow_crustal,arc_silicic
TargetBinKFold,MLP,P_kbar,opx_liq,raw,8,1.0000000149012,1.0000000149012,9.713655147354414,shallow_crustal,arc_silicic
TargetBinKFold,MLP,P_kbar,opx_liq,raw,9,11.00000001490115,11.00000001490115,-0.6683637479069193,deep_crustal_MASH,other
TargetBinKFold,MLP,P_kbar,opx_liq,raw,10,6.100000236183325,6.100000236183325,24.642241629891252,deep_crustal_MASH,other
TargetBinKFold,MLP,P_kbar,opx_liq,raw,11,4.8249998688698,4.8249998688698,10.713760177434962,shallow_crustal,basalt
TargetBinKFold,MLP,P_kbar,opx_liq,raw,12,2.0000000298022997,2.0000000298022997,5.857407660583594,shallow_crustal,other
TargetBinKFold,MLP,P_kbar,opx_liq,raw,13,0.001,0.001,11.479889101297006,shallow_crustal,other
TargetBinKFold,MLP,P_kbar,opx_liq,raw,14,11.02628122898306,11.02628122898306,19.138939992388686,deep_crustal_MASH,other
TargetBinKFold,MLP,P_kbar,opx_liq,raw,15,35.66666682561233,35.66666682561233,13.921373868522815,deeper_mantle,other
TargetBinKFold,MLP,P_kbar,opx_liq,raw,16,0.001,0.001,15.844410185193354,shallow_crustal,other
TargetBinKFold,MLP,P_kbar,opx_liq,raw,17,5.0,5.0,0.35779099871152775,deep_crustal_MASH,other
TargetBinKFold,MLP,P_kbar,opx_liq,raw,18,11.119025624851448,11.119025624851448,12.94168719839038,deep_crustal_MASH,other
TargetBinKFold,MLP,P_kbar,opx_liq,raw,19,8.78518178494235,8.78518178494235,8.957805891235616,deep_crustal_MASH,mantle_melting
TargetBinKFold,MLP,P_kbar,opx_liq,raw,20,9.275884610137489,9.275884610137489,8.289485414103474,deep_crustal_MASH,mantle_melting
TargetBinKFold,MLP,P_kbar,opx_liq,raw,21,10.399999991059305,10.399999991059305,14.193996844918836,deep_crustal_MASH,basalt
TargetBinKFold,MLP,P_kbar,opx_liq,raw,22,15.0,15.0,15.230709811855686,lithospheric_mantle,mantle_melting
TargetBinKFold,MLP,P_kbar,opx_liq,raw,23,12.28362969507237,12.28362969507237,11.422284508925998,deep_crustal_MASH,mantle_melting
TargetBinKFold,MLP,P_kbar,opx_liq,raw,24,10.0,10.0,-0.8466219039342966,deep_crustal_MASH,basalt
TargetBinKFold,MLP,P_kbar,opx_liq,raw,25,0.00099999997473788,0.00099999997473788,11.287988498081418,shallow_crustal,basalt
TargetBinKFold,MLP,P_kbar,opx_liq,raw,26,12.56707144985703,12.56707144985703,5.560918445322146,deep_crustal_MASH,mantle_melting
TargetBinKFold,MLP,P_kbar,opx_liq,raw,27,8.086285725460572,8.086285725460572,0.1467223375045541,deep_crustal_MASH,basalt
TargetBinKFold,MLP,P_kbar,opx_liq,raw,28,7.659611106178159,7.659611106178159,5.41614829956457,deep_crustal_MASH,basalt
TargetBinKFold,MLP,P_kbar,opx_liq,raw,29,20.0,20.0,27.246678689029995,lithospheric_mantle,partitioning
TargetBinKFold,MLP,P_kbar,opx_liq,raw,30,5.0,5.0,3.5215841465183524,deep_crustal_MASH,metamorphic
TargetBinKFold,MLP,P_kbar,opx_liq,raw,31,10.0,10.0,-2.8538471614311685,deep_crustal_MASH,basalt
TargetBinKFold,MLP,P_kbar,opx_liq,raw,32,30.0,30.0,22.639391561250363,deeper_mantle,mantle_melting
TargetBinKFold,MLP,P_kbar,opx_liq,raw,33,30.0,30.0,23.428450367069157,deeper_mantle,mantle_melting
TargetBinKFold,MLP,P_kbar,opx_liq,raw,34,7.195500025760334,7.195500025760334,-1.5835160917229216,deep_crustal_MASH,basalt
TargetBinKFold,MLP,P_kbar,opx_liq,raw,35,5.369384613849325,5.369384613849325,20.719506258155732,deep_crustal_MASH,arc_silicic
TargetBinKFold,MLP,P_kbar,opx_liq,raw,36,30.0,30.0,28.111866274391556,deeper_mantle,partitioning
TargetBinKFold,MLP,P_kbar,opx_liq,raw,37,20.0,20.0,23.06491696830738,lithospheric_mantle,basalt
TargetBinKFold,MLP,P_kbar,opx_liq,raw,38,40.0,40.0,28.935039054393634,deeper_mantle,mantle_melting
TargetBinKFold,MLP,P_kbar,opx_liq,raw,39,40.0,40.0,32.23654595625964,deeper_mantle,mantle_melting
TargetBinKFold,MLP,P_kbar,opx_liq,raw,40,45.0,45.0,33.96754818938827,deeper_mantle,mantle_melting
TargetBinKFold,MLP,P_kbar,opx_liq,raw,41,6.469000022348593,6.469000022348593,3.381777176343976,deep_crustal_MASH,mantle_melting
TargetBinKFold,MLP,P_kbar,opx_liq,raw,42,7.022909071941695,7.022909071941695,12.354091090039724,deep_crustal_MASH,mantle_melting
TargetBinKFold,MLP,P_kbar,opx_liq,raw,43,10.0,10.0,16.895261421600964,deep_crustal_MASH,MORB
TargetBinKFold,MLP,P_kbar,opx_liq,raw,44,10.0,10.0,15.796333668408888,deep_crustal_MASH,MORB
TargetBinKFold,MLP,P_kbar,opx_liq,raw,45,20.0,20.0,20.771805229715046,lithospheric_mantle,MORB
TargetBinKFold,MLP,P_kbar,opx_liq,raw,46,7.87644445708062,7.87644445708062,7.222427977068721,deep_crustal_MASH,mantle_melting
TargetBinKFold,MLP,P_kbar,opx_liq,raw,47,9.693111129707756,9.693111129707756,2.980413311262319,deep_crustal_MASH,arc_silicic
TargetBinKFold,MLP,P_kbar,opx_liq,raw,48,10.0,10.0,14.636714199329553,deep_crustal_MASH,mantle_melting
TargetBinKFold,MLP,P_kbar,opx_liq,raw,49,15.250125059604626,15.250125059604626,6.854487455407455,lithospheric_mantle,mantle_melting
TargetBinKFold,MLP,P_kbar,opx_liq,raw,50,17.999999952316198,17.999999952316198,21.96527768277363,lithospheric_mantle,mantle_melting
TargetBinKFold,MLP,P_kbar,opx_liq,raw,51,60.0,60.0,34.804312962293146,deeper_mantle,mantle_melting
TargetBinKFold,MLP,P_kbar,opx_liq,raw,52,1.1000000126659748,1.1000000126659748,8.12452687113274,shallow_crustal,other
TargetBinKFold,MLP,P_kbar,opx_liq,raw,53,0.0010132500028703,0.0010132500028703,2.249545729975205,shallow_crustal,basalt
TargetBinKFold,MLP,P_kbar,opx_liq,raw,54,0.0010132500028703,0.0010132500028703,4.818352503857767,shallow_crustal,basalt
TargetBinKFold,MLP,P_kbar,opx_liq,raw,55,0.00099999997473788,0.00099999997473788,1.2197018598585452,shallow_crustal,arc_silicic
TargetBinKFold,MLP,P_kbar,opx_liq,raw,56,6.666999999991579,6.666999999991579,11.236564160846104,deep_crustal_MASH,other
TargetBinKFold,MLP,P_kbar,opx_liq,raw,57,7.500499999987369,7.500499999987369,14.909764787881787,deep_crustal_MASH,other
TargetBinKFold,MLP,P_kbar,opx_liq,raw,58,15.0,15.0,18.416347104297856,lithospheric_mantle,other
TargetBinKFold,MLP,P_kbar,opx_liq,raw,59,7.500499999987369,7.500499999987369,17.528044386553837,deep_crustal_MASH,other
TargetBinKFold,MLP,P_kbar,opx_liq,raw,60,15.0,15.0,17.439975753201114,lithospheric_mantle,other
TargetBinKFold,MLP,P_kbar,opx_liq,raw,61,10.0,10.0,11.9012920572108,deep_crustal_MASH,other
TargetBinKFold,MLP,P_kbar,opx_liq,raw,62,10.000333333324912,10.000333333324912,18.403099019055357,deep_crustal_MASH,other
TargetBinKFold,MLP,P_kbar,opx_liq,raw,63,13.500000238418501,13.500000238418501,11.911939645830406,deep_crustal_MASH,other
TargetBinKFold,MLP,P_kbar,opx_liq,raw,64,6.666999999991579,6.666999999991579,10.278568132521542,deep_crustal_MASH,other
TargetBinKFold,MLP,P_kbar,opx_liq,raw,65,20.0,20.0,11.175453044119164,lithospheric_mantle,other
TargetBinKFold,MLP,P_kbar,opx_liq,raw,66,15.0,15.0,17.36023025725402,lithospheric_mantle,basalt
TargetBinKFold,MLP,P_kbar,opx_liq,raw,67,25.0,25.0,21.7342202567453,lithospheric_mantle,basalt
TargetBinKFold,MLP,P_kbar,opx_liq,raw,68,20.0,20.0,18.14112398296771,lithospheric_mantle,basalt
TargetBinKFold,MLP,P_kbar,opx_liq,raw,69,8.0,8.0,19.358266226370873,deep_crustal_MASH,basalt
TargetBinKFold,MLP,P_kbar,opx_liq,raw,70,20.0,20.0,17.008607355920766,lithospheric_mantle,other
TargetBinKFold,MLP,P_kbar,opx_liq,raw,71,21.0,21.0,25.302271615575375,lithospheric_mantle,other
TargetBinKFold,MLP,P_kbar,opx_liq,raw,72,20.0,20.0,29.27614615967837,lithospheric_mantle,other
TargetBinKFold,MLP,P_kbar,opx_liq,raw,73,21.0,21.0,17.863611800974244,lithospheric_mantle,other
TargetBinKFold,MLP,P_kbar,opx_liq,raw,74,27.999999523163,27.999999523163,33.66018181983405,lithospheric_mantle,other
TargetBinKFold,MLP,P_kbar,opx_liq,raw,75,38.9999997615815,38.9999997615815,28.950705778820396,deeper_mantle,other
TargetBinKFold,MLP,P_kbar,opx_liq,raw,76,9.3000000715256,9.3000000715256,3.8269462183203937,deep_crustal_MASH,basalt
TargetBinKFold,MLP,P_kbar,opx_liq,raw,77,9.3000000715256,9.3000000715256,10.760276916154442,deep_crustal_MASH,basalt
TargetBinKFold,MLP,P_kbar,opx_liq,raw,78,12.000000476837,12.000000476837,31.583971238178073,deep_crustal_MASH,other
TargetBinKFold,MLP,P_kbar,opx_liq,raw,79,30.0,30.0,25.906432700768807,deeper_mantle,mantle_melting
TargetBinKFold,MLP,P_kbar,opx_liq,raw,80,30.0,30.0,26.99641043922451,deeper_mantle,mantle_melting
TargetBinKFold,MLP,P_kbar,opx_liq,raw,81,30.0,30.0,35.41195669738161,deeper_mantle,mantle_melting
TargetBinKFold,MLP,P_kbar,opx_liq,raw,82,30.0,30.0,29.765987936293072,deeper_mantle,mantle_melting
TargetBinKFold,MLP,P_kbar,opx_liq,raw,83,30.0,30.0,33.02767812402761,deeper_mantle,mantle_melting
TargetBinKFold,MLP,P_kbar,opx_liq,raw,84,30.0,30.0,30.03761720182606,deeper_mantle,mantle_melting
TargetBinKFold,MLP,P_kbar,opx_liq,raw,85,30.0,30.0,30.381083161253258,deeper_mantle,mantle_melting
TargetBinKFold,MLP,P_kbar,opx_liq,raw,86,30.0,30.0,29.683049042003393,deeper_mantle,mantle_melting
TargetBinKFold,MLP,P_kbar,opx_liq,raw,87,30.0,30.0,26.927086113247633,deeper_mantle,mantle_melting
TargetBinKFold,MLP,P_kbar,opx_liq,raw,88,30.0,30.0,27.190470551369817,deeper_mantle,mantle_melting
TargetBinKFold,MLP,P_kbar,opx_liq,raw,89,22.0,22.0,19.305804913936264,lithospheric_mantle,basalt
TargetBinKFold,MLP,P_kbar,opx_liq,raw,90,30.0,30.0,30.93745140333639,deeper_mantle,mantle_melting
TargetBinKFold,MLP,P_kbar,opx_liq,raw,91,30.0,30.0,25.68497809382628,deeper_mantle,basalt
TargetBinKFold,MLP,P_kbar,opx_liq,raw,92,30.0,30.0,35.452084062456436,deeper_mantle,mantle_melting
TargetBinKFold,MLP,P_kbar,opx_liq,raw,93,30.0,30.0,29.71315108797354,deeper_mantle,mantle_melting
TargetBinKFold,MLP,P_kbar,opx_liq,raw,94,25.0,25.0,23.731231686838395,lithospheric_mantle,basalt
TargetBinKFold,MLP,P_kbar,opx_liq,raw,95,20.0,20.0,19.34900378547174,lithospheric_mantle,basalt
TargetBinKFold,MLP,P_kbar,opx_liq,raw,96,8.0,8.0,18.32522519673256,deep_crustal_MASH,basalt
TargetBinKFold,MLP,P_kbar,opx_liq,raw,97,30.0,30.0,23.32772763169632,deeper_mantle,basalt
TargetBinKFold,MLP,P_kbar,opx_liq,raw,98,30.0,30.0,32.74789377670549,deeper_mantle,mantle_melting
TargetBinKFold,MLP,P_kbar,opx_liq,raw,99,30.0,30.0,34.549347209308436,deeper_mantle,mantle_melting
TargetBinKFold,MLP,P_kbar,opx_liq,raw,100,10.0,10.0,1.3124583334272057,deep_crustal_MASH,metamorphic
TargetBinKFold,MLP,P_kbar,opx_liq,raw,101,10.0,10.0,3.904678659143158,deep_crustal_MASH,metamorphic
TargetBinKFold,MLP,P_kbar,opx_liq,raw,102,10.0,10.0,5.667594816130837,deep_crustal_MASH,metamorphic
TargetBinKFold,MLP,P_kbar,opx_liq,raw,103,6.999999880790701,6.999999880790701,3.863542091633526,deep_crustal_MASH,metamorphic
TargetBinKFold,MLP,P_kbar,opx_liq,raw,104,10.0,10.0,4.221058514533759,deep_crustal_MASH,metamorphic
TargetBinKFold,MLP,P_kbar,opx_liq,raw,105,15.0,15.0,9.833817078017068,lithospheric_mantle,metamorphic
TargetBinKFold,MLP,P_kbar,opx_liq,raw,106,10.0,10.0,3.8115333929034425,deep_crustal_MASH,metamorphic
TargetBinKFold,MLP,P_kbar,opx_liq,raw,107,6.999999880790701,6.999999880790701,2.2306853796531763,deep_crustal_MASH,metamorphic
TargetBinKFold,MLP,P_kbar,opx_liq,raw,108,6.999999880790701,6.999999880790701,3.9319163556011487,deep_crustal_MASH,metamorphic
TargetBinKFold,MLP,P_kbar,opx_liq,raw,109,12.5,12.5,4.370200941418965,deep_crustal_MASH,metamorphic
TargetBinKFold,MLP,P_kbar,opx_liq,raw,110,10.0,10.0,5.045354188442115,deep_crustal_MASH,metamorphic
TargetBinKFold,MLP,P_kbar,opx_liq,raw,111,10.0,10.0,5.303129279091053,deep_crustal_MASH,metamorphic
TargetBinKFold,MLP,P_kbar,opx_liq,raw,112,6.999999880790701,6.999999880790701,8.262513926625854,deep_crustal_MASH,basalt
TargetBinKFold,MLP,P_kbar,opx_liq,raw,113,5.0,5.0,4.965785238917279,deep_crustal_MASH,basalt
TargetBinKFold,MLP,P_kbar,opx_liq,raw,114,12.000000476837,12.000000476837,5.373916155913069,deep_crustal_MASH,basalt
TargetBinKFold,MLP,P_kbar,opx_liq,raw,115,21.800000667572,21.800000667572,25.312936758221724,lithospheric_mantle,other
TargetBinKFold,MLP,P_kbar,opx_liq,raw,116,12.89999961853,12.89999961853,15.741529079085911,deep_crustal_MASH,other
TargetBinKFold,MLP,P_kbar,opx_liq,raw,117,27.999999523163,27.999999523163,18.204114933618825,lithospheric_mantle,other
TargetBinKFold,MLP,P_kbar,opx_liq,raw,118,16.000000238419002,16.000000238419002,14.549685452703999,lithospheric_mantle,mantle_melting
TargetBinKFold,MLP,P_kbar,opx_liq,raw,119,12.000000238418501,12.000000238418501,12.92947858793401,deep_crustal_MASH,mantle_melting
TargetBinKFold,MLP,P_kbar,opx_liq,raw,120,11.000000238418501,11.000000238418501,14.249608855347965,deep_crustal_MASH,mantle_melting
TargetBinKFold,MLP,P_kbar,opx_liq,raw,121,16.000000238419002,16.000000238419002,15.615251543454052,lithospheric_mantle,mantle_melting
TargetBinKFold,MLP,P_kbar,opx_liq,raw,122,12.000000476837,12.000000476837,12.112013027626213,deep_crustal_MASH,mantle_melting
TargetBinKFold,MLP,P_kbar,opx_liq,raw,123,12.000000476837,12.000000476837,14.699722240925034,deep_crustal_MASH,mantle_melting
TargetBinKFold,MLP,P_kbar,opx_liq,raw,124,12.000000476837,12.000000476837,16.546183714568105,deep_crustal_MASH,mantle_melting
TargetBinKFold,MLP,P_kbar,opx_liq,raw,125,12.000000238418501,12.000000238418501,16.39163789141191,deep_crustal_MASH,mantle_melting
TargetBinKFold,MLP,P_kbar,opx_liq,raw,126,12.000000476837,12.000000476837,15.483465769996279,deep_crustal_MASH,mantle_melting
TargetBinKFold,MLP,P_kbar,opx_liq,raw,127,12.000000476837,12.000000476837,16.840704405744926,deep_crustal_MASH,mantle_melting
TargetBinKFold,MLP,P_kbar,opx_liq,raw,128,16.000000238419002,16.000000238419002,15.698723668692983,lithospheric_mantle,mantle_melting
TargetBinKFold,MLP,P_kbar,opx_liq,raw,129,16.000000238419002,16.000000238419002,14.775439427877771,lithospheric_mantle,mantle_melting
TargetBinKFold,MLP,P_kbar,opx_liq,raw,130,20.0,20.0,18.057271768253777,lithospheric_mantle,mantle_melting
TargetBinKFold,MLP,P_kbar,opx_liq,raw,131,16.000000119209503,16.000000119209503,15.389408791672464,lithospheric_mantle,mantle_melting
TargetBinKFold,MLP,P_kbar,opx_liq,raw,132,12.000000476837,12.000000476837,13.236565782613088,deep_crustal_MASH,mantle_melting
TargetBinKFold,MLP,P_kbar,opx_liq,raw,133,12.000000476837,12.000000476837,15.101624123789618,deep_crustal_MASH,mantle_melting
TargetBinKFold,MLP,P_kbar,opx_liq,raw,134,12.000000476837,12.000000476837,14.291289617623367,deep_crustal_MASH,mantle_melting
TargetBinKFold,MLP,P_kbar,opx_liq,raw,135,16.000000119209503,16.000000119209503,16.830217452792798,lithospheric_mantle,mantle_melting
TargetBinKFold,MLP,P_kbar,opx_liq,raw,136,15.0,15.0,19.105248276188693,lithospheric_mantle,basalt
TargetBinKFold,MLP,P_kbar,opx_liq,raw,137,20.0,20.0,19.56357791207272,lithospheric_mantle,mantle_melting
TargetBinKFold,MLP,P_kbar,opx_liq,raw,138,0.0010132500028703,0.0010132500028703,10.528855006635451,shallow_crustal,basalt
TargetBinKFold,MLP,P_kbar,opx_liq,raw,139,12.000000476837,12.000000476837,12.89525987957706,deep_crustal_MASH,mantle_melting
TargetBinKFold,MLP,P_kbar,opx_liq,raw,140,12.000000476837,12.000000476837,16.55066124718741,deep_crustal_MASH,mantle_melting
TargetBinKFold,MLP,P_kbar,opx_liq,raw,141,12.0,12.0,16.25129089446041,deep_crustal_MASH,basalt
TargetBinKFold,MLP,P_kbar,opx_liq,raw,142,15.0,15.0,19.62179999776973,lithospheric_mantle,basalt
TargetBinKFold,MLP,P_kbar,opx_liq,raw,143,17.0,17.0,15.904594622451741,lithospheric_mantle,basalt
TargetBinKFold,MLP,P_kbar,opx_liq,raw,144,8.0,8.0,18.298230477890968,deep_crustal_MASH,basalt
TargetBinKFold,MLP,P_kbar,opx_liq,raw,145,28.0,28.0,21.766234053341645,lithospheric_mantle,basalt
TargetBinKFold,MLP,P_kbar,opx_liq,raw,146,10.0,10.0,20.148391127238348,deep_crustal_MASH,basalt
TargetBinKFold,MLP,P_kbar,opx_liq,raw,147,12.000000476837,12.000000476837,15.977472263660358,deep_crustal_MASH,arc_silicic
TargetBinKFold,MLP,P_kbar,opx_liq,raw,148,12.000000476837,12.000000476837,11.207994402275482,deep_crustal_MASH,arc_silicic
TargetBinKFold,MLP,P_kbar,opx_liq,raw,149,12.000000476837,12.000000476837,15.877362644060756,deep_crustal_MASH,arc_silicic
TargetBinKFold,MLP,P_kbar,opx_liq,raw,150,12.000000476837,12.000000476837,11.354786129722019,deep_crustal_MASH,arc_silicic
TargetBinKFold,MLP,P_kbar,opx_liq,raw,151,12.000000476837,12.000000476837,11.538861148009046,deep_crustal_MASH,arc_silicic
TargetBinKFold,MLP,P_kbar,opx_liq,raw,152,12.000000476837,12.000000476837,13.557232837086241,deep_crustal_MASH,arc_silicic
TargetBinKFold,MLP,P_kbar,opx_liq,raw,153,12.000000476837,12.000000476837,17.751725069394247,deep_crustal_MASH,arc_silicic
TargetBinKFold,MLP,P_kbar,opx_liq,raw,154,12.000000476837,12.000000476837,15.589278098290567,deep_crustal_MASH,arc_silicic
TargetBinKFold,MLP,P_kbar,opx_liq,raw,155,12.000000476837,12.000000476837,9.4188272801512,deep_crustal_MASH,arc_silicic
TargetBinKFold,MLP,P_kbar,opx_liq,raw,156,12.000000476837,12.000000476837,10.184225128398614,deep_crustal_MASH,arc_silicic
TargetBinKFold,MLP,P_kbar,opx_liq,raw,157,0.0010132500028703,0.0010132500028703,14.079752099329305,shallow_crustal,basalt
TargetBinKFold,MLP,P_kbar,opx_liq,raw,158,0.0010132500028703,0.0010132500028703,14.832389579337503,shallow_crustal,basalt
TargetBinKFold,MLP,P_kbar,opx_liq,raw,159,12.000000476837,12.000000476837,1.2394726165970162,deep_crustal_MASH,arc_silicic
TargetBinKFold,MLP,P_kbar,opx_liq,raw,160,12.000000476837,12.000000476837,15.933921047414215,deep_crustal_MASH,arc_silicic
TargetBinKFold,MLP,P_kbar,opx_liq,raw,161,12.000000476837,12.000000476837,1.2702989763473378,deep_crustal_MASH,arc_silicic
TargetBinKFold,MLP,P_kbar,opx_liq,raw,162,12.000000476837,12.000000476837,1.0846928154833708,deep_crustal_MASH,arc_silicic
TargetBinKFold,MLP,P_kbar,opx_liq,raw,163,12.000000476837,12.000000476837,7.899454019484223,deep_crustal_MASH,arc_silicic
TargetBinKFold,MLP,P_kbar,opx_liq,raw,164,12.000000476837,12.000000476837,17.188235344286905,deep_crustal_MASH,arc_silicic
TargetBinKFold,MLP,P_kbar,opx_liq,raw,165,12.000000476837,12.000000476837,9.689418337639365,deep_crustal_MASH,arc_silicic
TargetBinKFold,MLP,P_kbar,opx_liq,raw,166,12.000000476837,12.000000476837,14.926917399748946,deep_crustal_MASH,arc_silicic
TargetBinKFold,MLP,P_kbar,opx_liq,raw,167,12.000000476837,12.000000476837,10.098027743701875,deep_crustal_MASH,arc_silicic
TargetBinKFold,MLP,P_kbar,opx_liq,raw,168,20.0,20.0,19.375960276077524,lithospheric_mantle,mantle_melting
TargetBinKFold,MLP,P_kbar,opx_liq,raw,169,20.0,20.0,18.77133715993634,lithospheric_mantle,mantle_melting
TargetBinKFold,MLP,P_kbar,opx_liq,raw,170,20.0,20.0,18.69284248147038,lithospheric_mantle,mantle_melting
TargetBinKFold,MLP,P_kbar,opx_liq,raw,171,10.0,10.0,19.980270758157033,deep_crustal_MASH,mantle_melting
TargetBinKFold,MLP,P_kbar,opx_liq,raw,172,10.0,10.0,11.421478581274632,deep_crustal_MASH,mantle_melting
TargetBinKFold,MLP,P_kbar,opx_liq,raw,173,10.0,10.0,18.337937291098264,deep_crustal_MASH,mantle_melting
TargetBinKFold,MLP,P_kbar,opx_liq,raw,174,24.0,24.0,20.199184485784425,lithospheric_mantle,mantle_melting
TargetBinKFold,MLP,P_kbar,opx_liq,raw,175,26.0,26.0,18.849644144108293,lithospheric_mantle,mantle_melting
TargetBinKFold,MLP,P_kbar,opx_liq,raw,176,24.0,24.0,19.02576673805254,lithospheric_mantle,mantle_melting
TargetBinKFold,MLP,P_kbar,opx_liq,raw,177,22.0,22.0,20.19497071440656,lithospheric_mantle,mantle_melting
TargetBinKFold,MLP,P_kbar,opx_liq,raw,178,22.0,22.0,20.141460759085792,lithospheric_mantle,mantle_melting
TargetBinKFold,MLP,P_kbar,opx_liq,raw,179,20.0,20.0,8.30403856703558,lithospheric_mantle,arc_silicic
TargetBinKFold,MLP,P_kbar,opx_liq,raw,180,20.0,20.0,10.312753044859019,lithospheric_mantle,arc_silicic
TargetBinKFold,MLP,P_kbar,opx_liq,raw,181,5.0,5.0,15.431323556797883,deep_crustal_MASH,arc_silicic
TargetBinKFold,MLP,P_kbar,opx_liq,raw,182,2.1299999952316,2.1299999952316,6.7827924583159085,shallow_crustal,arc_silicic
TargetBinKFold,MLP,P_kbar,opx_liq,raw,183,10.0,10.0,4.797065624597028,deep_crustal_MASH,basalt
TargetBinKFold,MLP,P_kbar,opx_liq,raw,184,12.000000476837,12.000000476837,19.347724629303187,deep_crustal_MASH,mantle_melting
TargetBinKFold,MLP,P_kbar,opx_liq,raw,185,10.0,10.0,10.885170730024758,deep_crustal_MASH,arc_silicic
TargetBinKFold,MLP,P_kbar,opx_liq,raw,186,10.0,10.0,7.785922352741885,deep_crustal_MASH,arc_silicic
TargetBinKFold,MLP,P_kbar,opx_liq,raw,187,10.0,10.0,1.9805608687740563,deep_crustal_MASH,arc_silicic
TargetBinKFold,MLP,P_kbar,opx_liq,raw,188,10.0,10.0,16.351869934241115,deep_crustal_MASH,arc_silicic
TargetBinKFold,MLP,P_kbar,opx_liq,raw,189,15.0,15.0,10.294210387327043,lithospheric_mantle,arc_silicic
TargetBinKFold,MLP,P_kbar,opx_liq,raw,190,12.000000476837,12.000000476837,6.289662181223303,deep_crustal_MASH,arc_silicic
TargetBinKFold,MLP,P_kbar,opx_liq,raw,191,15.0,15.0,12.741096775972478,lithospheric_mantle,arc_silicic
TargetBinKFold,MLP,P_kbar,opx_liq,raw,192,15.0,15.0,14.523735998380339,lithospheric_mantle,other
TargetBinKFold,MLP,P_kbar,opx_liq,raw,193,0.00099999997473788,0.00099999997473788,5.612214974284901,shallow_crustal,other
TargetBinKFold,MLP,P_kbar,opx_liq,raw,194,10.0,10.0,16.2536739870477,deep_crustal_MASH,other
TargetBinKFold,MLP,P_kbar,opx_liq,raw,195,10.0,10.0,19.061547234143323,deep_crustal_MASH,other
TargetBinKFold,MLP,P_kbar,opx_liq,raw,196,10.0,10.0,25.177850630454422,deep_crustal_MASH,other
TargetBinKFold,MLP,P_kbar,opx_liq,raw,197,10.0,10.0,17.96632897810923,deep_crustal_MASH,other
TargetBinKFold,MLP,P_kbar,opx_liq,raw,198,10.0,10.0,17.953476111310966,deep_crustal_MASH,other
TargetBinKFold,MLP,P_kbar,opx_liq,raw,199,10.0,10.0,25.077685753852197,deep_crustal_MASH,other
TargetBinKFold,MLP,P_kbar,opx_liq,raw,200,10.0,10.0,19.795540042756993,deep_crustal_MASH,other
TargetBinKFold,MLP,P_kbar,opx_liq,raw,201,10.0,10.0,16.70997562002988,deep_crustal_MASH,other
TargetBinKFold,MLP,P_kbar,opx_liq,raw,202,10.0,10.0,23.819504438706538,deep_crustal_MASH,other
TargetBinKFold,MLP,P_kbar,opx_liq,raw,203,10.0,10.0,16.58014583983756,deep_crustal_MASH,other
TargetBinKFold,MLP,P_kbar,opx_liq,raw,204,10.0,10.0,18.8770151694662,deep_crustal_MASH,other
TargetBinKFold,MLP,P_kbar,opx_liq,raw,205,10.0,10.0,17.019518628691408,deep_crustal_MASH,other
TargetBinKFold,MLP,P_kbar,opx_liq,raw,206,10.0,10.0,11.249412652671316,deep_crustal_MASH,other
TargetBinKFold,MLP,P_kbar,opx_liq,raw,207,10.0,10.0,17.550869707442182,deep_crustal_MASH,other
TargetBinKFold,MLP,P_kbar,opx_liq,raw,208,20.0,20.0,19.36068808070894,lithospheric_mantle,mantle_melting
TargetBinKFold,MLP,P_kbar,opx_liq,raw,209,2.5,2.5,8.48994635525024,shallow_crustal,other
TargetBinKFold,MLP,P_kbar,opx_liq,raw,210,2.5,2.5,8.609524420991912,shallow_crustal,other
TargetBinKFold,MLP,P_kbar,opx_liq,raw,211,2.5,2.5,7.808102913636168,shallow_crustal,other
TargetBinKFold,MLP,P_kbar,opx_liq,raw,212,1.5000000596046001,1.5000000596046001,8.395175374784927,shallow_crustal,other
TargetBinKFold,MLP,P_kbar,opx_liq,raw,213,1.5000000596046001,1.5000000596046001,8.602945816939606,shallow_crustal,other
TargetBinKFold,MLP,P_kbar,opx_liq,raw,214,1.5000000596046001,1.5000000596046001,7.567146658607754,shallow_crustal,other
TargetBinKFold,MLP,P_kbar,opx_liq,raw,215,1.5000000596046001,1.5000000596046001,6.751348527149057,shallow_crustal,other
TargetBinKFold,MLP,P_kbar,opx_liq,raw,216,10.0,10.0,5.86892855561673,deep_crustal_MASH,other
TargetBinKFold,MLP,P_kbar,opx_liq,raw,217,10.0,10.0,6.12191973320674,deep_crustal_MASH,other
TargetBinKFold,MLP,P_kbar,opx_liq,raw,218,10.0,10.0,6.59989559783396,deep_crustal_MASH,other
TargetBinKFold,MLP,P_kbar,opx_liq,raw,219,10.0,10.0,6.216780459364589,deep_crustal_MASH,other
TargetBinKFold,MLP,P_kbar,opx_liq,raw,220,12.5,12.5,9.189488954303282,deep_crustal_MASH,other
TargetBinKFold,MLP,P_kbar,opx_liq,raw,221,10.0,10.0,4.808617534316708,deep_crustal_MASH,other
TargetBinKFold,MLP,P_kbar,opx_liq,raw,222,10.0,10.0,11.463706640399078,deep_crustal_MASH,basalt
TargetBinKFold,MLP,P_kbar,opx_liq,raw,223,15.0,15.0,12.424200578263054,lithospheric_mantle,basalt
TargetBinKFold,MLP,P_kbar,opx_liq,raw,224,15.0,15.0,16.096677133476312,lithospheric_mantle,basalt
TargetBinKFold,MLP,P_kbar,opx_liq,raw,225,4.0479999780655005,4.0479999780655005,8.85888846825758,shallow_crustal,arc_silicic
TargetBinKFold,MLP,P_kbar,opx_liq,raw,226,3.9489999413490002,3.9489999413490002,6.671145203588645,shallow_crustal,arc_silicic
TargetBinKFold,MLP,P_kbar,opx_liq,raw,227,4.2699998617172,4.2699998617172,9.976090236908629,shallow_crustal,arc_silicic
TargetBinKFold,MLP,P_kbar,opx_liq,raw,228,10.0,10.0,15.79062809067902,deep_crustal_MASH,other
TargetBinKFold,MLP,P_kbar,opx_liq,raw,229,11.499999761580998,11.499999761580998,15.736851120519447,deep_crustal_MASH,other
TargetBinKFold,MLP,P_kbar,opx_liq,raw,230,6.999999880790701,6.999999880790701,9.45662522282857,deep_crustal_MASH,other
TargetBinKFold,MLP,P_kbar,opx_liq,raw,231,20.0,20.0,17.60384803102473,lithospheric_mantle,arc_silicic
TargetBinKFold,MLP,P_kbar,opx_liq,raw,232,15.0,15.0,13.036304591278759,lithospheric_mantle,arc_silicic
TargetBinKFold,MLP,P_kbar,opx_liq,raw,233,15.0,15.0,12.026547012748097,lithospheric_mantle,arc_silicic
TargetBinKFold,MLP,P_kbar,opx_liq,raw,234,0.0010132500028703,0.0010132500028703,4.804660751492292,shallow_crustal,basalt
TargetBinKFold,MLP,P_kbar,opx_liq,raw,235,0.0010132500028703,0.0010132500028703,5.088848597258337,shallow_crustal,basalt
TargetBinKFold,MLP,P_kbar,opx_liq,raw,236,0.0010132500028703,0.0010132500028703,7.49287268145325,shallow_crustal,basalt
TargetBinKFold,MLP,P_kbar,opx_liq,raw,237,0.0010132500028703,0.0010132500028703,5.589508064043111,shallow_crustal,basalt
TargetBinKFold,MLP,P_kbar,opx_liq,raw,238,10.0,10.0,16.840321166561903,deep_crustal_MASH,mantle_melting
TargetBinKFold,MLP,P_kbar,opx_liq,raw,239,10.0,10.0,11.770030585153794,deep_crustal_MASH,mantle_melting
TargetBinKFold,MLP,P_kbar,opx_liq,raw,240,10.0,10.0,13.431881874358591,deep_crustal_MASH,mantle_melting
TargetBinKFold,MLP,P_kbar,opx_liq,raw,241,10.0,10.0,11.509667488655783,deep_crustal_MASH,mantle_melting
TargetBinKFold,MLP,P_kbar,opx_liq,raw,242,10.0,10.0,23.3975694258329,deep_crustal_MASH,mantle_melting
TargetBinKFold,MLP,P_kbar,opx_liq,raw,243,10.0,10.0,14.06099102037768,deep_crustal_MASH,mantle_melting
TargetBinKFold,MLP,P_kbar,opx_liq,raw,244,10.0,10.0,14.622057395115203,deep_crustal_MASH,mantle_melting
TargetBinKFold,MLP,P_kbar,opx_liq,raw,245,10.0,10.0,19.62816656676404,deep_crustal_MASH,mantle_melting
TargetBinKFold,MLP,P_kbar,opx_liq,raw,246,10.0,10.0,16.928712620470876,deep_crustal_MASH,mantle_melting
TargetBinKFold,MLP,P_kbar,opx_liq,raw,247,10.0,10.0,13.760868021006846,deep_crustal_MASH,mantle_melting
TargetBinKFold,MLP,P_kbar,opx_liq,raw,248,10.0,10.0,17.991078681655594,deep_crustal_MASH,mantle_melting
TargetBinKFold,MLP,P_kbar,opx_liq,raw,249,10.0,10.0,17.475530921137,deep_crustal_MASH,mantle_melting
TargetBinKFold,MLP,P_kbar,opx_liq,raw,250,10.0,10.0,2.247265777495888,deep_crustal_MASH,arc_silicic
TargetBinKFold,MLP,P_kbar,opx_liq,raw,251,20.0,20.0,17.535060606817922,lithospheric_mantle,mantle_melting
TargetBinKFold,MLP,P_kbar,opx_liq,raw,252,15.0,15.0,14.55886940736229,lithospheric_mantle,mantle_melting
TargetBinKFold,MLP,P_kbar,opx_liq,raw,253,15.0,15.0,18.841170977615693,lithospheric_mantle,mantle_melting
TargetBinKFold,MLP,P_kbar,opx_liq,raw,254,20.0,20.0,19.03823072250457,lithospheric_mantle,mantle_melting
TargetBinKFold,MLP,P_kbar,opx_liq,raw,255,20.0,20.0,21.80098191930905,lithospheric_mantle,mantle_melting
TargetBinKFold,MLP,P_kbar,opx_liq,raw,256,10.0,10.0,15.402282710016536,deep_crustal_MASH,other
TargetBinKFold,MLP,P_kbar,opx_liq,raw,257,0.0010132500028703,0.0010132500028703,9.771511946158231,shallow_crustal,basalt
TargetBinKFold,MLP,P_kbar,opx_liq,raw,258,18.999999761580998,18.999999761580998,14.05259427206027,lithospheric_mantle,MORB
TargetBinKFold,MLP,P_kbar,opx_liq,raw,259,15.0,15.0,17.464507779181073,lithospheric_mantle,MORB
TargetBinKFold,MLP,P_kbar,opx_liq,raw,260,15.0,15.0,17.64510125798509,lithospheric_mantle,MORB
TargetBinKFold,MLP,P_kbar,opx_liq,raw,261,15.0,15.0,13.090725435878037,lithospheric_mantle,MORB
TargetBinKFold,MLP,P_kbar,opx_liq,raw,262,15.0,15.0,17.452815768844456,lithospheric_mantle,MORB
TargetBinKFold,MLP,P_kbar,opx_liq,raw,263,18.999999761580998,18.999999761580998,22.320890918333408,lithospheric_mantle,MORB
TargetBinKFold,MLP,P_kbar,opx_liq,raw,264,0.0010132500028703,0.0010132500028703,9.1880247323076,shallow_crustal,basalt
TargetBinKFold,MLP,P_kbar,opx_liq,raw,265,24.000000953674,24.000000953674,28.28865853961735,lithospheric_mantle,mantle_melting
TargetBinKFold,MLP,P_kbar,opx_liq,raw,266,27.999999523163,27.999999523163,34.720801804065076,lithospheric_mantle,mantle_melting
TargetBinKFold,MLP,P_kbar,opx_liq,raw,267,15.0,15.0,14.562150967764964,lithospheric_mantle,mantle_melting
TargetBinKFold,MLP,P_kbar,opx_liq,raw,268,15.0,15.0,14.927297462896973,lithospheric_mantle,mantle_melting
TargetBinKFold,MLP,P_kbar,opx_liq,raw,269,15.0,15.0,16.31412885111735,lithospheric_mantle,mantle_melting
TargetBinKFold,MLP,P_kbar,opx_liq,raw,270,15.0,15.0,17.40233993404142,lithospheric_mantle,mantle_melting
TargetBinKFold,MLP,P_kbar,opx_liq,raw,271,15.0,15.0,15.91612624296831,lithospheric_mantle,mantle_melting
TargetBinKFold,MLP,P_kbar,opx_liq,raw,272,15.0,15.0,14.119233208011194,lithospheric_mantle,mantle_melting
TargetBinKFold,MLP,P_kbar,opx_liq,raw,273,15.0,15.0,14.643049860778271,lithospheric_mantle,mantle_melting
TargetBinKFold,MLP,P_kbar,opx_liq,raw,274,0.01,0.01,9.223840498080254,shallow_crustal,basalt
TargetBinKFold,MLP,P_kbar,opx_liq,raw,275,0.0010132500028703,0.0010132500028703,4.173822291536557,shallow_crustal,basalt
TargetBinKFold,MLP,P_kbar,opx_liq,raw,276,5.0,5.0,12.134778726340883,deep_crustal_MASH,arc_silicic
TargetBinKFold,MLP,P_kbar,opx_liq,raw,277,10.0,10.0,10.694868377064214,deep_crustal_MASH,other
TargetBinKFold,MLP,P_kbar,opx_liq,raw,278,10.0,10.0,12.73264287003093,deep_crustal_MASH,other
TargetBinKFold,MLP,P_kbar,opx_liq,raw,279,5.0,5.0,12.039169041035947,deep_crustal_MASH,arc_silicic
TargetBinKFold,MLP,P_kbar,opx_liq,raw,280,1.0379999876022001,1.0379999876022001,9.08939349149272,shallow_crustal,arc_silicic
TargetBinKFold,MLP,P_kbar,opx_liq,raw,281,1.4749999344348999,1.4749999344348999,9.79631967517063,shallow_crustal,arc_silicic
TargetBinKFold,MLP,P_kbar,opx_liq,raw,282,1.8000000715256002,1.8000000715256002,10.59331620041192,shallow_crustal,arc_silicic
TargetBinKFold,MLP,P_kbar,opx_liq,raw,283,1.0080000013113,1.0080000013113,9.724821696638182,shallow_crustal,arc_silicic
TargetBinKFold,MLP,P_kbar,opx_liq,raw,284,0.7100000232458099,0.7100000232458099,9.313155935962397,shallow_crustal,arc_silicic
TargetBinKFold,MLP,P_kbar,opx_liq,raw,285,1.0549999773502,1.0549999773502,7.942497337650465,shallow_crustal,arc_silicic
TargetBinKFold,MLP,P_kbar,opx_liq,raw,286,2.1259999275208,2.1259999275208,7.277503972155861,shallow_crustal,arc_silicic
TargetBinKFold,MLP,P_kbar,opx_liq,raw,287,2.1259999275208,2.1259999275208,6.289330415526399,shallow_crustal,arc_silicic
TargetBinKFold,MLP,P_kbar,opx_liq,raw,288,2.1259999275208,2.1259999275208,6.933446988381141,shallow_crustal,arc_silicic
TargetBinKFold,MLP,P_kbar,opx_liq,raw,289,3.125,3.125,8.736423724717248,shallow_crustal,arc_silicic
TargetBinKFold,MLP,P_kbar,opx_liq,raw,290,1.9799999892712,1.9799999892712,8.394608726110572,shallow_crustal,arc_silicic
TargetBinKFold,MLP,P_kbar,opx_liq,raw,291,1.9799999892712,1.9799999892712,6.559229099157559,shallow_crustal,arc_silicic
TargetBinKFold,MLP,P_kbar,opx_liq,raw,292,28.0,28.0,32.63843999536643,lithospheric_mantle,other
TargetBinKFold,MLP,P_kbar,opx_liq,raw,293,27.9999997615815,27.9999997615815,31.881522315133495,lithospheric_mantle,mantle_melting
TargetBinKFold,MLP,P_kbar,opx_liq,raw,294,28.0,28.0,34.67797174663207,lithospheric_mantle,other
TargetBinKFold,MLP,P_kbar,opx_liq,raw,295,32.0,32.0,27.428105093524227,deeper_mantle,other
TargetBinKFold,MLP,P_kbar,opx_liq,raw,296,32.0,32.0,26.832256111295134,deeper_mantle,other
TargetBinKFold,MLP,P_kbar,opx_liq,raw,297,34.0,34.0,26.82779291958623,deeper_mantle,other
TargetBinKFold,MLP,P_kbar,opx_liq,raw,298,34.0,34.0,30.95404479943537,deeper_mantle,other
TargetBinKFold,MLP,P_kbar,opx_liq,raw,299,28.0,28.0,32.253343145541926,lithospheric_mantle,other
TargetBinKFold,MLP,P_kbar,opx_liq,raw,300,28.0,28.0,31.74956017847602,lithospheric_mantle,other
TargetBinKFold,MLP,P_kbar,opx_liq,raw,301,24.0,24.0,27.268574871704505,lithospheric_mantle,other
TargetBinKFold,MLP,P_kbar,opx_liq,raw,302,28.0,28.0,29.307104905766156,lithospheric_mantle,other
TargetBinKFold,MLP,P_kbar,opx_liq,raw,303,15.0,15.0,13.033143988612364,lithospheric_mantle,mantle_melting
TargetBinKFold,MLP,P_kbar,opx_liq,raw,304,10.0,10.0,15.555888425541745,deep_crustal_MASH,metamorphic
TargetBinKFold,MLP,P_kbar,opx_liq,raw,305,30.0,30.0,11.105601612614459,deeper_mantle,other
TargetBinKFold,MLP,P_kbar,opx_liq,raw,306,10.0,10.0,15.739759524068546,deep_crustal_MASH,other
TargetBinKFold,MLP,P_kbar,opx_liq,raw,307,10.0,10.0,15.982169518046152,deep_crustal_MASH,other
TargetBinKFold,MLP,P_kbar,opx_liq,raw,308,10.0,10.0,12.48885051084969,deep_crustal_MASH,other
TargetBinKFold,MLP,P_kbar,opx_liq,raw,309,10.0,10.0,12.29704610289783,deep_crustal_MASH,other
TargetBinKFold,MLP,P_kbar,opx_liq,raw,310,10.0,10.0,15.889565291538592,deep_crustal_MASH,other
TargetBinKFold,MLP,P_kbar,opx_liq,raw,311,15.0,15.0,10.59218350645648,lithospheric_mantle,mantle_melting
TargetBinKFold,MLP,P_kbar,opx_liq,raw,312,15.0,15.0,11.012772507547666,lithospheric_mantle,mantle_melting
TargetBinKFold,MLP,P_kbar,opx_liq,raw,313,15.0,15.0,12.065925990995007,lithospheric_mantle,mantle_melting
TargetBinKFold,MLP,P_kbar,opx_liq,raw,314,20.0,20.0,16.965927380674813,lithospheric_mantle,mantle_melting
TargetBinKFold,MLP,P_kbar,opx_liq,raw,315,20.0,20.0,16.673876980190744,lithospheric_mantle,mantle_melting
TargetBinKFold,MLP,P_kbar,opx_liq,raw,316,20.0,20.0,20.24711846568547,lithospheric_mantle,mantle_melting
TargetBinKFold,MLP,P_kbar,opx_liq,raw,317,25.0,25.0,23.437862534197652,lithospheric_mantle,mantle_melting
TargetBinKFold,MLP,P_kbar,opx_liq,raw,318,25.0,25.0,25.866850558992322,lithospheric_mantle,mantle_melting
TargetBinKFold,MLP,P_kbar,opx_liq,raw,319,20.0,20.0,27.228502946446348,lithospheric_mantle,mantle_melting
TargetBinKFold,MLP,P_kbar,opx_liq,raw,320,20.0,20.0,26.973992504359014,lithospheric_mantle,mantle_melting
TargetBinKFold,MLP,P_kbar,opx_liq,raw,321,20.0,20.0,23.179285246955477,lithospheric_mantle,mantle_melting
TargetBinKFold,MLP,P_kbar,opx_liq,raw,322,20.0,20.0,21.33952527208721,lithospheric_mantle,mantle_melting
TargetBinKFold,MLP,P_kbar,opx_liq,raw,323,20.0,20.0,20.94702344838983,lithospheric_mantle,mantle_melting
TargetBinKFold,MLP,P_kbar,opx_liq,raw,324,15.0,15.0,15.586403377230232,lithospheric_mantle,mantle_melting
TargetBinKFold,MLP,P_kbar,opx_liq,raw,325,15.0,15.0,16.45945750495396,lithospheric_mantle,mantle_melting
TargetBinKFold,MLP,P_kbar,opx_liq,raw,326,10.0,10.0,7.968977390078557,deep_crustal_MASH,mantle_melting
TargetBinKFold,MLP,P_kbar,opx_liq,raw,327,10.0,10.0,8.406412430851894,deep_crustal_MASH,mantle_melting
TargetBinKFold,MLP,P_kbar,opx_liq,raw,328,10.0,10.0,14.906536245491557,deep_crustal_MASH,mantle_melting
TargetBinKFold,MLP,P_kbar,opx_liq,raw,329,10.0,10.0,2.0427358758125624,deep_crustal_MASH,mantle_melting
TargetBinKFold,MLP,P_kbar,opx_liq,raw,330,10.0,10.0,2.7985318040647855,deep_crustal_MASH,mantle_melting
TargetBinKFold,MLP,P_kbar,opx_liq,raw,331,10.0,10.0,12.468579300579112,deep_crustal_MASH,mantle_melting
TargetBinKFold,MLP,P_kbar,opx_liq,raw,332,10.0,10.0,10.047484627280111,deep_crustal_MASH,mantle_melting
TargetBinKFold,MLP,P_kbar,opx_liq,raw,333,10.0,10.0,12.956458971482565,deep_crustal_MASH,mantle_melting
TargetBinKFold,MLP,P_kbar,opx_liq,raw,334,10.0,10.0,9.17681549859179,deep_crustal_MASH,mantle_melting
TargetBinKFold,MLP,P_kbar,opx_liq,raw,335,10.0,10.0,11.280033766960965,deep_crustal_MASH,mantle_melting
TargetBinKFold,MLP,P_kbar,opx_liq,raw,336,10.0,10.0,10.85586496772097,deep_crustal_MASH,mantle_melting
TargetBinKFold,MLP,P_kbar,opx_liq,raw,337,10.0,10.0,11.892467295079367,deep_crustal_MASH,mantle_melting
TargetBinKFold,MLP,P_kbar,opx_liq,raw,338,15.0,15.0,12.837709370309097,lithospheric_mantle,mantle_melting
TargetBinKFold,MLP,P_kbar,opx_liq,raw,339,15.0,15.0,10.538140288709721,lithospheric_mantle,mantle_melting
TargetBinKFold,MLP,P_kbar,opx_liq,raw,340,15.0,15.0,15.289939817846099,lithospheric_mantle,mantle_melting
TargetBinKFold,MLP,P_kbar,opx_liq,raw,341,12.5,12.5,19.31026365728833,deep_crustal_MASH,mantle_melting
TargetBinKFold,MLP,P_kbar,opx_liq,raw,342,15.0,15.0,16.340389603142217,lithospheric_mantle,mantle_melting
TargetBinKFold,MLP,P_kbar,opx_liq,raw,343,10.0,10.0,12.275001252707568,deep_crustal_MASH,mantle_melting
TargetBinKFold,MLP,P_kbar,opx_liq,raw,344,15.0,15.0,13.948375701357273,lithospheric_mantle,MORB
TargetBinKFold,MLP,P_kbar,opx_liq,raw,345,15.0,15.0,14.879327167714541,lithospheric_mantle,MORB
TargetBinKFold,MLP,P_kbar,opx_liq,raw,346,15.0,15.0,12.169997895772767,lithospheric_mantle,mantle_melting
TargetBinKFold,MLP,P_kbar,opx_liq,raw,347,15.0,15.0,17.379746268353475,lithospheric_mantle,mantle_melting
TargetBinKFold,MLP,P_kbar,opx_liq,raw,348,15.0,15.0,13.079184079350576,lithospheric_mantle,mantle_melting
TargetBinKFold,MLP,P_kbar,opx_liq,raw,349,15.0,15.0,12.365818804916522,lithospheric_mantle,mantle_melting
TargetBinKFold,MLP,P_kbar,opx_liq,raw,350,15.0,15.0,16.88817884478951,lithospheric_mantle,mantle_melting
TargetBinKFold,MLP,P_kbar,opx_liq,raw,351,15.0,15.0,13.40466075418911,lithospheric_mantle,MORB
TargetBinKFold,MLP,P_kbar,opx_liq,raw,352,10.0,10.0,12.40824032751824,deep_crustal_MASH,MORB
TargetBinKFold,MLP,P_kbar,opx_liq,raw,353,10.0,10.0,15.559442782260255,deep_crustal_MASH,MORB
TargetBinKFold,MLP,P_kbar,opx_liq,raw,354,15.0,15.0,12.468464376416483,lithospheric_mantle,MORB
TargetBinKFold,MLP,P_kbar,opx_liq,raw,355,10.0,10.0,12.862811208844642,deep_crustal_MASH,MORB
TargetBinKFold,MLP,P_kbar,opx_liq,raw,356,10.0,10.0,16.488639037985656,deep_crustal_MASH,MORB
TargetBinKFold,MLP,P_kbar,opx_liq,raw,357,15.0,15.0,14.807268215492615,lithospheric_mantle,mantle_melting
TargetBinKFold,MLP,P_kbar,opx_liq,raw,358,15.0,15.0,14.926443363722806,lithospheric_mantle,mantle_melting
TargetBinKFold,MLP,P_kbar,opx_liq,raw,359,15.0,15.0,15.874723434909743,lithospheric_mantle,mantle_melting
TargetBinKFold,MLP,P_kbar,opx_liq,raw,360,27.999999523163,27.999999523163,30.613337919977536,lithospheric_mantle,mantle_melting
TargetBinKFold,MLP,P_kbar,opx_liq,raw,361,27.999999523163,27.999999523163,34.01451011566817,lithospheric_mantle,mantle_melting
TargetBinKFold,MLP,P_kbar,opx_liq,raw,362,5.0,5.0,-3.956216481567258,deep_crustal_MASH,other
TargetBinKFold,MLP,P_kbar,opx_liq,raw,363,12.000000476837,12.000000476837,16.73287363967526,deep_crustal_MASH,basalt
TargetBinKFold,MLP,P_kbar,opx_liq,raw,364,12.000000476837,12.000000476837,17.46381974862476,deep_crustal_MASH,basalt
TargetBinKFold,MLP,P_kbar,opx_liq,raw,365,12.200000286102,12.200000286102,24.869440479557838,deep_crustal_MASH,basalt
TargetBinKFold,MLP,P_kbar,opx_liq,raw,366,12.599999904632998,12.599999904632998,17.96344264970982,deep_crustal_MASH,basalt
TargetBinKFold,MLP,P_kbar,opx_liq,raw,367,13.799999952316,13.799999952316,24.22443076212033,deep_crustal_MASH,basalt
TargetBinKFold,MLP,P_kbar,opx_liq,raw,368,7.5,7.5,11.817546096394828,deep_crustal_MASH,basalt
TargetBinKFold,MLP,P_kbar,opx_liq,raw,369,20.5,20.5,18.942339019402034,lithospheric_mantle,other
TargetBinKFold,MLP,P_kbar,opx_liq,raw,370,21.0,21.0,19.540655003567835,lithospheric_mantle,other
TargetBinKFold,MLP,P_kbar,opx_liq,raw,371,1.9380000233649999,1.9380000233649999,8.031321447707025,shallow_crustal,arc_silicic
TargetBinKFold,MLP,P_kbar,opx_liq,raw,372,1.2409999966621001,1.2409999966621001,8.593951401523203,shallow_crustal,arc_silicic
TargetBinKFold,MLP,P_kbar,opx_liq,raw,373,0.52400000393391,0.52400000393391,10.329459592028202,shallow_crustal,arc_silicic
TargetBinKFold,MLP,P_kbar,opx_liq,raw,374,3.0140000581741,3.0140000581741,9.250190060505183,shallow_crustal,arc_silicic
TargetBinKFold,MLP,P_kbar,opx_liq,raw,375,1.0689999908209,1.0689999908209,7.921955993451552,shallow_crustal,arc_silicic
TargetBinKFold,MLP,P_kbar,opx_liq,raw,376,1.7100000381470002,1.7100000381470002,9.837147997041704,shallow_crustal,arc_silicic
TargetBinKFold,MLP,P_kbar,opx_liq,raw,377,1.5929999947548,1.5929999947548,7.968809623296252,shallow_crustal,arc_silicic
TargetBinKFold,MLP,P_kbar,opx_liq,raw,378,1.5520000457764,1.5520000457764,7.520574819315419,shallow_crustal,arc_silicic
TargetBinKFold,MLP,P_kbar,opx_liq,raw,379,0.59000000357628,0.59000000357628,7.7869601233529515,shallow_crustal,arc_silicic
TargetBinKFold,MLP,P_kbar,opx_liq,raw,380,2.0000000298022997,2.0000000298022997,9.56950023103592,shallow_crustal,arc_silicic
TargetBinKFold,MLP,P_kbar,opx_liq,raw,381,0.97999997437,0.97999997437,7.280140769283821,shallow_crustal,arc_silicic
TargetBinKFold,MLP,P_kbar,opx_liq,raw,382,2.9199999570847,2.9199999570847,9.924343939086496,shallow_crustal,arc_silicic
TargetBinKFold,MLP,P_kbar,opx_liq,raw,383,1.0000000149012,1.0000000149012,7.436029122212878,shallow_crustal,arc_silicic
TargetBinKFold,MLP,P_kbar,opx_liq,raw,384,1.5000000596046001,1.5000000596046001,7.537550288987356,shallow_crustal,arc_silicic
TargetBinKFold,MLP,P_kbar,opx_liq,raw,385,2.1170000731945,2.1170000731945,9.162158756872625,shallow_crustal,arc_silicic
TargetBinKFold,MLP,P_kbar,opx_liq,raw,386,0.93800000846386,0.93800000846386,6.119528344103905,shallow_crustal,arc_silicic
TargetBinKFold,MLP,P_kbar,opx_liq,raw,387,1.1720000207424,1.1720000207424,7.1322857702015705,shallow_crustal,arc_silicic
TargetBinKFold,MLP,P_kbar,opx_liq,raw,388,10.0,10.0,14.243481901394647,deep_crustal_MASH,arc_silicic
TargetBinKFold,MLP,P_kbar,opx_liq,raw,389,10.0,10.0,13.783424309361815,deep_crustal_MASH,arc_silicic
TargetBinKFold,MLP,P_kbar,opx_liq,raw,390,20.0,20.0,8.277579839463387,lithospheric_mantle,arc_silicic
TargetBinKFold,MLP,P_kbar,opx_liq,raw,391,20.0,20.0,11.035560210474577,lithospheric_mantle,arc_silicic
TargetBinKFold,MLP,P_kbar,opx_liq,raw,392,20.0,20.0,12.06199904765474,lithospheric_mantle,arc_silicic
TargetBinKFold,MLP,P_kbar,opx_liq,raw,393,0.001,0.001,11.437302833254272,shallow_crustal,partitioning
TargetBinKFold,MLP,P_kbar,opx_liq,raw,394,0.001,0.001,8.616773265036423,shallow_crustal,partitioning
TargetBinKFold,MLP,P_kbar,opx_liq,raw,395,0.001,0.001,11.294483642420154,shallow_crustal,partitioning
TargetBinKFold,MLP,P_kbar,opx_liq,raw,396,0.001,0.001,9.303816150766508,shallow_crustal,partitioning
TargetBinKFold,MLP,P_kbar,opx_liq,raw,397,0.001,0.001,12.087336294765063,shallow_crustal,partitioning
TargetBinKFold,MLP,P_kbar,opx_liq,raw,398,0.001,0.001,8.005296050492943,shallow_crustal,partitioning
TargetBinKFold,MLP,P_kbar,opx_liq,raw,399,0.001,0.001,11.52072399564311,shallow_crustal,partitioning
TargetBinKFold,MLP,P_kbar,opx_liq,raw,400,0.001,0.001,10.75276627631802,shallow_crustal,partitioning
TargetBinKFold,MLP,P_kbar,opx_liq,raw,401,0.001,0.001,9.840609237120773,shallow_crustal,partitioning
TargetBinKFold,MLP,P_kbar,opx_liq,raw,402,0.001,0.001,9.625897772450152,shallow_crustal,partitioning
TargetBinKFold,MLP,P_kbar,opx_liq,raw,403,0.001,0.001,9.213748486552374,shallow_crustal,partitioning
TargetBinKFold,MLP,P_kbar,opx_liq,raw,404,0.001,0.001,9.25353356769423,shallow_crustal,partitioning
TargetBinKFold,MLP,P_kbar,opx_liq,raw,405,0.001,0.001,10.537351279705067,shallow_crustal,partitioning
TargetBinKFold,MLP,P_kbar,opx_liq,raw,406,0.001,0.001,7.413332710537996,shallow_crustal,partitioning
TargetBinKFold,MLP,P_kbar,opx_liq,raw,407,0.001,0.001,9.579649685940408,shallow_crustal,partitioning
TargetBinKFold,MLP,P_kbar,opx_liq,raw,408,0.001,0.001,6.565849499148192,shallow_crustal,partitioning
TargetBinKFold,MLP,P_kbar,opx_liq,raw,409,0.001,0.001,9.617697548385884,shallow_crustal,partitioning
TargetBinKFold,MLP,P_kbar,opx_liq,raw,410,0.001,0.001,6.208423444758323,shallow_crustal,partitioning
TargetBinKFold,MLP,P_kbar,opx_liq,raw,411,0.001,0.001,8.712725058856318,shallow_crustal,partitioning
TargetBinKFold,MLP,P_kbar,opx_liq,raw,412,0.001,0.001,5.395730489611584,shallow_crustal,partitioning
TargetBinKFold,MLP,P_kbar,opx_liq,raw,413,0.001,0.001,8.525062317335147,shallow_crustal,partitioning
TargetBinKFold,MLP,P_kbar,opx_liq,raw,414,0.001,0.001,5.512393130111163,shallow_crustal,partitioning
TargetBinKFold,MLP,P_kbar,opx_liq,raw,415,10.0,10.0,20.238005001581335,deep_crustal_MASH,mantle_melting
TargetBinKFold,MLP,P_kbar,opx_liq,raw,416,10.0,10.0,19.91398752000704,deep_crustal_MASH,mantle_melting
TargetBinKFold,MLP,P_kbar,opx_liq,raw,417,10.0,10.0,21.105051777994092,deep_crustal_MASH,mantle_melting
TargetBinKFold,MLP,P_kbar,opx_liq,raw,418,10.0,10.0,21.218101598160587,deep_crustal_MASH,mantle_melting
TargetBinKFold,MLP,P_kbar,opx_liq,raw,419,10.0,10.0,20.427642150979818,deep_crustal_MASH,mantle_melting
TargetBinKFold,MLP,P_kbar,opx_liq,raw,420,10.0,10.0,20.86975147082742,deep_crustal_MASH,mantle_melting
TargetBinKFold,MLP,P_kbar,opx_liq,raw,421,10.0,10.0,20.40001451985408,deep_crustal_MASH,mantle_melting
TargetBinKFold,MLP,P_kbar,opx_liq,raw,422,10.0,10.0,19.725373682722314,deep_crustal_MASH,mantle_melting
TargetBinKFold,MLP,P_kbar,opx_liq,raw,423,10.0,10.0,20.526690332536756,deep_crustal_MASH,mantle_melting
TargetBinKFold,MLP,P_kbar,opx_liq,raw,424,10.0,10.0,21.214274923103563,deep_crustal_MASH,mantle_melting
TargetBinKFold,MLP,P_kbar,opx_liq,raw,425,50.0,50.0,31.426206583605516,deeper_mantle,partitioning
TargetBinKFold,MLP,P_kbar,opx_liq,raw,426,5.0199997425079,5.0199997425079,9.095736524139072,deep_crustal_MASH,basalt
TargetBinKFold,MLP,P_kbar,opx_liq,raw,427,5.0199997425079,5.0199997425079,10.243628199370423,deep_crustal_MASH,basalt
TargetBinKFold,MLP,P_kbar,opx_liq,raw,428,5.0169998407364,5.0169998407364,10.393982105897553,deep_crustal_MASH,basalt
TargetBinKFold,MLP,P_kbar,opx_liq,raw,429,10.0,10.0,14.822295022003335,deep_crustal_MASH,arc_silicic
TargetBinKFold,MLP,P_kbar,opx_liq,raw,430,15.0,15.0,9.051488405558617,lithospheric_mantle,arc_silicic
TargetBinKFold,MLP,P_kbar,opx_liq,raw,431,17.5,17.5,11.751937888417988,lithospheric_mantle,arc_silicic
TargetBinKFold,MLP,P_kbar,opx_liq,raw,432,46.9999990463255,46.9999990463255,33.23300100180953,deeper_mantle,other
TargetBinKFold,MLP,P_kbar,opx_liq,raw,433,10.0,10.0,14.967691264632325,deep_crustal_MASH,mantle_melting
TargetBinKFold,MLP,P_kbar,opx_liq,raw,434,17.5,17.5,11.493691471245688,lithospheric_mantle,arc_silicic
TargetBinKFold,MLP,P_kbar,opx_liq,raw,435,27.75024994039535,27.75024994039535,50.39542775159542,lithospheric_mantle,other
TargetBinKFold,MLP,P_kbar,opx_liq,raw,436,12.5,12.5,15.078968981440772,deep_crustal_MASH,arc_silicic
TargetBinKFold,MLP,P_kbar,opx_liq,raw,437,15.0,15.0,9.094112487431195,lithospheric_mantle,mantle_melting
TargetBinKFold,MLP,P_kbar,opx_liq,raw,438,50.0,50.0,32.1326171908279,deeper_mantle,other
TargetBinKFold,MLP,P_kbar,opx_liq,raw,439,12.999999523163,12.999999523163,14.303667502697362,deep_crustal_MASH,arc_silicic
TargetBinKFold,MLP,P_kbar,opx_liq,raw,440,10.0,10.0,13.427432206422953,deep_crustal_MASH,mantle_melting
TargetBinKFold,MLP,P_kbar,opx_liq,raw,441,15.0,15.0,12.502388910881011,lithospheric_mantle,arc_silicic
TargetBinKFold,MLP,P_kbar,opx_liq,raw,442,50.0,50.0,35.21534952919433,deeper_mantle,other
TargetBinKFold,MLP,P_kbar,opx_liq,raw,443,15.0,15.0,12.856697660492733,lithospheric_mantle,arc_silicic
TargetBinKFold,MLP,P_kbar,opx_liq,raw,444,10.0,10.0,12.513369874386356,deep_crustal_MASH,mantle_melting
TargetBinKFold,MLP,P_kbar,opx_liq,raw,445,17.5,17.5,13.879348620884096,lithospheric_mantle,arc_silicic
TargetBinKFold,MLP,P_kbar,opx_liq,raw,446,10.0,10.0,9.52269153817365,deep_crustal_MASH,mantle_melting
TargetBinKFold,MLP,P_kbar,opx_liq,raw,447,10.0,10.0,13.734895770597447,deep_crustal_MASH,mantle_melting
TargetBinKFold,MLP,P_kbar,opx_liq,raw,448,10.0,10.0,15.062315423004986,deep_crustal_MASH,mantle_melting
TargetBinKFold,MLP,P_kbar,opx_liq,raw,449,12.000000476837,12.000000476837,16.24085832760842,deep_crustal_MASH,arc_silicic
TargetBinKFold,MLP,P_kbar,opx_liq,raw,450,22.999999523163,22.999999523163,6.189612033625787,lithospheric_mantle,basalt
TargetBinKFold,MLP,P_kbar,opx_liq,raw,451,15.0,15.0,8.15706392597029,lithospheric_mantle,mantle_melting
TargetBinKFold,MLP,P_kbar,opx_liq,raw,452,18.999999761580998,18.999999761580998,13.84539399275213,lithospheric_mantle,arc_silicic
TargetBinKFold,MLP,P_kbar,opx_liq,raw,453,0.00099999997473788,0.00099999997473788,11.4384563174776,shallow_crustal,basalt
TargetBinKFold,MLP,P_kbar,opx_liq,raw,454,2.0000000298022997,2.0000000298022997,6.9860473477033915,shallow_crustal,basalt
TargetBinKFold,MLP,P_kbar,opx_liq,raw,455,0.00099999997473788,0.00099999997473788,5.287829684323093,shallow_crustal,basalt
TargetBinKFold,MLP,P_kbar,opx_liq,raw,456,2.0000000298022997,2.0000000298022997,6.130231068353268,shallow_crustal,basalt
TargetBinKFold,MLP,P_kbar,opx_liq,raw,457,2.0000000298022997,2.0000000298022997,7.779407422312271,shallow_crustal,basalt
TargetBinKFold,MLP,P_kbar,opx_liq,raw,458,0.00099999997473788,0.00099999997473788,5.951714207950488,shallow_crustal,basalt
TargetBinKFold,MLP,P_kbar,opx_liq,raw,459,0.00099999997473788,0.00099999997473788,6.341452135717527,shallow_crustal,basalt
TargetBinKFold,MLP,P_kbar,opx_liq,raw,460,0.00099999997473788,0.00099999997473788,4.184250419474528,shallow_crustal,basalt
TargetBinKFold,MLP,P_kbar,opx_liq,raw,461,0.00099999997473788,0.00099999997473788,5.655248092534992,shallow_crustal,basalt
TargetBinKFold,MLP,P_kbar,opx_liq,raw,462,0.001,0.001,9.429291761248344,shallow_crustal,partitioning
TargetBinKFold,MLP,P_kbar,opx_liq,raw,463,0.001,0.001,5.213836875332731,shallow_crustal,partitioning
TargetBinKFold,MLP,P_kbar,opx_liq,raw,464,0.001,0.001,8.508585037280046,shallow_crustal,partitioning
TargetBinKFold,MLP,P_kbar,opx_liq,raw,465,0.001,0.001,11.048832202269516,shallow_crustal,partitioning
TargetBinKFold,MLP,P_kbar,opx_liq,raw,466,0.001,0.001,9.485055264837323,shallow_crustal,partitioning
TargetBinKFold,MLP,P_kbar,opx_liq,raw,467,0.001,0.001,10.820103558495338,shallow_crustal,partitioning
TargetBinKFold,MLP,P_kbar,opx_liq,raw,468,0.001,0.001,5.080454004737448,shallow_crustal,partitioning
TargetBinKFold,MLP,P_kbar,opx_liq,raw,469,0.001,0.001,6.219705793292387,shallow_crustal,partitioning
TargetBinKFold,MLP,P_kbar,opx_liq,raw,470,0.001,0.001,9.645299529546913,shallow_crustal,partitioning
TargetBinKFold,MLP,P_kbar,opx_liq,raw,471,0.001,0.001,5.632970513372657,shallow_crustal,partitioning
TargetBinKFold,MLP,P_kbar,opx_liq,raw,472,0.001,0.001,9.841315049791238,shallow_crustal,partitioning
TargetBinKFold,MLP,P_kbar,opx_liq,raw,473,0.001,0.001,4.29508841135328,shallow_crustal,partitioning
TargetBinKFold,MLP,P_kbar,opx_liq,raw,474,0.001,0.001,6.625361278959632,shallow_crustal,partitioning
TargetBinKFold,MLP,P_kbar,opx_liq,raw,475,0.001,0.001,8.90148553971031,shallow_crustal,partitioning
TargetBinKFold,MLP,P_kbar,opx_liq,raw,476,0.001,0.001,3.5640871039660973,shallow_crustal,partitioning
TargetBinKFold,MLP,P_kbar,opx_liq,raw,477,0.001,0.001,6.1816888638367535,shallow_crustal,partitioning
TargetBinKFold,MLP,P_kbar,opx_liq,raw,478,0.001,0.001,3.546709620537168,shallow_crustal,partitioning
TargetBinKFold,MLP,P_kbar,opx_liq,raw,479,0.001,0.001,3.753808582813696,shallow_crustal,partitioning
TargetBinKFold,MLP,P_kbar,opx_liq,raw,480,0.001,0.001,6.984133572768196,shallow_crustal,partitioning
TargetBinKFold,MLP,P_kbar,opx_liq,raw,481,0.001,0.001,4.296879018763567,shallow_crustal,partitioning
TargetBinKFold,MLP,P_kbar,opx_liq,raw,482,0.001,0.001,4.5761924763428805,shallow_crustal,partitioning
TargetBinKFold,MLP,P_kbar,opx_liq,raw,483,0.001,0.001,6.600023590078784,shallow_crustal,partitioning
TargetBinKFold,MLP,P_kbar,opx_liq,raw,484,15.0,15.0,7.488519078698095,lithospheric_mantle,basalt
TargetBinKFold,MLP,P_kbar,opx_liq,raw,485,0.001,0.001,4.25539900784766,shallow_crustal,partitioning
TargetBinKFold,MLP,P_kbar,opx_liq,raw,486,0.001,0.001,7.714861062792207,shallow_crustal,partitioning
TargetBinKFold,MLP,P_kbar,opx_liq,raw,487,0.001,0.001,3.971236041983947,shallow_crustal,partitioning
TargetBinKFold,MLP,P_kbar,opx_liq,raw,488,0.001,0.001,4.033258858006095,shallow_crustal,partitioning
TargetBinKFold,MLP,P_kbar,opx_liq,raw,489,0.001,0.001,7.837404193230025,shallow_crustal,partitioning
TargetBinKFold,MLP,P_kbar,opx_liq,raw,490,0.001,0.001,5.132240825156705,shallow_crustal,partitioning
TargetBinKFold,MLP,P_kbar,opx_liq,raw,491,0.001,0.001,5.338884297333591,shallow_crustal,partitioning
TargetBinKFold,MLP,P_kbar,opx_liq,raw,492,0.001,0.001,6.720678642411176,shallow_crustal,partitioning
TargetBinKFold,MLP,P_kbar,opx_liq,raw,493,0.001,0.001,6.927202447886412,shallow_crustal,partitioning
TargetBinKFold,MLP,P_kbar,opx_liq,raw,494,0.001,0.001,4.1907140123110365,shallow_crustal,partitioning
TargetBinKFold,MLP,P_kbar,opx_liq,raw,495,0.001,0.001,7.688637950081145,shallow_crustal,partitioning
TargetBinKFold,MLP,P_kbar,opx_liq,raw,496,0.001,0.001,3.0123681329392173,shallow_crustal,partitioning
TargetBinKFold,MLP,P_kbar,opx_liq,raw,497,12.000000476837,12.000000476837,16.59776131508505,deep_crustal_MASH,MORB
TargetBinKFold,MLP,P_kbar,opx_liq,raw,498,12.000000476837,12.000000476837,14.861828144335991,deep_crustal_MASH,MORB
TargetBinKFold,MLP,P_kbar,opx_liq,raw,499,8.0000001192093,8.0000001192093,1.8893178077260764,deep_crustal_MASH,basalt
TargetBinKFold,MLP,P_kbar,opx_liq,raw,500,12.000000476837,12.000000476837,14.771224746597927,deep_crustal_MASH,MORB
TargetBinKFold,MLP,P_kbar,opx_liq,raw,501,12.000000476837,12.000000476837,15.459364695702595,deep_crustal_MASH,MORB
TargetBinKFold,MLP,P_kbar,opx_liq,raw,502,12.000000476837,12.000000476837,15.29630685383054,deep_crustal_MASH,MORB
TargetBinKFold,MLP,P_kbar,opx_liq,raw,503,12.000000476837,12.000000476837,12.921235375797043,deep_crustal_MASH,MORB
TargetBinKFold,MLP,P_kbar,opx_liq,raw,504,13.999999761580998,13.999999761580998,14.55682175626746,deep_crustal_MASH,other
TargetBinKFold,MLP,P_kbar,opx_liq,raw,505,16.000000238419002,16.000000238419002,13.746619562642927,lithospheric_mantle,other
TargetBinKFold,MLP,P_kbar,opx_liq,raw,506,20.0,20.0,20.890952982198293,lithospheric_mantle,other
TargetBinKFold,MLP,P_kbar,opx_liq,raw,507,20.0,20.0,18.378785231582096,lithospheric_mantle,other
TargetBinKFold,MLP,P_kbar,opx_liq,raw,508,17.999999523162998,17.999999523162998,16.522058213641767,lithospheric_mantle,other
TargetBinKFold,MLP,P_kbar,opx_liq,raw,509,17.999999523162998,17.999999523162998,14.219239549577262,lithospheric_mantle,other
TargetBinKFold,MLP,P_kbar,opx_liq,raw,510,17.000000476837002,17.000000476837002,14.47997429167541,lithospheric_mantle,other
TargetBinKFold,MLP,P_kbar,opx_liq,raw,511,22.000000476837,22.000000476837,17.670847386183897,lithospheric_mantle,mantle_melting
TargetBinKFold,MLP,P_kbar,opx_liq,raw,512,22.000000476837,22.000000476837,17.675241964467528,lithospheric_mantle,mantle_melting
TargetBinKFold,MLP,P_kbar,opx_liq,raw,513,15.0,15.0,11.823869671891497,lithospheric_mantle,mantle_melting
TargetBinKFold,MLP,P_kbar,opx_liq,raw,514,12.0,12.0,15.083293628767873,deep_crustal_MASH,mantle_melting
TargetBinKFold,MLP,P_kbar,opx_liq,raw,515,12.0,12.0,14.919592445936587,deep_crustal_MASH,mantle_melting
TargetBinKFold,MLP,P_kbar,opx_liq,raw,516,25.0,25.0,24.702897698306206,lithospheric_mantle,mantle_melting
TargetBinKFold,MLP,P_kbar,opx_liq,raw,517,12.0,12.0,17.87299950337323,deep_crustal_MASH,mantle_melting
TargetBinKFold,MLP,P_kbar,opx_liq,raw,518,12.0,12.0,18.636762163536012,deep_crustal_MASH,mantle_melting
TargetBinKFold,MLP,P_kbar,opx_liq,raw,519,8.0,8.0,14.819088644791186,deep_crustal_MASH,mantle_melting
TargetBinKFold,MLP,P_kbar,opx_liq,raw,520,12.0,12.0,13.918844437592014,deep_crustal_MASH,mantle_melting
TargetBinKFold,MLP,P_kbar,opx_liq,raw,521,16.0,16.0,8.77100275033065,lithospheric_mantle,mantle_melting
TargetBinKFold,MLP,P_kbar,opx_liq,raw,522,12.0,12.0,13.601618352524877,deep_crustal_MASH,mantle_melting
TargetBinKFold,MLP,P_kbar,opx_liq,raw,523,17.999999523162998,17.999999523162998,18.997453804295436,lithospheric_mantle,other
TargetBinKFold,MLP,P_kbar,opx_liq,raw,524,17.999999523162998,17.999999523162998,19.785089604753367,lithospheric_mantle,other
TargetBinKFold,MLP,P_kbar,opx_liq,raw,525,20.0,20.0,17.22575792800577,lithospheric_mantle,other
TargetBinKFold,MLP,P_kbar,opx_liq,raw,526,20.0,20.0,16.021237246427166,lithospheric_mantle,other
TargetBinKFold,MLP,P_kbar,opx_liq,raw,527,20.0,20.0,18.47546246873207,lithospheric_mantle,other
TargetBinKFold,MLP,P_kbar,opx_liq,raw,528,20.0,20.0,15.189075392618976,lithospheric_mantle,other
TargetBinKFold,MLP,P_kbar,opx_liq,raw,529,20.0,20.0,18.602688041464592,lithospheric_mantle,other
TargetBinKFold,MLP,P_kbar,opx_liq,raw,530,16.000000238419002,16.000000238419002,14.507439974714638,lithospheric_mantle,other
TargetBinKFold,MLP,P_kbar,opx_liq,raw,531,16.000000238419002,16.000000238419002,16.802350127708294,lithospheric_mantle,other
TargetBinKFold,MLP,P_kbar,opx_liq,raw,532,12.0,12.0,17.006435380263426,deep_crustal_MASH,mantle_melting
TargetBinKFold,MLP,P_kbar,opx_liq,raw,533,12.0,12.0,18.719074348163293,deep_crustal_MASH,mantle_melting
TargetBinKFold,MLP,P_kbar,opx_liq,raw,534,12.0,12.0,16.095092613732316,deep_crustal_MASH,mantle_melting
TargetBinKFold,MLP,P_kbar,opx_liq,raw,535,12.0,12.0,16.954445339622097,deep_crustal_MASH,mantle_melting
TargetBinKFold,MLP,P_kbar,opx_liq,raw,536,8.9999997615814,8.9999997615814,2.2997884038448757,deep_crustal_MASH,MORB
TargetBinKFold,MLP,P_kbar,opx_liq,raw,537,8.9999997615814,8.9999997615814,9.186087172675744,deep_crustal_MASH,MORB
TargetBinKFold,MLP,P_kbar,opx_liq,raw,538,12.999999523163,12.999999523163,16.27069129674656,deep_crustal_MASH,MORB
TargetBinKFold,MLP,P_kbar,opx_liq,raw,539,8.9999997615814,8.9999997615814,7.415854501109893,deep_crustal_MASH,MORB
TargetBinKFold,MLP,P_kbar,opx_liq,raw,540,16.000000238419002,16.000000238419002,16.414450616203478,lithospheric_mantle,MORB
TargetBinKFold,MLP,P_kbar,opx_liq,raw,541,11.000000238419002,11.000000238419002,13.39275369600643,deep_crustal_MASH,MORB
TargetBinKFold,MLP,P_kbar,opx_liq,raw,542,16.000000238419002,16.000000238419002,15.958358199397535,lithospheric_mantle,MORB
TargetBinKFold,MLP,P_kbar,opx_liq,raw,543,16.000000238419002,16.000000238419002,15.588464556264832,lithospheric_mantle,MORB
TargetBinKFold,MLP,P_kbar,opx_liq,raw,544,12.999999523163,12.999999523163,14.43459381000087,deep_crustal_MASH,MORB
TargetBinKFold,MLP,P_kbar,opx_liq,raw,545,16.000000238419002,16.000000238419002,14.605776922019894,lithospheric_mantle,MORB
TargetBinKFold,MLP,P_kbar,opx_liq,raw,546,8.9999997615814,8.9999997615814,6.45765331942197,deep_crustal_MASH,MORB
TargetBinKFold,MLP,P_kbar,opx_liq,raw,547,24.000000953674,24.000000953674,20.72322547449478,lithospheric_mantle,MORB
TargetBinKFold,MLP,P_kbar,opx_liq,raw,548,24.000000953674,24.000000953674,20.42012743023529,lithospheric_mantle,MORB
TargetBinKFold,MLP,P_kbar,opx_liq,raw,549,13.0,13.0,13.204955353261667,deep_crustal_MASH,mantle_melting
TargetBinKFold,MLP,P_kbar,opx_liq,raw,550,15.0,15.0,9.814876050865735,lithospheric_mantle,other
TargetBinKFold,MLP,P_kbar,opx_liq,raw,551,20.0,20.0,7.997060537709542,lithospheric_mantle,other
TargetBinKFold,MLP,P_kbar,opx_liq,raw,552,15.0,15.0,7.517819397583397,lithospheric_mantle,other
TargetBinKFold,MLP,P_kbar,opx_liq,raw,553,10.0,10.0,11.866845884442162,deep_crustal_MASH,mantle_melting
TargetBinKFold,MLP,P_kbar,opx_liq,raw,554,10.0,10.0,20.895978790207185,deep_crustal_MASH,mantle_melting
TargetBinKFold,MLP,P_kbar,opx_liq,raw,555,10.0,10.0,8.096669112345822,deep_crustal_MASH,mantle_melting
TargetBinKFold,MLP,P_kbar,opx_liq,raw,556,10.0,10.0,9.007196507575694,deep_crustal_MASH,mantle_melting
TargetBinKFold,MLP,P_kbar,opx_liq,raw,557,10.0,10.0,8.402345798473187,deep_crustal_MASH,mantle_melting
TargetBinKFold,MLP,P_kbar,opx_liq,raw,558,10.0,10.0,10.519080505266718,deep_crustal_MASH,mantle_melting
TargetBinKFold,MLP,P_kbar,opx_liq,raw,559,10.0,10.0,7.426268356523208,deep_crustal_MASH,mantle_melting
TargetBinKFold,MLP,P_kbar,opx_liq,raw,560,10.0,10.0,14.089909363964289,deep_crustal_MASH,mantle_melting
TargetBinKFold,MLP,P_kbar,opx_liq,raw,561,10.0,10.0,16.919680262177515,deep_crustal_MASH,mantle_melting
TargetBinKFold,MLP,P_kbar,opx_liq,raw,562,10.0,10.0,12.824263119998982,deep_crustal_MASH,mantle_melting
TargetBinKFold,MLP,P_kbar,opx_liq,raw,563,30.0,30.0,28.287909135871544,deeper_mantle,other
TargetBinKFold,MLP,P_kbar,opx_liq,raw,564,30.0,30.0,30.969437371687807,deeper_mantle,other
TargetBinKFold,MLP,P_kbar,opx_liq,raw,565,30.0,30.0,30.401040900500153,deeper_mantle,other
TargetBinKFold,MLP,P_kbar,opx_liq,raw,566,30.0,30.0,30.421892417890962,deeper_mantle,other
TargetBinKFold,MLP,P_kbar,opx_liq,raw,567,30.0,30.0,29.81774259704414,deeper_mantle,other
TargetBinKFold,MLP,P_kbar,opx_liq,raw,568,10.0,10.0,15.135463284278526,deep_crustal_MASH,mantle_melting
TargetBinKFold,MLP,P_kbar,opx_liq,raw,569,10.0,10.0,16.17671765796181,deep_crustal_MASH,mantle_melting
TargetBinKFold,MLP,P_kbar,opx_liq,raw,570,12.999999523163,12.999999523163,11.720722010242653,deep_crustal_MASH,other
TargetBinKFold,MLP,P_kbar,opx_liq,raw,571,12.999999523163,12.999999523163,11.566374235654756,deep_crustal_MASH,other
TargetBinKFold,MLP,P_kbar,opx_liq,raw,572,12.999999761581499,12.999999761581499,14.56683758425416,deep_crustal_MASH,other
TargetBinKFold,MLP,P_kbar,opx_liq,raw,573,12.999999523163,12.999999523163,6.691576610974533,deep_crustal_MASH,other
TargetBinKFold,MLP,P_kbar,opx_liq,raw,574,10.0,10.0,12.30734839744922,deep_crustal_MASH,other
TargetBinKFold,MLP,P_kbar,opx_liq,raw,575,0.00099999997473788,0.00099999997473788,6.525785265827097,shallow_crustal,other
TargetBinKFold,MLP,P_kbar,opx_liq,raw,576,6.999999880790701,6.999999880790701,8.95506376586643,deep_crustal_MASH,other
TargetBinKFold,MLP,P_kbar,opx_liq,raw,577,10.0,10.0,12.627034305586932,deep_crustal_MASH,other
TargetBinKFold,MLP,P_kbar,opx_liq,raw,578,10.0,10.0,7.4812882602303965,deep_crustal_MASH,other
TargetBinKFold,MLP,P_kbar,opx_liq,raw,579,6.999999880790701,6.999999880790701,13.849879661818845,deep_crustal_MASH,other
TargetBinKFold,MLP,P_kbar,opx_liq,raw,580,27.999999523163,27.999999523163,24.51869825828755,lithospheric_mantle,MORB
TargetBinKFold,MLP,P_kbar,opx_liq,raw,581,27.999999523163,27.999999523163,24.695616688350206,lithospheric_mantle,MORB
TargetBinKFold,MLP,P_kbar,opx_liq,raw,582,27.999999523163,27.999999523163,25.884935569057735,lithospheric_mantle,MORB
TargetBinKFold,MLP,P_kbar,opx_liq,raw,583,15.0,15.0,5.7267915306530774,lithospheric_mantle,mantle_melting
TargetBinKFold,MLP,P_kbar,opx_liq,raw,584,15.0,15.0,8.386389537500502,lithospheric_mantle,mantle_melting
TargetBinKFold,MLP,P_kbar,opx_liq,raw,585,20.0,20.0,9.853775853443848,lithospheric_mantle,mantle_melting
TargetBinKFold,MLP,P_kbar,opx_liq,raw,586,20.0,20.0,12.835973777754944,lithospheric_mantle,mantle_melting
TargetBinKFold,MLP,P_kbar,opx_liq,raw,587,15.0,15.0,13.123257830286832,lithospheric_mantle,mantle_melting
TargetBinKFold,MLP,P_kbar,opx_liq,raw,588,20.0,20.0,15.622605754483827,lithospheric_mantle,mantle_melting
TargetBinKFold,MLP,P_kbar,opx_liq,raw,589,20.0,20.0,12.611331320283089,lithospheric_mantle,mantle_melting
TargetBinKFold,MLP,P_kbar,opx_liq,raw,590,15.0,15.0,8.377227848025976,lithospheric_mantle,mantle_melting
TargetBinKFold,MLP,P_kbar,opx_liq,raw,591,20.0,20.0,13.538312247206893,lithospheric_mantle,mantle_melting
TargetBinKFold,MLP,P_kbar,opx_liq,raw,592,20.0,20.0,20.1265048872495,lithospheric_mantle,mantle_melting
TargetBinKFold,MLP,P_kbar,opx_liq,raw,593,20.0,20.0,13.656642317256503,lithospheric_mantle,mantle_melting
TargetBinKFold,MLP,P_kbar,opx_liq,raw,594,20.0,20.0,19.861536623159125,lithospheric_mantle,mantle_melting
TargetBinKFold,MLP,P_kbar,opx_liq,raw,595,15.0,15.0,20.41430576787609,lithospheric_mantle,mantle_melting
TargetBinKFold,MLP,P_kbar,opx_liq,raw,596,20.0,20.0,22.589522784078067,lithospheric_mantle,mantle_melting
TargetBinKFold,MLP,P_kbar,opx_liq,raw,597,0.001,0.001,17.624938165075193,shallow_crustal,other
TargetBinKFold,MLP,P_kbar,opx_liq,raw,598,0.001,0.001,17.736608040472607,shallow_crustal,other
TargetBinKFold,MLP,P_kbar,opx_liq,raw,599,0.001,0.001,16.769260368455427,shallow_crustal,other
LeaveOneRegionOut,MLP,P_kbar,opx_liq,raw,0,12.496285693092789,12.496285693092789,4.300635688046486,deep_crustal_MASH,other
LeaveOneRegionOut,MLP,P_kbar,opx_liq,raw,1,4.9849998950958,4.9849998950958,4.010624433453067,shallow_crustal,basalt
LeaveOneRegionOut,MLP,P_kbar,opx_liq,raw,2,0.001,0.001,0.6133256619875764,shallow_crustal,other
LeaveOneRegionOut,MLP,P_kbar,opx_liq,raw,3,0.001,0.001,5.01036491615095,shallow_crustal,other
LeaveOneRegionOut,MLP,P_kbar,opx_liq,raw,4,3.0000001192093,3.0000001192093,8.16487767852694,shallow_crustal,metamorphic
LeaveOneRegionOut,MLP,P_kbar,opx_liq,raw,5,5.0,5.0,8.584585325257406,deep_crustal_MASH,metamorphic
LeaveOneRegionOut,MLP,P_kbar,opx_liq,raw,6,3.0000001192093,3.0000001192093,22.163133456689724,shallow_crustal,metamorphic
LeaveOneRegionOut,MLP,P_kbar,opx_liq,raw,7,1.0000000149012,1.0000000149012,4.665734113774214,shallow_crustal,arc_silicic
LeaveOneRegionOut,MLP,P_kbar,opx_liq,raw,8,1.0000000149012,1.0000000149012,7.5414342410321025,shallow_crustal,arc_silicic
LeaveOneRegionOut,MLP,P_kbar,opx_liq,raw,9,11.00000001490115,11.00000001490115,15.039649889346594,deep_crustal_MASH,other
LeaveOneRegionOut,MLP,P_kbar,opx_liq,raw,10,6.100000236183325,6.100000236183325,18.511182719815302,deep_crustal_MASH,other
LeaveOneRegionOut,MLP,P_kbar,opx_liq,raw,11,4.8249998688698,4.8249998688698,4.552324675428248,shallow_crustal,basalt
LeaveOneRegionOut,MLP,P_kbar,opx_liq,raw,12,2.0000000298022997,2.0000000298022997,3.554337966343476,shallow_crustal,other
LeaveOneRegionOut,MLP,P_kbar,opx_liq,raw,13,0.001,0.001,1.6844276385959223,shallow_crustal,other
LeaveOneRegionOut,MLP,P_kbar,opx_liq,raw,14,11.02628122898306,11.02628122898306,13.234745021825507,deep_crustal_MASH,other
LeaveOneRegionOut,MLP,P_kbar,opx_liq,raw,15,35.66666682561233,35.66666682561233,18.326057756978237,deeper_mantle,other
LeaveOneRegionOut,MLP,P_kbar,opx_liq,raw,16,0.001,0.001,8.286162112347881,shallow_crustal,other
LeaveOneRegionOut,MLP,P_kbar,opx_liq,raw,17,5.0,5.0,3.940777677496056,deep_crustal_MASH,other
LeaveOneRegionOut,MLP,P_kbar,opx_liq,raw,18,11.119025624851448,11.119025624851448,8.635690769565306,deep_crustal_MASH,other
LeaveOneRegionOut,MLP,P_kbar,opx_liq,raw,19,8.78518178494235,8.78518178494235,10.030870982924142,deep_crustal_MASH,mantle_melting
LeaveOneRegionOut,MLP,P_kbar,opx_liq,raw,20,9.275884610137489,9.275884610137489,12.290113568415773,deep_crustal_MASH,mantle_melting
LeaveOneRegionOut,MLP,P_kbar,opx_liq,raw,21,10.399999991059305,10.399999991059305,16.235500663858694,deep_crustal_MASH,basalt
LeaveOneRegionOut,MLP,P_kbar,opx_liq,raw,22,15.0,15.0,23.62791956038471,lithospheric_mantle,mantle_melting
LeaveOneRegionOut,MLP,P_kbar,opx_liq,raw,23,12.28362969507237,12.28362969507237,6.918774107469376,deep_crustal_MASH,mantle_melting
LeaveOneRegionOut,MLP,P_kbar,opx_liq,raw,24,10.0,10.0,8.828798531588705,deep_crustal_MASH,basalt
LeaveOneRegionOut,MLP,P_kbar,opx_liq,raw,25,0.00099999997473788,0.00099999997473788,9.042317334194005,shallow_crustal,basalt
LeaveOneRegionOut,MLP,P_kbar,opx_liq,raw,26,12.56707144985703,12.56707144985703,8.137334778866354,deep_crustal_MASH,mantle_melting
LeaveOneRegionOut,MLP,P_kbar,opx_liq,raw,27,8.086285725460572,8.086285725460572,2.698239518632745,deep_crustal_MASH,basalt
LeaveOneRegionOut,MLP,P_kbar,opx_liq,raw,28,7.659611106178159,7.659611106178159,4.673853266372585,deep_crustal_MASH,basalt
LeaveOneRegionOut,MLP,P_kbar,opx_liq,raw,29,20.0,20.0,23.77331694660471,lithospheric_mantle,partitioning
LeaveOneRegionOut,MLP,P_kbar,opx_liq,raw,30,5.0,5.0,3.3605739917834145,deep_crustal_MASH,metamorphic
LeaveOneRegionOut,MLP,P_kbar,opx_liq,raw,31,10.0,10.0,4.7546879209805155,deep_crustal_MASH,basalt
LeaveOneRegionOut,MLP,P_kbar,opx_liq,raw,32,30.0,30.0,22.06260096432079,deeper_mantle,mantle_melting
LeaveOneRegionOut,MLP,P_kbar,opx_liq,raw,33,30.0,30.0,18.391796425184598,deeper_mantle,mantle_melting
LeaveOneRegionOut,MLP,P_kbar,opx_liq,raw,34,7.195500025760334,7.195500025760334,1.7443519083415724,deep_crustal_MASH,basalt
LeaveOneRegionOut,MLP,P_kbar,opx_liq,raw,35,5.369384613849325,5.369384613849325,11.915215582164945,deep_crustal_MASH,arc_silicic
LeaveOneRegionOut,MLP,P_kbar,opx_liq,raw,36,30.0,30.0,28.59494557091037,deeper_mantle,partitioning
LeaveOneRegionOut,MLP,P_kbar,opx_liq,raw,37,20.0,20.0,22.83623014206624,lithospheric_mantle,basalt
LeaveOneRegionOut,MLP,P_kbar,opx_liq,raw,38,40.0,40.0,33.28573761215289,deeper_mantle,mantle_melting
LeaveOneRegionOut,MLP,P_kbar,opx_liq,raw,39,40.0,40.0,34.202043886611264,deeper_mantle,mantle_melting
LeaveOneRegionOut,MLP,P_kbar,opx_liq,raw,40,45.0,45.0,40.71386143843882,deeper_mantle,mantle_melting
LeaveOneRegionOut,MLP,P_kbar,opx_liq,raw,41,6.469000022348593,6.469000022348593,6.052264555058873,deep_crustal_MASH,mantle_melting
LeaveOneRegionOut,MLP,P_kbar,opx_liq,raw,42,7.022909071941695,7.022909071941695,13.545937764194182,deep_crustal_MASH,mantle_melting
LeaveOneRegionOut,MLP,P_kbar,opx_liq,raw,43,10.0,10.0,10.72365095993168,deep_crustal_MASH,MORB
LeaveOneRegionOut,MLP,P_kbar,opx_liq,raw,44,10.0,10.0,9.92276768350405,deep_crustal_MASH,MORB
LeaveOneRegionOut,MLP,P_kbar,opx_liq,raw,45,20.0,20.0,20.154325926263212,lithospheric_mantle,MORB
LeaveOneRegionOut,MLP,P_kbar,opx_liq,raw,46,7.87644445708062,7.87644445708062,5.107962883955946,deep_crustal_MASH,mantle_melting
LeaveOneRegionOut,MLP,P_kbar,opx_liq,raw,47,9.693111129707756,9.693111129707756,3.135956300253016,deep_crustal_MASH,arc_silicic
LeaveOneRegionOut,MLP,P_kbar,opx_liq,raw,48,10.0,10.0,9.454080068896811,deep_crustal_MASH,mantle_melting
LeaveOneRegionOut,MLP,P_kbar,opx_liq,raw,49,15.250125059604626,15.250125059604626,7.888107267009025,lithospheric_mantle,mantle_melting
LeaveOneRegionOut,MLP,P_kbar,opx_liq,raw,50,17.999999952316198,17.999999952316198,15.426240445900351,lithospheric_mantle,mantle_melting
LeaveOneRegionOut,MLP,P_kbar,opx_liq,raw,51,60.0,60.0,38.216774390415786,deeper_mantle,mantle_melting
LeaveOneRegionOut,MLP,P_kbar,opx_liq,raw,52,1.1000000126659748,1.1000000126659748,4.643981795850721,shallow_crustal,other
LeaveOneRegionOut,MLP,P_kbar,opx_liq,raw,53,0.0010132500028703,0.0010132500028703,3.3346244375055676,shallow_crustal,basalt
LeaveOneRegionOut,MLP,P_kbar,opx_liq,raw,54,0.0010132500028703,0.0010132500028703,0.6451445284727751,shallow_crustal,basalt
LeaveOneRegionOut,MLP,P_kbar,opx_liq,raw,55,0.00099999997473788,0.00099999997473788,1.901019280033704,shallow_crustal,arc_silicic
LeaveOneRegionOut,MLP,P_kbar,opx_liq,raw,56,6.666999999991579,6.666999999991579,12.843523289411413,deep_crustal_MASH,other
LeaveOneRegionOut,MLP,P_kbar,opx_liq,raw,57,7.500499999987369,7.500499999987369,17.01613765056956,deep_crustal_MASH,other
LeaveOneRegionOut,MLP,P_kbar,opx_liq,raw,58,15.0,15.0,18.716558673779048,lithospheric_mantle,other
LeaveOneRegionOut,MLP,P_kbar,opx_liq,raw,59,7.500499999987369,7.500499999987369,17.60734336881677,deep_crustal_MASH,other
LeaveOneRegionOut,MLP,P_kbar,opx_liq,raw,60,15.0,15.0,18.22302139946153,lithospheric_mantle,other
LeaveOneRegionOut,MLP,P_kbar,opx_liq,raw,61,10.0,10.0,13.29174521142696,deep_crustal_MASH,other
LeaveOneRegionOut,MLP,P_kbar,opx_liq,raw,62,10.000333333324912,10.000333333324912,13.326561804133412,deep_crustal_MASH,other
LeaveOneRegionOut,MLP,P_kbar,opx_liq,raw,63,13.500000238418501,13.500000238418501,13.124676932622156,deep_crustal_MASH,other
LeaveOneRegionOut,MLP,P_kbar,opx_liq,raw,64,6.666999999991579,6.666999999991579,9.924325008630994,deep_crustal_MASH,other
LeaveOneRegionOut,MLP,P_kbar,opx_liq,raw,65,20.0,20.0,13.728331934121645,lithospheric_mantle,other
LeaveOneRegionOut,MLP,P_kbar,opx_liq,raw,66,15.0,15.0,18.44079497800045,lithospheric_mantle,basalt
LeaveOneRegionOut,MLP,P_kbar,opx_liq,raw,67,25.0,25.0,20.084388845997257,lithospheric_mantle,basalt
LeaveOneRegionOut,MLP,P_kbar,opx_liq,raw,68,20.0,20.0,18.00062430528945,lithospheric_mantle,basalt
LeaveOneRegionOut,MLP,P_kbar,opx_liq,raw,69,8.0,8.0,17.120169461964558,deep_crustal_MASH,basalt
LeaveOneRegionOut,MLP,P_kbar,opx_liq,raw,70,20.0,20.0,23.073213760743073,lithospheric_mantle,other
LeaveOneRegionOut,MLP,P_kbar,opx_liq,raw,71,21.0,21.0,48.45105983902705,lithospheric_mantle,other
LeaveOneRegionOut,MLP,P_kbar,opx_liq,raw,72,20.0,20.0,52.41077348222269,lithospheric_mantle,other
LeaveOneRegionOut,MLP,P_kbar,opx_liq,raw,73,21.0,21.0,23.809942220191445,lithospheric_mantle,other
LeaveOneRegionOut,MLP,P_kbar,opx_liq,raw,74,27.999999523163,27.999999523163,44.24259664491232,lithospheric_mantle,other
LeaveOneRegionOut,MLP,P_kbar,opx_liq,raw,75,38.9999997615815,38.9999997615815,64.52433371834313,deeper_mantle,other
LeaveOneRegionOut,MLP,P_kbar,opx_liq,raw,76,9.3000000715256,9.3000000715256,8.186234764261377,deep_crustal_MASH,basalt
LeaveOneRegionOut,MLP,P_kbar,opx_liq,raw,77,9.3000000715256,9.3000000715256,12.377592519379846,deep_crustal_MASH,basalt
LeaveOneRegionOut,MLP,P_kbar,opx_liq,raw,78,12.000000476837,12.000000476837,36.37055568364031,deep_crustal_MASH,other
LeaveOneRegionOut,MLP,P_kbar,opx_liq,raw,79,30.0,30.0,25.5657522279625,deeper_mantle,mantle_melting
LeaveOneRegionOut,MLP,P_kbar,opx_liq,raw,80,30.0,30.0,27.344629402959246,deeper_mantle,mantle_melting
LeaveOneRegionOut,MLP,P_kbar,opx_liq,raw,81,30.0,30.0,34.63669900153482,deeper_mantle,mantle_melting
LeaveOneRegionOut,MLP,P_kbar,opx_liq,raw,82,30.0,30.0,29.41102738611738,deeper_mantle,mantle_melting
LeaveOneRegionOut,MLP,P_kbar,opx_liq,raw,83,30.0,30.0,35.760631364041494,deeper_mantle,mantle_melting
LeaveOneRegionOut,MLP,P_kbar,opx_liq,raw,84,30.0,30.0,30.114047919662372,deeper_mantle,mantle_melting
LeaveOneRegionOut,MLP,P_kbar,opx_liq,raw,85,30.0,30.0,31.21602535323948,deeper_mantle,mantle_melting
LeaveOneRegionOut,MLP,P_kbar,opx_liq,raw,86,30.0,30.0,28.10810845718693,deeper_mantle,mantle_melting
LeaveOneRegionOut,MLP,P_kbar,opx_liq,raw,87,30.0,30.0,26.287806132528026,deeper_mantle,mantle_melting
LeaveOneRegionOut,MLP,P_kbar,opx_liq,raw,88,30.0,30.0,28.251698569476584,deeper_mantle,mantle_melting
LeaveOneRegionOut,MLP,P_kbar,opx_liq,raw,89,22.0,22.0,15.87441446031077,lithospheric_mantle,basalt
LeaveOneRegionOut,MLP,P_kbar,opx_liq,raw,90,30.0,30.0,33.573706721763806,deeper_mantle,mantle_melting
LeaveOneRegionOut,MLP,P_kbar,opx_liq,raw,91,30.0,30.0,22.12798821175581,deeper_mantle,basalt
LeaveOneRegionOut,MLP,P_kbar,opx_liq,raw,92,30.0,30.0,35.82172361358229,deeper_mantle,mantle_melting
LeaveOneRegionOut,MLP,P_kbar,opx_liq,raw,93,30.0,30.0,30.867973120706548,deeper_mantle,mantle_melting
LeaveOneRegionOut,MLP,P_kbar,opx_liq,raw,94,25.0,25.0,19.819350606531426,lithospheric_mantle,basalt
LeaveOneRegionOut,MLP,P_kbar,opx_liq,raw,95,20.0,20.0,16.778086874379994,lithospheric_mantle,basalt
LeaveOneRegionOut,MLP,P_kbar,opx_liq,raw,96,8.0,8.0,11.558546542803551,deep_crustal_MASH,basalt
LeaveOneRegionOut,MLP,P_kbar,opx_liq,raw,97,30.0,30.0,18.204159905743744,deeper_mantle,basalt
LeaveOneRegionOut,MLP,P_kbar,opx_liq,raw,98,30.0,30.0,31.79199495059445,deeper_mantle,mantle_melting
LeaveOneRegionOut,MLP,P_kbar,opx_liq,raw,99,30.0,30.0,34.23775361011311,deeper_mantle,mantle_melting
LeaveOneRegionOut,MLP,P_kbar,opx_liq,raw,100,10.0,10.0,10.581903928665414,deep_crustal_MASH,metamorphic
LeaveOneRegionOut,MLP,P_kbar,opx_liq,raw,101,10.0,10.0,11.346749502210598,deep_crustal_MASH,metamorphic
LeaveOneRegionOut,MLP,P_kbar,opx_liq,raw,102,10.0,10.0,5.095027199430378,deep_crustal_MASH,metamorphic
LeaveOneRegionOut,MLP,P_kbar,opx_liq,raw,103,6.999999880790701,6.999999880790701,8.615118736500246,deep_crustal_MASH,metamorphic
LeaveOneRegionOut,MLP,P_kbar,opx_liq,raw,104,10.0,10.0,5.333368916843643,deep_crustal_MASH,metamorphic
LeaveOneRegionOut,MLP,P_kbar,opx_liq,raw,105,15.0,15.0,7.257444977111823,lithospheric_mantle,metamorphic
LeaveOneRegionOut,MLP,P_kbar,opx_liq,raw,106,10.0,10.0,11.43882862207215,deep_crustal_MASH,metamorphic
LeaveOneRegionOut,MLP,P_kbar,opx_liq,raw,107,6.999999880790701,6.999999880790701,7.161507450188449,deep_crustal_MASH,metamorphic
LeaveOneRegionOut,MLP,P_kbar,opx_liq,raw,108,6.999999880790701,6.999999880790701,6.485769774058838,deep_crustal_MASH,metamorphic
LeaveOneRegionOut,MLP,P_kbar,opx_liq,raw,109,12.5,12.5,11.742769773108046,deep_crustal_MASH,metamorphic
LeaveOneRegionOut,MLP,P_kbar,opx_liq,raw,110,10.0,10.0,12.576393184690259,deep_crustal_MASH,metamorphic
LeaveOneRegionOut,MLP,P_kbar,opx_liq,raw,111,10.0,10.0,10.937957533594858,deep_crustal_MASH,metamorphic
LeaveOneRegionOut,MLP,P_kbar,opx_liq,raw,112,6.999999880790701,6.999999880790701,16.67623399589841,deep_crustal_MASH,basalt
LeaveOneRegionOut,MLP,P_kbar,opx_liq,raw,113,5.0,5.0,1.1894854892505395,deep_crustal_MASH,basalt
LeaveOneRegionOut,MLP,P_kbar,opx_liq,raw,114,12.000000476837,12.000000476837,2.9278745612462664,deep_crustal_MASH,basalt
LeaveOneRegionOut,MLP,P_kbar,opx_liq,raw,115,21.800000667572,21.800000667572,49.209464177192935,lithospheric_mantle,other
LeaveOneRegionOut,MLP,P_kbar,opx_liq,raw,116,12.89999961853,12.89999961853,45.20767026088093,deep_crustal_MASH,other
LeaveOneRegionOut,MLP,P_kbar,opx_liq,raw,117,27.999999523163,27.999999523163,22.589470241920225,lithospheric_mantle,other
LeaveOneRegionOut,MLP,P_kbar,opx_liq,raw,118,16.000000238419002,16.000000238419002,17.773076741746,lithospheric_mantle,mantle_melting
LeaveOneRegionOut,MLP,P_kbar,opx_liq,raw,119,12.000000238418501,12.000000238418501,12.190204857244478,deep_crustal_MASH,mantle_melting
LeaveOneRegionOut,MLP,P_kbar,opx_liq,raw,120,11.000000238418501,11.000000238418501,13.654414035684848,deep_crustal_MASH,mantle_melting
LeaveOneRegionOut,MLP,P_kbar,opx_liq,raw,121,16.000000238419002,16.000000238419002,14.277329334976244,lithospheric_mantle,mantle_melting
LeaveOneRegionOut,MLP,P_kbar,opx_liq,raw,122,12.000000476837,12.000000476837,11.922879597209583,deep_crustal_MASH,mantle_melting
LeaveOneRegionOut,MLP,P_kbar,opx_liq,raw,123,12.000000476837,12.000000476837,14.795165295545045,deep_crustal_MASH,mantle_melting
LeaveOneRegionOut,MLP,P_kbar,opx_liq,raw,124,12.000000476837,12.000000476837,15.932085610540057,deep_crustal_MASH,mantle_melting
LeaveOneRegionOut,MLP,P_kbar,opx_liq,raw,125,12.000000238418501,12.000000238418501,15.214823097397595,deep_crustal_MASH,mantle_melting
LeaveOneRegionOut,MLP,P_kbar,opx_liq,raw,126,12.000000476837,12.000000476837,14.056817590018444,deep_crustal_MASH,mantle_melting
LeaveOneRegionOut,MLP,P_kbar,opx_liq,raw,127,12.000000476837,12.000000476837,15.350091928446275,deep_crustal_MASH,mantle_melting
LeaveOneRegionOut,MLP,P_kbar,opx_liq,raw,128,16.000000238419002,16.000000238419002,17.21796769442138,lithospheric_mantle,mantle_melting
LeaveOneRegionOut,MLP,P_kbar,opx_liq,raw,129,16.000000238419002,16.000000238419002,16.388074748795518,lithospheric_mantle,mantle_melting
LeaveOneRegionOut,MLP,P_kbar,opx_liq,raw,130,20.0,20.0,18.219597390843184,lithospheric_mantle,mantle_melting
LeaveOneRegionOut,MLP,P_kbar,opx_liq,raw,131,16.000000119209503,16.000000119209503,15.635255032256001,lithospheric_mantle,mantle_melting
LeaveOneRegionOut,MLP,P_kbar,opx_liq,raw,132,12.000000476837,12.000000476837,13.987646390339204,deep_crustal_MASH,mantle_melting
LeaveOneRegionOut,MLP,P_kbar,opx_liq,raw,133,12.000000476837,12.000000476837,15.499648760599403,deep_crustal_MASH,mantle_melting
LeaveOneRegionOut,MLP,P_kbar,opx_liq,raw,134,12.000000476837,12.000000476837,14.858956248182277,deep_crustal_MASH,mantle_melting
LeaveOneRegionOut,MLP,P_kbar,opx_liq,raw,135,16.000000119209503,16.000000119209503,14.382460799793627,lithospheric_mantle,mantle_melting
LeaveOneRegionOut,MLP,P_kbar,opx_liq,raw,136,15.0,15.0,18.249914913052507,lithospheric_mantle,basalt
LeaveOneRegionOut,MLP,P_kbar,opx_liq,raw,137,20.0,20.0,19.794818129071498,lithospheric_mantle,mantle_melting
LeaveOneRegionOut,MLP,P_kbar,opx_liq,raw,138,0.0010132500028703,0.0010132500028703,-0.20409859296995503,shallow_crustal,basalt
LeaveOneRegionOut,MLP,P_kbar,opx_liq,raw,139,12.000000476837,12.000000476837,12.982971246383194,deep_crustal_MASH,mantle_melting
LeaveOneRegionOut,MLP,P_kbar,opx_liq,raw,140,12.000000476837,12.000000476837,15.717000484999383,deep_crustal_MASH,mantle_melting
LeaveOneRegionOut,MLP,P_kbar,opx_liq,raw,141,12.0,12.0,14.161790391341306,deep_crustal_MASH,basalt
LeaveOneRegionOut,MLP,P_kbar,opx_liq,raw,142,15.0,15.0,18.02015344218794,lithospheric_mantle,basalt
LeaveOneRegionOut,MLP,P_kbar,opx_liq,raw,143,17.0,17.0,13.635076403437335,lithospheric_mantle,basalt
LeaveOneRegionOut,MLP,P_kbar,opx_liq,raw,144,8.0,8.0,12.370674001810434,deep_crustal_MASH,basalt
LeaveOneRegionOut,MLP,P_kbar,opx_liq,raw,145,28.0,28.0,18.698403760008535,lithospheric_mantle,basalt
LeaveOneRegionOut,MLP,P_kbar,opx_liq,raw,146,10.0,10.0,19.806904781734406,deep_crustal_MASH,basalt
LeaveOneRegionOut,MLP,P_kbar,opx_liq,raw,147,12.000000476837,12.000000476837,6.579317599023192,deep_crustal_MASH,arc_silicic
LeaveOneRegionOut,MLP,P_kbar,opx_liq,raw,148,12.000000476837,12.000000476837,5.1253007754720326,deep_crustal_MASH,arc_silicic
LeaveOneRegionOut,MLP,P_kbar,opx_liq,raw,149,12.000000476837,12.000000476837,6.394235850301486,deep_crustal_MASH,arc_silicic
LeaveOneRegionOut,MLP,P_kbar,opx_liq,raw,150,12.000000476837,12.000000476837,5.799871474472647,deep_crustal_MASH,arc_silicic
LeaveOneRegionOut,MLP,P_kbar,opx_liq,raw,151,12.000000476837,12.000000476837,6.345922093593283,deep_crustal_MASH,arc_silicic
LeaveOneRegionOut,MLP,P_kbar,opx_liq,raw,152,12.000000476837,12.000000476837,6.6274266246155,deep_crustal_MASH,arc_silicic
LeaveOneRegionOut,MLP,P_kbar,opx_liq,raw,153,12.000000476837,12.000000476837,6.996600517569232,deep_crustal_MASH,arc_silicic
LeaveOneRegionOut,MLP,P_kbar,opx_liq,raw,154,12.000000476837,12.000000476837,5.799297350597047,deep_crustal_MASH,arc_silicic
LeaveOneRegionOut,MLP,P_kbar,opx_liq,raw,155,12.000000476837,12.000000476837,5.008838285138957,deep_crustal_MASH,arc_silicic
LeaveOneRegionOut,MLP,P_kbar,opx_liq,raw,156,12.000000476837,12.000000476837,5.484817363890284,deep_crustal_MASH,arc_silicic
LeaveOneRegionOut,MLP,P_kbar,opx_liq,raw,157,0.0010132500028703,0.0010132500028703,-0.13972559589126554,shallow_crustal,basalt
LeaveOneRegionOut,MLP,P_kbar,opx_liq,raw,158,0.0010132500028703,0.0010132500028703,-0.10485417829510091,shallow_crustal,basalt
LeaveOneRegionOut,MLP,P_kbar,opx_liq,raw,159,12.000000476837,12.000000476837,0.39267393713861826,deep_crustal_MASH,arc_silicic
LeaveOneRegionOut,MLP,P_kbar,opx_liq,raw,160,12.000000476837,12.000000476837,4.712465118354128,deep_crustal_MASH,arc_silicic
LeaveOneRegionOut,MLP,P_kbar,opx_liq,raw,161,12.000000476837,12.000000476837,0.9381296065362451,deep_crustal_MASH,arc_silicic
LeaveOneRegionOut,MLP,P_kbar,opx_liq,raw,162,12.000000476837,12.000000476837,0.5571710320049266,deep_crustal_MASH,arc_silicic
LeaveOneRegionOut,MLP,P_kbar,opx_liq,raw,163,12.000000476837,12.000000476837,2.3261372996580008,deep_crustal_MASH,arc_silicic
LeaveOneRegionOut,MLP,P_kbar,opx_liq,raw,164,12.000000476837,12.000000476837,4.686358905093706,deep_crustal_MASH,arc_silicic
LeaveOneRegionOut,MLP,P_kbar,opx_liq,raw,165,12.000000476837,12.000000476837,4.768510042725991,deep_crustal_MASH,arc_silicic
LeaveOneRegionOut,MLP,P_kbar,opx_liq,raw,166,12.000000476837,12.000000476837,3.923785610269547,deep_crustal_MASH,arc_silicic
LeaveOneRegionOut,MLP,P_kbar,opx_liq,raw,167,12.000000476837,12.000000476837,5.435758369107368,deep_crustal_MASH,arc_silicic
LeaveOneRegionOut,MLP,P_kbar,opx_liq,raw,168,20.0,20.0,17.734784068416626,lithospheric_mantle,mantle_melting
LeaveOneRegionOut,MLP,P_kbar,opx_liq,raw,169,20.0,20.0,15.606251186642421,lithospheric_mantle,mantle_melting
LeaveOneRegionOut,MLP,P_kbar,opx_liq,raw,170,20.0,20.0,18.66407367845127,lithospheric_mantle,mantle_melting
LeaveOneRegionOut,MLP,P_kbar,opx_liq,raw,171,10.0,10.0,16.341023995388042,deep_crustal_MASH,mantle_melting
LeaveOneRegionOut,MLP,P_kbar,opx_liq,raw,172,10.0,10.0,11.970611639909745,deep_crustal_MASH,mantle_melting
LeaveOneRegionOut,MLP,P_kbar,opx_liq,raw,173,10.0,10.0,16.840726229662852,deep_crustal_MASH,mantle_melting
LeaveOneRegionOut,MLP,P_kbar,opx_liq,raw,174,24.0,24.0,16.836308528264826,lithospheric_mantle,mantle_melting
LeaveOneRegionOut,MLP,P_kbar,opx_liq,raw,175,26.0,26.0,20.759352894108908,lithospheric_mantle,mantle_melting
LeaveOneRegionOut,MLP,P_kbar,opx_liq,raw,176,24.0,24.0,18.709113345183248,lithospheric_mantle,mantle_melting
LeaveOneRegionOut,MLP,P_kbar,opx_liq,raw,177,22.0,22.0,18.85416584123547,lithospheric_mantle,mantle_melting
LeaveOneRegionOut,MLP,P_kbar,opx_liq,raw,178,22.0,22.0,18.422630630578738,lithospheric_mantle,mantle_melting
LeaveOneRegionOut,MLP,P_kbar,opx_liq,raw,179,20.0,20.0,5.826096728586067,lithospheric_mantle,arc_silicic
LeaveOneRegionOut,MLP,P_kbar,opx_liq,raw,180,20.0,20.0,7.5501131512231865,lithospheric_mantle,arc_silicic
LeaveOneRegionOut,MLP,P_kbar,opx_liq,raw,181,5.0,5.0,5.962430635913961,deep_crustal_MASH,arc_silicic
LeaveOneRegionOut,MLP,P_kbar,opx_liq,raw,182,2.1299999952316,2.1299999952316,4.635331983258538,shallow_crustal,arc_silicic
LeaveOneRegionOut,MLP,P_kbar,opx_liq,raw,183,10.0,10.0,2.7212517880381313,deep_crustal_MASH,basalt
LeaveOneRegionOut,MLP,P_kbar,opx_liq,raw,184,12.000000476837,12.000000476837,24.067354565256526,deep_crustal_MASH,mantle_melting
LeaveOneRegionOut,MLP,P_kbar,opx_liq,raw,185,10.0,10.0,6.674238697164922,deep_crustal_MASH,arc_silicic
LeaveOneRegionOut,MLP,P_kbar,opx_liq,raw,186,10.0,10.0,6.569196864231488,deep_crustal_MASH,arc_silicic
LeaveOneRegionOut,MLP,P_kbar,opx_liq,raw,187,10.0,10.0,6.671053552184906,deep_crustal_MASH,arc_silicic
LeaveOneRegionOut,MLP,P_kbar,opx_liq,raw,188,10.0,10.0,9.077703334019823,deep_crustal_MASH,arc_silicic
LeaveOneRegionOut,MLP,P_kbar,opx_liq,raw,189,15.0,15.0,9.189306574634712,lithospheric_mantle,arc_silicic
LeaveOneRegionOut,MLP,P_kbar,opx_liq,raw,190,12.000000476837,12.000000476837,9.718673214892677,deep_crustal_MASH,arc_silicic
LeaveOneRegionOut,MLP,P_kbar,opx_liq,raw,191,15.0,15.0,10.74104564112181,lithospheric_mantle,arc_silicic
LeaveOneRegionOut,MLP,P_kbar,opx_liq,raw,192,15.0,15.0,16.95130718876196,lithospheric_mantle,other
LeaveOneRegionOut,MLP,P_kbar,opx_liq,raw,193,0.00099999997473788,0.00099999997473788,5.262601462914504,shallow_crustal,other
LeaveOneRegionOut,MLP,P_kbar,opx_liq,raw,194,10.0,10.0,10.136598444308126,deep_crustal_MASH,other
LeaveOneRegionOut,MLP,P_kbar,opx_liq,raw,195,10.0,10.0,11.940822759628263,deep_crustal_MASH,other
LeaveOneRegionOut,MLP,P_kbar,opx_liq,raw,196,10.0,10.0,18.875176398825538,deep_crustal_MASH,other
LeaveOneRegionOut,MLP,P_kbar,opx_liq,raw,197,10.0,10.0,11.500140187948036,deep_crustal_MASH,other
LeaveOneRegionOut,MLP,P_kbar,opx_liq,raw,198,10.0,10.0,10.77284108258589,deep_crustal_MASH,other
LeaveOneRegionOut,MLP,P_kbar,opx_liq,raw,199,10.0,10.0,17.72607459880519,deep_crustal_MASH,other
LeaveOneRegionOut,MLP,P_kbar,opx_liq,raw,200,10.0,10.0,13.783957432328695,deep_crustal_MASH,other
LeaveOneRegionOut,MLP,P_kbar,opx_liq,raw,201,10.0,10.0,10.31510221046741,deep_crustal_MASH,other
LeaveOneRegionOut,MLP,P_kbar,opx_liq,raw,202,10.0,10.0,15.574808383190321,deep_crustal_MASH,other
LeaveOneRegionOut,MLP,P_kbar,opx_liq,raw,203,10.0,10.0,10.084679561460591,deep_crustal_MASH,other
LeaveOneRegionOut,MLP,P_kbar,opx_liq,raw,204,10.0,10.0,12.292258528478785,deep_crustal_MASH,other
LeaveOneRegionOut,MLP,P_kbar,opx_liq,raw,205,10.0,10.0,11.924182375634812,deep_crustal_MASH,other
LeaveOneRegionOut,MLP,P_kbar,opx_liq,raw,206,10.0,10.0,14.804630137877627,deep_crustal_MASH,other
LeaveOneRegionOut,MLP,P_kbar,opx_liq,raw,207,10.0,10.0,11.53812518862368,deep_crustal_MASH,other
LeaveOneRegionOut,MLP,P_kbar,opx_liq,raw,208,20.0,20.0,17.28600530453733,lithospheric_mantle,mantle_melting
LeaveOneRegionOut,MLP,P_kbar,opx_liq,raw,209,2.5,2.5,1.8869225727255015,shallow_crustal,other
LeaveOneRegionOut,MLP,P_kbar,opx_liq,raw,210,2.5,2.5,2.303312782711196,shallow_crustal,other
LeaveOneRegionOut,MLP,P_kbar,opx_liq,raw,211,2.5,2.5,1.6319583820984045,shallow_crustal,other
LeaveOneRegionOut,MLP,P_kbar,opx_liq,raw,212,1.5000000596046001,1.5000000596046001,1.611626510632043,shallow_crustal,other
LeaveOneRegionOut,MLP,P_kbar,opx_liq,raw,213,1.5000000596046001,1.5000000596046001,1.9615528226773087,shallow_crustal,other
LeaveOneRegionOut,MLP,P_kbar,opx_liq,raw,214,1.5000000596046001,1.5000000596046001,1.726405325155329,shallow_crustal,other
LeaveOneRegionOut,MLP,P_kbar,opx_liq,raw,215,1.5000000596046001,1.5000000596046001,1.5590018349155512,shallow_crustal,other
LeaveOneRegionOut,MLP,P_kbar,opx_liq,raw,216,10.0,10.0,5.546215052278488,deep_crustal_MASH,other
LeaveOneRegionOut,MLP,P_kbar,opx_liq,raw,217,10.0,10.0,6.06507885412875,deep_crustal_MASH,other
LeaveOneRegionOut,MLP,P_kbar,opx_liq,raw,218,10.0,10.0,6.251721258265753,deep_crustal_MASH,other
LeaveOneRegionOut,MLP,P_kbar,opx_liq,raw,219,10.0,10.0,6.154540971471458,deep_crustal_MASH,other
LeaveOneRegionOut,MLP,P_kbar,opx_liq,raw,220,12.5,12.5,6.733378932557558,deep_crustal_MASH,other
LeaveOneRegionOut,MLP,P_kbar,opx_liq,raw,221,10.0,10.0,6.93567327378802,deep_crustal_MASH,other
LeaveOneRegionOut,MLP,P_kbar,opx_liq,raw,222,10.0,10.0,11.272270958272163,deep_crustal_MASH,basalt
LeaveOneRegionOut,MLP,P_kbar,opx_liq,raw,223,15.0,15.0,11.7713215133905,lithospheric_mantle,basalt
LeaveOneRegionOut,MLP,P_kbar,opx_liq,raw,224,15.0,15.0,15.705086192503403,lithospheric_mantle,basalt
LeaveOneRegionOut,MLP,P_kbar,opx_liq,raw,225,4.0479999780655005,4.0479999780655005,6.521502409893948,shallow_crustal,arc_silicic
LeaveOneRegionOut,MLP,P_kbar,opx_liq,raw,226,3.9489999413490002,3.9489999413490002,6.927936951688812,shallow_crustal,arc_silicic
LeaveOneRegionOut,MLP,P_kbar,opx_liq,raw,227,4.2699998617172,4.2699998617172,9.52877877216972,shallow_crustal,arc_silicic
LeaveOneRegionOut,MLP,P_kbar,opx_liq,raw,228,10.0,10.0,11.215593837958062,deep_crustal_MASH,other
LeaveOneRegionOut,MLP,P_kbar,opx_liq,raw,229,11.499999761580998,11.499999761580998,11.451143633554418,deep_crustal_MASH,other
LeaveOneRegionOut,MLP,P_kbar,opx_liq,raw,230,6.999999880790701,6.999999880790701,9.510408008655519,deep_crustal_MASH,other
LeaveOneRegionOut,MLP,P_kbar,opx_liq,raw,231,20.0,20.0,17.152689257656128,lithospheric_mantle,arc_silicic
LeaveOneRegionOut,MLP,P_kbar,opx_liq,raw,232,15.0,15.0,14.132911693891945,lithospheric_mantle,arc_silicic
LeaveOneRegionOut,MLP,P_kbar,opx_liq,raw,233,15.0,15.0,12.51356520691451,lithospheric_mantle,arc_silicic
LeaveOneRegionOut,MLP,P_kbar,opx_liq,raw,234,0.0010132500028703,0.0010132500028703,-1.4948144590662877,shallow_crustal,basalt
LeaveOneRegionOut,MLP,P_kbar,opx_liq,raw,235,0.0010132500028703,0.0010132500028703,-1.0535846377688762,shallow_crustal,basalt
LeaveOneRegionOut,MLP,P_kbar,opx_liq,raw,236,0.0010132500028703,0.0010132500028703,-0.04203630044696394,shallow_crustal,basalt
LeaveOneRegionOut,MLP,P_kbar,opx_liq,raw,237,0.0010132500028703,0.0010132500028703,-0.13296805876391748,shallow_crustal,basalt
LeaveOneRegionOut,MLP,P_kbar,opx_liq,raw,238,10.0,10.0,10.191997447932549,deep_crustal_MASH,mantle_melting
LeaveOneRegionOut,MLP,P_kbar,opx_liq,raw,239,10.0,10.0,7.947605739140693,deep_crustal_MASH,mantle_melting
LeaveOneRegionOut,MLP,P_kbar,opx_liq,raw,240,10.0,10.0,9.18989138496417,deep_crustal_MASH,mantle_melting
LeaveOneRegionOut,MLP,P_kbar,opx_liq,raw,241,10.0,10.0,6.428480834076358,deep_crustal_MASH,mantle_melting
LeaveOneRegionOut,MLP,P_kbar,opx_liq,raw,242,10.0,10.0,8.216778415259075,deep_crustal_MASH,mantle_melting
LeaveOneRegionOut,MLP,P_kbar,opx_liq,raw,243,10.0,10.0,7.45827523292697,deep_crustal_MASH,mantle_melting
LeaveOneRegionOut,MLP,P_kbar,opx_liq,raw,244,10.0,10.0,9.035249941485088,deep_crustal_MASH,mantle_melting
LeaveOneRegionOut,MLP,P_kbar,opx_liq,raw,245,10.0,10.0,4.164925785790568,deep_crustal_MASH,mantle_melting
LeaveOneRegionOut,MLP,P_kbar,opx_liq,raw,246,10.0,10.0,6.907215188714548,deep_crustal_MASH,mantle_melting
LeaveOneRegionOut,MLP,P_kbar,opx_liq,raw,247,10.0,10.0,3.902984568857698,deep_crustal_MASH,mantle_melting
LeaveOneRegionOut,MLP,P_kbar,opx_liq,raw,248,10.0,10.0,11.270602070580985,deep_crustal_MASH,mantle_melting
LeaveOneRegionOut,MLP,P_kbar,opx_liq,raw,249,10.0,10.0,11.148023240364031,deep_crustal_MASH,mantle_melting
LeaveOneRegionOut,MLP,P_kbar,opx_liq,raw,250,10.0,10.0,2.2894997309042378,deep_crustal_MASH,arc_silicic
LeaveOneRegionOut,MLP,P_kbar,opx_liq,raw,251,20.0,20.0,18.34749443203248,lithospheric_mantle,mantle_melting
LeaveOneRegionOut,MLP,P_kbar,opx_liq,raw,252,15.0,15.0,22.571246074812397,lithospheric_mantle,mantle_melting
LeaveOneRegionOut,MLP,P_kbar,opx_liq,raw,253,15.0,15.0,14.14582300011216,lithospheric_mantle,mantle_melting
LeaveOneRegionOut,MLP,P_kbar,opx_liq,raw,254,20.0,20.0,28.902414244398518,lithospheric_mantle,mantle_melting
LeaveOneRegionOut,MLP,P_kbar,opx_liq,raw,255,20.0,20.0,22.806667031540407,lithospheric_mantle,mantle_melting
LeaveOneRegionOut,MLP,P_kbar,opx_liq,raw,256,10.0,10.0,17.333192974393334,deep_crustal_MASH,other
LeaveOneRegionOut,MLP,P_kbar,opx_liq,raw,257,0.0010132500028703,0.0010132500028703,1.141426697735371,shallow_crustal,basalt
LeaveOneRegionOut,MLP,P_kbar,opx_liq,raw,258,18.999999761580998,18.999999761580998,13.954534672911482,lithospheric_mantle,MORB
LeaveOneRegionOut,MLP,P_kbar,opx_liq,raw,259,15.0,15.0,18.19833107417685,lithospheric_mantle,MORB
LeaveOneRegionOut,MLP,P_kbar,opx_liq,raw,260,15.0,15.0,17.319440889644362,lithospheric_mantle,MORB
LeaveOneRegionOut,MLP,P_kbar,opx_liq,raw,261,15.0,15.0,13.343715741169811,lithospheric_mantle,MORB
LeaveOneRegionOut,MLP,P_kbar,opx_liq,raw,262,15.0,15.0,15.9330251364048,lithospheric_mantle,MORB
LeaveOneRegionOut,MLP,P_kbar,opx_liq,raw,263,18.999999761580998,18.999999761580998,23.122807340847636,lithospheric_mantle,MORB
LeaveOneRegionOut,MLP,P_kbar,opx_liq,raw,264,0.0010132500028703,0.0010132500028703,0.3739609302779032,shallow_crustal,basalt
LeaveOneRegionOut,MLP,P_kbar,opx_liq,raw,265,24.000000953674,24.000000953674,31.710777026836322,lithospheric_mantle,mantle_melting
LeaveOneRegionOut,MLP,P_kbar,opx_liq,raw,266,27.999999523163,27.999999523163,31.78146701553985,lithospheric_mantle,mantle_melting
LeaveOneRegionOut,MLP,P_kbar,opx_liq,raw,267,15.0,15.0,16.269400951407995,lithospheric_mantle,mantle_melting
LeaveOneRegionOut,MLP,P_kbar,opx_liq,raw,268,15.0,15.0,14.955859814126132,lithospheric_mantle,mantle_melting
LeaveOneRegionOut,MLP,P_kbar,opx_liq,raw,269,15.0,15.0,13.996615151086285,lithospheric_mantle,mantle_melting
LeaveOneRegionOut,MLP,P_kbar,opx_liq,raw,270,15.0,15.0,23.68691956795838,lithospheric_mantle,mantle_melting
LeaveOneRegionOut,MLP,P_kbar,opx_liq,raw,271,15.0,15.0,16.47745099874981,lithospheric_mantle,mantle_melting
LeaveOneRegionOut,MLP,P_kbar,opx_liq,raw,272,15.0,15.0,15.283343467475492,lithospheric_mantle,mantle_melting
LeaveOneRegionOut,MLP,P_kbar,opx_liq,raw,273,15.0,15.0,14.21810107497268,lithospheric_mantle,mantle_melting
LeaveOneRegionOut,MLP,P_kbar,opx_liq,raw,274,0.01,0.01,3.782745481327477,shallow_crustal,basalt
LeaveOneRegionOut,MLP,P_kbar,opx_liq,raw,275,0.0010132500028703,0.0010132500028703,-1.9181266753678805,shallow_crustal,basalt
LeaveOneRegionOut,MLP,P_kbar,opx_liq,raw,276,5.0,5.0,4.767086260485052,deep_crustal_MASH,arc_silicic
LeaveOneRegionOut,MLP,P_kbar,opx_liq,raw,277,10.0,10.0,11.568972283404026,deep_crustal_MASH,other
LeaveOneRegionOut,MLP,P_kbar,opx_liq,raw,278,10.0,10.0,12.781331620276086,deep_crustal_MASH,other
LeaveOneRegionOut,MLP,P_kbar,opx_liq,raw,279,5.0,5.0,5.301245284044882,deep_crustal_MASH,arc_silicic
LeaveOneRegionOut,MLP,P_kbar,opx_liq,raw,280,1.0379999876022001,1.0379999876022001,1.7546711741993133,shallow_crustal,arc_silicic
LeaveOneRegionOut,MLP,P_kbar,opx_liq,raw,281,1.4749999344348999,1.4749999344348999,1.0865846578560832,shallow_crustal,arc_silicic
LeaveOneRegionOut,MLP,P_kbar,opx_liq,raw,282,1.8000000715256002,1.8000000715256002,2.2302973423268275,shallow_crustal,arc_silicic
LeaveOneRegionOut,MLP,P_kbar,opx_liq,raw,283,1.0080000013113,1.0080000013113,1.2787947483065287,shallow_crustal,arc_silicic
LeaveOneRegionOut,MLP,P_kbar,opx_liq,raw,284,0.7100000232458099,0.7100000232458099,0.27031918833393714,shallow_crustal,arc_silicic
LeaveOneRegionOut,MLP,P_kbar,opx_liq,raw,285,1.0549999773502,1.0549999773502,0.29507787233171157,shallow_crustal,arc_silicic
LeaveOneRegionOut,MLP,P_kbar,opx_liq,raw,286,2.1259999275208,2.1259999275208,4.1761356834256596,shallow_crustal,arc_silicic
LeaveOneRegionOut,MLP,P_kbar,opx_liq,raw,287,2.1259999275208,2.1259999275208,3.992930852677499,shallow_crustal,arc_silicic
LeaveOneRegionOut,MLP,P_kbar,opx_liq,raw,288,2.1259999275208,2.1259999275208,6.555757735418828,shallow_crustal,arc_silicic
LeaveOneRegionOut,MLP,P_kbar,opx_liq,raw,289,3.125,3.125,7.964631017250173,shallow_crustal,arc_silicic
LeaveOneRegionOut,MLP,P_kbar,opx_liq,raw,290,1.9799999892712,1.9799999892712,4.300645516571034,shallow_crustal,arc_silicic
LeaveOneRegionOut,MLP,P_kbar,opx_liq,raw,291,1.9799999892712,1.9799999892712,6.094346446822392,shallow_crustal,arc_silicic
LeaveOneRegionOut,MLP,P_kbar,opx_liq,raw,292,28.0,28.0,29.42144318701275,lithospheric_mantle,other
LeaveOneRegionOut,MLP,P_kbar,opx_liq,raw,293,27.9999997615815,27.9999997615815,27.18579280806811,lithospheric_mantle,mantle_melting
LeaveOneRegionOut,MLP,P_kbar,opx_liq,raw,294,28.0,28.0,30.40367605587516,lithospheric_mantle,other
LeaveOneRegionOut,MLP,P_kbar,opx_liq,raw,295,32.0,32.0,30.58912949059414,deeper_mantle,other
LeaveOneRegionOut,MLP,P_kbar,opx_liq,raw,296,32.0,32.0,29.23432511221099,deeper_mantle,other
LeaveOneRegionOut,MLP,P_kbar,opx_liq,raw,297,34.0,34.0,32.00919805955001,deeper_mantle,other
LeaveOneRegionOut,MLP,P_kbar,opx_liq,raw,298,34.0,34.0,32.696603363264735,deeper_mantle,other
LeaveOneRegionOut,MLP,P_kbar,opx_liq,raw,299,28.0,28.0,29.0398022282212,lithospheric_mantle,other
LeaveOneRegionOut,MLP,P_kbar,opx_liq,raw,300,28.0,28.0,29.538420211321103,lithospheric_mantle,other
LeaveOneRegionOut,MLP,P_kbar,opx_liq,raw,301,24.0,24.0,26.888096816610826,lithospheric_mantle,other
LeaveOneRegionOut,MLP,P_kbar,opx_liq,raw,302,28.0,28.0,27.780368514746044,lithospheric_mantle,other
LeaveOneRegionOut,MLP,P_kbar,opx_liq,raw,303,15.0,15.0,16.22740843975841,lithospheric_mantle,mantle_melting
LeaveOneRegionOut,MLP,P_kbar,opx_liq,raw,304,10.0,10.0,12.233935553603855,deep_crustal_MASH,metamorphic
LeaveOneRegionOut,MLP,P_kbar,opx_liq,raw,305,30.0,30.0,7.302355662968667,deeper_mantle,other
LeaveOneRegionOut,MLP,P_kbar,opx_liq,raw,306,10.0,10.0,9.010204857844633,deep_crustal_MASH,other
LeaveOneRegionOut,MLP,P_kbar,opx_liq,raw,307,10.0,10.0,8.812302070106334,deep_crustal_MASH,other
LeaveOneRegionOut,MLP,P_kbar,opx_liq,raw,308,10.0,10.0,8.035034850414903,deep_crustal_MASH,other
LeaveOneRegionOut,MLP,P_kbar,opx_liq,raw,309,10.0,10.0,7.974095345579427,deep_crustal_MASH,other
LeaveOneRegionOut,MLP,P_kbar,opx_liq,raw,310,10.0,10.0,12.63246506670509,deep_crustal_MASH,other
LeaveOneRegionOut,MLP,P_kbar,opx_liq,raw,311,15.0,15.0,3.0512981847318037,lithospheric_mantle,mantle_melting
LeaveOneRegionOut,MLP,P_kbar,opx_liq,raw,312,15.0,15.0,3.5740206944536115,lithospheric_mantle,mantle_melting
LeaveOneRegionOut,MLP,P_kbar,opx_liq,raw,313,15.0,15.0,5.291376499399141,lithospheric_mantle,mantle_melting
LeaveOneRegionOut,MLP,P_kbar,opx_liq,raw,314,20.0,20.0,7.878816415190191,lithospheric_mantle,mantle_melting
LeaveOneRegionOut,MLP,P_kbar,opx_liq,raw,315,20.0,20.0,8.916615475416181,lithospheric_mantle,mantle_melting
LeaveOneRegionOut,MLP,P_kbar,opx_liq,raw,316,20.0,20.0,10.929282168400697,lithospheric_mantle,mantle_melting
LeaveOneRegionOut,MLP,P_kbar,opx_liq,raw,317,25.0,25.0,12.754526748401595,lithospheric_mantle,mantle_melting
LeaveOneRegionOut,MLP,P_kbar,opx_liq,raw,318,25.0,25.0,15.543396594204923,lithospheric_mantle,mantle_melting
LeaveOneRegionOut,MLP,P_kbar,opx_liq,raw,319,20.0,20.0,18.03365802871281,lithospheric_mantle,mantle_melting
LeaveOneRegionOut,MLP,P_kbar,opx_liq,raw,320,20.0,20.0,16.218234275222144,lithospheric_mantle,mantle_melting
LeaveOneRegionOut,MLP,P_kbar,opx_liq,raw,321,20.0,20.0,12.467589483362303,lithospheric_mantle,mantle_melting
LeaveOneRegionOut,MLP,P_kbar,opx_liq,raw,322,20.0,20.0,10.209065109167861,lithospheric_mantle,mantle_melting
LeaveOneRegionOut,MLP,P_kbar,opx_liq,raw,323,20.0,20.0,10.272074223436778,lithospheric_mantle,mantle_melting
LeaveOneRegionOut,MLP,P_kbar,opx_liq,raw,324,15.0,15.0,7.195287187318253,lithospheric_mantle,mantle_melting
LeaveOneRegionOut,MLP,P_kbar,opx_liq,raw,325,15.0,15.0,7.9165782459699745,lithospheric_mantle,mantle_melting
LeaveOneRegionOut,MLP,P_kbar,opx_liq,raw,326,10.0,10.0,4.7290474360446915,deep_crustal_MASH,mantle_melting
LeaveOneRegionOut,MLP,P_kbar,opx_liq,raw,327,10.0,10.0,3.7864355870337203,deep_crustal_MASH,mantle_melting
LeaveOneRegionOut,MLP,P_kbar,opx_liq,raw,328,10.0,10.0,11.639369547185765,deep_crustal_MASH,mantle_melting
LeaveOneRegionOut,MLP,P_kbar,opx_liq,raw,329,10.0,10.0,2.0581298548626763,deep_crustal_MASH,mantle_melting
LeaveOneRegionOut,MLP,P_kbar,opx_liq,raw,330,10.0,10.0,7.039615545747576,deep_crustal_MASH,mantle_melting
LeaveOneRegionOut,MLP,P_kbar,opx_liq,raw,331,10.0,10.0,7.04548510796275,deep_crustal_MASH,mantle_melting
LeaveOneRegionOut,MLP,P_kbar,opx_liq,raw,332,10.0,10.0,9.80484932937327,deep_crustal_MASH,mantle_melting
LeaveOneRegionOut,MLP,P_kbar,opx_liq,raw,333,10.0,10.0,10.463637806275882,deep_crustal_MASH,mantle_melting
LeaveOneRegionOut,MLP,P_kbar,opx_liq,raw,334,10.0,10.0,9.597780879963155,deep_crustal_MASH,mantle_melting
LeaveOneRegionOut,MLP,P_kbar,opx_liq,raw,335,10.0,10.0,8.406052899457602,deep_crustal_MASH,mantle_melting
LeaveOneRegionOut,MLP,P_kbar,opx_liq,raw,336,10.0,10.0,10.037160956458244,deep_crustal_MASH,mantle_melting
LeaveOneRegionOut,MLP,P_kbar,opx_liq,raw,337,10.0,10.0,10.188177451381051,deep_crustal_MASH,mantle_melting
LeaveOneRegionOut,MLP,P_kbar,opx_liq,raw,338,15.0,15.0,13.917850627490942,lithospheric_mantle,mantle_melting
LeaveOneRegionOut,MLP,P_kbar,opx_liq,raw,339,15.0,15.0,10.066229669793922,lithospheric_mantle,mantle_melting
LeaveOneRegionOut,MLP,P_kbar,opx_liq,raw,340,15.0,15.0,10.301180739203732,lithospheric_mantle,mantle_melting
LeaveOneRegionOut,MLP,P_kbar,opx_liq,raw,341,12.5,12.5,11.08474830717071,deep_crustal_MASH,mantle_melting
LeaveOneRegionOut,MLP,P_kbar,opx_liq,raw,342,15.0,15.0,13.422996536256285,lithospheric_mantle,mantle_melting
LeaveOneRegionOut,MLP,P_kbar,opx_liq,raw,343,10.0,10.0,9.33503413179863,deep_crustal_MASH,mantle_melting
LeaveOneRegionOut,MLP,P_kbar,opx_liq,raw,344,15.0,15.0,13.866771298633273,lithospheric_mantle,MORB
LeaveOneRegionOut,MLP,P_kbar,opx_liq,raw,345,15.0,15.0,13.933540109311597,lithospheric_mantle,MORB
LeaveOneRegionOut,MLP,P_kbar,opx_liq,raw,346,15.0,15.0,3.6992627440931467,lithospheric_mantle,mantle_melting
LeaveOneRegionOut,MLP,P_kbar,opx_liq,raw,347,15.0,15.0,6.127658653739355,lithospheric_mantle,mantle_melting
LeaveOneRegionOut,MLP,P_kbar,opx_liq,raw,348,15.0,15.0,4.999100526801056,lithospheric_mantle,mantle_melting
LeaveOneRegionOut,MLP,P_kbar,opx_liq,raw,349,15.0,15.0,6.040909372817151,lithospheric_mantle,mantle_melting
LeaveOneRegionOut,MLP,P_kbar,opx_liq,raw,350,15.0,15.0,5.732776776895956,lithospheric_mantle,mantle_melting
LeaveOneRegionOut,MLP,P_kbar,opx_liq,raw,351,15.0,15.0,13.363310495077865,lithospheric_mantle,MORB
LeaveOneRegionOut,MLP,P_kbar,opx_liq,raw,352,10.0,10.0,13.496926711202152,deep_crustal_MASH,MORB
LeaveOneRegionOut,MLP,P_kbar,opx_liq,raw,353,10.0,10.0,11.675875367900836,deep_crustal_MASH,MORB
LeaveOneRegionOut,MLP,P_kbar,opx_liq,raw,354,15.0,15.0,12.742466967029644,lithospheric_mantle,MORB
LeaveOneRegionOut,MLP,P_kbar,opx_liq,raw,355,10.0,10.0,12.606166249555654,deep_crustal_MASH,MORB
LeaveOneRegionOut,MLP,P_kbar,opx_liq,raw,356,10.0,10.0,12.067604794925463,deep_crustal_MASH,MORB
LeaveOneRegionOut,MLP,P_kbar,opx_liq,raw,357,15.0,15.0,16.664060544084013,lithospheric_mantle,mantle_melting
LeaveOneRegionOut,MLP,P_kbar,opx_liq,raw,358,15.0,15.0,18.70045984095618,lithospheric_mantle,mantle_melting
LeaveOneRegionOut,MLP,P_kbar,opx_liq,raw,359,15.0,15.0,17.692342974620342,lithospheric_mantle,mantle_melting
LeaveOneRegionOut,MLP,P_kbar,opx_liq,raw,360,27.999999523163,27.999999523163,28.293789891018772,lithospheric_mantle,mantle_melting
LeaveOneRegionOut,MLP,P_kbar,opx_liq,raw,361,27.999999523163,27.999999523163,31.124399640146876,lithospheric_mantle,mantle_melting
LeaveOneRegionOut,MLP,P_kbar,opx_liq,raw,362,5.0,5.0,11.205389271963801,deep_crustal_MASH,other
LeaveOneRegionOut,MLP,P_kbar,opx_liq,raw,363,12.000000476837,12.000000476837,14.464137613042483,deep_crustal_MASH,basalt
LeaveOneRegionOut,MLP,P_kbar,opx_liq,raw,364,12.000000476837,12.000000476837,18.71780048627032,deep_crustal_MASH,basalt
LeaveOneRegionOut,MLP,P_kbar,opx_liq,raw,365,12.200000286102,12.200000286102,20.24765670068248,deep_crustal_MASH,basalt
LeaveOneRegionOut,MLP,P_kbar,opx_liq,raw,366,12.599999904632998,12.599999904632998,18.247125523199312,deep_crustal_MASH,basalt
LeaveOneRegionOut,MLP,P_kbar,opx_liq,raw,367,13.799999952316,13.799999952316,19.781084399038004,deep_crustal_MASH,basalt
LeaveOneRegionOut,MLP,P_kbar,opx_liq,raw,368,7.5,7.5,12.436235168769297,deep_crustal_MASH,basalt
LeaveOneRegionOut,MLP,P_kbar,opx_liq,raw,369,20.5,20.5,24.111010879859883,lithospheric_mantle,other
LeaveOneRegionOut,MLP,P_kbar,opx_liq,raw,370,21.0,21.0,23.863161923364004,lithospheric_mantle,other
LeaveOneRegionOut,MLP,P_kbar,opx_liq,raw,371,1.9380000233649999,1.9380000233649999,0.40088918368100723,shallow_crustal,arc_silicic
LeaveOneRegionOut,MLP,P_kbar,opx_liq,raw,372,1.2409999966621001,1.2409999966621001,0.32087793718207475,shallow_crustal,arc_silicic
LeaveOneRegionOut,MLP,P_kbar,opx_liq,raw,373,0.52400000393391,0.52400000393391,0.31336409097242685,shallow_crustal,arc_silicic
LeaveOneRegionOut,MLP,P_kbar,opx_liq,raw,374,3.0140000581741,3.0140000581741,0.3260712460000957,shallow_crustal,arc_silicic
LeaveOneRegionOut,MLP,P_kbar,opx_liq,raw,375,1.0689999908209,1.0689999908209,0.31484811688919123,shallow_crustal,arc_silicic
LeaveOneRegionOut,MLP,P_kbar,opx_liq,raw,376,1.7100000381470002,1.7100000381470002,0.3185247816281559,shallow_crustal,arc_silicic
LeaveOneRegionOut,MLP,P_kbar,opx_liq,raw,377,1.5929999947548,1.5929999947548,0.3209520665646923,shallow_crustal,arc_silicic
LeaveOneRegionOut,MLP,P_kbar,opx_liq,raw,378,1.5520000457764,1.5520000457764,0.30754880797044865,shallow_crustal,arc_silicic
LeaveOneRegionOut,MLP,P_kbar,opx_liq,raw,379,0.59000000357628,0.59000000357628,0.33179018909954244,shallow_crustal,arc_silicic
LeaveOneRegionOut,MLP,P_kbar,opx_liq,raw,380,2.0000000298022997,2.0000000298022997,0.3198484266203034,shallow_crustal,arc_silicic
LeaveOneRegionOut,MLP,P_kbar,opx_liq,raw,381,0.97999997437,0.97999997437,0.29817283020055585,shallow_crustal,arc_silicic
LeaveOneRegionOut,MLP,P_kbar,opx_liq,raw,382,2.9199999570847,2.9199999570847,0.3133126709658834,shallow_crustal,arc_silicic
LeaveOneRegionOut,MLP,P_kbar,opx_liq,raw,383,1.0000000149012,1.0000000149012,0.32301438010113037,shallow_crustal,arc_silicic
LeaveOneRegionOut,MLP,P_kbar,opx_liq,raw,384,1.5000000596046001,1.5000000596046001,0.32537956237233556,shallow_crustal,arc_silicic
LeaveOneRegionOut,MLP,P_kbar,opx_liq,raw,385,2.1170000731945,2.1170000731945,0.32118480581492476,shallow_crustal,arc_silicic
LeaveOneRegionOut,MLP,P_kbar,opx_liq,raw,386,0.93800000846386,0.93800000846386,0.31989744004937004,shallow_crustal,arc_silicic
LeaveOneRegionOut,MLP,P_kbar,opx_liq,raw,387,1.1720000207424,1.1720000207424,0.45132709368948354,shallow_crustal,arc_silicic
LeaveOneRegionOut,MLP,P_kbar,opx_liq,raw,388,10.0,10.0,6.455725419077815,deep_crustal_MASH,arc_silicic
LeaveOneRegionOut,MLP,P_kbar,opx_liq,raw,389,10.0,10.0,7.561498964304144,deep_crustal_MASH,arc_silicic
LeaveOneRegionOut,MLP,P_kbar,opx_liq,raw,390,20.0,20.0,7.285972904305766,lithospheric_mantle,arc_silicic
LeaveOneRegionOut,MLP,P_kbar,opx_liq,raw,391,20.0,20.0,11.56987005395103,lithospheric_mantle,arc_silicic
LeaveOneRegionOut,MLP,P_kbar,opx_liq,raw,392,20.0,20.0,13.090267843216678,lithospheric_mantle,arc_silicic
LeaveOneRegionOut,MLP,P_kbar,opx_liq,raw,393,0.001,0.001,11.180798566744688,shallow_crustal,partitioning
LeaveOneRegionOut,MLP,P_kbar,opx_liq,raw,394,0.001,0.001,5.744443410982542,shallow_crustal,partitioning
LeaveOneRegionOut,MLP,P_kbar,opx_liq,raw,395,0.001,0.001,12.357486424239413,shallow_crustal,partitioning
LeaveOneRegionOut,MLP,P_kbar,opx_liq,raw,396,0.001,0.001,8.757079482155179,shallow_crustal,partitioning
LeaveOneRegionOut,MLP,P_kbar,opx_liq,raw,397,0.001,0.001,13.6566544988541,shallow_crustal,partitioning
LeaveOneRegionOut,MLP,P_kbar,opx_liq,raw,398,0.001,0.001,3.405779157641131,shallow_crustal,partitioning
LeaveOneRegionOut,MLP,P_kbar,opx_liq,raw,399,0.001,0.001,12.343145105188464,shallow_crustal,partitioning
LeaveOneRegionOut,MLP,P_kbar,opx_liq,raw,400,0.001,0.001,13.475653536289622,shallow_crustal,partitioning
LeaveOneRegionOut,MLP,P_kbar,opx_liq,raw,401,0.001,0.001,11.76028281166868,shallow_crustal,partitioning
LeaveOneRegionOut,MLP,P_kbar,opx_liq,raw,402,0.001,0.001,11.89716716225154,shallow_crustal,partitioning
LeaveOneRegionOut,MLP,P_kbar,opx_liq,raw,403,0.001,0.001,10.019120342329224,shallow_crustal,partitioning
LeaveOneRegionOut,MLP,P_kbar,opx_liq,raw,404,0.001,0.001,9.976347785094696,shallow_crustal,partitioning
LeaveOneRegionOut,MLP,P_kbar,opx_liq,raw,405,0.001,0.001,1.2324830192862244,shallow_crustal,partitioning
LeaveOneRegionOut,MLP,P_kbar,opx_liq,raw,406,0.001,0.001,0.26363041369559415,shallow_crustal,partitioning
LeaveOneRegionOut,MLP,P_kbar,opx_liq,raw,407,0.001,0.001,1.083284660877763,shallow_crustal,partitioning
LeaveOneRegionOut,MLP,P_kbar,opx_liq,raw,408,0.001,0.001,0.08411871478406274,shallow_crustal,partitioning
LeaveOneRegionOut,MLP,P_kbar,opx_liq,raw,409,0.001,0.001,1.014909777969065,shallow_crustal,partitioning
LeaveOneRegionOut,MLP,P_kbar,opx_liq,raw,410,0.001,0.001,0.08949180817440669,shallow_crustal,partitioning
LeaveOneRegionOut,MLP,P_kbar,opx_liq,raw,411,0.001,0.001,1.1335850049430343,shallow_crustal,partitioning
LeaveOneRegionOut,MLP,P_kbar,opx_liq,raw,412,0.001,0.001,0.14448060577785934,shallow_crustal,partitioning
LeaveOneRegionOut,MLP,P_kbar,opx_liq,raw,413,0.001,0.001,0.9099967221671027,shallow_crustal,partitioning
LeaveOneRegionOut,MLP,P_kbar,opx_liq,raw,414,0.001,0.001,-0.1002819453424505,shallow_crustal,partitioning
LeaveOneRegionOut,MLP,P_kbar,opx_liq,raw,415,10.0,10.0,10.849575434365317,deep_crustal_MASH,mantle_melting
LeaveOneRegionOut,MLP,P_kbar,opx_liq,raw,416,10.0,10.0,10.228968649444457,deep_crustal_MASH,mantle_melting
LeaveOneRegionOut,MLP,P_kbar,opx_liq,raw,417,10.0,10.0,13.309549438902952,deep_crustal_MASH,mantle_melting
LeaveOneRegionOut,MLP,P_kbar,opx_liq,raw,418,10.0,10.0,13.221449191938845,deep_crustal_MASH,mantle_melting
LeaveOneRegionOut,MLP,P_kbar,opx_liq,raw,419,10.0,10.0,12.606530105694397,deep_crustal_MASH,mantle_melting
LeaveOneRegionOut,MLP,P_kbar,opx_liq,raw,420,10.0,10.0,9.322016839268196,deep_crustal_MASH,mantle_melting
LeaveOneRegionOut,MLP,P_kbar,opx_liq,raw,421,10.0,10.0,9.485657179085866,deep_crustal_MASH,mantle_melting
LeaveOneRegionOut,MLP,P_kbar,opx_liq,raw,422,10.0,10.0,9.799875727294168,deep_crustal_MASH,mantle_melting
LeaveOneRegionOut,MLP,P_kbar,opx_liq,raw,423,10.0,10.0,13.44012859643116,deep_crustal_MASH,mantle_melting
LeaveOneRegionOut,MLP,P_kbar,opx_liq,raw,424,10.0,10.0,12.983277751150982,deep_crustal_MASH,mantle_melting
LeaveOneRegionOut,MLP,P_kbar,opx_liq,raw,425,50.0,50.0,45.415387874910365,deeper_mantle,partitioning
LeaveOneRegionOut,MLP,P_kbar,opx_liq,raw,426,5.0199997425079,5.0199997425079,7.559860371772207,deep_crustal_MASH,basalt
LeaveOneRegionOut,MLP,P_kbar,opx_liq,raw,427,5.0199997425079,5.0199997425079,8.06060505226716,deep_crustal_MASH,basalt
LeaveOneRegionOut,MLP,P_kbar,opx_liq,raw,428,5.0169998407364,5.0169998407364,8.383666365695223,deep_crustal_MASH,basalt
LeaveOneRegionOut,MLP,P_kbar,opx_liq,raw,429,10.0,10.0,11.277232940639315,deep_crustal_MASH,arc_silicic
LeaveOneRegionOut,MLP,P_kbar,opx_liq,raw,430,15.0,15.0,9.431391479667075,lithospheric_mantle,arc_silicic
LeaveOneRegionOut,MLP,P_kbar,opx_liq,raw,431,17.5,17.5,12.26658662643053,lithospheric_mantle,arc_silicic
LeaveOneRegionOut,MLP,P_kbar,opx_liq,raw,432,46.9999990463255,46.9999990463255,45.077280480152936,deeper_mantle,other
LeaveOneRegionOut,MLP,P_kbar,opx_liq,raw,433,10.0,10.0,10.348275863186183,deep_crustal_MASH,mantle_melting
LeaveOneRegionOut,MLP,P_kbar,opx_liq,raw,434,17.5,17.5,13.61567555216795,lithospheric_mantle,arc_silicic
LeaveOneRegionOut,MLP,P_kbar,opx_liq,raw,435,27.75024994039535,27.75024994039535,42.9384526692374,lithospheric_mantle,other
LeaveOneRegionOut,MLP,P_kbar,opx_liq,raw,436,12.5,12.5,10.373384881556222,deep_crustal_MASH,arc_silicic
LeaveOneRegionOut,MLP,P_kbar,opx_liq,raw,437,15.0,15.0,5.283632791948208,lithospheric_mantle,mantle_melting
LeaveOneRegionOut,MLP,P_kbar,opx_liq,raw,438,50.0,50.0,34.32704201323521,deeper_mantle,other
LeaveOneRegionOut,MLP,P_kbar,opx_liq,raw,439,12.999999523163,12.999999523163,15.161213616295282,deep_crustal_MASH,arc_silicic
LeaveOneRegionOut,MLP,P_kbar,opx_liq,raw,440,10.0,10.0,8.52456205642452,deep_crustal_MASH,mantle_melting
LeaveOneRegionOut,MLP,P_kbar,opx_liq,raw,441,15.0,15.0,14.788726876059705,lithospheric_mantle,arc_silicic
LeaveOneRegionOut,MLP,P_kbar,opx_liq,raw,442,50.0,50.0,39.132216002736165,deeper_mantle,other
LeaveOneRegionOut,MLP,P_kbar,opx_liq,raw,443,15.0,15.0,13.445823190952272,lithospheric_mantle,arc_silicic
LeaveOneRegionOut,MLP,P_kbar,opx_liq,raw,444,10.0,10.0,7.962956757916943,deep_crustal_MASH,mantle_melting
LeaveOneRegionOut,MLP,P_kbar,opx_liq,raw,445,17.5,17.5,13.709131030913573,lithospheric_mantle,arc_silicic
LeaveOneRegionOut,MLP,P_kbar,opx_liq,raw,446,10.0,10.0,7.3184143909280985,deep_crustal_MASH,mantle_melting
LeaveOneRegionOut,MLP,P_kbar,opx_liq,raw,447,10.0,10.0,9.637056357217583,deep_crustal_MASH,mantle_melting
LeaveOneRegionOut,MLP,P_kbar,opx_liq,raw,448,10.0,10.0,11.602963072426292,deep_crustal_MASH,mantle_melting
LeaveOneRegionOut,MLP,P_kbar,opx_liq,raw,449,12.000000476837,12.000000476837,9.911621082734017,deep_crustal_MASH,arc_silicic
LeaveOneRegionOut,MLP,P_kbar,opx_liq,raw,450,22.999999523163,22.999999523163,9.269548319620224,lithospheric_mantle,basalt
LeaveOneRegionOut,MLP,P_kbar,opx_liq,raw,451,15.0,15.0,7.633109486669305,lithospheric_mantle,mantle_melting
LeaveOneRegionOut,MLP,P_kbar,opx_liq,raw,452,18.999999761580998,18.999999761580998,16.117906931958093,lithospheric_mantle,arc_silicic
LeaveOneRegionOut,MLP,P_kbar,opx_liq,raw,453,0.00099999997473788,0.00099999997473788,3.589415888506408,shallow_crustal,basalt
LeaveOneRegionOut,MLP,P_kbar,opx_liq,raw,454,2.0000000298022997,2.0000000298022997,1.3797105482889709,shallow_crustal,basalt
LeaveOneRegionOut,MLP,P_kbar,opx_liq,raw,455,0.00099999997473788,0.00099999997473788,3.3329004051063116,shallow_crustal,basalt
LeaveOneRegionOut,MLP,P_kbar,opx_liq,raw,456,2.0000000298022997,2.0000000298022997,4.8094142130766935,shallow_crustal,basalt
LeaveOneRegionOut,MLP,P_kbar,opx_liq,raw,457,2.0000000298022997,2.0000000298022997,2.688202166577364,shallow_crustal,basalt
LeaveOneRegionOut,MLP,P_kbar,opx_liq,raw,458,0.00099999997473788,0.00099999997473788,1.4924024337368802,shallow_crustal,basalt
LeaveOneRegionOut,MLP,P_kbar,opx_liq,raw,459,0.00099999997473788,0.00099999997473788,3.6392117234642116,shallow_crustal,basalt
LeaveOneRegionOut,MLP,P_kbar,opx_liq,raw,460,0.00099999997473788,0.00099999997473788,3.6006616690529114,shallow_crustal,basalt
LeaveOneRegionOut,MLP,P_kbar,opx_liq,raw,461,0.00099999997473788,0.00099999997473788,2.939543538460578,shallow_crustal,basalt
LeaveOneRegionOut,MLP,P_kbar,opx_liq,raw,462,0.001,0.001,7.2284144704779925,shallow_crustal,partitioning
LeaveOneRegionOut,MLP,P_kbar,opx_liq,raw,463,0.001,0.001,1.2520868064287298,shallow_crustal,partitioning
LeaveOneRegionOut,MLP,P_kbar,opx_liq,raw,464,0.001,0.001,6.95727339342348,shallow_crustal,partitioning
LeaveOneRegionOut,MLP,P_kbar,opx_liq,raw,465,0.001,0.001,7.144512703287929,shallow_crustal,partitioning
LeaveOneRegionOut,MLP,P_kbar,opx_liq,raw,466,0.001,0.001,3.983814162505158,shallow_crustal,partitioning
LeaveOneRegionOut,MLP,P_kbar,opx_liq,raw,467,0.001,0.001,5.116555432208474,shallow_crustal,partitioning
LeaveOneRegionOut,MLP,P_kbar,opx_liq,raw,468,0.001,0.001,0.5474142653587182,shallow_crustal,partitioning
LeaveOneRegionOut,MLP,P_kbar,opx_liq,raw,469,0.001,0.001,0.34665582226855696,shallow_crustal,partitioning
LeaveOneRegionOut,MLP,P_kbar,opx_liq,raw,470,0.001,0.001,4.008464640921372,shallow_crustal,partitioning
LeaveOneRegionOut,MLP,P_kbar,opx_liq,raw,471,0.001,0.001,2.524590020161553,shallow_crustal,partitioning
LeaveOneRegionOut,MLP,P_kbar,opx_liq,raw,472,0.001,0.001,6.029657257363159,shallow_crustal,partitioning
LeaveOneRegionOut,MLP,P_kbar,opx_liq,raw,473,0.001,0.001,2.5393911911939413,shallow_crustal,partitioning
LeaveOneRegionOut,MLP,P_kbar,opx_liq,raw,474,0.001,0.001,1.7548587881805577,shallow_crustal,partitioning
LeaveOneRegionOut,MLP,P_kbar,opx_liq,raw,475,0.001,0.001,1.0767240852421613,shallow_crustal,partitioning
LeaveOneRegionOut,MLP,P_kbar,opx_liq,raw,476,0.001,0.001,0.4986874516662776,shallow_crustal,partitioning
LeaveOneRegionOut,MLP,P_kbar,opx_liq,raw,477,0.001,0.001,5.0822382062987135,shallow_crustal,partitioning
LeaveOneRegionOut,MLP,P_kbar,opx_liq,raw,478,0.001,0.001,0.22829100494697474,shallow_crustal,partitioning
LeaveOneRegionOut,MLP,P_kbar,opx_liq,raw,479,0.001,0.001,2.9413909991807263,shallow_crustal,partitioning
LeaveOneRegionOut,MLP,P_kbar,opx_liq,raw,480,0.001,0.001,1.7524159086378996,shallow_crustal,partitioning
LeaveOneRegionOut,MLP,P_kbar,opx_liq,raw,481,0.001,0.001,1.502621616487351,shallow_crustal,partitioning
LeaveOneRegionOut,MLP,P_kbar,opx_liq,raw,482,0.001,0.001,2.826466116250753,shallow_crustal,partitioning
LeaveOneRegionOut,MLP,P_kbar,opx_liq,raw,483,0.001,0.001,1.5737234936755193,shallow_crustal,partitioning
LeaveOneRegionOut,MLP,P_kbar,opx_liq,raw,484,15.0,15.0,5.398035451534832,lithospheric_mantle,basalt
LeaveOneRegionOut,MLP,P_kbar,opx_liq,raw,485,0.001,0.001,-1.1177079606953342,shallow_crustal,partitioning
LeaveOneRegionOut,MLP,P_kbar,opx_liq,raw,486,0.001,0.001,1.359502580028784,shallow_crustal,partitioning
LeaveOneRegionOut,MLP,P_kbar,opx_liq,raw,487,0.001,0.001,0.2930048009741772,shallow_crustal,partitioning
LeaveOneRegionOut,MLP,P_kbar,opx_liq,raw,488,0.001,0.001,0.23466963643487962,shallow_crustal,partitioning
LeaveOneRegionOut,MLP,P_kbar,opx_liq,raw,489,0.001,0.001,0.03353452801446,shallow_crustal,partitioning
LeaveOneRegionOut,MLP,P_kbar,opx_liq,raw,490,0.001,0.001,1.4052780148946793,shallow_crustal,partitioning
LeaveOneRegionOut,MLP,P_kbar,opx_liq,raw,491,0.001,0.001,-2.304391228653797,shallow_crustal,partitioning
LeaveOneRegionOut,MLP,P_kbar,opx_liq,raw,492,0.001,0.001,2.1758783213985327,shallow_crustal,partitioning
LeaveOneRegionOut,MLP,P_kbar,opx_liq,raw,493,0.001,0.001,2.5959563441246036,shallow_crustal,partitioning
LeaveOneRegionOut,MLP,P_kbar,opx_liq,raw,494,0.001,0.001,-0.09673646380265427,shallow_crustal,partitioning
LeaveOneRegionOut,MLP,P_kbar,opx_liq,raw,495,0.001,0.001,0.1760576153797485,shallow_crustal,partitioning
LeaveOneRegionOut,MLP,P_kbar,opx_liq,raw,496,0.001,0.001,0.26363041369559415,shallow_crustal,partitioning
LeaveOneRegionOut,MLP,P_kbar,opx_liq,raw,497,12.000000476837,12.000000476837,16.077067963495715,deep_crustal_MASH,MORB
LeaveOneRegionOut,MLP,P_kbar,opx_liq,raw,498,12.000000476837,12.000000476837,13.942065339173466,deep_crustal_MASH,MORB
LeaveOneRegionOut,MLP,P_kbar,opx_liq,raw,499,8.0000001192093,8.0000001192093,0.439930288652428,deep_crustal_MASH,basalt
LeaveOneRegionOut,MLP,P_kbar,opx_liq,raw,500,12.000000476837,12.000000476837,12.683570561644714,deep_crustal_MASH,MORB
LeaveOneRegionOut,MLP,P_kbar,opx_liq,raw,501,12.000000476837,12.000000476837,15.500720225365635,deep_crustal_MASH,MORB
LeaveOneRegionOut,MLP,P_kbar,opx_liq,raw,502,12.000000476837,12.000000476837,15.47792719147442,deep_crustal_MASH,MORB
LeaveOneRegionOut,MLP,P_kbar,opx_liq,raw,503,12.000000476837,12.000000476837,13.636775474285512,deep_crustal_MASH,MORB
LeaveOneRegionOut,MLP,P_kbar,opx_liq,raw,504,13.999999761580998,13.999999761580998,11.36730991577456,deep_crustal_MASH,other
LeaveOneRegionOut,MLP,P_kbar,opx_liq,raw,505,16.000000238419002,16.000000238419002,11.204730567603074,lithospheric_mantle,other
LeaveOneRegionOut,MLP,P_kbar,opx_liq,raw,506,20.0,20.0,17.26362643934155,lithospheric_mantle,other
LeaveOneRegionOut,MLP,P_kbar,opx_liq,raw,507,20.0,20.0,15.635791709282733,lithospheric_mantle,other
LeaveOneRegionOut,MLP,P_kbar,opx_liq,raw,508,17.999999523162998,17.999999523162998,14.216918734207304,lithospheric_mantle,other
LeaveOneRegionOut,MLP,P_kbar,opx_liq,raw,509,17.999999523162998,17.999999523162998,13.787831215992123,lithospheric_mantle,other
LeaveOneRegionOut,MLP,P_kbar,opx_liq,raw,510,17.000000476837002,17.000000476837002,13.614888237960727,lithospheric_mantle,other
LeaveOneRegionOut,MLP,P_kbar,opx_liq,raw,511,22.000000476837,22.000000476837,13.810114949437258,lithospheric_mantle,mantle_melting
LeaveOneRegionOut,MLP,P_kbar,opx_liq,raw,512,22.000000476837,22.000000476837,17.500040107615742,lithospheric_mantle,mantle_melting
LeaveOneRegionOut,MLP,P_kbar,opx_liq,raw,513,15.0,15.0,11.503912323837326,lithospheric_mantle,mantle_melting
LeaveOneRegionOut,MLP,P_kbar,opx_liq,raw,514,12.0,12.0,13.881027503891197,deep_crustal_MASH,mantle_melting
LeaveOneRegionOut,MLP,P_kbar,opx_liq,raw,515,12.0,12.0,14.409141046439956,deep_crustal_MASH,mantle_melting
LeaveOneRegionOut,MLP,P_kbar,opx_liq,raw,516,25.0,25.0,25.75882653022879,lithospheric_mantle,mantle_melting
LeaveOneRegionOut,MLP,P_kbar,opx_liq,raw,517,12.0,12.0,14.284244884251752,deep_crustal_MASH,mantle_melting
LeaveOneRegionOut,MLP,P_kbar,opx_liq,raw,518,12.0,12.0,14.042958338131754,deep_crustal_MASH,mantle_melting
LeaveOneRegionOut,MLP,P_kbar,opx_liq,raw,519,8.0,8.0,12.46748307400171,deep_crustal_MASH,mantle_melting
LeaveOneRegionOut,MLP,P_kbar,opx_liq,raw,520,12.0,12.0,12.393600489132503,deep_crustal_MASH,mantle_melting
LeaveOneRegionOut,MLP,P_kbar,opx_liq,raw,521,16.0,16.0,11.3037323588392,lithospheric_mantle,mantle_melting
LeaveOneRegionOut,MLP,P_kbar,opx_liq,raw,522,12.0,12.0,12.411640549371544,deep_crustal_MASH,mantle_melting
LeaveOneRegionOut,MLP,P_kbar,opx_liq,raw,523,17.999999523162998,17.999999523162998,16.091369587162625,lithospheric_mantle,other
LeaveOneRegionOut,MLP,P_kbar,opx_liq,raw,524,17.999999523162998,17.999999523162998,17.231123785193226,lithospheric_mantle,other
LeaveOneRegionOut,MLP,P_kbar,opx_liq,raw,525,20.0,20.0,16.326773649230766,lithospheric_mantle,other
LeaveOneRegionOut,MLP,P_kbar,opx_liq,raw,526,20.0,20.0,15.397447456709324,lithospheric_mantle,other
LeaveOneRegionOut,MLP,P_kbar,opx_liq,raw,527,20.0,20.0,16.067464118776016,lithospheric_mantle,other
LeaveOneRegionOut,MLP,P_kbar,opx_liq,raw,528,20.0,20.0,14.263178785530501,lithospheric_mantle,other
LeaveOneRegionOut,MLP,P_kbar,opx_liq,raw,529,20.0,20.0,16.098253414612714,lithospheric_mantle,other
LeaveOneRegionOut,MLP,P_kbar,opx_liq,raw,530,16.000000238419002,16.000000238419002,13.955847038151598,lithospheric_mantle,other
LeaveOneRegionOut,MLP,P_kbar,opx_liq,raw,531,16.000000238419002,16.000000238419002,15.633665900303141,lithospheric_mantle,other
LeaveOneRegionOut,MLP,P_kbar,opx_liq,raw,532,12.0,12.0,16.033782613214616,deep_crustal_MASH,mantle_melting
LeaveOneRegionOut,MLP,P_kbar,opx_liq,raw,533,12.0,12.0,13.13709898586108,deep_crustal_MASH,mantle_melting
LeaveOneRegionOut,MLP,P_kbar,opx_liq,raw,534,12.0,12.0,14.422162672622449,deep_crustal_MASH,mantle_melting
LeaveOneRegionOut,MLP,P_kbar,opx_liq,raw,535,12.0,12.0,13.26160987626435,deep_crustal_MASH,mantle_melting
LeaveOneRegionOut,MLP,P_kbar,opx_liq,raw,536,8.9999997615814,8.9999997615814,5.778588438229105,deep_crustal_MASH,MORB
LeaveOneRegionOut,MLP,P_kbar,opx_liq,raw,537,8.9999997615814,8.9999997615814,8.036418655216131,deep_crustal_MASH,MORB
LeaveOneRegionOut,MLP,P_kbar,opx_liq,raw,538,12.999999523163,12.999999523163,14.631743404319407,deep_crustal_MASH,MORB
LeaveOneRegionOut,MLP,P_kbar,opx_liq,raw,539,8.9999997615814,8.9999997615814,6.761829439821565,deep_crustal_MASH,MORB
LeaveOneRegionOut,MLP,P_kbar,opx_liq,raw,540,16.000000238419002,16.000000238419002,15.843483800087954,lithospheric_mantle,MORB
LeaveOneRegionOut,MLP,P_kbar,opx_liq,raw,541,11.000000238419002,11.000000238419002,12.148584716259204,deep_crustal_MASH,MORB
LeaveOneRegionOut,MLP,P_kbar,opx_liq,raw,542,16.000000238419002,16.000000238419002,18.296317775739805,lithospheric_mantle,MORB
LeaveOneRegionOut,MLP,P_kbar,opx_liq,raw,543,16.000000238419002,16.000000238419002,15.608984192708919,lithospheric_mantle,MORB
LeaveOneRegionOut,MLP,P_kbar,opx_liq,raw,544,12.999999523163,12.999999523163,13.720228078580787,deep_crustal_MASH,MORB
LeaveOneRegionOut,MLP,P_kbar,opx_liq,raw,545,16.000000238419002,16.000000238419002,16.71079096931477,lithospheric_mantle,MORB
LeaveOneRegionOut,MLP,P_kbar,opx_liq,raw,546,8.9999997615814,8.9999997615814,7.250854175103941,deep_crustal_MASH,MORB
LeaveOneRegionOut,MLP,P_kbar,opx_liq,raw,547,24.000000953674,24.000000953674,19.813441814256816,lithospheric_mantle,MORB
LeaveOneRegionOut,MLP,P_kbar,opx_liq,raw,548,24.000000953674,24.000000953674,20.072137902623272,lithospheric_mantle,MORB
LeaveOneRegionOut,MLP,P_kbar,opx_liq,raw,549,13.0,13.0,14.681171744097217,deep_crustal_MASH,mantle_melting
LeaveOneRegionOut,MLP,P_kbar,opx_liq,raw,550,15.0,15.0,10.87212917487451,lithospheric_mantle,other
LeaveOneRegionOut,MLP,P_kbar,opx_liq,raw,551,20.0,20.0,7.518038276009502,lithospheric_mantle,other
LeaveOneRegionOut,MLP,P_kbar,opx_liq,raw,552,15.0,15.0,6.818897627872135,lithospheric_mantle,other
LeaveOneRegionOut,MLP,P_kbar,opx_liq,raw,553,10.0,10.0,9.009277101587848,deep_crustal_MASH,mantle_melting
LeaveOneRegionOut,MLP,P_kbar,opx_liq,raw,554,10.0,10.0,15.414027305128974,deep_crustal_MASH,mantle_melting
LeaveOneRegionOut,MLP,P_kbar,opx_liq,raw,555,10.0,10.0,3.253444367358282,deep_crustal_MASH,mantle_melting
LeaveOneRegionOut,MLP,P_kbar,opx_liq,raw,556,10.0,10.0,7.4499552608416595,deep_crustal_MASH,mantle_melting
LeaveOneRegionOut,MLP,P_kbar,opx_liq,raw,557,10.0,10.0,4.304691985132124,deep_crustal_MASH,mantle_melting
LeaveOneRegionOut,MLP,P_kbar,opx_liq,raw,558,10.0,10.0,5.667157389710202,deep_crustal_MASH,mantle_melting
LeaveOneRegionOut,MLP,P_kbar,opx_liq,raw,559,10.0,10.0,8.044105969359464,deep_crustal_MASH,mantle_melting
LeaveOneRegionOut,MLP,P_kbar,opx_liq,raw,560,10.0,10.0,14.79074991389931,deep_crustal_MASH,mantle_melting
LeaveOneRegionOut,MLP,P_kbar,opx_liq,raw,561,10.0,10.0,15.831406481585045,deep_crustal_MASH,mantle_melting
LeaveOneRegionOut,MLP,P_kbar,opx_liq,raw,562,10.0,10.0,11.319511080398835,deep_crustal_MASH,mantle_melting
LeaveOneRegionOut,MLP,P_kbar,opx_liq,raw,563,30.0,30.0,26.1202008494498,deeper_mantle,other
LeaveOneRegionOut,MLP,P_kbar,opx_liq,raw,564,30.0,30.0,26.24833660041638,deeper_mantle,other
LeaveOneRegionOut,MLP,P_kbar,opx_liq,raw,565,30.0,30.0,30.44327963389069,deeper_mantle,other
LeaveOneRegionOut,MLP,P_kbar,opx_liq,raw,566,30.0,30.0,31.681358934999345,deeper_mantle,other
LeaveOneRegionOut,MLP,P_kbar,opx_liq,raw,567,30.0,30.0,32.7229730058828,deeper_mantle,other
LeaveOneRegionOut,MLP,P_kbar,opx_liq,raw,568,10.0,10.0,12.530546046106277,deep_crustal_MASH,mantle_melting
LeaveOneRegionOut,MLP,P_kbar,opx_liq,raw,569,10.0,10.0,10.278736344251087,deep_crustal_MASH,mantle_melting
LeaveOneRegionOut,MLP,P_kbar,opx_liq,raw,570,12.999999523163,12.999999523163,14.116801703585987,deep_crustal_MASH,other
LeaveOneRegionOut,MLP,P_kbar,opx_liq,raw,571,12.999999523163,12.999999523163,14.015815419177985,deep_crustal_MASH,other
LeaveOneRegionOut,MLP,P_kbar,opx_liq,raw,572,12.999999761581499,12.999999761581499,12.763738569198315,deep_crustal_MASH,other
LeaveOneRegionOut,MLP,P_kbar,opx_liq,raw,573,12.999999523163,12.999999523163,13.640573382874612,deep_crustal_MASH,other
LeaveOneRegionOut,MLP,P_kbar,opx_liq,raw,574,10.0,10.0,12.42933952457715,deep_crustal_MASH,other
LeaveOneRegionOut,MLP,P_kbar,opx_liq,raw,575,0.00099999997473788,0.00099999997473788,2.1455798012942813,shallow_crustal,other
LeaveOneRegionOut,MLP,P_kbar,opx_liq,raw,576,6.999999880790701,6.999999880790701,6.952855959612649,deep_crustal_MASH,other
LeaveOneRegionOut,MLP,P_kbar,opx_liq,raw,577,10.0,10.0,13.230727175138611,deep_crustal_MASH,other
LeaveOneRegionOut,MLP,P_kbar,opx_liq,raw,578,10.0,10.0,12.869304958896736,deep_crustal_MASH,other
LeaveOneRegionOut,MLP,P_kbar,opx_liq,raw,579,6.999999880790701,6.999999880790701,11.024819898238011,deep_crustal_MASH,other
LeaveOneRegionOut,MLP,P_kbar,opx_liq,raw,580,27.999999523163,27.999999523163,24.20486752926601,lithospheric_mantle,MORB
LeaveOneRegionOut,MLP,P_kbar,opx_liq,raw,581,27.999999523163,27.999999523163,24.30248306848679,lithospheric_mantle,MORB
LeaveOneRegionOut,MLP,P_kbar,opx_liq,raw,582,27.999999523163,27.999999523163,25.830178216190202,lithospheric_mantle,MORB
LeaveOneRegionOut,MLP,P_kbar,opx_liq,raw,583,15.0,15.0,6.70695512657944,lithospheric_mantle,mantle_melting
LeaveOneRegionOut,MLP,P_kbar,opx_liq,raw,584,15.0,15.0,10.644065184642255,lithospheric_mantle,mantle_melting
LeaveOneRegionOut,MLP,P_kbar,opx_liq,raw,585,20.0,20.0,11.42887142450511,lithospheric_mantle,mantle_melting
LeaveOneRegionOut,MLP,P_kbar,opx_liq,raw,586,20.0,20.0,9.212424761193384,lithospheric_mantle,mantle_melting
LeaveOneRegionOut,MLP,P_kbar,opx_liq,raw,587,15.0,15.0,12.149504123064489,lithospheric_mantle,mantle_melting
LeaveOneRegionOut,MLP,P_kbar,opx_liq,raw,588,20.0,20.0,15.970828789854739,lithospheric_mantle,mantle_melting
LeaveOneRegionOut,MLP,P_kbar,opx_liq,raw,589,20.0,20.0,11.621289473202355,lithospheric_mantle,mantle_melting
LeaveOneRegionOut,MLP,P_kbar,opx_liq,raw,590,15.0,15.0,7.5800670548055455,lithospheric_mantle,mantle_melting
LeaveOneRegionOut,MLP,P_kbar,opx_liq,raw,591,20.0,20.0,9.606654792933243,lithospheric_mantle,mantle_melting
LeaveOneRegionOut,MLP,P_kbar,opx_liq,raw,592,20.0,20.0,18.143455744492417,lithospheric_mantle,mantle_melting
LeaveOneRegionOut,MLP,P_kbar,opx_liq,raw,593,20.0,20.0,12.634531542040694,lithospheric_mantle,mantle_melting
LeaveOneRegionOut,MLP,P_kbar,opx_liq,raw,594,20.0,20.0,18.1831781247585,lithospheric_mantle,mantle_melting
LeaveOneRegionOut,MLP,P_kbar,opx_liq,raw,595,15.0,15.0,15.458715904927843,lithospheric_mantle,mantle_melting
LeaveOneRegionOut,MLP,P_kbar,opx_liq,raw,596,20.0,20.0,22.068242643760144,lithospheric_mantle,mantle_melting
LeaveOneRegionOut,MLP,P_kbar,opx_liq,raw,597,0.001,0.001,10.601806124345002,shallow_crustal,other
LeaveOneRegionOut,MLP,P_kbar,opx_liq,raw,598,0.001,0.001,11.442373158913908,shallow_crustal,other
LeaveOneRegionOut,MLP,P_kbar,opx_liq,raw,599,0.001,0.001,9.162467859019229,shallow_crustal,other
LOSO,ElasticNet,P_kbar,opx_liq,raw,0,12.496285693092789,12.496285693092789,10.825953866812103,deep_crustal_MASH,other
LOSO,ElasticNet,P_kbar,opx_liq,raw,1,4.9849998950958,4.9849998950958,7.552762545257807,shallow_crustal,basalt
LOSO,ElasticNet,P_kbar,opx_liq,raw,2,0.001,0.001,5.2196695641725235,shallow_crustal,other
LOSO,ElasticNet,P_kbar,opx_liq,raw,3,0.001,0.001,6.587205886314557,shallow_crustal,other
LOSO,ElasticNet,P_kbar,opx_liq,raw,4,3.0000001192093,3.0000001192093,10.114107273299105,shallow_crustal,metamorphic
LOSO,ElasticNet,P_kbar,opx_liq,raw,5,5.0,5.0,9.036490706032918,deep_crustal_MASH,metamorphic
LOSO,ElasticNet,P_kbar,opx_liq,raw,6,3.0000001192093,3.0000001192093,28.029140978262678,shallow_crustal,metamorphic
LOSO,ElasticNet,P_kbar,opx_liq,raw,7,1.0000000149012,1.0000000149012,3.538691079482435,shallow_crustal,arc_silicic
LOSO,ElasticNet,P_kbar,opx_liq,raw,8,1.0000000149012,1.0000000149012,9.706500026852593,shallow_crustal,arc_silicic
LOSO,ElasticNet,P_kbar,opx_liq,raw,9,11.00000001490115,11.00000001490115,3.7644778899399434,deep_crustal_MASH,other
LOSO,ElasticNet,P_kbar,opx_liq,raw,10,6.100000236183325,6.100000236183325,17.235522956996032,deep_crustal_MASH,other
LOSO,ElasticNet,P_kbar,opx_liq,raw,11,4.8249998688698,4.8249998688698,4.490865321448406,shallow_crustal,basalt
LOSO,ElasticNet,P_kbar,opx_liq,raw,12,2.0000000298022997,2.0000000298022997,5.343585213207113,shallow_crustal,other
LOSO,ElasticNet,P_kbar,opx_liq,raw,13,0.001,0.001,5.2223345302489586,shallow_crustal,other
LOSO,ElasticNet,P_kbar,opx_liq,raw,14,11.02628122898306,11.02628122898306,21.903668076044468,deep_crustal_MASH,other
LOSO,ElasticNet,P_kbar,opx_liq,raw,15,35.66666682561233,35.66666682561233,18.203473186201695,deeper_mantle,other
LOSO,ElasticNet,P_kbar,opx_liq,raw,16,0.001,0.001,8.852064622201445,shallow_crustal,other
LOSO,ElasticNet,P_kbar,opx_liq,raw,17,5.0,5.0,8.827393351048956,deep_crustal_MASH,other
LOSO,ElasticNet,P_kbar,opx_liq,raw,18,11.119025624851448,11.119025624851448,16.751921503797583,deep_crustal_MASH,other
LOSO,ElasticNet,P_kbar,opx_liq,raw,19,8.78518178494235,8.78518178494235,13.067534706402883,deep_crustal_MASH,mantle_melting
LOSO,ElasticNet,P_kbar,opx_liq,raw,20,9.275884610137489,9.275884610137489,-0.06374620594350944,deep_crustal_MASH,mantle_melting
LOSO,ElasticNet,P_kbar,opx_liq,raw,21,10.399999991059305,10.399999991059305,17.947237089998065,deep_crustal_MASH,basalt
LOSO,ElasticNet,P_kbar,opx_liq,raw,22,15.0,15.0,16.74093094251472,lithospheric_mantle,mantle_melting
LOSO,ElasticNet,P_kbar,opx_liq,raw,23,12.28362969507237,12.28362969507237,12.376505869341484,deep_crustal_MASH,mantle_melting
LOSO,ElasticNet,P_kbar,opx_liq,raw,24,10.0,10.0,15.867054825340702,deep_crustal_MASH,basalt
LOSO,ElasticNet,P_kbar,opx_liq,raw,25,0.00099999997473788,0.00099999997473788,19.17612616050243,shallow_crustal,basalt
LOSO,ElasticNet,P_kbar,opx_liq,raw,26,12.56707144985703,12.56707144985703,14.401860211847174,deep_crustal_MASH,mantle_melting
LOSO,ElasticNet,P_kbar,opx_liq,raw,27,8.086285725460572,8.086285725460572,6.587576087845519,deep_crustal_MASH,basalt
LOSO,ElasticNet,P_kbar,opx_liq,raw,28,7.659611106178159,7.659611106178159,-6.091588867059224,deep_crustal_MASH,basalt
LOSO,ElasticNet,P_kbar,opx_liq,raw,29,20.0,20.0,20.17764988115603,lithospheric_mantle,partitioning
LOSO,ElasticNet,P_kbar,opx_liq,raw,30,5.0,5.0,0.2074490298228664,deep_crustal_MASH,metamorphic
LOSO,ElasticNet,P_kbar,opx_liq,raw,31,10.0,10.0,8.409237201320582,deep_crustal_MASH,basalt
LOSO,ElasticNet,P_kbar,opx_liq,raw,32,30.0,30.0,23.852105674759137,deeper_mantle,mantle_melting
LOSO,ElasticNet,P_kbar,opx_liq,raw,33,30.0,30.0,18.886734620646713,deeper_mantle,mantle_melting
LOSO,ElasticNet,P_kbar,opx_liq,raw,34,7.195500025760334,7.195500025760334,-0.36307101084043936,deep_crustal_MASH,basalt
LOSO,ElasticNet,P_kbar,opx_liq,raw,35,5.369384613849325,5.369384613849325,15.473376740422552,deep_crustal_MASH,arc_silicic
LOSO,ElasticNet,P_kbar,opx_liq,raw,36,30.0,30.0,27.81895012725615,deeper_mantle,partitioning
LOSO,ElasticNet,P_kbar,opx_liq,raw,37,20.0,20.0,23.28062936928047,lithospheric_mantle,basalt
LOSO,ElasticNet,P_kbar,opx_liq,raw,38,40.0,40.0,25.555669431194723,deeper_mantle,mantle_melting
LOSO,ElasticNet,P_kbar,opx_liq,raw,39,40.0,40.0,29.828057520325768,deeper_mantle,mantle_melting
LOSO,ElasticNet,P_kbar,opx_liq,raw,40,45.0,45.0,31.634243992373474,deeper_mantle,mantle_melting
LOSO,ElasticNet,P_kbar,opx_liq,raw,41,6.469000022348593,6.469000022348593,0.4550564298343236,deep_crustal_MASH,mantle_melting
LOSO,ElasticNet,P_kbar,opx_liq,raw,42,7.022909071941695,7.022909071941695,3.074756054975685,deep_crustal_MASH,mantle_melting
LOSO,ElasticNet,P_kbar,opx_liq,raw,43,10.0,10.0,4.982795791265506,deep_crustal_MASH,MORB
LOSO,ElasticNet,P_kbar,opx_liq,raw,44,10.0,10.0,5.507705028594683,deep_crustal_MASH,MORB
LOSO,ElasticNet,P_kbar,opx_liq,raw,45,20.0,20.0,19.12719648237035,lithospheric_mantle,MORB
LOSO,ElasticNet,P_kbar,opx_liq,raw,46,7.87644445708062,7.87644445708062,1.083339291670823,deep_crustal_MASH,mantle_melting
LOSO,ElasticNet,P_kbar,opx_liq,raw,47,9.693111129707756,9.693111129707756,6.197952306859369,deep_crustal_MASH,arc_silicic
LOSO,ElasticNet,P_kbar,opx_liq,raw,48,10.0,10.0,7.692322518900297,deep_crustal_MASH,mantle_melting
LOSO,ElasticNet,P_kbar,opx_liq,raw,49,15.250125059604626,15.250125059604626,9.986032050319945,lithospheric_mantle,mantle_melting
LOSO,ElasticNet,P_kbar,opx_liq,raw,50,17.999999952316198,17.999999952316198,18.321434035739056,lithospheric_mantle,mantle_melting
LOSO,ElasticNet,P_kbar,opx_liq,raw,51,60.0,60.0,30.190080018136914,deeper_mantle,mantle_melting
LOSO,ElasticNet,P_kbar,opx_liq,raw,52,1.1000000126659748,1.1000000126659748,10.338473812364786,shallow_crustal,other
LOSO,ElasticNet,P_kbar,opx_liq,raw,53,0.0010132500028703,0.0010132500028703,5.48425935354153,shallow_crustal,basalt
LOSO,ElasticNet,P_kbar,opx_liq,raw,54,0.0010132500028703,0.0010132500028703,1.0086461515535134,shallow_crustal,basalt
LOSO,ElasticNet,P_kbar,opx_liq,raw,55,0.00099999997473788,0.00099999997473788,5.15212333083847,shallow_crustal,arc_silicic
LOSO,ElasticNet,P_kbar,opx_liq,raw,56,6.666999999991579,6.666999999991579,11.550145915037868,deep_crustal_MASH,other
LOSO,ElasticNet,P_kbar,opx_liq,raw,57,7.500499999987369,7.500499999987369,15.462229641155808,deep_crustal_MASH,other
LOSO,ElasticNet,P_kbar,opx_liq,raw,58,15.0,15.0,17.713873007564402,lithospheric_mantle,other
LOSO,ElasticNet,P_kbar,opx_liq,raw,59,7.500499999987369,7.500499999987369,15.8464272477429,deep_crustal_MASH,other
LOSO,ElasticNet,P_kbar,opx_liq,raw,60,15.0,15.0,15.834722305714237,lithospheric_mantle,other
LOSO,ElasticNet,P_kbar,opx_liq,raw,61,10.0,10.0,10.664573959564391,deep_crustal_MASH,other
LOSO,ElasticNet,P_kbar,opx_liq,raw,62,10.000333333324912,10.000333333324912,8.55884264467588,deep_crustal_MASH,other
LOSO,ElasticNet,P_kbar,opx_liq,raw,63,13.500000238418501,13.500000238418501,11.598392117725977,deep_crustal_MASH,other
LOSO,ElasticNet,P_kbar,opx_liq,raw,64,6.666999999991579,6.666999999991579,9.33988376365765,deep_crustal_MASH,other
LOSO,ElasticNet,P_kbar,opx_liq,raw,65,20.0,20.0,9.758099743489954,lithospheric_mantle,other
LOSO,ElasticNet,P_kbar,opx_liq,raw,66,15.0,15.0,18.065045099388907,lithospheric_mantle,basalt
LOSO,ElasticNet,P_kbar,opx_liq,raw,67,25.0,25.0,21.392772597635577,lithospheric_mantle,basalt
LOSO,ElasticNet,P_kbar,opx_liq,raw,68,20.0,20.0,17.895664791535218,lithospheric_mantle,basalt
LOSO,ElasticNet,P_kbar,opx_liq,raw,69,8.0,8.0,14.463669661153,deep_crustal_MASH,basalt
LOSO,ElasticNet,P_kbar,opx_liq,raw,70,20.0,20.0,16.76607468804773,lithospheric_mantle,other
LOSO,ElasticNet,P_kbar,opx_liq,raw,71,21.0,21.0,22.16473546289663,lithospheric_mantle,other
LOSO,ElasticNet,P_kbar,opx_liq,raw,72,20.0,20.0,22.99364783222568,lithospheric_mantle,other
LOSO,ElasticNet,P_kbar,opx_liq,raw,73,21.0,21.0,15.170969200882888,lithospheric_mantle,other
LOSO,ElasticNet,P_kbar,opx_liq,raw,74,27.999999523163,27.999999523163,27.91751835031281,lithospheric_mantle,other
LOSO,ElasticNet,P_kbar,opx_liq,raw,75,38.9999997615815,38.9999997615815,30.90230121764259,deeper_mantle,other
LOSO,ElasticNet,P_kbar,opx_liq,raw,76,9.3000000715256,9.3000000715256,7.128132029765753,deep_crustal_MASH,basalt
LOSO,ElasticNet,P_kbar,opx_liq,raw,77,9.3000000715256,9.3000000715256,10.532702776995553,deep_crustal_MASH,basalt
LOSO,ElasticNet,P_kbar,opx_liq,raw,78,12.000000476837,12.000000476837,17.912314106654165,deep_crustal_MASH,other
LOSO,ElasticNet,P_kbar,opx_liq,raw,79,30.0,30.0,23.59457669621894,deeper_mantle,mantle_melting
LOSO,ElasticNet,P_kbar,opx_liq,raw,80,30.0,30.0,22.714481604376154,deeper_mantle,mantle_melting
LOSO,ElasticNet,P_kbar,opx_liq,raw,81,30.0,30.0,30.971367359116407,deeper_mantle,mantle_melting
LOSO,ElasticNet,P_kbar,opx_liq,raw,82,30.0,30.0,28.065350832738858,deeper_mantle,mantle_melting
LOSO,ElasticNet,P_kbar,opx_liq,raw,83,30.0,30.0,30.77576310744515,deeper_mantle,mantle_melting
LOSO,ElasticNet,P_kbar,opx_liq,raw,84,30.0,30.0,25.884488401131264,deeper_mantle,mantle_melting
LOSO,ElasticNet,P_kbar,opx_liq,raw,85,30.0,30.0,29.62093574398707,deeper_mantle,mantle_melting
LOSO,ElasticNet,P_kbar,opx_liq,raw,86,30.0,30.0,25.798459785271998,deeper_mantle,mantle_melting
LOSO,ElasticNet,P_kbar,opx_liq,raw,87,30.0,30.0,27.74654545368374,deeper_mantle,mantle_melting
LOSO,ElasticNet,P_kbar,opx_liq,raw,88,30.0,30.0,26.707530656823998,deeper_mantle,mantle_melting
LOSO,ElasticNet,P_kbar,opx_liq,raw,89,22.0,22.0,20.555577886814884,lithospheric_mantle,basalt
LOSO,ElasticNet,P_kbar,opx_liq,raw,90,30.0,30.0,24.744664534582906,deeper_mantle,mantle_melting
LOSO,ElasticNet,P_kbar,opx_liq,raw,91,30.0,30.0,25.271392311307704,deeper_mantle,basalt
LOSO,ElasticNet,P_kbar,opx_liq,raw,92,30.0,30.0,27.56360452890121,deeper_mantle,mantle_melting
LOSO,ElasticNet,P_kbar,opx_liq,raw,93,30.0,30.0,24.288003154374618,deeper_mantle,mantle_melting
LOSO,ElasticNet,P_kbar,opx_liq,raw,94,25.0,25.0,22.20247365676815,lithospheric_mantle,basalt
LOSO,ElasticNet,P_kbar,opx_liq,raw,95,20.0,20.0,18.589166210715888,lithospheric_mantle,basalt
LOSO,ElasticNet,P_kbar,opx_liq,raw,96,8.0,8.0,13.390693782975813,deep_crustal_MASH,basalt
LOSO,ElasticNet,P_kbar,opx_liq,raw,97,30.0,30.0,22.296803607636328,deeper_mantle,basalt
LOSO,ElasticNet,P_kbar,opx_liq,raw,98,30.0,30.0,25.12223106857508,deeper_mantle,mantle_melting
LOSO,ElasticNet,P_kbar,opx_liq,raw,99,30.0,30.0,27.101936822332476,deeper_mantle,mantle_melting
LOSO,ElasticNet,P_kbar,opx_liq,raw,100,10.0,10.0,2.368329186214913,deep_crustal_MASH,metamorphic
LOSO,ElasticNet,P_kbar,opx_liq,raw,101,10.0,10.0,7.873956266665096,deep_crustal_MASH,metamorphic
LOSO,ElasticNet,P_kbar,opx_liq,raw,102,10.0,10.0,-1.4877747554403218,deep_crustal_MASH,metamorphic
LOSO,ElasticNet,P_kbar,opx_liq,raw,103,6.999999880790701,6.999999880790701,6.028389220431713,deep_crustal_MASH,metamorphic
LOSO,ElasticNet,P_kbar,opx_liq,raw,104,10.0,10.0,1.263728660904917,deep_crustal_MASH,metamorphic
LOSO,ElasticNet,P_kbar,opx_liq,raw,105,15.0,15.0,2.1799143648768027,lithospheric_mantle,metamorphic
LOSO,ElasticNet,P_kbar,opx_liq,raw,106,10.0,10.0,7.8308775895314575,deep_crustal_MASH,metamorphic
LOSO,ElasticNet,P_kbar,opx_liq,raw,107,6.999999880790701,6.999999880790701,5.962356189478362,deep_crustal_MASH,metamorphic
LOSO,ElasticNet,P_kbar,opx_liq,raw,108,6.999999880790701,6.999999880790701,5.448040907470555,deep_crustal_MASH,metamorphic
LOSO,ElasticNet,P_kbar,opx_liq,raw,109,12.5,12.5,8.480514808389191,deep_crustal_MASH,metamorphic
LOSO,ElasticNet,P_kbar,opx_liq,raw,110,10.0,10.0,9.398650599246315,deep_crustal_MASH,metamorphic
LOSO,ElasticNet,P_kbar,opx_liq,raw,111,10.0,10.0,8.8268125813278,deep_crustal_MASH,metamorphic
LOSO,ElasticNet,P_kbar,opx_liq,raw,112,6.999999880790701,6.999999880790701,9.446241144525759,deep_crustal_MASH,basalt
LOSO,ElasticNet,P_kbar,opx_liq,raw,113,5.0,5.0,0.2749648303777654,deep_crustal_MASH,basalt
LOSO,ElasticNet,P_kbar,opx_liq,raw,114,12.000000476837,12.000000476837,1.1852001337263243,deep_crustal_MASH,basalt
LOSO,ElasticNet,P_kbar,opx_liq,raw,115,21.800000667572,21.800000667572,25.50873796456917,lithospheric_mantle,other
LOSO,ElasticNet,P_kbar,opx_liq,raw,116,12.89999961853,12.89999961853,20.167841117092863,deep_crustal_MASH,other
LOSO,ElasticNet,P_kbar,opx_liq,raw,117,27.999999523163,27.999999523163,17.606885189445045,lithospheric_mantle,other
LOSO,ElasticNet,P_kbar,opx_liq,raw,118,16.000000238419002,16.000000238419002,19.210751860886084,lithospheric_mantle,mantle_melting
LOSO,ElasticNet,P_kbar,opx_liq,raw,119,12.000000238418501,12.000000238418501,17.000462210695964,deep_crustal_MASH,mantle_melting
LOSO,ElasticNet,P_kbar,opx_liq,raw,120,11.000000238418501,11.000000238418501,16.697420673873847,deep_crustal_MASH,mantle_melting
LOSO,ElasticNet,P_kbar,opx_liq,raw,121,16.000000238419002,16.000000238419002,18.59931508288858,lithospheric_mantle,mantle_melting
LOSO,ElasticNet,P_kbar,opx_liq,raw,122,12.000000476837,12.000000476837,16.143080314318958,deep_crustal_MASH,mantle_melting
LOSO,ElasticNet,P_kbar,opx_liq,raw,123,12.000000476837,12.000000476837,16.553211291609514,deep_crustal_MASH,mantle_melting
LOSO,ElasticNet,P_kbar,opx_liq,raw,124,12.000000476837,12.000000476837,15.580767126301055,deep_crustal_MASH,mantle_melting
LOSO,ElasticNet,P_kbar,opx_liq,raw,125,12.000000238418501,12.000000238418501,15.825083565333522,deep_crustal_MASH,mantle_melting
LOSO,ElasticNet,P_kbar,opx_liq,raw,126,12.000000476837,12.000000476837,14.539226265989683,deep_crustal_MASH,mantle_melting
LOSO,ElasticNet,P_kbar,opx_liq,raw,127,12.000000476837,12.000000476837,15.827976868295819,deep_crustal_MASH,mantle_melting
LOSO,ElasticNet,P_kbar,opx_liq,raw,128,16.000000238419002,16.000000238419002,20.25614680158199,lithospheric_mantle,mantle_melting
LOSO,ElasticNet,P_kbar,opx_liq,raw,129,16.000000238419002,16.000000238419002,19.209733615286158,lithospheric_mantle,mantle_melting
LOSO,ElasticNet,P_kbar,opx_liq,raw,130,20.0,20.0,21.319648971378463,lithospheric_mantle,mantle_melting
LOSO,ElasticNet,P_kbar,opx_liq,raw,131,16.000000119209503,16.000000119209503,20.468525149032907,lithospheric_mantle,mantle_melting
LOSO,ElasticNet,P_kbar,opx_liq,raw,132,12.000000476837,12.000000476837,13.8908477799764,deep_crustal_MASH,mantle_melting
LOSO,ElasticNet,P_kbar,opx_liq,raw,133,12.000000476837,12.000000476837,14.229162085612765,deep_crustal_MASH,mantle_melting
LOSO,ElasticNet,P_kbar,opx_liq,raw,134,12.000000476837,12.000000476837,15.595480603934643,deep_crustal_MASH,mantle_melting
LOSO,ElasticNet,P_kbar,opx_liq,raw,135,16.000000119209503,16.000000119209503,19.948560721721513,lithospheric_mantle,mantle_melting
LOSO,ElasticNet,P_kbar,opx_liq,raw,136,15.0,15.0,17.36259408305697,lithospheric_mantle,basalt
LOSO,ElasticNet,P_kbar,opx_liq,raw,137,20.0,20.0,21.188441588141785,lithospheric_mantle,mantle_melting
LOSO,ElasticNet,P_kbar,opx_liq,raw,138,0.0010132500028703,0.0010132500028703,0.9398828123486602,shallow_crustal,basalt
LOSO,ElasticNet,P_kbar,opx_liq,raw,139,12.000000476837,12.000000476837,13.859370343616675,deep_crustal_MASH,mantle_melting
LOSO,ElasticNet,P_kbar,opx_liq,raw,140,12.000000476837,12.000000476837,16.45951681369503,deep_crustal_MASH,mantle_melting
LOSO,ElasticNet,P_kbar,opx_liq,raw,141,12.0,12.0,14.814035658444572,deep_crustal_MASH,basalt
LOSO,ElasticNet,P_kbar,opx_liq,raw,142,15.0,15.0,16.95274312042305,lithospheric_mantle,basalt
LOSO,ElasticNet,P_kbar,opx_liq,raw,143,17.0,17.0,17.22193902861583,lithospheric_mantle,basalt
LOSO,ElasticNet,P_kbar,opx_liq,raw,144,8.0,8.0,14.153966224283536,deep_crustal_MASH,basalt
LOSO,ElasticNet,P_kbar,opx_liq,raw,145,28.0,28.0,21.416290309001887,lithospheric_mantle,basalt
LOSO,ElasticNet,P_kbar,opx_liq,raw,146,10.0,10.0,14.944486279109613,deep_crustal_MASH,basalt
LOSO,ElasticNet,P_kbar,opx_liq,raw,147,12.000000476837,12.000000476837,10.944269520497564,deep_crustal_MASH,arc_silicic
LOSO,ElasticNet,P_kbar,opx_liq,raw,148,12.000000476837,12.000000476837,10.240409528728007,deep_crustal_MASH,arc_silicic
LOSO,ElasticNet,P_kbar,opx_liq,raw,149,12.000000476837,12.000000476837,10.098573109237222,deep_crustal_MASH,arc_silicic
LOSO,ElasticNet,P_kbar,opx_liq,raw,150,12.000000476837,12.000000476837,10.215589721976535,deep_crustal_MASH,arc_silicic
LOSO,ElasticNet,P_kbar,opx_liq,raw,151,12.000000476837,12.000000476837,10.494491800099123,deep_crustal_MASH,arc_silicic
LOSO,ElasticNet,P_kbar,opx_liq,raw,152,12.000000476837,12.000000476837,9.873011770308588,deep_crustal_MASH,arc_silicic
LOSO,ElasticNet,P_kbar,opx_liq,raw,153,12.000000476837,12.000000476837,11.718173424406396,deep_crustal_MASH,arc_silicic
LOSO,ElasticNet,P_kbar,opx_liq,raw,154,12.000000476837,12.000000476837,11.368742447836796,deep_crustal_MASH,arc_silicic
LOSO,ElasticNet,P_kbar,opx_liq,raw,155,12.000000476837,12.000000476837,8.818582963756016,deep_crustal_MASH,arc_silicic
LOSO,ElasticNet,P_kbar,opx_liq,raw,156,12.000000476837,12.000000476837,9.253360907763074,deep_crustal_MASH,arc_silicic
LOSO,ElasticNet,P_kbar,opx_liq,raw,157,0.0010132500028703,0.0010132500028703,3.0937719577674123,shallow_crustal,basalt
LOSO,ElasticNet,P_kbar,opx_liq,raw,158,0.0010132500028703,0.0010132500028703,2.092527663246676,shallow_crustal,basalt
LOSO,ElasticNet,P_kbar,opx_liq,raw,159,12.000000476837,12.000000476837,4.16488684280578,deep_crustal_MASH,arc_silicic
LOSO,ElasticNet,P_kbar,opx_liq,raw,160,12.000000476837,12.000000476837,8.556604727175774,deep_crustal_MASH,arc_silicic
LOSO,ElasticNet,P_kbar,opx_liq,raw,161,12.000000476837,12.000000476837,5.7733533073822905,deep_crustal_MASH,arc_silicic
LOSO,ElasticNet,P_kbar,opx_liq,raw,162,12.000000476837,12.000000476837,7.182992171046227,deep_crustal_MASH,arc_silicic
LOSO,ElasticNet,P_kbar,opx_liq,raw,163,12.000000476837,12.000000476837,4.8583156079062295,deep_crustal_MASH,arc_silicic
LOSO,ElasticNet,P_kbar,opx_liq,raw,164,12.000000476837,12.000000476837,6.9621971849450714,deep_crustal_MASH,arc_silicic
LOSO,ElasticNet,P_kbar,opx_liq,raw,165,12.000000476837,12.000000476837,9.796305488721316,deep_crustal_MASH,arc_silicic
LOSO,ElasticNet,P_kbar,opx_liq,raw,166,12.000000476837,12.000000476837,4.9682955459983535,deep_crustal_MASH,arc_silicic
LOSO,ElasticNet,P_kbar,opx_liq,raw,167,12.000000476837,12.000000476837,9.708135238618791,deep_crustal_MASH,arc_silicic
LOSO,ElasticNet,P_kbar,opx_liq,raw,168,20.0,20.0,20.728878021959076,lithospheric_mantle,mantle_melting
LOSO,ElasticNet,P_kbar,opx_liq,raw,169,20.0,20.0,19.9889337479335,lithospheric_mantle,mantle_melting
LOSO,ElasticNet,P_kbar,opx_liq,raw,170,20.0,20.0,18.496313545623792,lithospheric_mantle,mantle_melting
LOSO,ElasticNet,P_kbar,opx_liq,raw,171,10.0,10.0,12.586061220286167,deep_crustal_MASH,mantle_melting
LOSO,ElasticNet,P_kbar,opx_liq,raw,172,10.0,10.0,9.648524856934465,deep_crustal_MASH,mantle_melting
LOSO,ElasticNet,P_kbar,opx_liq,raw,173,10.0,10.0,11.192283996323047,deep_crustal_MASH,mantle_melting
LOSO,ElasticNet,P_kbar,opx_liq,raw,174,24.0,24.0,22.21777534473339,lithospheric_mantle,mantle_melting
LOSO,ElasticNet,P_kbar,opx_liq,raw,175,26.0,26.0,17.37066036812401,lithospheric_mantle,mantle_melting
LOSO,ElasticNet,P_kbar,opx_liq,raw,176,24.0,24.0,23.301161239483154,lithospheric_mantle,mantle_melting
LOSO,ElasticNet,P_kbar,opx_liq,raw,177,22.0,22.0,22.7979625946535,lithospheric_mantle,mantle_melting
LOSO,ElasticNet,P_kbar,opx_liq,raw,178,22.0,22.0,24.077779035710122,lithospheric_mantle,mantle_melting
LOSO,ElasticNet,P_kbar,opx_liq,raw,179,20.0,20.0,5.862483648359443,lithospheric_mantle,arc_silicic
LOSO,ElasticNet,P_kbar,opx_liq,raw,180,20.0,20.0,10.350491052206614,lithospheric_mantle,arc_silicic
LOSO,ElasticNet,P_kbar,opx_liq,raw,181,5.0,5.0,9.36556456502906,deep_crustal_MASH,arc_silicic
LOSO,ElasticNet,P_kbar,opx_liq,raw,182,2.1299999952316,2.1299999952316,5.541181606283748,shallow_crustal,arc_silicic
LOSO,ElasticNet,P_kbar,opx_liq,raw,183,10.0,10.0,3.0320753169647734,deep_crustal_MASH,basalt
LOSO,ElasticNet,P_kbar,opx_liq,raw,184,12.000000476837,12.000000476837,14.094692848796553,deep_crustal_MASH,mantle_melting
LOSO,ElasticNet,P_kbar,opx_liq,raw,185,10.0,10.0,11.602702235965543,deep_crustal_MASH,arc_silicic
LOSO,ElasticNet,P_kbar,opx_liq,raw,186,10.0,10.0,9.14970518521972,deep_crustal_MASH,arc_silicic
LOSO,ElasticNet,P_kbar,opx_liq,raw,187,10.0,10.0,11.054871606551892,deep_crustal_MASH,arc_silicic
LOSO,ElasticNet,P_kbar,opx_liq,raw,188,10.0,10.0,14.21303540307498,deep_crustal_MASH,arc_silicic
LOSO,ElasticNet,P_kbar,opx_liq,raw,189,15.0,15.0,14.253609356681258,lithospheric_mantle,arc_silicic
LOSO,ElasticNet,P_kbar,opx_liq,raw,190,12.000000476837,12.000000476837,15.444801797074145,deep_crustal_MASH,arc_silicic
LOSO,ElasticNet,P_kbar,opx_liq,raw,191,15.0,15.0,19.714152150743445,lithospheric_mantle,arc_silicic
LOSO,ElasticNet,P_kbar,opx_liq,raw,192,15.0,15.0,17.000446276068516,lithospheric_mantle,other
LOSO,ElasticNet,P_kbar,opx_liq,raw,193,0.00099999997473788,0.00099999997473788,6.8125766830289285,shallow_crustal,other
LOSO,ElasticNet,P_kbar,opx_liq,raw,194,10.0,10.0,5.54670995877207,deep_crustal_MASH,other
LOSO,ElasticNet,P_kbar,opx_liq,raw,195,10.0,10.0,7.959800187689504,deep_crustal_MASH,other
LOSO,ElasticNet,P_kbar,opx_liq,raw,196,10.0,10.0,15.73447414139793,deep_crustal_MASH,other
LOSO,ElasticNet,P_kbar,opx_liq,raw,197,10.0,10.0,10.375364923507677,deep_crustal_MASH,other
LOSO,ElasticNet,P_kbar,opx_liq,raw,198,10.0,10.0,8.145870608072292,deep_crustal_MASH,other
LOSO,ElasticNet,P_kbar,opx_liq,raw,199,10.0,10.0,14.555221598078337,deep_crustal_MASH,other
LOSO,ElasticNet,P_kbar,opx_liq,raw,200,10.0,10.0,7.877723354665513,deep_crustal_MASH,other
LOSO,ElasticNet,P_kbar,opx_liq,raw,201,10.0,10.0,9.208493741447423,deep_crustal_MASH,other
LOSO,ElasticNet,P_kbar,opx_liq,raw,202,10.0,10.0,12.074768632595333,deep_crustal_MASH,other
LOSO,ElasticNet,P_kbar,opx_liq,raw,203,10.0,10.0,8.303842295664495,deep_crustal_MASH,other
LOSO,ElasticNet,P_kbar,opx_liq,raw,204,10.0,10.0,6.2259839694824075,deep_crustal_MASH,other
LOSO,ElasticNet,P_kbar,opx_liq,raw,205,10.0,10.0,7.280161262762617,deep_crustal_MASH,other
LOSO,ElasticNet,P_kbar,opx_liq,raw,206,10.0,10.0,12.640518902591785,deep_crustal_MASH,other
LOSO,ElasticNet,P_kbar,opx_liq,raw,207,10.0,10.0,10.436399546017192,deep_crustal_MASH,other
LOSO,ElasticNet,P_kbar,opx_liq,raw,208,20.0,20.0,17.89020824161409,lithospheric_mantle,mantle_melting
LOSO,ElasticNet,P_kbar,opx_liq,raw,209,2.5,2.5,4.602014897416518,shallow_crustal,other
LOSO,ElasticNet,P_kbar,opx_liq,raw,210,2.5,2.5,5.601101624268625,shallow_crustal,other
LOSO,ElasticNet,P_kbar,opx_liq,raw,211,2.5,2.5,4.685159781670667,shallow_crustal,other
LOSO,ElasticNet,P_kbar,opx_liq,raw,212,1.5000000596046001,1.5000000596046001,5.784769989393798,shallow_crustal,other
LOSO,ElasticNet,P_kbar,opx_liq,raw,213,1.5000000596046001,1.5000000596046001,6.263152970862835,shallow_crustal,other
LOSO,ElasticNet,P_kbar,opx_liq,raw,214,1.5000000596046001,1.5000000596046001,5.1609444979082655,shallow_crustal,other
LOSO,ElasticNet,P_kbar,opx_liq,raw,215,1.5000000596046001,1.5000000596046001,5.451101693320274,shallow_crustal,other
LOSO,ElasticNet,P_kbar,opx_liq,raw,216,10.0,10.0,8.297354325972126,deep_crustal_MASH,other
LOSO,ElasticNet,P_kbar,opx_liq,raw,217,10.0,10.0,7.926460969517399,deep_crustal_MASH,other
LOSO,ElasticNet,P_kbar,opx_liq,raw,218,10.0,10.0,7.774211223563853,deep_crustal_MASH,other
LOSO,ElasticNet,P_kbar,opx_liq,raw,219,10.0,10.0,9.555266582933491,deep_crustal_MASH,other
LOSO,ElasticNet,P_kbar,opx_liq,raw,220,12.5,12.5,12.78975916713755,deep_crustal_MASH,other
LOSO,ElasticNet,P_kbar,opx_liq,raw,221,10.0,10.0,5.8817420621248235,deep_crustal_MASH,other
LOSO,ElasticNet,P_kbar,opx_liq,raw,222,10.0,10.0,11.047137374899853,deep_crustal_MASH,basalt
LOSO,ElasticNet,P_kbar,opx_liq,raw,223,15.0,15.0,16.53836269159171,lithospheric_mantle,basalt
LOSO,ElasticNet,P_kbar,opx_liq,raw,224,15.0,15.0,19.662531758768232,lithospheric_mantle,basalt
LOSO,ElasticNet,P_kbar,opx_liq,raw,225,4.0479999780655005,4.0479999780655005,4.28479888135872,shallow_crustal,arc_silicic
LOSO,ElasticNet,P_kbar,opx_liq,raw,226,3.9489999413490002,3.9489999413490002,5.078580072459266,shallow_crustal,arc_silicic
LOSO,ElasticNet,P_kbar,opx_liq,raw,227,4.2699998617172,4.2699998617172,4.429683988901049,shallow_crustal,arc_silicic
LOSO,ElasticNet,P_kbar,opx_liq,raw,228,10.0,10.0,12.149680983034486,deep_crustal_MASH,other
LOSO,ElasticNet,P_kbar,opx_liq,raw,229,11.499999761580998,11.499999761580998,12.944620145502343,deep_crustal_MASH,other
LOSO,ElasticNet,P_kbar,opx_liq,raw,230,6.999999880790701,6.999999880790701,9.581580725492142,deep_crustal_MASH,other
LOSO,ElasticNet,P_kbar,opx_liq,raw,231,20.0,20.0,20.885481825021706,lithospheric_mantle,arc_silicic
LOSO,ElasticNet,P_kbar,opx_liq,raw,232,15.0,15.0,18.887654665791985,lithospheric_mantle,arc_silicic
LOSO,ElasticNet,P_kbar,opx_liq,raw,233,15.0,15.0,18.625959287873293,lithospheric_mantle,arc_silicic
LOSO,ElasticNet,P_kbar,opx_liq,raw,234,0.0010132500028703,0.0010132500028703,1.462110412817335,shallow_crustal,basalt
LOSO,ElasticNet,P_kbar,opx_liq,raw,235,0.0010132500028703,0.0010132500028703,3.0973645806760164,shallow_crustal,basalt
LOSO,ElasticNet,P_kbar,opx_liq,raw,236,0.0010132500028703,0.0010132500028703,4.698327017954499,shallow_crustal,basalt
LOSO,ElasticNet,P_kbar,opx_liq,raw,237,0.0010132500028703,0.0010132500028703,4.326758013566007,shallow_crustal,basalt
LOSO,ElasticNet,P_kbar,opx_liq,raw,238,10.0,10.0,8.441182002649098,deep_crustal_MASH,mantle_melting
LOSO,ElasticNet,P_kbar,opx_liq,raw,239,10.0,10.0,11.773314761394118,deep_crustal_MASH,mantle_melting
LOSO,ElasticNet,P_kbar,opx_liq,raw,240,10.0,10.0,12.78877533814156,deep_crustal_MASH,mantle_melting
LOSO,ElasticNet,P_kbar,opx_liq,raw,241,10.0,10.0,7.104838390367733,deep_crustal_MASH,mantle_melting
LOSO,ElasticNet,P_kbar,opx_liq,raw,242,10.0,10.0,12.570803946117307,deep_crustal_MASH,mantle_melting
LOSO,ElasticNet,P_kbar,opx_liq,raw,243,10.0,10.0,7.474697351560788,deep_crustal_MASH,mantle_melting
LOSO,ElasticNet,P_kbar,opx_liq,raw,244,10.0,10.0,7.339504262934709,deep_crustal_MASH,mantle_melting
LOSO,ElasticNet,P_kbar,opx_liq,raw,245,10.0,10.0,12.982101664952685,deep_crustal_MASH,mantle_melting
LOSO,ElasticNet,P_kbar,opx_liq,raw,246,10.0,10.0,9.514296294638138,deep_crustal_MASH,mantle_melting
LOSO,ElasticNet,P_kbar,opx_liq,raw,247,10.0,10.0,2.3480533645709194,deep_crustal_MASH,mantle_melting
LOSO,ElasticNet,P_kbar,opx_liq,raw,248,10.0,10.0,11.410260466684255,deep_crustal_MASH,mantle_melting
LOSO,ElasticNet,P_kbar,opx_liq,raw,249,10.0,10.0,10.854583953766959,deep_crustal_MASH,mantle_melting
LOSO,ElasticNet,P_kbar,opx_liq,raw,250,10.0,10.0,-1.7155478667383957,deep_crustal_MASH,arc_silicic
LOSO,ElasticNet,P_kbar,opx_liq,raw,251,20.0,20.0,20.46590044702977,lithospheric_mantle,mantle_melting
LOSO,ElasticNet,P_kbar,opx_liq,raw,252,15.0,15.0,17.363450854005762,lithospheric_mantle,mantle_melting
LOSO,ElasticNet,P_kbar,opx_liq,raw,253,15.0,15.0,18.645649555719334,lithospheric_mantle,mantle_melting
LOSO,ElasticNet,P_kbar,opx_liq,raw,254,20.0,20.0,23.24839674165467,lithospheric_mantle,mantle_melting
LOSO,ElasticNet,P_kbar,opx_liq,raw,255,20.0,20.0,23.984590374337806,lithospheric_mantle,mantle_melting
LOSO,ElasticNet,P_kbar,opx_liq,raw,256,10.0,10.0,12.428475168339123,deep_crustal_MASH,other
LOSO,ElasticNet,P_kbar,opx_liq,raw,257,0.0010132500028703,0.0010132500028703,6.226760669952275,shallow_crustal,basalt
LOSO,ElasticNet,P_kbar,opx_liq,raw,258,18.999999761580998,18.999999761580998,18.124568704169633,lithospheric_mantle,MORB
LOSO,ElasticNet,P_kbar,opx_liq,raw,259,15.0,15.0,20.48651421189865,lithospheric_mantle,MORB
LOSO,ElasticNet,P_kbar,opx_liq,raw,260,15.0,15.0,20.829695983297718,lithospheric_mantle,MORB
LOSO,ElasticNet,P_kbar,opx_liq,raw,261,15.0,15.0,15.391862570906932,lithospheric_mantle,MORB
LOSO,ElasticNet,P_kbar,opx_liq,raw,262,15.0,15.0,20.939723063702782,lithospheric_mantle,MORB
LOSO,ElasticNet,P_kbar,opx_liq,raw,263,18.999999761580998,18.999999761580998,24.794878182294333,lithospheric_mantle,MORB
LOSO,ElasticNet,P_kbar,opx_liq,raw,264,0.0010132500028703,0.0010132500028703,5.837332507426238,shallow_crustal,basalt
LOSO,ElasticNet,P_kbar,opx_liq,raw,265,24.000000953674,24.000000953674,30.437863337876948,lithospheric_mantle,mantle_melting
LOSO,ElasticNet,P_kbar,opx_liq,raw,266,27.999999523163,27.999999523163,32.682619080993355,lithospheric_mantle,mantle_melting
LOSO,ElasticNet,P_kbar,opx_liq,raw,267,15.0,15.0,15.897200453282062,lithospheric_mantle,mantle_melting
LOSO,ElasticNet,P_kbar,opx_liq,raw,268,15.0,15.0,15.62274950175223,lithospheric_mantle,mantle_melting
LOSO,ElasticNet,P_kbar,opx_liq,raw,269,15.0,15.0,16.773824809782223,lithospheric_mantle,mantle_melting
LOSO,ElasticNet,P_kbar,opx_liq,raw,270,15.0,15.0,14.979353282174978,lithospheric_mantle,mantle_melting
LOSO,ElasticNet,P_kbar,opx_liq,raw,271,15.0,15.0,17.618238560139055,lithospheric_mantle,mantle_melting
LOSO,ElasticNet,P_kbar,opx_liq,raw,272,15.0,15.0,14.714845670908517,lithospheric_mantle,mantle_melting
LOSO,ElasticNet,P_kbar,opx_liq,raw,273,15.0,15.0,15.7398652820516,lithospheric_mantle,mantle_melting
LOSO,ElasticNet,P_kbar,opx_liq,raw,274,0.01,0.01,4.284519896813362,shallow_crustal,basalt
LOSO,ElasticNet,P_kbar,opx_liq,raw,275,0.0010132500028703,0.0010132500028703,6.448488586903903,shallow_crustal,basalt
LOSO,ElasticNet,P_kbar,opx_liq,raw,276,5.0,5.0,5.40726550829146,deep_crustal_MASH,arc_silicic
LOSO,ElasticNet,P_kbar,opx_liq,raw,277,10.0,10.0,8.002099727450148,deep_crustal_MASH,other
LOSO,ElasticNet,P_kbar,opx_liq,raw,278,10.0,10.0,9.902261032071593,deep_crustal_MASH,other
LOSO,ElasticNet,P_kbar,opx_liq,raw,279,5.0,5.0,6.822404895975937,deep_crustal_MASH,arc_silicic
LOSO,ElasticNet,P_kbar,opx_liq,raw,280,1.0379999876022001,1.0379999876022001,2.411071569089856,shallow_crustal,arc_silicic
LOSO,ElasticNet,P_kbar,opx_liq,raw,281,1.4749999344348999,1.4749999344348999,4.376231768304828,shallow_crustal,arc_silicic
LOSO,ElasticNet,P_kbar,opx_liq,raw,282,1.8000000715256002,1.8000000715256002,3.4465282747650825,shallow_crustal,arc_silicic
LOSO,ElasticNet,P_kbar,opx_liq,raw,283,1.0080000013113,1.0080000013113,1.794697962567799,shallow_crustal,arc_silicic
LOSO,ElasticNet,P_kbar,opx_liq,raw,284,0.7100000232458099,0.7100000232458099,1.4301866977442934,shallow_crustal,arc_silicic
LOSO,ElasticNet,P_kbar,opx_liq,raw,285,1.0549999773502,1.0549999773502,2.693384174409257,shallow_crustal,arc_silicic
LOSO,ElasticNet,P_kbar,opx_liq,raw,286,2.1259999275208,2.1259999275208,3.6879028197561343,shallow_crustal,arc_silicic
LOSO,ElasticNet,P_kbar,opx_liq,raw,287,2.1259999275208,2.1259999275208,4.4318694985175595,shallow_crustal,arc_silicic
LOSO,ElasticNet,P_kbar,opx_liq,raw,288,2.1259999275208,2.1259999275208,5.43484041920849,shallow_crustal,arc_silicic
LOSO,ElasticNet,P_kbar,opx_liq,raw,289,3.125,3.125,7.863154110119739,shallow_crustal,arc_silicic
LOSO,ElasticNet,P_kbar,opx_liq,raw,290,1.9799999892712,1.9799999892712,4.074953111318949,shallow_crustal,arc_silicic
LOSO,ElasticNet,P_kbar,opx_liq,raw,291,1.9799999892712,1.9799999892712,5.25542533560336,shallow_crustal,arc_silicic
LOSO,ElasticNet,P_kbar,opx_liq,raw,292,28.0,28.0,28.151253994704895,lithospheric_mantle,other
LOSO,ElasticNet,P_kbar,opx_liq,raw,293,27.9999997615815,27.9999997615815,28.595839145941746,lithospheric_mantle,mantle_melting
LOSO,ElasticNet,P_kbar,opx_liq,raw,294,28.0,28.0,30.200479383880193,lithospheric_mantle,other
LOSO,ElasticNet,P_kbar,opx_liq,raw,295,32.0,32.0,28.773531482334857,deeper_mantle,other
LOSO,ElasticNet,P_kbar,opx_liq,raw,296,32.0,32.0,27.866397442244683,deeper_mantle,other
LOSO,ElasticNet,P_kbar,opx_liq,raw,297,34.0,34.0,29.590022081043248,deeper_mantle,other
LOSO,ElasticNet,P_kbar,opx_liq,raw,298,34.0,34.0,30.602501212346525,deeper_mantle,other
LOSO,ElasticNet,P_kbar,opx_liq,raw,299,28.0,28.0,29.019981222439707,lithospheric_mantle,other
LOSO,ElasticNet,P_kbar,opx_liq,raw,300,28.0,28.0,29.1129867324418,lithospheric_mantle,other
LOSO,ElasticNet,P_kbar,opx_liq,raw,301,24.0,24.0,26.702795266875906,lithospheric_mantle,other
LOSO,ElasticNet,P_kbar,opx_liq,raw,302,28.0,28.0,27.892264451321694,lithospheric_mantle,other
LOSO,ElasticNet,P_kbar,opx_liq,raw,303,15.0,15.0,14.751841553515655,lithospheric_mantle,mantle_melting
LOSO,ElasticNet,P_kbar,opx_liq,raw,304,10.0,10.0,-0.9679486433153244,deep_crustal_MASH,metamorphic
LOSO,ElasticNet,P_kbar,opx_liq,raw,305,30.0,30.0,8.932589701314967,deeper_mantle,other
LOSO,ElasticNet,P_kbar,opx_liq,raw,306,10.0,10.0,8.820388684131107,deep_crustal_MASH,other
LOSO,ElasticNet,P_kbar,opx_liq,raw,307,10.0,10.0,11.907802538878824,deep_crustal_MASH,other
LOSO,ElasticNet,P_kbar,opx_liq,raw,308,10.0,10.0,11.180367454965364,deep_crustal_MASH,other
LOSO,ElasticNet,P_kbar,opx_liq,raw,309,10.0,10.0,9.278386745801694,deep_crustal_MASH,other
LOSO,ElasticNet,P_kbar,opx_liq,raw,310,10.0,10.0,13.609464633970036,deep_crustal_MASH,other
LOSO,ElasticNet,P_kbar,opx_liq,raw,311,15.0,15.0,15.608213585912033,lithospheric_mantle,mantle_melting
LOSO,ElasticNet,P_kbar,opx_liq,raw,312,15.0,15.0,17.85168068856538,lithospheric_mantle,mantle_melting
LOSO,ElasticNet,P_kbar,opx_liq,raw,313,15.0,15.0,14.339526248276155,lithospheric_mantle,mantle_melting
LOSO,ElasticNet,P_kbar,opx_liq,raw,314,20.0,20.0,20.685770731491502,lithospheric_mantle,mantle_melting
LOSO,ElasticNet,P_kbar,opx_liq,raw,315,20.0,20.0,16.64180054192439,lithospheric_mantle,mantle_melting
LOSO,ElasticNet,P_kbar,opx_liq,raw,316,20.0,20.0,28.15938258632555,lithospheric_mantle,mantle_melting
LOSO,ElasticNet,P_kbar,opx_liq,raw,317,25.0,25.0,23.817353005876697,lithospheric_mantle,mantle_melting
LOSO,ElasticNet,P_kbar,opx_liq,raw,318,25.0,25.0,22.46532034938837,lithospheric_mantle,mantle_melting
LOSO,ElasticNet,P_kbar,opx_liq,raw,319,20.0,20.0,21.41566056358664,lithospheric_mantle,mantle_melting
LOSO,ElasticNet,P_kbar,opx_liq,raw,320,20.0,20.0,22.62565014391388,lithospheric_mantle,mantle_melting
LOSO,ElasticNet,P_kbar,opx_liq,raw,321,20.0,20.0,25.449015716423673,lithospheric_mantle,mantle_melting
LOSO,ElasticNet,P_kbar,opx_liq,raw,322,20.0,20.0,23.03483707131997,lithospheric_mantle,mantle_melting
LOSO,ElasticNet,P_kbar,opx_liq,raw,323,20.0,20.0,26.094510045002593,lithospheric_mantle,mantle_melting
LOSO,ElasticNet,P_kbar,opx_liq,raw,324,15.0,15.0,18.039398031655704,lithospheric_mantle,mantle_melting
LOSO,ElasticNet,P_kbar,opx_liq,raw,325,15.0,15.0,20.455094562741664,lithospheric_mantle,mantle_melting
LOSO,ElasticNet,P_kbar,opx_liq,raw,326,10.0,10.0,10.895163319546398,deep_crustal_MASH,mantle_melting
LOSO,ElasticNet,P_kbar,opx_liq,raw,327,10.0,10.0,6.133019468776083,deep_crustal_MASH,mantle_melting
LOSO,ElasticNet,P_kbar,opx_liq,raw,328,10.0,10.0,10.900244698126851,deep_crustal_MASH,mantle_melting
LOSO,ElasticNet,P_kbar,opx_liq,raw,329,10.0,10.0,2.4401025804171663,deep_crustal_MASH,mantle_melting
LOSO,ElasticNet,P_kbar,opx_liq,raw,330,10.0,10.0,3.8679614640817075,deep_crustal_MASH,mantle_melting
LOSO,ElasticNet,P_kbar,opx_liq,raw,331,10.0,10.0,8.535534184713981,deep_crustal_MASH,mantle_melting
LOSO,ElasticNet,P_kbar,opx_liq,raw,332,10.0,10.0,13.30608835304437,deep_crustal_MASH,mantle_melting
LOSO,ElasticNet,P_kbar,opx_liq,raw,333,10.0,10.0,12.221359827719944,deep_crustal_MASH,mantle_melting
LOSO,ElasticNet,P_kbar,opx_liq,raw,334,10.0,10.0,6.920410586344345,deep_crustal_MASH,mantle_melting
LOSO,ElasticNet,P_kbar,opx_liq,raw,335,10.0,10.0,6.5647452351291555,deep_crustal_MASH,mantle_melting
LOSO,ElasticNet,P_kbar,opx_liq,raw,336,10.0,10.0,9.849105367002394,deep_crustal_MASH,mantle_melting
LOSO,ElasticNet,P_kbar,opx_liq,raw,337,10.0,10.0,12.952641468198442,deep_crustal_MASH,mantle_melting
LOSO,ElasticNet,P_kbar,opx_liq,raw,338,15.0,15.0,14.51167267312116,lithospheric_mantle,mantle_melting
LOSO,ElasticNet,P_kbar,opx_liq,raw,339,15.0,15.0,10.348377280702218,lithospheric_mantle,mantle_melting
LOSO,ElasticNet,P_kbar,opx_liq,raw,340,15.0,15.0,15.819857002618459,lithospheric_mantle,mantle_melting
LOSO,ElasticNet,P_kbar,opx_liq,raw,341,12.5,12.5,17.248151593478568,deep_crustal_MASH,mantle_melting
LOSO,ElasticNet,P_kbar,opx_liq,raw,342,15.0,15.0,15.2959358340051,lithospheric_mantle,mantle_melting
LOSO,ElasticNet,P_kbar,opx_liq,raw,343,10.0,10.0,14.435237267699486,deep_crustal_MASH,mantle_melting
LOSO,ElasticNet,P_kbar,opx_liq,raw,344,15.0,15.0,15.170505937955161,lithospheric_mantle,MORB
LOSO,ElasticNet,P_kbar,opx_liq,raw,345,15.0,15.0,13.442825870495083,lithospheric_mantle,MORB
LOSO,ElasticNet,P_kbar,opx_liq,raw,346,15.0,15.0,19.244067594806808,lithospheric_mantle,mantle_melting
LOSO,ElasticNet,P_kbar,opx_liq,raw,347,15.0,15.0,25.570231419339883,lithospheric_mantle,mantle_melting
LOSO,ElasticNet,P_kbar,opx_liq,raw,348,15.0,15.0,20.255138821453123,lithospheric_mantle,mantle_melting
LOSO,ElasticNet,P_kbar,opx_liq,raw,349,15.0,15.0,18.015803738722493,lithospheric_mantle,mantle_melting
LOSO,ElasticNet,P_kbar,opx_liq,raw,350,15.0,15.0,25.20624743770328,lithospheric_mantle,mantle_melting
LOSO,ElasticNet,P_kbar,opx_liq,raw,351,15.0,15.0,15.07684037080937,lithospheric_mantle,MORB
LOSO,ElasticNet,P_kbar,opx_liq,raw,352,10.0,10.0,9.04480898659597,deep_crustal_MASH,MORB
LOSO,ElasticNet,P_kbar,opx_liq,raw,353,10.0,10.0,7.112320667098728,deep_crustal_MASH,MORB
LOSO,ElasticNet,P_kbar,opx_liq,raw,354,15.0,15.0,14.045048725897102,lithospheric_mantle,MORB
LOSO,ElasticNet,P_kbar,opx_liq,raw,355,10.0,10.0,7.827807980823329,deep_crustal_MASH,MORB
LOSO,ElasticNet,P_kbar,opx_liq,raw,356,10.0,10.0,7.483912067698105,deep_crustal_MASH,MORB
LOSO,ElasticNet,P_kbar,opx_liq,raw,357,15.0,15.0,15.728450343094398,lithospheric_mantle,mantle_melting
LOSO,ElasticNet,P_kbar,opx_liq,raw,358,15.0,15.0,13.389242213108856,lithospheric_mantle,mantle_melting
LOSO,ElasticNet,P_kbar,opx_liq,raw,359,15.0,15.0,17.40431212219306,lithospheric_mantle,mantle_melting
LOSO,ElasticNet,P_kbar,opx_liq,raw,360,27.999999523163,27.999999523163,28.63120053531233,lithospheric_mantle,mantle_melting
LOSO,ElasticNet,P_kbar,opx_liq,raw,361,27.999999523163,27.999999523163,30.121540134647645,lithospheric_mantle,mantle_melting
LOSO,ElasticNet,P_kbar,opx_liq,raw,362,5.0,5.0,13.80384359743239,deep_crustal_MASH,other
LOSO,ElasticNet,P_kbar,opx_liq,raw,363,12.000000476837,12.000000476837,14.300115013318313,deep_crustal_MASH,basalt
LOSO,ElasticNet,P_kbar,opx_liq,raw,364,12.000000476837,12.000000476837,19.43053767538992,deep_crustal_MASH,basalt
LOSO,ElasticNet,P_kbar,opx_liq,raw,365,12.200000286102,12.200000286102,18.420339216935705,deep_crustal_MASH,basalt
LOSO,ElasticNet,P_kbar,opx_liq,raw,366,12.599999904632998,12.599999904632998,17.160370417066623,deep_crustal_MASH,basalt
LOSO,ElasticNet,P_kbar,opx_liq,raw,367,13.799999952316,13.799999952316,17.38514268646022,deep_crustal_MASH,basalt
LOSO,ElasticNet,P_kbar,opx_liq,raw,368,7.5,7.5,13.995937562105686,deep_crustal_MASH,basalt
LOSO,ElasticNet,P_kbar,opx_liq,raw,369,20.5,20.5,16.13850553978269,lithospheric_mantle,other
LOSO,ElasticNet,P_kbar,opx_liq,raw,370,21.0,21.0,16.138591878993726,lithospheric_mantle,other
LOSO,ElasticNet,P_kbar,opx_liq,raw,371,1.9380000233649999,1.9380000233649999,1.307167940120209,shallow_crustal,arc_silicic
LOSO,ElasticNet,P_kbar,opx_liq,raw,372,1.2409999966621001,1.2409999966621001,-2.24122316951561,shallow_crustal,arc_silicic
LOSO,ElasticNet,P_kbar,opx_liq,raw,373,0.52400000393391,0.52400000393391,-1.8703379152326658,shallow_crustal,arc_silicic
LOSO,ElasticNet,P_kbar,opx_liq,raw,374,3.0140000581741,3.0140000581741,-1.3573458332018085,shallow_crustal,arc_silicic
LOSO,ElasticNet,P_kbar,opx_liq,raw,375,1.0689999908209,1.0689999908209,-0.3379958859748875,shallow_crustal,arc_silicic
LOSO,ElasticNet,P_kbar,opx_liq,raw,376,1.7100000381470002,1.7100000381470002,-0.3681668054754592,shallow_crustal,arc_silicic
LOSO,ElasticNet,P_kbar,opx_liq,raw,377,1.5929999947548,1.5929999947548,-1.6938650093853447,shallow_crustal,arc_silicic
LOSO,ElasticNet,P_kbar,opx_liq,raw,378,1.5520000457764,1.5520000457764,0.695394118093299,shallow_crustal,arc_silicic
LOSO,ElasticNet,P_kbar,opx_liq,raw,379,0.59000000357628,0.59000000357628,-2.5827404128976763,shallow_crustal,arc_silicic
LOSO,ElasticNet,P_kbar,opx_liq,raw,380,2.0000000298022997,2.0000000298022997,0.07636623101386064,shallow_crustal,arc_silicic
LOSO,ElasticNet,P_kbar,opx_liq,raw,381,0.97999997437,0.97999997437,-0.21352415661032254,shallow_crustal,arc_silicic
LOSO,ElasticNet,P_kbar,opx_liq,raw,382,2.9199999570847,2.9199999570847,2.544690295068472,shallow_crustal,arc_silicic
LOSO,ElasticNet,P_kbar,opx_liq,raw,383,1.0000000149012,1.0000000149012,-2.2136332250654753,shallow_crustal,arc_silicic
LOSO,ElasticNet,P_kbar,opx_liq,raw,384,1.5000000596046001,1.5000000596046001,-1.1749190215741816,shallow_crustal,arc_silicic
LOSO,ElasticNet,P_kbar,opx_liq,raw,385,2.1170000731945,2.1170000731945,1.4794563746311589,shallow_crustal,arc_silicic
LOSO,ElasticNet,P_kbar,opx_liq,raw,386,0.93800000846386,0.93800000846386,0.13922646904368285,shallow_crustal,arc_silicic
LOSO,ElasticNet,P_kbar,opx_liq,raw,387,1.1720000207424,1.1720000207424,0.32562964251860826,shallow_crustal,arc_silicic
LOSO,ElasticNet,P_kbar,opx_liq,raw,388,10.0,10.0,14.152530533762281,deep_crustal_MASH,arc_silicic
LOSO,ElasticNet,P_kbar,opx_liq,raw,389,10.0,10.0,14.467566582467386,deep_crustal_MASH,arc_silicic
LOSO,ElasticNet,P_kbar,opx_liq,raw,390,20.0,20.0,13.00911820288808,lithospheric_mantle,arc_silicic
LOSO,ElasticNet,P_kbar,opx_liq,raw,391,20.0,20.0,17.495246453643745,lithospheric_mantle,arc_silicic
LOSO,ElasticNet,P_kbar,opx_liq,raw,392,20.0,20.0,17.41799949659734,lithospheric_mantle,arc_silicic
LOSO,ElasticNet,P_kbar,opx_liq,raw,393,0.001,0.001,12.07745344572775,shallow_crustal,partitioning
LOSO,ElasticNet,P_kbar,opx_liq,raw,394,0.001,0.001,10.350376101529362,shallow_crustal,partitioning
LOSO,ElasticNet,P_kbar,opx_liq,raw,395,0.001,0.001,12.41254120162866,shallow_crustal,partitioning
LOSO,ElasticNet,P_kbar,opx_liq,raw,396,0.001,0.001,10.576516962536365,shallow_crustal,partitioning
LOSO,ElasticNet,P_kbar,opx_liq,raw,397,0.001,0.001,12.73965529304893,shallow_crustal,partitioning
LOSO,ElasticNet,P_kbar,opx_liq,raw,398,0.001,0.001,9.909167089385688,shallow_crustal,partitioning
LOSO,ElasticNet,P_kbar,opx_liq,raw,399,0.001,0.001,13.681981488256596,shallow_crustal,partitioning
LOSO,ElasticNet,P_kbar,opx_liq,raw,400,0.001,0.001,14.159378323934291,shallow_crustal,partitioning
LOSO,ElasticNet,P_kbar,opx_liq,raw,401,0.001,0.001,13.615524996261819,shallow_crustal,partitioning
LOSO,ElasticNet,P_kbar,opx_liq,raw,402,0.001,0.001,12.881967622440188,shallow_crustal,partitioning
LOSO,ElasticNet,P_kbar,opx_liq,raw,403,0.001,0.001,13.201339222542295,shallow_crustal,partitioning
LOSO,ElasticNet,P_kbar,opx_liq,raw,404,0.001,0.001,13.209008202727052,shallow_crustal,partitioning
LOSO,ElasticNet,P_kbar,opx_liq,raw,405,0.001,0.001,6.723208671121242,shallow_crustal,partitioning
LOSO,ElasticNet,P_kbar,opx_liq,raw,406,0.001,0.001,4.983470403943038,shallow_crustal,partitioning
LOSO,ElasticNet,P_kbar,opx_liq,raw,407,0.001,0.001,7.834288280050625,shallow_crustal,partitioning
LOSO,ElasticNet,P_kbar,opx_liq,raw,408,0.001,0.001,5.577046050339541,shallow_crustal,partitioning
LOSO,ElasticNet,P_kbar,opx_liq,raw,409,0.001,0.001,5.784065785431477,shallow_crustal,partitioning
LOSO,ElasticNet,P_kbar,opx_liq,raw,410,0.001,0.001,4.593023154129908,shallow_crustal,partitioning
LOSO,ElasticNet,P_kbar,opx_liq,raw,411,0.001,0.001,7.494950291536454,shallow_crustal,partitioning
LOSO,ElasticNet,P_kbar,opx_liq,raw,412,0.001,0.001,4.3459450111272275,shallow_crustal,partitioning
LOSO,ElasticNet,P_kbar,opx_liq,raw,413,0.001,0.001,5.847266960381723,shallow_crustal,partitioning
LOSO,ElasticNet,P_kbar,opx_liq,raw,414,0.001,0.001,4.403004973435694,shallow_crustal,partitioning
LOSO,ElasticNet,P_kbar,opx_liq,raw,415,10.0,10.0,12.20238767446903,deep_crustal_MASH,mantle_melting
LOSO,ElasticNet,P_kbar,opx_liq,raw,416,10.0,10.0,11.742529963060381,deep_crustal_MASH,mantle_melting
LOSO,ElasticNet,P_kbar,opx_liq,raw,417,10.0,10.0,13.795611315160802,deep_crustal_MASH,mantle_melting
LOSO,ElasticNet,P_kbar,opx_liq,raw,418,10.0,10.0,13.594913564496274,deep_crustal_MASH,mantle_melting
LOSO,ElasticNet,P_kbar,opx_liq,raw,419,10.0,10.0,12.455824515636207,deep_crustal_MASH,mantle_melting
LOSO,ElasticNet,P_kbar,opx_liq,raw,420,10.0,10.0,10.188412630170347,deep_crustal_MASH,mantle_melting
LOSO,ElasticNet,P_kbar,opx_liq,raw,421,10.0,10.0,13.590541907101906,deep_crustal_MASH,mantle_melting
LOSO,ElasticNet,P_kbar,opx_liq,raw,422,10.0,10.0,10.970612870961896,deep_crustal_MASH,mantle_melting
LOSO,ElasticNet,P_kbar,opx_liq,raw,423,10.0,10.0,12.811169583840146,deep_crustal_MASH,mantle_melting
LOSO,ElasticNet,P_kbar,opx_liq,raw,424,10.0,10.0,11.66909845113391,deep_crustal_MASH,mantle_melting
LOSO,ElasticNet,P_kbar,opx_liq,raw,425,50.0,50.0,29.041046288492197,deeper_mantle,partitioning
LOSO,ElasticNet,P_kbar,opx_liq,raw,426,5.0199997425079,5.0199997425079,6.067524237874401,deep_crustal_MASH,basalt
LOSO,ElasticNet,P_kbar,opx_liq,raw,427,5.0199997425079,5.0199997425079,6.97340832610386,deep_crustal_MASH,basalt
LOSO,ElasticNet,P_kbar,opx_liq,raw,428,5.0169998407364,5.0169998407364,7.549105143430056,deep_crustal_MASH,basalt
LOSO,ElasticNet,P_kbar,opx_liq,raw,429,10.0,10.0,14.46980073963708,deep_crustal_MASH,arc_silicic
LOSO,ElasticNet,P_kbar,opx_liq,raw,430,15.0,15.0,10.916964827112567,lithospheric_mantle,arc_silicic
LOSO,ElasticNet,P_kbar,opx_liq,raw,431,17.5,17.5,14.980717334080307,lithospheric_mantle,arc_silicic
LOSO,ElasticNet,P_kbar,opx_liq,raw,432,46.9999990463255,46.9999990463255,27.71844946514262,deeper_mantle,other
LOSO,ElasticNet,P_kbar,opx_liq,raw,433,10.0,10.0,10.05548856623823,deep_crustal_MASH,mantle_melting
LOSO,ElasticNet,P_kbar,opx_liq,raw,434,17.5,17.5,15.29178889020999,lithospheric_mantle,arc_silicic
LOSO,ElasticNet,P_kbar,opx_liq,raw,435,27.75024994039535,27.75024994039535,26.662716321339055,lithospheric_mantle,other
LOSO,ElasticNet,P_kbar,opx_liq,raw,436,12.5,12.5,13.795198988574503,deep_crustal_MASH,arc_silicic
LOSO,ElasticNet,P_kbar,opx_liq,raw,437,15.0,15.0,9.319675018001163,lithospheric_mantle,mantle_melting
LOSO,ElasticNet,P_kbar,opx_liq,raw,438,50.0,50.0,29.946317268055218,deeper_mantle,other
LOSO,ElasticNet,P_kbar,opx_liq,raw,439,12.999999523163,12.999999523163,17.24783068769591,deep_crustal_MASH,arc_silicic
LOSO,ElasticNet,P_kbar,opx_liq,raw,440,10.0,10.0,9.15642248788042,deep_crustal_MASH,mantle_melting
LOSO,ElasticNet,P_kbar,opx_liq,raw,441,15.0,15.0,17.306592309198788,lithospheric_mantle,arc_silicic
LOSO,ElasticNet,P_kbar,opx_liq,raw,442,50.0,50.0,29.620768132984583,deeper_mantle,other
LOSO,ElasticNet,P_kbar,opx_liq,raw,443,15.0,15.0,16.11487308933941,lithospheric_mantle,arc_silicic
LOSO,ElasticNet,P_kbar,opx_liq,raw,444,10.0,10.0,10.661379816239709,deep_crustal_MASH,mantle_melting
LOSO,ElasticNet,P_kbar,opx_liq,raw,445,17.5,17.5,17.417588486429345,lithospheric_mantle,arc_silicic
LOSO,ElasticNet,P_kbar,opx_liq,raw,446,10.0,10.0,8.823212672849962,deep_crustal_MASH,mantle_melting
LOSO,ElasticNet,P_kbar,opx_liq,raw,447,10.0,10.0,9.859506948029502,deep_crustal_MASH,mantle_melting
LOSO,ElasticNet,P_kbar,opx_liq,raw,448,10.0,10.0,11.016653479319883,deep_crustal_MASH,mantle_melting
LOSO,ElasticNet,P_kbar,opx_liq,raw,449,12.000000476837,12.000000476837,13.290852327792921,deep_crustal_MASH,arc_silicic
LOSO,ElasticNet,P_kbar,opx_liq,raw,450,22.999999523163,22.999999523163,4.298300546607654,lithospheric_mantle,basalt
LOSO,ElasticNet,P_kbar,opx_liq,raw,451,15.0,15.0,7.712824455708918,lithospheric_mantle,mantle_melting
LOSO,ElasticNet,P_kbar,opx_liq,raw,452,18.999999761580998,18.999999761580998,17.34486483720393,lithospheric_mantle,arc_silicic
LOSO,ElasticNet,P_kbar,opx_liq,raw,453,0.00099999997473788,0.00099999997473788,1.864869632694198,shallow_crustal,basalt
LOSO,ElasticNet,P_kbar,opx_liq,raw,454,2.0000000298022997,2.0000000298022997,-3.8509608909354434,shallow_crustal,basalt
LOSO,ElasticNet,P_kbar,opx_liq,raw,455,0.00099999997473788,0.00099999997473788,4.908705326200212,shallow_crustal,basalt
LOSO,ElasticNet,P_kbar,opx_liq,raw,456,2.0000000298022997,2.0000000298022997,0.6738652783752652,shallow_crustal,basalt
LOSO,ElasticNet,P_kbar,opx_liq,raw,457,2.0000000298022997,2.0000000298022997,-2.424962279625877,shallow_crustal,basalt
LOSO,ElasticNet,P_kbar,opx_liq,raw,458,0.00099999997473788,0.00099999997473788,1.2409367630432317,shallow_crustal,basalt
LOSO,ElasticNet,P_kbar,opx_liq,raw,459,0.00099999997473788,0.00099999997473788,4.946975833392935,shallow_crustal,basalt
LOSO,ElasticNet,P_kbar,opx_liq,raw,460,0.00099999997473788,0.00099999997473788,4.77265407573824,shallow_crustal,basalt
LOSO,ElasticNet,P_kbar,opx_liq,raw,461,0.00099999997473788,0.00099999997473788,3.3631048079545405,shallow_crustal,basalt
LOSO,ElasticNet,P_kbar,opx_liq,raw,462,0.001,0.001,1.424097270724415,shallow_crustal,partitioning
LOSO,ElasticNet,P_kbar,opx_liq,raw,463,0.001,0.001,0.8959854722640515,shallow_crustal,partitioning
LOSO,ElasticNet,P_kbar,opx_liq,raw,464,0.001,0.001,5.151526425645799,shallow_crustal,partitioning
LOSO,ElasticNet,P_kbar,opx_liq,raw,465,0.001,0.001,4.717449909851206,shallow_crustal,partitioning
LOSO,ElasticNet,P_kbar,opx_liq,raw,466,0.001,0.001,0.7696986542451629,shallow_crustal,partitioning
LOSO,ElasticNet,P_kbar,opx_liq,raw,467,0.001,0.001,1.9520205159169652,shallow_crustal,partitioning
LOSO,ElasticNet,P_kbar,opx_liq,raw,468,0.001,0.001,0.4430081649334152,shallow_crustal,partitioning
LOSO,ElasticNet,P_kbar,opx_liq,raw,469,0.001,0.001,1.096875732598182,shallow_crustal,partitioning
LOSO,ElasticNet,P_kbar,opx_liq,raw,470,0.001,0.001,1.9046306679640228,shallow_crustal,partitioning
LOSO,ElasticNet,P_kbar,opx_liq,raw,471,0.001,0.001,2.1389424298761615,shallow_crustal,partitioning
LOSO,ElasticNet,P_kbar,opx_liq,raw,472,0.001,0.001,2.5780598879722785,shallow_crustal,partitioning
LOSO,ElasticNet,P_kbar,opx_liq,raw,473,0.001,0.001,4.29883166091515,shallow_crustal,partitioning
LOSO,ElasticNet,P_kbar,opx_liq,raw,474,0.001,0.001,1.4133118438728172,shallow_crustal,partitioning
LOSO,ElasticNet,P_kbar,opx_liq,raw,475,0.001,0.001,0.9017816171861313,shallow_crustal,partitioning
LOSO,ElasticNet,P_kbar,opx_liq,raw,476,0.001,0.001,3.672615100636822,shallow_crustal,partitioning
LOSO,ElasticNet,P_kbar,opx_liq,raw,477,0.001,0.001,4.533146487227956,shallow_crustal,partitioning
LOSO,ElasticNet,P_kbar,opx_liq,raw,478,0.001,0.001,5.103015896982972,shallow_crustal,partitioning
LOSO,ElasticNet,P_kbar,opx_liq,raw,479,0.001,0.001,3.99645309353928,shallow_crustal,partitioning
LOSO,ElasticNet,P_kbar,opx_liq,raw,480,0.001,0.001,1.5769046592830396,shallow_crustal,partitioning
LOSO,ElasticNet,P_kbar,opx_liq,raw,481,0.001,0.001,3.7774659459699222,shallow_crustal,partitioning
LOSO,ElasticNet,P_kbar,opx_liq,raw,482,0.001,0.001,4.327881295396923,shallow_crustal,partitioning
LOSO,ElasticNet,P_kbar,opx_liq,raw,483,0.001,0.001,2.0199577556345254,shallow_crustal,partitioning
LOSO,ElasticNet,P_kbar,opx_liq,raw,484,15.0,15.0,4.765040211000335,lithospheric_mantle,basalt
LOSO,ElasticNet,P_kbar,opx_liq,raw,485,0.001,0.001,3.902222707904796,shallow_crustal,partitioning
LOSO,ElasticNet,P_kbar,opx_liq,raw,486,0.001,0.001,0.7697006989925566,shallow_crustal,partitioning
LOSO,ElasticNet,P_kbar,opx_liq,raw,487,0.001,0.001,2.838953216460288,shallow_crustal,partitioning
LOSO,ElasticNet,P_kbar,opx_liq,raw,488,0.001,0.001,-0.561170495388458,shallow_crustal,partitioning
LOSO,ElasticNet,P_kbar,opx_liq,raw,489,0.001,0.001,1.0502911120302016,shallow_crustal,partitioning
LOSO,ElasticNet,P_kbar,opx_liq,raw,490,0.001,0.001,3.003681706291001,shallow_crustal,partitioning
LOSO,ElasticNet,P_kbar,opx_liq,raw,491,0.001,0.001,0.6432983631906062,shallow_crustal,partitioning
LOSO,ElasticNet,P_kbar,opx_liq,raw,492,0.001,0.001,4.500734287866425,shallow_crustal,partitioning
LOSO,ElasticNet,P_kbar,opx_liq,raw,493,0.001,0.001,1.8440116869643592,shallow_crustal,partitioning
LOSO,ElasticNet,P_kbar,opx_liq,raw,494,0.001,0.001,0.6783526121379104,shallow_crustal,partitioning
LOSO,ElasticNet,P_kbar,opx_liq,raw,495,0.001,0.001,-1.4470242402984983,shallow_crustal,partitioning
LOSO,ElasticNet,P_kbar,opx_liq,raw,496,0.001,0.001,1.7512892045163184,shallow_crustal,partitioning
LOSO,ElasticNet,P_kbar,opx_liq,raw,497,12.000000476837,12.000000476837,17.43655910438008,deep_crustal_MASH,MORB
LOSO,ElasticNet,P_kbar,opx_liq,raw,498,12.000000476837,12.000000476837,16.232447938735287,deep_crustal_MASH,MORB
LOSO,ElasticNet,P_kbar,opx_liq,raw,499,8.0000001192093,8.0000001192093,-0.1742419559198609,deep_crustal_MASH,basalt
LOSO,ElasticNet,P_kbar,opx_liq,raw,500,12.000000476837,12.000000476837,13.002596787617573,deep_crustal_MASH,MORB
LOSO,ElasticNet,P_kbar,opx_liq,raw,501,12.000000476837,12.000000476837,17.084199723661733,deep_crustal_MASH,MORB
LOSO,ElasticNet,P_kbar,opx_liq,raw,502,12.000000476837,12.000000476837,17.635744698177835,deep_crustal_MASH,MORB
LOSO,ElasticNet,P_kbar,opx_liq,raw,503,12.000000476837,12.000000476837,16.36584298040569,deep_crustal_MASH,MORB
LOSO,ElasticNet,P_kbar,opx_liq,raw,504,13.999999761580998,13.999999761580998,18.37588681603478,deep_crustal_MASH,other
LOSO,ElasticNet,P_kbar,opx_liq,raw,505,16.000000238419002,16.000000238419002,14.67874638685941,lithospheric_mantle,other
LOSO,ElasticNet,P_kbar,opx_liq,raw,506,20.0,20.0,19.9002276858358,lithospheric_mantle,other
LOSO,ElasticNet,P_kbar,opx_liq,raw,507,20.0,20.0,19.500777514800518,lithospheric_mantle,other
LOSO,ElasticNet,P_kbar,opx_liq,raw,508,17.999999523162998,17.999999523162998,19.422855310467984,lithospheric_mantle,other
LOSO,ElasticNet,P_kbar,opx_liq,raw,509,17.999999523162998,17.999999523162998,16.936515290540576,lithospheric_mantle,other
LOSO,ElasticNet,P_kbar,opx_liq,raw,510,17.000000476837002,17.000000476837002,15.839310749248046,lithospheric_mantle,other
LOSO,ElasticNet,P_kbar,opx_liq,raw,511,22.000000476837,22.000000476837,21.309795386544348,lithospheric_mantle,mantle_melting
LOSO,ElasticNet,P_kbar,opx_liq,raw,512,22.000000476837,22.000000476837,21.63992591701698,lithospheric_mantle,mantle_melting
LOSO,ElasticNet,P_kbar,opx_liq,raw,513,15.0,15.0,15.386556866083545,lithospheric_mantle,mantle_melting
LOSO,ElasticNet,P_kbar,opx_liq,raw,514,12.0,12.0,18.489518031081598,deep_crustal_MASH,mantle_melting
LOSO,ElasticNet,P_kbar,opx_liq,raw,515,12.0,12.0,15.408074592393351,deep_crustal_MASH,mantle_melting
LOSO,ElasticNet,P_kbar,opx_liq,raw,516,25.0,25.0,27.440559367138047,lithospheric_mantle,mantle_melting
LOSO,ElasticNet,P_kbar,opx_liq,raw,517,12.0,12.0,14.38342837717622,deep_crustal_MASH,mantle_melting
LOSO,ElasticNet,P_kbar,opx_liq,raw,518,12.0,12.0,14.653645677632396,deep_crustal_MASH,mantle_melting
LOSO,ElasticNet,P_kbar,opx_liq,raw,519,8.0,8.0,9.468550308172446,deep_crustal_MASH,mantle_melting
LOSO,ElasticNet,P_kbar,opx_liq,raw,520,12.0,12.0,11.833477124688523,deep_crustal_MASH,mantle_melting
LOSO,ElasticNet,P_kbar,opx_liq,raw,521,16.0,16.0,9.424801849831432,lithospheric_mantle,mantle_melting
LOSO,ElasticNet,P_kbar,opx_liq,raw,522,12.0,12.0,13.096932958291543,deep_crustal_MASH,mantle_melting
LOSO,ElasticNet,P_kbar,opx_liq,raw,523,17.999999523162998,17.999999523162998,21.145739460819655,lithospheric_mantle,other
LOSO,ElasticNet,P_kbar,opx_liq,raw,524,17.999999523162998,17.999999523162998,21.968468441130856,lithospheric_mantle,other
LOSO,ElasticNet,P_kbar,opx_liq,raw,525,20.0,20.0,21.563644226060703,lithospheric_mantle,other
LOSO,ElasticNet,P_kbar,opx_liq,raw,526,20.0,20.0,22.12316590468462,lithospheric_mantle,other
LOSO,ElasticNet,P_kbar,opx_liq,raw,527,20.0,20.0,21.089429505845068,lithospheric_mantle,other
LOSO,ElasticNet,P_kbar,opx_liq,raw,528,20.0,20.0,20.828977203638054,lithospheric_mantle,other
LOSO,ElasticNet,P_kbar,opx_liq,raw,529,20.0,20.0,19.263537530805337,lithospheric_mantle,other
LOSO,ElasticNet,P_kbar,opx_liq,raw,530,16.000000238419002,16.000000238419002,17.55994789017579,lithospheric_mantle,other
LOSO,ElasticNet,P_kbar,opx_liq,raw,531,16.000000238419002,16.000000238419002,18.741828357009922,lithospheric_mantle,other
LOSO,ElasticNet,P_kbar,opx_liq,raw,532,12.0,12.0,15.403624164130175,deep_crustal_MASH,mantle_melting
LOSO,ElasticNet,P_kbar,opx_liq,raw,533,12.0,12.0,13.968057699569755,deep_crustal_MASH,mantle_melting
LOSO,ElasticNet,P_kbar,opx_liq,raw,534,12.0,12.0,16.5041528214952,deep_crustal_MASH,mantle_melting
LOSO,ElasticNet,P_kbar,opx_liq,raw,535,12.0,12.0,12.750796169783143,deep_crustal_MASH,mantle_melting
LOSO,ElasticNet,P_kbar,opx_liq,raw,536,8.9999997615814,8.9999997615814,8.023719263968754,deep_crustal_MASH,MORB
LOSO,ElasticNet,P_kbar,opx_liq,raw,537,8.9999997615814,8.9999997615814,12.51684622717699,deep_crustal_MASH,MORB
LOSO,ElasticNet,P_kbar,opx_liq,raw,538,12.999999523163,12.999999523163,15.78182057468928,deep_crustal_MASH,MORB
LOSO,ElasticNet,P_kbar,opx_liq,raw,539,8.9999997615814,8.9999997615814,9.294439921212238,deep_crustal_MASH,MORB
LOSO,ElasticNet,P_kbar,opx_liq,raw,540,16.000000238419002,16.000000238419002,19.544479360290886,lithospheric_mantle,MORB
LOSO,ElasticNet,P_kbar,opx_liq,raw,541,11.000000238419002,11.000000238419002,13.86260299990569,deep_crustal_MASH,MORB
LOSO,ElasticNet,P_kbar,opx_liq,raw,542,16.000000238419002,16.000000238419002,21.019295191212947,lithospheric_mantle,MORB
LOSO,ElasticNet,P_kbar,opx_liq,raw,543,16.000000238419002,16.000000238419002,19.680662968961162,lithospheric_mantle,MORB
LOSO,ElasticNet,P_kbar,opx_liq,raw,544,12.999999523163,12.999999523163,16.1620879804577,deep_crustal_MASH,MORB
LOSO,ElasticNet,P_kbar,opx_liq,raw,545,16.000000238419002,16.000000238419002,17.2870144158577,lithospheric_mantle,MORB
LOSO,ElasticNet,P_kbar,opx_liq,raw,546,8.9999997615814,8.9999997615814,9.043241639887801,deep_crustal_MASH,MORB
LOSO,ElasticNet,P_kbar,opx_liq,raw,547,24.000000953674,24.000000953674,27.24885766881068,lithospheric_mantle,MORB
LOSO,ElasticNet,P_kbar,opx_liq,raw,548,24.000000953674,24.000000953674,25.84305367224632,lithospheric_mantle,MORB
LOSO,ElasticNet,P_kbar,opx_liq,raw,549,13.0,13.0,17.930042335160323,deep_crustal_MASH,mantle_melting
LOSO,ElasticNet,P_kbar,opx_liq,raw,550,15.0,15.0,10.214634634507016,lithospheric_mantle,other
LOSO,ElasticNet,P_kbar,opx_liq,raw,551,20.0,20.0,7.523264855146513,lithospheric_mantle,other
LOSO,ElasticNet,P_kbar,opx_liq,raw,552,15.0,15.0,7.520270849463057,lithospheric_mantle,other
LOSO,ElasticNet,P_kbar,opx_liq,raw,553,10.0,10.0,10.54625362556529,deep_crustal_MASH,mantle_melting
LOSO,ElasticNet,P_kbar,opx_liq,raw,554,10.0,10.0,10.132350503975214,deep_crustal_MASH,mantle_melting
LOSO,ElasticNet,P_kbar,opx_liq,raw,555,10.0,10.0,8.788714220897772,deep_crustal_MASH,mantle_melting
LOSO,ElasticNet,P_kbar,opx_liq,raw,556,10.0,10.0,8.532509943383646,deep_crustal_MASH,mantle_melting
LOSO,ElasticNet,P_kbar,opx_liq,raw,557,10.0,10.0,7.648116374690216,deep_crustal_MASH,mantle_melting
LOSO,ElasticNet,P_kbar,opx_liq,raw,558,10.0,10.0,6.750321794764445,deep_crustal_MASH,mantle_melting
LOSO,ElasticNet,P_kbar,opx_liq,raw,559,10.0,10.0,10.066568204777637,deep_crustal_MASH,mantle_melting
LOSO,ElasticNet,P_kbar,opx_liq,raw,560,10.0,10.0,11.499905555788402,deep_crustal_MASH,mantle_melting
LOSO,ElasticNet,P_kbar,opx_liq,raw,561,10.0,10.0,12.7855928392021,deep_crustal_MASH,mantle_melting
LOSO,ElasticNet,P_kbar,opx_liq,raw,562,10.0,10.0,11.229894694778517,deep_crustal_MASH,mantle_melting
LOSO,ElasticNet,P_kbar,opx_liq,raw,563,30.0,30.0,19.498281856154115,deeper_mantle,other
LOSO,ElasticNet,P_kbar,opx_liq,raw,564,30.0,30.0,17.084117766590502,deeper_mantle,other
LOSO,ElasticNet,P_kbar,opx_liq,raw,565,30.0,30.0,18.139702704775175,deeper_mantle,other
LOSO,ElasticNet,P_kbar,opx_liq,raw,566,30.0,30.0,20.410398896305914,deeper_mantle,other
LOSO,ElasticNet,P_kbar,opx_liq,raw,567,30.0,30.0,18.863758889381053,deeper_mantle,other
LOSO,ElasticNet,P_kbar,opx_liq,raw,568,10.0,10.0,11.40178193231323,deep_crustal_MASH,mantle_melting
LOSO,ElasticNet,P_kbar,opx_liq,raw,569,10.0,10.0,10.640756831312283,deep_crustal_MASH,mantle_melting
LOSO,ElasticNet,P_kbar,opx_liq,raw,570,12.999999523163,12.999999523163,11.972917433442525,deep_crustal_MASH,other
LOSO,ElasticNet,P_kbar,opx_liq,raw,571,12.999999523163,12.999999523163,11.674644150605461,deep_crustal_MASH,other
LOSO,ElasticNet,P_kbar,opx_liq,raw,572,12.999999761581499,12.999999761581499,10.82378020487592,deep_crustal_MASH,other
LOSO,ElasticNet,P_kbar,opx_liq,raw,573,12.999999523163,12.999999523163,11.826419417869722,deep_crustal_MASH,other
LOSO,ElasticNet,P_kbar,opx_liq,raw,574,10.0,10.0,11.380128829766795,deep_crustal_MASH,other
LOSO,ElasticNet,P_kbar,opx_liq,raw,575,0.00099999997473788,0.00099999997473788,-0.8617568534155122,shallow_crustal,other
LOSO,ElasticNet,P_kbar,opx_liq,raw,576,6.999999880790701,6.999999880790701,5.940113052545488,deep_crustal_MASH,other
LOSO,ElasticNet,P_kbar,opx_liq,raw,577,10.0,10.0,10.04405028345586,deep_crustal_MASH,other
LOSO,ElasticNet,P_kbar,opx_liq,raw,578,10.0,10.0,10.987628485797172,deep_crustal_MASH,other
LOSO,ElasticNet,P_kbar,opx_liq,raw,579,6.999999880790701,6.999999880790701,7.902797556947967,deep_crustal_MASH,other
LOSO,ElasticNet,P_kbar,opx_liq,raw,580,27.999999523163,27.999999523163,24.398977854443782,lithospheric_mantle,MORB
LOSO,ElasticNet,P_kbar,opx_liq,raw,581,27.999999523163,27.999999523163,24.382461188083383,lithospheric_mantle,MORB
LOSO,ElasticNet,P_kbar,opx_liq,raw,582,27.999999523163,27.999999523163,25.23295679373392,lithospheric_mantle,MORB
LOSO,ElasticNet,P_kbar,opx_liq,raw,583,15.0,15.0,5.4866955737761245,lithospheric_mantle,mantle_melting
LOSO,ElasticNet,P_kbar,opx_liq,raw,584,15.0,15.0,8.47522979986311,lithospheric_mantle,mantle_melting
LOSO,ElasticNet,P_kbar,opx_liq,raw,585,20.0,20.0,9.55377637236234,lithospheric_mantle,mantle_melting
LOSO,ElasticNet,P_kbar,opx_liq,raw,586,20.0,20.0,11.527438707431838,lithospheric_mantle,mantle_melting
LOSO,ElasticNet,P_kbar,opx_liq,raw,587,15.0,15.0,15.59903747399883,lithospheric_mantle,mantle_melting
LOSO,ElasticNet,P_kbar,opx_liq,raw,588,20.0,20.0,19.08363119585328,lithospheric_mantle,mantle_melting
LOSO,ElasticNet,P_kbar,opx_liq,raw,589,20.0,20.0,10.809606519100901,lithospheric_mantle,mantle_melting
LOSO,ElasticNet,P_kbar,opx_liq,raw,590,15.0,15.0,6.323357137896838,lithospheric_mantle,mantle_melting
LOSO,ElasticNet,P_kbar,opx_liq,raw,591,20.0,20.0,11.925312747977912,lithospheric_mantle,mantle_melting
LOSO,ElasticNet,P_kbar,opx_liq,raw,592,20.0,20.0,20.383152990052984,lithospheric_mantle,mantle_melting
LOSO,ElasticNet,P_kbar,opx_liq,raw,593,20.0,20.0,11.874118776588746,lithospheric_mantle,mantle_melting
LOSO,ElasticNet,P_kbar,opx_liq,raw,594,20.0,20.0,22.292909172663578,lithospheric_mantle,mantle_melting
LOSO,ElasticNet,P_kbar,opx_liq,raw,595,15.0,15.0,15.992400790489448,lithospheric_mantle,mantle_melting
LOSO,ElasticNet,P_kbar,opx_liq,raw,596,20.0,20.0,20.307458990462685,lithospheric_mantle,mantle_melting
LOSO,ElasticNet,P_kbar,opx_liq,raw,597,0.001,0.001,-0.2408668808167871,shallow_crustal,other
LOSO,ElasticNet,P_kbar,opx_liq,raw,598,0.001,0.001,-0.49314012708743427,shallow_crustal,other
LOSO,ElasticNet,P_kbar,opx_liq,raw,599,0.001,0.001,-3.1352105095186413,shallow_crustal,other
ClusterKFold,ElasticNet,P_kbar,opx_liq,raw,0,12.496285693092789,12.496285693092789,4.854465952262476,deep_crustal_MASH,other
ClusterKFold,ElasticNet,P_kbar,opx_liq,raw,1,4.9849998950958,4.9849998950958,7.2921306598396,shallow_crustal,basalt
ClusterKFold,ElasticNet,P_kbar,opx_liq,raw,2,0.001,0.001,3.8972024384921724,shallow_crustal,other
ClusterKFold,ElasticNet,P_kbar,opx_liq,raw,3,0.001,0.001,5.89741785250517,shallow_crustal,other
ClusterKFold,ElasticNet,P_kbar,opx_liq,raw,4,3.0000001192093,3.0000001192093,19.467584183417056,shallow_crustal,metamorphic
ClusterKFold,ElasticNet,P_kbar,opx_liq,raw,5,5.0,5.0,17.368866641565297,deep_crustal_MASH,metamorphic
ClusterKFold,ElasticNet,P_kbar,opx_liq,raw,6,3.0000001192093,3.0000001192093,40.19906373437559,shallow_crustal,metamorphic
ClusterKFold,ElasticNet,P_kbar,opx_liq,raw,7,1.0000000149012,1.0000000149012,6.1049304937931295,shallow_crustal,arc_silicic
ClusterKFold,ElasticNet,P_kbar,opx_liq,raw,8,1.0000000149012,1.0000000149012,14.072190378995819,shallow_crustal,arc_silicic
ClusterKFold,ElasticNet,P_kbar,opx_liq,raw,9,11.00000001490115,11.00000001490115,4.735844875224238,deep_crustal_MASH,other
ClusterKFold,ElasticNet,P_kbar,opx_liq,raw,10,6.100000236183325,6.100000236183325,26.311935153915975,deep_crustal_MASH,other
ClusterKFold,ElasticNet,P_kbar,opx_liq,raw,11,4.8249998688698,4.8249998688698,3.197099791712345,shallow_crustal,basalt
ClusterKFold,ElasticNet,P_kbar,opx_liq,raw,12,2.0000000298022997,2.0000000298022997,7.048468020676979,shallow_crustal,other
ClusterKFold,ElasticNet,P_kbar,opx_liq,raw,13,0.001,0.001,4.165430916745516,shallow_crustal,other
ClusterKFold,ElasticNet,P_kbar,opx_liq,raw,14,11.02628122898306,11.02628122898306,19.11935311699036,deep_crustal_MASH,other
ClusterKFold,ElasticNet,P_kbar,opx_liq,raw,15,35.66666682561233,35.66666682561233,26.833227929004103,deeper_mantle,other
ClusterKFold,ElasticNet,P_kbar,opx_liq,raw,16,0.001,0.001,10.827416808895146,shallow_crustal,other
ClusterKFold,ElasticNet,P_kbar,opx_liq,raw,17,5.0,5.0,10.004591436149976,deep_crustal_MASH,other
ClusterKFold,ElasticNet,P_kbar,opx_liq,raw,18,11.119025624851448,11.119025624851448,11.71739533727712,deep_crustal_MASH,other
ClusterKFold,ElasticNet,P_kbar,opx_liq,raw,19,8.78518178494235,8.78518178494235,12.055750098341782,deep_crustal_MASH,mantle_melting
ClusterKFold,ElasticNet,P_kbar,opx_liq,raw,20,9.275884610137489,9.275884610137489,-3.9731700593097994,deep_crustal_MASH,mantle_melting
ClusterKFold,ElasticNet,P_kbar,opx_liq,raw,21,10.399999991059305,10.399999991059305,23.731438459283417,deep_crustal_MASH,basalt
ClusterKFold,ElasticNet,P_kbar,opx_liq,raw,22,15.0,15.0,23.577380712341633,lithospheric_mantle,mantle_melting
ClusterKFold,ElasticNet,P_kbar,opx_liq,raw,23,12.28362969507237,12.28362969507237,13.424284726088324,deep_crustal_MASH,mantle_melting
ClusterKFold,ElasticNet,P_kbar,opx_liq,raw,24,10.0,10.0,18.909087874119393,deep_crustal_MASH,basalt
ClusterKFold,ElasticNet,P_kbar,opx_liq,raw,25,0.00099999997473788,0.00099999997473788,21.334907309343357,shallow_crustal,basalt
ClusterKFold,ElasticNet,P_kbar,opx_liq,raw,26,12.56707144985703,12.56707144985703,11.374266554010745,deep_crustal_MASH,mantle_melting
ClusterKFold,ElasticNet,P_kbar,opx_liq,raw,27,8.086285725460572,8.086285725460572,7.423157249795658,deep_crustal_MASH,basalt
ClusterKFold,ElasticNet,P_kbar,opx_liq,raw,28,7.659611106178159,7.659611106178159,-8.65101518686573,deep_crustal_MASH,basalt
ClusterKFold,ElasticNet,P_kbar,opx_liq,raw,29,20.0,20.0,19.477479491831918,lithospheric_mantle,partitioning
ClusterKFold,ElasticNet,P_kbar,opx_liq,raw,30,5.0,5.0,5.999179449879037,deep_crustal_MASH,metamorphic
ClusterKFold,ElasticNet,P_kbar,opx_liq,raw,31,10.0,10.0,11.194482625925978,deep_crustal_MASH,basalt
ClusterKFold,ElasticNet,P_kbar,opx_liq,raw,32,30.0,30.0,31.394341495657457,deeper_mantle,mantle_melting
ClusterKFold,ElasticNet,P_kbar,opx_liq,raw,33,30.0,30.0,19.382412674233752,deeper_mantle,mantle_melting
ClusterKFold,ElasticNet,P_kbar,opx_liq,raw,34,7.195500025760334,7.195500025760334,1.0738719402077788,deep_crustal_MASH,basalt
ClusterKFold,ElasticNet,P_kbar,opx_liq,raw,35,5.369384613849325,5.369384613849325,12.659048507548665,deep_crustal_MASH,arc_silicic
ClusterKFold,ElasticNet,P_kbar,opx_liq,raw,36,30.0,30.0,33.38317065058708,deeper_mantle,partitioning
ClusterKFold,ElasticNet,P_kbar,opx_liq,raw,37,20.0,20.0,32.006031636379575,lithospheric_mantle,basalt
ClusterKFold,ElasticNet,P_kbar,opx_liq,raw,38,40.0,40.0,25.735295989007987,deeper_mantle,mantle_melting
ClusterKFold,ElasticNet,P_kbar,opx_liq,raw,39,40.0,40.0,36.18114570777028,deeper_mantle,mantle_melting
ClusterKFold,ElasticNet,P_kbar,opx_liq,raw,40,45.0,45.0,32.34491584607463,deeper_mantle,mantle_melting
ClusterKFold,ElasticNet,P_kbar,opx_liq,raw,41,6.469000022348593,6.469000022348593,-0.8869313248731672,deep_crustal_MASH,mantle_melting
ClusterKFold,ElasticNet,P_kbar,opx_liq,raw,42,7.022909071941695,7.022909071941695,1.4045974634351897,deep_crustal_MASH,mantle_melting
ClusterKFold,ElasticNet,P_kbar,opx_liq,raw,43,10.0,10.0,8.010536795483702,deep_crustal_MASH,MORB
ClusterKFold,ElasticNet,P_kbar,opx_liq,raw,44,10.0,10.0,4.974113966338684,deep_crustal_MASH,MORB
ClusterKFold,ElasticNet,P_kbar,opx_liq,raw,45,20.0,20.0,23.061580672788274,lithospheric_mantle,MORB
ClusterKFold,ElasticNet,P_kbar,opx_liq,raw,46,7.87644445708062,7.87644445708062,-2.099169959875974,deep_crustal_MASH,mantle_melting
ClusterKFold,ElasticNet,P_kbar,opx_liq,raw,47,9.693111129707756,9.693111129707756,14.644731181814938,deep_crustal_MASH,arc_silicic
ClusterKFold,ElasticNet,P_kbar,opx_liq,raw,48,10.0,10.0,9.726569826855927,deep_crustal_MASH,mantle_melting
ClusterKFold,ElasticNet,P_kbar,opx_liq,raw,49,15.250125059604626,15.250125059604626,10.100928095229314,lithospheric_mantle,mantle_melting
ClusterKFold,ElasticNet,P_kbar,opx_liq,raw,50,17.999999952316198,17.999999952316198,18.08792306048706,lithospheric_mantle,mantle_melting
ClusterKFold,ElasticNet,P_kbar,opx_liq,raw,51,60.0,60.0,30.476486486583916,deeper_mantle,mantle_melting
ClusterKFold,ElasticNet,P_kbar,opx_liq,raw,52,1.1000000126659748,1.1000000126659748,12.464773367666863,shallow_crustal,other
ClusterKFold,ElasticNet,P_kbar,opx_liq,raw,53,0.0010132500028703,0.0010132500028703,4.826763124244902,shallow_crustal,basalt
ClusterKFold,ElasticNet,P_kbar,opx_liq,raw,54,0.0010132500028703,0.0010132500028703,2.4809413940647946,shallow_crustal,basalt
ClusterKFold,ElasticNet,P_kbar,opx_liq,raw,55,0.00099999997473788,0.00099999997473788,3.2839656484355046,shallow_crustal,arc_silicic
ClusterKFold,ElasticNet,P_kbar,opx_liq,raw,56,6.666999999991579,6.666999999991579,11.347864032624805,deep_crustal_MASH,other
ClusterKFold,ElasticNet,P_kbar,opx_liq,raw,57,7.500499999987369,7.500499999987369,19.940416249906917,deep_crustal_MASH,other
ClusterKFold,ElasticNet,P_kbar,opx_liq,raw,58,15.0,15.0,22.371586630774143,lithospheric_mantle,other
ClusterKFold,ElasticNet,P_kbar,opx_liq,raw,59,7.500499999987369,7.500499999987369,15.41394248394549,deep_crustal_MASH,other
ClusterKFold,ElasticNet,P_kbar,opx_liq,raw,60,15.0,15.0,15.441464796688356,lithospheric_mantle,other
ClusterKFold,ElasticNet,P_kbar,opx_liq,raw,61,10.0,10.0,14.241186388905007,deep_crustal_MASH,other
ClusterKFold,ElasticNet,P_kbar,opx_liq,raw,62,10.000333333324912,10.000333333324912,11.92429836895965,deep_crustal_MASH,other
ClusterKFold,ElasticNet,P_kbar,opx_liq,raw,63,13.500000238418501,13.500000238418501,11.84364487086118,deep_crustal_MASH,other
ClusterKFold,ElasticNet,P_kbar,opx_liq,raw,64,6.666999999991579,6.666999999991579,9.645279956541462,deep_crustal_MASH,other
ClusterKFold,ElasticNet,P_kbar,opx_liq,raw,65,20.0,20.0,9.556476268622097,lithospheric_mantle,other
ClusterKFold,ElasticNet,P_kbar,opx_liq,raw,66,15.0,15.0,23.842033714307103,lithospheric_mantle,basalt
ClusterKFold,ElasticNet,P_kbar,opx_liq,raw,67,25.0,25.0,28.95019223148749,lithospheric_mantle,basalt
ClusterKFold,ElasticNet,P_kbar,opx_liq,raw,68,20.0,20.0,25.28297869432204,lithospheric_mantle,basalt
ClusterKFold,ElasticNet,P_kbar,opx_liq,raw,69,8.0,8.0,17.587328078838123,deep_crustal_MASH,basalt
ClusterKFold,ElasticNet,P_kbar,opx_liq,raw,70,20.0,20.0,12.801993970013175,lithospheric_mantle,other
ClusterKFold,ElasticNet,P_kbar,opx_liq,raw,71,21.0,21.0,22.866710834168046,lithospheric_mantle,other
ClusterKFold,ElasticNet,P_kbar,opx_liq,raw,72,20.0,20.0,24.224178969962594,lithospheric_mantle,other
ClusterKFold,ElasticNet,P_kbar,opx_liq,raw,73,21.0,21.0,12.435439807932465,lithospheric_mantle,other
ClusterKFold,ElasticNet,P_kbar,opx_liq,raw,74,27.999999523163,27.999999523163,34.684645858835886,lithospheric_mantle,other
ClusterKFold,ElasticNet,P_kbar,opx_liq,raw,75,38.9999997615815,38.9999997615815,41.71575628408358,deeper_mantle,other
ClusterKFold,ElasticNet,P_kbar,opx_liq,raw,76,9.3000000715256,9.3000000715256,10.08633643427749,deep_crustal_MASH,basalt
ClusterKFold,ElasticNet,P_kbar,opx_liq,raw,77,9.3000000715256,9.3000000715256,12.325434321596408,deep_crustal_MASH,basalt
ClusterKFold,ElasticNet,P_kbar,opx_liq,raw,78,12.000000476837,12.000000476837,25.71931063768303,deep_crustal_MASH,other
ClusterKFold,ElasticNet,P_kbar,opx_liq,raw,79,30.0,30.0,27.4891424739223,deeper_mantle,mantle_melting
ClusterKFold,ElasticNet,P_kbar,opx_liq,raw,80,30.0,30.0,26.192349961014187,deeper_mantle,mantle_melting
ClusterKFold,ElasticNet,P_kbar,opx_liq,raw,81,30.0,30.0,35.13872049286526,deeper_mantle,mantle_melting
ClusterKFold,ElasticNet,P_kbar,opx_liq,raw,82,30.0,30.0,31.493570121493192,deeper_mantle,mantle_melting
ClusterKFold,ElasticNet,P_kbar,opx_liq,raw,83,30.0,30.0,39.89943919407428,deeper_mantle,mantle_melting
ClusterKFold,ElasticNet,P_kbar,opx_liq,raw,84,30.0,30.0,30.14530869814999,deeper_mantle,mantle_melting
ClusterKFold,ElasticNet,P_kbar,opx_liq,raw,85,30.0,30.0,36.911408028307484,deeper_mantle,mantle_melting
ClusterKFold,ElasticNet,P_kbar,opx_liq,raw,86,30.0,30.0,31.21131470694135,deeper_mantle,mantle_melting
ClusterKFold,ElasticNet,P_kbar,opx_liq,raw,87,30.0,30.0,34.70557241622119,deeper_mantle,mantle_melting
ClusterKFold,ElasticNet,P_kbar,opx_liq,raw,88,30.0,30.0,32.66231158468357,deeper_mantle,mantle_melting
ClusterKFold,ElasticNet,P_kbar,opx_liq,raw,89,22.0,22.0,29.216624804112705,lithospheric_mantle,basalt
ClusterKFold,ElasticNet,P_kbar,opx_liq,raw,90,30.0,30.0,28.140297848131695,deeper_mantle,mantle_melting
ClusterKFold,ElasticNet,P_kbar,opx_liq,raw,91,30.0,30.0,35.470134701986915,deeper_mantle,basalt
ClusterKFold,ElasticNet,P_kbar,opx_liq,raw,92,30.0,30.0,31.869270352165316,deeper_mantle,mantle_melting
ClusterKFold,ElasticNet,P_kbar,opx_liq,raw,93,30.0,30.0,28.524680059462227,deeper_mantle,mantle_melting
ClusterKFold,ElasticNet,P_kbar,opx_liq,raw,94,25.0,25.0,30.468236412223256,lithospheric_mantle,basalt
ClusterKFold,ElasticNet,P_kbar,opx_liq,raw,95,20.0,20.0,24.142775187015793,lithospheric_mantle,basalt
ClusterKFold,ElasticNet,P_kbar,opx_liq,raw,96,8.0,8.0,16.64446991443833,deep_crustal_MASH,basalt
ClusterKFold,ElasticNet,P_kbar,opx_liq,raw,97,30.0,30.0,32.10977032360732,deeper_mantle,basalt
ClusterKFold,ElasticNet,P_kbar,opx_liq,raw,98,30.0,30.0,28.567011641989666,deeper_mantle,mantle_melting
ClusterKFold,ElasticNet,P_kbar,opx_liq,raw,99,30.0,30.0,31.918530453648515,deeper_mantle,mantle_melting
ClusterKFold,ElasticNet,P_kbar,opx_liq,raw,100,10.0,10.0,13.335639024844912,deep_crustal_MASH,metamorphic
ClusterKFold,ElasticNet,P_kbar,opx_liq,raw,101,10.0,10.0,16.881216648073796,deep_crustal_MASH,metamorphic
ClusterKFold,ElasticNet,P_kbar,opx_liq,raw,102,10.0,10.0,4.3920216044052545,deep_crustal_MASH,metamorphic
ClusterKFold,ElasticNet,P_kbar,opx_liq,raw,103,6.999999880790701,6.999999880790701,13.218300565763956,deep_crustal_MASH,metamorphic
ClusterKFold,ElasticNet,P_kbar,opx_liq,raw,104,10.0,10.0,6.7490020667086394,deep_crustal_MASH,metamorphic
ClusterKFold,ElasticNet,P_kbar,opx_liq,raw,105,15.0,15.0,5.65844371359674,lithospheric_mantle,metamorphic
ClusterKFold,ElasticNet,P_kbar,opx_liq,raw,106,10.0,10.0,16.235446253546915,deep_crustal_MASH,metamorphic
ClusterKFold,ElasticNet,P_kbar,opx_liq,raw,107,6.999999880790701,6.999999880790701,14.939889810854135,deep_crustal_MASH,metamorphic
ClusterKFold,ElasticNet,P_kbar,opx_liq,raw,108,6.999999880790701,6.999999880790701,14.118586622933742,deep_crustal_MASH,metamorphic
ClusterKFold,ElasticNet,P_kbar,opx_liq,raw,109,12.5,12.5,16.905909260475426,deep_crustal_MASH,metamorphic
ClusterKFold,ElasticNet,P_kbar,opx_liq,raw,110,10.0,10.0,17.11906330450437,deep_crustal_MASH,metamorphic
ClusterKFold,ElasticNet,P_kbar,opx_liq,raw,111,10.0,10.0,16.78705747026627,deep_crustal_MASH,metamorphic
ClusterKFold,ElasticNet,P_kbar,opx_liq,raw,112,6.999999880790701,6.999999880790701,20.964937632112036,deep_crustal_MASH,basalt
ClusterKFold,ElasticNet,P_kbar,opx_liq,raw,113,5.0,5.0,3.4519387213956048,deep_crustal_MASH,basalt
ClusterKFold,ElasticNet,P_kbar,opx_liq,raw,114,12.000000476837,12.000000476837,-1.754302484718778,deep_crustal_MASH,basalt
ClusterKFold,ElasticNet,P_kbar,opx_liq,raw,115,21.800000667572,21.800000667572,24.23204640498014,lithospheric_mantle,other
ClusterKFold,ElasticNet,P_kbar,opx_liq,raw,116,12.89999961853,12.89999961853,19.109581662705526,deep_crustal_MASH,other
ClusterKFold,ElasticNet,P_kbar,opx_liq,raw,117,27.999999523163,27.999999523163,13.85991656692157,lithospheric_mantle,other
ClusterKFold,ElasticNet,P_kbar,opx_liq,raw,118,16.000000238419002,16.000000238419002,25.556438103527285,lithospheric_mantle,mantle_melting
ClusterKFold,ElasticNet,P_kbar,opx_liq,raw,119,12.000000238418501,12.000000238418501,24.667126946046295,deep_crustal_MASH,mantle_melting
ClusterKFold,ElasticNet,P_kbar,opx_liq,raw,120,11.000000238418501,11.000000238418501,25.47524460163214,deep_crustal_MASH,mantle_melting
ClusterKFold,ElasticNet,P_kbar,opx_liq,raw,121,16.000000238419002,16.000000238419002,26.115758225976855,lithospheric_mantle,mantle_melting
ClusterKFold,ElasticNet,P_kbar,opx_liq,raw,122,12.000000476837,12.000000476837,22.709770429193732,deep_crustal_MASH,mantle_melting
ClusterKFold,ElasticNet,P_kbar,opx_liq,raw,123,12.000000476837,12.000000476837,22.525290691689797,deep_crustal_MASH,mantle_melting
ClusterKFold,ElasticNet,P_kbar,opx_liq,raw,124,12.000000476837,12.000000476837,18.27891355037162,deep_crustal_MASH,mantle_melting
ClusterKFold,ElasticNet,P_kbar,opx_liq,raw,125,12.000000238418501,12.000000238418501,21.451232674119666,deep_crustal_MASH,mantle_melting
ClusterKFold,ElasticNet,P_kbar,opx_liq,raw,126,12.000000476837,12.000000476837,18.825585761577127,deep_crustal_MASH,mantle_melting
ClusterKFold,ElasticNet,P_kbar,opx_liq,raw,127,12.000000476837,12.000000476837,21.285421887896888,deep_crustal_MASH,mantle_melting
ClusterKFold,ElasticNet,P_kbar,opx_liq,raw,128,16.000000238419002,16.000000238419002,27.75754459332603,lithospheric_mantle,mantle_melting
ClusterKFold,ElasticNet,P_kbar,opx_liq,raw,129,16.000000238419002,16.000000238419002,26.052771836505265,lithospheric_mantle,mantle_melting
ClusterKFold,ElasticNet,P_kbar,opx_liq,raw,130,20.0,20.0,27.533851529103693,lithospheric_mantle,mantle_melting
ClusterKFold,ElasticNet,P_kbar,opx_liq,raw,131,16.000000119209503,16.000000119209503,27.19653692161438,lithospheric_mantle,mantle_melting
ClusterKFold,ElasticNet,P_kbar,opx_liq,raw,132,12.000000476837,12.000000476837,12.793746400613207,deep_crustal_MASH,mantle_melting
ClusterKFold,ElasticNet,P_kbar,opx_liq,raw,133,12.000000476837,12.000000476837,13.080094742331728,deep_crustal_MASH,mantle_melting
ClusterKFold,ElasticNet,P_kbar,opx_liq,raw,134,12.000000476837,12.000000476837,21.24592888486397,deep_crustal_MASH,mantle_melting
ClusterKFold,ElasticNet,P_kbar,opx_liq,raw,135,16.000000119209503,16.000000119209503,28.106368507415603,lithospheric_mantle,mantle_melting
ClusterKFold,ElasticNet,P_kbar,opx_liq,raw,136,15.0,15.0,22.12082255356264,lithospheric_mantle,basalt
ClusterKFold,ElasticNet,P_kbar,opx_liq,raw,137,20.0,20.0,26.2186753248101,lithospheric_mantle,mantle_melting
ClusterKFold,ElasticNet,P_kbar,opx_liq,raw,138,0.0010132500028703,0.0010132500028703,1.6264854119800098,shallow_crustal,basalt
ClusterKFold,ElasticNet,P_kbar,opx_liq,raw,139,12.000000476837,12.000000476837,16.55115359460882,deep_crustal_MASH,mantle_melting
ClusterKFold,ElasticNet,P_kbar,opx_liq,raw,140,12.000000476837,12.000000476837,22.976695530022095,deep_crustal_MASH,mantle_melting
ClusterKFold,ElasticNet,P_kbar,opx_liq,raw,141,12.0,12.0,18.4955276755228,deep_crustal_MASH,basalt
ClusterKFold,ElasticNet,P_kbar,opx_liq,raw,142,15.0,15.0,21.39066135476049,lithospheric_mantle,basalt
ClusterKFold,ElasticNet,P_kbar,opx_liq,raw,143,17.0,17.0,23.160489104461384,lithospheric_mantle,basalt
ClusterKFold,ElasticNet,P_kbar,opx_liq,raw,144,8.0,8.0,17.191865884359924,deep_crustal_MASH,basalt
ClusterKFold,ElasticNet,P_kbar,opx_liq,raw,145,28.0,28.0,30.06001623129461,lithospheric_mantle,basalt
ClusterKFold,ElasticNet,P_kbar,opx_liq,raw,146,10.0,10.0,14.370877135877386,deep_crustal_MASH,basalt
ClusterKFold,ElasticNet,P_kbar,opx_liq,raw,147,12.000000476837,12.000000476837,18.073051186561116,deep_crustal_MASH,arc_silicic
ClusterKFold,ElasticNet,P_kbar,opx_liq,raw,148,12.000000476837,12.000000476837,15.583395801158538,deep_crustal_MASH,arc_silicic
ClusterKFold,ElasticNet,P_kbar,opx_liq,raw,149,12.000000476837,12.000000476837,17.97305078331062,deep_crustal_MASH,arc_silicic
ClusterKFold,ElasticNet,P_kbar,opx_liq,raw,150,12.000000476837,12.000000476837,14.043242306239598,deep_crustal_MASH,arc_silicic
ClusterKFold,ElasticNet,P_kbar,opx_liq,raw,151,12.000000476837,12.000000476837,17.22006318432745,deep_crustal_MASH,arc_silicic
ClusterKFold,ElasticNet,P_kbar,opx_liq,raw,152,12.000000476837,12.000000476837,16.603460219829586,deep_crustal_MASH,arc_silicic
ClusterKFold,ElasticNet,P_kbar,opx_liq,raw,153,12.000000476837,12.000000476837,18.750634780712694,deep_crustal_MASH,arc_silicic
ClusterKFold,ElasticNet,P_kbar,opx_liq,raw,154,12.000000476837,12.000000476837,16.414205263273125,deep_crustal_MASH,arc_silicic
ClusterKFold,ElasticNet,P_kbar,opx_liq,raw,155,12.000000476837,12.000000476837,10.943421815218056,deep_crustal_MASH,arc_silicic
ClusterKFold,ElasticNet,P_kbar,opx_liq,raw,156,12.000000476837,12.000000476837,12.728068581896416,deep_crustal_MASH,arc_silicic
ClusterKFold,ElasticNet,P_kbar,opx_liq,raw,157,0.0010132500028703,0.0010132500028703,4.205462876878329,shallow_crustal,basalt
ClusterKFold,ElasticNet,P_kbar,opx_liq,raw,158,0.0010132500028703,0.0010132500028703,2.870809720622381,shallow_crustal,basalt
ClusterKFold,ElasticNet,P_kbar,opx_liq,raw,159,12.000000476837,12.000000476837,1.6840424461225236,deep_crustal_MASH,arc_silicic
ClusterKFold,ElasticNet,P_kbar,opx_liq,raw,160,12.000000476837,12.000000476837,13.969449793100969,deep_crustal_MASH,arc_silicic
ClusterKFold,ElasticNet,P_kbar,opx_liq,raw,161,12.000000476837,12.000000476837,3.052634979061823,deep_crustal_MASH,arc_silicic
ClusterKFold,ElasticNet,P_kbar,opx_liq,raw,162,12.000000476837,12.000000476837,8.96292807629722,deep_crustal_MASH,arc_silicic
ClusterKFold,ElasticNet,P_kbar,opx_liq,raw,163,12.000000476837,12.000000476837,2.7036697872617523,deep_crustal_MASH,arc_silicic
ClusterKFold,ElasticNet,P_kbar,opx_liq,raw,164,12.000000476837,12.000000476837,5.113290168635823,deep_crustal_MASH,arc_silicic
ClusterKFold,ElasticNet,P_kbar,opx_liq,raw,165,12.000000476837,12.000000476837,12.252915617628375,deep_crustal_MASH,arc_silicic
ClusterKFold,ElasticNet,P_kbar,opx_liq,raw,166,12.000000476837,12.000000476837,3.150811776531306,deep_crustal_MASH,arc_silicic
ClusterKFold,ElasticNet,P_kbar,opx_liq,raw,167,12.000000476837,12.000000476837,12.646706531609277,deep_crustal_MASH,arc_silicic
ClusterKFold,ElasticNet,P_kbar,opx_liq,raw,168,20.0,20.0,27.17664733157315,lithospheric_mantle,mantle_melting
ClusterKFold,ElasticNet,P_kbar,opx_liq,raw,169,20.0,20.0,27.288693306074457,lithospheric_mantle,mantle_melting
ClusterKFold,ElasticNet,P_kbar,opx_liq,raw,170,20.0,20.0,23.12267002876966,lithospheric_mantle,mantle_melting
ClusterKFold,ElasticNet,P_kbar,opx_liq,raw,171,10.0,10.0,19.847944907134373,deep_crustal_MASH,mantle_melting
ClusterKFold,ElasticNet,P_kbar,opx_liq,raw,172,10.0,10.0,5.2119618626736814,deep_crustal_MASH,mantle_melting
ClusterKFold,ElasticNet,P_kbar,opx_liq,raw,173,10.0,10.0,17.775505674450194,deep_crustal_MASH,mantle_melting
ClusterKFold,ElasticNet,P_kbar,opx_liq,raw,174,24.0,24.0,28.599222596000622,lithospheric_mantle,mantle_melting
ClusterKFold,ElasticNet,P_kbar,opx_liq,raw,175,26.0,26.0,16.39218012549794,lithospheric_mantle,mantle_melting
ClusterKFold,ElasticNet,P_kbar,opx_liq,raw,176,24.0,24.0,30.265471537503224,lithospheric_mantle,mantle_melting
ClusterKFold,ElasticNet,P_kbar,opx_liq,raw,177,22.0,22.0,27.98867078126971,lithospheric_mantle,mantle_melting
ClusterKFold,ElasticNet,P_kbar,opx_liq,raw,178,22.0,22.0,31.405529243025207,lithospheric_mantle,mantle_melting
ClusterKFold,ElasticNet,P_kbar,opx_liq,raw,179,20.0,20.0,9.637870447191135,lithospheric_mantle,arc_silicic
ClusterKFold,ElasticNet,P_kbar,opx_liq,raw,180,20.0,20.0,16.942067165857374,lithospheric_mantle,arc_silicic
ClusterKFold,ElasticNet,P_kbar,opx_liq,raw,181,5.0,5.0,13.107881401904807,deep_crustal_MASH,arc_silicic
ClusterKFold,ElasticNet,P_kbar,opx_liq,raw,182,2.1299999952316,2.1299999952316,9.875456361326304,shallow_crustal,arc_silicic
ClusterKFold,ElasticNet,P_kbar,opx_liq,raw,183,10.0,10.0,-1.4726251835287165,deep_crustal_MASH,basalt
ClusterKFold,ElasticNet,P_kbar,opx_liq,raw,184,12.000000476837,12.000000476837,10.642012757802169,deep_crustal_MASH,mantle_melting
ClusterKFold,ElasticNet,P_kbar,opx_liq,raw,185,10.0,10.0,15.09229170685044,deep_crustal_MASH,arc_silicic
ClusterKFold,ElasticNet,P_kbar,opx_liq,raw,186,10.0,10.0,10.300686382053144,deep_crustal_MASH,arc_silicic
ClusterKFold,ElasticNet,P_kbar,opx_liq,raw,187,10.0,10.0,11.933952450195028,deep_crustal_MASH,arc_silicic
ClusterKFold,ElasticNet,P_kbar,opx_liq,raw,188,10.0,10.0,21.742279133142492,deep_crustal_MASH,arc_silicic
ClusterKFold,ElasticNet,P_kbar,opx_liq,raw,189,15.0,15.0,20.029620557286393,lithospheric_mantle,arc_silicic
ClusterKFold,ElasticNet,P_kbar,opx_liq,raw,190,12.000000476837,12.000000476837,17.015545591630293,deep_crustal_MASH,arc_silicic
ClusterKFold,ElasticNet,P_kbar,opx_liq,raw,191,15.0,15.0,29.8266476698982,lithospheric_mantle,arc_silicic
ClusterKFold,ElasticNet,P_kbar,opx_liq,raw,192,15.0,15.0,17.903740962779228,lithospheric_mantle,other
ClusterKFold,ElasticNet,P_kbar,opx_liq,raw,193,0.00099999997473788,0.00099999997473788,3.391803958691577,shallow_crustal,other
ClusterKFold,ElasticNet,P_kbar,opx_liq,raw,194,10.0,10.0,10.74240066902264,deep_crustal_MASH,other
ClusterKFold,ElasticNet,P_kbar,opx_liq,raw,195,10.0,10.0,13.61416433128024,deep_crustal_MASH,other
ClusterKFold,ElasticNet,P_kbar,opx_liq,raw,196,10.0,10.0,18.90933246074652,deep_crustal_MASH,other
ClusterKFold,ElasticNet,P_kbar,opx_liq,raw,197,10.0,10.0,9.147678193689854,deep_crustal_MASH,other
ClusterKFold,ElasticNet,P_kbar,opx_liq,raw,198,10.0,10.0,12.888049893645519,deep_crustal_MASH,other
ClusterKFold,ElasticNet,P_kbar,opx_liq,raw,199,10.0,10.0,12.368953442695823,deep_crustal_MASH,other
ClusterKFold,ElasticNet,P_kbar,opx_liq,raw,200,10.0,10.0,7.391425415629663,deep_crustal_MASH,other
ClusterKFold,ElasticNet,P_kbar,opx_liq,raw,201,10.0,10.0,13.940211937594107,deep_crustal_MASH,other
ClusterKFold,ElasticNet,P_kbar,opx_liq,raw,202,10.0,10.0,11.111178656488558,deep_crustal_MASH,other
ClusterKFold,ElasticNet,P_kbar,opx_liq,raw,203,10.0,10.0,13.757430367626704,deep_crustal_MASH,other
ClusterKFold,ElasticNet,P_kbar,opx_liq,raw,204,10.0,10.0,5.928954496909826,deep_crustal_MASH,other
ClusterKFold,ElasticNet,P_kbar,opx_liq,raw,205,10.0,10.0,11.017594670747854,deep_crustal_MASH,other
ClusterKFold,ElasticNet,P_kbar,opx_liq,raw,206,10.0,10.0,12.779018979637023,deep_crustal_MASH,other
ClusterKFold,ElasticNet,P_kbar,opx_liq,raw,207,10.0,10.0,17.016479147351635,deep_crustal_MASH,other
ClusterKFold,ElasticNet,P_kbar,opx_liq,raw,208,20.0,20.0,17.557149387900573,lithospheric_mantle,mantle_melting
ClusterKFold,ElasticNet,P_kbar,opx_liq,raw,209,2.5,2.5,9.320782667213628,shallow_crustal,other
ClusterKFold,ElasticNet,P_kbar,opx_liq,raw,210,2.5,2.5,10.282320670546524,shallow_crustal,other
ClusterKFold,ElasticNet,P_kbar,opx_liq,raw,211,2.5,2.5,9.543352192617363,shallow_crustal,other
ClusterKFold,ElasticNet,P_kbar,opx_liq,raw,212,1.5000000596046001,1.5000000596046001,10.871340866292048,shallow_crustal,other
ClusterKFold,ElasticNet,P_kbar,opx_liq,raw,213,1.5000000596046001,1.5000000596046001,11.589874707871957,shallow_crustal,other
ClusterKFold,ElasticNet,P_kbar,opx_liq,raw,214,1.5000000596046001,1.5000000596046001,11.255770137520797,shallow_crustal,other
ClusterKFold,ElasticNet,P_kbar,opx_liq,raw,215,1.5000000596046001,1.5000000596046001,11.030483140238708,shallow_crustal,other
ClusterKFold,ElasticNet,P_kbar,opx_liq,raw,216,10.0,10.0,16.208726901545376,deep_crustal_MASH,other
ClusterKFold,ElasticNet,P_kbar,opx_liq,raw,217,10.0,10.0,16.131315486972603,deep_crustal_MASH,other
ClusterKFold,ElasticNet,P_kbar,opx_liq,raw,218,10.0,10.0,15.631238249329744,deep_crustal_MASH,other
ClusterKFold,ElasticNet,P_kbar,opx_liq,raw,219,10.0,10.0,19.056061658276462,deep_crustal_MASH,other
ClusterKFold,ElasticNet,P_kbar,opx_liq,raw,220,12.5,12.5,20.355443587582663,deep_crustal_MASH,other
ClusterKFold,ElasticNet,P_kbar,opx_liq,raw,221,10.0,10.0,12.09680591447782,deep_crustal_MASH,other
ClusterKFold,ElasticNet,P_kbar,opx_liq,raw,222,10.0,10.0,10.251458344623984,deep_crustal_MASH,basalt
ClusterKFold,ElasticNet,P_kbar,opx_liq,raw,223,15.0,15.0,24.9928017085682,lithospheric_mantle,basalt
ClusterKFold,ElasticNet,P_kbar,opx_liq,raw,224,15.0,15.0,29.51892074199003,lithospheric_mantle,basalt
ClusterKFold,ElasticNet,P_kbar,opx_liq,raw,225,4.0479999780655005,4.0479999780655005,5.727590874397131,shallow_crustal,arc_silicic
ClusterKFold,ElasticNet,P_kbar,opx_liq,raw,226,3.9489999413490002,3.9489999413490002,5.573581464600428,shallow_crustal,arc_silicic
ClusterKFold,ElasticNet,P_kbar,opx_liq,raw,227,4.2699998617172,4.2699998617172,5.882535289855559,shallow_crustal,arc_silicic
ClusterKFold,ElasticNet,P_kbar,opx_liq,raw,228,10.0,10.0,17.87734349420144,deep_crustal_MASH,other
ClusterKFold,ElasticNet,P_kbar,opx_liq,raw,229,11.499999761580998,11.499999761580998,19.990870128878854,deep_crustal_MASH,other
ClusterKFold,ElasticNet,P_kbar,opx_liq,raw,230,6.999999880790701,6.999999880790701,9.666153027602425,deep_crustal_MASH,other
ClusterKFold,ElasticNet,P_kbar,opx_liq,raw,231,20.0,20.0,26.548245037679933,lithospheric_mantle,arc_silicic
ClusterKFold,ElasticNet,P_kbar,opx_liq,raw,232,15.0,15.0,26.084354123067364,lithospheric_mantle,arc_silicic
ClusterKFold,ElasticNet,P_kbar,opx_liq,raw,233,15.0,15.0,24.077526474616903,lithospheric_mantle,arc_silicic
ClusterKFold,ElasticNet,P_kbar,opx_liq,raw,234,0.0010132500028703,0.0010132500028703,0.7857300299219236,shallow_crustal,basalt
ClusterKFold,ElasticNet,P_kbar,opx_liq,raw,235,0.0010132500028703,0.0010132500028703,3.7304252022014364,shallow_crustal,basalt
ClusterKFold,ElasticNet,P_kbar,opx_liq,raw,236,0.0010132500028703,0.0010132500028703,5.5218195417515,shallow_crustal,basalt
ClusterKFold,ElasticNet,P_kbar,opx_liq,raw,237,0.0010132500028703,0.0010132500028703,5.569074334177454,shallow_crustal,basalt
ClusterKFold,ElasticNet,P_kbar,opx_liq,raw,238,10.0,10.0,8.79969892813108,deep_crustal_MASH,mantle_melting
ClusterKFold,ElasticNet,P_kbar,opx_liq,raw,239,10.0,10.0,12.960983383499485,deep_crustal_MASH,mantle_melting
ClusterKFold,ElasticNet,P_kbar,opx_liq,raw,240,10.0,10.0,13.431282221864267,deep_crustal_MASH,mantle_melting
ClusterKFold,ElasticNet,P_kbar,opx_liq,raw,241,10.0,10.0,7.3833323062357135,deep_crustal_MASH,mantle_melting
ClusterKFold,ElasticNet,P_kbar,opx_liq,raw,242,10.0,10.0,11.290465766754616,deep_crustal_MASH,mantle_melting
ClusterKFold,ElasticNet,P_kbar,opx_liq,raw,243,10.0,10.0,7.788260509802595,deep_crustal_MASH,mantle_melting
ClusterKFold,ElasticNet,P_kbar,opx_liq,raw,244,10.0,10.0,7.6325457328440285,deep_crustal_MASH,mantle_melting
ClusterKFold,ElasticNet,P_kbar,opx_liq,raw,245,10.0,10.0,12.310105044759014,deep_crustal_MASH,mantle_melting
ClusterKFold,ElasticNet,P_kbar,opx_liq,raw,246,10.0,10.0,9.290334579992864,deep_crustal_MASH,mantle_melting
ClusterKFold,ElasticNet,P_kbar,opx_liq,raw,247,10.0,10.0,2.649356604005254,deep_crustal_MASH,mantle_melting
ClusterKFold,ElasticNet,P_kbar,opx_liq,raw,248,10.0,10.0,11.863535777987558,deep_crustal_MASH,mantle_melting
ClusterKFold,ElasticNet,P_kbar,opx_liq,raw,249,10.0,10.0,15.182900016083664,deep_crustal_MASH,mantle_melting
ClusterKFold,ElasticNet,P_kbar,opx_liq,raw,250,10.0,10.0,-3.5000899693172993,deep_crustal_MASH,arc_silicic
ClusterKFold,ElasticNet,P_kbar,opx_liq,raw,251,20.0,20.0,28.428964215442612,lithospheric_mantle,mantle_melting
ClusterKFold,ElasticNet,P_kbar,opx_liq,raw,252,15.0,15.0,22.52094370068674,lithospheric_mantle,mantle_melting
ClusterKFold,ElasticNet,P_kbar,opx_liq,raw,253,15.0,15.0,21.96095956397392,lithospheric_mantle,mantle_melting
ClusterKFold,ElasticNet,P_kbar,opx_liq,raw,254,20.0,20.0,28.688486692991596,lithospheric_mantle,mantle_melting
ClusterKFold,ElasticNet,P_kbar,opx_liq,raw,255,20.0,20.0,31.566398756846283,lithospheric_mantle,mantle_melting
ClusterKFold,ElasticNet,P_kbar,opx_liq,raw,256,10.0,10.0,11.08027379482957,deep_crustal_MASH,other
ClusterKFold,ElasticNet,P_kbar,opx_liq,raw,257,0.0010132500028703,0.0010132500028703,7.227069628544007,shallow_crustal,basalt
ClusterKFold,ElasticNet,P_kbar,opx_liq,raw,258,18.999999761580998,18.999999761580998,23.96376569234095,lithospheric_mantle,MORB
ClusterKFold,ElasticNet,P_kbar,opx_liq,raw,259,15.0,15.0,30.435033344984966,lithospheric_mantle,MORB
ClusterKFold,ElasticNet,P_kbar,opx_liq,raw,260,15.0,15.0,30.25640217441422,lithospheric_mantle,MORB
ClusterKFold,ElasticNet,P_kbar,opx_liq,raw,261,15.0,15.0,22.820707251013268,lithospheric_mantle,MORB
ClusterKFold,ElasticNet,P_kbar,opx_liq,raw,262,15.0,15.0,29.816192849342535,lithospheric_mantle,MORB
ClusterKFold,ElasticNet,P_kbar,opx_liq,raw,263,18.999999761580998,18.999999761580998,35.9256825637986,lithospheric_mantle,MORB
ClusterKFold,ElasticNet,P_kbar,opx_liq,raw,264,0.0010132500028703,0.0010132500028703,6.572289375650849,shallow_crustal,basalt
ClusterKFold,ElasticNet,P_kbar,opx_liq,raw,265,24.000000953674,24.000000953674,34.77015884214645,lithospheric_mantle,mantle_melting
ClusterKFold,ElasticNet,P_kbar,opx_liq,raw,266,27.999999523163,27.999999523163,35.29087558898404,lithospheric_mantle,mantle_melting
ClusterKFold,ElasticNet,P_kbar,opx_liq,raw,267,15.0,15.0,22.741564382395218,lithospheric_mantle,mantle_melting
ClusterKFold,ElasticNet,P_kbar,opx_liq,raw,268,15.0,15.0,21.356836793949093,lithospheric_mantle,mantle_melting
ClusterKFold,ElasticNet,P_kbar,opx_liq,raw,269,15.0,15.0,22.866083665850844,lithospheric_mantle,mantle_melting
ClusterKFold,ElasticNet,P_kbar,opx_liq,raw,270,15.0,15.0,25.295437389663633,lithospheric_mantle,mantle_melting
ClusterKFold,ElasticNet,P_kbar,opx_liq,raw,271,15.0,15.0,27.15269122148704,lithospheric_mantle,mantle_melting
ClusterKFold,ElasticNet,P_kbar,opx_liq,raw,272,15.0,15.0,23.79556340250113,lithospheric_mantle,mantle_melting
ClusterKFold,ElasticNet,P_kbar,opx_liq,raw,273,15.0,15.0,22.136039428644864,lithospheric_mantle,mantle_melting
ClusterKFold,ElasticNet,P_kbar,opx_liq,raw,274,0.01,0.01,4.797206751765202,shallow_crustal,basalt
ClusterKFold,ElasticNet,P_kbar,opx_liq,raw,275,0.0010132500028703,0.0010132500028703,5.160263417506797,shallow_crustal,basalt
ClusterKFold,ElasticNet,P_kbar,opx_liq,raw,276,5.0,5.0,10.29780012019601,deep_crustal_MASH,arc_silicic
ClusterKFold,ElasticNet,P_kbar,opx_liq,raw,277,10.0,10.0,8.753783275770529,deep_crustal_MASH,other
ClusterKFold,ElasticNet,P_kbar,opx_liq,raw,278,10.0,10.0,10.377429239651896,deep_crustal_MASH,other
ClusterKFold,ElasticNet,P_kbar,opx_liq,raw,279,5.0,5.0,11.723106639156137,deep_crustal_MASH,arc_silicic
ClusterKFold,ElasticNet,P_kbar,opx_liq,raw,280,1.0379999876022001,1.0379999876022001,-0.5331795487431314,shallow_crustal,arc_silicic
ClusterKFold,ElasticNet,P_kbar,opx_liq,raw,281,1.4749999344348999,1.4749999344348999,0.860670482942048,shallow_crustal,arc_silicic
ClusterKFold,ElasticNet,P_kbar,opx_liq,raw,282,1.8000000715256002,1.8000000715256002,0.1884161956924082,shallow_crustal,arc_silicic
ClusterKFold,ElasticNet,P_kbar,opx_liq,raw,283,1.0080000013113,1.0080000013113,-1.0419350840762487,shallow_crustal,arc_silicic
ClusterKFold,ElasticNet,P_kbar,opx_liq,raw,284,0.7100000232458099,0.7100000232458099,-2.2123708835600926,shallow_crustal,arc_silicic
ClusterKFold,ElasticNet,P_kbar,opx_liq,raw,285,1.0549999773502,1.0549999773502,-1.1668084384461164,shallow_crustal,arc_silicic
ClusterKFold,ElasticNet,P_kbar,opx_liq,raw,286,2.1259999275208,2.1259999275208,6.805148857415506,shallow_crustal,arc_silicic
ClusterKFold,ElasticNet,P_kbar,opx_liq,raw,287,2.1259999275208,2.1259999275208,7.538388037588986,shallow_crustal,arc_silicic
ClusterKFold,ElasticNet,P_kbar,opx_liq,raw,288,2.1259999275208,2.1259999275208,8.632713835052833,shallow_crustal,arc_silicic
ClusterKFold,ElasticNet,P_kbar,opx_liq,raw,289,3.125,3.125,11.031913191105447,shallow_crustal,arc_silicic
ClusterKFold,ElasticNet,P_kbar,opx_liq,raw,290,1.9799999892712,1.9799999892712,8.316910505093706,shallow_crustal,arc_silicic
ClusterKFold,ElasticNet,P_kbar,opx_liq,raw,291,1.9799999892712,1.9799999892712,8.90512721938316,shallow_crustal,arc_silicic
ClusterKFold,ElasticNet,P_kbar,opx_liq,raw,292,28.0,28.0,32.77631843467158,lithospheric_mantle,other
ClusterKFold,ElasticNet,P_kbar,opx_liq,raw,293,27.9999997615815,27.9999997615815,33.62066894709831,lithospheric_mantle,mantle_melting
ClusterKFold,ElasticNet,P_kbar,opx_liq,raw,294,28.0,28.0,36.44311264797367,lithospheric_mantle,other
ClusterKFold,ElasticNet,P_kbar,opx_liq,raw,295,32.0,32.0,32.46376725106449,deeper_mantle,other
ClusterKFold,ElasticNet,P_kbar,opx_liq,raw,296,32.0,32.0,31.367103774889117,deeper_mantle,other
ClusterKFold,ElasticNet,P_kbar,opx_liq,raw,297,34.0,34.0,32.278747438492836,deeper_mantle,other
ClusterKFold,ElasticNet,P_kbar,opx_liq,raw,298,34.0,34.0,34.499735705113125,deeper_mantle,other
ClusterKFold,ElasticNet,P_kbar,opx_liq,raw,299,28.0,28.0,36.111326501174005,lithospheric_mantle,other
ClusterKFold,ElasticNet,P_kbar,opx_liq,raw,300,28.0,28.0,37.47002481448296,lithospheric_mantle,other
ClusterKFold,ElasticNet,P_kbar,opx_liq,raw,301,24.0,24.0,36.271288305078,lithospheric_mantle,other
ClusterKFold,ElasticNet,P_kbar,opx_liq,raw,302,28.0,28.0,37.23092250922537,lithospheric_mantle,other
ClusterKFold,ElasticNet,P_kbar,opx_liq,raw,303,15.0,15.0,25.609196627530117,lithospheric_mantle,mantle_melting
ClusterKFold,ElasticNet,P_kbar,opx_liq,raw,304,10.0,10.0,5.5218525416648365,deep_crustal_MASH,metamorphic
ClusterKFold,ElasticNet,P_kbar,opx_liq,raw,305,30.0,30.0,5.013147619887386,deeper_mantle,other
ClusterKFold,ElasticNet,P_kbar,opx_liq,raw,306,10.0,10.0,15.616465134074083,deep_crustal_MASH,other
ClusterKFold,ElasticNet,P_kbar,opx_liq,raw,307,10.0,10.0,21.1211164767839,deep_crustal_MASH,other
ClusterKFold,ElasticNet,P_kbar,opx_liq,raw,308,10.0,10.0,18.800147439299273,deep_crustal_MASH,other
ClusterKFold,ElasticNet,P_kbar,opx_liq,raw,309,10.0,10.0,15.821557928743783,deep_crustal_MASH,other
ClusterKFold,ElasticNet,P_kbar,opx_liq,raw,310,10.0,10.0,14.1646643896151,deep_crustal_MASH,other
ClusterKFold,ElasticNet,P_kbar,opx_liq,raw,311,15.0,15.0,13.648156065252163,lithospheric_mantle,mantle_melting
ClusterKFold,ElasticNet,P_kbar,opx_liq,raw,312,15.0,15.0,15.381484377545739,lithospheric_mantle,mantle_melting
ClusterKFold,ElasticNet,P_kbar,opx_liq,raw,313,15.0,15.0,13.370629121136366,lithospheric_mantle,mantle_melting
ClusterKFold,ElasticNet,P_kbar,opx_liq,raw,314,20.0,20.0,17.84976223441121,lithospheric_mantle,mantle_melting
ClusterKFold,ElasticNet,P_kbar,opx_liq,raw,315,20.0,20.0,15.270319014736575,lithospheric_mantle,mantle_melting
ClusterKFold,ElasticNet,P_kbar,opx_liq,raw,316,20.0,20.0,23.66621237895692,lithospheric_mantle,mantle_melting
ClusterKFold,ElasticNet,P_kbar,opx_liq,raw,317,25.0,25.0,20.465067201438043,lithospheric_mantle,mantle_melting
ClusterKFold,ElasticNet,P_kbar,opx_liq,raw,318,25.0,25.0,19.991633527110558,lithospheric_mantle,mantle_melting
ClusterKFold,ElasticNet,P_kbar,opx_liq,raw,319,20.0,20.0,20.007973050741096,lithospheric_mantle,mantle_melting
ClusterKFold,ElasticNet,P_kbar,opx_liq,raw,320,20.0,20.0,20.72059857832092,lithospheric_mantle,mantle_melting
ClusterKFold,ElasticNet,P_kbar,opx_liq,raw,321,20.0,20.0,21.665281706032143,lithospheric_mantle,mantle_melting
ClusterKFold,ElasticNet,P_kbar,opx_liq,raw,322,20.0,20.0,19.91758855005446,lithospheric_mantle,mantle_melting
ClusterKFold,ElasticNet,P_kbar,opx_liq,raw,323,20.0,20.0,22.070107128536637,lithospheric_mantle,mantle_melting
ClusterKFold,ElasticNet,P_kbar,opx_liq,raw,324,15.0,15.0,15.852197361451644,lithospheric_mantle,mantle_melting
ClusterKFold,ElasticNet,P_kbar,opx_liq,raw,325,15.0,15.0,17.7499695712311,lithospheric_mantle,mantle_melting
ClusterKFold,ElasticNet,P_kbar,opx_liq,raw,326,10.0,10.0,10.96223217167731,deep_crustal_MASH,mantle_melting
ClusterKFold,ElasticNet,P_kbar,opx_liq,raw,327,10.0,10.0,6.720692018659347,deep_crustal_MASH,mantle_melting
ClusterKFold,ElasticNet,P_kbar,opx_liq,raw,328,10.0,10.0,11.212742029370736,deep_crustal_MASH,mantle_melting
ClusterKFold,ElasticNet,P_kbar,opx_liq,raw,329,10.0,10.0,4.528643819640896,deep_crustal_MASH,mantle_melting
ClusterKFold,ElasticNet,P_kbar,opx_liq,raw,330,10.0,10.0,1.9721485765900955,deep_crustal_MASH,mantle_melting
ClusterKFold,ElasticNet,P_kbar,opx_liq,raw,331,10.0,10.0,11.883925301614257,deep_crustal_MASH,mantle_melting
ClusterKFold,ElasticNet,P_kbar,opx_liq,raw,332,10.0,10.0,13.299807282435427,deep_crustal_MASH,mantle_melting
ClusterKFold,ElasticNet,P_kbar,opx_liq,raw,333,10.0,10.0,12.568593351443523,deep_crustal_MASH,mantle_melting
ClusterKFold,ElasticNet,P_kbar,opx_liq,raw,334,10.0,10.0,5.810843812976776,deep_crustal_MASH,mantle_melting
ClusterKFold,ElasticNet,P_kbar,opx_liq,raw,335,10.0,10.0,7.311419569800366,deep_crustal_MASH,mantle_melting
ClusterKFold,ElasticNet,P_kbar,opx_liq,raw,336,10.0,10.0,12.462328915446097,deep_crustal_MASH,mantle_melting
ClusterKFold,ElasticNet,P_kbar,opx_liq,raw,337,10.0,10.0,13.151641928118298,deep_crustal_MASH,mantle_melting
ClusterKFold,ElasticNet,P_kbar,opx_liq,raw,338,15.0,15.0,23.09211358277684,lithospheric_mantle,mantle_melting
ClusterKFold,ElasticNet,P_kbar,opx_liq,raw,339,15.0,15.0,10.656194227206043,lithospheric_mantle,mantle_melting
ClusterKFold,ElasticNet,P_kbar,opx_liq,raw,340,15.0,15.0,15.676445727363683,lithospheric_mantle,mantle_melting
ClusterKFold,ElasticNet,P_kbar,opx_liq,raw,341,12.5,12.5,15.74696739763643,deep_crustal_MASH,mantle_melting
ClusterKFold,ElasticNet,P_kbar,opx_liq,raw,342,15.0,15.0,14.90858720590542,lithospheric_mantle,mantle_melting
ClusterKFold,ElasticNet,P_kbar,opx_liq,raw,343,10.0,10.0,14.324663056635146,deep_crustal_MASH,mantle_melting
ClusterKFold,ElasticNet,P_kbar,opx_liq,raw,344,15.0,15.0,23.865845835957742,lithospheric_mantle,MORB
ClusterKFold,ElasticNet,P_kbar,opx_liq,raw,345,15.0,15.0,23.09275698308528,lithospheric_mantle,MORB
ClusterKFold,ElasticNet,P_kbar,opx_liq,raw,346,15.0,15.0,16.871572587037964,lithospheric_mantle,mantle_melting
ClusterKFold,ElasticNet,P_kbar,opx_liq,raw,347,15.0,15.0,21.908164971887672,lithospheric_mantle,mantle_melting
ClusterKFold,ElasticNet,P_kbar,opx_liq,raw,348,15.0,15.0,18.159669783385553,lithospheric_mantle,mantle_melting
ClusterKFold,ElasticNet,P_kbar,opx_liq,raw,349,15.0,15.0,16.819333489484727,lithospheric_mantle,mantle_melting
ClusterKFold,ElasticNet,P_kbar,opx_liq,raw,350,15.0,15.0,21.60611197751537,lithospheric_mantle,mantle_melting
ClusterKFold,ElasticNet,P_kbar,opx_liq,raw,351,15.0,15.0,21.7637958326808,lithospheric_mantle,MORB
ClusterKFold,ElasticNet,P_kbar,opx_liq,raw,352,10.0,10.0,14.728212067817616,deep_crustal_MASH,MORB
ClusterKFold,ElasticNet,P_kbar,opx_liq,raw,353,10.0,10.0,12.276108968895079,deep_crustal_MASH,MORB
ClusterKFold,ElasticNet,P_kbar,opx_liq,raw,354,15.0,15.0,18.73768388403384,lithospheric_mantle,MORB
ClusterKFold,ElasticNet,P_kbar,opx_liq,raw,355,10.0,10.0,12.272285346161304,deep_crustal_MASH,MORB
ClusterKFold,ElasticNet,P_kbar,opx_liq,raw,356,10.0,10.0,10.71188937594487,deep_crustal_MASH,MORB
ClusterKFold,ElasticNet,P_kbar,opx_liq,raw,357,15.0,15.0,25.76087591643183,lithospheric_mantle,mantle_melting
ClusterKFold,ElasticNet,P_kbar,opx_liq,raw,358,15.0,15.0,22.760195541114673,lithospheric_mantle,mantle_melting
ClusterKFold,ElasticNet,P_kbar,opx_liq,raw,359,15.0,15.0,27.397909052071185,lithospheric_mantle,mantle_melting
ClusterKFold,ElasticNet,P_kbar,opx_liq,raw,360,27.999999523163,27.999999523163,32.94416967184861,lithospheric_mantle,mantle_melting
ClusterKFold,ElasticNet,P_kbar,opx_liq,raw,361,27.999999523163,27.999999523163,35.20754241442705,lithospheric_mantle,mantle_melting
ClusterKFold,ElasticNet,P_kbar,opx_liq,raw,362,5.0,5.0,17.250279494301402,deep_crustal_MASH,other
ClusterKFold,ElasticNet,P_kbar,opx_liq,raw,363,12.000000476837,12.000000476837,9.369745805554164,deep_crustal_MASH,basalt
ClusterKFold,ElasticNet,P_kbar,opx_liq,raw,364,12.000000476837,12.000000476837,14.494628352263168,deep_crustal_MASH,basalt
ClusterKFold,ElasticNet,P_kbar,opx_liq,raw,365,12.200000286102,12.200000286102,12.62219023553522,deep_crustal_MASH,basalt
ClusterKFold,ElasticNet,P_kbar,opx_liq,raw,366,12.599999904632998,12.599999904632998,12.982265422481396,deep_crustal_MASH,basalt
ClusterKFold,ElasticNet,P_kbar,opx_liq,raw,367,13.799999952316,13.799999952316,11.50121018719748,deep_crustal_MASH,basalt
ClusterKFold,ElasticNet,P_kbar,opx_liq,raw,368,7.5,7.5,9.19138846641691,deep_crustal_MASH,basalt
ClusterKFold,ElasticNet,P_kbar,opx_liq,raw,369,20.5,20.5,13.343238087404403,lithospheric_mantle,other
ClusterKFold,ElasticNet,P_kbar,opx_liq,raw,370,21.0,21.0,13.294328413070973,lithospheric_mantle,other
ClusterKFold,ElasticNet,P_kbar,opx_liq,raw,371,1.9380000233649999,1.9380000233649999,-1.7384380959336685,shallow_crustal,arc_silicic
ClusterKFold,ElasticNet,P_kbar,opx_liq,raw,372,1.2409999966621001,1.2409999966621001,-5.6215518833732485,shallow_crustal,arc_silicic
ClusterKFold,ElasticNet,P_kbar,opx_liq,raw,373,0.52400000393391,0.52400000393391,-4.741658287416188,shallow_crustal,arc_silicic
ClusterKFold,ElasticNet,P_kbar,opx_liq,raw,374,3.0140000581741,3.0140000581741,-5.061951864553317,shallow_crustal,arc_silicic
ClusterKFold,ElasticNet,P_kbar,opx_liq,raw,375,1.0689999908209,1.0689999908209,-3.436904723202291,shallow_crustal,arc_silicic
ClusterKFold,ElasticNet,P_kbar,opx_liq,raw,376,1.7100000381470002,1.7100000381470002,-3.6970693845322042,shallow_crustal,arc_silicic
ClusterKFold,ElasticNet,P_kbar,opx_liq,raw,377,1.5929999947548,1.5929999947548,-5.130894548327889,shallow_crustal,arc_silicic
ClusterKFold,ElasticNet,P_kbar,opx_liq,raw,378,1.5520000457764,1.5520000457764,-3.237211899764466,shallow_crustal,arc_silicic
ClusterKFold,ElasticNet,P_kbar,opx_liq,raw,379,0.59000000357628,0.59000000357628,-6.085232721896675,shallow_crustal,arc_silicic
ClusterKFold,ElasticNet,P_kbar,opx_liq,raw,380,2.0000000298022997,2.0000000298022997,-3.649042107655829,shallow_crustal,arc_silicic
ClusterKFold,ElasticNet,P_kbar,opx_liq,raw,381,0.97999997437,0.97999997437,-3.4537492806540566,shallow_crustal,arc_silicic
ClusterKFold,ElasticNet,P_kbar,opx_liq,raw,382,2.9199999570847,2.9199999570847,-0.9075431542068539,shallow_crustal,arc_silicic
ClusterKFold,ElasticNet,P_kbar,opx_liq,raw,383,1.0000000149012,1.0000000149012,-5.739715403774143,shallow_crustal,arc_silicic
ClusterKFold,ElasticNet,P_kbar,opx_liq,raw,384,1.5000000596046001,1.5000000596046001,-4.562550235748946,shallow_crustal,arc_silicic
ClusterKFold,ElasticNet,P_kbar,opx_liq,raw,385,2.1170000731945,2.1170000731945,-2.2690935352177846,shallow_crustal,arc_silicic
ClusterKFold,ElasticNet,P_kbar,opx_liq,raw,386,0.93800000846386,0.93800000846386,-2.7723938742993255,shallow_crustal,arc_silicic
ClusterKFold,ElasticNet,P_kbar,opx_liq,raw,387,1.1720000207424,1.1720000207424,-2.164769844472307,shallow_crustal,arc_silicic
ClusterKFold,ElasticNet,P_kbar,opx_liq,raw,388,10.0,10.0,19.613463681207822,deep_crustal_MASH,arc_silicic
ClusterKFold,ElasticNet,P_kbar,opx_liq,raw,389,10.0,10.0,20.357091983241364,deep_crustal_MASH,arc_silicic
ClusterKFold,ElasticNet,P_kbar,opx_liq,raw,390,20.0,20.0,17.417184715283454,lithospheric_mantle,arc_silicic
ClusterKFold,ElasticNet,P_kbar,opx_liq,raw,391,20.0,20.0,23.9767866252634,lithospheric_mantle,arc_silicic
ClusterKFold,ElasticNet,P_kbar,opx_liq,raw,392,20.0,20.0,23.047451010102566,lithospheric_mantle,arc_silicic
ClusterKFold,ElasticNet,P_kbar,opx_liq,raw,393,0.001,0.001,4.7518133346178235,shallow_crustal,partitioning
ClusterKFold,ElasticNet,P_kbar,opx_liq,raw,394,0.001,0.001,5.703518515653492,shallow_crustal,partitioning
ClusterKFold,ElasticNet,P_kbar,opx_liq,raw,395,0.001,0.001,5.806912254229889,shallow_crustal,partitioning
ClusterKFold,ElasticNet,P_kbar,opx_liq,raw,396,0.001,0.001,5.50548979150812,shallow_crustal,partitioning
ClusterKFold,ElasticNet,P_kbar,opx_liq,raw,397,0.001,0.001,5.349974897184293,shallow_crustal,partitioning
ClusterKFold,ElasticNet,P_kbar,opx_liq,raw,398,0.001,0.001,5.891814940937198,shallow_crustal,partitioning
ClusterKFold,ElasticNet,P_kbar,opx_liq,raw,399,0.001,0.001,6.4724919952406434,shallow_crustal,partitioning
ClusterKFold,ElasticNet,P_kbar,opx_liq,raw,400,0.001,0.001,9.772945557857383,shallow_crustal,partitioning
ClusterKFold,ElasticNet,P_kbar,opx_liq,raw,401,0.001,0.001,9.421440584358102,shallow_crustal,partitioning
ClusterKFold,ElasticNet,P_kbar,opx_liq,raw,402,0.001,0.001,8.64816303392616,shallow_crustal,partitioning
ClusterKFold,ElasticNet,P_kbar,opx_liq,raw,403,0.001,0.001,9.339588182086096,shallow_crustal,partitioning
ClusterKFold,ElasticNet,P_kbar,opx_liq,raw,404,0.001,0.001,9.55295228902008,shallow_crustal,partitioning
ClusterKFold,ElasticNet,P_kbar,opx_liq,raw,405,0.001,0.001,-0.4637823952665716,shallow_crustal,partitioning
ClusterKFold,ElasticNet,P_kbar,opx_liq,raw,406,0.001,0.001,0.3226067277826168,shallow_crustal,partitioning
ClusterKFold,ElasticNet,P_kbar,opx_liq,raw,407,0.001,0.001,1.418650619302193,shallow_crustal,partitioning
ClusterKFold,ElasticNet,P_kbar,opx_liq,raw,408,0.001,0.001,1.0435395520836988,shallow_crustal,partitioning
ClusterKFold,ElasticNet,P_kbar,opx_liq,raw,409,0.001,0.001,-1.330477343439819,shallow_crustal,partitioning
ClusterKFold,ElasticNet,P_kbar,opx_liq,raw,410,0.001,0.001,-0.014920057661555575,shallow_crustal,partitioning
ClusterKFold,ElasticNet,P_kbar,opx_liq,raw,411,0.001,0.001,0.8917368720392478,shallow_crustal,partitioning
ClusterKFold,ElasticNet,P_kbar,opx_liq,raw,412,0.001,0.001,-0.21330979693096452,shallow_crustal,partitioning
ClusterKFold,ElasticNet,P_kbar,opx_liq,raw,413,0.001,0.001,-0.9336816119659179,shallow_crustal,partitioning
ClusterKFold,ElasticNet,P_kbar,opx_liq,raw,414,0.001,0.001,-0.07938227223871053,shallow_crustal,partitioning
ClusterKFold,ElasticNet,P_kbar,opx_liq,raw,415,10.0,10.0,15.064118942443315,deep_crustal_MASH,mantle_melting
ClusterKFold,ElasticNet,P_kbar,opx_liq,raw,416,10.0,10.0,14.674918707213777,deep_crustal_MASH,mantle_melting
ClusterKFold,ElasticNet,P_kbar,opx_liq,raw,417,10.0,10.0,19.719417416038667,deep_crustal_MASH,mantle_melting
ClusterKFold,ElasticNet,P_kbar,opx_liq,raw,418,10.0,10.0,19.33197900269345,deep_crustal_MASH,mantle_melting
ClusterKFold,ElasticNet,P_kbar,opx_liq,raw,419,10.0,10.0,17.782859794699874,deep_crustal_MASH,mantle_melting
ClusterKFold,ElasticNet,P_kbar,opx_liq,raw,420,10.0,10.0,12.819653107242107,deep_crustal_MASH,mantle_melting
ClusterKFold,ElasticNet,P_kbar,opx_liq,raw,421,10.0,10.0,12.694626535354073,deep_crustal_MASH,mantle_melting
ClusterKFold,ElasticNet,P_kbar,opx_liq,raw,422,10.0,10.0,10.181535005104141,deep_crustal_MASH,mantle_melting
ClusterKFold,ElasticNet,P_kbar,opx_liq,raw,423,10.0,10.0,12.720754354903098,deep_crustal_MASH,mantle_melting
ClusterKFold,ElasticNet,P_kbar,opx_liq,raw,424,10.0,10.0,15.311213500343023,deep_crustal_MASH,mantle_melting
ClusterKFold,ElasticNet,P_kbar,opx_liq,raw,425,50.0,50.0,27.534826496625477,deeper_mantle,partitioning
ClusterKFold,ElasticNet,P_kbar,opx_liq,raw,426,5.0199997425079,5.0199997425079,4.981960480219495,deep_crustal_MASH,basalt
ClusterKFold,ElasticNet,P_kbar,opx_liq,raw,427,5.0199997425079,5.0199997425079,6.088357889822082,deep_crustal_MASH,basalt
ClusterKFold,ElasticNet,P_kbar,opx_liq,raw,428,5.0169998407364,5.0169998407364,10.906597704072468,deep_crustal_MASH,basalt
ClusterKFold,ElasticNet,P_kbar,opx_liq,raw,429,10.0,10.0,22.780141009072963,deep_crustal_MASH,arc_silicic
ClusterKFold,ElasticNet,P_kbar,opx_liq,raw,430,15.0,15.0,14.841086272338313,lithospheric_mantle,arc_silicic
ClusterKFold,ElasticNet,P_kbar,opx_liq,raw,431,17.5,17.5,21.351279810453192,lithospheric_mantle,arc_silicic
ClusterKFold,ElasticNet,P_kbar,opx_liq,raw,432,46.9999990463255,46.9999990463255,23.13244086678344,deeper_mantle,other
ClusterKFold,ElasticNet,P_kbar,opx_liq,raw,433,10.0,10.0,13.382472412904237,deep_crustal_MASH,mantle_melting
ClusterKFold,ElasticNet,P_kbar,opx_liq,raw,434,17.5,17.5,23.74447911310193,lithospheric_mantle,arc_silicic
ClusterKFold,ElasticNet,P_kbar,opx_liq,raw,435,27.75024994039535,27.75024994039535,21.43538541940223,lithospheric_mantle,other
ClusterKFold,ElasticNet,P_kbar,opx_liq,raw,436,12.5,12.5,21.391498694631558,deep_crustal_MASH,arc_silicic
ClusterKFold,ElasticNet,P_kbar,opx_liq,raw,437,15.0,15.0,9.38519365925462,lithospheric_mantle,mantle_melting
ClusterKFold,ElasticNet,P_kbar,opx_liq,raw,438,50.0,50.0,28.577990201615805,deeper_mantle,other
ClusterKFold,ElasticNet,P_kbar,opx_liq,raw,439,12.999999523163,12.999999523163,26.13630952234856,deep_crustal_MASH,arc_silicic
ClusterKFold,ElasticNet,P_kbar,opx_liq,raw,440,10.0,10.0,9.454795976340135,deep_crustal_MASH,mantle_melting
ClusterKFold,ElasticNet,P_kbar,opx_liq,raw,441,15.0,15.0,26.507658416730564,lithospheric_mantle,arc_silicic
ClusterKFold,ElasticNet,P_kbar,opx_liq,raw,442,50.0,50.0,28.800755315668,deeper_mantle,other
ClusterKFold,ElasticNet,P_kbar,opx_liq,raw,443,15.0,15.0,22.959083618707563,lithospheric_mantle,arc_silicic
ClusterKFold,ElasticNet,P_kbar,opx_liq,raw,444,10.0,10.0,10.856044340307646,deep_crustal_MASH,mantle_melting
ClusterKFold,ElasticNet,P_kbar,opx_liq,raw,445,17.5,17.5,27.52304527191862,lithospheric_mantle,arc_silicic
ClusterKFold,ElasticNet,P_kbar,opx_liq,raw,446,10.0,10.0,9.188337085602162,deep_crustal_MASH,mantle_melting
ClusterKFold,ElasticNet,P_kbar,opx_liq,raw,447,10.0,10.0,10.050712634176683,deep_crustal_MASH,mantle_melting
ClusterKFold,ElasticNet,P_kbar,opx_liq,raw,448,10.0,10.0,14.909362738195606,deep_crustal_MASH,mantle_melting
ClusterKFold,ElasticNet,P_kbar,opx_liq,raw,449,12.000000476837,12.000000476837,21.196512089252302,deep_crustal_MASH,arc_silicic
ClusterKFold,ElasticNet,P_kbar,opx_liq,raw,450,22.999999523163,22.999999523163,3.2632127127439716,lithospheric_mantle,basalt
ClusterKFold,ElasticNet,P_kbar,opx_liq,raw,451,15.0,15.0,7.334649705218398,lithospheric_mantle,mantle_melting
ClusterKFold,ElasticNet,P_kbar,opx_liq,raw,452,18.999999761580998,18.999999761580998,25.671445494501626,lithospheric_mantle,arc_silicic
ClusterKFold,ElasticNet,P_kbar,opx_liq,raw,453,0.00099999997473788,0.00099999997473788,-0.05509225886775049,shallow_crustal,basalt
ClusterKFold,ElasticNet,P_kbar,opx_liq,raw,454,2.0000000298022997,2.0000000298022997,-5.893182822371569,shallow_crustal,basalt
ClusterKFold,ElasticNet,P_kbar,opx_liq,raw,455,0.00099999997473788,0.00099999997473788,2.957018979469325,shallow_crustal,basalt
ClusterKFold,ElasticNet,P_kbar,opx_liq,raw,456,2.0000000298022997,2.0000000298022997,-1.4279702492984345,shallow_crustal,basalt
ClusterKFold,ElasticNet,P_kbar,opx_liq,raw,457,2.0000000298022997,2.0000000298022997,-4.445885053499927,shallow_crustal,basalt
ClusterKFold,ElasticNet,P_kbar,opx_liq,raw,458,0.00099999997473788,0.00099999997473788,0.6368083656069228,shallow_crustal,basalt
ClusterKFold,ElasticNet,P_kbar,opx_liq,raw,459,0.00099999997473788,0.00099999997473788,4.070341973017882,shallow_crustal,basalt
ClusterKFold,ElasticNet,P_kbar,opx_liq,raw,460,0.00099999997473788,0.00099999997473788,3.1483489625142997,shallow_crustal,basalt
ClusterKFold,ElasticNet,P_kbar,opx_liq,raw,461,0.00099999997473788,0.00099999997473788,1.6510011404726885,shallow_crustal,basalt
ClusterKFold,ElasticNet,P_kbar,opx_liq,raw,462,0.001,0.001,1.6747363859791538,shallow_crustal,partitioning
ClusterKFold,ElasticNet,P_kbar,opx_liq,raw,463,0.001,0.001,0.8776938806385122,shallow_crustal,partitioning
ClusterKFold,ElasticNet,P_kbar,opx_liq,raw,464,0.001,0.001,5.834169307654967,shallow_crustal,partitioning
ClusterKFold,ElasticNet,P_kbar,opx_liq,raw,465,0.001,0.001,5.1794949816850515,shallow_crustal,partitioning
ClusterKFold,ElasticNet,P_kbar,opx_liq,raw,466,0.001,0.001,0.9141314922563843,shallow_crustal,partitioning
ClusterKFold,ElasticNet,P_kbar,opx_liq,raw,467,0.001,0.001,2.1862452322219994,shallow_crustal,partitioning
ClusterKFold,ElasticNet,P_kbar,opx_liq,raw,468,0.001,0.001,0.4532260581798866,shallow_crustal,partitioning
ClusterKFold,ElasticNet,P_kbar,opx_liq,raw,469,0.001,0.001,1.2362723692845243,shallow_crustal,partitioning
ClusterKFold,ElasticNet,P_kbar,opx_liq,raw,470,0.001,0.001,2.037183295182098,shallow_crustal,partitioning
ClusterKFold,ElasticNet,P_kbar,opx_liq,raw,471,0.001,0.001,2.3350649041525333,shallow_crustal,partitioning
ClusterKFold,ElasticNet,P_kbar,opx_liq,raw,472,0.001,0.001,2.834158976300168,shallow_crustal,partitioning
ClusterKFold,ElasticNet,P_kbar,opx_liq,raw,473,0.001,0.001,4.111729603568028,shallow_crustal,partitioning
ClusterKFold,ElasticNet,P_kbar,opx_liq,raw,474,0.001,0.001,1.661959113535378,shallow_crustal,partitioning
ClusterKFold,ElasticNet,P_kbar,opx_liq,raw,475,0.001,0.001,1.0971681427130093,shallow_crustal,partitioning
ClusterKFold,ElasticNet,P_kbar,opx_liq,raw,476,0.001,0.001,3.717996077670371,shallow_crustal,partitioning
ClusterKFold,ElasticNet,P_kbar,opx_liq,raw,477,0.001,0.001,4.992996578914791,shallow_crustal,partitioning
ClusterKFold,ElasticNet,P_kbar,opx_liq,raw,478,0.001,0.001,5.016288500738997,shallow_crustal,partitioning
ClusterKFold,ElasticNet,P_kbar,opx_liq,raw,479,0.001,0.001,4.044458193391929,shallow_crustal,partitioning
ClusterKFold,ElasticNet,P_kbar,opx_liq,raw,480,0.001,0.001,1.7318457091992716,shallow_crustal,partitioning
ClusterKFold,ElasticNet,P_kbar,opx_liq,raw,481,0.001,0.001,3.7600336954225373,shallow_crustal,partitioning
ClusterKFold,ElasticNet,P_kbar,opx_liq,raw,482,0.001,0.001,4.245720030112343,shallow_crustal,partitioning
ClusterKFold,ElasticNet,P_kbar,opx_liq,raw,483,0.001,0.001,2.0726745249036345,shallow_crustal,partitioning
ClusterKFold,ElasticNet,P_kbar,opx_liq,raw,484,15.0,15.0,9.495182299054921,lithospheric_mantle,basalt
ClusterKFold,ElasticNet,P_kbar,opx_liq,raw,485,0.001,0.001,1.9141583617313653,shallow_crustal,partitioning
ClusterKFold,ElasticNet,P_kbar,opx_liq,raw,486,0.001,0.001,1.3758498965047004,shallow_crustal,partitioning
ClusterKFold,ElasticNet,P_kbar,opx_liq,raw,487,0.001,0.001,2.883220308336778,shallow_crustal,partitioning
ClusterKFold,ElasticNet,P_kbar,opx_liq,raw,488,0.001,0.001,-0.3649402929533814,shallow_crustal,partitioning
ClusterKFold,ElasticNet,P_kbar,opx_liq,raw,489,0.001,0.001,1.229050633899858,shallow_crustal,partitioning
ClusterKFold,ElasticNet,P_kbar,opx_liq,raw,490,0.001,0.001,3.2040197552464527,shallow_crustal,partitioning
ClusterKFold,ElasticNet,P_kbar,opx_liq,raw,491,0.001,0.001,1.22865357443961,shallow_crustal,partitioning
ClusterKFold,ElasticNet,P_kbar,opx_liq,raw,492,0.001,0.001,4.4341467549814055,shallow_crustal,partitioning
ClusterKFold,ElasticNet,P_kbar,opx_liq,raw,493,0.001,0.001,-1.1164352771321067,shallow_crustal,partitioning
ClusterKFold,ElasticNet,P_kbar,opx_liq,raw,494,0.001,0.001,0.9977099010723567,shallow_crustal,partitioning
ClusterKFold,ElasticNet,P_kbar,opx_liq,raw,495,0.001,0.001,-1.093427609579459,shallow_crustal,partitioning
ClusterKFold,ElasticNet,P_kbar,opx_liq,raw,496,0.001,0.001,1.748441670370326,shallow_crustal,partitioning
ClusterKFold,ElasticNet,P_kbar,opx_liq,raw,497,12.000000476837,12.000000476837,24.70374673914537,deep_crustal_MASH,MORB
ClusterKFold,ElasticNet,P_kbar,opx_liq,raw,498,12.000000476837,12.000000476837,24.45274401614972,deep_crustal_MASH,MORB
ClusterKFold,ElasticNet,P_kbar,opx_liq,raw,499,8.0000001192093,8.0000001192093,-0.7371087130903184,deep_crustal_MASH,basalt
ClusterKFold,ElasticNet,P_kbar,opx_liq,raw,500,12.000000476837,12.000000476837,19.754452562317688,deep_crustal_MASH,MORB
ClusterKFold,ElasticNet,P_kbar,opx_liq,raw,501,12.000000476837,12.000000476837,27.237470447264315,deep_crustal_MASH,MORB
ClusterKFold,ElasticNet,P_kbar,opx_liq,raw,502,12.000000476837,12.000000476837,28.437695333605816,deep_crustal_MASH,MORB
ClusterKFold,ElasticNet,P_kbar,opx_liq,raw,503,12.000000476837,12.000000476837,25.19287627243343,deep_crustal_MASH,MORB
ClusterKFold,ElasticNet,P_kbar,opx_liq,raw,504,13.999999761580998,13.999999761580998,23.726891456230902,deep_crustal_MASH,other
ClusterKFold,ElasticNet,P_kbar,opx_liq,raw,505,16.000000238419002,16.000000238419002,18.712529648112202,lithospheric_mantle,other
ClusterKFold,ElasticNet,P_kbar,opx_liq,raw,506,20.0,20.0,23.849303660777103,lithospheric_mantle,other
ClusterKFold,ElasticNet,P_kbar,opx_liq,raw,507,20.0,20.0,24.629172725385576,lithospheric_mantle,other
ClusterKFold,ElasticNet,P_kbar,opx_liq,raw,508,17.999999523162998,17.999999523162998,24.60675342262467,lithospheric_mantle,other
ClusterKFold,ElasticNet,P_kbar,opx_liq,raw,509,17.999999523162998,17.999999523162998,21.72213072553499,lithospheric_mantle,other
ClusterKFold,ElasticNet,P_kbar,opx_liq,raw,510,17.000000476837002,17.000000476837002,14.955952796399606,lithospheric_mantle,other
ClusterKFold,ElasticNet,P_kbar,opx_liq,raw,511,22.000000476837,22.000000476837,21.0438568308311,lithospheric_mantle,mantle_melting
ClusterKFold,ElasticNet,P_kbar,opx_liq,raw,512,22.000000476837,22.000000476837,21.460002628130844,lithospheric_mantle,mantle_melting
ClusterKFold,ElasticNet,P_kbar,opx_liq,raw,513,15.0,15.0,16.232852782849907,lithospheric_mantle,mantle_melting
ClusterKFold,ElasticNet,P_kbar,opx_liq,raw,514,12.0,12.0,26.53727478128657,deep_crustal_MASH,mantle_melting
ClusterKFold,ElasticNet,P_kbar,opx_liq,raw,515,12.0,12.0,24.037058277361904,deep_crustal_MASH,mantle_melting
ClusterKFold,ElasticNet,P_kbar,opx_liq,raw,516,25.0,25.0,35.72187836144069,lithospheric_mantle,mantle_melting
ClusterKFold,ElasticNet,P_kbar,opx_liq,raw,517,12.0,12.0,19.997779130414372,deep_crustal_MASH,mantle_melting
ClusterKFold,ElasticNet,P_kbar,opx_liq,raw,518,12.0,12.0,19.679920235605127,deep_crustal_MASH,mantle_melting
ClusterKFold,ElasticNet,P_kbar,opx_liq,raw,519,8.0,8.0,14.117674792180924,deep_crustal_MASH,mantle_melting
ClusterKFold,ElasticNet,P_kbar,opx_liq,raw,520,12.0,12.0,16.98497148992302,deep_crustal_MASH,mantle_melting
ClusterKFold,ElasticNet,P_kbar,opx_liq,raw,521,16.0,16.0,17.261136427682736,lithospheric_mantle,mantle_melting
ClusterKFold,ElasticNet,P_kbar,opx_liq,raw,522,12.0,12.0,18.573975415221277,deep_crustal_MASH,mantle_melting
ClusterKFold,ElasticNet,P_kbar,opx_liq,raw,523,17.999999523162998,17.999999523162998,27.16587613869352,lithospheric_mantle,other
ClusterKFold,ElasticNet,P_kbar,opx_liq,raw,524,17.999999523162998,17.999999523162998,28.342261883122788,lithospheric_mantle,other
ClusterKFold,ElasticNet,P_kbar,opx_liq,raw,525,20.0,20.0,28.566854125496107,lithospheric_mantle,other
ClusterKFold,ElasticNet,P_kbar,opx_liq,raw,526,20.0,20.0,31.226680541548802,lithospheric_mantle,other
ClusterKFold,ElasticNet,P_kbar,opx_liq,raw,527,20.0,20.0,27.451927743081313,lithospheric_mantle,other
ClusterKFold,ElasticNet,P_kbar,opx_liq,raw,528,20.0,20.0,29.43526172450661,lithospheric_mantle,other
ClusterKFold,ElasticNet,P_kbar,opx_liq,raw,529,20.0,20.0,24.459366014033485,lithospheric_mantle,other
ClusterKFold,ElasticNet,P_kbar,opx_liq,raw,530,16.000000238419002,16.000000238419002,22.461826566059454,lithospheric_mantle,other
ClusterKFold,ElasticNet,P_kbar,opx_liq,raw,531,16.000000238419002,16.000000238419002,24.64100777176806,lithospheric_mantle,other
ClusterKFold,ElasticNet,P_kbar,opx_liq,raw,532,12.0,12.0,19.432828738183648,deep_crustal_MASH,mantle_melting
ClusterKFold,ElasticNet,P_kbar,opx_liq,raw,533,12.0,12.0,18.97050669330041,deep_crustal_MASH,mantle_melting
ClusterKFold,ElasticNet,P_kbar,opx_liq,raw,534,12.0,12.0,25.649159983731728,deep_crustal_MASH,mantle_melting
ClusterKFold,ElasticNet,P_kbar,opx_liq,raw,535,12.0,12.0,16.7131813105388,deep_crustal_MASH,mantle_melting
ClusterKFold,ElasticNet,P_kbar,opx_liq,raw,536,8.9999997615814,8.9999997615814,7.721371612942738,deep_crustal_MASH,MORB
ClusterKFold,ElasticNet,P_kbar,opx_liq,raw,537,8.9999997615814,8.9999997615814,11.953482119170129,deep_crustal_MASH,MORB
ClusterKFold,ElasticNet,P_kbar,opx_liq,raw,538,12.999999523163,12.999999523163,24.323155275821193,deep_crustal_MASH,MORB
ClusterKFold,ElasticNet,P_kbar,opx_liq,raw,539,8.9999997615814,8.9999997615814,8.610976207953314,deep_crustal_MASH,MORB
ClusterKFold,ElasticNet,P_kbar,opx_liq,raw,540,16.000000238419002,16.000000238419002,26.15212265106411,lithospheric_mantle,MORB
ClusterKFold,ElasticNet,P_kbar,opx_liq,raw,541,11.000000238419002,11.000000238419002,19.749140509338304,deep_crustal_MASH,MORB
ClusterKFold,ElasticNet,P_kbar,opx_liq,raw,542,16.000000238419002,16.000000238419002,30.16353626436321,lithospheric_mantle,MORB
ClusterKFold,ElasticNet,P_kbar,opx_liq,raw,543,16.000000238419002,16.000000238419002,27.103404806157357,lithospheric_mantle,MORB
ClusterKFold,ElasticNet,P_kbar,opx_liq,raw,544,12.999999523163,12.999999523163,25.146918911766235,deep_crustal_MASH,MORB
ClusterKFold,ElasticNet,P_kbar,opx_liq,raw,545,16.000000238419002,16.000000238419002,26.19718477296231,lithospheric_mantle,MORB
ClusterKFold,ElasticNet,P_kbar,opx_liq,raw,546,8.9999997615814,8.9999997615814,8.031235459254038,deep_crustal_MASH,MORB
ClusterKFold,ElasticNet,P_kbar,opx_liq,raw,547,24.000000953674,24.000000953674,36.964791242028944,lithospheric_mantle,MORB
ClusterKFold,ElasticNet,P_kbar,opx_liq,raw,548,24.000000953674,24.000000953674,34.821044489947425,lithospheric_mantle,MORB
ClusterKFold,ElasticNet,P_kbar,opx_liq,raw,549,13.0,13.0,23.933509604679863,deep_crustal_MASH,mantle_melting
ClusterKFold,ElasticNet,P_kbar,opx_liq,raw,550,15.0,15.0,6.366625736503674,lithospheric_mantle,other
ClusterKFold,ElasticNet,P_kbar,opx_liq,raw,551,20.0,20.0,3.663035132692567,lithospheric_mantle,other
ClusterKFold,ElasticNet,P_kbar,opx_liq,raw,552,15.0,15.0,4.558984622505676,lithospheric_mantle,other
ClusterKFold,ElasticNet,P_kbar,opx_liq,raw,553,10.0,10.0,10.85482486032875,deep_crustal_MASH,mantle_melting
ClusterKFold,ElasticNet,P_kbar,opx_liq,raw,554,10.0,10.0,11.002084572233032,deep_crustal_MASH,mantle_melting
ClusterKFold,ElasticNet,P_kbar,opx_liq,raw,555,10.0,10.0,9.209892543444798,deep_crustal_MASH,mantle_melting
ClusterKFold,ElasticNet,P_kbar,opx_liq,raw,556,10.0,10.0,9.171828066755957,deep_crustal_MASH,mantle_melting
ClusterKFold,ElasticNet,P_kbar,opx_liq,raw,557,10.0,10.0,8.42096902698552,deep_crustal_MASH,mantle_melting
ClusterKFold,ElasticNet,P_kbar,opx_liq,raw,558,10.0,10.0,7.270924658841814,deep_crustal_MASH,mantle_melting
ClusterKFold,ElasticNet,P_kbar,opx_liq,raw,559,10.0,10.0,10.318321185327939,deep_crustal_MASH,mantle_melting
ClusterKFold,ElasticNet,P_kbar,opx_liq,raw,560,10.0,10.0,12.115049629871065,deep_crustal_MASH,mantle_melting
ClusterKFold,ElasticNet,P_kbar,opx_liq,raw,561,10.0,10.0,13.42242714390556,deep_crustal_MASH,mantle_melting
ClusterKFold,ElasticNet,P_kbar,opx_liq,raw,562,10.0,10.0,11.469210549808697,deep_crustal_MASH,mantle_melting
ClusterKFold,ElasticNet,P_kbar,opx_liq,raw,563,30.0,30.0,18.355724081410077,deeper_mantle,other
ClusterKFold,ElasticNet,P_kbar,opx_liq,raw,564,30.0,30.0,14.152924215416558,deeper_mantle,other
ClusterKFold,ElasticNet,P_kbar,opx_liq,raw,565,30.0,30.0,14.734269207182054,deeper_mantle,other
ClusterKFold,ElasticNet,P_kbar,opx_liq,raw,566,30.0,30.0,17.927864504410067,deeper_mantle,other
ClusterKFold,ElasticNet,P_kbar,opx_liq,raw,567,30.0,30.0,16.30438726171321,deeper_mantle,other
ClusterKFold,ElasticNet,P_kbar,opx_liq,raw,568,10.0,10.0,12.022304087627948,deep_crustal_MASH,mantle_melting
ClusterKFold,ElasticNet,P_kbar,opx_liq,raw,569,10.0,10.0,10.952933240976055,deep_crustal_MASH,mantle_melting
ClusterKFold,ElasticNet,P_kbar,opx_liq,raw,570,12.999999523163,12.999999523163,15.803833310753081,deep_crustal_MASH,other
ClusterKFold,ElasticNet,P_kbar,opx_liq,raw,571,12.999999523163,12.999999523163,15.71593384185876,deep_crustal_MASH,other
ClusterKFold,ElasticNet,P_kbar,opx_liq,raw,572,12.999999761581499,12.999999761581499,14.23785860064543,deep_crustal_MASH,other
ClusterKFold,ElasticNet,P_kbar,opx_liq,raw,573,12.999999523163,12.999999523163,15.628269064112715,deep_crustal_MASH,other
ClusterKFold,ElasticNet,P_kbar,opx_liq,raw,574,10.0,10.0,13.804102153814025,deep_crustal_MASH,other
ClusterKFold,ElasticNet,P_kbar,opx_liq,raw,575,0.00099999997473788,0.00099999997473788,4.371001859006096,shallow_crustal,other
ClusterKFold,ElasticNet,P_kbar,opx_liq,raw,576,6.999999880790701,6.999999880790701,8.81511946057547,deep_crustal_MASH,other
ClusterKFold,ElasticNet,P_kbar,opx_liq,raw,577,10.0,10.0,12.100468657458155,deep_crustal_MASH,other
ClusterKFold,ElasticNet,P_kbar,opx_liq,raw,578,10.0,10.0,13.872307016787929,deep_crustal_MASH,other
ClusterKFold,ElasticNet,P_kbar,opx_liq,raw,579,6.999999880790701,6.999999880790701,11.147106297344537,deep_crustal_MASH,other
ClusterKFold,ElasticNet,P_kbar,opx_liq,raw,580,27.999999523163,27.999999523163,30.746614533968433,lithospheric_mantle,MORB
ClusterKFold,ElasticNet,P_kbar,opx_liq,raw,581,27.999999523163,27.999999523163,30.882333391900126,lithospheric_mantle,MORB
ClusterKFold,ElasticNet,P_kbar,opx_liq,raw,582,27.999999523163,27.999999523163,31.681728305943473,lithospheric_mantle,MORB
ClusterKFold,ElasticNet,P_kbar,opx_liq,raw,583,15.0,15.0,5.914830516585646,lithospheric_mantle,mantle_melting
ClusterKFold,ElasticNet,P_kbar,opx_liq,raw,584,15.0,15.0,14.328300835278185,lithospheric_mantle,mantle_melting
ClusterKFold,ElasticNet,P_kbar,opx_liq,raw,585,20.0,20.0,14.001362078394273,lithospheric_mantle,mantle_melting
ClusterKFold,ElasticNet,P_kbar,opx_liq,raw,586,20.0,20.0,11.110992569861454,lithospheric_mantle,mantle_melting
ClusterKFold,ElasticNet,P_kbar,opx_liq,raw,587,15.0,15.0,21.864854751623515,lithospheric_mantle,mantle_melting
ClusterKFold,ElasticNet,P_kbar,opx_liq,raw,588,20.0,20.0,28.708974886860183,lithospheric_mantle,mantle_melting
ClusterKFold,ElasticNet,P_kbar,opx_liq,raw,589,20.0,20.0,10.4663359224953,lithospheric_mantle,mantle_melting
ClusterKFold,ElasticNet,P_kbar,opx_liq,raw,590,15.0,15.0,6.423486547728201,lithospheric_mantle,mantle_melting
ClusterKFold,ElasticNet,P_kbar,opx_liq,raw,591,20.0,20.0,11.517221589373001,lithospheric_mantle,mantle_melting
ClusterKFold,ElasticNet,P_kbar,opx_liq,raw,592,20.0,20.0,27.54886662084779,lithospheric_mantle,mantle_melting
ClusterKFold,ElasticNet,P_kbar,opx_liq,raw,593,20.0,20.0,11.459548720185984,lithospheric_mantle,mantle_melting
ClusterKFold,ElasticNet,P_kbar,opx_liq,raw,594,20.0,20.0,31.714572825683703,lithospheric_mantle,mantle_melting
ClusterKFold,ElasticNet,P_kbar,opx_liq,raw,595,15.0,15.0,15.406025741358658,lithospheric_mantle,mantle_melting
ClusterKFold,ElasticNet,P_kbar,opx_liq,raw,596,20.0,20.0,26.530548017976237,lithospheric_mantle,mantle_melting
ClusterKFold,ElasticNet,P_kbar,opx_liq,raw,597,0.001,0.001,2.0740451418206494,shallow_crustal,other
ClusterKFold,ElasticNet,P_kbar,opx_liq,raw,598,0.001,0.001,1.7411411689427965,shallow_crustal,other
ClusterKFold,ElasticNet,P_kbar,opx_liq,raw,599,0.001,0.001,-0.5759708099393368,shallow_crustal,other
TargetBinKFold,ElasticNet,P_kbar,opx_liq,raw,0,12.496285693092789,12.496285693092789,2.031521718592085,deep_crustal_MASH,other
TargetBinKFold,ElasticNet,P_kbar,opx_liq,raw,1,4.9849998950958,4.9849998950958,8.113781350089223,shallow_crustal,basalt
TargetBinKFold,ElasticNet,P_kbar,opx_liq,raw,2,0.001,0.001,13.277396039177653,shallow_crustal,other
TargetBinKFold,ElasticNet,P_kbar,opx_liq,raw,3,0.001,0.001,12.385299994011435,shallow_crustal,other
TargetBinKFold,ElasticNet,P_kbar,opx_liq,raw,4,3.0000001192093,3.0000001192093,10.318671176502395,shallow_crustal,metamorphic
TargetBinKFold,ElasticNet,P_kbar,opx_liq,raw,5,5.0,5.0,0.976098815410074,deep_crustal_MASH,metamorphic
TargetBinKFold,ElasticNet,P_kbar,opx_liq,raw,6,3.0000001192093,3.0000001192093,18.21146664658828,shallow_crustal,metamorphic
TargetBinKFold,ElasticNet,P_kbar,opx_liq,raw,7,1.0000000149012,1.0000000149012,6.590019635982889,shallow_crustal,arc_silicic
TargetBinKFold,ElasticNet,P_kbar,opx_liq,raw,8,1.0000000149012,1.0000000149012,12.309568957830447,shallow_crustal,arc_silicic
TargetBinKFold,ElasticNet,P_kbar,opx_liq,raw,9,11.00000001490115,11.00000001490115,1.1647092913944412,deep_crustal_MASH,other
TargetBinKFold,ElasticNet,P_kbar,opx_liq,raw,10,6.100000236183325,6.100000236183325,17.704448214020324,deep_crustal_MASH,other
TargetBinKFold,ElasticNet,P_kbar,opx_liq,raw,11,4.8249998688698,4.8249998688698,5.906309262867307,shallow_crustal,basalt
TargetBinKFold,ElasticNet,P_kbar,opx_liq,raw,12,2.0000000298022997,2.0000000298022997,8.633482875931573,shallow_crustal,other
TargetBinKFold,ElasticNet,P_kbar,opx_liq,raw,13,0.001,0.001,13.313659786445909,shallow_crustal,other
TargetBinKFold,ElasticNet,P_kbar,opx_liq,raw,14,11.02628122898306,11.02628122898306,18.19891721714638,deep_crustal_MASH,other
TargetBinKFold,ElasticNet,P_kbar,opx_liq,raw,15,35.66666682561233,35.66666682561233,15.87109346369887,deeper_mantle,other
TargetBinKFold,ElasticNet,P_kbar,opx_liq,raw,16,0.001,0.001,14.35523445713043,shallow_crustal,other
TargetBinKFold,ElasticNet,P_kbar,opx_liq,raw,17,5.0,5.0,8.763207329576776,deep_crustal_MASH,other
TargetBinKFold,ElasticNet,P_kbar,opx_liq,raw,18,11.119025624851448,11.119025624851448,9.243584924553534,deep_crustal_MASH,other
TargetBinKFold,ElasticNet,P_kbar,opx_liq,raw,19,8.78518178494235,8.78518178494235,12.933677667438593,deep_crustal_MASH,mantle_melting
TargetBinKFold,ElasticNet,P_kbar,opx_liq,raw,20,9.275884610137489,9.275884610137489,-8.491167567396387,deep_crustal_MASH,mantle_melting
TargetBinKFold,ElasticNet,P_kbar,opx_liq,raw,21,10.399999991059305,10.399999991059305,19.315150919460976,deep_crustal_MASH,basalt
TargetBinKFold,ElasticNet,P_kbar,opx_liq,raw,22,15.0,15.0,18.443917710641188,lithospheric_mantle,mantle_melting
TargetBinKFold,ElasticNet,P_kbar,opx_liq,raw,23,12.28362969507237,12.28362969507237,10.33411059251345,deep_crustal_MASH,mantle_melting
TargetBinKFold,ElasticNet,P_kbar,opx_liq,raw,24,10.0,10.0,13.08935391410856,deep_crustal_MASH,basalt
TargetBinKFold,ElasticNet,P_kbar,opx_liq,raw,25,0.00099999997473788,0.00099999997473788,18.894563454783373,shallow_crustal,basalt
TargetBinKFold,ElasticNet,P_kbar,opx_liq,raw,26,12.56707144985703,12.56707144985703,10.048853627471264,deep_crustal_MASH,mantle_melting
TargetBinKFold,ElasticNet,P_kbar,opx_liq,raw,27,8.086285725460572,8.086285725460572,9.06333113514204,deep_crustal_MASH,basalt
TargetBinKFold,ElasticNet,P_kbar,opx_liq,raw,28,7.659611106178159,7.659611106178159,-11.905945227757742,deep_crustal_MASH,basalt
TargetBinKFold,ElasticNet,P_kbar,opx_liq,raw,29,20.0,20.0,21.056654362236173,lithospheric_mantle,partitioning
TargetBinKFold,ElasticNet,P_kbar,opx_liq,raw,30,5.0,5.0,-4.95208532194358,deep_crustal_MASH,metamorphic
TargetBinKFold,ElasticNet,P_kbar,opx_liq,raw,31,10.0,10.0,7.808194886544385,deep_crustal_MASH,basalt
TargetBinKFold,ElasticNet,P_kbar,opx_liq,raw,32,30.0,30.0,22.275479811251714,deeper_mantle,mantle_melting
TargetBinKFold,ElasticNet,P_kbar,opx_liq,raw,33,30.0,30.0,17.407159282115696,deeper_mantle,mantle_melting
TargetBinKFold,ElasticNet,P_kbar,opx_liq,raw,34,7.195500025760334,7.195500025760334,2.066996267000789,deep_crustal_MASH,basalt
TargetBinKFold,ElasticNet,P_kbar,opx_liq,raw,35,5.369384613849325,5.369384613849325,7.319103886663167,deep_crustal_MASH,arc_silicic
TargetBinKFold,ElasticNet,P_kbar,opx_liq,raw,36,30.0,30.0,23.35918341553674,deeper_mantle,partitioning
TargetBinKFold,ElasticNet,P_kbar,opx_liq,raw,37,20.0,20.0,24.029965655983826,lithospheric_mantle,basalt
TargetBinKFold,ElasticNet,P_kbar,opx_liq,raw,38,40.0,40.0,22.669114007034022,deeper_mantle,mantle_melting
TargetBinKFold,ElasticNet,P_kbar,opx_liq,raw,39,40.0,40.0,26.51157653832091,deeper_mantle,mantle_melting
TargetBinKFold,ElasticNet,P_kbar,opx_liq,raw,40,45.0,45.0,27.441983125000107,deeper_mantle,mantle_melting
TargetBinKFold,ElasticNet,P_kbar,opx_liq,raw,41,6.469000022348593,6.469000022348593,-1.8418733619891796,deep_crustal_MASH,mantle_melting
TargetBinKFold,ElasticNet,P_kbar,opx_liq,raw,42,7.022909071941695,7.022909071941695,1.0915879796114663,deep_crustal_MASH,mantle_melting
TargetBinKFold,ElasticNet,P_kbar,opx_liq,raw,43,10.0,10.0,6.3166978366562585,deep_crustal_MASH,MORB
TargetBinKFold,ElasticNet,P_kbar,opx_liq,raw,44,10.0,10.0,6.6280270014844715,deep_crustal_MASH,MORB
TargetBinKFold,ElasticNet,P_kbar,opx_liq,raw,45,20.0,20.0,19.522813104949904,lithospheric_mantle,MORB
TargetBinKFold,ElasticNet,P_kbar,opx_liq,raw,46,7.87644445708062,7.87644445708062,-7.084209306667338,deep_crustal_MASH,mantle_melting
TargetBinKFold,ElasticNet,P_kbar,opx_liq,raw,47,9.693111129707756,9.693111129707756,-2.3065894256740123,deep_crustal_MASH,arc_silicic
TargetBinKFold,ElasticNet,P_kbar,opx_liq,raw,48,10.0,10.0,10.000712456036762,deep_crustal_MASH,mantle_melting
TargetBinKFold,ElasticNet,P_kbar,opx_liq,raw,49,15.250125059604626,15.250125059604626,9.192091845211458,lithospheric_mantle,mantle_melting
TargetBinKFold,ElasticNet,P_kbar,opx_liq,raw,50,17.999999952316198,17.999999952316198,18.953816216813085,lithospheric_mantle,mantle_melting
TargetBinKFold,ElasticNet,P_kbar,opx_liq,raw,51,60.0,60.0,26.486048560395815,deeper_mantle,mantle_melting
TargetBinKFold,ElasticNet,P_kbar,opx_liq,raw,52,1.1000000126659748,1.1000000126659748,10.987109469877156,shallow_crustal,other
TargetBinKFold,ElasticNet,P_kbar,opx_liq,raw,53,0.0010132500028703,0.0010132500028703,10.028310200256389,shallow_crustal,basalt
TargetBinKFold,ElasticNet,P_kbar,opx_liq,raw,54,0.0010132500028703,0.0010132500028703,7.186989551699098,shallow_crustal,basalt
TargetBinKFold,ElasticNet,P_kbar,opx_liq,raw,55,0.00099999997473788,0.00099999997473788,7.856049247898561,shallow_crustal,arc_silicic
TargetBinKFold,ElasticNet,P_kbar,opx_liq,raw,56,6.666999999991579,6.666999999991579,13.068295155872978,deep_crustal_MASH,other
TargetBinKFold,ElasticNet,P_kbar,opx_liq,raw,57,7.500499999987369,7.500499999987369,16.89292374770401,deep_crustal_MASH,other
TargetBinKFold,ElasticNet,P_kbar,opx_liq,raw,58,15.0,15.0,17.71165738788038,lithospheric_mantle,other
TargetBinKFold,ElasticNet,P_kbar,opx_liq,raw,59,7.500499999987369,7.500499999987369,17.60482367252441,deep_crustal_MASH,other
TargetBinKFold,ElasticNet,P_kbar,opx_liq,raw,60,15.0,15.0,15.854919695575333,lithospheric_mantle,other
TargetBinKFold,ElasticNet,P_kbar,opx_liq,raw,61,10.0,10.0,11.48168528038676,deep_crustal_MASH,other
TargetBinKFold,ElasticNet,P_kbar,opx_liq,raw,62,10.000333333324912,10.000333333324912,9.854996021071777,deep_crustal_MASH,other
TargetBinKFold,ElasticNet,P_kbar,opx_liq,raw,63,13.500000238418501,13.500000238418501,12.373868423578681,deep_crustal_MASH,other
TargetBinKFold,ElasticNet,P_kbar,opx_liq,raw,64,6.666999999991579,6.666999999991579,10.870795705767454,deep_crustal_MASH,other
TargetBinKFold,ElasticNet,P_kbar,opx_liq,raw,65,20.0,20.0,8.62869751362718,lithospheric_mantle,other
TargetBinKFold,ElasticNet,P_kbar,opx_liq,raw,66,15.0,15.0,17.80923785018058,lithospheric_mantle,basalt
TargetBinKFold,ElasticNet,P_kbar,opx_liq,raw,67,25.0,25.0,22.15859392025243,lithospheric_mantle,basalt
TargetBinKFold,ElasticNet,P_kbar,opx_liq,raw,68,20.0,20.0,17.9183068192921,lithospheric_mantle,basalt
TargetBinKFold,ElasticNet,P_kbar,opx_liq,raw,69,8.0,8.0,17.134196289361434,deep_crustal_MASH,basalt
TargetBinKFold,ElasticNet,P_kbar,opx_liq,raw,70,20.0,20.0,15.789758886355173,lithospheric_mantle,other
TargetBinKFold,ElasticNet,P_kbar,opx_liq,raw,71,21.0,21.0,21.755731113468737,lithospheric_mantle,other
TargetBinKFold,ElasticNet,P_kbar,opx_liq,raw,72,20.0,20.0,23.23551054682528,lithospheric_mantle,other
TargetBinKFold,ElasticNet,P_kbar,opx_liq,raw,73,21.0,21.0,14.177643569584951,lithospheric_mantle,other
TargetBinKFold,ElasticNet,P_kbar,opx_liq,raw,74,27.999999523163,27.999999523163,31.45624870085838,lithospheric_mantle,other
TargetBinKFold,ElasticNet,P_kbar,opx_liq,raw,75,38.9999997615815,38.9999997615815,27.964073009419003,deeper_mantle,other
TargetBinKFold,ElasticNet,P_kbar,opx_liq,raw,76,9.3000000715256,9.3000000715256,8.178444144766583,deep_crustal_MASH,basalt
TargetBinKFold,ElasticNet,P_kbar,opx_liq,raw,77,9.3000000715256,9.3000000715256,11.241817769331863,deep_crustal_MASH,basalt
TargetBinKFold,ElasticNet,P_kbar,opx_liq,raw,78,12.000000476837,12.000000476837,18.67665676004106,deep_crustal_MASH,other
TargetBinKFold,ElasticNet,P_kbar,opx_liq,raw,79,30.0,30.0,20.766488819685158,deeper_mantle,mantle_melting
TargetBinKFold,ElasticNet,P_kbar,opx_liq,raw,80,30.0,30.0,19.931194146311782,deeper_mantle,mantle_melting
TargetBinKFold,ElasticNet,P_kbar,opx_liq,raw,81,30.0,30.0,26.662621175859698,deeper_mantle,mantle_melting
TargetBinKFold,ElasticNet,P_kbar,opx_liq,raw,82,30.0,30.0,23.644317161697423,deeper_mantle,mantle_melting
TargetBinKFold,ElasticNet,P_kbar,opx_liq,raw,83,30.0,30.0,27.556843501499102,deeper_mantle,mantle_melting
TargetBinKFold,ElasticNet,P_kbar,opx_liq,raw,84,30.0,30.0,22.44268963992562,deeper_mantle,mantle_melting
TargetBinKFold,ElasticNet,P_kbar,opx_liq,raw,85,30.0,30.0,26.414742724462975,deeper_mantle,mantle_melting
TargetBinKFold,ElasticNet,P_kbar,opx_liq,raw,86,30.0,30.0,23.166046326527564,deeper_mantle,mantle_melting
TargetBinKFold,ElasticNet,P_kbar,opx_liq,raw,87,30.0,30.0,24.92727650832964,deeper_mantle,mantle_melting
TargetBinKFold,ElasticNet,P_kbar,opx_liq,raw,88,30.0,30.0,22.75828341363373,deeper_mantle,mantle_melting
TargetBinKFold,ElasticNet,P_kbar,opx_liq,raw,89,22.0,22.0,20.90671662379247,lithospheric_mantle,basalt
TargetBinKFold,ElasticNet,P_kbar,opx_liq,raw,90,30.0,30.0,21.42981254398454,deeper_mantle,mantle_melting
TargetBinKFold,ElasticNet,P_kbar,opx_liq,raw,91,30.0,30.0,22.446813899120016,deeper_mantle,basalt
TargetBinKFold,ElasticNet,P_kbar,opx_liq,raw,92,30.0,30.0,24.39002754476645,deeper_mantle,mantle_melting
TargetBinKFold,ElasticNet,P_kbar,opx_liq,raw,93,30.0,30.0,21.342599397484797,deeper_mantle,mantle_melting
TargetBinKFold,ElasticNet,P_kbar,opx_liq,raw,94,25.0,25.0,24.136194867803212,lithospheric_mantle,basalt
TargetBinKFold,ElasticNet,P_kbar,opx_liq,raw,95,20.0,20.0,18.560272189257677,lithospheric_mantle,basalt
TargetBinKFold,ElasticNet,P_kbar,opx_liq,raw,96,8.0,8.0,14.680147646291466,deep_crustal_MASH,basalt
TargetBinKFold,ElasticNet,P_kbar,opx_liq,raw,97,30.0,30.0,20.58000935106211,deeper_mantle,basalt
TargetBinKFold,ElasticNet,P_kbar,opx_liq,raw,98,30.0,30.0,21.923853758926175,deeper_mantle,mantle_melting
TargetBinKFold,ElasticNet,P_kbar,opx_liq,raw,99,30.0,30.0,23.981330035940964,deeper_mantle,mantle_melting
TargetBinKFold,ElasticNet,P_kbar,opx_liq,raw,100,10.0,10.0,-1.8022965739858083,deep_crustal_MASH,metamorphic
TargetBinKFold,ElasticNet,P_kbar,opx_liq,raw,101,10.0,10.0,2.7297736489384334,deep_crustal_MASH,metamorphic
TargetBinKFold,ElasticNet,P_kbar,opx_liq,raw,102,10.0,10.0,-4.613374816194282,deep_crustal_MASH,metamorphic
TargetBinKFold,ElasticNet,P_kbar,opx_liq,raw,103,6.999999880790701,6.999999880790701,2.443107258132466,deep_crustal_MASH,metamorphic
TargetBinKFold,ElasticNet,P_kbar,opx_liq,raw,104,10.0,10.0,-1.9080659105253304,deep_crustal_MASH,metamorphic
TargetBinKFold,ElasticNet,P_kbar,opx_liq,raw,105,15.0,15.0,2.665548264583397,lithospheric_mantle,metamorphic
TargetBinKFold,ElasticNet,P_kbar,opx_liq,raw,106,10.0,10.0,3.3882377271455457,deep_crustal_MASH,metamorphic
TargetBinKFold,ElasticNet,P_kbar,opx_liq,raw,107,6.999999880790701,6.999999880790701,2.3527464586678093,deep_crustal_MASH,metamorphic
TargetBinKFold,ElasticNet,P_kbar,opx_liq,raw,108,6.999999880790701,6.999999880790701,-1.4351147520705396,deep_crustal_MASH,metamorphic
TargetBinKFold,ElasticNet,P_kbar,opx_liq,raw,109,12.5,12.5,2.8889849894912167,deep_crustal_MASH,metamorphic
TargetBinKFold,ElasticNet,P_kbar,opx_liq,raw,110,10.0,10.0,4.2728007545303655,deep_crustal_MASH,metamorphic
TargetBinKFold,ElasticNet,P_kbar,opx_liq,raw,111,10.0,10.0,4.054286570720448,deep_crustal_MASH,metamorphic
TargetBinKFold,ElasticNet,P_kbar,opx_liq,raw,112,6.999999880790701,6.999999880790701,4.175225526003734,deep_crustal_MASH,basalt
TargetBinKFold,ElasticNet,P_kbar,opx_liq,raw,113,5.0,5.0,-4.157224980287195,deep_crustal_MASH,basalt
TargetBinKFold,ElasticNet,P_kbar,opx_liq,raw,114,12.000000476837,12.000000476837,-4.014027101559515,deep_crustal_MASH,basalt
TargetBinKFold,ElasticNet,P_kbar,opx_liq,raw,115,21.800000667572,21.800000667572,23.782452359619555,lithospheric_mantle,other
TargetBinKFold,ElasticNet,P_kbar,opx_liq,raw,116,12.89999961853,12.89999961853,20.505309361454053,deep_crustal_MASH,other
TargetBinKFold,ElasticNet,P_kbar,opx_liq,raw,117,27.999999523163,27.999999523163,16.92208655478507,lithospheric_mantle,other
TargetBinKFold,ElasticNet,P_kbar,opx_liq,raw,118,16.000000238419002,16.000000238419002,18.469129124316012,lithospheric_mantle,mantle_melting
TargetBinKFold,ElasticNet,P_kbar,opx_liq,raw,119,12.000000238418501,12.000000238418501,17.287179656328824,deep_crustal_MASH,mantle_melting
TargetBinKFold,ElasticNet,P_kbar,opx_liq,raw,120,11.000000238418501,11.000000238418501,16.5554649364425,deep_crustal_MASH,mantle_melting
TargetBinKFold,ElasticNet,P_kbar,opx_liq,raw,121,16.000000238419002,16.000000238419002,18.245028433935797,lithospheric_mantle,mantle_melting
TargetBinKFold,ElasticNet,P_kbar,opx_liq,raw,122,12.000000476837,12.000000476837,16.50888945592787,deep_crustal_MASH,mantle_melting
TargetBinKFold,ElasticNet,P_kbar,opx_liq,raw,123,12.000000476837,12.000000476837,18.979515568143466,deep_crustal_MASH,mantle_melting
TargetBinKFold,ElasticNet,P_kbar,opx_liq,raw,124,12.000000476837,12.000000476837,18.461637154812756,deep_crustal_MASH,mantle_melting
TargetBinKFold,ElasticNet,P_kbar,opx_liq,raw,125,12.000000238418501,12.000000238418501,16.73530058752748,deep_crustal_MASH,mantle_melting
TargetBinKFold,ElasticNet,P_kbar,opx_liq,raw,126,12.000000476837,12.000000476837,15.401317392161406,deep_crustal_MASH,mantle_melting
TargetBinKFold,ElasticNet,P_kbar,opx_liq,raw,127,12.000000476837,12.000000476837,16.368943857903794,deep_crustal_MASH,mantle_melting
TargetBinKFold,ElasticNet,P_kbar,opx_liq,raw,128,16.000000238419002,16.000000238419002,19.415565873154563,lithospheric_mantle,mantle_melting
TargetBinKFold,ElasticNet,P_kbar,opx_liq,raw,129,16.000000238419002,16.000000238419002,18.32266791222677,lithospheric_mantle,mantle_melting
TargetBinKFold,ElasticNet,P_kbar,opx_liq,raw,130,20.0,20.0,21.32392518531646,lithospheric_mantle,mantle_melting
TargetBinKFold,ElasticNet,P_kbar,opx_liq,raw,131,16.000000119209503,16.000000119209503,20.112563355361264,lithospheric_mantle,mantle_melting
TargetBinKFold,ElasticNet,P_kbar,opx_liq,raw,132,12.000000476837,12.000000476837,15.671373402012941,deep_crustal_MASH,mantle_melting
TargetBinKFold,ElasticNet,P_kbar,opx_liq,raw,133,12.000000476837,12.000000476837,15.76548525515261,deep_crustal_MASH,mantle_melting
TargetBinKFold,ElasticNet,P_kbar,opx_liq,raw,134,12.000000476837,12.000000476837,15.927500566660076,deep_crustal_MASH,mantle_melting
TargetBinKFold,ElasticNet,P_kbar,opx_liq,raw,135,16.000000119209503,16.000000119209503,19.76676639989345,lithospheric_mantle,mantle_melting
TargetBinKFold,ElasticNet,P_kbar,opx_liq,raw,136,15.0,15.0,17.09455391110078,lithospheric_mantle,basalt
TargetBinKFold,ElasticNet,P_kbar,opx_liq,raw,137,20.0,20.0,21.43537180169933,lithospheric_mantle,mantle_melting
TargetBinKFold,ElasticNet,P_kbar,opx_liq,raw,138,0.0010132500028703,0.0010132500028703,-0.07762774671274819,shallow_crustal,basalt
TargetBinKFold,ElasticNet,P_kbar,opx_liq,raw,139,12.000000476837,12.000000476837,15.137838586140784,deep_crustal_MASH,mantle_melting
TargetBinKFold,ElasticNet,P_kbar,opx_liq,raw,140,12.000000476837,12.000000476837,16.966818161852576,deep_crustal_MASH,mantle_melting
TargetBinKFold,ElasticNet,P_kbar,opx_liq,raw,141,12.0,12.0,16.15020613617578,deep_crustal_MASH,basalt
TargetBinKFold,ElasticNet,P_kbar,opx_liq,raw,142,15.0,15.0,16.96175144010785,lithospheric_mantle,basalt
TargetBinKFold,ElasticNet,P_kbar,opx_liq,raw,143,17.0,17.0,17.118716414424885,lithospheric_mantle,basalt
TargetBinKFold,ElasticNet,P_kbar,opx_liq,raw,144,8.0,8.0,15.966466765325062,deep_crustal_MASH,basalt
TargetBinKFold,ElasticNet,P_kbar,opx_liq,raw,145,28.0,28.0,22.580982785500908,lithospheric_mantle,basalt
TargetBinKFold,ElasticNet,P_kbar,opx_liq,raw,146,10.0,10.0,15.891188061195358,deep_crustal_MASH,basalt
TargetBinKFold,ElasticNet,P_kbar,opx_liq,raw,147,12.000000476837,12.000000476837,12.455166450512678,deep_crustal_MASH,arc_silicic
TargetBinKFold,ElasticNet,P_kbar,opx_liq,raw,148,12.000000476837,12.000000476837,12.14965271669953,deep_crustal_MASH,arc_silicic
TargetBinKFold,ElasticNet,P_kbar,opx_liq,raw,149,12.000000476837,12.000000476837,10.3381746921812,deep_crustal_MASH,arc_silicic
TargetBinKFold,ElasticNet,P_kbar,opx_liq,raw,150,12.000000476837,12.000000476837,12.56921155769405,deep_crustal_MASH,arc_silicic
TargetBinKFold,ElasticNet,P_kbar,opx_liq,raw,151,12.000000476837,12.000000476837,11.736613749126425,deep_crustal_MASH,arc_silicic
TargetBinKFold,ElasticNet,P_kbar,opx_liq,raw,152,12.000000476837,12.000000476837,10.845570536077549,deep_crustal_MASH,arc_silicic
TargetBinKFold,ElasticNet,P_kbar,opx_liq,raw,153,12.000000476837,12.000000476837,12.193421011951404,deep_crustal_MASH,arc_silicic
TargetBinKFold,ElasticNet,P_kbar,opx_liq,raw,154,12.000000476837,12.000000476837,14.055326106752199,deep_crustal_MASH,arc_silicic
TargetBinKFold,ElasticNet,P_kbar,opx_liq,raw,155,12.000000476837,12.000000476837,11.013890351909064,deep_crustal_MASH,arc_silicic
TargetBinKFold,ElasticNet,P_kbar,opx_liq,raw,156,12.000000476837,12.000000476837,10.459218871675876,deep_crustal_MASH,arc_silicic
TargetBinKFold,ElasticNet,P_kbar,opx_liq,raw,157,0.0010132500028703,0.0010132500028703,2.580247612656491,shallow_crustal,basalt
TargetBinKFold,ElasticNet,P_kbar,opx_liq,raw,158,0.0010132500028703,0.0010132500028703,2.214385061319984,shallow_crustal,basalt
TargetBinKFold,ElasticNet,P_kbar,opx_liq,raw,159,12.000000476837,12.000000476837,4.247336896549905,deep_crustal_MASH,arc_silicic
TargetBinKFold,ElasticNet,P_kbar,opx_liq,raw,160,12.000000476837,12.000000476837,9.328393150614438,deep_crustal_MASH,arc_silicic
TargetBinKFold,ElasticNet,P_kbar,opx_liq,raw,161,12.000000476837,12.000000476837,6.20867427217839,deep_crustal_MASH,arc_silicic
TargetBinKFold,ElasticNet,P_kbar,opx_liq,raw,162,12.000000476837,12.000000476837,7.283340486056007,deep_crustal_MASH,arc_silicic
TargetBinKFold,ElasticNet,P_kbar,opx_liq,raw,163,12.000000476837,12.000000476837,4.462730645956137,deep_crustal_MASH,arc_silicic
TargetBinKFold,ElasticNet,P_kbar,opx_liq,raw,164,12.000000476837,12.000000476837,5.925344755499577,deep_crustal_MASH,arc_silicic
TargetBinKFold,ElasticNet,P_kbar,opx_liq,raw,165,12.000000476837,12.000000476837,12.364696438261833,deep_crustal_MASH,arc_silicic
TargetBinKFold,ElasticNet,P_kbar,opx_liq,raw,166,12.000000476837,12.000000476837,4.396255370367577,deep_crustal_MASH,arc_silicic
TargetBinKFold,ElasticNet,P_kbar,opx_liq,raw,167,12.000000476837,12.000000476837,12.088625663451548,deep_crustal_MASH,arc_silicic
TargetBinKFold,ElasticNet,P_kbar,opx_liq,raw,168,20.0,20.0,21.344583744390597,lithospheric_mantle,mantle_melting
TargetBinKFold,ElasticNet,P_kbar,opx_liq,raw,169,20.0,20.0,20.990160437201887,lithospheric_mantle,mantle_melting
TargetBinKFold,ElasticNet,P_kbar,opx_liq,raw,170,20.0,20.0,18.97849430706364,lithospheric_mantle,mantle_melting
TargetBinKFold,ElasticNet,P_kbar,opx_liq,raw,171,10.0,10.0,13.281636116056431,deep_crustal_MASH,mantle_melting
TargetBinKFold,ElasticNet,P_kbar,opx_liq,raw,172,10.0,10.0,10.74127979186569,deep_crustal_MASH,mantle_melting
TargetBinKFold,ElasticNet,P_kbar,opx_liq,raw,173,10.0,10.0,12.449980299759403,deep_crustal_MASH,mantle_melting
TargetBinKFold,ElasticNet,P_kbar,opx_liq,raw,174,24.0,24.0,23.066977891849007,lithospheric_mantle,mantle_melting
TargetBinKFold,ElasticNet,P_kbar,opx_liq,raw,175,26.0,26.0,17.384811155721927,lithospheric_mantle,mantle_melting
TargetBinKFold,ElasticNet,P_kbar,opx_liq,raw,176,24.0,24.0,24.38238068315666,lithospheric_mantle,mantle_melting
TargetBinKFold,ElasticNet,P_kbar,opx_liq,raw,177,22.0,22.0,23.93895880735306,lithospheric_mantle,mantle_melting
TargetBinKFold,ElasticNet,P_kbar,opx_liq,raw,178,22.0,22.0,25.08954612474919,lithospheric_mantle,mantle_melting
TargetBinKFold,ElasticNet,P_kbar,opx_liq,raw,179,20.0,20.0,5.737625232515357,lithospheric_mantle,arc_silicic
TargetBinKFold,ElasticNet,P_kbar,opx_liq,raw,180,20.0,20.0,10.985293191483965,lithospheric_mantle,arc_silicic
TargetBinKFold,ElasticNet,P_kbar,opx_liq,raw,181,5.0,5.0,9.06559479012329,deep_crustal_MASH,arc_silicic
TargetBinKFold,ElasticNet,P_kbar,opx_liq,raw,182,2.1299999952316,2.1299999952316,7.89862179313742,shallow_crustal,arc_silicic
TargetBinKFold,ElasticNet,P_kbar,opx_liq,raw,183,10.0,10.0,1.9342706167833033,deep_crustal_MASH,basalt
TargetBinKFold,ElasticNet,P_kbar,opx_liq,raw,184,12.000000476837,12.000000476837,13.355281601330457,deep_crustal_MASH,mantle_melting
TargetBinKFold,ElasticNet,P_kbar,opx_liq,raw,185,10.0,10.0,13.13622315521558,deep_crustal_MASH,arc_silicic
TargetBinKFold,ElasticNet,P_kbar,opx_liq,raw,186,10.0,10.0,11.098533573671958,deep_crustal_MASH,arc_silicic
TargetBinKFold,ElasticNet,P_kbar,opx_liq,raw,187,10.0,10.0,13.039001878581136,deep_crustal_MASH,arc_silicic
TargetBinKFold,ElasticNet,P_kbar,opx_liq,raw,188,10.0,10.0,13.407372696578328,deep_crustal_MASH,arc_silicic
TargetBinKFold,ElasticNet,P_kbar,opx_liq,raw,189,15.0,15.0,14.066668519440421,lithospheric_mantle,arc_silicic
TargetBinKFold,ElasticNet,P_kbar,opx_liq,raw,190,12.000000476837,12.000000476837,17.55170938392586,deep_crustal_MASH,arc_silicic
TargetBinKFold,ElasticNet,P_kbar,opx_liq,raw,191,15.0,15.0,20.92076890698663,lithospheric_mantle,arc_silicic
TargetBinKFold,ElasticNet,P_kbar,opx_liq,raw,192,15.0,15.0,17.56865220213475,lithospheric_mantle,other
TargetBinKFold,ElasticNet,P_kbar,opx_liq,raw,193,0.00099999997473788,0.00099999997473788,11.245183284016441,shallow_crustal,other
TargetBinKFold,ElasticNet,P_kbar,opx_liq,raw,194,10.0,10.0,6.860181028453594,deep_crustal_MASH,other
TargetBinKFold,ElasticNet,P_kbar,opx_liq,raw,195,10.0,10.0,9.725859474806747,deep_crustal_MASH,other
TargetBinKFold,ElasticNet,P_kbar,opx_liq,raw,196,10.0,10.0,16.766581571390127,deep_crustal_MASH,other
TargetBinKFold,ElasticNet,P_kbar,opx_liq,raw,197,10.0,10.0,10.615842511344741,deep_crustal_MASH,other
TargetBinKFold,ElasticNet,P_kbar,opx_liq,raw,198,10.0,10.0,8.2518305667308,deep_crustal_MASH,other
TargetBinKFold,ElasticNet,P_kbar,opx_liq,raw,199,10.0,10.0,15.132472749939616,deep_crustal_MASH,other
TargetBinKFold,ElasticNet,P_kbar,opx_liq,raw,200,10.0,10.0,9.673454208436972,deep_crustal_MASH,other
TargetBinKFold,ElasticNet,P_kbar,opx_liq,raw,201,10.0,10.0,10.498914199609974,deep_crustal_MASH,other
TargetBinKFold,ElasticNet,P_kbar,opx_liq,raw,202,10.0,10.0,12.81124247905592,deep_crustal_MASH,other
TargetBinKFold,ElasticNet,P_kbar,opx_liq,raw,203,10.0,10.0,9.336215018648549,deep_crustal_MASH,other
TargetBinKFold,ElasticNet,P_kbar,opx_liq,raw,204,10.0,10.0,9.037624933469434,deep_crustal_MASH,other
TargetBinKFold,ElasticNet,P_kbar,opx_liq,raw,205,10.0,10.0,9.423118500662222,deep_crustal_MASH,other
TargetBinKFold,ElasticNet,P_kbar,opx_liq,raw,206,10.0,10.0,15.438112931216088,deep_crustal_MASH,other
TargetBinKFold,ElasticNet,P_kbar,opx_liq,raw,207,10.0,10.0,11.733141821988337,deep_crustal_MASH,other
TargetBinKFold,ElasticNet,P_kbar,opx_liq,raw,208,20.0,20.0,19.043923871854723,lithospheric_mantle,mantle_melting
TargetBinKFold,ElasticNet,P_kbar,opx_liq,raw,209,2.5,2.5,6.231710927605576,shallow_crustal,other
TargetBinKFold,ElasticNet,P_kbar,opx_liq,raw,210,2.5,2.5,5.643096210544105,shallow_crustal,other
TargetBinKFold,ElasticNet,P_kbar,opx_liq,raw,211,2.5,2.5,4.6895065113818895,shallow_crustal,other
TargetBinKFold,ElasticNet,P_kbar,opx_liq,raw,212,1.5000000596046001,1.5000000596046001,6.397884179398046,shallow_crustal,other
TargetBinKFold,ElasticNet,P_kbar,opx_liq,raw,213,1.5000000596046001,1.5000000596046001,6.146718362463885,shallow_crustal,other
TargetBinKFold,ElasticNet,P_kbar,opx_liq,raw,214,1.5000000596046001,1.5000000596046001,7.899779121661484,shallow_crustal,other
TargetBinKFold,ElasticNet,P_kbar,opx_liq,raw,215,1.5000000596046001,1.5000000596046001,7.964258919085922,shallow_crustal,other
TargetBinKFold,ElasticNet,P_kbar,opx_liq,raw,216,10.0,10.0,5.350693518960886,deep_crustal_MASH,other
TargetBinKFold,ElasticNet,P_kbar,opx_liq,raw,217,10.0,10.0,6.264689425825398,deep_crustal_MASH,other
TargetBinKFold,ElasticNet,P_kbar,opx_liq,raw,218,10.0,10.0,5.735188159979311,deep_crustal_MASH,other
TargetBinKFold,ElasticNet,P_kbar,opx_liq,raw,219,10.0,10.0,6.341315067735903,deep_crustal_MASH,other
TargetBinKFold,ElasticNet,P_kbar,opx_liq,raw,220,12.5,12.5,8.360328741321752,deep_crustal_MASH,other
TargetBinKFold,ElasticNet,P_kbar,opx_liq,raw,221,10.0,10.0,4.389093383327246,deep_crustal_MASH,other
TargetBinKFold,ElasticNet,P_kbar,opx_liq,raw,222,10.0,10.0,12.506422128436899,deep_crustal_MASH,basalt
TargetBinKFold,ElasticNet,P_kbar,opx_liq,raw,223,15.0,15.0,16.316752704274897,lithospheric_mantle,basalt
TargetBinKFold,ElasticNet,P_kbar,opx_liq,raw,224,15.0,15.0,20.27246754659106,lithospheric_mantle,basalt
TargetBinKFold,ElasticNet,P_kbar,opx_liq,raw,225,4.0479999780655005,4.0479999780655005,8.26368700625086,shallow_crustal,arc_silicic
TargetBinKFold,ElasticNet,P_kbar,opx_liq,raw,226,3.9489999413490002,3.9489999413490002,8.670018393028311,shallow_crustal,arc_silicic
TargetBinKFold,ElasticNet,P_kbar,opx_liq,raw,227,4.2699998617172,4.2699998617172,7.956901870492436,shallow_crustal,arc_silicic
TargetBinKFold,ElasticNet,P_kbar,opx_liq,raw,228,10.0,10.0,11.733021961917878,deep_crustal_MASH,other
TargetBinKFold,ElasticNet,P_kbar,opx_liq,raw,229,11.499999761580998,11.499999761580998,11.724284411959792,deep_crustal_MASH,other
TargetBinKFold,ElasticNet,P_kbar,opx_liq,raw,230,6.999999880790701,6.999999880790701,9.977244970042957,deep_crustal_MASH,other
TargetBinKFold,ElasticNet,P_kbar,opx_liq,raw,231,20.0,20.0,21.691049836331857,lithospheric_mantle,arc_silicic
TargetBinKFold,ElasticNet,P_kbar,opx_liq,raw,232,15.0,15.0,19.10855137691385,lithospheric_mantle,arc_silicic
TargetBinKFold,ElasticNet,P_kbar,opx_liq,raw,233,15.0,15.0,18.77612419506525,lithospheric_mantle,arc_silicic
TargetBinKFold,ElasticNet,P_kbar,opx_liq,raw,234,0.0010132500028703,0.0010132500028703,3.930103255711245,shallow_crustal,basalt
TargetBinKFold,ElasticNet,P_kbar,opx_liq,raw,235,0.0010132500028703,0.0010132500028703,4.743077383273443,shallow_crustal,basalt
TargetBinKFold,ElasticNet,P_kbar,opx_liq,raw,236,0.0010132500028703,0.0010132500028703,6.13210511350978,shallow_crustal,basalt
TargetBinKFold,ElasticNet,P_kbar,opx_liq,raw,237,0.0010132500028703,0.0010132500028703,6.725615876431274,shallow_crustal,basalt
TargetBinKFold,ElasticNet,P_kbar,opx_liq,raw,238,10.0,10.0,9.121070406309496,deep_crustal_MASH,mantle_melting
TargetBinKFold,ElasticNet,P_kbar,opx_liq,raw,239,10.0,10.0,12.499120401157834,deep_crustal_MASH,mantle_melting
TargetBinKFold,ElasticNet,P_kbar,opx_liq,raw,240,10.0,10.0,14.28922320241058,deep_crustal_MASH,mantle_melting
TargetBinKFold,ElasticNet,P_kbar,opx_liq,raw,241,10.0,10.0,9.761474479877657,deep_crustal_MASH,mantle_melting
TargetBinKFold,ElasticNet,P_kbar,opx_liq,raw,242,10.0,10.0,12.357293235916575,deep_crustal_MASH,mantle_melting
TargetBinKFold,ElasticNet,P_kbar,opx_liq,raw,243,10.0,10.0,8.66238601561022,deep_crustal_MASH,mantle_melting
TargetBinKFold,ElasticNet,P_kbar,opx_liq,raw,244,10.0,10.0,8.14057104406173,deep_crustal_MASH,mantle_melting
TargetBinKFold,ElasticNet,P_kbar,opx_liq,raw,245,10.0,10.0,13.229859413317142,deep_crustal_MASH,mantle_melting
TargetBinKFold,ElasticNet,P_kbar,opx_liq,raw,246,10.0,10.0,10.795147142873256,deep_crustal_MASH,mantle_melting
TargetBinKFold,ElasticNet,P_kbar,opx_liq,raw,247,10.0,10.0,3.247338676326155,deep_crustal_MASH,mantle_melting
TargetBinKFold,ElasticNet,P_kbar,opx_liq,raw,248,10.0,10.0,11.40311821211008,deep_crustal_MASH,mantle_melting
TargetBinKFold,ElasticNet,P_kbar,opx_liq,raw,249,10.0,10.0,10.803269758534455,deep_crustal_MASH,mantle_melting
TargetBinKFold,ElasticNet,P_kbar,opx_liq,raw,250,10.0,10.0,-4.613413687648171,deep_crustal_MASH,arc_silicic
TargetBinKFold,ElasticNet,P_kbar,opx_liq,raw,251,20.0,20.0,21.38282372528191,lithospheric_mantle,mantle_melting
TargetBinKFold,ElasticNet,P_kbar,opx_liq,raw,252,15.0,15.0,18.637869393137628,lithospheric_mantle,mantle_melting
TargetBinKFold,ElasticNet,P_kbar,opx_liq,raw,253,15.0,15.0,19.493681314045148,lithospheric_mantle,mantle_melting
TargetBinKFold,ElasticNet,P_kbar,opx_liq,raw,254,20.0,20.0,25.28447913285691,lithospheric_mantle,mantle_melting
TargetBinKFold,ElasticNet,P_kbar,opx_liq,raw,255,20.0,20.0,25.270140292878317,lithospheric_mantle,mantle_melting
TargetBinKFold,ElasticNet,P_kbar,opx_liq,raw,256,10.0,10.0,17.67153436029444,deep_crustal_MASH,other
TargetBinKFold,ElasticNet,P_kbar,opx_liq,raw,257,0.0010132500028703,0.0010132500028703,8.37347288505825,shallow_crustal,basalt
TargetBinKFold,ElasticNet,P_kbar,opx_liq,raw,258,18.999999761580998,18.999999761580998,18.507032453613768,lithospheric_mantle,MORB
TargetBinKFold,ElasticNet,P_kbar,opx_liq,raw,259,15.0,15.0,21.66566543414499,lithospheric_mantle,MORB
TargetBinKFold,ElasticNet,P_kbar,opx_liq,raw,260,15.0,15.0,21.278060417878493,lithospheric_mantle,MORB
TargetBinKFold,ElasticNet,P_kbar,opx_liq,raw,261,15.0,15.0,15.262001918240362,lithospheric_mantle,MORB
TargetBinKFold,ElasticNet,P_kbar,opx_liq,raw,262,15.0,15.0,21.765753954658667,lithospheric_mantle,MORB
TargetBinKFold,ElasticNet,P_kbar,opx_liq,raw,263,18.999999761580998,18.999999761580998,25.600666252345512,lithospheric_mantle,MORB
TargetBinKFold,ElasticNet,P_kbar,opx_liq,raw,264,0.0010132500028703,0.0010132500028703,7.907975222097139,shallow_crustal,basalt
TargetBinKFold,ElasticNet,P_kbar,opx_liq,raw,265,24.000000953674,24.000000953674,33.27767226529537,lithospheric_mantle,mantle_melting
TargetBinKFold,ElasticNet,P_kbar,opx_liq,raw,266,27.999999523163,27.999999523163,35.855607883972304,lithospheric_mantle,mantle_melting
TargetBinKFold,ElasticNet,P_kbar,opx_liq,raw,267,15.0,15.0,17.029817952125335,lithospheric_mantle,mantle_melting
TargetBinKFold,ElasticNet,P_kbar,opx_liq,raw,268,15.0,15.0,16.703722996944894,lithospheric_mantle,mantle_melting
TargetBinKFold,ElasticNet,P_kbar,opx_liq,raw,269,15.0,15.0,18.125278561348154,lithospheric_mantle,mantle_melting
TargetBinKFold,ElasticNet,P_kbar,opx_liq,raw,270,15.0,15.0,16.722495678428473,lithospheric_mantle,mantle_melting
TargetBinKFold,ElasticNet,P_kbar,opx_liq,raw,271,15.0,15.0,18.474546368233362,lithospheric_mantle,mantle_melting
TargetBinKFold,ElasticNet,P_kbar,opx_liq,raw,272,15.0,15.0,15.437869235527645,lithospheric_mantle,mantle_melting
TargetBinKFold,ElasticNet,P_kbar,opx_liq,raw,273,15.0,15.0,16.34833035983095,lithospheric_mantle,mantle_melting
TargetBinKFold,ElasticNet,P_kbar,opx_liq,raw,274,0.01,0.01,7.191536920677223,shallow_crustal,basalt
TargetBinKFold,ElasticNet,P_kbar,opx_liq,raw,275,0.0010132500028703,0.0010132500028703,12.354360524567824,shallow_crustal,basalt
TargetBinKFold,ElasticNet,P_kbar,opx_liq,raw,276,5.0,5.0,5.000003887382524,deep_crustal_MASH,arc_silicic
TargetBinKFold,ElasticNet,P_kbar,opx_liq,raw,277,10.0,10.0,10.132057297785076,deep_crustal_MASH,other
TargetBinKFold,ElasticNet,P_kbar,opx_liq,raw,278,10.0,10.0,12.590597052644641,deep_crustal_MASH,other
TargetBinKFold,ElasticNet,P_kbar,opx_liq,raw,279,5.0,5.0,5.659099457235414,deep_crustal_MASH,arc_silicic
TargetBinKFold,ElasticNet,P_kbar,opx_liq,raw,280,1.0379999876022001,1.0379999876022001,6.186703373871159,shallow_crustal,arc_silicic
TargetBinKFold,ElasticNet,P_kbar,opx_liq,raw,281,1.4749999344348999,1.4749999344348999,9.047864559631392,shallow_crustal,arc_silicic
TargetBinKFold,ElasticNet,P_kbar,opx_liq,raw,282,1.8000000715256002,1.8000000715256002,7.257248080014801,shallow_crustal,arc_silicic
TargetBinKFold,ElasticNet,P_kbar,opx_liq,raw,283,1.0080000013113,1.0080000013113,8.038933452005274,shallow_crustal,arc_silicic
TargetBinKFold,ElasticNet,P_kbar,opx_liq,raw,284,0.7100000232458099,0.7100000232458099,7.67046305276675,shallow_crustal,arc_silicic
TargetBinKFold,ElasticNet,P_kbar,opx_liq,raw,285,1.0549999773502,1.0549999773502,8.905886261656807,shallow_crustal,arc_silicic
TargetBinKFold,ElasticNet,P_kbar,opx_liq,raw,286,2.1259999275208,2.1259999275208,5.391678802188492,shallow_crustal,arc_silicic
TargetBinKFold,ElasticNet,P_kbar,opx_liq,raw,287,2.1259999275208,2.1259999275208,6.966427677783038,shallow_crustal,arc_silicic
TargetBinKFold,ElasticNet,P_kbar,opx_liq,raw,288,2.1259999275208,2.1259999275208,7.363535724186271,shallow_crustal,arc_silicic
TargetBinKFold,ElasticNet,P_kbar,opx_liq,raw,289,3.125,3.125,9.057167092569642,shallow_crustal,arc_silicic
TargetBinKFold,ElasticNet,P_kbar,opx_liq,raw,290,1.9799999892712,1.9799999892712,6.493456582021901,shallow_crustal,arc_silicic
TargetBinKFold,ElasticNet,P_kbar,opx_liq,raw,291,1.9799999892712,1.9799999892712,6.566239284046681,shallow_crustal,arc_silicic
TargetBinKFold,ElasticNet,P_kbar,opx_liq,raw,292,28.0,28.0,30.588461982448713,lithospheric_mantle,other
TargetBinKFold,ElasticNet,P_kbar,opx_liq,raw,293,27.9999997615815,27.9999997615815,30.49767442700736,lithospheric_mantle,mantle_melting
TargetBinKFold,ElasticNet,P_kbar,opx_liq,raw,294,28.0,28.0,33.475034454185305,lithospheric_mantle,other
TargetBinKFold,ElasticNet,P_kbar,opx_liq,raw,295,32.0,32.0,23.92487621027569,deeper_mantle,other
TargetBinKFold,ElasticNet,P_kbar,opx_liq,raw,296,32.0,32.0,23.166112735204756,deeper_mantle,other
TargetBinKFold,ElasticNet,P_kbar,opx_liq,raw,297,34.0,34.0,24.158726265607747,deeper_mantle,other
TargetBinKFold,ElasticNet,P_kbar,opx_liq,raw,298,34.0,34.0,25.510784431895367,deeper_mantle,other
TargetBinKFold,ElasticNet,P_kbar,opx_liq,raw,299,28.0,28.0,31.792855089373774,lithospheric_mantle,other
TargetBinKFold,ElasticNet,P_kbar,opx_liq,raw,300,28.0,28.0,31.81563409820648,lithospheric_mantle,other
TargetBinKFold,ElasticNet,P_kbar,opx_liq,raw,301,24.0,24.0,28.790759231270197,lithospheric_mantle,other
TargetBinKFold,ElasticNet,P_kbar,opx_liq,raw,302,28.0,28.0,30.223784400325904,lithospheric_mantle,other
TargetBinKFold,ElasticNet,P_kbar,opx_liq,raw,303,15.0,15.0,14.75105831415112,lithospheric_mantle,mantle_melting
TargetBinKFold,ElasticNet,P_kbar,opx_liq,raw,304,10.0,10.0,-4.982110289206686,deep_crustal_MASH,metamorphic
TargetBinKFold,ElasticNet,P_kbar,opx_liq,raw,305,30.0,30.0,11.152673520060311,deeper_mantle,other
TargetBinKFold,ElasticNet,P_kbar,opx_liq,raw,306,10.0,10.0,8.421362038335623,deep_crustal_MASH,other
TargetBinKFold,ElasticNet,P_kbar,opx_liq,raw,307,10.0,10.0,10.417902148066457,deep_crustal_MASH,other
TargetBinKFold,ElasticNet,P_kbar,opx_liq,raw,308,10.0,10.0,10.717677608622267,deep_crustal_MASH,other
TargetBinKFold,ElasticNet,P_kbar,opx_liq,raw,309,10.0,10.0,9.900047865143435,deep_crustal_MASH,other
TargetBinKFold,ElasticNet,P_kbar,opx_liq,raw,310,10.0,10.0,15.194529832557645,deep_crustal_MASH,other
TargetBinKFold,ElasticNet,P_kbar,opx_liq,raw,311,15.0,15.0,16.135688672759603,lithospheric_mantle,mantle_melting
TargetBinKFold,ElasticNet,P_kbar,opx_liq,raw,312,15.0,15.0,18.609172663253663,lithospheric_mantle,mantle_melting
TargetBinKFold,ElasticNet,P_kbar,opx_liq,raw,313,15.0,15.0,14.317843010477862,lithospheric_mantle,mantle_melting
TargetBinKFold,ElasticNet,P_kbar,opx_liq,raw,314,20.0,20.0,21.283027526142597,lithospheric_mantle,mantle_melting
TargetBinKFold,ElasticNet,P_kbar,opx_liq,raw,315,20.0,20.0,16.712336564012197,lithospheric_mantle,mantle_melting
TargetBinKFold,ElasticNet,P_kbar,opx_liq,raw,316,20.0,20.0,29.552888535539076,lithospheric_mantle,mantle_melting
TargetBinKFold,ElasticNet,P_kbar,opx_liq,raw,317,25.0,25.0,24.56820582678705,lithospheric_mantle,mantle_melting
TargetBinKFold,ElasticNet,P_kbar,opx_liq,raw,318,25.0,25.0,23.06522373760076,lithospheric_mantle,mantle_melting
TargetBinKFold,ElasticNet,P_kbar,opx_liq,raw,319,20.0,20.0,21.974169770818477,lithospheric_mantle,mantle_melting
TargetBinKFold,ElasticNet,P_kbar,opx_liq,raw,320,20.0,20.0,23.367224702733857,lithospheric_mantle,mantle_melting
TargetBinKFold,ElasticNet,P_kbar,opx_liq,raw,321,20.0,20.0,26.60855872926729,lithospheric_mantle,mantle_melting
TargetBinKFold,ElasticNet,P_kbar,opx_liq,raw,322,20.0,20.0,24.1930556204688,lithospheric_mantle,mantle_melting
TargetBinKFold,ElasticNet,P_kbar,opx_liq,raw,323,20.0,20.0,27.571181935742654,lithospheric_mantle,mantle_melting
TargetBinKFold,ElasticNet,P_kbar,opx_liq,raw,324,15.0,15.0,18.353690665942125,lithospheric_mantle,mantle_melting
TargetBinKFold,ElasticNet,P_kbar,opx_liq,raw,325,15.0,15.0,21.077736574617145,lithospheric_mantle,mantle_melting
TargetBinKFold,ElasticNet,P_kbar,opx_liq,raw,326,10.0,10.0,11.894097580798777,deep_crustal_MASH,mantle_melting
TargetBinKFold,ElasticNet,P_kbar,opx_liq,raw,327,10.0,10.0,7.978985886684647,deep_crustal_MASH,mantle_melting
TargetBinKFold,ElasticNet,P_kbar,opx_liq,raw,328,10.0,10.0,12.369294602809417,deep_crustal_MASH,mantle_melting
TargetBinKFold,ElasticNet,P_kbar,opx_liq,raw,329,10.0,10.0,-1.3860213852980774,deep_crustal_MASH,mantle_melting
TargetBinKFold,ElasticNet,P_kbar,opx_liq,raw,330,10.0,10.0,-0.1117896945378476,deep_crustal_MASH,mantle_melting
TargetBinKFold,ElasticNet,P_kbar,opx_liq,raw,331,10.0,10.0,8.550130287611065,deep_crustal_MASH,mantle_melting
TargetBinKFold,ElasticNet,P_kbar,opx_liq,raw,332,10.0,10.0,14.376127051947206,deep_crustal_MASH,mantle_melting
TargetBinKFold,ElasticNet,P_kbar,opx_liq,raw,333,10.0,10.0,13.45487749726137,deep_crustal_MASH,mantle_melting
TargetBinKFold,ElasticNet,P_kbar,opx_liq,raw,334,10.0,10.0,7.3911012553942195,deep_crustal_MASH,mantle_melting
TargetBinKFold,ElasticNet,P_kbar,opx_liq,raw,335,10.0,10.0,7.9314921278699355,deep_crustal_MASH,mantle_melting
TargetBinKFold,ElasticNet,P_kbar,opx_liq,raw,336,10.0,10.0,11.066429767861187,deep_crustal_MASH,mantle_melting
TargetBinKFold,ElasticNet,P_kbar,opx_liq,raw,337,10.0,10.0,14.065462917523952,deep_crustal_MASH,mantle_melting
TargetBinKFold,ElasticNet,P_kbar,opx_liq,raw,338,15.0,15.0,14.79744524448618,lithospheric_mantle,mantle_melting
TargetBinKFold,ElasticNet,P_kbar,opx_liq,raw,339,15.0,15.0,9.88756831649505,lithospheric_mantle,mantle_melting
TargetBinKFold,ElasticNet,P_kbar,opx_liq,raw,340,15.0,15.0,17.058388626236543,lithospheric_mantle,mantle_melting
TargetBinKFold,ElasticNet,P_kbar,opx_liq,raw,341,12.5,12.5,17.578199122283984,deep_crustal_MASH,mantle_melting
TargetBinKFold,ElasticNet,P_kbar,opx_liq,raw,342,15.0,15.0,15.298973706971825,lithospheric_mantle,mantle_melting
TargetBinKFold,ElasticNet,P_kbar,opx_liq,raw,343,10.0,10.0,15.09128721727897,deep_crustal_MASH,mantle_melting
TargetBinKFold,ElasticNet,P_kbar,opx_liq,raw,344,15.0,15.0,16.325427978688616,lithospheric_mantle,MORB
TargetBinKFold,ElasticNet,P_kbar,opx_liq,raw,345,15.0,15.0,14.224141835123602,lithospheric_mantle,MORB
TargetBinKFold,ElasticNet,P_kbar,opx_liq,raw,346,15.0,15.0,19.980788143461858,lithospheric_mantle,mantle_melting
TargetBinKFold,ElasticNet,P_kbar,opx_liq,raw,347,15.0,15.0,27.049022400266583,lithospheric_mantle,mantle_melting
TargetBinKFold,ElasticNet,P_kbar,opx_liq,raw,348,15.0,15.0,20.975629077040658,lithospheric_mantle,mantle_melting
TargetBinKFold,ElasticNet,P_kbar,opx_liq,raw,349,15.0,15.0,18.45073254165856,lithospheric_mantle,mantle_melting
TargetBinKFold,ElasticNet,P_kbar,opx_liq,raw,350,15.0,15.0,26.60289520716404,lithospheric_mantle,mantle_melting
TargetBinKFold,ElasticNet,P_kbar,opx_liq,raw,351,15.0,15.0,16.042326445131465,lithospheric_mantle,MORB
TargetBinKFold,ElasticNet,P_kbar,opx_liq,raw,352,10.0,10.0,9.324390272105848,deep_crustal_MASH,MORB
TargetBinKFold,ElasticNet,P_kbar,opx_liq,raw,353,10.0,10.0,8.474427367478905,deep_crustal_MASH,MORB
TargetBinKFold,ElasticNet,P_kbar,opx_liq,raw,354,15.0,15.0,14.966568588392043,lithospheric_mantle,MORB
TargetBinKFold,ElasticNet,P_kbar,opx_liq,raw,355,10.0,10.0,8.745409300504527,deep_crustal_MASH,MORB
TargetBinKFold,ElasticNet,P_kbar,opx_liq,raw,356,10.0,10.0,8.93400464169761,deep_crustal_MASH,MORB
TargetBinKFold,ElasticNet,P_kbar,opx_liq,raw,357,15.0,15.0,16.42359084801622,lithospheric_mantle,mantle_melting
TargetBinKFold,ElasticNet,P_kbar,opx_liq,raw,358,15.0,15.0,14.357877361621881,lithospheric_mantle,mantle_melting
TargetBinKFold,ElasticNet,P_kbar,opx_liq,raw,359,15.0,15.0,18.139302271870548,lithospheric_mantle,mantle_melting
TargetBinKFold,ElasticNet,P_kbar,opx_liq,raw,360,27.999999523163,27.999999523163,31.148613859401344,lithospheric_mantle,mantle_melting
TargetBinKFold,ElasticNet,P_kbar,opx_liq,raw,361,27.999999523163,27.999999523163,32.37355376856338,lithospheric_mantle,mantle_melting
TargetBinKFold,ElasticNet,P_kbar,opx_liq,raw,362,5.0,5.0,17.80384420607107,deep_crustal_MASH,other
TargetBinKFold,ElasticNet,P_kbar,opx_liq,raw,363,12.000000476837,12.000000476837,16.35523748508584,deep_crustal_MASH,basalt
TargetBinKFold,ElasticNet,P_kbar,opx_liq,raw,364,12.000000476837,12.000000476837,19.491008710173233,deep_crustal_MASH,basalt
TargetBinKFold,ElasticNet,P_kbar,opx_liq,raw,365,12.200000286102,12.200000286102,20.710096259098655,deep_crustal_MASH,basalt
TargetBinKFold,ElasticNet,P_kbar,opx_liq,raw,366,12.599999904632998,12.599999904632998,18.931737976376272,deep_crustal_MASH,basalt
TargetBinKFold,ElasticNet,P_kbar,opx_liq,raw,367,13.799999952316,13.799999952316,19.78497050715638,deep_crustal_MASH,basalt
TargetBinKFold,ElasticNet,P_kbar,opx_liq,raw,368,7.5,7.5,15.236097114529898,deep_crustal_MASH,basalt
TargetBinKFold,ElasticNet,P_kbar,opx_liq,raw,369,20.5,20.5,15.327499540440613,lithospheric_mantle,other
TargetBinKFold,ElasticNet,P_kbar,opx_liq,raw,370,21.0,21.0,15.65708840094588,lithospheric_mantle,other
TargetBinKFold,ElasticNet,P_kbar,opx_liq,raw,371,1.9380000233649999,1.9380000233649999,6.30482590820842,shallow_crustal,arc_silicic
TargetBinKFold,ElasticNet,P_kbar,opx_liq,raw,372,1.2409999966621001,1.2409999966621001,2.280162919135636,shallow_crustal,arc_silicic
TargetBinKFold,ElasticNet,P_kbar,opx_liq,raw,373,0.52400000393391,0.52400000393391,1.3756057159225143,shallow_crustal,arc_silicic
TargetBinKFold,ElasticNet,P_kbar,opx_liq,raw,374,3.0140000581741,3.0140000581741,3.139994655774071,shallow_crustal,arc_silicic
TargetBinKFold,ElasticNet,P_kbar,opx_liq,raw,375,1.0689999908209,1.0689999908209,5.266657286877981,shallow_crustal,arc_silicic
TargetBinKFold,ElasticNet,P_kbar,opx_liq,raw,376,1.7100000381470002,1.7100000381470002,3.173566001792919,shallow_crustal,arc_silicic
TargetBinKFold,ElasticNet,P_kbar,opx_liq,raw,377,1.5929999947548,1.5929999947548,1.6024916585497007,shallow_crustal,arc_silicic
TargetBinKFold,ElasticNet,P_kbar,opx_liq,raw,378,1.5520000457764,1.5520000457764,3.851212753168042,shallow_crustal,arc_silicic
TargetBinKFold,ElasticNet,P_kbar,opx_liq,raw,379,0.59000000357628,0.59000000357628,1.6053319832666304,shallow_crustal,arc_silicic
TargetBinKFold,ElasticNet,P_kbar,opx_liq,raw,380,2.0000000298022997,2.0000000298022997,4.2964738804068325,shallow_crustal,arc_silicic
TargetBinKFold,ElasticNet,P_kbar,opx_liq,raw,381,0.97999997437,0.97999997437,3.289611843771489,shallow_crustal,arc_silicic
TargetBinKFold,ElasticNet,P_kbar,opx_liq,raw,382,2.9199999570847,2.9199999570847,5.8833202570163134,shallow_crustal,arc_silicic
TargetBinKFold,ElasticNet,P_kbar,opx_liq,raw,383,1.0000000149012,1.0000000149012,1.7443885019856626,shallow_crustal,arc_silicic
TargetBinKFold,ElasticNet,P_kbar,opx_liq,raw,384,1.5000000596046001,1.5000000596046001,2.1116034021241763,shallow_crustal,arc_silicic
TargetBinKFold,ElasticNet,P_kbar,opx_liq,raw,385,2.1170000731945,2.1170000731945,4.649118612992151,shallow_crustal,arc_silicic
TargetBinKFold,ElasticNet,P_kbar,opx_liq,raw,386,0.93800000846386,0.93800000846386,3.1312887539866168,shallow_crustal,arc_silicic
TargetBinKFold,ElasticNet,P_kbar,opx_liq,raw,387,1.1720000207424,1.1720000207424,5.316864976041662,shallow_crustal,arc_silicic
TargetBinKFold,ElasticNet,P_kbar,opx_liq,raw,388,10.0,10.0,15.969729255163887,deep_crustal_MASH,arc_silicic
TargetBinKFold,ElasticNet,P_kbar,opx_liq,raw,389,10.0,10.0,16.88085317341788,deep_crustal_MASH,arc_silicic
TargetBinKFold,ElasticNet,P_kbar,opx_liq,raw,390,20.0,20.0,13.066346110802739,lithospheric_mantle,arc_silicic
TargetBinKFold,ElasticNet,P_kbar,opx_liq,raw,391,20.0,20.0,16.92440810683039,lithospheric_mantle,arc_silicic
TargetBinKFold,ElasticNet,P_kbar,opx_liq,raw,392,20.0,20.0,16.93440542998108,lithospheric_mantle,arc_silicic
TargetBinKFold,ElasticNet,P_kbar,opx_liq,raw,393,0.001,0.001,18.6734650910587,shallow_crustal,partitioning
TargetBinKFold,ElasticNet,P_kbar,opx_liq,raw,394,0.001,0.001,16.042437895938754,shallow_crustal,partitioning
TargetBinKFold,ElasticNet,P_kbar,opx_liq,raw,395,0.001,0.001,19.066473663496552,shallow_crustal,partitioning
TargetBinKFold,ElasticNet,P_kbar,opx_liq,raw,396,0.001,0.001,16.8474318491547,shallow_crustal,partitioning
TargetBinKFold,ElasticNet,P_kbar,opx_liq,raw,397,0.001,0.001,19.470946924260918,shallow_crustal,partitioning
TargetBinKFold,ElasticNet,P_kbar,opx_liq,raw,398,0.001,0.001,14.803458239483886,shallow_crustal,partitioning
TargetBinKFold,ElasticNet,P_kbar,opx_liq,raw,399,0.001,0.001,19.81161970638751,shallow_crustal,partitioning
TargetBinKFold,ElasticNet,P_kbar,opx_liq,raw,400,0.001,0.001,19.37502162338317,shallow_crustal,partitioning
TargetBinKFold,ElasticNet,P_kbar,opx_liq,raw,401,0.001,0.001,18.572627966928973,shallow_crustal,partitioning
TargetBinKFold,ElasticNet,P_kbar,opx_liq,raw,402,0.001,0.001,18.00820486237522,shallow_crustal,partitioning
TargetBinKFold,ElasticNet,P_kbar,opx_liq,raw,403,0.001,0.001,17.549604299105262,shallow_crustal,partitioning
TargetBinKFold,ElasticNet,P_kbar,opx_liq,raw,404,0.001,0.001,17.460005038662153,shallow_crustal,partitioning
TargetBinKFold,ElasticNet,P_kbar,opx_liq,raw,405,0.001,0.001,12.450720466784606,shallow_crustal,partitioning
TargetBinKFold,ElasticNet,P_kbar,opx_liq,raw,406,0.001,0.001,10.367942986871462,shallow_crustal,partitioning
TargetBinKFold,ElasticNet,P_kbar,opx_liq,raw,407,0.001,0.001,12.995674700583411,shallow_crustal,partitioning
TargetBinKFold,ElasticNet,P_kbar,opx_liq,raw,408,0.001,0.001,10.644277244847242,shallow_crustal,partitioning
TargetBinKFold,ElasticNet,P_kbar,opx_liq,raw,409,0.001,0.001,11.962566383856032,shallow_crustal,partitioning
TargetBinKFold,ElasticNet,P_kbar,opx_liq,raw,410,0.001,0.001,10.022423125050341,shallow_crustal,partitioning
TargetBinKFold,ElasticNet,P_kbar,opx_liq,raw,411,0.001,0.001,12.563263919709271,shallow_crustal,partitioning
TargetBinKFold,ElasticNet,P_kbar,opx_liq,raw,412,0.001,0.001,9.869102304399515,shallow_crustal,partitioning
TargetBinKFold,ElasticNet,P_kbar,opx_liq,raw,413,0.001,0.001,11.539349509804902,shallow_crustal,partitioning
TargetBinKFold,ElasticNet,P_kbar,opx_liq,raw,414,0.001,0.001,9.736080141316252,shallow_crustal,partitioning
TargetBinKFold,ElasticNet,P_kbar,opx_liq,raw,415,10.0,10.0,13.381812879847153,deep_crustal_MASH,mantle_melting
TargetBinKFold,ElasticNet,P_kbar,opx_liq,raw,416,10.0,10.0,13.229596140371488,deep_crustal_MASH,mantle_melting
TargetBinKFold,ElasticNet,P_kbar,opx_liq,raw,417,10.0,10.0,14.472403351809326,deep_crustal_MASH,mantle_melting
TargetBinKFold,ElasticNet,P_kbar,opx_liq,raw,418,10.0,10.0,13.77790263549374,deep_crustal_MASH,mantle_melting
TargetBinKFold,ElasticNet,P_kbar,opx_liq,raw,419,10.0,10.0,13.042887470318245,deep_crustal_MASH,mantle_melting
TargetBinKFold,ElasticNet,P_kbar,opx_liq,raw,420,10.0,10.0,10.89455674821605,deep_crustal_MASH,mantle_melting
TargetBinKFold,ElasticNet,P_kbar,opx_liq,raw,421,10.0,10.0,15.724543619284706,deep_crustal_MASH,mantle_melting
TargetBinKFold,ElasticNet,P_kbar,opx_liq,raw,422,10.0,10.0,13.292917572899455,deep_crustal_MASH,mantle_melting
TargetBinKFold,ElasticNet,P_kbar,opx_liq,raw,423,10.0,10.0,14.151268434479423,deep_crustal_MASH,mantle_melting
TargetBinKFold,ElasticNet,P_kbar,opx_liq,raw,424,10.0,10.0,12.847771985691946,deep_crustal_MASH,mantle_melting
TargetBinKFold,ElasticNet,P_kbar,opx_liq,raw,425,50.0,50.0,22.853764189879016,deeper_mantle,partitioning
TargetBinKFold,ElasticNet,P_kbar,opx_liq,raw,426,5.0199997425079,5.0199997425079,6.632241985282403,deep_crustal_MASH,basalt
TargetBinKFold,ElasticNet,P_kbar,opx_liq,raw,427,5.0199997425079,5.0199997425079,7.899445797637334,deep_crustal_MASH,basalt
TargetBinKFold,ElasticNet,P_kbar,opx_liq,raw,428,5.0169998407364,5.0169998407364,8.640426907046153,deep_crustal_MASH,basalt
TargetBinKFold,ElasticNet,P_kbar,opx_liq,raw,429,10.0,10.0,16.30697718508023,deep_crustal_MASH,arc_silicic
TargetBinKFold,ElasticNet,P_kbar,opx_liq,raw,430,15.0,15.0,9.414217812202134,lithospheric_mantle,arc_silicic
TargetBinKFold,ElasticNet,P_kbar,opx_liq,raw,431,17.5,17.5,14.012037352197439,lithospheric_mantle,arc_silicic
TargetBinKFold,ElasticNet,P_kbar,opx_liq,raw,432,46.9999990463255,46.9999990463255,22.809445983951903,deeper_mantle,other
TargetBinKFold,ElasticNet,P_kbar,opx_liq,raw,433,10.0,10.0,11.9025770569226,deep_crustal_MASH,mantle_melting
TargetBinKFold,ElasticNet,P_kbar,opx_liq,raw,434,17.5,17.5,13.740331966746304,lithospheric_mantle,arc_silicic
TargetBinKFold,ElasticNet,P_kbar,opx_liq,raw,435,27.75024994039535,27.75024994039535,31.275868104537675,lithospheric_mantle,other
TargetBinKFold,ElasticNet,P_kbar,opx_liq,raw,436,12.5,12.5,15.61292514812043,deep_crustal_MASH,arc_silicic
TargetBinKFold,ElasticNet,P_kbar,opx_liq,raw,437,15.0,15.0,8.495173482247354,lithospheric_mantle,mantle_melting
TargetBinKFold,ElasticNet,P_kbar,opx_liq,raw,438,50.0,50.0,23.755759794100964,deeper_mantle,other
TargetBinKFold,ElasticNet,P_kbar,opx_liq,raw,439,12.999999523163,12.999999523163,17.735598130556877,deep_crustal_MASH,arc_silicic
TargetBinKFold,ElasticNet,P_kbar,opx_liq,raw,440,10.0,10.0,11.362486460688647,deep_crustal_MASH,mantle_melting
TargetBinKFold,ElasticNet,P_kbar,opx_liq,raw,441,15.0,15.0,16.921389750564778,lithospheric_mantle,arc_silicic
TargetBinKFold,ElasticNet,P_kbar,opx_liq,raw,442,50.0,50.0,24.06661588346158,deeper_mantle,other
TargetBinKFold,ElasticNet,P_kbar,opx_liq,raw,443,15.0,15.0,15.620263777189358,lithospheric_mantle,arc_silicic
TargetBinKFold,ElasticNet,P_kbar,opx_liq,raw,444,10.0,10.0,12.527062055238932,deep_crustal_MASH,mantle_melting
TargetBinKFold,ElasticNet,P_kbar,opx_liq,raw,445,17.5,17.5,16.635007989510918,lithospheric_mantle,arc_silicic
TargetBinKFold,ElasticNet,P_kbar,opx_liq,raw,446,10.0,10.0,10.469068652806587,deep_crustal_MASH,mantle_melting
TargetBinKFold,ElasticNet,P_kbar,opx_liq,raw,447,10.0,10.0,12.211615026465186,deep_crustal_MASH,mantle_melting
TargetBinKFold,ElasticNet,P_kbar,opx_liq,raw,448,10.0,10.0,13.872179083636016,deep_crustal_MASH,mantle_melting
TargetBinKFold,ElasticNet,P_kbar,opx_liq,raw,449,12.000000476837,12.000000476837,13.998051156506115,deep_crustal_MASH,arc_silicic
TargetBinKFold,ElasticNet,P_kbar,opx_liq,raw,450,22.999999523163,22.999999523163,3.5451148834580817,lithospheric_mantle,basalt
TargetBinKFold,ElasticNet,P_kbar,opx_liq,raw,451,15.0,15.0,6.755513803100615,lithospheric_mantle,mantle_melting
TargetBinKFold,ElasticNet,P_kbar,opx_liq,raw,452,18.999999761580998,18.999999761580998,16.69887374519901,lithospheric_mantle,arc_silicic
TargetBinKFold,ElasticNet,P_kbar,opx_liq,raw,453,0.00099999997473788,0.00099999997473788,4.397737283375051,shallow_crustal,basalt
TargetBinKFold,ElasticNet,P_kbar,opx_liq,raw,454,2.0000000298022997,2.0000000298022997,0.5919521218578847,shallow_crustal,basalt
TargetBinKFold,ElasticNet,P_kbar,opx_liq,raw,455,0.00099999997473788,0.00099999997473788,7.275235599500416,shallow_crustal,basalt
TargetBinKFold,ElasticNet,P_kbar,opx_liq,raw,456,2.0000000298022997,2.0000000298022997,4.668305183819735,shallow_crustal,basalt
TargetBinKFold,ElasticNet,P_kbar,opx_liq,raw,457,2.0000000298022997,2.0000000298022997,3.3923276528740978,shallow_crustal,basalt
TargetBinKFold,ElasticNet,P_kbar,opx_liq,raw,458,0.00099999997473788,0.00099999997473788,6.055418070078256,shallow_crustal,basalt
TargetBinKFold,ElasticNet,P_kbar,opx_liq,raw,459,0.00099999997473788,0.00099999997473788,9.382198776252796,shallow_crustal,basalt
TargetBinKFold,ElasticNet,P_kbar,opx_liq,raw,460,0.00099999997473788,0.00099999997473788,8.51728879874116,shallow_crustal,basalt
TargetBinKFold,ElasticNet,P_kbar,opx_liq,raw,461,0.00099999997473788,0.00099999997473788,8.237674950464303,shallow_crustal,basalt
TargetBinKFold,ElasticNet,P_kbar,opx_liq,raw,462,0.001,0.001,5.447466713606724,shallow_crustal,partitioning
TargetBinKFold,ElasticNet,P_kbar,opx_liq,raw,463,0.001,0.001,7.8247789763602,shallow_crustal,partitioning
TargetBinKFold,ElasticNet,P_kbar,opx_liq,raw,464,0.001,0.001,9.432835453273215,shallow_crustal,partitioning
TargetBinKFold,ElasticNet,P_kbar,opx_liq,raw,465,0.001,0.001,8.913648357089357,shallow_crustal,partitioning
TargetBinKFold,ElasticNet,P_kbar,opx_liq,raw,466,0.001,0.001,6.175908847887037,shallow_crustal,partitioning
TargetBinKFold,ElasticNet,P_kbar,opx_liq,raw,467,0.001,0.001,6.554922450021321,shallow_crustal,partitioning
TargetBinKFold,ElasticNet,P_kbar,opx_liq,raw,468,0.001,0.001,6.862493630231663,shallow_crustal,partitioning
TargetBinKFold,ElasticNet,P_kbar,opx_liq,raw,469,0.001,0.001,6.4062806104118675,shallow_crustal,partitioning
TargetBinKFold,ElasticNet,P_kbar,opx_liq,raw,470,0.001,0.001,6.74935175064037,shallow_crustal,partitioning
TargetBinKFold,ElasticNet,P_kbar,opx_liq,raw,471,0.001,0.001,7.743758495240511,shallow_crustal,partitioning
TargetBinKFold,ElasticNet,P_kbar,opx_liq,raw,472,0.001,0.001,6.5324023852043265,shallow_crustal,partitioning
TargetBinKFold,ElasticNet,P_kbar,opx_liq,raw,473,0.001,0.001,10.663958760244924,shallow_crustal,partitioning
TargetBinKFold,ElasticNet,P_kbar,opx_liq,raw,474,0.001,0.001,6.753901217807368,shallow_crustal,partitioning
TargetBinKFold,ElasticNet,P_kbar,opx_liq,raw,475,0.001,0.001,5.465608319342294,shallow_crustal,partitioning
TargetBinKFold,ElasticNet,P_kbar,opx_liq,raw,476,0.001,0.001,8.268455740463708,shallow_crustal,partitioning
TargetBinKFold,ElasticNet,P_kbar,opx_liq,raw,477,0.001,0.001,9.265463482915443,shallow_crustal,partitioning
TargetBinKFold,ElasticNet,P_kbar,opx_liq,raw,478,0.001,0.001,11.313559863610376,shallow_crustal,partitioning
TargetBinKFold,ElasticNet,P_kbar,opx_liq,raw,479,0.001,0.001,9.715806992561554,shallow_crustal,partitioning
TargetBinKFold,ElasticNet,P_kbar,opx_liq,raw,480,0.001,0.001,7.177623221556971,shallow_crustal,partitioning
TargetBinKFold,ElasticNet,P_kbar,opx_liq,raw,481,0.001,0.001,10.708970784084215,shallow_crustal,partitioning
TargetBinKFold,ElasticNet,P_kbar,opx_liq,raw,482,0.001,0.001,11.065646778625503,shallow_crustal,partitioning
TargetBinKFold,ElasticNet,P_kbar,opx_liq,raw,483,0.001,0.001,7.88597990811355,shallow_crustal,partitioning
TargetBinKFold,ElasticNet,P_kbar,opx_liq,raw,484,15.0,15.0,4.501001743377277,lithospheric_mantle,basalt
TargetBinKFold,ElasticNet,P_kbar,opx_liq,raw,485,0.001,0.001,8.022392662612143,shallow_crustal,partitioning
TargetBinKFold,ElasticNet,P_kbar,opx_liq,raw,486,0.001,0.001,5.63316384246669,shallow_crustal,partitioning
TargetBinKFold,ElasticNet,P_kbar,opx_liq,raw,487,0.001,0.001,7.931724692192418,shallow_crustal,partitioning
TargetBinKFold,ElasticNet,P_kbar,opx_liq,raw,488,0.001,0.001,4.553668184616367,shallow_crustal,partitioning
TargetBinKFold,ElasticNet,P_kbar,opx_liq,raw,489,0.001,0.001,5.692552602574306,shallow_crustal,partitioning
TargetBinKFold,ElasticNet,P_kbar,opx_liq,raw,490,0.001,0.001,8.588045961363894,shallow_crustal,partitioning
TargetBinKFold,ElasticNet,P_kbar,opx_liq,raw,491,0.001,0.001,5.344900529723009,shallow_crustal,partitioning
TargetBinKFold,ElasticNet,P_kbar,opx_liq,raw,492,0.001,0.001,10.424753714449501,shallow_crustal,partitioning
TargetBinKFold,ElasticNet,P_kbar,opx_liq,raw,493,0.001,0.001,7.1843247425252965,shallow_crustal,partitioning
TargetBinKFold,ElasticNet,P_kbar,opx_liq,raw,494,0.001,0.001,6.036931290773099,shallow_crustal,partitioning
TargetBinKFold,ElasticNet,P_kbar,opx_liq,raw,495,0.001,0.001,2.320664545013887,shallow_crustal,partitioning
TargetBinKFold,ElasticNet,P_kbar,opx_liq,raw,496,0.001,0.001,6.960170545537951,shallow_crustal,partitioning
TargetBinKFold,ElasticNet,P_kbar,opx_liq,raw,497,12.000000476837,12.000000476837,17.988286319501828,deep_crustal_MASH,MORB
TargetBinKFold,ElasticNet,P_kbar,opx_liq,raw,498,12.000000476837,12.000000476837,16.370698343373313,deep_crustal_MASH,MORB
TargetBinKFold,ElasticNet,P_kbar,opx_liq,raw,499,8.0000001192093,8.0000001192093,-1.554035948272256,deep_crustal_MASH,basalt
TargetBinKFold,ElasticNet,P_kbar,opx_liq,raw,500,12.000000476837,12.000000476837,14.328085333074492,deep_crustal_MASH,MORB
TargetBinKFold,ElasticNet,P_kbar,opx_liq,raw,501,12.000000476837,12.000000476837,16.93004393135895,deep_crustal_MASH,MORB
TargetBinKFold,ElasticNet,P_kbar,opx_liq,raw,502,12.000000476837,12.000000476837,17.294250950432428,deep_crustal_MASH,MORB
TargetBinKFold,ElasticNet,P_kbar,opx_liq,raw,503,12.000000476837,12.000000476837,17.056366288042675,deep_crustal_MASH,MORB
TargetBinKFold,ElasticNet,P_kbar,opx_liq,raw,504,13.999999761580998,13.999999761580998,19.44190476146108,deep_crustal_MASH,other
TargetBinKFold,ElasticNet,P_kbar,opx_liq,raw,505,16.000000238419002,16.000000238419002,15.031879182240118,lithospheric_mantle,other
TargetBinKFold,ElasticNet,P_kbar,opx_liq,raw,506,20.0,20.0,21.033439373396064,lithospheric_mantle,other
TargetBinKFold,ElasticNet,P_kbar,opx_liq,raw,507,20.0,20.0,20.38324253848791,lithospheric_mantle,other
TargetBinKFold,ElasticNet,P_kbar,opx_liq,raw,508,17.999999523162998,17.999999523162998,20.20212886848045,lithospheric_mantle,other
TargetBinKFold,ElasticNet,P_kbar,opx_liq,raw,509,17.999999523162998,17.999999523162998,17.11881218063922,lithospheric_mantle,other
TargetBinKFold,ElasticNet,P_kbar,opx_liq,raw,510,17.000000476837002,17.000000476837002,16.208073640749,lithospheric_mantle,other
TargetBinKFold,ElasticNet,P_kbar,opx_liq,raw,511,22.000000476837,22.000000476837,22.82041748906518,lithospheric_mantle,mantle_melting
TargetBinKFold,ElasticNet,P_kbar,opx_liq,raw,512,22.000000476837,22.000000476837,22.063864229763308,lithospheric_mantle,mantle_melting
TargetBinKFold,ElasticNet,P_kbar,opx_liq,raw,513,15.0,15.0,14.707940413793509,lithospheric_mantle,mantle_melting
TargetBinKFold,ElasticNet,P_kbar,opx_liq,raw,514,12.0,12.0,19.901723772727408,deep_crustal_MASH,mantle_melting
TargetBinKFold,ElasticNet,P_kbar,opx_liq,raw,515,12.0,12.0,15.910979634709248,deep_crustal_MASH,mantle_melting
TargetBinKFold,ElasticNet,P_kbar,opx_liq,raw,516,25.0,25.0,30.598553197710707,lithospheric_mantle,mantle_melting
TargetBinKFold,ElasticNet,P_kbar,opx_liq,raw,517,12.0,12.0,15.673577353526788,deep_crustal_MASH,mantle_melting
TargetBinKFold,ElasticNet,P_kbar,opx_liq,raw,518,12.0,12.0,16.01234340013753,deep_crustal_MASH,mantle_melting
TargetBinKFold,ElasticNet,P_kbar,opx_liq,raw,519,8.0,8.0,10.38448396938509,deep_crustal_MASH,mantle_melting
TargetBinKFold,ElasticNet,P_kbar,opx_liq,raw,520,12.0,12.0,12.297168650896628,deep_crustal_MASH,mantle_melting
TargetBinKFold,ElasticNet,P_kbar,opx_liq,raw,521,16.0,16.0,10.476610666169275,lithospheric_mantle,mantle_melting
TargetBinKFold,ElasticNet,P_kbar,opx_liq,raw,522,12.0,12.0,13.356728399213853,deep_crustal_MASH,mantle_melting
TargetBinKFold,ElasticNet,P_kbar,opx_liq,raw,523,17.999999523162998,17.999999523162998,22.739228879524518,lithospheric_mantle,other
TargetBinKFold,ElasticNet,P_kbar,opx_liq,raw,524,17.999999523162998,17.999999523162998,23.557515635070377,lithospheric_mantle,other
TargetBinKFold,ElasticNet,P_kbar,opx_liq,raw,525,20.0,20.0,22.245848580537377,lithospheric_mantle,other
TargetBinKFold,ElasticNet,P_kbar,opx_liq,raw,526,20.0,20.0,22.859061790248177,lithospheric_mantle,other
TargetBinKFold,ElasticNet,P_kbar,opx_liq,raw,527,20.0,20.0,22.22150809373509,lithospheric_mantle,other
TargetBinKFold,ElasticNet,P_kbar,opx_liq,raw,528,20.0,20.0,21.71965683637887,lithospheric_mantle,other
TargetBinKFold,ElasticNet,P_kbar,opx_liq,raw,529,20.0,20.0,19.604196503219107,lithospheric_mantle,other
TargetBinKFold,ElasticNet,P_kbar,opx_liq,raw,530,16.000000238419002,16.000000238419002,17.62796725331072,lithospheric_mantle,other
TargetBinKFold,ElasticNet,P_kbar,opx_liq,raw,531,16.000000238419002,16.000000238419002,18.890792536254203,lithospheric_mantle,other
TargetBinKFold,ElasticNet,P_kbar,opx_liq,raw,532,12.0,12.0,17.122818230659004,deep_crustal_MASH,mantle_melting
TargetBinKFold,ElasticNet,P_kbar,opx_liq,raw,533,12.0,12.0,15.3876360206777,deep_crustal_MASH,mantle_melting
TargetBinKFold,ElasticNet,P_kbar,opx_liq,raw,534,12.0,12.0,17.586753566796606,deep_crustal_MASH,mantle_melting
TargetBinKFold,ElasticNet,P_kbar,opx_liq,raw,535,12.0,12.0,14.364785478259153,deep_crustal_MASH,mantle_melting
TargetBinKFold,ElasticNet,P_kbar,opx_liq,raw,536,8.9999997615814,8.9999997615814,8.28944644832222,deep_crustal_MASH,MORB
TargetBinKFold,ElasticNet,P_kbar,opx_liq,raw,537,8.9999997615814,8.9999997615814,13.02639051988362,deep_crustal_MASH,MORB
TargetBinKFold,ElasticNet,P_kbar,opx_liq,raw,538,12.999999523163,12.999999523163,15.7086744971907,deep_crustal_MASH,MORB
TargetBinKFold,ElasticNet,P_kbar,opx_liq,raw,539,8.9999997615814,8.9999997615814,10.071803023230924,deep_crustal_MASH,MORB
TargetBinKFold,ElasticNet,P_kbar,opx_liq,raw,540,16.000000238419002,16.000000238419002,19.386130792714653,lithospheric_mantle,MORB
TargetBinKFold,ElasticNet,P_kbar,opx_liq,raw,541,11.000000238419002,11.000000238419002,14.436425711424038,deep_crustal_MASH,MORB
TargetBinKFold,ElasticNet,P_kbar,opx_liq,raw,542,16.000000238419002,16.000000238419002,20.78692481058672,lithospheric_mantle,MORB
TargetBinKFold,ElasticNet,P_kbar,opx_liq,raw,543,16.000000238419002,16.000000238419002,19.526392319977113,lithospheric_mantle,MORB
TargetBinKFold,ElasticNet,P_kbar,opx_liq,raw,544,12.999999523163,12.999999523163,16.23166178506441,deep_crustal_MASH,MORB
TargetBinKFold,ElasticNet,P_kbar,opx_liq,raw,545,16.000000238419002,16.000000238419002,16.71821644130569,lithospheric_mantle,MORB
TargetBinKFold,ElasticNet,P_kbar,opx_liq,raw,546,8.9999997615814,8.9999997615814,9.77389658538316,deep_crustal_MASH,MORB
TargetBinKFold,ElasticNet,P_kbar,opx_liq,raw,547,24.000000953674,24.000000953674,30.513562617130766,lithospheric_mantle,MORB
TargetBinKFold,ElasticNet,P_kbar,opx_liq,raw,548,24.000000953674,24.000000953674,28.47400671703191,lithospheric_mantle,MORB
TargetBinKFold,ElasticNet,P_kbar,opx_liq,raw,549,13.0,13.0,20.758821789975194,deep_crustal_MASH,mantle_melting
TargetBinKFold,ElasticNet,P_kbar,opx_liq,raw,550,15.0,15.0,9.190284786155123,lithospheric_mantle,other
TargetBinKFold,ElasticNet,P_kbar,opx_liq,raw,551,20.0,20.0,5.482176135709697,lithospheric_mantle,other
TargetBinKFold,ElasticNet,P_kbar,opx_liq,raw,552,15.0,15.0,4.8754232386172545,lithospheric_mantle,other
TargetBinKFold,ElasticNet,P_kbar,opx_liq,raw,553,10.0,10.0,12.084873335884293,deep_crustal_MASH,mantle_melting
TargetBinKFold,ElasticNet,P_kbar,opx_liq,raw,554,10.0,10.0,11.646443007597172,deep_crustal_MASH,mantle_melting
TargetBinKFold,ElasticNet,P_kbar,opx_liq,raw,555,10.0,10.0,9.624798301062915,deep_crustal_MASH,mantle_melting
TargetBinKFold,ElasticNet,P_kbar,opx_liq,raw,556,10.0,10.0,9.629165493756387,deep_crustal_MASH,mantle_melting
TargetBinKFold,ElasticNet,P_kbar,opx_liq,raw,557,10.0,10.0,9.379328683735913,deep_crustal_MASH,mantle_melting
TargetBinKFold,ElasticNet,P_kbar,opx_liq,raw,558,10.0,10.0,8.660252088247653,deep_crustal_MASH,mantle_melting
TargetBinKFold,ElasticNet,P_kbar,opx_liq,raw,559,10.0,10.0,11.223266127139695,deep_crustal_MASH,mantle_melting
TargetBinKFold,ElasticNet,P_kbar,opx_liq,raw,560,10.0,10.0,12.927245799654017,deep_crustal_MASH,mantle_melting
TargetBinKFold,ElasticNet,P_kbar,opx_liq,raw,561,10.0,10.0,13.491017777465682,deep_crustal_MASH,mantle_melting
TargetBinKFold,ElasticNet,P_kbar,opx_liq,raw,562,10.0,10.0,12.71325441646671,deep_crustal_MASH,mantle_melting
TargetBinKFold,ElasticNet,P_kbar,opx_liq,raw,563,30.0,30.0,16.374335627943033,deeper_mantle,other
TargetBinKFold,ElasticNet,P_kbar,opx_liq,raw,564,30.0,30.0,15.136663846276244,deeper_mantle,other
TargetBinKFold,ElasticNet,P_kbar,opx_liq,raw,565,30.0,30.0,16.073876937174923,deeper_mantle,other
TargetBinKFold,ElasticNet,P_kbar,opx_liq,raw,566,30.0,30.0,18.074120900882324,deeper_mantle,other
TargetBinKFold,ElasticNet,P_kbar,opx_liq,raw,567,30.0,30.0,17.18166677638643,deeper_mantle,other
TargetBinKFold,ElasticNet,P_kbar,opx_liq,raw,568,10.0,10.0,12.723553878027683,deep_crustal_MASH,mantle_melting
TargetBinKFold,ElasticNet,P_kbar,opx_liq,raw,569,10.0,10.0,11.870608303463127,deep_crustal_MASH,mantle_melting
TargetBinKFold,ElasticNet,P_kbar,opx_liq,raw,570,12.999999523163,12.999999523163,12.922951072946892,deep_crustal_MASH,other
TargetBinKFold,ElasticNet,P_kbar,opx_liq,raw,571,12.999999523163,12.999999523163,12.514972325484086,deep_crustal_MASH,other
TargetBinKFold,ElasticNet,P_kbar,opx_liq,raw,572,12.999999761581499,12.999999761581499,11.270459075537303,deep_crustal_MASH,other
TargetBinKFold,ElasticNet,P_kbar,opx_liq,raw,573,12.999999523163,12.999999523163,13.667968423468302,deep_crustal_MASH,other
TargetBinKFold,ElasticNet,P_kbar,opx_liq,raw,574,10.0,10.0,10.022639911545536,deep_crustal_MASH,other
TargetBinKFold,ElasticNet,P_kbar,opx_liq,raw,575,0.00099999997473788,0.00099999997473788,4.431670650220758,shallow_crustal,other
TargetBinKFold,ElasticNet,P_kbar,opx_liq,raw,576,6.999999880790701,6.999999880790701,7.418284552148041,deep_crustal_MASH,other
TargetBinKFold,ElasticNet,P_kbar,opx_liq,raw,577,10.0,10.0,10.007583708674245,deep_crustal_MASH,other
TargetBinKFold,ElasticNet,P_kbar,opx_liq,raw,578,10.0,10.0,12.806244041034537,deep_crustal_MASH,other
TargetBinKFold,ElasticNet,P_kbar,opx_liq,raw,579,6.999999880790701,6.999999880790701,10.198181486368696,deep_crustal_MASH,other
TargetBinKFold,ElasticNet,P_kbar,opx_liq,raw,580,27.999999523163,27.999999523163,26.071217431280225,lithospheric_mantle,MORB
TargetBinKFold,ElasticNet,P_kbar,opx_liq,raw,581,27.999999523163,27.999999523163,26.029529335696555,lithospheric_mantle,MORB
TargetBinKFold,ElasticNet,P_kbar,opx_liq,raw,582,27.999999523163,27.999999523163,26.596135987777025,lithospheric_mantle,MORB
TargetBinKFold,ElasticNet,P_kbar,opx_liq,raw,583,15.0,15.0,4.558231646108228,lithospheric_mantle,mantle_melting
TargetBinKFold,ElasticNet,P_kbar,opx_liq,raw,584,15.0,15.0,7.15970981601477,lithospheric_mantle,mantle_melting
TargetBinKFold,ElasticNet,P_kbar,opx_liq,raw,585,20.0,20.0,8.577598813058287,lithospheric_mantle,mantle_melting
TargetBinKFold,ElasticNet,P_kbar,opx_liq,raw,586,20.0,20.0,12.541402969232188,lithospheric_mantle,mantle_melting
TargetBinKFold,ElasticNet,P_kbar,opx_liq,raw,587,15.0,15.0,15.271834518525523,lithospheric_mantle,mantle_melting
TargetBinKFold,ElasticNet,P_kbar,opx_liq,raw,588,20.0,20.0,18.89165661844528,lithospheric_mantle,mantle_melting
TargetBinKFold,ElasticNet,P_kbar,opx_liq,raw,589,20.0,20.0,10.909630084583393,lithospheric_mantle,mantle_melting
TargetBinKFold,ElasticNet,P_kbar,opx_liq,raw,590,15.0,15.0,5.931406511628246,lithospheric_mantle,mantle_melting
TargetBinKFold,ElasticNet,P_kbar,opx_liq,raw,591,20.0,20.0,12.835429962128297,lithospheric_mantle,mantle_melting
TargetBinKFold,ElasticNet,P_kbar,opx_liq,raw,592,20.0,20.0,20.825950971514995,lithospheric_mantle,mantle_melting
TargetBinKFold,ElasticNet,P_kbar,opx_liq,raw,593,20.0,20.0,11.992261715803846,lithospheric_mantle,mantle_melting
TargetBinKFold,ElasticNet,P_kbar,opx_liq,raw,594,20.0,20.0,22.462232419778363,lithospheric_mantle,mantle_melting
TargetBinKFold,ElasticNet,P_kbar,opx_liq,raw,595,15.0,15.0,16.990540107903506,lithospheric_mantle,mantle_melting
TargetBinKFold,ElasticNet,P_kbar,opx_liq,raw,596,20.0,20.0,20.80718429051962,lithospheric_mantle,mantle_melting
TargetBinKFold,ElasticNet,P_kbar,opx_liq,raw,597,0.001,0.001,1.6353462639374143,shallow_crustal,other
TargetBinKFold,ElasticNet,P_kbar,opx_liq,raw,598,0.001,0.001,0.7307032869546948,shallow_crustal,other
TargetBinKFold,ElasticNet,P_kbar,opx_liq,raw,599,0.001,0.001,-1.800255604013815,shallow_crustal,other
LeaveOneRegionOut,ElasticNet,P_kbar,opx_liq,raw,0,12.496285693092789,12.496285693092789,8.46031079573493,deep_crustal_MASH,other
LeaveOneRegionOut,ElasticNet,P_kbar,opx_liq,raw,1,4.9849998950958,4.9849998950958,8.199762214384624,shallow_crustal,basalt
LeaveOneRegionOut,ElasticNet,P_kbar,opx_liq,raw,2,0.001,0.001,2.5457112092938843,shallow_crustal,other
LeaveOneRegionOut,ElasticNet,P_kbar,opx_liq,raw,3,0.001,0.001,5.5199657116223895,shallow_crustal,other
LeaveOneRegionOut,ElasticNet,P_kbar,opx_liq,raw,4,3.0000001192093,3.0000001192093,9.732936291761659,shallow_crustal,metamorphic
LeaveOneRegionOut,ElasticNet,P_kbar,opx_liq,raw,5,5.0,5.0,8.762857255416122,deep_crustal_MASH,metamorphic
LeaveOneRegionOut,ElasticNet,P_kbar,opx_liq,raw,6,3.0000001192093,3.0000001192093,27.214355754269917,shallow_crustal,metamorphic
LeaveOneRegionOut,ElasticNet,P_kbar,opx_liq,raw,7,1.0000000149012,1.0000000149012,3.7377425713321415,shallow_crustal,arc_silicic
LeaveOneRegionOut,ElasticNet,P_kbar,opx_liq,raw,8,1.0000000149012,1.0000000149012,10.966398745076944,shallow_crustal,arc_silicic
LeaveOneRegionOut,ElasticNet,P_kbar,opx_liq,raw,9,11.00000001490115,11.00000001490115,9.850239833112886,deep_crustal_MASH,other
LeaveOneRegionOut,ElasticNet,P_kbar,opx_liq,raw,10,6.100000236183325,6.100000236183325,17.84529968310746,deep_crustal_MASH,other
LeaveOneRegionOut,ElasticNet,P_kbar,opx_liq,raw,11,4.8249998688698,4.8249998688698,5.335168694657874,shallow_crustal,basalt
LeaveOneRegionOut,ElasticNet,P_kbar,opx_liq,raw,12,2.0000000298022997,2.0000000298022997,8.116783521307363,shallow_crustal,other
LeaveOneRegionOut,ElasticNet,P_kbar,opx_liq,raw,13,0.001,0.001,2.6992715315480353,shallow_crustal,other
LeaveOneRegionOut,ElasticNet,P_kbar,opx_liq,raw,14,11.02628122898306,11.02628122898306,20.921551560001312,deep_crustal_MASH,other
LeaveOneRegionOut,ElasticNet,P_kbar,opx_liq,raw,15,35.66666682561233,35.66666682561233,19.12804083637773,deeper_mantle,other
LeaveOneRegionOut,ElasticNet,P_kbar,opx_liq,raw,16,0.001,0.001,7.386021052340313,shallow_crustal,other
LeaveOneRegionOut,ElasticNet,P_kbar,opx_liq,raw,17,5.0,5.0,9.652631126115184,deep_crustal_MASH,other
LeaveOneRegionOut,ElasticNet,P_kbar,opx_liq,raw,18,11.119025624851448,11.119025624851448,14.048083696992554,deep_crustal_MASH,other
LeaveOneRegionOut,ElasticNet,P_kbar,opx_liq,raw,19,8.78518178494235,8.78518178494235,11.772612518094837,deep_crustal_MASH,mantle_melting
LeaveOneRegionOut,ElasticNet,P_kbar,opx_liq,raw,20,9.275884610137489,9.275884610137489,1.995386946866752,deep_crustal_MASH,mantle_melting
LeaveOneRegionOut,ElasticNet,P_kbar,opx_liq,raw,21,10.399999991059305,10.399999991059305,16.817492542992326,deep_crustal_MASH,basalt
LeaveOneRegionOut,ElasticNet,P_kbar,opx_liq,raw,22,15.0,15.0,18.361329791656516,lithospheric_mantle,mantle_melting
LeaveOneRegionOut,ElasticNet,P_kbar,opx_liq,raw,23,12.28362969507237,12.28362969507237,13.440111100700104,deep_crustal_MASH,mantle_melting
LeaveOneRegionOut,ElasticNet,P_kbar,opx_liq,raw,24,10.0,10.0,15.820056875366445,deep_crustal_MASH,basalt
LeaveOneRegionOut,ElasticNet,P_kbar,opx_liq,raw,25,0.00099999997473788,0.00099999997473788,18.227825295089772,shallow_crustal,basalt
LeaveOneRegionOut,ElasticNet,P_kbar,opx_liq,raw,26,12.56707144985703,12.56707144985703,16.748120256862606,deep_crustal_MASH,mantle_melting
LeaveOneRegionOut,ElasticNet,P_kbar,opx_liq,raw,27,8.086285725460572,8.086285725460572,6.6624323931083795,deep_crustal_MASH,basalt
LeaveOneRegionOut,ElasticNet,P_kbar,opx_liq,raw,28,7.659611106178159,7.659611106178159,-6.486705005588449,deep_crustal_MASH,basalt
LeaveOneRegionOut,ElasticNet,P_kbar,opx_liq,raw,29,20.0,20.0,20.668711489894037,lithospheric_mantle,partitioning
LeaveOneRegionOut,ElasticNet,P_kbar,opx_liq,raw,30,5.0,5.0,-0.0948637470353102,deep_crustal_MASH,metamorphic
LeaveOneRegionOut,ElasticNet,P_kbar,opx_liq,raw,31,10.0,10.0,8.759427098946814,deep_crustal_MASH,basalt
LeaveOneRegionOut,ElasticNet,P_kbar,opx_liq,raw,32,30.0,30.0,23.515572254696053,deeper_mantle,mantle_melting
LeaveOneRegionOut,ElasticNet,P_kbar,opx_liq,raw,33,30.0,30.0,17.94506723594304,deeper_mantle,mantle_melting
LeaveOneRegionOut,ElasticNet,P_kbar,opx_liq,raw,34,7.195500025760334,7.195500025760334,1.1579356830649612,deep_crustal_MASH,basalt
LeaveOneRegionOut,ElasticNet,P_kbar,opx_liq,raw,35,5.369384613849325,5.369384613849325,17.133721688953916,deep_crustal_MASH,arc_silicic
LeaveOneRegionOut,ElasticNet,P_kbar,opx_liq,raw,36,30.0,30.0,27.56910843574394,deeper_mantle,partitioning
LeaveOneRegionOut,ElasticNet,P_kbar,opx_liq,raw,37,20.0,20.0,23.074627955832526,lithospheric_mantle,basalt
LeaveOneRegionOut,ElasticNet,P_kbar,opx_liq,raw,38,40.0,40.0,24.85045807158097,deeper_mantle,mantle_melting
LeaveOneRegionOut,ElasticNet,P_kbar,opx_liq,raw,39,40.0,40.0,29.543822408138507,deeper_mantle,mantle_melting
LeaveOneRegionOut,ElasticNet,P_kbar,opx_liq,raw,40,45.0,45.0,31.13804531106167,deeper_mantle,mantle_melting
LeaveOneRegionOut,ElasticNet,P_kbar,opx_liq,raw,41,6.469000022348593,6.469000022348593,0.008962880026153641,deep_crustal_MASH,mantle_melting
LeaveOneRegionOut,ElasticNet,P_kbar,opx_liq,raw,42,7.022909071941695,7.022909071941695,3.3476863565881994,deep_crustal_MASH,mantle_melting
LeaveOneRegionOut,ElasticNet,P_kbar,opx_liq,raw,43,10.0,10.0,5.227370574892733,deep_crustal_MASH,MORB
LeaveOneRegionOut,ElasticNet,P_kbar,opx_liq,raw,44,10.0,10.0,5.821922167972407,deep_crustal_MASH,MORB
LeaveOneRegionOut,ElasticNet,P_kbar,opx_liq,raw,45,20.0,20.0,19.622857741377235,lithospheric_mantle,MORB
LeaveOneRegionOut,ElasticNet,P_kbar,opx_liq,raw,46,7.87644445708062,7.87644445708062,2.7461866741121526,deep_crustal_MASH,mantle_melting
LeaveOneRegionOut,ElasticNet,P_kbar,opx_liq,raw,47,9.693111129707756,9.693111129707756,8.919904896680883,deep_crustal_MASH,arc_silicic
LeaveOneRegionOut,ElasticNet,P_kbar,opx_liq,raw,48,10.0,10.0,7.198835381343008,deep_crustal_MASH,mantle_melting
LeaveOneRegionOut,ElasticNet,P_kbar,opx_liq,raw,49,15.250125059604626,15.250125059604626,8.312656198529954,lithospheric_mantle,mantle_melting
LeaveOneRegionOut,ElasticNet,P_kbar,opx_liq,raw,50,17.999999952316198,17.999999952316198,17.34262011615962,lithospheric_mantle,mantle_melting
LeaveOneRegionOut,ElasticNet,P_kbar,opx_liq,raw,51,60.0,60.0,29.3388676215498,deeper_mantle,mantle_melting
LeaveOneRegionOut,ElasticNet,P_kbar,opx_liq,raw,52,1.1000000126659748,1.1000000126659748,11.624140896941423,shallow_crustal,other
LeaveOneRegionOut,ElasticNet,P_kbar,opx_liq,raw,53,0.0010132500028703,0.0010132500028703,6.143519074200837,shallow_crustal,basalt
LeaveOneRegionOut,ElasticNet,P_kbar,opx_liq,raw,54,0.0010132500028703,0.0010132500028703,1.874972174187068,shallow_crustal,basalt
LeaveOneRegionOut,ElasticNet,P_kbar,opx_liq,raw,55,0.00099999997473788,0.00099999997473788,4.88740537504836,shallow_crustal,arc_silicic
LeaveOneRegionOut,ElasticNet,P_kbar,opx_liq,raw,56,6.666999999991579,6.666999999991579,12.068320465152407,deep_crustal_MASH,other
LeaveOneRegionOut,ElasticNet,P_kbar,opx_liq,raw,57,7.500499999987369,7.500499999987369,15.854989494629017,deep_crustal_MASH,other
LeaveOneRegionOut,ElasticNet,P_kbar,opx_liq,raw,58,15.0,15.0,18.139551045086186,lithospheric_mantle,other
LeaveOneRegionOut,ElasticNet,P_kbar,opx_liq,raw,59,7.500499999987369,7.500499999987369,16.495724707318047,deep_crustal_MASH,other
LeaveOneRegionOut,ElasticNet,P_kbar,opx_liq,raw,60,15.0,15.0,16.252622464218593,lithospheric_mantle,other
LeaveOneRegionOut,ElasticNet,P_kbar,opx_liq,raw,61,10.0,10.0,11.207115786229766,deep_crustal_MASH,other
LeaveOneRegionOut,ElasticNet,P_kbar,opx_liq,raw,62,10.000333333324912,10.000333333324912,8.876467705087663,deep_crustal_MASH,other
LeaveOneRegionOut,ElasticNet,P_kbar,opx_liq,raw,63,13.500000238418501,13.500000238418501,12.247153361617986,deep_crustal_MASH,other
LeaveOneRegionOut,ElasticNet,P_kbar,opx_liq,raw,64,6.666999999991579,6.666999999991579,9.579918801211448,deep_crustal_MASH,other
LeaveOneRegionOut,ElasticNet,P_kbar,opx_liq,raw,65,20.0,20.0,10.271650165786946,lithospheric_mantle,other
LeaveOneRegionOut,ElasticNet,P_kbar,opx_liq,raw,66,15.0,15.0,18.1780147002174,lithospheric_mantle,basalt
LeaveOneRegionOut,ElasticNet,P_kbar,opx_liq,raw,67,25.0,25.0,21.253002306113185,lithospheric_mantle,basalt
LeaveOneRegionOut,ElasticNet,P_kbar,opx_liq,raw,68,20.0,20.0,17.453518686710424,lithospheric_mantle,basalt
LeaveOneRegionOut,ElasticNet,P_kbar,opx_liq,raw,69,8.0,8.0,14.81481953574503,deep_crustal_MASH,basalt
LeaveOneRegionOut,ElasticNet,P_kbar,opx_liq,raw,70,20.0,20.0,11.945960185717228,lithospheric_mantle,other
LeaveOneRegionOut,ElasticNet,P_kbar,opx_liq,raw,71,21.0,21.0,21.90903831294898,lithospheric_mantle,other
LeaveOneRegionOut,ElasticNet,P_kbar,opx_liq,raw,72,20.0,20.0,22.502629664955343,lithospheric_mantle,other
LeaveOneRegionOut,ElasticNet,P_kbar,opx_liq,raw,73,21.0,21.0,10.872126981660127,lithospheric_mantle,other
LeaveOneRegionOut,ElasticNet,P_kbar,opx_liq,raw,74,27.999999523163,27.999999523163,33.5728078112585,lithospheric_mantle,other
LeaveOneRegionOut,ElasticNet,P_kbar,opx_liq,raw,75,38.9999997615815,38.9999997615815,40.42317576907861,deeper_mantle,other
LeaveOneRegionOut,ElasticNet,P_kbar,opx_liq,raw,76,9.3000000715256,9.3000000715256,8.134779199436014,deep_crustal_MASH,basalt
LeaveOneRegionOut,ElasticNet,P_kbar,opx_liq,raw,77,9.3000000715256,9.3000000715256,11.643479264909253,deep_crustal_MASH,basalt
LeaveOneRegionOut,ElasticNet,P_kbar,opx_liq,raw,78,12.000000476837,12.000000476837,23.733250273820648,deep_crustal_MASH,other
LeaveOneRegionOut,ElasticNet,P_kbar,opx_liq,raw,79,30.0,30.0,22.262851821507468,deeper_mantle,mantle_melting
LeaveOneRegionOut,ElasticNet,P_kbar,opx_liq,raw,80,30.0,30.0,21.23204344421841,deeper_mantle,mantle_melting
LeaveOneRegionOut,ElasticNet,P_kbar,opx_liq,raw,81,30.0,30.0,29.33348363126817,deeper_mantle,mantle_melting
LeaveOneRegionOut,ElasticNet,P_kbar,opx_liq,raw,82,30.0,30.0,26.20124235753208,deeper_mantle,mantle_melting
LeaveOneRegionOut,ElasticNet,P_kbar,opx_liq,raw,83,30.0,30.0,30.076616284081837,deeper_mantle,mantle_melting
LeaveOneRegionOut,ElasticNet,P_kbar,opx_liq,raw,84,30.0,30.0,23.666793657381376,deeper_mantle,mantle_melting
LeaveOneRegionOut,ElasticNet,P_kbar,opx_liq,raw,85,30.0,30.0,29.176380771010635,deeper_mantle,mantle_melting
LeaveOneRegionOut,ElasticNet,P_kbar,opx_liq,raw,86,30.0,30.0,24.018619725984834,deeper_mantle,mantle_melting
LeaveOneRegionOut,ElasticNet,P_kbar,opx_liq,raw,87,30.0,30.0,26.816865895743643,deeper_mantle,mantle_melting
LeaveOneRegionOut,ElasticNet,P_kbar,opx_liq,raw,88,30.0,30.0,25.187265478656343,deeper_mantle,mantle_melting
LeaveOneRegionOut,ElasticNet,P_kbar,opx_liq,raw,89,22.0,22.0,20.218018782117355,lithospheric_mantle,basalt
LeaveOneRegionOut,ElasticNet,P_kbar,opx_liq,raw,90,30.0,30.0,22.5728592735777,deeper_mantle,mantle_melting
LeaveOneRegionOut,ElasticNet,P_kbar,opx_liq,raw,91,30.0,30.0,25.130151642705947,deeper_mantle,basalt
LeaveOneRegionOut,ElasticNet,P_kbar,opx_liq,raw,92,30.0,30.0,25.127367543498572,deeper_mantle,mantle_melting
LeaveOneRegionOut,ElasticNet,P_kbar,opx_liq,raw,93,30.0,30.0,22.115439175131193,deeper_mantle,mantle_melting
LeaveOneRegionOut,ElasticNet,P_kbar,opx_liq,raw,94,25.0,25.0,22.048630337298658,lithospheric_mantle,basalt
LeaveOneRegionOut,ElasticNet,P_kbar,opx_liq,raw,95,20.0,20.0,18.42890641057094,lithospheric_mantle,basalt
LeaveOneRegionOut,ElasticNet,P_kbar,opx_liq,raw,96,8.0,8.0,13.715491150931575,deep_crustal_MASH,basalt
LeaveOneRegionOut,ElasticNet,P_kbar,opx_liq,raw,97,30.0,30.0,22.05274704350842,deeper_mantle,basalt
LeaveOneRegionOut,ElasticNet,P_kbar,opx_liq,raw,98,30.0,30.0,23.17963002594842,deeper_mantle,mantle_melting
LeaveOneRegionOut,ElasticNet,P_kbar,opx_liq,raw,99,30.0,30.0,25.46967421914644,deeper_mantle,mantle_melting
LeaveOneRegionOut,ElasticNet,P_kbar,opx_liq,raw,100,10.0,10.0,2.044061220425064,deep_crustal_MASH,metamorphic
LeaveOneRegionOut,ElasticNet,P_kbar,opx_liq,raw,101,10.0,10.0,7.677503370604263,deep_crustal_MASH,metamorphic
LeaveOneRegionOut,ElasticNet,P_kbar,opx_liq,raw,102,10.0,10.0,-1.7511803359874296,deep_crustal_MASH,metamorphic
LeaveOneRegionOut,ElasticNet,P_kbar,opx_liq,raw,103,6.999999880790701,6.999999880790701,5.8509361145543,deep_crustal_MASH,metamorphic
LeaveOneRegionOut,ElasticNet,P_kbar,opx_liq,raw,104,10.0,10.0,1.0869637715783078,deep_crustal_MASH,metamorphic
LeaveOneRegionOut,ElasticNet,P_kbar,opx_liq,raw,105,15.0,15.0,1.932506218156277,lithospheric_mantle,metamorphic
LeaveOneRegionOut,ElasticNet,P_kbar,opx_liq,raw,106,10.0,10.0,7.625500745010288,deep_crustal_MASH,metamorphic
LeaveOneRegionOut,ElasticNet,P_kbar,opx_liq,raw,107,6.999999880790701,6.999999880790701,5.701994990858733,deep_crustal_MASH,metamorphic
LeaveOneRegionOut,ElasticNet,P_kbar,opx_liq,raw,108,6.999999880790701,6.999999880790701,5.285915507028858,deep_crustal_MASH,metamorphic
LeaveOneRegionOut,ElasticNet,P_kbar,opx_liq,raw,109,12.5,12.5,8.291619224803629,deep_crustal_MASH,metamorphic
LeaveOneRegionOut,ElasticNet,P_kbar,opx_liq,raw,110,10.0,10.0,9.213112119604606,deep_crustal_MASH,metamorphic
LeaveOneRegionOut,ElasticNet,P_kbar,opx_liq,raw,111,10.0,10.0,8.671026078525292,deep_crustal_MASH,metamorphic
LeaveOneRegionOut,ElasticNet,P_kbar,opx_liq,raw,112,6.999999880790701,6.999999880790701,9.112820849382528,deep_crustal_MASH,basalt
LeaveOneRegionOut,ElasticNet,P_kbar,opx_liq,raw,113,5.0,5.0,0.021973918762032696,deep_crustal_MASH,basalt
LeaveOneRegionOut,ElasticNet,P_kbar,opx_liq,raw,114,12.000000476837,12.000000476837,1.2268478932442743,deep_crustal_MASH,basalt
LeaveOneRegionOut,ElasticNet,P_kbar,opx_liq,raw,115,21.800000667572,21.800000667572,22.721157847661818,lithospheric_mantle,other
LeaveOneRegionOut,ElasticNet,P_kbar,opx_liq,raw,116,12.89999961853,12.89999961853,16.945725380442703,deep_crustal_MASH,other
LeaveOneRegionOut,ElasticNet,P_kbar,opx_liq,raw,117,27.999999523163,27.999999523163,12.839477675042831,lithospheric_mantle,other
LeaveOneRegionOut,ElasticNet,P_kbar,opx_liq,raw,118,16.000000238419002,16.000000238419002,18.670927811101837,lithospheric_mantle,mantle_melting
LeaveOneRegionOut,ElasticNet,P_kbar,opx_liq,raw,119,12.000000238418501,12.000000238418501,16.141158125488975,deep_crustal_MASH,mantle_melting
LeaveOneRegionOut,ElasticNet,P_kbar,opx_liq,raw,120,11.000000238418501,11.000000238418501,16.435226308600445,deep_crustal_MASH,mantle_melting
LeaveOneRegionOut,ElasticNet,P_kbar,opx_liq,raw,121,16.000000238419002,16.000000238419002,17.96930177649754,lithospheric_mantle,mantle_melting
LeaveOneRegionOut,ElasticNet,P_kbar,opx_liq,raw,122,12.000000476837,12.000000476837,15.429178822654105,deep_crustal_MASH,mantle_melting
LeaveOneRegionOut,ElasticNet,P_kbar,opx_liq,raw,123,12.000000476837,12.000000476837,16.426625939338486,deep_crustal_MASH,mantle_melting
LeaveOneRegionOut,ElasticNet,P_kbar,opx_liq,raw,124,12.000000476837,12.000000476837,15.344271894685463,deep_crustal_MASH,mantle_melting
LeaveOneRegionOut,ElasticNet,P_kbar,opx_liq,raw,125,12.000000238418501,12.000000238418501,15.273548888009318,deep_crustal_MASH,mantle_melting
LeaveOneRegionOut,ElasticNet,P_kbar,opx_liq,raw,126,12.000000476837,12.000000476837,13.833303799817404,deep_crustal_MASH,mantle_melting
LeaveOneRegionOut,ElasticNet,P_kbar,opx_liq,raw,127,12.000000476837,12.000000476837,15.136597685061174,deep_crustal_MASH,mantle_melting
LeaveOneRegionOut,ElasticNet,P_kbar,opx_liq,raw,128,16.000000238419002,16.000000238419002,19.576348417936657,lithospheric_mantle,mantle_melting
LeaveOneRegionOut,ElasticNet,P_kbar,opx_liq,raw,129,16.000000238419002,16.000000238419002,18.624231266296945,lithospheric_mantle,mantle_melting
LeaveOneRegionOut,ElasticNet,P_kbar,opx_liq,raw,130,20.0,20.0,20.438833795642374,lithospheric_mantle,mantle_melting
LeaveOneRegionOut,ElasticNet,P_kbar,opx_liq,raw,131,16.000000119209503,16.000000119209503,19.889218153407832,lithospheric_mantle,mantle_melting
LeaveOneRegionOut,ElasticNet,P_kbar,opx_liq,raw,132,12.000000476837,12.000000476837,13.191897587943926,deep_crustal_MASH,mantle_melting
LeaveOneRegionOut,ElasticNet,P_kbar,opx_liq,raw,133,12.000000476837,12.000000476837,13.873125335289938,deep_crustal_MASH,mantle_melting
LeaveOneRegionOut,ElasticNet,P_kbar,opx_liq,raw,134,12.000000476837,12.000000476837,15.43408943171972,deep_crustal_MASH,mantle_melting
LeaveOneRegionOut,ElasticNet,P_kbar,opx_liq,raw,135,16.000000119209503,16.000000119209503,18.957328866865517,lithospheric_mantle,mantle_melting
LeaveOneRegionOut,ElasticNet,P_kbar,opx_liq,raw,136,15.0,15.0,17.396131045296407,lithospheric_mantle,basalt
LeaveOneRegionOut,ElasticNet,P_kbar,opx_liq,raw,137,20.0,20.0,20.151128661258355,lithospheric_mantle,mantle_melting
LeaveOneRegionOut,ElasticNet,P_kbar,opx_liq,raw,138,0.0010132500028703,0.0010132500028703,0.3561976966721332,shallow_crustal,basalt
LeaveOneRegionOut,ElasticNet,P_kbar,opx_liq,raw,139,12.000000476837,12.000000476837,13.345655294742532,deep_crustal_MASH,mantle_melting
LeaveOneRegionOut,ElasticNet,P_kbar,opx_liq,raw,140,12.000000476837,12.000000476837,16.183317677446922,deep_crustal_MASH,mantle_melting
LeaveOneRegionOut,ElasticNet,P_kbar,opx_liq,raw,141,12.0,12.0,14.943114963759406,deep_crustal_MASH,basalt
LeaveOneRegionOut,ElasticNet,P_kbar,opx_liq,raw,142,15.0,15.0,16.8566562745849,lithospheric_mantle,basalt
LeaveOneRegionOut,ElasticNet,P_kbar,opx_liq,raw,143,17.0,17.0,16.95159817325792,lithospheric_mantle,basalt
LeaveOneRegionOut,ElasticNet,P_kbar,opx_liq,raw,144,8.0,8.0,14.527289568751861,deep_crustal_MASH,basalt
LeaveOneRegionOut,ElasticNet,P_kbar,opx_liq,raw,145,28.0,28.0,21.02677402881758,lithospheric_mantle,basalt
LeaveOneRegionOut,ElasticNet,P_kbar,opx_liq,raw,146,10.0,10.0,14.935552310624551,deep_crustal_MASH,basalt
LeaveOneRegionOut,ElasticNet,P_kbar,opx_liq,raw,147,12.000000476837,12.000000476837,10.18602220196739,deep_crustal_MASH,arc_silicic
LeaveOneRegionOut,ElasticNet,P_kbar,opx_liq,raw,148,12.000000476837,12.000000476837,10.083615690304487,deep_crustal_MASH,arc_silicic
LeaveOneRegionOut,ElasticNet,P_kbar,opx_liq,raw,149,12.000000476837,12.000000476837,9.888440951733255,deep_crustal_MASH,arc_silicic
LeaveOneRegionOut,ElasticNet,P_kbar,opx_liq,raw,150,12.000000476837,12.000000476837,9.99255935824134,deep_crustal_MASH,arc_silicic
LeaveOneRegionOut,ElasticNet,P_kbar,opx_liq,raw,151,12.000000476837,12.000000476837,10.02431059935905,deep_crustal_MASH,arc_silicic
LeaveOneRegionOut,ElasticNet,P_kbar,opx_liq,raw,152,12.000000476837,12.000000476837,9.259724031594677,deep_crustal_MASH,arc_silicic
LeaveOneRegionOut,ElasticNet,P_kbar,opx_liq,raw,153,12.000000476837,12.000000476837,10.584557111513996,deep_crustal_MASH,arc_silicic
LeaveOneRegionOut,ElasticNet,P_kbar,opx_liq,raw,154,12.000000476837,12.000000476837,10.1335804278348,deep_crustal_MASH,arc_silicic
LeaveOneRegionOut,ElasticNet,P_kbar,opx_liq,raw,155,12.000000476837,12.000000476837,8.864932039499795,deep_crustal_MASH,arc_silicic
LeaveOneRegionOut,ElasticNet,P_kbar,opx_liq,raw,156,12.000000476837,12.000000476837,9.003086050136767,deep_crustal_MASH,arc_silicic
LeaveOneRegionOut,ElasticNet,P_kbar,opx_liq,raw,157,0.0010132500028703,0.0010132500028703,2.895168434345967,shallow_crustal,basalt
LeaveOneRegionOut,ElasticNet,P_kbar,opx_liq,raw,158,0.0010132500028703,0.0010132500028703,1.8716097424497313,shallow_crustal,basalt
LeaveOneRegionOut,ElasticNet,P_kbar,opx_liq,raw,159,12.000000476837,12.000000476837,3.1600850064555726,deep_crustal_MASH,arc_silicic
LeaveOneRegionOut,ElasticNet,P_kbar,opx_liq,raw,160,12.000000476837,12.000000476837,8.050301463010584,deep_crustal_MASH,arc_silicic
LeaveOneRegionOut,ElasticNet,P_kbar,opx_liq,raw,161,12.000000476837,12.000000476837,5.058741448001121,deep_crustal_MASH,arc_silicic
LeaveOneRegionOut,ElasticNet,P_kbar,opx_liq,raw,162,12.000000476837,12.000000476837,6.51262345319632,deep_crustal_MASH,arc_silicic
LeaveOneRegionOut,ElasticNet,P_kbar,opx_liq,raw,163,12.000000476837,12.000000476837,4.117884825835137,deep_crustal_MASH,arc_silicic
LeaveOneRegionOut,ElasticNet,P_kbar,opx_liq,raw,164,12.000000476837,12.000000476837,6.177436480611586,deep_crustal_MASH,arc_silicic
LeaveOneRegionOut,ElasticNet,P_kbar,opx_liq,raw,165,12.000000476837,12.000000476837,9.411089564605323,deep_crustal_MASH,arc_silicic
LeaveOneRegionOut,ElasticNet,P_kbar,opx_liq,raw,166,12.000000476837,12.000000476837,3.999286140151442,deep_crustal_MASH,arc_silicic
LeaveOneRegionOut,ElasticNet,P_kbar,opx_liq,raw,167,12.000000476837,12.000000476837,9.457950093212132,deep_crustal_MASH,arc_silicic
LeaveOneRegionOut,ElasticNet,P_kbar,opx_liq,raw,168,20.0,20.0,20.21292083983969,lithospheric_mantle,mantle_melting
LeaveOneRegionOut,ElasticNet,P_kbar,opx_liq,raw,169,20.0,20.0,20.1967313655071,lithospheric_mantle,mantle_melting
LeaveOneRegionOut,ElasticNet,P_kbar,opx_liq,raw,170,20.0,20.0,17.95991182975105,lithospheric_mantle,mantle_melting
LeaveOneRegionOut,ElasticNet,P_kbar,opx_liq,raw,171,10.0,10.0,12.861083435091798,deep_crustal_MASH,mantle_melting
LeaveOneRegionOut,ElasticNet,P_kbar,opx_liq,raw,172,10.0,10.0,11.981153673127272,deep_crustal_MASH,mantle_melting
LeaveOneRegionOut,ElasticNet,P_kbar,opx_liq,raw,173,10.0,10.0,11.558658270194057,deep_crustal_MASH,mantle_melting
LeaveOneRegionOut,ElasticNet,P_kbar,opx_liq,raw,174,24.0,24.0,21.161290523236566,lithospheric_mantle,mantle_melting
LeaveOneRegionOut,ElasticNet,P_kbar,opx_liq,raw,175,26.0,26.0,16.11825398167324,lithospheric_mantle,mantle_melting
LeaveOneRegionOut,ElasticNet,P_kbar,opx_liq,raw,176,24.0,24.0,22.461511223997604,lithospheric_mantle,mantle_melting
LeaveOneRegionOut,ElasticNet,P_kbar,opx_liq,raw,177,22.0,22.0,21.681624626540767,lithospheric_mantle,mantle_melting
LeaveOneRegionOut,ElasticNet,P_kbar,opx_liq,raw,178,22.0,22.0,23.25486718276312,lithospheric_mantle,mantle_melting
LeaveOneRegionOut,ElasticNet,P_kbar,opx_liq,raw,179,20.0,20.0,6.51346250018552,lithospheric_mantle,arc_silicic
LeaveOneRegionOut,ElasticNet,P_kbar,opx_liq,raw,180,20.0,20.0,10.770365176660288,lithospheric_mantle,arc_silicic
LeaveOneRegionOut,ElasticNet,P_kbar,opx_liq,raw,181,5.0,5.0,9.55904931366933,deep_crustal_MASH,arc_silicic
LeaveOneRegionOut,ElasticNet,P_kbar,opx_liq,raw,182,2.1299999952316,2.1299999952316,4.52708261676932,shallow_crustal,arc_silicic
LeaveOneRegionOut,ElasticNet,P_kbar,opx_liq,raw,183,10.0,10.0,3.15434340421149,deep_crustal_MASH,basalt
LeaveOneRegionOut,ElasticNet,P_kbar,opx_liq,raw,184,12.000000476837,12.000000476837,12.278970780880641,deep_crustal_MASH,mantle_melting
LeaveOneRegionOut,ElasticNet,P_kbar,opx_liq,raw,185,10.0,10.0,11.886816710540012,deep_crustal_MASH,arc_silicic
LeaveOneRegionOut,ElasticNet,P_kbar,opx_liq,raw,186,10.0,10.0,9.266439670646236,deep_crustal_MASH,arc_silicic
LeaveOneRegionOut,ElasticNet,P_kbar,opx_liq,raw,187,10.0,10.0,10.53072381712895,deep_crustal_MASH,arc_silicic
LeaveOneRegionOut,ElasticNet,P_kbar,opx_liq,raw,188,10.0,10.0,14.6407078133629,deep_crustal_MASH,arc_silicic
LeaveOneRegionOut,ElasticNet,P_kbar,opx_liq,raw,189,15.0,15.0,14.520159317049668,lithospheric_mantle,arc_silicic
LeaveOneRegionOut,ElasticNet,P_kbar,opx_liq,raw,190,12.000000476837,12.000000476837,15.505465856026163,deep_crustal_MASH,arc_silicic
LeaveOneRegionOut,ElasticNet,P_kbar,opx_liq,raw,191,15.0,15.0,20.376761425510175,lithospheric_mantle,arc_silicic
LeaveOneRegionOut,ElasticNet,P_kbar,opx_liq,raw,192,15.0,15.0,15.083699055933641,lithospheric_mantle,other
LeaveOneRegionOut,ElasticNet,P_kbar,opx_liq,raw,193,0.00099999997473788,0.00099999997473788,1.7126814279364861,shallow_crustal,other
LeaveOneRegionOut,ElasticNet,P_kbar,opx_liq,raw,194,10.0,10.0,6.028231322128174,deep_crustal_MASH,other
LeaveOneRegionOut,ElasticNet,P_kbar,opx_liq,raw,195,10.0,10.0,8.73049012327647,deep_crustal_MASH,other
LeaveOneRegionOut,ElasticNet,P_kbar,opx_liq,raw,196,10.0,10.0,17.380414242998672,deep_crustal_MASH,other
LeaveOneRegionOut,ElasticNet,P_kbar,opx_liq,raw,197,10.0,10.0,11.192147636811919,deep_crustal_MASH,other
LeaveOneRegionOut,ElasticNet,P_kbar,opx_liq,raw,198,10.0,10.0,8.900771538007918,deep_crustal_MASH,other
LeaveOneRegionOut,ElasticNet,P_kbar,opx_liq,raw,199,10.0,10.0,16.36101343260289,deep_crustal_MASH,other
LeaveOneRegionOut,ElasticNet,P_kbar,opx_liq,raw,200,10.0,10.0,9.476409766546869,deep_crustal_MASH,other
LeaveOneRegionOut,ElasticNet,P_kbar,opx_liq,raw,201,10.0,10.0,9.844083105515473,deep_crustal_MASH,other
LeaveOneRegionOut,ElasticNet,P_kbar,opx_liq,raw,202,10.0,10.0,13.687618588010533,deep_crustal_MASH,other
LeaveOneRegionOut,ElasticNet,P_kbar,opx_liq,raw,203,10.0,10.0,8.91107247933468,deep_crustal_MASH,other
LeaveOneRegionOut,ElasticNet,P_kbar,opx_liq,raw,204,10.0,10.0,8.3162119722038,deep_crustal_MASH,other
LeaveOneRegionOut,ElasticNet,P_kbar,opx_liq,raw,205,10.0,10.0,8.802657783000592,deep_crustal_MASH,other
LeaveOneRegionOut,ElasticNet,P_kbar,opx_liq,raw,206,10.0,10.0,13.161571696508581,deep_crustal_MASH,other
LeaveOneRegionOut,ElasticNet,P_kbar,opx_liq,raw,207,10.0,10.0,11.728644783939863,deep_crustal_MASH,other
LeaveOneRegionOut,ElasticNet,P_kbar,opx_liq,raw,208,20.0,20.0,17.48131217407743,lithospheric_mantle,mantle_melting
LeaveOneRegionOut,ElasticNet,P_kbar,opx_liq,raw,209,2.5,2.5,6.495152152667584,shallow_crustal,other
LeaveOneRegionOut,ElasticNet,P_kbar,opx_liq,raw,210,2.5,2.5,7.0058236853761295,shallow_crustal,other
LeaveOneRegionOut,ElasticNet,P_kbar,opx_liq,raw,211,2.5,2.5,6.181836717692258,shallow_crustal,other
LeaveOneRegionOut,ElasticNet,P_kbar,opx_liq,raw,212,1.5000000596046001,1.5000000596046001,7.512315496694384,shallow_crustal,other
LeaveOneRegionOut,ElasticNet,P_kbar,opx_liq,raw,213,1.5000000596046001,1.5000000596046001,7.240179261337663,shallow_crustal,other
LeaveOneRegionOut,ElasticNet,P_kbar,opx_liq,raw,214,1.5000000596046001,1.5000000596046001,7.034130369248716,shallow_crustal,other
LeaveOneRegionOut,ElasticNet,P_kbar,opx_liq,raw,215,1.5000000596046001,1.5000000596046001,7.3139612479577725,shallow_crustal,other
LeaveOneRegionOut,ElasticNet,P_kbar,opx_liq,raw,216,10.0,10.0,8.933305202699687,deep_crustal_MASH,other
LeaveOneRegionOut,ElasticNet,P_kbar,opx_liq,raw,217,10.0,10.0,7.9740646884003965,deep_crustal_MASH,other
LeaveOneRegionOut,ElasticNet,P_kbar,opx_liq,raw,218,10.0,10.0,8.01141685574835,deep_crustal_MASH,other
LeaveOneRegionOut,ElasticNet,P_kbar,opx_liq,raw,219,10.0,10.0,10.096181297417592,deep_crustal_MASH,other
LeaveOneRegionOut,ElasticNet,P_kbar,opx_liq,raw,220,12.5,12.5,10.646251323170848,deep_crustal_MASH,other
LeaveOneRegionOut,ElasticNet,P_kbar,opx_liq,raw,221,10.0,10.0,4.761876489720826,deep_crustal_MASH,other
LeaveOneRegionOut,ElasticNet,P_kbar,opx_liq,raw,222,10.0,10.0,11.210504963470557,deep_crustal_MASH,basalt
LeaveOneRegionOut,ElasticNet,P_kbar,opx_liq,raw,223,15.0,15.0,16.00034725035016,lithospheric_mantle,basalt
LeaveOneRegionOut,ElasticNet,P_kbar,opx_liq,raw,224,15.0,15.0,19.24521397532554,lithospheric_mantle,basalt
LeaveOneRegionOut,ElasticNet,P_kbar,opx_liq,raw,225,4.0479999780655005,4.0479999780655005,4.947068664001262,shallow_crustal,arc_silicic
LeaveOneRegionOut,ElasticNet,P_kbar,opx_liq,raw,226,3.9489999413490002,3.9489999413490002,5.66039495939088,shallow_crustal,arc_silicic
LeaveOneRegionOut,ElasticNet,P_kbar,opx_liq,raw,227,4.2699998617172,4.2699998617172,5.4549520466447206,shallow_crustal,arc_silicic
LeaveOneRegionOut,ElasticNet,P_kbar,opx_liq,raw,228,10.0,10.0,9.54545916336579,deep_crustal_MASH,other
LeaveOneRegionOut,ElasticNet,P_kbar,opx_liq,raw,229,11.499999761580998,11.499999761580998,10.762511945620878,deep_crustal_MASH,other
LeaveOneRegionOut,ElasticNet,P_kbar,opx_liq,raw,230,6.999999880790701,6.999999880790701,6.137431356442319,deep_crustal_MASH,other
LeaveOneRegionOut,ElasticNet,P_kbar,opx_liq,raw,231,20.0,20.0,19.88197999032604,lithospheric_mantle,arc_silicic
LeaveOneRegionOut,ElasticNet,P_kbar,opx_liq,raw,232,15.0,15.0,17.51260911398936,lithospheric_mantle,arc_silicic
LeaveOneRegionOut,ElasticNet,P_kbar,opx_liq,raw,233,15.0,15.0,17.60913402973547,lithospheric_mantle,arc_silicic
LeaveOneRegionOut,ElasticNet,P_kbar,opx_liq,raw,234,0.0010132500028703,0.0010132500028703,1.031093423563414,shallow_crustal,basalt
LeaveOneRegionOut,ElasticNet,P_kbar,opx_liq,raw,235,0.0010132500028703,0.0010132500028703,2.906688080940363,shallow_crustal,basalt
LeaveOneRegionOut,ElasticNet,P_kbar,opx_liq,raw,236,0.0010132500028703,0.0010132500028703,4.7172770882973944,shallow_crustal,basalt
LeaveOneRegionOut,ElasticNet,P_kbar,opx_liq,raw,237,0.0010132500028703,0.0010132500028703,4.2220989941006675,shallow_crustal,basalt
LeaveOneRegionOut,ElasticNet,P_kbar,opx_liq,raw,238,10.0,10.0,7.329751686459469,deep_crustal_MASH,mantle_melting
LeaveOneRegionOut,ElasticNet,P_kbar,opx_liq,raw,239,10.0,10.0,10.610809182737027,deep_crustal_MASH,mantle_melting
LeaveOneRegionOut,ElasticNet,P_kbar,opx_liq,raw,240,10.0,10.0,11.012802866003524,deep_crustal_MASH,mantle_melting
LeaveOneRegionOut,ElasticNet,P_kbar,opx_liq,raw,241,10.0,10.0,6.317728284980436,deep_crustal_MASH,mantle_melting
LeaveOneRegionOut,ElasticNet,P_kbar,opx_liq,raw,242,10.0,10.0,10.998255695630688,deep_crustal_MASH,mantle_melting
LeaveOneRegionOut,ElasticNet,P_kbar,opx_liq,raw,243,10.0,10.0,5.894975811471517,deep_crustal_MASH,mantle_melting
LeaveOneRegionOut,ElasticNet,P_kbar,opx_liq,raw,244,10.0,10.0,6.128885779685169,deep_crustal_MASH,mantle_melting
LeaveOneRegionOut,ElasticNet,P_kbar,opx_liq,raw,245,10.0,10.0,11.487670491403914,deep_crustal_MASH,mantle_melting
LeaveOneRegionOut,ElasticNet,P_kbar,opx_liq,raw,246,10.0,10.0,7.986648223334186,deep_crustal_MASH,mantle_melting
LeaveOneRegionOut,ElasticNet,P_kbar,opx_liq,raw,247,10.0,10.0,1.4412739682530837,deep_crustal_MASH,mantle_melting
LeaveOneRegionOut,ElasticNet,P_kbar,opx_liq,raw,248,10.0,10.0,10.54010144702089,deep_crustal_MASH,mantle_melting
LeaveOneRegionOut,ElasticNet,P_kbar,opx_liq,raw,249,10.0,10.0,10.38564257913044,deep_crustal_MASH,mantle_melting
LeaveOneRegionOut,ElasticNet,P_kbar,opx_liq,raw,250,10.0,10.0,-1.8438646488450168,deep_crustal_MASH,arc_silicic
LeaveOneRegionOut,ElasticNet,P_kbar,opx_liq,raw,251,20.0,20.0,20.725947706081243,lithospheric_mantle,mantle_melting
LeaveOneRegionOut,ElasticNet,P_kbar,opx_liq,raw,252,15.0,15.0,18.139670163389678,lithospheric_mantle,mantle_melting
LeaveOneRegionOut,ElasticNet,P_kbar,opx_liq,raw,253,15.0,15.0,18.19034090305813,lithospheric_mantle,mantle_melting
LeaveOneRegionOut,ElasticNet,P_kbar,opx_liq,raw,254,20.0,20.0,23.446180487567815,lithospheric_mantle,mantle_melting
LeaveOneRegionOut,ElasticNet,P_kbar,opx_liq,raw,255,20.0,20.0,24.197001269283668,lithospheric_mantle,mantle_melting
LeaveOneRegionOut,ElasticNet,P_kbar,opx_liq,raw,256,10.0,10.0,11.76542806773759,deep_crustal_MASH,other
LeaveOneRegionOut,ElasticNet,P_kbar,opx_liq,raw,257,0.0010132500028703,0.0010132500028703,5.650512113350754,shallow_crustal,basalt
LeaveOneRegionOut,ElasticNet,P_kbar,opx_liq,raw,258,18.999999761580998,18.999999761580998,18.250390909451028,lithospheric_mantle,MORB
LeaveOneRegionOut,ElasticNet,P_kbar,opx_liq,raw,259,15.0,15.0,20.76735787982605,lithospheric_mantle,MORB
LeaveOneRegionOut,ElasticNet,P_kbar,opx_liq,raw,260,15.0,15.0,21.286123586687214,lithospheric_mantle,MORB
LeaveOneRegionOut,ElasticNet,P_kbar,opx_liq,raw,261,15.0,15.0,15.665842089547862,lithospheric_mantle,MORB
LeaveOneRegionOut,ElasticNet,P_kbar,opx_liq,raw,262,15.0,15.0,21.138790208867483,lithospheric_mantle,MORB
LeaveOneRegionOut,ElasticNet,P_kbar,opx_liq,raw,263,18.999999761580998,18.999999761580998,25.333274686674642,lithospheric_mantle,MORB
LeaveOneRegionOut,ElasticNet,P_kbar,opx_liq,raw,264,0.0010132500028703,0.0010132500028703,5.201156655552603,shallow_crustal,basalt
LeaveOneRegionOut,ElasticNet,P_kbar,opx_liq,raw,265,24.000000953674,24.000000953674,30.592487075920182,lithospheric_mantle,mantle_melting
LeaveOneRegionOut,ElasticNet,P_kbar,opx_liq,raw,266,27.999999523163,27.999999523163,32.573178490790525,lithospheric_mantle,mantle_melting
LeaveOneRegionOut,ElasticNet,P_kbar,opx_liq,raw,267,15.0,15.0,16.863597822147028,lithospheric_mantle,mantle_melting
LeaveOneRegionOut,ElasticNet,P_kbar,opx_liq,raw,268,15.0,15.0,16.23878269531333,lithospheric_mantle,mantle_melting
LeaveOneRegionOut,ElasticNet,P_kbar,opx_liq,raw,269,15.0,15.0,17.394804588242707,lithospheric_mantle,mantle_melting
LeaveOneRegionOut,ElasticNet,P_kbar,opx_liq,raw,270,15.0,15.0,17.942014175405944,lithospheric_mantle,mantle_melting
LeaveOneRegionOut,ElasticNet,P_kbar,opx_liq,raw,271,15.0,15.0,18.20014349842306,lithospheric_mantle,mantle_melting
LeaveOneRegionOut,ElasticNet,P_kbar,opx_liq,raw,272,15.0,15.0,15.719967366172511,lithospheric_mantle,mantle_melting
LeaveOneRegionOut,ElasticNet,P_kbar,opx_liq,raw,273,15.0,15.0,15.583102628899793,lithospheric_mantle,mantle_melting
LeaveOneRegionOut,ElasticNet,P_kbar,opx_liq,raw,274,0.01,0.01,4.764566074174662,shallow_crustal,basalt
LeaveOneRegionOut,ElasticNet,P_kbar,opx_liq,raw,275,0.0010132500028703,0.0010132500028703,6.624991778432465,shallow_crustal,basalt
LeaveOneRegionOut,ElasticNet,P_kbar,opx_liq,raw,276,5.0,5.0,4.857255438680124,deep_crustal_MASH,arc_silicic
LeaveOneRegionOut,ElasticNet,P_kbar,opx_liq,raw,277,10.0,10.0,8.407951898353144,deep_crustal_MASH,other
LeaveOneRegionOut,ElasticNet,P_kbar,opx_liq,raw,278,10.0,10.0,10.838998511263924,deep_crustal_MASH,other
LeaveOneRegionOut,ElasticNet,P_kbar,opx_liq,raw,279,5.0,5.0,6.216538667463618,deep_crustal_MASH,arc_silicic
LeaveOneRegionOut,ElasticNet,P_kbar,opx_liq,raw,280,1.0379999876022001,1.0379999876022001,1.1186763778843556,shallow_crustal,arc_silicic
LeaveOneRegionOut,ElasticNet,P_kbar,opx_liq,raw,281,1.4749999344348999,1.4749999344348999,2.5899380404111714,shallow_crustal,arc_silicic
LeaveOneRegionOut,ElasticNet,P_kbar,opx_liq,raw,282,1.8000000715256002,1.8000000715256002,2.020859124020717,shallow_crustal,arc_silicic
LeaveOneRegionOut,ElasticNet,P_kbar,opx_liq,raw,283,1.0080000013113,1.0080000013113,0.8335088338922496,shallow_crustal,arc_silicic
LeaveOneRegionOut,ElasticNet,P_kbar,opx_liq,raw,284,0.7100000232458099,0.7100000232458099,-0.13805082553686532,shallow_crustal,arc_silicic
LeaveOneRegionOut,ElasticNet,P_kbar,opx_liq,raw,285,1.0549999773502,1.0549999773502,1.4231413522282708,shallow_crustal,arc_silicic
LeaveOneRegionOut,ElasticNet,P_kbar,opx_liq,raw,286,2.1259999275208,2.1259999275208,3.412613355988583,shallow_crustal,arc_silicic
LeaveOneRegionOut,ElasticNet,P_kbar,opx_liq,raw,287,2.1259999275208,2.1259999275208,3.5558771120073995,shallow_crustal,arc_silicic
LeaveOneRegionOut,ElasticNet,P_kbar,opx_liq,raw,288,2.1259999275208,2.1259999275208,4.749399616913912,shallow_crustal,arc_silicic
LeaveOneRegionOut,ElasticNet,P_kbar,opx_liq,raw,289,3.125,3.125,7.207957199190896,shallow_crustal,arc_silicic
LeaveOneRegionOut,ElasticNet,P_kbar,opx_liq,raw,290,1.9799999892712,1.9799999892712,3.5637314426194013,shallow_crustal,arc_silicic
LeaveOneRegionOut,ElasticNet,P_kbar,opx_liq,raw,291,1.9799999892712,1.9799999892712,4.275774349081789,shallow_crustal,arc_silicic
LeaveOneRegionOut,ElasticNet,P_kbar,opx_liq,raw,292,28.0,28.0,26.616676355975216,lithospheric_mantle,other
LeaveOneRegionOut,ElasticNet,P_kbar,opx_liq,raw,293,27.9999997615815,27.9999997615815,27.354933251062366,lithospheric_mantle,mantle_melting
LeaveOneRegionOut,ElasticNet,P_kbar,opx_liq,raw,294,28.0,28.0,28.780038544005702,lithospheric_mantle,other
LeaveOneRegionOut,ElasticNet,P_kbar,opx_liq,raw,295,32.0,32.0,27.960561819190332,deeper_mantle,other
LeaveOneRegionOut,ElasticNet,P_kbar,opx_liq,raw,296,32.0,32.0,27.019717603458176,deeper_mantle,other
LeaveOneRegionOut,ElasticNet,P_kbar,opx_liq,raw,297,34.0,34.0,29.125024932495656,deeper_mantle,other
LeaveOneRegionOut,ElasticNet,P_kbar,opx_liq,raw,298,34.0,34.0,31.452414922831156,deeper_mantle,other
LeaveOneRegionOut,ElasticNet,P_kbar,opx_liq,raw,299,28.0,28.0,28.99297563071992,lithospheric_mantle,other
LeaveOneRegionOut,ElasticNet,P_kbar,opx_liq,raw,300,28.0,28.0,28.80022349803672,lithospheric_mantle,other
LeaveOneRegionOut,ElasticNet,P_kbar,opx_liq,raw,301,24.0,24.0,26.33325468709075,lithospheric_mantle,other
LeaveOneRegionOut,ElasticNet,P_kbar,opx_liq,raw,302,28.0,28.0,28.3833221029891,lithospheric_mantle,other
LeaveOneRegionOut,ElasticNet,P_kbar,opx_liq,raw,303,15.0,15.0,16.180161863610248,lithospheric_mantle,mantle_melting
LeaveOneRegionOut,ElasticNet,P_kbar,opx_liq,raw,304,10.0,10.0,-0.9017134459636065,deep_crustal_MASH,metamorphic
LeaveOneRegionOut,ElasticNet,P_kbar,opx_liq,raw,305,30.0,30.0,7.556761444585612,deeper_mantle,other
LeaveOneRegionOut,ElasticNet,P_kbar,opx_liq,raw,306,10.0,10.0,8.787075813173562,deep_crustal_MASH,other
LeaveOneRegionOut,ElasticNet,P_kbar,opx_liq,raw,307,10.0,10.0,11.02511359216592,deep_crustal_MASH,other
LeaveOneRegionOut,ElasticNet,P_kbar,opx_liq,raw,308,10.0,10.0,11.262724654778953,deep_crustal_MASH,other
LeaveOneRegionOut,ElasticNet,P_kbar,opx_liq,raw,309,10.0,10.0,9.582573387617066,deep_crustal_MASH,other
LeaveOneRegionOut,ElasticNet,P_kbar,opx_liq,raw,310,10.0,10.0,13.295171642228574,deep_crustal_MASH,other
LeaveOneRegionOut,ElasticNet,P_kbar,opx_liq,raw,311,15.0,15.0,12.520079038614533,lithospheric_mantle,mantle_melting
LeaveOneRegionOut,ElasticNet,P_kbar,opx_liq,raw,312,15.0,15.0,14.125064265009765,lithospheric_mantle,mantle_melting
LeaveOneRegionOut,ElasticNet,P_kbar,opx_liq,raw,313,15.0,15.0,12.353400934971111,lithospheric_mantle,mantle_melting
LeaveOneRegionOut,ElasticNet,P_kbar,opx_liq,raw,314,20.0,20.0,16.64677058838481,lithospheric_mantle,mantle_melting
LeaveOneRegionOut,ElasticNet,P_kbar,opx_liq,raw,315,20.0,20.0,14.245116550458771,lithospheric_mantle,mantle_melting
LeaveOneRegionOut,ElasticNet,P_kbar,opx_liq,raw,316,20.0,20.0,22.619674476668372,lithospheric_mantle,mantle_melting
LeaveOneRegionOut,ElasticNet,P_kbar,opx_liq,raw,317,25.0,25.0,19.268577459672166,lithospheric_mantle,mantle_melting
LeaveOneRegionOut,ElasticNet,P_kbar,opx_liq,raw,318,25.0,25.0,19.016211517636926,lithospheric_mantle,mantle_melting
LeaveOneRegionOut,ElasticNet,P_kbar,opx_liq,raw,319,20.0,20.0,18.811960232320047,lithospheric_mantle,mantle_melting
LeaveOneRegionOut,ElasticNet,P_kbar,opx_liq,raw,320,20.0,20.0,19.740958648782136,lithospheric_mantle,mantle_melting
LeaveOneRegionOut,ElasticNet,P_kbar,opx_liq,raw,321,20.0,20.0,20.35767324861355,lithospheric_mantle,mantle_melting
LeaveOneRegionOut,ElasticNet,P_kbar,opx_liq,raw,322,20.0,20.0,18.47398203465895,lithospheric_mantle,mantle_melting
LeaveOneRegionOut,ElasticNet,P_kbar,opx_liq,raw,323,20.0,20.0,20.81773635343481,lithospheric_mantle,mantle_melting
LeaveOneRegionOut,ElasticNet,P_kbar,opx_liq,raw,324,15.0,15.0,14.794328813285457,lithospheric_mantle,mantle_melting
LeaveOneRegionOut,ElasticNet,P_kbar,opx_liq,raw,325,15.0,15.0,16.53462500158396,lithospheric_mantle,mantle_melting
LeaveOneRegionOut,ElasticNet,P_kbar,opx_liq,raw,326,10.0,10.0,9.252321324022741,deep_crustal_MASH,mantle_melting
LeaveOneRegionOut,ElasticNet,P_kbar,opx_liq,raw,327,10.0,10.0,4.318779739636908,deep_crustal_MASH,mantle_melting
LeaveOneRegionOut,ElasticNet,P_kbar,opx_liq,raw,328,10.0,10.0,9.724555937052003,deep_crustal_MASH,mantle_melting
LeaveOneRegionOut,ElasticNet,P_kbar,opx_liq,raw,329,10.0,10.0,4.305789391628749,deep_crustal_MASH,mantle_melting
LeaveOneRegionOut,ElasticNet,P_kbar,opx_liq,raw,330,10.0,10.0,5.735043086935773,deep_crustal_MASH,mantle_melting
LeaveOneRegionOut,ElasticNet,P_kbar,opx_liq,raw,331,10.0,10.0,10.182552567726841,deep_crustal_MASH,mantle_melting
LeaveOneRegionOut,ElasticNet,P_kbar,opx_liq,raw,332,10.0,10.0,11.765513247388348,deep_crustal_MASH,mantle_melting
LeaveOneRegionOut,ElasticNet,P_kbar,opx_liq,raw,333,10.0,10.0,10.743881898816205,deep_crustal_MASH,mantle_melting
LeaveOneRegionOut,ElasticNet,P_kbar,opx_liq,raw,334,10.0,10.0,6.807077202508182,deep_crustal_MASH,mantle_melting
LeaveOneRegionOut,ElasticNet,P_kbar,opx_liq,raw,335,10.0,10.0,6.466727818763644,deep_crustal_MASH,mantle_melting
LeaveOneRegionOut,ElasticNet,P_kbar,opx_liq,raw,336,10.0,10.0,9.861700819969752,deep_crustal_MASH,mantle_melting
LeaveOneRegionOut,ElasticNet,P_kbar,opx_liq,raw,337,10.0,10.0,11.429027508519882,deep_crustal_MASH,mantle_melting
LeaveOneRegionOut,ElasticNet,P_kbar,opx_liq,raw,338,15.0,15.0,15.089442808191833,lithospheric_mantle,mantle_melting
LeaveOneRegionOut,ElasticNet,P_kbar,opx_liq,raw,339,15.0,15.0,8.504250487522722,lithospheric_mantle,mantle_melting
LeaveOneRegionOut,ElasticNet,P_kbar,opx_liq,raw,340,15.0,15.0,14.290094531601387,lithospheric_mantle,mantle_melting
LeaveOneRegionOut,ElasticNet,P_kbar,opx_liq,raw,341,12.5,12.5,14.253480402136375,deep_crustal_MASH,mantle_melting
LeaveOneRegionOut,ElasticNet,P_kbar,opx_liq,raw,342,15.0,15.0,13.16116169475105,lithospheric_mantle,mantle_melting
LeaveOneRegionOut,ElasticNet,P_kbar,opx_liq,raw,343,10.0,10.0,13.080648459615677,deep_crustal_MASH,mantle_melting
LeaveOneRegionOut,ElasticNet,P_kbar,opx_liq,raw,344,15.0,15.0,15.711101399823281,lithospheric_mantle,MORB
LeaveOneRegionOut,ElasticNet,P_kbar,opx_liq,raw,345,15.0,15.0,14.130025951903406,lithospheric_mantle,MORB
LeaveOneRegionOut,ElasticNet,P_kbar,opx_liq,raw,346,15.0,15.0,15.048308051345469,lithospheric_mantle,mantle_melting
LeaveOneRegionOut,ElasticNet,P_kbar,opx_liq,raw,347,15.0,15.0,20.140626264932813,lithospheric_mantle,mantle_melting
LeaveOneRegionOut,ElasticNet,P_kbar,opx_liq,raw,348,15.0,15.0,16.4664239256931,lithospheric_mantle,mantle_melting
LeaveOneRegionOut,ElasticNet,P_kbar,opx_liq,raw,349,15.0,15.0,15.066688074594435,lithospheric_mantle,mantle_melting
LeaveOneRegionOut,ElasticNet,P_kbar,opx_liq,raw,350,15.0,15.0,19.846558633937345,lithospheric_mantle,mantle_melting
LeaveOneRegionOut,ElasticNet,P_kbar,opx_liq,raw,351,15.0,15.0,15.377521063412605,lithospheric_mantle,MORB
LeaveOneRegionOut,ElasticNet,P_kbar,opx_liq,raw,352,10.0,10.0,9.323355176387572,deep_crustal_MASH,MORB
LeaveOneRegionOut,ElasticNet,P_kbar,opx_liq,raw,353,10.0,10.0,7.432748288792715,deep_crustal_MASH,MORB
LeaveOneRegionOut,ElasticNet,P_kbar,opx_liq,raw,354,15.0,15.0,14.217889236171228,lithospheric_mantle,MORB
LeaveOneRegionOut,ElasticNet,P_kbar,opx_liq,raw,355,10.0,10.0,8.045328396030804,deep_crustal_MASH,MORB
LeaveOneRegionOut,ElasticNet,P_kbar,opx_liq,raw,356,10.0,10.0,7.470570172289276,deep_crustal_MASH,MORB
LeaveOneRegionOut,ElasticNet,P_kbar,opx_liq,raw,357,15.0,15.0,16.75986477799596,lithospheric_mantle,mantle_melting
LeaveOneRegionOut,ElasticNet,P_kbar,opx_liq,raw,358,15.0,15.0,15.141840604482475,lithospheric_mantle,mantle_melting
LeaveOneRegionOut,ElasticNet,P_kbar,opx_liq,raw,359,15.0,15.0,18.264120709470923,lithospheric_mantle,mantle_melting
LeaveOneRegionOut,ElasticNet,P_kbar,opx_liq,raw,360,27.999999523163,27.999999523163,28.81887325604425,lithospheric_mantle,mantle_melting
LeaveOneRegionOut,ElasticNet,P_kbar,opx_liq,raw,361,27.999999523163,27.999999523163,29.486265520153083,lithospheric_mantle,mantle_melting
LeaveOneRegionOut,ElasticNet,P_kbar,opx_liq,raw,362,5.0,5.0,5.419814274072526,deep_crustal_MASH,other
LeaveOneRegionOut,ElasticNet,P_kbar,opx_liq,raw,363,12.000000476837,12.000000476837,14.530828610700889,deep_crustal_MASH,basalt
LeaveOneRegionOut,ElasticNet,P_kbar,opx_liq,raw,364,12.000000476837,12.000000476837,19.387380816970396,deep_crustal_MASH,basalt
LeaveOneRegionOut,ElasticNet,P_kbar,opx_liq,raw,365,12.200000286102,12.200000286102,18.41922359401253,deep_crustal_MASH,basalt
LeaveOneRegionOut,ElasticNet,P_kbar,opx_liq,raw,366,12.599999904632998,12.599999904632998,17.350148621453304,deep_crustal_MASH,basalt
LeaveOneRegionOut,ElasticNet,P_kbar,opx_liq,raw,367,13.799999952316,13.799999952316,17.55227469737116,deep_crustal_MASH,basalt
LeaveOneRegionOut,ElasticNet,P_kbar,opx_liq,raw,368,7.5,7.5,14.234423319022497,deep_crustal_MASH,basalt
LeaveOneRegionOut,ElasticNet,P_kbar,opx_liq,raw,369,20.5,20.5,11.596823612918088,lithospheric_mantle,other
LeaveOneRegionOut,ElasticNet,P_kbar,opx_liq,raw,370,21.0,21.0,11.268679680751877,lithospheric_mantle,other
LeaveOneRegionOut,ElasticNet,P_kbar,opx_liq,raw,371,1.9380000233649999,1.9380000233649999,0.13257227605180688,shallow_crustal,arc_silicic
LeaveOneRegionOut,ElasticNet,P_kbar,opx_liq,raw,372,1.2409999966621001,1.2409999966621001,-3.2421211201254465,shallow_crustal,arc_silicic
LeaveOneRegionOut,ElasticNet,P_kbar,opx_liq,raw,373,0.52400000393391,0.52400000393391,-2.68927866058827,shallow_crustal,arc_silicic
LeaveOneRegionOut,ElasticNet,P_kbar,opx_liq,raw,374,3.0140000581741,3.0140000581741,-2.6533451699948785,shallow_crustal,arc_silicic
LeaveOneRegionOut,ElasticNet,P_kbar,opx_liq,raw,375,1.0689999908209,1.0689999908209,-1.2786151526970801,shallow_crustal,arc_silicic
LeaveOneRegionOut,ElasticNet,P_kbar,opx_liq,raw,376,1.7100000381470002,1.7100000381470002,-1.4721448881767731,shallow_crustal,arc_silicic
LeaveOneRegionOut,ElasticNet,P_kbar,opx_liq,raw,377,1.5929999947548,1.5929999947548,-2.735000188387062,shallow_crustal,arc_silicic
LeaveOneRegionOut,ElasticNet,P_kbar,opx_liq,raw,378,1.5520000457764,1.5520000457764,-0.12697091599992838,shallow_crustal,arc_silicic
LeaveOneRegionOut,ElasticNet,P_kbar,opx_liq,raw,379,0.59000000357628,0.59000000357628,-3.5915578054386046,shallow_crustal,arc_silicic
LeaveOneRegionOut,ElasticNet,P_kbar,opx_liq,raw,380,2.0000000298022997,2.0000000298022997,-1.0877140684458446,shallow_crustal,arc_silicic
LeaveOneRegionOut,ElasticNet,P_kbar,opx_liq,raw,381,0.97999997437,0.97999997437,-1.4373614055113748,shallow_crustal,arc_silicic
LeaveOneRegionOut,ElasticNet,P_kbar,opx_liq,raw,382,2.9199999570847,2.9199999570847,1.3377948979416026,shallow_crustal,arc_silicic
LeaveOneRegionOut,ElasticNet,P_kbar,opx_liq,raw,383,1.0000000149012,1.0000000149012,-3.242039108004999,shallow_crustal,arc_silicic
LeaveOneRegionOut,ElasticNet,P_kbar,opx_liq,raw,384,1.5000000596046001,1.5000000596046001,-2.3285430425404012,shallow_crustal,arc_silicic
LeaveOneRegionOut,ElasticNet,P_kbar,opx_liq,raw,385,2.1170000731945,2.1170000731945,0.45633168420658343,shallow_crustal,arc_silicic
LeaveOneRegionOut,ElasticNet,P_kbar,opx_liq,raw,386,0.93800000846386,0.93800000846386,-0.6300178329518236,shallow_crustal,arc_silicic
LeaveOneRegionOut,ElasticNet,P_kbar,opx_liq,raw,387,1.1720000207424,1.1720000207424,-0.6634587758934529,shallow_crustal,arc_silicic
LeaveOneRegionOut,ElasticNet,P_kbar,opx_liq,raw,388,10.0,10.0,14.101855028704033,deep_crustal_MASH,arc_silicic
LeaveOneRegionOut,ElasticNet,P_kbar,opx_liq,raw,389,10.0,10.0,13.774755584620912,deep_crustal_MASH,arc_silicic
LeaveOneRegionOut,ElasticNet,P_kbar,opx_liq,raw,390,20.0,20.0,11.59341626806797,lithospheric_mantle,arc_silicic
LeaveOneRegionOut,ElasticNet,P_kbar,opx_liq,raw,391,20.0,20.0,15.686787945779542,lithospheric_mantle,arc_silicic
LeaveOneRegionOut,ElasticNet,P_kbar,opx_liq,raw,392,20.0,20.0,15.800226134840644,lithospheric_mantle,arc_silicic
LeaveOneRegionOut,ElasticNet,P_kbar,opx_liq,raw,393,0.001,0.001,15.264331763515294,shallow_crustal,partitioning
LeaveOneRegionOut,ElasticNet,P_kbar,opx_liq,raw,394,0.001,0.001,13.356939395815207,shallow_crustal,partitioning
LeaveOneRegionOut,ElasticNet,P_kbar,opx_liq,raw,395,0.001,0.001,15.64991050584143,shallow_crustal,partitioning
LeaveOneRegionOut,ElasticNet,P_kbar,opx_liq,raw,396,0.001,0.001,13.923515848287602,shallow_crustal,partitioning
LeaveOneRegionOut,ElasticNet,P_kbar,opx_liq,raw,397,0.001,0.001,16.07395534923029,shallow_crustal,partitioning
LeaveOneRegionOut,ElasticNet,P_kbar,opx_liq,raw,398,0.001,0.001,12.598766659204685,shallow_crustal,partitioning
LeaveOneRegionOut,ElasticNet,P_kbar,opx_liq,raw,399,0.001,0.001,16.62121382725589,shallow_crustal,partitioning
LeaveOneRegionOut,ElasticNet,P_kbar,opx_liq,raw,400,0.001,0.001,17.426994046612204,shallow_crustal,partitioning
LeaveOneRegionOut,ElasticNet,P_kbar,opx_liq,raw,401,0.001,0.001,16.656947904868215,shallow_crustal,partitioning
LeaveOneRegionOut,ElasticNet,P_kbar,opx_liq,raw,402,0.001,0.001,16.118079881208665,shallow_crustal,partitioning
LeaveOneRegionOut,ElasticNet,P_kbar,opx_liq,raw,403,0.001,0.001,16.077069619358127,shallow_crustal,partitioning
LeaveOneRegionOut,ElasticNet,P_kbar,opx_liq,raw,404,0.001,0.001,16.044698140833663,shallow_crustal,partitioning
LeaveOneRegionOut,ElasticNet,P_kbar,opx_liq,raw,405,0.001,0.001,9.768547252330738,shallow_crustal,partitioning
LeaveOneRegionOut,ElasticNet,P_kbar,opx_liq,raw,406,0.001,0.001,7.960529043193124,shallow_crustal,partitioning
LeaveOneRegionOut,ElasticNet,P_kbar,opx_liq,raw,407,0.001,0.001,10.43732913599365,shallow_crustal,partitioning
LeaveOneRegionOut,ElasticNet,P_kbar,opx_liq,raw,408,0.001,0.001,8.36551864618502,shallow_crustal,partitioning
LeaveOneRegionOut,ElasticNet,P_kbar,opx_liq,raw,409,0.001,0.001,9.057437647949989,shallow_crustal,partitioning
LeaveOneRegionOut,ElasticNet,P_kbar,opx_liq,raw,410,0.001,0.001,7.518335834987333,shallow_crustal,partitioning
LeaveOneRegionOut,ElasticNet,P_kbar,opx_liq,raw,411,0.001,0.001,10.12421062455029,shallow_crustal,partitioning
LeaveOneRegionOut,ElasticNet,P_kbar,opx_liq,raw,412,0.001,0.001,7.399933851858591,shallow_crustal,partitioning
LeaveOneRegionOut,ElasticNet,P_kbar,opx_liq,raw,413,0.001,0.001,8.911877383550234,shallow_crustal,partitioning
LeaveOneRegionOut,ElasticNet,P_kbar,opx_liq,raw,414,0.001,0.001,7.3928764821086554,shallow_crustal,partitioning
LeaveOneRegionOut,ElasticNet,P_kbar,opx_liq,raw,415,10.0,10.0,10.082959532911916,deep_crustal_MASH,mantle_melting
LeaveOneRegionOut,ElasticNet,P_kbar,opx_liq,raw,416,10.0,10.0,9.677015552436828,deep_crustal_MASH,mantle_melting
LeaveOneRegionOut,ElasticNet,P_kbar,opx_liq,raw,417,10.0,10.0,12.13835684341474,deep_crustal_MASH,mantle_melting
LeaveOneRegionOut,ElasticNet,P_kbar,opx_liq,raw,418,10.0,10.0,12.091809573121495,deep_crustal_MASH,mantle_melting
LeaveOneRegionOut,ElasticNet,P_kbar,opx_liq,raw,419,10.0,10.0,10.828954657893618,deep_crustal_MASH,mantle_melting
LeaveOneRegionOut,ElasticNet,P_kbar,opx_liq,raw,420,10.0,10.0,8.461584808374365,deep_crustal_MASH,mantle_melting
LeaveOneRegionOut,ElasticNet,P_kbar,opx_liq,raw,421,10.0,10.0,11.772214222893014,deep_crustal_MASH,mantle_melting
LeaveOneRegionOut,ElasticNet,P_kbar,opx_liq,raw,422,10.0,10.0,8.98301808405638,deep_crustal_MASH,mantle_melting
LeaveOneRegionOut,ElasticNet,P_kbar,opx_liq,raw,423,10.0,10.0,11.27122897047163,deep_crustal_MASH,mantle_melting
LeaveOneRegionOut,ElasticNet,P_kbar,opx_liq,raw,424,10.0,10.0,10.195459051063915,deep_crustal_MASH,mantle_melting
LeaveOneRegionOut,ElasticNet,P_kbar,opx_liq,raw,425,50.0,50.0,28.69751113930313,deeper_mantle,partitioning
LeaveOneRegionOut,ElasticNet,P_kbar,opx_liq,raw,426,5.0199997425079,5.0199997425079,6.6312916670508635,deep_crustal_MASH,basalt
LeaveOneRegionOut,ElasticNet,P_kbar,opx_liq,raw,427,5.0199997425079,5.0199997425079,7.275200674630921,deep_crustal_MASH,basalt
LeaveOneRegionOut,ElasticNet,P_kbar,opx_liq,raw,428,5.0169998407364,5.0169998407364,7.634165850568904,deep_crustal_MASH,basalt
LeaveOneRegionOut,ElasticNet,P_kbar,opx_liq,raw,429,10.0,10.0,14.382947172664744,deep_crustal_MASH,arc_silicic
LeaveOneRegionOut,ElasticNet,P_kbar,opx_liq,raw,430,15.0,15.0,10.812125798554003,lithospheric_mantle,arc_silicic
LeaveOneRegionOut,ElasticNet,P_kbar,opx_liq,raw,431,17.5,17.5,14.667072565467347,lithospheric_mantle,arc_silicic
LeaveOneRegionOut,ElasticNet,P_kbar,opx_liq,raw,432,46.9999990463255,46.9999990463255,18.140135907768382,deeper_mantle,other
LeaveOneRegionOut,ElasticNet,P_kbar,opx_liq,raw,433,10.0,10.0,9.030425628613449,deep_crustal_MASH,mantle_melting
LeaveOneRegionOut,ElasticNet,P_kbar,opx_liq,raw,434,17.5,17.5,15.10344639096103,lithospheric_mantle,arc_silicic
LeaveOneRegionOut,ElasticNet,P_kbar,opx_liq,raw,435,27.75024994039535,27.75024994039535,15.879357049867263,lithospheric_mantle,other
LeaveOneRegionOut,ElasticNet,P_kbar,opx_liq,raw,436,12.5,12.5,13.912025247338727,deep_crustal_MASH,arc_silicic
LeaveOneRegionOut,ElasticNet,P_kbar,opx_liq,raw,437,15.0,15.0,7.519063605667037,lithospheric_mantle,mantle_melting
LeaveOneRegionOut,ElasticNet,P_kbar,opx_liq,raw,438,50.0,50.0,26.651763496521568,deeper_mantle,other
LeaveOneRegionOut,ElasticNet,P_kbar,opx_liq,raw,439,12.999999523163,12.999999523163,17.399793082485367,deep_crustal_MASH,arc_silicic
LeaveOneRegionOut,ElasticNet,P_kbar,opx_liq,raw,440,10.0,10.0,7.64719263562948,deep_crustal_MASH,mantle_melting
LeaveOneRegionOut,ElasticNet,P_kbar,opx_liq,raw,441,15.0,15.0,17.496375766541775,lithospheric_mantle,arc_silicic
LeaveOneRegionOut,ElasticNet,P_kbar,opx_liq,raw,442,50.0,50.0,25.003482013070258,deeper_mantle,other
LeaveOneRegionOut,ElasticNet,P_kbar,opx_liq,raw,443,15.0,15.0,16.12939890194103,lithospheric_mantle,arc_silicic
LeaveOneRegionOut,ElasticNet,P_kbar,opx_liq,raw,444,10.0,10.0,9.090373730397053,deep_crustal_MASH,mantle_melting
LeaveOneRegionOut,ElasticNet,P_kbar,opx_liq,raw,445,17.5,17.5,17.129303236458075,lithospheric_mantle,arc_silicic
LeaveOneRegionOut,ElasticNet,P_kbar,opx_liq,raw,446,10.0,10.0,7.414707873712535,deep_crustal_MASH,mantle_melting
LeaveOneRegionOut,ElasticNet,P_kbar,opx_liq,raw,447,10.0,10.0,8.756296110778228,deep_crustal_MASH,mantle_melting
LeaveOneRegionOut,ElasticNet,P_kbar,opx_liq,raw,448,10.0,10.0,10.15497467667107,deep_crustal_MASH,mantle_melting
LeaveOneRegionOut,ElasticNet,P_kbar,opx_liq,raw,449,12.000000476837,12.000000476837,12.902696184881508,deep_crustal_MASH,arc_silicic
LeaveOneRegionOut,ElasticNet,P_kbar,opx_liq,raw,450,22.999999523163,22.999999523163,4.226539201549809,lithospheric_mantle,basalt
LeaveOneRegionOut,ElasticNet,P_kbar,opx_liq,raw,451,15.0,15.0,6.1256911097824895,lithospheric_mantle,mantle_melting
LeaveOneRegionOut,ElasticNet,P_kbar,opx_liq,raw,452,18.999999761580998,18.999999761580998,17.113865172468305,lithospheric_mantle,arc_silicic
LeaveOneRegionOut,ElasticNet,P_kbar,opx_liq,raw,453,0.00099999997473788,0.00099999997473788,2.3888534142142834,shallow_crustal,basalt
LeaveOneRegionOut,ElasticNet,P_kbar,opx_liq,raw,454,2.0000000298022997,2.0000000298022997,-3.8405610016195926,shallow_crustal,basalt
LeaveOneRegionOut,ElasticNet,P_kbar,opx_liq,raw,455,0.00099999997473788,0.00099999997473788,5.449284343099535,shallow_crustal,basalt
LeaveOneRegionOut,ElasticNet,P_kbar,opx_liq,raw,456,2.0000000298022997,2.0000000298022997,1.0310988487597932,shallow_crustal,basalt
LeaveOneRegionOut,ElasticNet,P_kbar,opx_liq,raw,457,2.0000000298022997,2.0000000298022997,-2.1407818931752267,shallow_crustal,basalt
LeaveOneRegionOut,ElasticNet,P_kbar,opx_liq,raw,458,0.00099999997473788,0.00099999997473788,1.8568195757123895,shallow_crustal,basalt
LeaveOneRegionOut,ElasticNet,P_kbar,opx_liq,raw,459,0.00099999997473788,0.00099999997473788,5.879721495864165,shallow_crustal,basalt
LeaveOneRegionOut,ElasticNet,P_kbar,opx_liq,raw,460,0.00099999997473788,0.00099999997473788,5.518513128741055,shallow_crustal,basalt
LeaveOneRegionOut,ElasticNet,P_kbar,opx_liq,raw,461,0.00099999997473788,0.00099999997473788,4.181518735899486,shallow_crustal,basalt
LeaveOneRegionOut,ElasticNet,P_kbar,opx_liq,raw,462,0.001,0.001,3.243301546864169,shallow_crustal,partitioning
LeaveOneRegionOut,ElasticNet,P_kbar,opx_liq,raw,463,0.001,0.001,4.892357562899104,shallow_crustal,partitioning
LeaveOneRegionOut,ElasticNet,P_kbar,opx_liq,raw,464,0.001,0.001,6.79511263976769,shallow_crustal,partitioning
LeaveOneRegionOut,ElasticNet,P_kbar,opx_liq,raw,465,0.001,0.001,6.879289111042777,shallow_crustal,partitioning
LeaveOneRegionOut,ElasticNet,P_kbar,opx_liq,raw,466,0.001,0.001,3.192196390151974,shallow_crustal,partitioning
LeaveOneRegionOut,ElasticNet,P_kbar,opx_liq,raw,467,0.001,0.001,4.076315676417639,shallow_crustal,partitioning
LeaveOneRegionOut,ElasticNet,P_kbar,opx_liq,raw,468,0.001,0.001,4.673909333277146,shallow_crustal,partitioning
LeaveOneRegionOut,ElasticNet,P_kbar,opx_liq,raw,469,0.001,0.001,4.1397295968175065,shallow_crustal,partitioning
LeaveOneRegionOut,ElasticNet,P_kbar,opx_liq,raw,470,0.001,0.001,4.328127236452071,shallow_crustal,partitioning
LeaveOneRegionOut,ElasticNet,P_kbar,opx_liq,raw,471,0.001,0.001,5.983783107966795,shallow_crustal,partitioning
LeaveOneRegionOut,ElasticNet,P_kbar,opx_liq,raw,472,0.001,0.001,4.319975143601944,shallow_crustal,partitioning
LeaveOneRegionOut,ElasticNet,P_kbar,opx_liq,raw,473,0.001,0.001,9.057676629412724,shallow_crustal,partitioning
LeaveOneRegionOut,ElasticNet,P_kbar,opx_liq,raw,474,0.001,0.001,4.507580151674054,shallow_crustal,partitioning
LeaveOneRegionOut,ElasticNet,P_kbar,opx_liq,raw,475,0.001,0.001,2.771613176582113,shallow_crustal,partitioning
LeaveOneRegionOut,ElasticNet,P_kbar,opx_liq,raw,476,0.001,0.001,7.38232854773296,shallow_crustal,partitioning
LeaveOneRegionOut,ElasticNet,P_kbar,opx_liq,raw,477,0.001,0.001,7.393886928501524,shallow_crustal,partitioning
LeaveOneRegionOut,ElasticNet,P_kbar,opx_liq,raw,478,0.001,0.001,9.138251677005602,shallow_crustal,partitioning
LeaveOneRegionOut,ElasticNet,P_kbar,opx_liq,raw,479,0.001,0.001,8.220540423178623,shallow_crustal,partitioning
LeaveOneRegionOut,ElasticNet,P_kbar,opx_liq,raw,480,0.001,0.001,4.825217604083834,shallow_crustal,partitioning
LeaveOneRegionOut,ElasticNet,P_kbar,opx_liq,raw,481,0.001,0.001,7.3589618221240105,shallow_crustal,partitioning
LeaveOneRegionOut,ElasticNet,P_kbar,opx_liq,raw,482,0.001,0.001,8.988583895528915,shallow_crustal,partitioning
LeaveOneRegionOut,ElasticNet,P_kbar,opx_liq,raw,483,0.001,0.001,5.36546855690928,shallow_crustal,partitioning
LeaveOneRegionOut,ElasticNet,P_kbar,opx_liq,raw,484,15.0,15.0,4.038774652211,lithospheric_mantle,basalt
LeaveOneRegionOut,ElasticNet,P_kbar,opx_liq,raw,485,0.001,0.001,4.276689438245281,shallow_crustal,partitioning
LeaveOneRegionOut,ElasticNet,P_kbar,opx_liq,raw,486,0.001,0.001,2.64233368030823,shallow_crustal,partitioning
LeaveOneRegionOut,ElasticNet,P_kbar,opx_liq,raw,487,0.001,0.001,6.822120639531859,shallow_crustal,partitioning
LeaveOneRegionOut,ElasticNet,P_kbar,opx_liq,raw,488,0.001,0.001,3.562969354144009,shallow_crustal,partitioning
LeaveOneRegionOut,ElasticNet,P_kbar,opx_liq,raw,489,0.001,0.001,2.527373830738412,shallow_crustal,partitioning
LeaveOneRegionOut,ElasticNet,P_kbar,opx_liq,raw,490,0.001,0.001,7.22252941159838,shallow_crustal,partitioning
LeaveOneRegionOut,ElasticNet,P_kbar,opx_liq,raw,491,0.001,0.001,3.276063236186525,shallow_crustal,partitioning
LeaveOneRegionOut,ElasticNet,P_kbar,opx_liq,raw,492,0.001,0.001,8.903004878886364,shallow_crustal,partitioning
LeaveOneRegionOut,ElasticNet,P_kbar,opx_liq,raw,493,0.001,0.001,3.6249765740540614,shallow_crustal,partitioning
LeaveOneRegionOut,ElasticNet,P_kbar,opx_liq,raw,494,0.001,0.001,4.0252399046701495,shallow_crustal,partitioning
LeaveOneRegionOut,ElasticNet,P_kbar,opx_liq,raw,495,0.001,0.001,0.20104174169536293,shallow_crustal,partitioning
LeaveOneRegionOut,ElasticNet,P_kbar,opx_liq,raw,496,0.001,0.001,5.908130331392679,shallow_crustal,partitioning
LeaveOneRegionOut,ElasticNet,P_kbar,opx_liq,raw,497,12.000000476837,12.000000476837,17.526004124127702,deep_crustal_MASH,MORB
LeaveOneRegionOut,ElasticNet,P_kbar,opx_liq,raw,498,12.000000476837,12.000000476837,16.40668939554341,deep_crustal_MASH,MORB
LeaveOneRegionOut,ElasticNet,P_kbar,opx_liq,raw,499,8.0000001192093,8.0000001192093,-0.18396933640163127,deep_crustal_MASH,basalt
LeaveOneRegionOut,ElasticNet,P_kbar,opx_liq,raw,500,12.000000476837,12.000000476837,13.048084044219046,deep_crustal_MASH,MORB
LeaveOneRegionOut,ElasticNet,P_kbar,opx_liq,raw,501,12.000000476837,12.000000476837,17.240542599111276,deep_crustal_MASH,MORB
LeaveOneRegionOut,ElasticNet,P_kbar,opx_liq,raw,502,12.000000476837,12.000000476837,17.81710616541545,deep_crustal_MASH,MORB
LeaveOneRegionOut,ElasticNet,P_kbar,opx_liq,raw,503,12.000000476837,12.000000476837,16.474916339705334,deep_crustal_MASH,MORB
LeaveOneRegionOut,ElasticNet,P_kbar,opx_liq,raw,504,13.999999761580998,13.999999761580998,16.980766535776503,deep_crustal_MASH,other
LeaveOneRegionOut,ElasticNet,P_kbar,opx_liq,raw,505,16.000000238419002,16.000000238419002,14.07092973608512,lithospheric_mantle,other
LeaveOneRegionOut,ElasticNet,P_kbar,opx_liq,raw,506,20.0,20.0,18.09655386668475,lithospheric_mantle,other
LeaveOneRegionOut,ElasticNet,P_kbar,opx_liq,raw,507,20.0,20.0,17.95833798501304,lithospheric_mantle,other
LeaveOneRegionOut,ElasticNet,P_kbar,opx_liq,raw,508,17.999999523162998,17.999999523162998,17.633548777817612,lithospheric_mantle,other
LeaveOneRegionOut,ElasticNet,P_kbar,opx_liq,raw,509,17.999999523162998,17.999999523162998,15.529738485638322,lithospheric_mantle,other
LeaveOneRegionOut,ElasticNet,P_kbar,opx_liq,raw,510,17.000000476837002,17.000000476837002,14.740591502436288,lithospheric_mantle,other
LeaveOneRegionOut,ElasticNet,P_kbar,opx_liq,raw,511,22.000000476837,22.000000476837,18.655468486197393,lithospheric_mantle,mantle_melting
LeaveOneRegionOut,ElasticNet,P_kbar,opx_liq,raw,512,22.000000476837,22.000000476837,19.29815740367473,lithospheric_mantle,mantle_melting
LeaveOneRegionOut,ElasticNet,P_kbar,opx_liq,raw,513,15.0,15.0,13.765296613410445,lithospheric_mantle,mantle_melting
LeaveOneRegionOut,ElasticNet,P_kbar,opx_liq,raw,514,12.0,12.0,18.254495436820797,deep_crustal_MASH,mantle_melting
LeaveOneRegionOut,ElasticNet,P_kbar,opx_liq,raw,515,12.0,12.0,15.973854914275318,deep_crustal_MASH,mantle_melting
LeaveOneRegionOut,ElasticNet,P_kbar,opx_liq,raw,516,25.0,25.0,28.802683342216202,lithospheric_mantle,mantle_melting
LeaveOneRegionOut,ElasticNet,P_kbar,opx_liq,raw,517,12.0,12.0,13.80593560195601,deep_crustal_MASH,mantle_melting
LeaveOneRegionOut,ElasticNet,P_kbar,opx_liq,raw,518,12.0,12.0,14.298492658615205,deep_crustal_MASH,mantle_melting
LeaveOneRegionOut,ElasticNet,P_kbar,opx_liq,raw,519,8.0,8.0,9.582071644259146,deep_crustal_MASH,mantle_melting
LeaveOneRegionOut,ElasticNet,P_kbar,opx_liq,raw,520,12.0,12.0,11.522794906622032,deep_crustal_MASH,mantle_melting
LeaveOneRegionOut,ElasticNet,P_kbar,opx_liq,raw,521,16.0,16.0,10.47892993016274,lithospheric_mantle,mantle_melting
LeaveOneRegionOut,ElasticNet,P_kbar,opx_liq,raw,522,12.0,12.0,12.933940637735002,deep_crustal_MASH,mantle_melting
LeaveOneRegionOut,ElasticNet,P_kbar,opx_liq,raw,523,17.999999523162998,17.999999523162998,19.96327451546007,lithospheric_mantle,other
LeaveOneRegionOut,ElasticNet,P_kbar,opx_liq,raw,524,17.999999523162998,17.999999523162998,21.099937994716193,lithospheric_mantle,other
LeaveOneRegionOut,ElasticNet,P_kbar,opx_liq,raw,525,20.0,20.0,19.868786731367926,lithospheric_mantle,other
LeaveOneRegionOut,ElasticNet,P_kbar,opx_liq,raw,526,20.0,20.0,20.46681306536357,lithospheric_mantle,other
LeaveOneRegionOut,ElasticNet,P_kbar,opx_liq,raw,527,20.0,20.0,19.382852546848476,lithospheric_mantle,other
LeaveOneRegionOut,ElasticNet,P_kbar,opx_liq,raw,528,20.0,20.0,19.35122160970628,lithospheric_mantle,other
LeaveOneRegionOut,ElasticNet,P_kbar,opx_liq,raw,529,20.0,20.0,18.004121170731626,lithospheric_mantle,other
LeaveOneRegionOut,ElasticNet,P_kbar,opx_liq,raw,530,16.000000238419002,16.000000238419002,16.267949449490448,lithospheric_mantle,other
LeaveOneRegionOut,ElasticNet,P_kbar,opx_liq,raw,531,16.000000238419002,16.000000238419002,17.540787105207563,lithospheric_mantle,other
LeaveOneRegionOut,ElasticNet,P_kbar,opx_liq,raw,532,12.0,12.0,14.98573341707483,deep_crustal_MASH,mantle_melting
LeaveOneRegionOut,ElasticNet,P_kbar,opx_liq,raw,533,12.0,12.0,13.313007039791913,deep_crustal_MASH,mantle_melting
LeaveOneRegionOut,ElasticNet,P_kbar,opx_liq,raw,534,12.0,12.0,16.743833892416887,deep_crustal_MASH,mantle_melting
LeaveOneRegionOut,ElasticNet,P_kbar,opx_liq,raw,535,12.0,12.0,12.171475685500038,deep_crustal_MASH,mantle_melting
LeaveOneRegionOut,ElasticNet,P_kbar,opx_liq,raw,536,8.9999997615814,8.9999997615814,8.053353621347487,deep_crustal_MASH,MORB
LeaveOneRegionOut,ElasticNet,P_kbar,opx_liq,raw,537,8.9999997615814,8.9999997615814,12.615684619342852,deep_crustal_MASH,MORB
LeaveOneRegionOut,ElasticNet,P_kbar,opx_liq,raw,538,12.999999523163,12.999999523163,15.940992340804804,deep_crustal_MASH,MORB
LeaveOneRegionOut,ElasticNet,P_kbar,opx_liq,raw,539,8.9999997615814,8.9999997615814,9.312133888664293,deep_crustal_MASH,MORB
LeaveOneRegionOut,ElasticNet,P_kbar,opx_liq,raw,540,16.000000238419002,16.000000238419002,19.679880978335554,lithospheric_mantle,MORB
LeaveOneRegionOut,ElasticNet,P_kbar,opx_liq,raw,541,11.000000238419002,11.000000238419002,13.91897581008832,deep_crustal_MASH,MORB
LeaveOneRegionOut,ElasticNet,P_kbar,opx_liq,raw,542,16.000000238419002,16.000000238419002,21.176881933341008,lithospheric_mantle,MORB
LeaveOneRegionOut,ElasticNet,P_kbar,opx_liq,raw,543,16.000000238419002,16.000000238419002,19.847021022943224,lithospheric_mantle,MORB
LeaveOneRegionOut,ElasticNet,P_kbar,opx_liq,raw,544,12.999999523163,12.999999523163,16.31687262946859,deep_crustal_MASH,MORB
LeaveOneRegionOut,ElasticNet,P_kbar,opx_liq,raw,545,16.000000238419002,16.000000238419002,17.458333025637437,lithospheric_mantle,MORB
LeaveOneRegionOut,ElasticNet,P_kbar,opx_liq,raw,546,8.9999997615814,8.9999997615814,9.08216359957631,deep_crustal_MASH,MORB
LeaveOneRegionOut,ElasticNet,P_kbar,opx_liq,raw,547,24.000000953674,24.000000953674,27.48153459483047,lithospheric_mantle,MORB
LeaveOneRegionOut,ElasticNet,P_kbar,opx_liq,raw,548,24.000000953674,24.000000953674,25.993165989717802,lithospheric_mantle,MORB
LeaveOneRegionOut,ElasticNet,P_kbar,opx_liq,raw,549,13.0,13.0,18.24886265229993,deep_crustal_MASH,mantle_melting
LeaveOneRegionOut,ElasticNet,P_kbar,opx_liq,raw,550,15.0,15.0,2.635094562802495,lithospheric_mantle,other
LeaveOneRegionOut,ElasticNet,P_kbar,opx_liq,raw,551,20.0,20.0,0.26437344829245824,lithospheric_mantle,other
LeaveOneRegionOut,ElasticNet,P_kbar,opx_liq,raw,552,15.0,15.0,2.714867740186751,lithospheric_mantle,other
LeaveOneRegionOut,ElasticNet,P_kbar,opx_liq,raw,553,10.0,10.0,9.430576130936197,deep_crustal_MASH,mantle_melting
LeaveOneRegionOut,ElasticNet,P_kbar,opx_liq,raw,554,10.0,10.0,9.79588900923042,deep_crustal_MASH,mantle_melting
LeaveOneRegionOut,ElasticNet,P_kbar,opx_liq,raw,555,10.0,10.0,7.210213823710578,deep_crustal_MASH,mantle_melting
LeaveOneRegionOut,ElasticNet,P_kbar,opx_liq,raw,556,10.0,10.0,6.848358212237386,deep_crustal_MASH,mantle_melting
LeaveOneRegionOut,ElasticNet,P_kbar,opx_liq,raw,557,10.0,10.0,6.226368165257476,deep_crustal_MASH,mantle_melting
LeaveOneRegionOut,ElasticNet,P_kbar,opx_liq,raw,558,10.0,10.0,5.259625020054285,deep_crustal_MASH,mantle_melting
LeaveOneRegionOut,ElasticNet,P_kbar,opx_liq,raw,559,10.0,10.0,8.936679445008506,deep_crustal_MASH,mantle_melting
LeaveOneRegionOut,ElasticNet,P_kbar,opx_liq,raw,560,10.0,10.0,10.551390248296759,deep_crustal_MASH,mantle_melting
LeaveOneRegionOut,ElasticNet,P_kbar,opx_liq,raw,561,10.0,10.0,12.307360421037568,deep_crustal_MASH,mantle_melting
LeaveOneRegionOut,ElasticNet,P_kbar,opx_liq,raw,562,10.0,10.0,10.30469843383822,deep_crustal_MASH,mantle_melting
LeaveOneRegionOut,ElasticNet,P_kbar,opx_liq,raw,563,30.0,30.0,16.073048682737912,deeper_mantle,other
LeaveOneRegionOut,ElasticNet,P_kbar,opx_liq,raw,564,30.0,30.0,10.943727915333564,deeper_mantle,other
LeaveOneRegionOut,ElasticNet,P_kbar,opx_liq,raw,565,30.0,30.0,11.107114950356447,deeper_mantle,other
LeaveOneRegionOut,ElasticNet,P_kbar,opx_liq,raw,566,30.0,30.0,15.109081800579078,deeper_mantle,other
LeaveOneRegionOut,ElasticNet,P_kbar,opx_liq,raw,567,30.0,30.0,13.109029473075362,deeper_mantle,other
LeaveOneRegionOut,ElasticNet,P_kbar,opx_liq,raw,568,10.0,10.0,10.575793473158127,deep_crustal_MASH,mantle_melting
LeaveOneRegionOut,ElasticNet,P_kbar,opx_liq,raw,569,10.0,10.0,9.859062265765624,deep_crustal_MASH,mantle_melting
LeaveOneRegionOut,ElasticNet,P_kbar,opx_liq,raw,570,12.999999523163,12.999999523163,7.831705159797311,deep_crustal_MASH,other
LeaveOneRegionOut,ElasticNet,P_kbar,opx_liq,raw,571,12.999999523163,12.999999523163,7.255589274420633,deep_crustal_MASH,other
LeaveOneRegionOut,ElasticNet,P_kbar,opx_liq,raw,572,12.999999761581499,12.999999761581499,7.783636058159734,deep_crustal_MASH,other
LeaveOneRegionOut,ElasticNet,P_kbar,opx_liq,raw,573,12.999999523163,12.999999523163,7.5217568139278645,deep_crustal_MASH,other
LeaveOneRegionOut,ElasticNet,P_kbar,opx_liq,raw,574,10.0,10.0,6.347176911169483,deep_crustal_MASH,other
LeaveOneRegionOut,ElasticNet,P_kbar,opx_liq,raw,575,0.00099999997473788,0.00099999997473788,-0.2017291927014213,shallow_crustal,other
LeaveOneRegionOut,ElasticNet,P_kbar,opx_liq,raw,576,6.999999880790701,6.999999880790701,2.2868187669331927,deep_crustal_MASH,other
LeaveOneRegionOut,ElasticNet,P_kbar,opx_liq,raw,577,10.0,10.0,4.902084993936515,deep_crustal_MASH,other
LeaveOneRegionOut,ElasticNet,P_kbar,opx_liq,raw,578,10.0,10.0,5.687261732526459,deep_crustal_MASH,other
LeaveOneRegionOut,ElasticNet,P_kbar,opx_liq,raw,579,6.999999880790701,6.999999880790701,2.4368276034272736,deep_crustal_MASH,other
LeaveOneRegionOut,ElasticNet,P_kbar,opx_liq,raw,580,27.999999523163,27.999999523163,24.662930069307272,lithospheric_mantle,MORB
LeaveOneRegionOut,ElasticNet,P_kbar,opx_liq,raw,581,27.999999523163,27.999999523163,24.672244734019,lithospheric_mantle,MORB
LeaveOneRegionOut,ElasticNet,P_kbar,opx_liq,raw,582,27.999999523163,27.999999523163,25.659345587721667,lithospheric_mantle,MORB
LeaveOneRegionOut,ElasticNet,P_kbar,opx_liq,raw,583,15.0,15.0,5.706253602547204,lithospheric_mantle,mantle_melting
LeaveOneRegionOut,ElasticNet,P_kbar,opx_liq,raw,584,15.0,15.0,8.60348897375898,lithospheric_mantle,mantle_melting
LeaveOneRegionOut,ElasticNet,P_kbar,opx_liq,raw,585,20.0,20.0,9.000557852173,lithospheric_mantle,mantle_melting
LeaveOneRegionOut,ElasticNet,P_kbar,opx_liq,raw,586,20.0,20.0,10.610300170803386,lithospheric_mantle,mantle_melting
LeaveOneRegionOut,ElasticNet,P_kbar,opx_liq,raw,587,15.0,15.0,14.974955787414892,lithospheric_mantle,mantle_melting
LeaveOneRegionOut,ElasticNet,P_kbar,opx_liq,raw,588,20.0,20.0,19.048270147495096,lithospheric_mantle,mantle_melting
LeaveOneRegionOut,ElasticNet,P_kbar,opx_liq,raw,589,20.0,20.0,10.171645001861837,lithospheric_mantle,mantle_melting
LeaveOneRegionOut,ElasticNet,P_kbar,opx_liq,raw,590,15.0,15.0,6.082808338158463,lithospheric_mantle,mantle_melting
LeaveOneRegionOut,ElasticNet,P_kbar,opx_liq,raw,591,20.0,20.0,11.172318252989381,lithospheric_mantle,mantle_melting
LeaveOneRegionOut,ElasticNet,P_kbar,opx_liq,raw,592,20.0,20.0,19.64501205150391,lithospheric_mantle,mantle_melting
LeaveOneRegionOut,ElasticNet,P_kbar,opx_liq,raw,593,20.0,20.0,11.25601440991569,lithospheric_mantle,mantle_melting
LeaveOneRegionOut,ElasticNet,P_kbar,opx_liq,raw,594,20.0,20.0,22.10192171771972,lithospheric_mantle,mantle_melting
LeaveOneRegionOut,ElasticNet,P_kbar,opx_liq,raw,595,15.0,15.0,15.171198471224512,lithospheric_mantle,mantle_melting
LeaveOneRegionOut,ElasticNet,P_kbar,opx_liq,raw,596,20.0,20.0,19.593186816233946,lithospheric_mantle,mantle_melting
LeaveOneRegionOut,ElasticNet,P_kbar,opx_liq,raw,597,0.001,0.001,1.881311293291592,shallow_crustal,other
LeaveOneRegionOut,ElasticNet,P_kbar,opx_liq,raw,598,0.001,0.001,0.9441880386451977,shallow_crustal,other
LeaveOneRegionOut,ElasticNet,P_kbar,opx_liq,raw,599,0.001,0.001,-1.9947922229907178,shallow_crustal,other
