pipeline,track,target,regime_type,regime,regime_lo,regime_hi,n,method_family,method,method_label,rmse,rmse_lo,rmse_hi,mae,mae_lo,mae_hi,n_used
opx,opx_liq,T_C,P,shallow_crustal,0.0,5.0,47,v10,RF/raw,v10 RF raw,30.139433441747197,22.435093484107757,38.66708595129871,22.70390940415096,17.890307511517296,29.135228981927014,47
opx,opx_liq,T_C,P,shallow_crustal,0.0,5.0,47,v10,RF/alr,v10 RF alr,36.87975954454925,28.121029180169117,44.68123712840318,28.160487119596674,21.829608627698008,35.03135116305171,47
opx,opx_liq,T_C,P,shallow_crustal,0.0,5.0,47,v10,RF/pwlr,v10 RF pwlr,30.512201406188645,21.64420985828449,39.930350699298295,23.13186167360599,17.90703983649515,29.27234615942984,47
opx,opx_liq,P_kbar,P,shallow_crustal,0.0,5.0,47,v10,RF/raw,v10 RF raw,6.539512506833378,5.399347913652251,7.683740772200355,5.430726198518971,4.38817117736056,6.55170473991173,47
opx,opx_liq,P_kbar,P,shallow_crustal,0.0,5.0,47,v10,RF/alr,v10 RF alr,5.65958087369086,4.671516233697239,6.583745798044783,4.740617813129335,3.8386686388672646,5.665985464416957,47
opx,opx_liq,P_kbar,P,shallow_crustal,0.0,5.0,47,v10,RF/pwlr,v10 RF pwlr,6.567140798526467,5.835550795991226,7.200218188900999,5.972728257379455,5.160388779974584,6.686354488771215,47
opx,opx_liq,T_C,P,shallow_crustal,0.0,5.0,47,v10,ERT/raw,v10 ERT raw,29.530167791911058,21.72998669154211,36.98709263064726,22.84302413653994,17.74961431724064,28.58523700413678,47
opx,opx_liq,T_C,P,shallow_crustal,0.0,5.0,47,v10,ERT/alr,v10 ERT alr,34.055704326312764,25.78493025675488,42.04385365445729,25.80198839216505,19.72747548341559,32.37993476428708,47
opx,opx_liq,T_C,P,shallow_crustal,0.0,5.0,47,v10,ERT/pwlr,v10 ERT pwlr,23.46950633881204,15.89141880707666,30.399238774216897,17.407858631398863,13.371735347349109,22.343692758327858,47
opx,opx_liq,P_kbar,P,shallow_crustal,0.0,5.0,47,v10,ERT/raw,v10 ERT raw,6.268384214683367,5.353016093173296,7.152986724068364,5.522690902160631,4.628025894424056,6.417620936815576,47
opx,opx_liq,P_kbar,P,shallow_crustal,0.0,5.0,47,v10,ERT/alr,v10 ERT alr,7.384038608918657,6.618853182297782,8.068085396532686,6.822887045255956,5.8912009676917645,7.587943752234961,47
opx,opx_liq,P_kbar,P,shallow_crustal,0.0,5.0,47,v10,ERT/pwlr,v10 ERT pwlr,8.276006077343347,7.422776623033219,8.993240297559069,7.651820045027682,6.618627874364539,8.473357437788158,47
opx,opx_liq,T_C,P,shallow_crustal,0.0,5.0,47,v10,XGB/raw,v10 XGB raw,34.4110331985493,26.861186169783007,43.03845190091089,28.181782174617688,22.52982038132688,35.030439693369765,47
opx,opx_liq,T_C,P,shallow_crustal,0.0,5.0,47,v10,XGB/alr,v10 XGB alr,33.93864902680431,23.926962657801898,43.68779150075774,24.836973799035903,18.210538856019365,32.22926190964719,47
opx,opx_liq,T_C,P,shallow_crustal,0.0,5.0,47,v10,XGB/pwlr,v10 XGB pwlr,38.635294697168554,26.592862902630774,50.705762309378436,28.33080145653258,20.766068608710107,36.459715465789145,47
opx,opx_liq,P_kbar,P,shallow_crustal,0.0,5.0,47,v10,XGB/raw,v10 XGB raw,5.19502094073719,4.362665487280833,6.0312149206031735,4.3937112600232275,3.554113910132519,5.226848165213764,47
opx,opx_liq,P_kbar,P,shallow_crustal,0.0,5.0,47,v10,XGB/alr,v10 XGB alr,5.087022039014063,4.249757345783944,5.832380955420354,4.381882567353662,3.6104995842526777,5.122812011656465,47
opx,opx_liq,P_kbar,P,shallow_crustal,0.0,5.0,47,v10,XGB/pwlr,v10 XGB pwlr,5.5729503862321,5.028802209788087,6.075088837819947,5.129329098030565,4.499975198625769,5.687168602780385,47
opx,opx_liq,T_C,P,shallow_crustal,0.0,5.0,47,v10,GB/raw,v10 GB raw,31.351564886884056,23.31161338715424,39.20563438124017,23.63009160038312,18.37794447124459,29.587789694433692,47
opx,opx_liq,T_C,P,shallow_crustal,0.0,5.0,47,v10,GB/alr,v10 GB alr,43.16665002310241,34.08343749514122,52.76455651962001,35.29263678514496,28.669167109526008,42.65190027264739,47
opx,opx_liq,T_C,P,shallow_crustal,0.0,5.0,47,v10,GB/pwlr,v10 GB pwlr,37.87149862555039,27.46790086482544,46.97344621110568,28.96387743018414,20.858558429104097,36.7817955383048,47
opx,opx_liq,P_kbar,P,shallow_crustal,0.0,5.0,47,v10,GB/raw,v10 GB raw,5.314969005852104,4.384336719122652,6.160893619850519,4.499502733125931,3.6481718741079763,5.356842808677522,47
opx,opx_liq,P_kbar,P,shallow_crustal,0.0,5.0,47,v10,GB/alr,v10 GB alr,5.094552114380756,4.381260052868638,5.73032530957603,4.447384142480069,3.735518653068702,5.076393604738036,47
opx,opx_liq,P_kbar,P,shallow_crustal,0.0,5.0,47,v10,GB/pwlr,v10 GB pwlr,5.304329042104653,4.612048959925334,5.961056205956666,4.685009061141795,3.9892386137874007,5.320327414071573,47
opx,opx_liq,T_C,P,shallow_crustal,0.0,5.0,47,v10,CatBoost/raw,v10 CatBoost raw,50.70078496827285,42.293021659269236,60.11446186664268,44.00695303590421,37.102379681872854,51.766589385574015,47
opx,opx_liq,T_C,P,shallow_crustal,0.0,5.0,47,v10,CatBoost/alr,v10 CatBoost alr,52.522380920225096,42.638451719402454,63.054861607703074,44.22342486954651,36.738638321857145,53.15753082933808,47
opx,opx_liq,T_C,P,shallow_crustal,0.0,5.0,47,v10,CatBoost/pwlr,v10 CatBoost pwlr,36.565324716332086,29.291850000670397,45.542732576147976,29.807104270850598,23.891089888244572,36.753381039840534,47
opx,opx_liq,P_kbar,P,shallow_crustal,0.0,5.0,47,v10,CatBoost/raw,v10 CatBoost raw,6.180537028274246,5.530331526450612,6.744408958063198,5.685252827891032,4.945781554726518,6.344787637759208,47
opx,opx_liq,P_kbar,P,shallow_crustal,0.0,5.0,47,v10,CatBoost/alr,v10 CatBoost alr,5.380914199175214,4.775543967108045,5.905474715536748,4.933778531714808,4.286199546125132,5.496980492026731,47
opx,opx_liq,P_kbar,P,shallow_crustal,0.0,5.0,47,v10,CatBoost/pwlr,v10 CatBoost pwlr,4.8977287980986315,4.3557196624085375,5.4071630608714045,4.450129466625876,3.8727972365751473,5.027075299413243,47
opx,opx_liq,T_C,P,shallow_crustal,0.0,5.0,47,v10,LightGBM/raw,v10 LightGBM raw,36.14726639171625,26.86004172944436,46.49646664427156,27.814525374554293,21.547268327054333,35.44137695677208,47
opx,opx_liq,T_C,P,shallow_crustal,0.0,5.0,47,v10,LightGBM/alr,v10 LightGBM alr,37.47415288757808,28.681347864552624,46.043395434690595,27.80111308660776,20.89076776326466,35.8540234803399,47
opx,opx_liq,T_C,P,shallow_crustal,0.0,5.0,47,v10,LightGBM/pwlr,v10 LightGBM pwlr,42.30635910288012,31.45991235450536,52.50558670648871,31.79234620081096,24.44056386229169,39.96992209285273,47
opx,opx_liq,P_kbar,P,shallow_crustal,0.0,5.0,47,v10,LightGBM/raw,v10 LightGBM raw,6.173545807095177,5.159790482683863,7.2012914833890935,5.277183848406653,4.298357986992266,6.2220285700674784,47
opx,opx_liq,P_kbar,P,shallow_crustal,0.0,5.0,47,v10,LightGBM/alr,v10 LightGBM alr,5.027678001096399,4.337109407039598,5.663747903694968,4.423930459901028,3.7278529851844504,5.111279707239089,47
opx,opx_liq,P_kbar,P,shallow_crustal,0.0,5.0,47,v10,LightGBM/pwlr,v10 LightGBM pwlr,5.716427348790974,4.929551741522422,6.487011543474748,5.175398275375074,4.459327653404438,5.8590419892582,47
opx,opx_liq,T_C,P,shallow_crustal,0.0,5.0,47,v10,ElasticNet/raw,v10 ElasticNet raw,35.32950089738492,28.339789558030112,43.895498391550305,29.42878703060066,24.698910045009576,35.14917162697525,47
opx,opx_liq,T_C,P,shallow_crustal,0.0,5.0,47,v10,ElasticNet/alr,v10 ElasticNet alr,64.3383946359891,43.52582646310961,83.10980867523232,45.18691447385551,32.49420925606638,58.86434421191225,47
opx,opx_liq,T_C,P,shallow_crustal,0.0,5.0,47,v10,ElasticNet/pwlr,v10 ElasticNet pwlr,73.64088693569565,45.93313816546059,97.62211826737062,49.75503380916497,35.38394099676371,66.85085932518827,47
opx,opx_liq,P_kbar,P,shallow_crustal,0.0,5.0,47,v10,ElasticNet/raw,v10 ElasticNet raw,2.6629062653698017,2.2450346518205095,3.1343694856143762,2.2375694409156517,1.82191356504563,2.688831420361712,47
opx,opx_liq,P_kbar,P,shallow_crustal,0.0,5.0,47,v10,ElasticNet/alr,v10 ElasticNet alr,9.133250101388604,7.906850500938539,10.306395097749313,8.115180467730855,6.9348614502479995,9.263223789423668,47
opx,opx_liq,P_kbar,P,shallow_crustal,0.0,5.0,47,v10,ElasticNet/pwlr,v10 ElasticNet pwlr,9.492997436837937,8.129162811550996,10.859978490436749,8.39825910858117,7.166959085401047,9.606005576515404,47
opx,opx_liq,T_C,P,shallow_crustal,0.0,5.0,47,v10,MLP/raw,v10 MLP raw,118.62760393241808,65.9971013799708,159.4538881189165,79.40496291183604,56.54294156404819,106.19277223933939,47
opx,opx_liq,T_C,P,shallow_crustal,0.0,5.0,47,v10,MLP/alr,v10 MLP alr,122.15963522611435,103.76445581362168,138.77466778969313,103.05741198456079,83.31674174629673,121.12836592691785,47
opx,opx_liq,T_C,P,shallow_crustal,0.0,5.0,47,v10,MLP/pwlr,v10 MLP pwlr,223.6031074755159,192.25274815811198,254.8855476296789,188.79606643894104,157.45060279431047,221.4999904220816,47
opx,opx_liq,P_kbar,P,shallow_crustal,0.0,5.0,47,v10,MLP/raw,v10 MLP raw,2.9646551785365847,1.4527955918277364,4.110310829030133,1.6755683442809237,1.0571782208120046,2.4236926309516904,47
opx,opx_liq,P_kbar,P,shallow_crustal,0.0,5.0,47,v10,MLP/alr,v10 MLP alr,6.757446413310668,5.357992070880275,8.023632121488648,5.492483136797111,4.382867787656008,6.6431803342513325,44
opx,opx_liq,P_kbar,P,shallow_crustal,0.0,5.0,47,v10,MLP/pwlr,v10 MLP pwlr,7.840676097427299,6.371404159180163,9.12153386434241,6.522469094322431,5.157679985903285,7.887142741595097,42
opx,opx_liq,T_C,P,shallow_crustal,0.0,5.0,47,Putirka,Putirka 28a,Putirka 28a,25.52386491004583,16.322299801938634,33.87126520329394,17.533597315648198,12.490818231728586,23.274652680742804,47
opx,opx_liq,T_C,P,shallow_crustal,0.0,5.0,47,Putirka,Putirka 28b,Putirka 28b,41.808059486523845,34.68237880913994,49.95850642696668,36.91394634423728,31.701631885746213,43.67738550660982,47
opx,opx_liq,P_kbar,P,shallow_crustal,0.0,5.0,47,Putirka,Putirka 29a,Putirka 29a,3.8863638996981837,3.2362767013242566,4.472373397759273,3.404521441351616,2.781893628191097,4.036133478630332,33
opx,opx_liq,P_kbar,P,shallow_crustal,0.0,5.0,47,Putirka,Putirka 29b,Putirka 29b,4.695619699435694,4.125569443374875,5.2260167621342495,4.4718493518391345,3.937555260275354,4.985565896692075,30
opx,opx_liq,T_C,P,deep_crustal_MASH,5.0,15.0,61,v10,RF/raw,v10 RF raw,87.76603217208427,48.836394089717736,120.60186800292222,53.70667120685816,37.93615976860519,72.2651950882548,61
opx,opx_liq,T_C,P,deep_crustal_MASH,5.0,15.0,61,v10,RF/alr,v10 RF alr,89.3018582826287,49.6986023186024,121.98603413237598,56.33744160038286,39.4288729092249,75.83799198966294,61
opx,opx_liq,T_C,P,deep_crustal_MASH,5.0,15.0,61,v10,RF/pwlr,v10 RF pwlr,88.62218287000829,50.500184057761,120.57294945227676,56.07686443460518,40.8310240858936,74.62773409179681,61
opx,opx_liq,P_kbar,P,deep_crustal_MASH,5.0,15.0,61,v10,RF/raw,v10 RF raw,2.54172089739941,2.0304753482998326,3.091328462327968,1.8732843727987338,1.4791120842896892,2.349032456550735,61
opx,opx_liq,P_kbar,P,deep_crustal_MASH,5.0,15.0,61,v10,RF/alr,v10 RF alr,2.2594019830280017,1.870631198972116,2.6666030659575584,1.7108327505596705,1.3557247209616428,2.097850040828875,61
opx,opx_liq,P_kbar,P,deep_crustal_MASH,5.0,15.0,61,v10,RF/pwlr,v10 RF pwlr,2.399238330423124,1.9854599889186944,2.807766427332586,1.7704732629348217,1.4034894113321874,2.1805394902336377,61
opx,opx_liq,T_C,P,deep_crustal_MASH,5.0,15.0,61,v10,ERT/raw,v10 ERT raw,91.03225647381046,55.770040850115706,122.5546023742278,58.41464588360967,42.49896019637977,77.24259482508678,61
opx,opx_liq,T_C,P,deep_crustal_MASH,5.0,15.0,61,v10,ERT/alr,v10 ERT alr,93.61131634802483,56.47010897419668,125.84118843948063,61.197639989523076,45.272929929912,80.16081501652204,61
opx,opx_liq,T_C,P,deep_crustal_MASH,5.0,15.0,61,v10,ERT/pwlr,v10 ERT pwlr,88.26879591935563,48.48863718989748,121.41146892572533,54.23215193860307,38.710508591278234,72.99758271304908,61
opx,opx_liq,P_kbar,P,deep_crustal_MASH,5.0,15.0,61,v10,ERT/raw,v10 ERT raw,2.1047679147917284,1.7581529869235717,2.422163800382179,1.6680624487906446,1.3664655816838296,1.9711974585925238,61
opx,opx_liq,P_kbar,P,deep_crustal_MASH,5.0,15.0,61,v10,ERT/alr,v10 ERT alr,2.4086671665271973,1.9795111985425067,2.8188286490371732,1.9314916792973698,1.6031113571685058,2.3089381956691604,61
opx,opx_liq,P_kbar,P,deep_crustal_MASH,5.0,15.0,61,v10,ERT/pwlr,v10 ERT pwlr,2.290982422532602,1.8637681880589931,2.702957771813122,1.7310900599574592,1.3555127433220353,2.0999004736259916,61
opx,opx_liq,T_C,P,deep_crustal_MASH,5.0,15.0,61,v10,XGB/raw,v10 XGB raw,86.33048379106808,47.30738462964268,119.42671359108489,52.17562315893955,36.6340612192623,71.20422893586705,61
opx,opx_liq,T_C,P,deep_crustal_MASH,5.0,15.0,61,v10,XGB/alr,v10 XGB alr,94.89261444884731,59.145257122756355,126.26340935493087,64.67435042584529,48.67378665111104,82.17228018338562,61
opx,opx_liq,T_C,P,deep_crustal_MASH,5.0,15.0,61,v10,XGB/pwlr,v10 XGB pwlr,94.5284116340185,59.50333519954944,125.28232668777285,61.54505295049949,45.65392966348617,79.87334472155959,61
opx,opx_liq,P_kbar,P,deep_crustal_MASH,5.0,15.0,61,v10,XGB/raw,v10 XGB raw,2.343082086259322,1.8022474374726696,2.915306709208329,1.6938512129862084,1.331490820841736,2.182943923844689,61
opx,opx_liq,P_kbar,P,deep_crustal_MASH,5.0,15.0,61,v10,XGB/alr,v10 XGB alr,2.2812064948366344,1.8472386068698257,2.739032862016555,1.7172878843839308,1.3725392031376733,2.157518668546076,61
opx,opx_liq,P_kbar,P,deep_crustal_MASH,5.0,15.0,61,v10,XGB/pwlr,v10 XGB pwlr,2.3743946395604003,1.9561802809658349,2.878772719895661,1.8241638746417992,1.4540809053377972,2.274275949206512,61
opx,opx_liq,T_C,P,deep_crustal_MASH,5.0,15.0,61,v10,GB/raw,v10 GB raw,86.5901411274662,49.15981124000888,119.28979058291405,52.39919418486391,37.063119690075254,70.09618211009939,61
opx,opx_liq,T_C,P,deep_crustal_MASH,5.0,15.0,61,v10,GB/alr,v10 GB alr,96.37452146336356,60.604191177800274,128.20191967020378,63.609870725625484,46.457238597852815,83.602240298356,61
opx,opx_liq,T_C,P,deep_crustal_MASH,5.0,15.0,61,v10,GB/pwlr,v10 GB pwlr,90.553224139615,57.474327214499056,119.8687485413886,59.51945545116415,43.91879166422473,77.7531707037776,61
opx,opx_liq,P_kbar,P,deep_crustal_MASH,5.0,15.0,61,v10,GB/raw,v10 GB raw,2.474431996169494,1.9629668116747998,2.991420925765167,1.843017767414751,1.4812445556728544,2.289623588306266,61
opx,opx_liq,P_kbar,P,deep_crustal_MASH,5.0,15.0,61,v10,GB/alr,v10 GB alr,2.340147335706196,1.9557283329925739,2.668171710071079,1.8962113569068104,1.5773514920400609,2.215448975406475,61
opx,opx_liq,P_kbar,P,deep_crustal_MASH,5.0,15.0,61,v10,GB/pwlr,v10 GB pwlr,2.4871204802061952,2.068147906188949,2.9246096155482944,1.9208315282373503,1.5357723322515262,2.3807175989591345,61
opx,opx_liq,T_C,P,deep_crustal_MASH,5.0,15.0,61,v10,CatBoost/raw,v10 CatBoost raw,81.83820160166118,39.07094207548457,116.12569678775887,43.11218615012611,28.099631169603292,61.2220199486298,61
opx,opx_liq,T_C,P,deep_crustal_MASH,5.0,15.0,61,v10,CatBoost/alr,v10 CatBoost alr,88.0845073396218,51.665753284109485,119.10680377203961,55.26326826924709,40.1753586397775,73.48181535236593,61
opx,opx_liq,T_C,P,deep_crustal_MASH,5.0,15.0,61,v10,CatBoost/pwlr,v10 CatBoost pwlr,88.10475412375267,49.08046116775505,120.83467359667809,54.051226617302405,38.949186377659196,72.27574663970933,61
opx,opx_liq,P_kbar,P,deep_crustal_MASH,5.0,15.0,61,v10,CatBoost/raw,v10 CatBoost raw,2.1170288934707253,1.7705359446290818,2.47716294468906,1.7243491617023172,1.4234605255382864,2.080157203891209,61
opx,opx_liq,P_kbar,P,deep_crustal_MASH,5.0,15.0,61,v10,CatBoost/alr,v10 CatBoost alr,2.162051058800109,1.72636840210675,2.622613381937446,1.6020316460879434,1.2617588129374202,2.029727808894712,61
opx,opx_liq,P_kbar,P,deep_crustal_MASH,5.0,15.0,61,v10,CatBoost/pwlr,v10 CatBoost pwlr,2.4096382395561036,1.9586993413069063,2.863521321724296,1.858482864178114,1.4541176738410755,2.297801804038588,61
opx,opx_liq,T_C,P,deep_crustal_MASH,5.0,15.0,61,v10,LightGBM/raw,v10 LightGBM raw,87.913163902434,47.78897379339498,121.02077712418364,52.79120797031039,37.0688730641816,72.25944569089688,61
opx,opx_liq,T_C,P,deep_crustal_MASH,5.0,15.0,61,v10,LightGBM/alr,v10 LightGBM alr,96.34266014305739,64.53744189193682,126.30027254421604,68.41773852112607,51.09239114952665,86.97673175106404,61
opx,opx_liq,T_C,P,deep_crustal_MASH,5.0,15.0,61,v10,LightGBM/pwlr,v10 LightGBM pwlr,91.95028066713458,58.03333330984146,122.6366010527241,60.89651963127227,44.91731212470594,79.63833550026179,61
opx,opx_liq,P_kbar,P,deep_crustal_MASH,5.0,15.0,61,v10,LightGBM/raw,v10 LightGBM raw,2.42732988372694,1.9610573054068818,2.9496483957141177,1.8611973754366034,1.503273207905168,2.308601427220596,61
opx,opx_liq,P_kbar,P,deep_crustal_MASH,5.0,15.0,61,v10,LightGBM/alr,v10 LightGBM alr,2.531397792425015,2.1009878412214413,2.96588837719152,1.9979405724497747,1.630550628443974,2.385558582622348,61
opx,opx_liq,P_kbar,P,deep_crustal_MASH,5.0,15.0,61,v10,LightGBM/pwlr,v10 LightGBM pwlr,2.5985203482970487,2.0431462455105063,3.1568062082038097,1.897868520856603,1.46239807444268,2.4174350242970655,61
opx,opx_liq,T_C,P,deep_crustal_MASH,5.0,15.0,61,v10,ElasticNet/raw,v10 ElasticNet raw,78.46430905099997,29.84621120696413,113.07245600455009,38.502479902102735,23.531825410809525,57.445421718391856,61
opx,opx_liq,T_C,P,deep_crustal_MASH,5.0,15.0,61,v10,ElasticNet/alr,v10 ElasticNet alr,85.14578791426983,37.656541987388835,120.78353423143277,46.83600014124519,31.75734194408993,66.32234920720302,61
opx,opx_liq,T_C,P,deep_crustal_MASH,5.0,15.0,61,v10,ElasticNet/pwlr,v10 ElasticNet pwlr,85.5209143696247,38.63160908654732,121.06199641866117,47.452664525320834,32.55392264385286,66.95403005766687,61
opx,opx_liq,P_kbar,P,deep_crustal_MASH,5.0,15.0,61,v10,ElasticNet/raw,v10 ElasticNet raw,3.153246582437006,2.6392654530968636,3.6080671044917625,2.6125331021644382,2.1740249226148736,3.023744783336759,61
opx,opx_liq,P_kbar,P,deep_crustal_MASH,5.0,15.0,61,v10,ElasticNet/alr,v10 ElasticNet alr,3.894819429414157,3.5030850130933326,4.27339890809739,3.4602831023998855,3.046569198000322,3.904168701376278,61
opx,opx_liq,P_kbar,P,deep_crustal_MASH,5.0,15.0,61,v10,ElasticNet/pwlr,v10 ElasticNet pwlr,3.9264079312288622,3.532857079371384,4.291319033064357,3.514575909894917,3.109622600785506,3.944704069684344,61
opx,opx_liq,T_C,P,deep_crustal_MASH,5.0,15.0,61,v10,MLP/raw,v10 MLP raw,107.57222958875016,78.84022833728197,137.84710136120418,72.99594506543121,56.502711169943765,94.0622936197886,61
opx,opx_liq,T_C,P,deep_crustal_MASH,5.0,15.0,61,v10,MLP/alr,v10 MLP alr,95.05679323172541,64.18707299809456,121.55474325710422,65.96748517939334,49.987702678764904,83.75761590769216,61
opx,opx_liq,T_C,P,deep_crustal_MASH,5.0,15.0,61,v10,MLP/pwlr,v10 MLP pwlr,102.40057572521982,81.53874313835962,120.39571846257884,81.50125558356216,64.30426727027928,96.85529470525651,61
opx,opx_liq,P_kbar,P,deep_crustal_MASH,5.0,15.0,61,v10,MLP/raw,v10 MLP raw,2.0789452576826175,1.6244064535190756,2.5386432223967983,1.5349063149105906,1.1929935561037297,1.9187055951312977,61
opx,opx_liq,P_kbar,P,deep_crustal_MASH,5.0,15.0,61,v10,MLP/alr,v10 MLP alr,2.6257413201972386,2.2596127023902515,2.97655147752968,2.2013114679344854,1.8346219077063046,2.534847022154751,61
opx,opx_liq,P_kbar,P,deep_crustal_MASH,5.0,15.0,61,v10,MLP/pwlr,v10 MLP pwlr,2.542074798810825,2.1575536638309893,2.941831336305547,2.1243845937796793,1.7870452136219794,2.511753316695446,61
opx,opx_liq,T_C,P,deep_crustal_MASH,5.0,15.0,61,Putirka,Putirka 28a,Putirka 28a,87.478244585471,34.61176623241711,120.82591085642227,44.863093742382716,26.66789558449523,65.83752289043127,50
opx,opx_liq,T_C,P,deep_crustal_MASH,5.0,15.0,61,Putirka,Putirka 28b,Putirka 28b,89.10718759699942,34.30849821410816,123.44329698533797,41.957222821732394,23.456740966026032,62.97802357001863,50
opx,opx_liq,P_kbar,P,deep_crustal_MASH,5.0,15.0,61,Putirka,Putirka 29a,Putirka 29a,2.3144340490953392,1.7219393601426578,2.8533354604779837,1.8331877007489752,1.4132402619998683,2.302480857878235,40
opx,opx_liq,P_kbar,P,deep_crustal_MASH,5.0,15.0,61,Putirka,Putirka 29b,Putirka 29b,3.8929576106747903,2.189566849182123,5.1782753063660385,2.413590509166155,1.6212795114512704,3.2698869642611568,48
opx,opx_liq,T_C,P,lithospheric_mantle,15.0,30.0,58,v10,RF/raw,v10 RF raw,100.42054136193953,84.10898823010122,119.27666952074773,80.92701718054427,66.703536214086,98.07131136679844,58
opx,opx_liq,T_C,P,lithospheric_mantle,15.0,30.0,58,v10,RF/alr,v10 RF alr,105.91953577776965,87.34454619804589,127.37309557074735,83.24687295798195,67.28263194593912,102.9922638283634,58
opx,opx_liq,T_C,P,lithospheric_mantle,15.0,30.0,58,v10,RF/pwlr,v10 RF pwlr,101.91772960589147,84.23094855162216,121.61065802367472,81.0246243707538,65.32593983903115,99.39648035315572,58
opx,opx_liq,P_kbar,P,lithospheric_mantle,15.0,30.0,58,v10,RF/raw,v10 RF raw,5.025477603797024,3.955420219944833,6.071577109526976,4.034316776551237,3.281414827646506,4.885199999097862,58
opx,opx_liq,P_kbar,P,lithospheric_mantle,15.0,30.0,58,v10,RF/alr,v10 RF alr,5.070120416339386,3.917811523647394,6.184263715877372,3.9717805563138424,3.225686079918932,4.826809409309573,58
opx,opx_liq,P_kbar,P,lithospheric_mantle,15.0,30.0,58,v10,RF/pwlr,v10 RF pwlr,5.0475451693116025,4.1030755426748815,6.002641253149451,3.943718558643974,3.197856421456454,4.812108766875288,58
opx,opx_liq,T_C,P,lithospheric_mantle,15.0,30.0,58,v10,ERT/raw,v10 ERT raw,99.89635585971062,81.80597049581246,119.77255059615347,79.82317466358136,65.62844163429048,97.20531647720654,58
opx,opx_liq,T_C,P,lithospheric_mantle,15.0,30.0,58,v10,ERT/alr,v10 ERT alr,100.66505268227708,79.93001910177975,125.12723170382428,77.41668428160813,61.68128872368293,97.66359681809531,58
opx,opx_liq,T_C,P,lithospheric_mantle,15.0,30.0,58,v10,ERT/pwlr,v10 ERT pwlr,100.25056968486373,82.54791654338668,120.34246683420487,79.50502965894024,64.37238150118233,97.27124490666195,58
opx,opx_liq,P_kbar,P,lithospheric_mantle,15.0,30.0,58,v10,ERT/raw,v10 ERT raw,4.717503888216614,3.685624632050457,5.6405252148490685,3.5701757825031004,2.786575525080675,4.39718643218476,58
opx,opx_liq,P_kbar,P,lithospheric_mantle,15.0,30.0,58,v10,ERT/alr,v10 ERT alr,5.384960964499194,4.16013336118549,6.495264883591018,3.944958477462839,3.0846736865251034,4.877203653461814,58
opx,opx_liq,P_kbar,P,lithospheric_mantle,15.0,30.0,58,v10,ERT/pwlr,v10 ERT pwlr,5.538919581687771,4.4524714326548915,6.532052231328989,4.095703518444712,3.2009213196399178,5.145488369729569,58
opx,opx_liq,T_C,P,lithospheric_mantle,15.0,30.0,58,v10,XGB/raw,v10 XGB raw,102.79411523982989,85.72593103796557,121.65319513758315,82.90029591527478,67.86710715458311,100.56830907361261,58
opx,opx_liq,T_C,P,lithospheric_mantle,15.0,30.0,58,v10,XGB/alr,v10 XGB alr,105.44436028355416,86.62827196152983,126.78872167675144,85.16990924703664,69.8476566183156,104.22863911595837,58
opx,opx_liq,T_C,P,lithospheric_mantle,15.0,30.0,58,v10,XGB/pwlr,v10 XGB pwlr,100.56768365094521,83.65714484629176,119.55528671826043,80.18427145070044,65.61590071053341,97.15768095871498,58
opx,opx_liq,P_kbar,P,lithospheric_mantle,15.0,30.0,58,v10,XGB/raw,v10 XGB raw,4.927886773373447,3.816318445916106,5.998746131376657,3.707523162307419,2.9322078822028996,4.6266080053716,58
opx,opx_liq,P_kbar,P,lithospheric_mantle,15.0,30.0,58,v10,XGB/alr,v10 XGB alr,5.060945455858742,4.0000687575302925,6.043565583314308,3.878310447421604,3.106296866721177,4.7090652768865215,58
opx,opx_liq,P_kbar,P,lithospheric_mantle,15.0,30.0,58,v10,XGB/pwlr,v10 XGB pwlr,5.013598568582998,3.8759107221930686,6.186428625697147,3.676207954826018,2.8772715679413445,4.596722485279233,58
opx,opx_liq,T_C,P,lithospheric_mantle,15.0,30.0,58,v10,GB/raw,v10 GB raw,101.14806468314777,82.13860585524536,120.9139955954826,81.52461566308983,66.5595929202517,99.09292419225139,58
opx,opx_liq,T_C,P,lithospheric_mantle,15.0,30.0,58,v10,GB/alr,v10 GB alr,109.69772986587213,88.0248360470844,133.68989689139744,86.28416000412885,69.34892850681214,107.16314272051757,58
opx,opx_liq,T_C,P,lithospheric_mantle,15.0,30.0,58,v10,GB/pwlr,v10 GB pwlr,102.60684296038036,84.82482383317144,122.7696404510633,81.6392973966127,66.3775105565377,100.11605275137468,58
opx,opx_liq,P_kbar,P,lithospheric_mantle,15.0,30.0,58,v10,GB/raw,v10 GB raw,5.3545026842013,4.280059050089767,6.380855230451215,3.9991091293090664,3.091089785245318,4.961241115815531,58
opx,opx_liq,P_kbar,P,lithospheric_mantle,15.0,30.0,58,v10,GB/alr,v10 GB alr,5.279620850828947,4.120543426071346,6.357148492590738,4.061638072100898,3.249494036296565,4.965404403897268,58
opx,opx_liq,P_kbar,P,lithospheric_mantle,15.0,30.0,58,v10,GB/pwlr,v10 GB pwlr,4.923897481018125,3.8016609134744432,6.024416293391152,3.6390540726195444,2.859689689379326,4.540709273823919,58
opx,opx_liq,T_C,P,lithospheric_mantle,15.0,30.0,58,v10,CatBoost/raw,v10 CatBoost raw,103.10410783749312,84.82714374611915,123.38436181330535,82.35573487376914,66.60443889896226,100.39029448864282,58
opx,opx_liq,T_C,P,lithospheric_mantle,15.0,30.0,58,v10,CatBoost/alr,v10 CatBoost alr,119.45156816361542,99.91989674580468,139.6865297386648,98.36778332973486,81.70734785114448,117.07375151663707,58
opx,opx_liq,T_C,P,lithospheric_mantle,15.0,30.0,58,v10,CatBoost/pwlr,v10 CatBoost pwlr,99.18873847676124,81.26305882093641,119.0717317993764,78.52738015357454,63.54955612116411,96.50701645742423,58
opx,opx_liq,P_kbar,P,lithospheric_mantle,15.0,30.0,58,v10,CatBoost/raw,v10 CatBoost raw,4.538469782286738,3.4873240531148664,5.561096079489953,3.345708560492142,2.641844195762434,4.147106380753453,58
opx,opx_liq,P_kbar,P,lithospheric_mantle,15.0,30.0,58,v10,CatBoost/alr,v10 CatBoost alr,5.07079858885763,4.086815149312432,6.116331724046902,3.9880722565371425,3.259532057437161,4.777557479914344,58
opx,opx_liq,P_kbar,P,lithospheric_mantle,15.0,30.0,58,v10,CatBoost/pwlr,v10 CatBoost pwlr,4.891094448567877,3.743054999284554,5.938485208525037,3.637202391710283,2.816792445456501,4.46215981780603,58
opx,opx_liq,T_C,P,lithospheric_mantle,15.0,30.0,58,v10,LightGBM/raw,v10 LightGBM raw,101.1593723277134,83.51204878776167,119.22329196741251,81.35454634065522,66.24981495427892,98.23215899746796,58
opx,opx_liq,T_C,P,lithospheric_mantle,15.0,30.0,58,v10,LightGBM/alr,v10 LightGBM alr,107.78141182654858,87.80352540184217,130.2079150526269,84.64232698257094,68.63063974143031,104.18005531576944,58
opx,opx_liq,T_C,P,lithospheric_mantle,15.0,30.0,58,v10,LightGBM/pwlr,v10 LightGBM pwlr,103.87416637700497,85.01762137575794,124.18328882338778,82.27529470477472,65.57627821986735,100.49412607802547,58
opx,opx_liq,P_kbar,P,lithospheric_mantle,15.0,30.0,58,v10,LightGBM/raw,v10 LightGBM raw,5.111948844055134,3.9606997556439634,6.118222332238223,3.9121034344104197,3.123732688491952,4.81512479761047,58
opx,opx_liq,P_kbar,P,lithospheric_mantle,15.0,30.0,58,v10,LightGBM/alr,v10 LightGBM alr,5.146021832156458,4.020357846940609,6.226605042273379,3.8026205197826046,2.955277240075573,4.725726111639847,58
opx,opx_liq,P_kbar,P,lithospheric_mantle,15.0,30.0,58,v10,LightGBM/pwlr,v10 LightGBM pwlr,4.7606630312318385,3.7461199664678504,5.791274422485605,3.528556148153696,2.771856118440151,4.440282879897958,58
opx,opx_liq,T_C,P,lithospheric_mantle,15.0,30.0,58,v10,ElasticNet/raw,v10 ElasticNet raw,93.6982941619437,77.3082758020947,111.1697136465202,76.1298526089011,63.332341702382585,91.52242870253386,58
opx,opx_liq,T_C,P,lithospheric_mantle,15.0,30.0,58,v10,ElasticNet/alr,v10 ElasticNet alr,97.99738876446513,73.97449477944477,119.30662080525288,75.90443402483497,60.47417069582943,92.70563319959166,58
opx,opx_liq,T_C,P,lithospheric_mantle,15.0,30.0,58,v10,ElasticNet/pwlr,v10 ElasticNet pwlr,97.54060910157183,72.53069350547482,120.20020843072444,75.08737930753172,59.40485521466332,92.01468397588557,58
opx,opx_liq,P_kbar,P,lithospheric_mantle,15.0,30.0,58,v10,ElasticNet/raw,v10 ElasticNet raw,5.559920233649886,4.242676907029958,6.841573909819802,3.932106424298268,3.031414255128033,4.938889699236609,58
opx,opx_liq,P_kbar,P,lithospheric_mantle,15.0,30.0,58,v10,ElasticNet/alr,v10 ElasticNet alr,4.659920496502239,3.8391877016798617,5.422890342794446,3.565640355172826,2.854450505086279,4.405273447528714,58
opx,opx_liq,P_kbar,P,lithospheric_mantle,15.0,30.0,58,v10,ElasticNet/pwlr,v10 ElasticNet pwlr,4.622576457991386,3.8156222509233073,5.392557026758373,3.5602511672746533,2.8827114607507753,4.377173265075558,58
opx,opx_liq,T_C,P,lithospheric_mantle,15.0,30.0,58,v10,MLP/raw,v10 MLP raw,152.32633659431895,126.12520381320047,175.36649134265159,123.2687899714566,99.7643196179553,146.8301033251086,57
opx,opx_liq,T_C,P,lithospheric_mantle,15.0,30.0,58,v10,MLP/alr,v10 MLP alr,123.80917097173042,105.31709839958837,142.80429501625875,101.65533220891729,84.44652806991385,121.02603405441387,58
opx,opx_liq,T_C,P,lithospheric_mantle,15.0,30.0,58,v10,MLP/pwlr,v10 MLP pwlr,126.87829793354541,104.14627221429454,149.36629832744632,100.6930608011267,81.25041202830097,119.60876244718663,58
opx,opx_liq,P_kbar,P,lithospheric_mantle,15.0,30.0,58,v10,MLP/raw,v10 MLP raw,5.379807870130083,4.045199002088964,6.738270368208067,4.046361585553833,3.2251845002684094,5.046149954218443,58
opx,opx_liq,P_kbar,P,lithospheric_mantle,15.0,30.0,58,v10,MLP/alr,v10 MLP alr,6.2061446272160525,4.9698657945425975,7.372577444146844,4.609912731602484,3.5931884506067022,5.700684400468,58
opx,opx_liq,P_kbar,P,lithospheric_mantle,15.0,30.0,58,v10,MLP/pwlr,v10 MLP pwlr,5.464442116957412,4.450187098616544,6.372305238275133,4.07719388515106,3.2344122750604423,5.088112864608688,58
opx,opx_liq,T_C,P,lithospheric_mantle,15.0,30.0,58,Putirka,Putirka 28a,Putirka 28a,79.65209323346028,54.88681970960786,107.4102978196712,52.410023381609484,37.99515448893258,71.32765894844529,56
opx,opx_liq,T_C,P,lithospheric_mantle,15.0,30.0,58,Putirka,Putirka 28b,Putirka 28b,84.26817690746559,61.148040861740085,110.32576180041379,60.37589320208014,46.3882810784425,77.64108852094557,56
opx,opx_liq,P_kbar,P,lithospheric_mantle,15.0,30.0,58,Putirka,Putirka 29a,Putirka 29a,4.6597261690838705,3.2499625420326343,5.961467064571667,3.253241240109568,2.2842373810472125,4.299065943212198,45
opx,opx_liq,P_kbar,P,lithospheric_mantle,15.0,30.0,58,Putirka,Putirka 29b,Putirka 29b,4.805638608462508,3.407865848314084,6.2876069687015494,3.369435106474718,2.518193014607771,4.392793774888569,53
opx,opx_liq,T_C,P,deeper_mantle,30.0,1000.0,8,v10,RF/raw,v10 RF raw,176.77618070585373,105.23990335789287,232.06798268201553,155.05145644983224,97.66913323647825,219.6222979804723,8
opx,opx_liq,T_C,P,deeper_mantle,30.0,1000.0,8,v10,RF/alr,v10 RF alr,121.41777453204534,73.67946140889258,160.41926649783366,108.03087747872198,69.53056992179852,150.42486498416156,8
opx,opx_liq,T_C,P,deeper_mantle,30.0,1000.0,8,v10,RF/pwlr,v10 RF pwlr,126.82561976715203,91.22161805250104,161.55048525447458,119.01961001913736,89.76729431560469,152.4234013147304,8
opx,opx_liq,P_kbar,P,deeper_mantle,30.0,1000.0,8,v10,RF/raw,v10 RF raw,12.476043744524745,8.390720338857163,15.909577887078788,11.558881494803227,8.359175331561,15.06591379933779,8
opx,opx_liq,P_kbar,P,deeper_mantle,30.0,1000.0,8,v10,RF/alr,v10 RF alr,12.027598677783317,4.0823254037980305,16.462652608480212,9.519336484134987,4.042336426299401,15.163230588791023,8
opx,opx_liq,P_kbar,P,deeper_mantle,30.0,1000.0,8,v10,RF/pwlr,v10 RF pwlr,10.831054268349206,7.757135975369812,13.264899382746488,10.248344467291574,7.733257234423054,12.906498760621925,8
opx,opx_liq,T_C,P,deeper_mantle,30.0,1000.0,8,v10,ERT/raw,v10 ERT raw,197.7632768265746,126.12590685049913,254.22523392868032,181.24481672710996,124.83193702706221,243.45643418994234,8
opx,opx_liq,T_C,P,deeper_mantle,30.0,1000.0,8,v10,ERT/alr,v10 ERT alr,190.6904009952581,115.95003284650173,247.98117432257055,171.81484696842503,113.05628446347492,236.35024007098204,8
opx,opx_liq,T_C,P,deeper_mantle,30.0,1000.0,8,v10,ERT/pwlr,v10 ERT pwlr,166.4633555705675,116.82858424349148,209.74807537086053,156.17176135689186,114.62920453843002,200.73001111208745,8
opx,opx_liq,P_kbar,P,deeper_mantle,30.0,1000.0,8,v10,ERT/raw,v10 ERT raw,16.87521176484309,9.464367087192807,21.7697857217061,15.002501854156952,9.417912116588806,20.61848086502118,8
opx,opx_liq,P_kbar,P,deeper_mantle,30.0,1000.0,8,v10,ERT/alr,v10 ERT alr,19.67069906823428,9.833990837278051,25.870481561893115,17.140868099168387,9.813625240771874,24.45127080138518,8
opx,opx_liq,P_kbar,P,deeper_mantle,30.0,1000.0,8,v10,ERT/pwlr,v10 ERT pwlr,17.097515630753218,10.065657239918735,21.981436892018014,15.476090216935809,10.037291833506771,21.04504821831341,8
opx,opx_liq,T_C,P,deeper_mantle,30.0,1000.0,8,v10,XGB/raw,v10 XGB raw,155.71375783421018,93.79227805884291,205.97223432584087,138.248779296875,90.83283500671386,189.81757926940918,8
opx,opx_liq,T_C,P,deeper_mantle,30.0,1000.0,8,v10,XGB/alr,v10 XGB alr,150.79500145736338,89.10122647522338,197.96634434325904,134.67701721191406,87.62070541381836,187.9241645812988,8
opx,opx_liq,T_C,P,deeper_mantle,30.0,1000.0,8,v10,XGB/pwlr,v10 XGB pwlr,143.28654647731037,112.07380679166802,174.36174258858705,137.19180297851562,108.49153327941895,168.66024932861325,8
opx,opx_liq,P_kbar,P,deeper_mantle,30.0,1000.0,8,v10,XGB/raw,v10 XGB raw,10.52351298012853,5.915332616888948,14.77744717982899,9.11093699932096,5.745898103713989,13.291898557543696,8
opx,opx_liq,P_kbar,P,deeper_mantle,30.0,1000.0,8,v10,XGB/alr,v10 XGB alr,10.795943260578019,2.2167466643062466,15.303902814286747,7.647578358650184,2.121341180801392,12.881996241211834,8
opx,opx_liq,P_kbar,P,deeper_mantle,30.0,1000.0,8,v10,XGB/pwlr,v10 XGB pwlr,12.524833591481727,7.693444801880732,16.758714311032012,11.057245612144447,7.420209145545959,15.394585639238288,8
opx,opx_liq,T_C,P,deeper_mantle,30.0,1000.0,8,v10,GB/raw,v10 GB raw,156.26179446784082,104.88017364279216,206.793175769125,139.42470644546563,94.09906117477912,192.14012596146438,8
opx,opx_liq,T_C,P,deeper_mantle,30.0,1000.0,8,v10,GB/alr,v10 GB alr,144.3191531923067,96.77041258990613,185.77622530401902,131.42461733547736,91.06537603321799,177.21796214258916,8
opx,opx_liq,T_C,P,deeper_mantle,30.0,1000.0,8,v10,GB/pwlr,v10 GB pwlr,146.33112893890313,107.15625006108608,182.89995606264065,136.06960275694559,100.72050581745324,173.74558351516626,8
opx,opx_liq,P_kbar,P,deeper_mantle,30.0,1000.0,8,v10,GB/raw,v10 GB raw,8.461667063757659,4.460487621313049,12.0612093522756,7.092838540925129,4.305479495415512,10.685874084324409,8
opx,opx_liq,P_kbar,P,deeper_mantle,30.0,1000.0,8,v10,GB/alr,v10 GB alr,13.183676031738342,5.565353947985357,17.872247723287703,10.757820383800656,5.381594600853673,16.16469627822776,8
opx,opx_liq,P_kbar,P,deeper_mantle,30.0,1000.0,8,v10,GB/pwlr,v10 GB pwlr,12.889223505530815,5.5672644347857165,17.320465408993144,10.680476331140955,5.514098679444076,15.856425676081143,8
opx,opx_liq,T_C,P,deeper_mantle,30.0,1000.0,8,v10,CatBoost/raw,v10 CatBoost raw,206.58308684218133,144.27680610159032,258.15181701119195,191.37818672841314,136.8063724782698,249.92065917789003,8
opx,opx_liq,T_C,P,deeper_mantle,30.0,1000.0,8,v10,CatBoost/alr,v10 CatBoost alr,161.24384753508218,98.00633169361187,207.91519581275833,142.9381017971315,87.86740826384259,198.14889767000784,8
opx,opx_liq,T_C,P,deeper_mantle,30.0,1000.0,8,v10,CatBoost/pwlr,v10 CatBoost pwlr,171.02258566839427,139.38961617695645,200.17705739794192,166.1142683384682,137.45320393311064,195.37468067234292,8
opx,opx_liq,P_kbar,P,deeper_mantle,30.0,1000.0,8,v10,CatBoost/raw,v10 CatBoost raw,15.695323368717848,7.116302948797998,20.7460428318243,13.237988207051913,7.071196263857787,19.368390522763235,8
opx,opx_liq,P_kbar,P,deeper_mantle,30.0,1000.0,8,v10,CatBoost/alr,v10 CatBoost alr,13.213233290243625,4.603607684469908,17.909078713976797,10.244970929668874,4.363323728936044,16.32562836929626,8
opx,opx_liq,P_kbar,P,deeper_mantle,30.0,1000.0,8,v10,CatBoost/pwlr,v10 CatBoost pwlr,15.37590541505191,8.947467218574682,20.13934549182007,13.641568987992473,8.907218191974888,18.755013112634344,8
opx,opx_liq,T_C,P,deeper_mantle,30.0,1000.0,8,v10,LightGBM/raw,v10 LightGBM raw,154.65788606410297,92.18149169866662,201.29480371786946,137.99616240114145,89.66540938572184,190.43226457954106,8
opx,opx_liq,T_C,P,deeper_mantle,30.0,1000.0,8,v10,LightGBM/alr,v10 LightGBM alr,166.13495806886368,100.08077030909486,217.98233027507754,148.95760039990117,97.87385350276064,207.44266093270915,8
opx,opx_liq,T_C,P,deeper_mantle,30.0,1000.0,8,v10,LightGBM/pwlr,v10 LightGBM pwlr,130.03846073692688,99.59073052666821,158.37375125987734,123.70470023445603,95.37871980400469,152.17167826135088,8
opx,opx_liq,P_kbar,P,deeper_mantle,30.0,1000.0,8,v10,LightGBM/raw,v10 LightGBM raw,9.44093367440598,5.8799110709447975,13.452509163867727,8.04914227347081,5.426648854337373,11.90971423760364,8
opx,opx_liq,P_kbar,P,deeper_mantle,30.0,1000.0,8,v10,LightGBM/alr,v10 LightGBM alr,14.636582086474814,5.757370219939664,19.604483049442557,11.738194701461634,5.750987382201383,18.083777939193936,8
opx,opx_liq,P_kbar,P,deeper_mantle,30.0,1000.0,8,v10,LightGBM/pwlr,v10 LightGBM pwlr,15.00912868524245,7.921668254980567,19.812689834562768,12.871293155432264,7.622024366077453,18.392370716722695,8
opx,opx_liq,T_C,P,deeper_mantle,30.0,1000.0,8,v10,ElasticNet/raw,v10 ElasticNet raw,105.99641300315001,78.77138622794934,129.36382657748425,99.66031133885565,75.96494705638065,125.73021388700853,8
opx,opx_liq,T_C,P,deeper_mantle,30.0,1000.0,8,v10,ElasticNet/alr,v10 ElasticNet alr,113.06497577847988,83.4987217109336,135.2462688984467,105.03803690412568,74.11077416856645,132.67962070890323,8
opx,opx_liq,T_C,P,deeper_mantle,30.0,1000.0,8,v10,ElasticNet/pwlr,v10 ElasticNet pwlr,105.60448966787888,75.14059808384383,127.72885380107336,95.91638408607696,62.550953348868376,124.93648513672241,8
opx,opx_liq,P_kbar,P,deeper_mantle,30.0,1000.0,8,v10,ElasticNet/raw,v10 ElasticNet raw,18.35958498176543,15.121279054541017,21.240924177545644,17.86971312959365,14.834659041214609,20.961914520007472,8
opx,opx_liq,P_kbar,P,deeper_mantle,30.0,1000.0,8,v10,ElasticNet/alr,v10 ElasticNet alr,12.285259430838153,9.119624438969336,15.535614177271098,11.617598488776938,9.019215092105059,14.7190904693105,8
opx,opx_liq,P_kbar,P,deeper_mantle,30.0,1000.0,8,v10,ElasticNet/pwlr,v10 ElasticNet pwlr,12.51016000123213,9.29348427593168,15.779421775653582,11.836173498892773,9.192562499716502,14.95196089050993,8
opx,opx_liq,T_C,P,deeper_mantle,30.0,1000.0,8,v10,MLP/raw,v10 MLP raw,160.02050464490554,98.08585089557049,205.95214506111884,137.88555821624269,74.6564687017132,199.5443729067011,6
opx,opx_liq,T_C,P,deeper_mantle,30.0,1000.0,8,v10,MLP/alr,v10 MLP alr,193.56413394874087,159.27319288042094,219.34485184460416,187.3114955863765,150.6850493263375,217.5783520857627,8
opx,opx_liq,T_C,P,deeper_mantle,30.0,1000.0,8,v10,MLP/pwlr,v10 MLP pwlr,208.98925237298747,171.2036491035966,241.20842692864701,202.31256566941713,166.09618047394133,237.79275139996997,8
opx,opx_liq,P_kbar,P,deeper_mantle,30.0,1000.0,8,v10,MLP/raw,v10 MLP raw,4.71503282719048,3.58635081244988,5.67367185779172,4.468654527594913,3.506370953705927,5.430222242887252,8
opx,opx_liq,P_kbar,P,deeper_mantle,30.0,1000.0,8,v10,MLP/alr,v10 MLP alr,4.555771723826939,3.1942269969101567,5.745953368987946,3.8264430776835026,2.1065868050543863,5.486028195312082,8
opx,opx_liq,P_kbar,P,deeper_mantle,30.0,1000.0,8,v10,MLP/pwlr,v10 MLP pwlr,7.966172370547981,7.037719404456668,8.699046369547448,7.867553300919596,6.883153116678615,8.694820130392067,8
opx,opx_liq,T_C,P,deeper_mantle,30.0,1000.0,8,Putirka,Putirka 28a,Putirka 28a,85.50088439343597,14.779992112598048,123.49854522264357,54.72379184124168,11.70804025499549,102.88514488107825,8
opx,opx_liq,T_C,P,deeper_mantle,30.0,1000.0,8,Putirka,Putirka 28b,Putirka 28b,102.00571421202031,25.659531566069543,138.5030305916308,71.76659114939844,24.303585425437635,123.2573032819828,8
opx,opx_liq,P_kbar,P,deeper_mantle,30.0,1000.0,8,Putirka,Putirka 29a,Putirka 29a,12.007641333728136,8.467963458953832,14.620055301708154,11.334534519498773,8.455935371778741,14.12570404041709,8
opx,opx_liq,P_kbar,P,deeper_mantle,30.0,1000.0,8,Putirka,Putirka 29b,Putirka 29b,8.51948552579252,4.437579382491557,11.13701342992704,7.405690041380426,4.416326831293795,10.385017815057358,8
opx,opx_liq,T_C,P,P<5,0.0,5.0,47,v10,RF/raw,v10 RF raw,30.139433441747197,22.435093484107757,38.66708595129871,22.70390940415096,17.890307511517296,29.135228981927014,47
opx,opx_liq,T_C,P,P<5,0.0,5.0,47,v10,RF/alr,v10 RF alr,36.87975954454925,28.121029180169117,44.68123712840318,28.160487119596674,21.829608627698008,35.03135116305171,47
opx,opx_liq,T_C,P,P<5,0.0,5.0,47,v10,RF/pwlr,v10 RF pwlr,30.512201406188645,21.64420985828449,39.930350699298295,23.13186167360599,17.90703983649515,29.27234615942984,47
opx,opx_liq,P_kbar,P,P<5,0.0,5.0,47,v10,RF/raw,v10 RF raw,6.539512506833378,5.399347913652251,7.683740772200355,5.430726198518971,4.38817117736056,6.55170473991173,47
opx,opx_liq,P_kbar,P,P<5,0.0,5.0,47,v10,RF/alr,v10 RF alr,5.65958087369086,4.671516233697239,6.583745798044783,4.740617813129335,3.8386686388672646,5.665985464416957,47
opx,opx_liq,P_kbar,P,P<5,0.0,5.0,47,v10,RF/pwlr,v10 RF pwlr,6.567140798526467,5.835550795991226,7.200218188900999,5.972728257379455,5.160388779974584,6.686354488771215,47
opx,opx_liq,T_C,P,P<5,0.0,5.0,47,v10,ERT/raw,v10 ERT raw,29.530167791911058,21.72998669154211,36.98709263064726,22.84302413653994,17.74961431724064,28.58523700413678,47
opx,opx_liq,T_C,P,P<5,0.0,5.0,47,v10,ERT/alr,v10 ERT alr,34.055704326312764,25.78493025675488,42.04385365445729,25.80198839216505,19.72747548341559,32.37993476428708,47
opx,opx_liq,T_C,P,P<5,0.0,5.0,47,v10,ERT/pwlr,v10 ERT pwlr,23.46950633881204,15.89141880707666,30.399238774216897,17.407858631398863,13.371735347349109,22.343692758327858,47
opx,opx_liq,P_kbar,P,P<5,0.0,5.0,47,v10,ERT/raw,v10 ERT raw,6.268384214683367,5.353016093173296,7.152986724068364,5.522690902160631,4.628025894424056,6.417620936815576,47
opx,opx_liq,P_kbar,P,P<5,0.0,5.0,47,v10,ERT/alr,v10 ERT alr,7.384038608918657,6.618853182297782,8.068085396532686,6.822887045255956,5.8912009676917645,7.587943752234961,47
opx,opx_liq,P_kbar,P,P<5,0.0,5.0,47,v10,ERT/pwlr,v10 ERT pwlr,8.276006077343347,7.422776623033219,8.993240297559069,7.651820045027682,6.618627874364539,8.473357437788158,47
opx,opx_liq,T_C,P,P<5,0.0,5.0,47,v10,XGB/raw,v10 XGB raw,34.4110331985493,26.861186169783007,43.03845190091089,28.181782174617688,22.52982038132688,35.030439693369765,47
opx,opx_liq,T_C,P,P<5,0.0,5.0,47,v10,XGB/alr,v10 XGB alr,33.93864902680431,23.926962657801898,43.68779150075774,24.836973799035903,18.210538856019365,32.22926190964719,47
opx,opx_liq,T_C,P,P<5,0.0,5.0,47,v10,XGB/pwlr,v10 XGB pwlr,38.635294697168554,26.592862902630774,50.705762309378436,28.33080145653258,20.766068608710107,36.459715465789145,47
opx,opx_liq,P_kbar,P,P<5,0.0,5.0,47,v10,XGB/raw,v10 XGB raw,5.19502094073719,4.362665487280833,6.0312149206031735,4.3937112600232275,3.554113910132519,5.226848165213764,47
opx,opx_liq,P_kbar,P,P<5,0.0,5.0,47,v10,XGB/alr,v10 XGB alr,5.087022039014063,4.249757345783944,5.832380955420354,4.381882567353662,3.6104995842526777,5.122812011656465,47
opx,opx_liq,P_kbar,P,P<5,0.0,5.0,47,v10,XGB/pwlr,v10 XGB pwlr,5.5729503862321,5.028802209788087,6.075088837819947,5.129329098030565,4.499975198625769,5.687168602780385,47
opx,opx_liq,T_C,P,P<5,0.0,5.0,47,v10,GB/raw,v10 GB raw,31.351564886884056,23.31161338715424,39.20563438124017,23.63009160038312,18.37794447124459,29.587789694433692,47
opx,opx_liq,T_C,P,P<5,0.0,5.0,47,v10,GB/alr,v10 GB alr,43.16665002310241,34.08343749514122,52.76455651962001,35.29263678514496,28.669167109526008,42.65190027264739,47
opx,opx_liq,T_C,P,P<5,0.0,5.0,47,v10,GB/pwlr,v10 GB pwlr,37.87149862555039,27.46790086482544,46.97344621110568,28.96387743018414,20.858558429104097,36.7817955383048,47
opx,opx_liq,P_kbar,P,P<5,0.0,5.0,47,v10,GB/raw,v10 GB raw,5.314969005852104,4.384336719122652,6.160893619850519,4.499502733125931,3.6481718741079763,5.356842808677522,47
opx,opx_liq,P_kbar,P,P<5,0.0,5.0,47,v10,GB/alr,v10 GB alr,5.094552114380756,4.381260052868638,5.73032530957603,4.447384142480069,3.735518653068702,5.076393604738036,47
opx,opx_liq,P_kbar,P,P<5,0.0,5.0,47,v10,GB/pwlr,v10 GB pwlr,5.304329042104653,4.612048959925334,5.961056205956666,4.685009061141795,3.9892386137874007,5.320327414071573,47
opx,opx_liq,T_C,P,P<5,0.0,5.0,47,v10,CatBoost/raw,v10 CatBoost raw,50.70078496827285,42.293021659269236,60.11446186664268,44.00695303590421,37.102379681872854,51.766589385574015,47
opx,opx_liq,T_C,P,P<5,0.0,5.0,47,v10,CatBoost/alr,v10 CatBoost alr,52.522380920225096,42.638451719402454,63.054861607703074,44.22342486954651,36.738638321857145,53.15753082933808,47
opx,opx_liq,T_C,P,P<5,0.0,5.0,47,v10,CatBoost/pwlr,v10 CatBoost pwlr,36.565324716332086,29.291850000670397,45.542732576147976,29.807104270850598,23.891089888244572,36.753381039840534,47
opx,opx_liq,P_kbar,P,P<5,0.0,5.0,47,v10,CatBoost/raw,v10 CatBoost raw,6.180537028274246,5.530331526450612,6.744408958063198,5.685252827891032,4.945781554726518,6.344787637759208,47
opx,opx_liq,P_kbar,P,P<5,0.0,5.0,47,v10,CatBoost/alr,v10 CatBoost alr,5.380914199175214,4.775543967108045,5.905474715536748,4.933778531714808,4.286199546125132,5.496980492026731,47
opx,opx_liq,P_kbar,P,P<5,0.0,5.0,47,v10,CatBoost/pwlr,v10 CatBoost pwlr,4.8977287980986315,4.3557196624085375,5.4071630608714045,4.450129466625876,3.8727972365751473,5.027075299413243,47
opx,opx_liq,T_C,P,P<5,0.0,5.0,47,v10,LightGBM/raw,v10 LightGBM raw,36.14726639171625,26.86004172944436,46.49646664427156,27.814525374554293,21.547268327054333,35.44137695677208,47
opx,opx_liq,T_C,P,P<5,0.0,5.0,47,v10,LightGBM/alr,v10 LightGBM alr,37.47415288757808,28.681347864552624,46.043395434690595,27.80111308660776,20.89076776326466,35.8540234803399,47
opx,opx_liq,T_C,P,P<5,0.0,5.0,47,v10,LightGBM/pwlr,v10 LightGBM pwlr,42.30635910288012,31.45991235450536,52.50558670648871,31.79234620081096,24.44056386229169,39.96992209285273,47
opx,opx_liq,P_kbar,P,P<5,0.0,5.0,47,v10,LightGBM/raw,v10 LightGBM raw,6.173545807095177,5.159790482683863,7.2012914833890935,5.277183848406653,4.298357986992266,6.2220285700674784,47
opx,opx_liq,P_kbar,P,P<5,0.0,5.0,47,v10,LightGBM/alr,v10 LightGBM alr,5.027678001096399,4.337109407039598,5.663747903694968,4.423930459901028,3.7278529851844504,5.111279707239089,47
opx,opx_liq,P_kbar,P,P<5,0.0,5.0,47,v10,LightGBM/pwlr,v10 LightGBM pwlr,5.716427348790974,4.929551741522422,6.487011543474748,5.175398275375074,4.459327653404438,5.8590419892582,47
opx,opx_liq,T_C,P,P<5,0.0,5.0,47,v10,ElasticNet/raw,v10 ElasticNet raw,35.32950089738492,28.339789558030112,43.895498391550305,29.42878703060066,24.698910045009576,35.14917162697525,47
opx,opx_liq,T_C,P,P<5,0.0,5.0,47,v10,ElasticNet/alr,v10 ElasticNet alr,64.3383946359891,43.52582646310961,83.10980867523232,45.18691447385551,32.49420925606638,58.86434421191225,47
opx,opx_liq,T_C,P,P<5,0.0,5.0,47,v10,ElasticNet/pwlr,v10 ElasticNet pwlr,73.64088693569565,45.93313816546059,97.62211826737062,49.75503380916497,35.38394099676371,66.85085932518827,47
opx,opx_liq,P_kbar,P,P<5,0.0,5.0,47,v10,ElasticNet/raw,v10 ElasticNet raw,2.6629062653698017,2.2450346518205095,3.1343694856143762,2.2375694409156517,1.82191356504563,2.688831420361712,47
opx,opx_liq,P_kbar,P,P<5,0.0,5.0,47,v10,ElasticNet/alr,v10 ElasticNet alr,9.133250101388604,7.906850500938539,10.306395097749313,8.115180467730855,6.9348614502479995,9.263223789423668,47
opx,opx_liq,P_kbar,P,P<5,0.0,5.0,47,v10,ElasticNet/pwlr,v10 ElasticNet pwlr,9.492997436837937,8.129162811550996,10.859978490436749,8.39825910858117,7.166959085401047,9.606005576515404,47
opx,opx_liq,T_C,P,P<5,0.0,5.0,47,v10,MLP/raw,v10 MLP raw,118.62760393241808,65.9971013799708,159.4538881189165,79.40496291183604,56.54294156404819,106.19277223933939,47
opx,opx_liq,T_C,P,P<5,0.0,5.0,47,v10,MLP/alr,v10 MLP alr,122.15963522611435,103.76445581362168,138.77466778969313,103.05741198456079,83.31674174629673,121.12836592691785,47
opx,opx_liq,T_C,P,P<5,0.0,5.0,47,v10,MLP/pwlr,v10 MLP pwlr,223.6031074755159,192.25274815811198,254.8855476296789,188.79606643894104,157.45060279431047,221.4999904220816,47
opx,opx_liq,P_kbar,P,P<5,0.0,5.0,47,v10,MLP/raw,v10 MLP raw,2.9646551785365847,1.4527955918277364,4.110310829030133,1.6755683442809237,1.0571782208120046,2.4236926309516904,47
opx,opx_liq,P_kbar,P,P<5,0.0,5.0,47,v10,MLP/alr,v10 MLP alr,6.757446413310668,5.357992070880275,8.023632121488648,5.492483136797111,4.382867787656008,6.6431803342513325,44
opx,opx_liq,P_kbar,P,P<5,0.0,5.0,47,v10,MLP/pwlr,v10 MLP pwlr,7.840676097427299,6.371404159180163,9.12153386434241,6.522469094322431,5.157679985903285,7.887142741595097,42
opx,opx_liq,T_C,P,P<5,0.0,5.0,47,Putirka,Putirka 28a,Putirka 28a,25.52386491004583,16.322299801938634,33.87126520329394,17.533597315648198,12.490818231728586,23.274652680742804,47
opx,opx_liq,T_C,P,P<5,0.0,5.0,47,Putirka,Putirka 28b,Putirka 28b,41.808059486523845,34.68237880913994,49.95850642696668,36.91394634423728,31.701631885746213,43.67738550660982,47
opx,opx_liq,P_kbar,P,P<5,0.0,5.0,47,Putirka,Putirka 29a,Putirka 29a,3.8863638996981837,3.2362767013242566,4.472373397759273,3.404521441351616,2.781893628191097,4.036133478630332,33
opx,opx_liq,P_kbar,P,P<5,0.0,5.0,47,Putirka,Putirka 29b,Putirka 29b,4.695619699435694,4.125569443374875,5.2260167621342495,4.4718493518391345,3.937555260275354,4.985565896692075,30
opx,opx_liq,T_C,P,5<=P<10,5.0,10.0,11,v10,RF/raw,v10 RF raw,53.062445837426246,35.999899095754714,65.67279628700777,45.496843800851735,30.361871763028958,60.67499447392644,11
opx,opx_liq,T_C,P,5<=P<10,5.0,10.0,11,v10,RF/alr,v10 RF alr,61.16282163491925,42.02406012855486,76.12203894208113,53.51325227924378,37.03926983289096,69.5069224376293,11
opx,opx_liq,T_C,P,5<=P<10,5.0,10.0,11,v10,RF/pwlr,v10 RF pwlr,48.39184149284854,37.032000101828956,57.816596523566865,43.939297527581836,32.20706330998684,55.443598877714784,11
opx,opx_liq,P_kbar,P,5<=P<10,5.0,10.0,11,v10,RF/raw,v10 RF raw,4.010753781463444,2.834214827534164,5.149859224277358,3.5421412864512845,2.4762752297766855,4.714234547186847,11
opx,opx_liq,P_kbar,P,5<=P<10,5.0,10.0,11,v10,RF/alr,v10 RF alr,3.469228937114465,2.5942352388570806,4.322633040862579,3.045772458525367,2.0671073367472124,4.046525297870861,11
opx,opx_liq,P_kbar,P,5<=P<10,5.0,10.0,11,v10,RF/pwlr,v10 RF pwlr,3.8225381511895087,2.8436659105970734,4.700654092526468,3.38849286577409,2.429472492744423,4.423129862803549,11
opx,opx_liq,T_C,P,5<=P<10,5.0,10.0,11,v10,ERT/raw,v10 ERT raw,51.29560523293416,37.36187034605439,61.03725613487559,45.25860175724566,29.92833442603115,58.491797562092096,11
opx,opx_liq,T_C,P,5<=P<10,5.0,10.0,11,v10,ERT/alr,v10 ERT alr,53.64707671800435,40.72556171182283,64.66170941250768,48.82772607989647,35.984223503406156,60.37017385973785,11
opx,opx_liq,T_C,P,5<=P<10,5.0,10.0,11,v10,ERT/pwlr,v10 ERT pwlr,43.523891273771106,30.59599834325053,53.75039365284054,36.71419571479735,22.517994633602406,49.2448196295147,11
opx,opx_liq,P_kbar,P,5<=P<10,5.0,10.0,11,v10,ERT/raw,v10 ERT raw,3.1186024356910753,2.393119362749669,3.809323365417896,2.783410709845781,2.0200245821316387,3.6090526975375035,11
opx,opx_liq,P_kbar,P,5<=P<10,5.0,10.0,11,v10,ERT/alr,v10 ERT alr,3.2738457596571733,2.0271252605920376,4.341274885113672,2.507101732391945,1.4750159792896584,3.7690528529684473,11
opx,opx_liq,P_kbar,P,5<=P<10,5.0,10.0,11,v10,ERT/pwlr,v10 ERT pwlr,3.1358619599651494,1.970710562999423,4.140475734321722,2.446414205562004,1.4378005707823363,3.6527813309697135,11
opx,opx_liq,T_C,P,5<=P<10,5.0,10.0,11,v10,XGB/raw,v10 XGB raw,44.464320444673184,29.27326482923347,55.63594074773562,37.23487437855113,22.933584317294034,50.17706132368608,11
opx,opx_liq,T_C,P,5<=P<10,5.0,10.0,11,v10,XGB/alr,v10 XGB alr,57.516326187281216,41.14448896671494,69.303072204507,51.30185768821023,36.37027393687855,65.4418046431108,11
opx,opx_liq,T_C,P,5<=P<10,5.0,10.0,11,v10,XGB/pwlr,v10 XGB pwlr,60.82961795018022,44.5724393279617,73.12285709410185,53.75629216974432,37.336257657137786,68.71628196022726,11
opx,opx_liq,P_kbar,P,5<=P<10,5.0,10.0,11,v10,XGB/raw,v10 XGB raw,3.471232726471274,2.613794946667537,4.456336391854786,3.1666079217737377,2.485739438642159,4.026978569139134,11
opx,opx_liq,P_kbar,P,5<=P<10,5.0,10.0,11,v10,XGB/alr,v10 XGB alr,3.2779071743658075,2.261638293637759,4.156330037639829,2.870542547919538,1.951302096789536,3.852556182579562,11
opx,opx_liq,P_kbar,P,5<=P<10,5.0,10.0,11,v10,XGB/pwlr,v10 XGB pwlr,3.58316580240843,2.6058476415750165,4.434823591785602,3.175055352124301,2.2410121774131535,4.170919892733739,11
opx,opx_liq,T_C,P,5<=P<10,5.0,10.0,11,v10,GB/raw,v10 GB raw,49.058963066614,29.002840969170784,64.39948088188824,38.76115387030259,21.52624634717709,54.93574330439832,11
opx,opx_liq,T_C,P,5<=P<10,5.0,10.0,11,v10,GB/alr,v10 GB alr,62.28311762362177,43.97937827776582,76.08464204733636,53.83163825729484,36.585010221626575,70.7319145024003,11
opx,opx_liq,T_C,P,5<=P<10,5.0,10.0,11,v10,GB/pwlr,v10 GB pwlr,52.127738225566326,39.317784117035025,62.97220917272106,46.67408350743317,33.77551107593033,59.45175271784608,11
opx,opx_liq,P_kbar,P,5<=P<10,5.0,10.0,11,v10,GB/raw,v10 GB raw,3.316433375844201,2.7656627660693007,3.889550978401142,3.1888912629090167,2.7251526119066964,3.73426495019823,11
opx,opx_liq,P_kbar,P,5<=P<10,5.0,10.0,11,v10,GB/alr,v10 GB alr,3.197439926721863,2.544621575068067,3.6876524143586993,3.0046438646466527,2.2825563983282207,3.5722555657245527,11
opx,opx_liq,P_kbar,P,5<=P<10,5.0,10.0,11,v10,GB/pwlr,v10 GB pwlr,3.7644216819392184,2.651817103936396,4.636787270088869,3.277026596134618,2.1819830180055315,4.401369610564618,11
opx,opx_liq,T_C,P,5<=P<10,5.0,10.0,11,v10,CatBoost/raw,v10 CatBoost raw,45.24120089633572,29.33642545032305,57.2685040621918,37.28889978733958,22.17928475354143,51.407304894599875,11
opx,opx_liq,T_C,P,5<=P<10,5.0,10.0,11,v10,CatBoost/alr,v10 CatBoost alr,54.65710283249177,34.19682171206112,68.37457931102894,44.081991297442485,25.500840064307393,62.104274700547485,11
opx,opx_liq,T_C,P,5<=P<10,5.0,10.0,11,v10,CatBoost/pwlr,v10 CatBoost pwlr,42.67546674358515,28.992906113056552,51.94275473139619,36.13996273762032,22.416442914001713,47.64934139161358,11
opx,opx_liq,P_kbar,P,5<=P<10,5.0,10.0,11,v10,CatBoost/raw,v10 CatBoost raw,3.3526477216910537,2.7204153135711047,3.9184454375763775,3.128530542994867,2.4202184983584214,3.7474565798797017,11
opx,opx_liq,P_kbar,P,5<=P<10,5.0,10.0,11,v10,CatBoost/alr,v10 CatBoost alr,3.7177692868589793,2.839105252231946,4.459134960286642,3.440488265038799,2.607202252853091,4.245622132771465,11
opx,opx_liq,P_kbar,P,5<=P<10,5.0,10.0,11,v10,CatBoost/pwlr,v10 CatBoost pwlr,3.7150576641259203,2.7747289065835044,4.499235020080777,3.3979120257672224,2.4495856946204775,4.270684904249339,11
opx,opx_liq,T_C,P,5<=P<10,5.0,10.0,11,v10,LightGBM/raw,v10 LightGBM raw,55.66624690066924,34.546862320874126,70.93560678395536,44.61899324344757,24.65328422578128,62.80647881639387,11
opx,opx_liq,T_C,P,5<=P<10,5.0,10.0,11,v10,LightGBM/alr,v10 LightGBM alr,76.86040434950701,49.69321492012525,97.82324045993731,65.26248688929226,43.78066686994217,88.86258732617719,11
opx,opx_liq,T_C,P,5<=P<10,5.0,10.0,11,v10,LightGBM/pwlr,v10 LightGBM pwlr,52.49832271779097,39.45012318938565,62.97350849639204,47.797345315004016,34.76207922142691,59.71438823247051,11
opx,opx_liq,P_kbar,P,5<=P<10,5.0,10.0,11,v10,LightGBM/raw,v10 LightGBM raw,3.6699405713324933,2.6459841797146186,4.852572533184006,3.308820344582452,2.536128460591652,4.338101577051086,11
opx,opx_liq,P_kbar,P,5<=P<10,5.0,10.0,11,v10,LightGBM/alr,v10 LightGBM alr,3.169360224664679,2.332568904373836,3.850979402233829,2.811462502041888,1.8967186277286536,3.6244284870687697,11
opx,opx_liq,P_kbar,P,5<=P<10,5.0,10.0,11,v10,LightGBM/pwlr,v10 LightGBM pwlr,3.5869752697916284,2.46231253011212,4.462542674442109,3.120954200473543,2.0352289397504695,4.203494366895359,11
opx,opx_liq,T_C,P,5<=P<10,5.0,10.0,11,v10,ElasticNet/raw,v10 ElasticNet raw,26.996930756201255,18.19419322072136,33.911607130537966,21.780938394262854,12.260047844113185,30.47395740254499,11
opx,opx_liq,T_C,P,5<=P<10,5.0,10.0,11,v10,ElasticNet/alr,v10 ElasticNet alr,41.001616008871586,28.42306340846557,54.20665236867416,34.64609658755506,24.35883181884548,47.009787662773725,11
opx,opx_liq,T_C,P,5<=P<10,5.0,10.0,11,v10,ElasticNet/pwlr,v10 ElasticNet pwlr,42.3067126240475,29.195749426775485,55.637344851279494,35.48194796462702,24.34520629827687,48.40080757998369,11
opx,opx_liq,P_kbar,P,5<=P<10,5.0,10.0,11,v10,ElasticNet/raw,v10 ElasticNet raw,3.556690079042258,1.9632965459768843,5.006735515738943,2.850271489728932,1.7477590488206007,4.1523724942723765,11
opx,opx_liq,P_kbar,P,5<=P<10,5.0,10.0,11,v10,ElasticNet/alr,v10 ElasticNet alr,4.870258831567249,3.2944004160690836,6.0046623179164476,4.271117763683443,2.820329601589659,5.487154260180195,11
opx,opx_liq,P_kbar,P,5<=P<10,5.0,10.0,11,v10,ElasticNet/pwlr,v10 ElasticNet pwlr,4.908203435198729,3.3517012259165853,6.064289533487651,4.295093056566163,2.84185917384478,5.5445651944760534,11
opx,opx_liq,T_C,P,5<=P<10,5.0,10.0,11,v10,MLP/raw,v10 MLP raw,97.23977632249382,30.368634927578203,151.8001424593358,62.112556195506244,28.76931100248987,109.38016302018116,11
opx,opx_liq,T_C,P,5<=P<10,5.0,10.0,11,v10,MLP/alr,v10 MLP alr,99.20587573024471,31.694094395762974,148.3471701098945,66.0508179195866,25.86935286160586,114.34376508592965,11
opx,opx_liq,T_C,P,5<=P<10,5.0,10.0,11,v10,MLP/pwlr,v10 MLP pwlr,117.44125178941773,83.772045879625,145.15047227677712,101.66782569976812,67.41985658113708,136.09934781818953,11
opx,opx_liq,P_kbar,P,5<=P<10,5.0,10.0,11,v10,MLP/raw,v10 MLP raw,3.1654932498814827,2.0237000330705226,4.145229617251708,2.5325624077362057,1.5232541727965412,3.5866505958150015,11
opx,opx_liq,P_kbar,P,5<=P<10,5.0,10.0,11,v10,MLP/alr,v10 MLP alr,2.6121708431740767,2.0353702332464727,3.1555749746383546,2.337969971788724,1.6677666778264246,3.037098855974871,11
opx,opx_liq,P_kbar,P,5<=P<10,5.0,10.0,11,v10,MLP/pwlr,v10 MLP pwlr,3.0507393180460824,2.1443575380064104,4.002143398610745,2.659233726078086,1.9008620976053647,3.6273898272119522,11
opx,opx_liq,T_C,P,5<=P<10,5.0,10.0,11,Putirka,Putirka 28a,Putirka 28a,43.05383431564114,25.11115305736651,61.834276991897056,34.82914148377449,21.916141866582752,50.11609478489696,10
opx,opx_liq,T_C,P,5<=P<10,5.0,10.0,11,Putirka,Putirka 28b,Putirka 28b,45.02680433410507,18.66646112315449,68.5932426555836,31.339474295487843,14.201869899821135,52.561177892520824,10
opx,opx_liq,P_kbar,P,5<=P<10,5.0,10.0,11,Putirka,Putirka 29a,Putirka 29a,2.394878423307824,2.0065082942384476,2.697660388383276,2.3172207791046984,1.8591650915067945,2.691869515679954,8
opx,opx_liq,P_kbar,P,5<=P<10,5.0,10.0,11,Putirka,Putirka 29b,Putirka 29b,3.42644112787505,1.6013449921258427,5.108187581334991,2.5597500753202813,1.4028338349853242,3.8642304539284438,10
opx,opx_liq,T_C,P,10<=P<20,10.0,20.0,81,v10,RF/raw,v10 RF raw,94.91702664766214,68.48808489555267,119.81335164892741,63.11167494907881,48.62915113733043,78.8041634394305,81
opx,opx_liq,T_C,P,10<=P<20,10.0,20.0,81,v10,RF/alr,v10 RF alr,97.61132122771518,71.87818480113287,122.43628782010072,65.07405635971551,51.01918113887175,81.90844224422365,81
opx,opx_liq,T_C,P,10<=P<20,10.0,20.0,81,v10,RF/pwlr,v10 RF pwlr,95.3168399734425,68.60664054586054,120.21922827038948,63.80838189395703,49.43512574972689,80.0881145056356,81
opx,opx_liq,P_kbar,P,10<=P<20,10.0,20.0,81,v10,RF/raw,v10 RF raw,3.1148008061981023,2.5347129292060906,3.7417906759260036,2.2594652564263185,1.814758415282529,2.715945280750489,81
opx,opx_liq,P_kbar,P,10<=P<20,10.0,20.0,81,v10,RF/alr,v10 RF alr,3.166815431912247,2.454622076084778,3.875145662108879,2.230223192796054,1.7798898999274144,2.7423327209519615,81
opx,opx_liq,P_kbar,P,10<=P<20,10.0,20.0,81,v10,RF/pwlr,v10 RF pwlr,2.7618637224811984,2.253729574692134,3.2664302275666737,1.9909722580618578,1.5780521604216196,2.416629937913415,81
opx,opx_liq,T_C,P,10<=P<20,10.0,20.0,81,v10,ERT/raw,v10 ERT raw,98.84148407106294,71.91819959864827,124.16913142173838,66.68880516387775,51.65268355732294,83.39898820360705,81
opx,opx_liq,T_C,P,10<=P<20,10.0,20.0,81,v10,ERT/alr,v10 ERT alr,101.0278454197608,73.29908685986379,127.30650465605115,67.72986921345542,53.03015970614732,85.49021929418916,81
opx,opx_liq,T_C,P,10<=P<20,10.0,20.0,81,v10,ERT/pwlr,v10 ERT pwlr,95.75933121676162,67.8613761782766,121.9968285059246,63.39530939683197,49.515883821711576,79.97960802002386,81
opx,opx_liq,P_kbar,P,10<=P<20,10.0,20.0,81,v10,ERT/raw,v10 ERT raw,2.790752448340068,2.145633110971155,3.483103412712316,1.9654036652367148,1.5813410957751262,2.418897219196214,81
opx,opx_liq,P_kbar,P,10<=P<20,10.0,20.0,81,v10,ERT/alr,v10 ERT alr,3.1097797169744905,2.282034513813265,3.950538407506563,2.235646982947229,1.7913655874745034,2.724663355335108,81
opx,opx_liq,P_kbar,P,10<=P<20,10.0,20.0,81,v10,ERT/pwlr,v10 ERT pwlr,2.943470701125753,2.234773651601314,3.5922323008353234,2.0848473590901206,1.6331249448198701,2.539534394505443,81
opx,opx_liq,T_C,P,10<=P<20,10.0,20.0,81,v10,XGB/raw,v10 XGB raw,94.4746410567433,67.43976898877929,119.28406861434686,64.1327190634645,50.241204570252215,79.89399824731144,81
opx,opx_liq,T_C,P,10<=P<20,10.0,20.0,81,v10,XGB/alr,v10 XGB alr,101.99099678595537,76.76804154182325,126.3154832495625,72.96777795862269,59.270110292787905,89.80233075177227,81
opx,opx_liq,T_C,P,10<=P<20,10.0,20.0,81,v10,XGB/pwlr,v10 XGB pwlr,98.70284963411625,73.34502377060885,124.15808916633465,67.24634316526813,52.862493651590235,83.9695927561065,81
opx,opx_liq,P_kbar,P,10<=P<20,10.0,20.0,81,v10,XGB/raw,v10 XGB raw,3.1746650705714283,2.4436947633564725,3.9064341805598835,2.1536149566556433,1.6857597723419506,2.6857791161095896,81
opx,opx_liq,P_kbar,P,10<=P<20,10.0,20.0,81,v10,XGB/alr,v10 XGB alr,3.190976906229452,2.479817439334667,3.8784902261063925,2.2159790580655776,1.7537825951606159,2.732281037613241,81
opx,opx_liq,P_kbar,P,10<=P<20,10.0,20.0,81,v10,XGB/pwlr,v10 XGB pwlr,2.950346940719872,2.297980874086923,3.5341155406047804,2.0951783951417924,1.6656213459409206,2.5544973650832157,81
opx,opx_liq,T_C,P,10<=P<20,10.0,20.0,81,v10,GB/raw,v10 GB raw,93.58218150457073,67.21431760769686,118.74989798869758,63.14481226161014,49.55947118696222,79.04868901135488,81
opx,opx_liq,T_C,P,10<=P<20,10.0,20.0,81,v10,GB/alr,v10 GB alr,105.53474070939542,79.98482108934864,130.8541539761311,73.51492073875265,58.12876123739359,90.90288534098455,81
opx,opx_liq,T_C,P,10<=P<20,10.0,20.0,81,v10,GB/pwlr,v10 GB pwlr,97.24289440594148,73.15556839197342,119.88998855359903,67.59407768659382,53.06184560342541,83.98477126340228,81
opx,opx_liq,P_kbar,P,10<=P<20,10.0,20.0,81,v10,GB/raw,v10 GB raw,3.4311606526035474,2.6121084420194434,4.1989904026283815,2.3116261802552813,1.8120670655223468,2.9006070205792907,81
opx,opx_liq,P_kbar,P,10<=P<20,10.0,20.0,81,v10,GB/alr,v10 GB alr,3.2882460011672245,2.482804101920978,4.021438532723478,2.2912744553642597,1.7702999888082607,2.8464453455974112,81
opx,opx_liq,P_kbar,P,10<=P<20,10.0,20.0,81,v10,GB/pwlr,v10 GB pwlr,2.989787688088944,2.290568506842332,3.6666492202293695,2.1188276093383926,1.6928831631406258,2.5959551068288067,81
opx,opx_liq,T_C,P,10<=P<20,10.0,20.0,81,v10,CatBoost/raw,v10 CatBoost raw,91.13011649235756,63.931080770449526,117.91604738764732,55.31903943630923,41.586777532347035,72.12137016139737,81
opx,opx_liq,T_C,P,10<=P<20,10.0,20.0,81,v10,CatBoost/alr,v10 CatBoost alr,101.58956271960766,76.37774163824044,125.75475237185931,70.68544479510105,55.89476545591454,87.27097019554093,81
opx,opx_liq,T_C,P,10<=P<20,10.0,20.0,81,v10,CatBoost/pwlr,v10 CatBoost pwlr,95.1085861366429,67.90113125695733,121.18462237195128,63.37448257032444,49.86564932189509,80.31223903729662,81
opx,opx_liq,P_kbar,P,10<=P<20,10.0,20.0,81,v10,CatBoost/raw,v10 CatBoost raw,2.8851467950551144,2.2554512816896692,3.554501738959782,2.07133132253891,1.649011149212425,2.534480616417333,81
opx,opx_liq,P_kbar,P,10<=P<20,10.0,20.0,81,v10,CatBoost/alr,v10 CatBoost alr,3.145762941565934,2.4021730456413986,3.8413349073425573,2.1693465641871974,1.6810523025745516,2.7043335561886126,81
opx,opx_liq,P_kbar,P,10<=P<20,10.0,20.0,81,v10,CatBoost/pwlr,v10 CatBoost pwlr,3.009654043567387,2.331166270507119,3.695615084661599,2.1401489191836145,1.6594991008285451,2.6640559969057653,81
opx,opx_liq,T_C,P,10<=P<20,10.0,20.0,81,v10,LightGBM/raw,v10 LightGBM raw,93.77231574718226,66.38681222709813,118.8519786871568,62.341196189761895,48.672148696915514,78.03530466721008,81
opx,opx_liq,T_C,P,10<=P<20,10.0,20.0,81,v10,LightGBM/alr,v10 LightGBM alr,102.20632800766664,80.49771483068038,124.22084825974858,74.2175640798074,60.19489029671058,89.85984719813072,81
opx,opx_liq,T_C,P,10<=P<20,10.0,20.0,81,v10,LightGBM/pwlr,v10 LightGBM pwlr,98.45528502268799,72.53728807642877,123.96189265467203,68.45369605503019,54.35334134977445,84.79097261532003,81
opx,opx_liq,P_kbar,P,10<=P<20,10.0,20.0,81,v10,LightGBM/raw,v10 LightGBM raw,3.308407589122908,2.515820293387558,4.124028142748013,2.310433669940731,1.8761041299986245,2.8384613330200454,81
opx,opx_liq,P_kbar,P,10<=P<20,10.0,20.0,81,v10,LightGBM/alr,v10 LightGBM alr,3.561662245389567,2.7196650597054317,4.343784118253901,2.486376094311791,1.9724835638805673,3.055150250864124,81
opx,opx_liq,P_kbar,P,10<=P<20,10.0,20.0,81,v10,LightGBM/pwlr,v10 LightGBM pwlr,3.2036316567293426,2.5142453453529807,3.936134490094631,2.2365418185866432,1.7655865072037764,2.8097449543595436,81
opx,opx_liq,T_C,P,10<=P<20,10.0,20.0,81,v10,ElasticNet/raw,v10 ElasticNet raw,88.39705464243298,59.901658384693285,114.05284108015663,53.48259654885657,39.367414392548156,70.4046346500999,81
opx,opx_liq,T_C,P,10<=P<20,10.0,20.0,81,v10,ElasticNet/alr,v10 ElasticNet alr,91.24365412543224,61.1679364964272,118.54049374104616,55.89275128463936,42.718076750725714,72.82778745866565,81
opx,opx_liq,T_C,P,10<=P<20,10.0,20.0,81,v10,ElasticNet/pwlr,v10 ElasticNet pwlr,90.78086047693441,60.57262840001848,118.26790692395721,55.63378731579834,42.55430212618046,72.39299017956208,81
opx,opx_liq,P_kbar,P,10<=P<20,10.0,20.0,81,v10,ElasticNet/raw,v10 ElasticNet raw,3.7764635830032347,3.158234738410169,4.375409156902091,2.9946078969519414,2.488670221036043,3.5451011814859847,81
opx,opx_liq,P_kbar,P,10<=P<20,10.0,20.0,81,v10,ElasticNet/alr,v10 ElasticNet alr,3.546962665804265,3.0899704324164183,3.984082096148699,2.985463893823517,2.569639758819491,3.376818102345944,81
opx,opx_liq,P_kbar,P,10<=P<20,10.0,20.0,81,v10,ElasticNet/pwlr,v10 ElasticNet pwlr,3.52512717504444,3.101616844647348,3.9421229077172306,3.0031368826946796,2.596732996313315,3.3768205232429445,81
opx,opx_liq,T_C,P,10<=P<20,10.0,20.0,81,v10,MLP/raw,v10 MLP raw,117.09894650880537,93.45651816400266,139.91088683411704,86.79619547024988,69.74863193878592,105.00701392221671,81
opx,opx_liq,T_C,P,10<=P<20,10.0,20.0,81,v10,MLP/alr,v10 MLP alr,100.36718602988546,80.4796282657116,120.77753400280075,76.74937935913104,63.769638745282364,92.12902174052189,81
opx,opx_liq,T_C,P,10<=P<20,10.0,20.0,81,v10,MLP/pwlr,v10 MLP pwlr,108.95145482870201,91.22756674181439,127.32095144049026,85.35049114157148,72.41915048538998,98.88083825003012,81
opx,opx_liq,P_kbar,P,10<=P<20,10.0,20.0,81,v10,MLP/raw,v10 MLP raw,2.9513412457386514,2.430417497467038,3.4263258889755144,2.175238790334457,1.751336410205361,2.6083599177825234,81
opx,opx_liq,P_kbar,P,10<=P<20,10.0,20.0,81,v10,MLP/alr,v10 MLP alr,3.7148993517174698,3.041612257727401,4.385879027410995,2.764081832694712,2.2797217422024514,3.3114049620759625,81
opx,opx_liq,P_kbar,P,10<=P<20,10.0,20.0,81,v10,MLP/pwlr,v10 MLP pwlr,3.1946812763962447,2.6102584913067512,3.7696407849618345,2.427903043383231,1.982257162032685,2.8868823462855193,81
opx,opx_liq,T_C,P,10<=P<20,10.0,20.0,81,Putirka,Putirka 28a,Putirka 28a,97.5424605819897,66.44421037971956,124.69060606455014,57.45704033201129,40.80979471358366,76.31261608300484,70
opx,opx_liq,T_C,P,10<=P<20,10.0,20.0,81,Putirka,Putirka 28b,Putirka 28b,98.97040965176261,66.50944823433379,127.29625667548208,56.676066745606946,39.71432107460641,75.33345174696557,70
opx,opx_liq,P_kbar,P,10<=P<20,10.0,20.0,81,Putirka,Putirka 29a,Putirka 29a,3.440943382937641,2.5081382498461173,4.31791904703623,2.2890353730907216,1.6557845174016392,3.0117520381807017,58
opx,opx_liq,P_kbar,P,10<=P<20,10.0,20.0,81,Putirka,Putirka 29b,Putirka 29b,4.76581871172582,3.5432781375717144,6.103379368761152,3.0151979593733946,2.3031140390976996,4.0165027661104755,67
opx,opx_liq,T_C,P,20<=P<40,20.0,40.0,32,v10,RF/raw,v10 RF raw,103.47654871423357,86.19542264726591,119.47683160556967,88.32004764628493,70.2112088594042,105.45483139918214,32
opx,opx_liq,T_C,P,20<=P<40,20.0,40.0,32,v10,RF/alr,v10 RF alr,104.5629738171522,81.50991410407678,126.04166781536932,85.85588428990104,65.5483180830617,106.56769788011755,32
opx,opx_liq,T_C,P,20<=P<40,20.0,40.0,32,v10,RF/pwlr,v10 RF pwlr,106.20221791914642,87.8968118861253,121.9448422112744,91.0649441389958,71.94381755100471,108.61605527533646,32
opx,opx_liq,P_kbar,P,20<=P<40,20.0,40.0,32,v10,RF/raw,v10 RF raw,6.198828373529372,4.776449366580033,7.696598727173569,5.2152602852278775,4.1490124676932,6.490315717884601,32
opx,opx_liq,P_kbar,P,20<=P<40,20.0,40.0,32,v10,RF/alr,v10 RF alr,5.399936845727825,3.73005602089341,7.0683093345068935,4.367756245060941,3.3528642788773326,5.625707101684192,32
opx,opx_liq,P_kbar,P,20<=P<40,20.0,40.0,32,v10,RF/pwlr,v10 RF pwlr,6.465249969076894,5.349045295167016,7.625518456418166,5.499552090854616,4.433034471835182,6.7250626813767065,32
opx,opx_liq,T_C,P,20<=P<40,20.0,40.0,32,v10,ERT/raw,v10 ERT raw,102.9000083616859,88.14722472159342,118.19952957944739,90.64147643665547,74.70115268991616,107.7045372550696,32
opx,opx_liq,T_C,P,20<=P<40,20.0,40.0,32,v10,ERT/alr,v10 ERT alr,100.93813545018223,82.26926179612832,117.77278829897519,85.83520113585055,67.5899866115134,103.97458733565006,32
opx,opx_liq,T_C,P,20<=P<40,20.0,40.0,32,v10,ERT/pwlr,v10 ERT pwlr,106.25868634896419,90.31611258162755,121.59176650640309,92.26237912148497,74.9417840604288,108.64937905978475,32
opx,opx_liq,P_kbar,P,20<=P<40,20.0,40.0,32,v10,ERT/raw,v10 ERT raw,6.239296204109923,5.030073545013626,7.462917003123187,5.144082868293185,4.03827898173087,6.34390736036209,32
opx,opx_liq,P_kbar,P,20<=P<40,20.0,40.0,32,v10,ERT/alr,v10 ERT alr,7.082481312867653,5.679003519567904,8.437151902316558,5.824465554348047,4.54160080155135,7.199274842461542,32
opx,opx_liq,P_kbar,P,20<=P<40,20.0,40.0,32,v10,ERT/pwlr,v10 ERT pwlr,7.453609626360283,6.243378594663656,8.655107355872621,6.146150321999847,4.756613778589487,7.567319807170554,32
opx,opx_liq,T_C,P,20<=P<40,20.0,40.0,32,v10,XGB/raw,v10 XGB raw,106.56463799259186,87.17333296702647,124.17993394185373,88.33739852905273,69.13612308502198,107.85684642791747,32
opx,opx_liq,T_C,P,20<=P<40,20.0,40.0,32,v10,XGB/alr,v10 XGB alr,104.81983314396592,84.89508849888276,124.1377898787093,88.4073715209961,70.37087316513062,109.5416386604309,32
opx,opx_liq,T_C,P,20<=P<40,20.0,40.0,32,v10,XGB/pwlr,v10 XGB pwlr,106.70244977378486,90.7767955781341,123.24848142302069,91.17094421386719,74.0034893989563,109.67357244491576,32
opx,opx_liq,P_kbar,P,20<=P<40,20.0,40.0,32,v10,XGB/raw,v10 XGB raw,5.479390875198577,3.9765311012664375,7.101270497780634,4.296551557824025,3.2901825213305926,5.5624586941749055,32
opx,opx_liq,P_kbar,P,20<=P<40,20.0,40.0,32,v10,XGB/alr,v10 XGB alr,5.246548148886835,3.670849978154438,6.850545042866724,4.005606653735041,2.9989106083001875,5.334810044473781,32
opx,opx_liq,P_kbar,P,20<=P<40,20.0,40.0,32,v10,XGB/pwlr,v10 XGB pwlr,6.168583159647983,4.691505232908685,7.703374590251849,4.84136764948069,3.695884925048435,6.178007772507496,32
opx,opx_liq,T_C,P,20<=P<40,20.0,40.0,32,v10,GB/raw,v10 GB raw,106.6823853317905,86.41469924324034,127.50747110379196,89.11440019145174,70.85709950922326,108.41530558352268,32
opx,opx_liq,T_C,P,20<=P<40,20.0,40.0,32,v10,GB/alr,v10 GB alr,107.02445521658684,81.42948771051063,129.28529672513318,87.3574112740873,66.41145605414702,108.50413779057,32
opx,opx_liq,T_C,P,20<=P<40,20.0,40.0,32,v10,GB/pwlr,v10 GB pwlr,108.76537431899303,88.29877446423244,126.36697958295895,90.87913193255386,70.07407862767339,110.01461385461137,32
opx,opx_liq,P_kbar,P,20<=P<40,20.0,40.0,32,v10,GB/raw,v10 GB raw,5.730324008367559,4.3087672502009955,7.216014374159117,4.4507858951178605,3.2554947921486126,5.6611442531686365,32
opx,opx_liq,P_kbar,P,20<=P<40,20.0,40.0,32,v10,GB/alr,v10 GB alr,5.855288212711072,4.395410990567851,7.451456276423666,4.924382213553882,3.925994855013326,6.1573748995352195,32
opx,opx_liq,P_kbar,P,20<=P<40,20.0,40.0,32,v10,GB/pwlr,v10 GB pwlr,5.710168815043315,4.423100533381634,7.107669756110188,4.583051187030389,3.547694717912359,5.751380230181031,32
opx,opx_liq,T_C,P,20<=P<40,20.0,40.0,32,v10,CatBoost/raw,v10 CatBoost raw,115.11351778614235,97.6358964485596,133.73006069495582,99.63611773944136,81.80673453027048,119.39480458908929,32
opx,opx_liq,T_C,P,20<=P<40,20.0,40.0,32,v10,CatBoost/alr,v10 CatBoost alr,121.90087481400212,96.68717450351409,147.61138077581484,103.3436719404881,82.42232872315904,126.14514068030944,32
opx,opx_liq,T_C,P,20<=P<40,20.0,40.0,32,v10,CatBoost/pwlr,v10 CatBoost pwlr,110.08335229523483,93.47472960852252,126.49377998978994,94.07564126441378,76.67476358616037,112.61831013802438,32
opx,opx_liq,P_kbar,P,20<=P<40,20.0,40.0,32,v10,CatBoost/raw,v10 CatBoost raw,5.312699573306314,3.874665088971403,6.821023655539379,4.091539497231722,3.1226250001867375,5.268397964858569,32
opx,opx_liq,P_kbar,P,20<=P<40,20.0,40.0,32,v10,CatBoost/alr,v10 CatBoost alr,5.330622782248136,3.7915667488895033,6.863720845847817,4.215877398361708,3.214298558360271,5.489302955065913,32
opx,opx_liq,P_kbar,P,20<=P<40,20.0,40.0,32,v10,CatBoost/pwlr,v10 CatBoost pwlr,6.163145683957719,4.712133931262097,7.710970079220495,4.861542283364319,3.6775684624375575,6.207667114644954,32
opx,opx_liq,T_C,P,20<=P<40,20.0,40.0,32,v10,LightGBM/raw,v10 LightGBM raw,105.78842255888003,85.8130206995168,124.47386596964435,88.58465786322094,70.35333774054897,108.76287106062502,32
opx,opx_liq,T_C,P,20<=P<40,20.0,40.0,32,v10,LightGBM/alr,v10 LightGBM alr,108.28196175617794,84.3773036764874,129.72537571625543,88.24847267176776,67.91151531301928,110.95798771791206,32
opx,opx_liq,T_C,P,20<=P<40,20.0,40.0,32,v10,LightGBM/pwlr,v10 LightGBM pwlr,108.69349671567154,91.169681686316,125.49724652599471,91.06651053786848,72.3129493545616,110.11532470451036,32
opx,opx_liq,P_kbar,P,20<=P<40,20.0,40.0,32,v10,LightGBM/raw,v10 LightGBM raw,5.711621631823562,4.395855369898948,7.185169627428972,4.578231731505881,3.5438177825573414,5.847893658705084,32
opx,opx_liq,P_kbar,P,20<=P<40,20.0,40.0,32,v10,LightGBM/alr,v10 LightGBM alr,5.377236880759251,3.966768746780723,6.8794415537853615,4.230436795985597,3.168386165225856,5.485882554772239,32
opx,opx_liq,P_kbar,P,20<=P<40,20.0,40.0,32,v10,LightGBM/pwlr,v10 LightGBM pwlr,5.667866682916734,4.316843955516811,6.99977904254599,4.397719693373911,3.2640566577474894,5.641985324324114,32
opx,opx_liq,T_C,P,20<=P<40,20.0,40.0,32,v10,ElasticNet/raw,v10 ElasticNet raw,92.13619545183691,75.4342302923007,108.57740781905811,79.97882369884483,64.70649468137098,95.39748777445914,32
opx,opx_liq,T_C,P,20<=P<40,20.0,40.0,32,v10,ElasticNet/alr,v10 ElasticNet alr,109.30139114557527,84.42437085165221,135.66020506477196,92.23046216342985,73.50169592023414,113.04911738395566,32
opx,opx_liq,T_C,P,20<=P<40,20.0,40.0,32,v10,ElasticNet/pwlr,v10 ElasticNet pwlr,108.77410288144861,82.55077154932032,138.26046675331642,91.20435261825375,72.49928825591452,113.03081972001287,32
opx,opx_liq,P_kbar,P,20<=P<40,20.0,40.0,32,v10,ElasticNet/raw,v10 ElasticNet raw,8.32459658900932,6.021182092666797,10.149789727558108,5.860418411625583,3.9514612600786547,7.756574686278087,32
opx,opx_liq,P_kbar,P,20<=P<40,20.0,40.0,32,v10,ElasticNet/alr,v10 ElasticNet alr,6.415810835752028,5.3961107539434225,7.2606741076332995,5.441872327153169,4.30214046382989,6.480793743618028,32
opx,opx_liq,P_kbar,P,20<=P<40,20.0,40.0,32,v10,ElasticNet/pwlr,v10 ElasticNet pwlr,6.463960961321093,5.457076476035996,7.32370430422146,5.511087171111127,4.376634338662485,6.567969150389445,32
opx,opx_liq,T_C,P,20<=P<40,20.0,40.0,32,v10,MLP/raw,v10 MLP raw,176.6163385567672,142.69467221582988,210.65660770389212,147.4912955016321,114.71150068309508,183.99198815912615,31
opx,opx_liq,T_C,P,20<=P<40,20.0,40.0,32,v10,MLP/alr,v10 MLP alr,144.06823386425918,117.24320183036703,168.48876844406945,118.83252095870749,92.60989077416073,145.57589475304235,32
opx,opx_liq,T_C,P,20<=P<40,20.0,40.0,32,v10,MLP/pwlr,v10 MLP pwlr,147.8417440015085,117.46572471275432,175.44035381560755,119.59603420286513,92.39707290060149,150.01982944674768,32
opx,opx_liq,P_kbar,P,20<=P<40,20.0,40.0,32,v10,MLP/raw,v10 MLP raw,6.1142091152366165,3.943745023726964,8.04019794221064,4.4550792878128735,3.072618533618971,5.974205644895673,32
opx,opx_liq,P_kbar,P,20<=P<40,20.0,40.0,32,v10,MLP/alr,v10 MLP alr,7.128051130065522,5.467574862970792,8.635378162368038,5.639821074083359,4.262519878842609,7.019931773580367,32
opx,opx_liq,P_kbar,P,20<=P<40,20.0,40.0,32,v10,MLP/pwlr,v10 MLP pwlr,6.826898579879609,5.691826856820541,7.9359839548605935,5.556861440490679,4.286077079430436,6.855597031879754,32
opx,opx_liq,T_C,P,20<=P<40,20.0,40.0,32,Putirka,Putirka 28a,Putirka 28a,41.75979287048987,25.166107463436195,59.65656743776615,27.608395060442724,17.62456300862679,39.24712242561586,31
opx,opx_liq,T_C,P,20<=P<40,20.0,40.0,32,Putirka,Putirka 28b,Putirka 28b,54.09166088067583,38.69974243117446,68.32324240395073,41.30996034947359,29.347332449780133,54.13392583831936,31
opx,opx_liq,P_kbar,P,20<=P<40,20.0,40.0,32,Putirka,Putirka 29a,Putirka 29a,5.798577026059494,3.981327865342758,7.782239813932853,4.58633002699158,3.2981205154395625,6.186357643611421,24
opx,opx_liq,P_kbar,P,20<=P<40,20.0,40.0,32,Putirka,Putirka 29b,Putirka 29b,3.7230886101368763,2.926214060700071,4.531177330081437,3.0282135135928603,2.293270135564307,3.854559549021788,29
opx,opx_liq,T_C,P,P>=40,40.0,1000.0,3,v10,RF/raw,v10 RF raw,259.1044922590349,214.86453630662686,290.55500684609706,257.17770477423437,214.86453630662686,290.55500684609706,3
opx,opx_liq,T_C,P,P>=40,40.0,1000.0,3,v10,RF/alr,v10 RF alr,175.42012812695253,153.4099713718822,204.4734569160994,174.03898384353738,153.4099713718822,204.4734569160994,3
opx,opx_liq,T_C,P,P>=40,40.0,1000.0,3,v10,RF/pwlr,v10 RF pwlr,170.9096388414012,147.95690119949427,206.63574526515072,168.79480183531646,147.95690119949427,206.63574526515072,3
opx,opx_liq,P_kbar,P,P>=40,40.0,1000.0,3,v10,RF/raw,v10 RF raw,17.432590116436902,14.343066706042407,19.780295866028414,17.287734230110747,14.343066706042407,19.780295866028414,3
opx,opx_liq,P_kbar,P,P>=40,40.0,1000.0,3,v10,RF/alr,v10 RF alr,18.989850449916695,18.495671264383507,19.37325274722797,18.986328807071043,18.49567126438351,19.37325274722797,3
opx,opx_liq,P_kbar,P,P>=40,40.0,1000.0,3,v10,RF/pwlr,v10 RF pwlr,14.732804954800843,14.425471181166543,14.937995118071711,14.73115328161134,14.425471181166543,14.937995118071711,3
opx,opx_liq,T_C,P,P>=40,40.0,1000.0,3,v10,ERT/raw,v10 ERT raw,281.701066710708,252.11597945457402,299.3512543706297,280.9436598760041,252.11597945457402,299.3512543706297,3
opx,opx_liq,T_C,P,P>=40,40.0,1000.0,3,v10,ERT/alr,v10 ERT alr,276.14228887001167,263.2186137820513,289.6445986305355,275.93055797520356,263.2186137820513,289.6445986305355,3
opx,opx_liq,T_C,P,P>=40,40.0,1000.0,3,v10,ERT/pwlr,v10 ERT pwlr,227.27394604021526,207.40674826177042,261.7499784205004,225.85157781159282,207.40674826177042,261.7499784205004,3
opx,opx_liq,P_kbar,P,P>=40,40.0,1000.0,3,v10,ERT/raw,v10 ERT raw,24.870592510992065,22.763077485552163,27.142081020201893,24.805384372268463,22.763077485552163,27.142081020201896,3
opx,opx_liq,P_kbar,P,P>=40,40.0,1000.0,3,v10,ERT/alr,v10 ERT alr,29.579660987574453,28.49791528056604,30.39139073338579,29.569035503052316,28.497915280566037,30.39139073338579,3
opx,opx_liq,P_kbar,P,P>=40,40.0,1000.0,3,v10,ERT/pwlr,v10 ERT pwlr,24.83563623191198,24.299636093862155,25.338864699942796,24.83200560373595,24.29963609386216,25.338864699942793,3
opx,opx_liq,T_C,P,P>=40,40.0,1000.0,3,v10,XGB/raw,v10 XGB raw,226.10190827561712,185.8314208984375,282.716064453125,221.929931640625,185.8314208984375,282.716064453125,3
opx,opx_liq,T_C,P,P>=40,40.0,1000.0,3,v10,XGB/alr,v10 XGB alr,220.2369669609146,195.0601806640625,232.8331298828125,219.55330403645834,195.0601806640625,232.8331298828125,3
opx,opx_liq,T_C,P,P>=40,40.0,1000.0,3,v10,XGB/pwlr,v10 XGB pwlr,184.1798246832182,163.150390625,219.9219970703125,182.24239095052084,163.150390625,219.9219970703125,3
opx,opx_liq,P_kbar,P,P>=40,40.0,1000.0,3,v10,XGB/raw,v10 XGB raw,15.48828630654201,9.838298797607422,20.6931142807005,14.827871640523213,9.838298797607422,20.6931142807005,3
opx,opx_liq,P_kbar,P,P>=40,40.0,1000.0,3,v10,XGB/alr,v10 XGB alr,17.4319629703503,13.356269836425781,19.8012685775755,17.20916970570876,13.356269836425781,19.8012685775755,3
opx,opx_liq,P_kbar,P,P>=40,40.0,1000.0,3,v10,XGB/pwlr,v10 XGB pwlr,18.19183651567059,13.004573822021484,22.205442428588867,17.797732988993264,13.004573822021484,22.205442428588867,3
opx,opx_liq,T_C,P,P>=40,40.0,1000.0,3,v10,GB/raw,v10 GB raw,220.65552791846665,175.54383754143373,280.21057391228123,215.80430446980958,175.54383754143373,280.21057391228123,3
opx,opx_liq,T_C,P,P>=40,40.0,1000.0,3,v10,GB/alr,v10 GB alr,199.82724539162555,172.8473902044493,236.17626717327516,197.9288572488152,172.8473902044493,236.17626717327516,3
opx,opx_liq,T_C,P,P>=40,40.0,1000.0,3,v10,GB/pwlr,v10 GB pwlr,189.5002580847589,147.64551445600682,235.64629732719732,185.88514018084206,147.64551445600682,235.64629732719732,3
opx,opx_liq,P_kbar,P,P>=40,40.0,1000.0,3,v10,GB/raw,v10 GB raw,12.699488951308147,9.215679653675714,17.464000675364783,12.123482834392712,9.215679653675714,17.464000675364783,3
opx,opx_liq,P_kbar,P,P>=40,40.0,1000.0,3,v10,GB/alr,v10 GB alr,20.46024610387949,18.14222793617061,23.021620554002354,20.36063993141012,18.14222793617061,23.021620554002354,3
opx,opx_liq,P_kbar,P,P>=40,40.0,1000.0,3,v10,GB/pwlr,v10 GB pwlr,19.910359481061718,16.90880167366301,22.391904856670838,19.78323439489218,16.90880167366301,22.391904856670838,3
opx,opx_liq,T_C,P,P>=40,40.0,1000.0,3,v10,CatBoost/raw,v10 CatBoost raw,287.10925223396606,257.9977524798312,318.169232635712,286.0418706665668,257.9977524798312,318.169232635712,3
opx,opx_liq,T_C,P,P>=40,40.0,1000.0,3,v10,CatBoost/alr,v10 CatBoost alr,234.19386200427712,228.8800274120572,238.80320734470888,234.15839238502522,228.8800274120572,238.80320734470888,3
opx,opx_liq,T_C,P,P>=40,40.0,1000.0,3,v10,CatBoost/pwlr,v10 CatBoost pwlr,214.172343846,187.10283034125405,239.25846381044926,213.11127349972426,187.10283034125405,239.25846381044926,3
opx,opx_liq,P_kbar,P,P>=40,40.0,1000.0,3,v10,CatBoost/raw,v10 CatBoost raw,24.06738840474155,21.77687489389374,25.937154176645166,24.006454672930186,21.776874893893744,25.937154176645166,3
opx,opx_liq,P_kbar,P,P>=40,40.0,1000.0,3,v10,CatBoost/alr,v10 CatBoost alr,20.899071703845703,19.308337519814266,22.98829662395882,20.840456455235124,19.308337519814266,22.98829662395882,3
opx,opx_liq,P_kbar,P,P>=40,40.0,1000.0,3,v10,CatBoost/pwlr,v10 CatBoost pwlr,22.59823660435328,18.10328501867114,25.2580002664875,22.386432511010256,18.10328501867114,25.2580002664875,3
opx,opx_liq,T_C,P,P>=40,40.0,1000.0,3,v10,LightGBM/raw,v10 LightGBM raw,224.99941104746182,194.8937629695963,269.12513289607523,222.5472681614533,194.8937629695963,269.12513289607523,3
opx,opx_liq,T_C,P,P>=40,40.0,1000.0,3,v10,LightGBM/alr,v10 LightGBM alr,241.15021295751177,212.13193983452882,257.5008289021748,240.3122154112779,212.1319398345288,257.5008289021748,3
opx,opx_liq,T_C,P,P>=40,40.0,1000.0,3,v10,LightGBM/pwlr,v10 LightGBM pwlr,166.62775437240668,136.80731251207044,205.91118782016542,163.88129204196943,136.80731251207044,205.91118782016542,3
opx,opx_liq,P_kbar,P,P>=40,40.0,1000.0,3,v10,LightGBM/raw,v10 LightGBM raw,13.031338900045156,5.996651707525743,19.832273069385845,11.594203607136413,5.996651707525743,19.832273069385845,3
opx,opx_liq,P_kbar,P,P>=40,40.0,1000.0,3,v10,LightGBM/alr,v10 LightGBM alr,22.93010172950892,21.24046019073409,24.936754893200423,22.878464681755162,21.24046019073409,24.93675489320042,3
opx,opx_liq,P_kbar,P,P>=40,40.0,1000.0,3,v10,LightGBM/pwlr,v10 LightGBM pwlr,22.56652705406813,18.514797884766754,24.978804745907993,22.393055969977684,18.514797884766754,24.978804745907993,3
opx,opx_liq,T_C,P,P>=40,40.0,1000.0,3,v10,ElasticNet/raw,v10 ElasticNet raw,143.80083555882712,135.86673776807766,156.8639007470772,143.4874049660224,135.86673776807766,156.8639007470772,3
opx,opx_liq,T_C,P,P>=40,40.0,1000.0,3,v10,ElasticNet/alr,v10 ElasticNet alr,93.74133929952254,38.80553351563981,148.66359298897805,79.98759051358086,38.80553351563981,148.66359298897805,3
opx,opx_liq,T_C,P,P>=40,40.0,1000.0,3,v10,ElasticNet/pwlr,v10 ElasticNet pwlr,84.34697803294128,24.6132514506196,138.7791869245873,67.27804153178128,24.6132514506196,138.7791869245873,3
opx,opx_liq,P_kbar,P,P>=40,40.0,1000.0,3,v10,ElasticNet/raw,v10 ElasticNet raw,22.979277885712424,22.686851272038645,23.204223989047975,22.978260555311778,22.68685127203865,23.204223989047975,3
opx,opx_liq,P_kbar,P,P>=40,40.0,1000.0,3,v10,ElasticNet/alr,v10 ElasticNet alr,16.27938485523744,12.099245315794434,19.9542471361922,15.960137495836067,12.099245315794434,19.9542471361922,3
opx,opx_liq,P_kbar,P,P>=40,40.0,1000.0,3,v10,ElasticNet/pwlr,v10 ElasticNet pwlr,16.565164030987578,12.180633035906183,20.185776967790748,16.239395200203045,12.180633035906183,20.185776967790748,3
opx,opx_liq,T_C,P,P>=40,40.0,1000.0,3,v10,MLP/raw,v10 MLP raw,20.42691487038246,,,20.42691487038246,,,1
opx,opx_liq,T_C,P,P>=40,40.0,1000.0,3,v10,MLP/alr,v10 MLP alr,224.7851261975185,201.50905880459823,237.44372562521653,224.20614428916733,201.50905880459823,237.44372562521653,3
opx,opx_liq,T_C,P,P>=40,40.0,1000.0,3,v10,MLP/pwlr,v10 MLP pwlr,191.56361241398227,161.91919791065652,206.75623566674835,190.4885609205177,161.91919791065652,206.75623566674835,3
opx,opx_liq,P_kbar,P,P>=40,40.0,1000.0,3,v10,MLP/raw,v10 MLP raw,6.003033721973459,3.8992223597292015,7.504826307579023,5.817475893408805,3.899222359729201,7.504826307579023,3
opx,opx_liq,P_kbar,P,P>=40,40.0,1000.0,3,v10,MLP/alr,v10 MLP alr,0.7658007904926019,0.4317506169051697,1.0137615212465931,0.7279700299335067,0.4317506169051697,1.0137615212465931,3
opx,opx_liq,P_kbar,P,P>=40,40.0,1000.0,3,v10,MLP/pwlr,v10 MLP pwlr,8.431801477165546,7.972188438101804,8.818642000036824,8.424616123358758,7.972188438101803,8.818642000036824,3
opx,opx_liq,T_C,P,P>=40,40.0,1000.0,3,Putirka,Putirka 28a,Putirka 28a,138.78169697824586,61.86349747944814,173.83154150171276,129.92061542231355,61.86349747944814,173.83154150171276,3
opx,opx_liq,T_C,P,P>=40,40.0,1000.0,3,Putirka,Putirka 28b,Putirka 28b,164.59211655587916,151.75101520664612,185.07090274688062,163.90523453908312,151.75101520664612,185.07090274688062,3
opx,opx_liq,P_kbar,P,P>=40,40.0,1000.0,3,Putirka,Putirka 29a,Putirka 29a,16.383388207688654,15.100118620073061,17.899180410675108,16.341967156994134,15.100118620073061,17.899180410675108,3
opx,opx_liq,P_kbar,P,P>=40,40.0,1000.0,3,Putirka,Putirka 29b,Putirka 29b,12.792331678710104,11.286118218621937,13.788693562788417,12.747989829588576,11.286118218621937,13.788693562788417,3
opx,opx_liq,T_C,P,P<20 (Agreda range),0.0,20.0,139,v10,RF/raw,v10 RF raw,76.02605425063402,56.418339454121885,92.33510644591054,48.05463809122193,38.836714336600494,57.87486974299011,139
opx,opx_liq,T_C,P,P<20 (Agreda range),0.0,20.0,139,v10,RF/alr,v10 RF alr,79.4242254166675,60.14201386663068,95.3575994702632,51.677606005968926,42.04239670138656,61.33099528098055,139
opx,opx_liq,T_C,P,P<20 (Agreda range),0.0,20.0,139,v10,RF/pwlr,v10 RF pwlr,76.12114117361683,56.177545458554555,92.33993087154671,48.48207701347771,39.43085543453344,57.865041090533936,139
opx,opx_liq,P_kbar,P,P<20 (Agreda range),0.0,20.0,139,v10,RF/raw,v10 RF raw,4.6245931835601075,3.9843428016126117,5.223044097291037,3.4332688579272483,2.9602107173835726,3.9223316289229717,139
opx,opx_liq,P_kbar,P,P<20 (Agreda range),0.0,20.0,139,v10,RF/alr,v10 RF alr,4.198464585958962,3.6864775210090577,4.7693613302796996,3.143601531491642,2.709405038733607,3.6013278466274268,139
opx,opx_liq,P_kbar,P,P<20 (Agreda range),0.0,20.0,139,v10,RF/pwlr,v10 RF pwlr,4.492658971870928,4.04398496241416,4.952332725329718,3.447916564916257,2.995810984598129,3.9069350661452478,139
opx,opx_liq,T_C,P,P<20 (Agreda range),0.0,20.0,139,v10,ERT/raw,v10 ERT raw,78.71585523021662,59.75666573354256,94.95899439296453,50.16733792820991,40.064817972667655,60.2776737976103,139
opx,opx_liq,T_C,P,P<20 (Agreda range),0.0,20.0,139,v10,ERT/alr,v10 ERT alr,81.04110972388398,61.228356419412,98.25651627376115,52.05696293237775,42.273106899189976,62.17995817242243,139
opx,opx_liq,T_C,P,P<20 (Agreda range),0.0,20.0,139,v10,ERT/pwlr,v10 ERT pwlr,75.36404998336069,54.08692063900643,92.86401734100042,45.73414078907846,36.353948070570645,55.540641688156875,139
opx,opx_liq,P_kbar,P,P<20 (Agreda range),0.0,20.0,139,v10,ERT/raw,v10 ERT raw,4.312095120218578,3.7529791045964407,4.870834978486537,3.2329617776548725,2.798536925067017,3.7100330398669428,139
opx,opx_liq,P_kbar,P,P<20 (Agreda range),0.0,20.0,139,v10,ERT/alr,v10 ERT alr,4.991977072573568,4.387267697601062,5.547317139517747,3.808210185626381,3.302707943112117,4.306125245276506,139
opx,opx_liq,P_kbar,P,P<20 (Agreda range),0.0,20.0,139,v10,ERT/pwlr,v10 ERT pwlr,5.38389052826354,4.7658639254615025,6.009208225754747,3.995818233552394,3.4431348778129784,4.611346557435771,139
opx,opx_liq,T_C,P,P<20 (Agreda range),0.0,20.0,139,v10,XGB/raw,v10 XGB raw,75.8815585229276,56.87353196184506,92.45183037157472,49.84804046411308,41.22686496432736,59.38222585993703,139
opx,opx_liq,T_C,P,P<20 (Agreda range),0.0,20.0,139,v10,XGB/alr,v10 XGB alr,81.93262463715371,63.53810888438183,98.02469221175895,54.978764156643436,45.52964384229921,64.49841620356058,139
opx,opx_liq,T_C,P,P<20 (Agreda range),0.0,20.0,139,v10,XGB/pwlr,v10 XGB pwlr,80.46543397678015,61.51684916501749,96.10526138560627,53.02029265259667,43.15501758383333,62.43721862353867,139
opx,opx_liq,P_kbar,P,P<20 (Agreda range),0.0,20.0,139,v10,XGB/raw,v10 XGB raw,3.9940151154505417,3.5048476260480315,4.519379709549474,2.9912225025158987,2.5833695215113837,3.4341754816546604,139
opx,opx_liq,P_kbar,P,P<20 (Agreda range),0.0,20.0,139,v10,XGB/alr,v10 XGB alr,3.9413111195206203,3.478045555325678,4.409749419771499,3.0001349093240925,2.6196656993286913,3.408233528060789,139
opx,opx_liq,P_kbar,P,P<20 (Agreda range),0.0,20.0,139,v10,XGB/pwlr,v10 XGB pwlr,4.073085580152193,3.654289825825721,4.464974618325226,3.2065721330020795,2.8128678644256317,3.5873923473190654,139
opx,opx_liq,T_C,P,P<20 (Agreda range),0.0,20.0,139,v10,GB/raw,v10 GB raw,75.00788783061702,56.44208274299306,91.19909370574808,47.85407763296227,39.281866695762126,57.510104368156135,139
opx,opx_liq,T_C,P,P<20 (Agreda range),0.0,20.0,139,v10,GB/alr,v10 GB alr,86.18171616932993,67.20866993360185,102.42710176283235,59.03316927748936,49.32246062274577,69.15436360754403,139
opx,opx_liq,T_C,P,P<20 (Agreda range),0.0,20.0,139,v10,GB/pwlr,v10 GB pwlr,78.80632404910916,60.82116714651216,94.0140707976278,52.87652842024833,43.138322410563674,62.320060978406936,139
opx,opx_liq,P_kbar,P,P<20 (Agreda range),0.0,20.0,139,v10,GB/raw,v10 GB raw,4.157238690898537,3.6607264875700123,4.687854766740672,3.1208356327309046,2.7056420996243076,3.6021799624195427,139
opx,opx_liq,P_kbar,P,P<20 (Agreda range),0.0,20.0,139,v10,GB/alr,v10 GB alr,3.9857092058257417,3.473439821134646,4.453628115127983,3.076772432317852,2.684289978155915,3.488890309360868,139
opx,opx_liq,P_kbar,P,P<20 (Agreda range),0.0,20.0,139,v10,GB/pwlr,v10 GB pwlr,3.980449027656908,3.5049412688269133,4.449700622954586,3.078185286241403,2.698852129804291,3.4904332241130174,139
opx,opx_liq,T_C,P,P<20 (Agreda range),0.0,20.0,139,v10,CatBoost/raw,v10 CatBoost raw,76.61976324117036,58.053490258195055,93.05957190241344,50.06724377474302,40.9666155904842,60.50151853378534,139
opx,opx_liq,T_C,P,P<20 (Agreda range),0.0,20.0,139,v10,CatBoost/alr,v10 CatBoost alr,84.75403221293328,67.17925255258685,100.27568629811816,59.632546054271494,50.12542203102297,70.41410011360796,139
opx,opx_liq,T_C,P,P<20 (Agreda range),0.0,20.0,139,v10,CatBoost/pwlr,v10 CatBoost pwlr,76.59903663458337,56.679530069743144,93.17601020604725,49.86911207942504,40.879424548213954,59.537012041932606,139
opx,opx_liq,P_kbar,P,P<20 (Agreda range),0.0,20.0,139,v10,CatBoost/raw,v10 CatBoost raw,4.319311939421102,3.8710536477050472,4.780056042258239,3.376968028845136,2.9588737085706147,3.8267943247468486,139
opx,opx_liq,P_kbar,P,P<20 (Agreda range),0.0,20.0,139,v10,CatBoost/alr,v10 CatBoost alr,4.080530051360623,3.6319114058841198,4.482415140338602,3.2046765007567326,2.8190746612796787,3.579808903154039,139
opx,opx_liq,P_kbar,P,P<20 (Agreda range),0.0,20.0,139,v10,CatBoost/pwlr,v10 CatBoost pwlr,3.805469113531181,3.3745276054452247,4.1993530165380495,3.020756688264233,2.6397749630634246,3.372900080140168,139
opx,opx_liq,T_C,P,P<20 (Agreda range),0.0,20.0,139,v10,LightGBM/raw,v10 LightGBM raw,76.2309267810928,56.467392501769815,93.31389619599788,49.26423388239344,40.589274981109575,59.372093634803186,139
opx,opx_liq,T_C,P,P<20 (Agreda range),0.0,20.0,139,v10,LightGBM/alr,v10 LightGBM alr,83.84304546485795,67.24475670589094,99.22968604586796,57.81411770731783,48.50714362394785,67.6512503070003,139
opx,opx_liq,T_C,P,P<20 (Agreda range),0.0,20.0,139,v10,LightGBM/pwlr,v10 LightGBM pwlr,80.44872466790575,62.217696906277205,96.40302275964416,54.422737052954,44.638462031393644,64.41652926089509,139
opx,opx_liq,P_kbar,P,P<20 (Agreda range),0.0,20.0,139,v10,LightGBM/raw,v10 LightGBM raw,4.509014881262829,3.9029305966612395,5.11032916251009,3.392588431156251,2.942524901219352,3.8855610011102963,139
opx,opx_liq,P_kbar,P,P<20 (Agreda range),0.0,20.0,139,v10,LightGBM/alr,v10 LightGBM alr,4.0907497214625375,3.580493540146513,4.589855242997444,3.167246638683915,2.7694440975130257,3.608413358850143,139
opx,opx_liq,P_kbar,P,P<20 (Agreda range),0.0,20.0,139,v10,LightGBM/pwlr,v10 LightGBM pwlr,4.248316199159065,3.7842249336221165,4.703641622035944,3.3002453413910473,2.875174785657493,3.701076026236111,139
opx,opx_liq,T_C,P,P<20 (Agreda range),0.0,20.0,139,v10,ElasticNet/raw,v10 ElasticNet raw,70.9452377004952,50.28898270545541,88.98762681146053,42.840529735485646,33.975828966883604,51.73537912935754,139
opx,opx_liq,T_C,P,P<20 (Agreda range),0.0,20.0,139,v10,ElasticNet/alr,v10 ElasticNet alr,79.90117005489418,58.77070228940877,97.8235958886752,50.591402135180594,40.71172997958161,60.53195441691818,139
opx,opx_liq,T_C,P,P<20 (Agreda range),0.0,20.0,139,v10,ElasticNet/pwlr,v10 ElasticNet pwlr,82.32689897378367,60.761855164996504,100.811450733707,52.05125747641234,42.29908026891805,62.389771751724794,139
opx,opx_liq,P_kbar,P,P<20 (Agreda range),0.0,20.0,139,v10,ElasticNet/raw,v10 ElasticNet raw,3.421921101824462,3.0232717022512148,3.879612306356923,2.7272085594472024,2.4436178933360484,3.12527892405018,139
opx,opx_liq,P_kbar,P,P<20 (Agreda range),0.0,20.0,139,v10,ElasticNet/alr,v10 ElasticNet alr,6.116691520486847,5.329907779131562,6.8793492284357605,4.821714768227144,4.267232985029372,5.4464095110670145,139
opx,opx_liq,P_kbar,P,P<20 (Agreda range),0.0,20.0,139,v10,ElasticNet/pwlr,v10 ElasticNet pwlr,6.294363320570428,5.450933650235598,7.139940742546648,4.929627980027423,4.355911080222769,5.570486561640988,139
opx,opx_liq,T_C,P,P<20 (Agreda range),0.0,20.0,139,v10,MLP/raw,v10 MLP raw,116.17725342737504,93.98906795994118,136.91216016588598,82.34362020213742,68.94331746387648,95.76521223720793,139
opx,opx_liq,T_C,P,P<20 (Agreda range),0.0,20.0,139,v10,MLP/alr,v10 MLP alr,108.14322679152461,95.3462017347069,121.8810601159415,84.79825243510379,75.09919259181808,96.19064641072453,139
opx,opx_liq,T_C,P,P<20 (Agreda range),0.0,20.0,139,v10,MLP/pwlr,v10 MLP pwlr,157.8439111226384,137.6520797861778,178.24066079049882,121.6197912791005,105.73056007534728,137.36851596814182,139
opx,opx_liq,P_kbar,P,P<20 (Agreda range),0.0,20.0,139,v10,MLP/raw,v10 MLP raw,2.9733334309299018,2.450955736531884,3.4536348924786004,2.034562882614336,1.7137588148803955,2.397334285754136,139
opx,opx_liq,P_kbar,P,P<20 (Agreda range),0.0,20.0,139,v10,MLP/alr,v10 MLP alr,4.852282712945486,4.03513216090619,5.542204531223507,3.612334971742798,3.109300741797144,4.1179449899830445,136
opx,opx_liq,P_kbar,P,P<20 (Agreda range),0.0,20.0,139,v10,MLP/pwlr,v10 MLP pwlr,5.1187850188344814,4.390569526396528,5.8659694916434475,3.730264324346588,3.161640640518209,4.312663032359172,134
opx,opx_liq,T_C,P,P<20 (Agreda range),0.0,20.0,139,Putirka,Putirka 28a,Putirka 28a,75.04185292051386,53.38873184651102,96.25147909594811,40.90049851900787,31.19605770702668,51.79624845411532,127
opx,opx_liq,T_C,P,P<20 (Agreda range),0.0,20.0,139,Putirka,Putirka 28b,Putirka 28b,78.77437233336116,56.41738818717058,99.79679044009164,47.367518845090686,37.54644439038658,59.03578987720621,127
opx,opx_liq,P_kbar,P,P<20 (Agreda range),0.0,20.0,139,Putirka,Putirka 29a,Putirka 29a,3.5262866329495206,2.9988052152922844,4.079841981694755,2.663141671077806,2.244971184652062,3.145411481686257,99
opx,opx_liq,P_kbar,P,P<20 (Agreda range),0.0,20.0,139,Putirka,Putirka 29b,Putirka 29b,4.636953554387185,3.732591315835911,5.569675228697372,3.3810396690317224,2.7953336485400557,4.095308031785223,107
opx,opx_liq,T_C,P,ALL,0.0,1000.0,174,v10,RF/raw,v10 RF raw,88.00002150509984,74.06061428418532,102.21545280968327,59.06534099818201,51.11205504685653,69.25046361545442,174
opx,opx_liq,T_C,P,ALL,0.0,1000.0,174,v10,RF/alr,v10 RF alr,87.06672081186457,73.65935895487056,101.75462898525001,60.072945308259364,51.41205688705335,69.6892168615006,174
opx,opx_liq,T_C,P,ALL,0.0,1000.0,174,v10,RF/pwlr,v10 RF pwlr,84.89279850533424,71.43663357426162,98.77659777149178,58.387766223144915,50.17857110118862,67.90218453721006,174
opx,opx_liq,P_kbar,P,ALL,0.0,1000.0,174,v10,RF/raw,v10 RF raw,5.42136820051842,4.722832321619905,6.154651831704224,3.999861511893747,3.4858083874648296,4.5414277817108,174
opx,opx_liq,P_kbar,P,ALL,0.0,1000.0,174,v10,RF/alr,v10 RF alr,5.065722658162609,4.341013423501892,5.82273963674645,3.6418839031063306,3.156900622798408,4.158726741936762,174
opx,opx_liq,P_kbar,P,ALL,0.0,1000.0,174,v10,RF/pwlr,v10 RF pwlr,5.249150516567117,4.640525869780521,5.817523341868194,4.019767409629549,3.484768798778828,4.535610809222901,174
opx,opx_liq,T_C,P,ALL,0.0,1000.0,174,v10,ERT/raw,v10 ERT raw,90.91379911216922,76.3567300420455,105.58236063976562,61.58975975644921,53.04185783176999,71.86355389113132,174
opx,opx_liq,T_C,P,ALL,0.0,1000.0,174,v10,ERT/alr,v10 ERT alr,91.8425960074649,76.9352137442418,106.94137866369817,62.12894228662836,53.41534505251778,72.27893913617979,174
opx,opx_liq,T_C,P,ALL,0.0,1000.0,174,v10,ERT/pwlr,v10 ERT pwlr,86.62753117460504,72.32038425104571,101.62949738128113,57.39653123565634,48.40984959951597,66.7594258426219,174
opx,opx_liq,P_kbar,P,ALL,0.0,1000.0,174,v10,ERT/raw,v10 ERT raw,5.71645643430091,4.697888560655851,6.743441708408251,3.9563706436564052,3.354068362750791,4.55116692023533,174
opx,opx_liq,P_kbar,P,ALL,0.0,1000.0,174,v10,ERT/alr,v10 ERT alr,6.6496458465320005,5.359277669632041,7.899252293893122,4.623167931323915,3.9129693209764675,5.341445295517851,174
opx,opx_liq,P_kbar,P,ALL,0.0,1000.0,174,v10,ERT/pwlr,v10 ERT pwlr,6.633821605179532,5.643905767856769,7.602305481514639,4.750526215971183,3.986445508510017,5.439788061884381,174
opx,opx_liq,T_C,P,ALL,0.0,1000.0,174,v10,XGB/raw,v10 XGB raw,87.00384597956679,73.02054797714827,101.46771883319198,59.89347225496139,51.77437129404353,69.41987808929092,174
opx,opx_liq,T_C,P,ALL,0.0,1000.0,174,v10,XGB/alr,v10 XGB alr,90.66180761076068,77.03187283343564,105.43097063025232,63.96404608364763,55.64648552379389,73.31868518522415,174
opx,opx_liq,T_C,P,ALL,0.0,1000.0,174,v10,XGB/pwlr,v10 XGB pwlr,88.60610224286911,74.77297545794859,102.6095660775922,62.26447164601293,53.40374640103044,71.49842555605132,174
opx,opx_liq,P_kbar,P,ALL,0.0,1000.0,174,v10,XGB/raw,v10 XGB raw,4.73296704404521,4.058411648290813,5.470337655064573,3.4353631759864856,2.970720798466741,3.9004529547795843,174
opx,opx_liq,P_kbar,P,ALL,0.0,1000.0,174,v10,XGB/alr,v10 XGB alr,4.765583808775689,4.041345287881267,5.5146789555771125,3.4300326116821642,2.939569058565221,3.9393569021514185,174
opx,opx_liq,P_kbar,P,ALL,0.0,1000.0,174,v10,XGB/pwlr,v10 XGB pwlr,5.094784218000258,4.371316689763167,5.879768113717058,3.7587959209060404,3.206817138038193,4.305055555421041,174
opx,opx_liq,T_C,P,ALL,0.0,1000.0,174,v10,GB/raw,v10 GB raw,86.18018609793371,72.35725761598526,100.6350412493349,58.33787649722783,50.0390418433794,67.8051005646861,174
opx,opx_liq,T_C,P,ALL,0.0,1000.0,174,v10,GB/alr,v10 GB alr,93.42528308903331,80.27289217449601,107.88340324570201,66.63697851774863,57.85894558331747,76.33692885359905,174
opx,opx_liq,T_C,P,ALL,0.0,1000.0,174,v10,GB/pwlr,v10 GB pwlr,88.06798441640005,75.29155827130377,100.9223672113024,62.15876490114234,53.82199035478939,71.35372392338411,174
opx,opx_liq,P_kbar,P,ALL,0.0,1000.0,174,v10,GB/raw,v10 GB raw,4.756658215332069,4.159306538654962,5.382514171665986,3.520642241934169,3.035764408764853,4.038379693049783,174
opx,opx_liq,P_kbar,P,ALL,0.0,1000.0,174,v10,GB/alr,v10 GB alr,5.119886200031969,4.310737837437079,6.012485182247158,3.7145604524145748,3.2174946264360655,4.24151282209558,174
opx,opx_liq,P_kbar,P,ALL,0.0,1000.0,174,v10,GB/pwlr,v10 GB pwlr,5.048598637281868,4.223522159142245,5.917821007582058,3.642960321593126,3.126888133057982,4.181247178253955,174
opx,opx_liq,T_C,P,ALL,0.0,1000.0,174,v10,CatBoost/raw,v10 CatBoost raw,92.455109330282,78.1241567789428,107.56612873486172,63.251886576730485,54.39489097669224,73.89411765022209,174
opx,opx_liq,T_C,P,ALL,0.0,1000.0,174,v10,CatBoost/alr,v10 CatBoost alr,97.04027575648364,84.15944554900143,110.96837683573156,70.68044011950823,61.9686678202025,80.4622735461917,174
opx,opx_liq,T_C,P,ALL,0.0,1000.0,174,v10,CatBoost/pwlr,v10 CatBoost pwlr,87.78784269451208,73.84427035056996,102.23840428028002,60.81356850574997,52.56172795930224,70.5066004242646,174
opx,opx_liq,P_kbar,P,ALL,0.0,1000.0,174,v10,CatBoost/raw,v10 CatBoost raw,5.484648241870014,4.433167840470636,6.50602265339111,3.864064275515399,3.304130035895157,4.4550598566405695,174
opx,opx_liq,P_kbar,P,ALL,0.0,1000.0,174,v10,CatBoost/alr,v10 CatBoost alr,5.104686653586727,4.205577220799875,5.9815876489602235,3.694709653554401,3.171752464608537,4.2817360524351935,174
opx,opx_liq,P_kbar,P,ALL,0.0,1000.0,174,v10,CatBoost/pwlr,v10 CatBoost pwlr,5.230592092571972,4.279661242032422,6.208943537111676,3.6931829325828582,3.1392191920210357,4.2520356045154015,174
opx,opx_liq,T_C,P,ALL,0.0,1000.0,174,v10,LightGBM/raw,v10 LightGBM raw,87.02433037856319,72.59464646028307,101.46055748294316,59.48321474574782,51.31851486462504,69.17784084770457,174
opx,opx_liq,T_C,P,ALL,0.0,1000.0,174,v10,LightGBM/alr,v10 LightGBM alr,93.67288280454915,80.80641094745987,107.16305928155319,66.55775938533093,57.98993714362585,76.44195937645773,174
opx,opx_liq,T_C,P,ALL,0.0,1000.0,174,v10,LightGBM/pwlr,v10 LightGBM pwlr,88.43982595114524,75.24596463900023,101.87892785234105,63.049038297116695,54.75470066277481,72.56414184412813,174
opx,opx_liq,P_kbar,P,ALL,0.0,1000.0,174,v10,LightGBM/raw,v10 LightGBM raw,5.01687393312468,4.318208604114465,5.740974486769084,3.7520449319558415,3.236817696410108,4.264984230716007,174
opx,opx_liq,P_kbar,P,ALL,0.0,1000.0,174,v10,LightGBM/alr,v10 LightGBM alr,5.267934211738234,4.282768159475622,6.228971626774892,3.7026244499647634,3.16553446730839,4.261118604933834,174
opx,opx_liq,P_kbar,P,ALL,0.0,1000.0,174,v10,LightGBM/pwlr,v10 LightGBM pwlr,5.394992207963286,4.45626020694058,6.426030974921749,3.8312660951221487,3.2597930626570806,4.3972645334802944,174
opx,opx_liq,T_C,P,ALL,0.0,1000.0,174,v10,ElasticNet/raw,v10 ElasticNet raw,77.06189003628756,62.559654548873304,91.65291211264,51.405851761457505,43.66185611753671,59.89413585877974,174
opx,opx_liq,T_C,P,ALL,0.0,1000.0,174,v10,ElasticNet/alr,v10 ElasticNet alr,86.30549546200969,70.308338521545,102.32368400553726,58.75599113540574,50.07426606238507,68.02471396282444,174
opx,opx_liq,T_C,P,ALL,0.0,1000.0,174,v10,ElasticNet/pwlr,v10 ElasticNet pwlr,87.82374772804963,71.30708336838524,104.27513583131757,59.51435745747574,50.53661421324925,69.14942979264771,174
opx,opx_liq,P_kbar,P,ALL,0.0,1000.0,174,v10,ElasticNet/raw,v10 ElasticNet raw,5.585970379506894,4.473667134122314,6.64621848177828,3.652587129891466,3.0725028835280845,4.313673327572891,174
opx,opx_liq,P_kbar,P,ALL,0.0,1000.0,174,v10,ElasticNet/alr,v10 ElasticNet alr,6.482865762630683,5.773805471551791,7.168968249186347,5.127808504252774,4.524827733887718,5.735106488237706,174
opx,opx_liq,P_kbar,P,ALL,0.0,1000.0,174,v10,ElasticNet/pwlr,v10 ElasticNet pwlr,6.638145442783235,5.88158878204889,7.372817485582273,5.231558990229753,4.6151192799699805,5.863695163048648,174
opx,opx_liq,T_C,P,ALL,0.0,1000.0,174,v10,MLP/raw,v10 MLP raw,128.95248131978045,112.0782664851637,147.3864714280486,93.79193148256188,81.86157520835101,107.34927976194534,171
opx,opx_liq,T_C,P,ALL,0.0,1000.0,174,v10,MLP/alr,v10 MLP alr,118.45182210362069,105.98886487079986,130.41056358031585,93.4610125978481,83.38283353684528,104.03803992495432,174
opx,opx_liq,T_C,P,ALL,0.0,1000.0,174,v10,MLP/pwlr,v10 MLP pwlr,156.70205626460464,140.34714378184296,175.8554168171699,122.43499864970234,108.04989853534981,138.64180270417825,174
opx,opx_liq,P_kbar,P,ALL,0.0,1000.0,174,v10,MLP/raw,v10 MLP raw,3.8156075924116495,3.095868179159089,4.491098147444123,2.5449379630668454,2.1427974174463675,2.97249827912108,174
opx,opx_liq,P_kbar,P,ALL,0.0,1000.0,174,v10,MLP/alr,v10 MLP alr,5.314507909831545,4.609259340603944,5.989996580569514,3.9411446819736167,3.4267058039422817,4.4856868659674065,171
opx,opx_liq,P_kbar,P,ALL,0.0,1000.0,174,v10,MLP/pwlr,v10 MLP pwlr,5.555400322039511,4.833652606806845,6.2175993466738095,4.159460555788288,3.550993641545627,4.802999604438962,169
opx,opx_liq,T_C,P,ALL,0.0,1000.0,174,Putirka,Putirka 28a,Putirka 28a,71.67099988574215,53.75200941121946,88.73601447822817,39.99990934816562,31.736249777024565,49.27187491203364,161
opx,opx_liq,T_C,P,ALL,0.0,1000.0,174,Putirka,Putirka 28b,Putirka 28b,77.2211817285507,60.832962291223545,93.87213374067264,48.372666880605266,40.75236886666583,57.41495697833857,161
opx,opx_liq,P_kbar,P,ALL,0.0,1000.0,174,Putirka,Putirka 29a,Putirka 29a,4.750309233457235,3.813504194268678,5.748618806510647,3.355149583773676,2.823104871519361,4.021260226345897,126
opx,opx_liq,P_kbar,P,ALL,0.0,1000.0,174,Putirka,Putirka 29b,Putirka 29b,4.793246687283613,4.030658300139105,5.569796507212967,3.509592848700381,3.001012941630007,4.100658154536979,139
opx,opx_liq,T_C,T,800<=T<1000,800.0,1000.0,4,v10,RF/raw,v10 RF raw,257.2539510453571,62.153949496920056,358.463494959847,209.80481797368108,61.24553906500938,358.3640968823528,4
opx,opx_liq,T_C,T,800<=T<1000,800.0,1000.0,4,v10,RF/alr,v10 RF alr,258.38237427560307,70.39837864864917,358.56236689903346,212.66604790572438,66.87946806749937,358.4526277439494,4
opx,opx_liq,T_C,T,800<=T<1000,800.0,1000.0,4,v10,RF/pwlr,v10 RF pwlr,256.1549070997161,58.86612747033941,357.4429351647255,207.37943022057803,57.716891364741684,357.0419690764144,4
opx,opx_liq,P_kbar,T,800<=T<1000,800.0,1000.0,4,v10,RF/raw,v10 RF raw,0.27869253292276397,0.08571524204569121,0.38469722262431316,0.2334095627970847,0.08255593351147716,0.3842631920826922,4
opx,opx_liq,P_kbar,T,800<=T<1000,800.0,1000.0,4,v10,RF/alr,v10 RF alr,0.44235150379491756,0.04927554808291833,0.7585599420535492,0.27025353785263084,0.04927102624433588,0.6690608297653907,4
opx,opx_liq,P_kbar,T,800<=T<1000,800.0,1000.0,4,v10,RF/pwlr,v10 RF pwlr,0.18399736786127383,0.06892726192212614,0.2818324229499876,0.14714779645056408,0.04025912879711324,0.2694451821747452,4
opx,opx_liq,T_C,T,800<=T<1000,800.0,1000.0,4,v10,ERT/raw,v10 ERT raw,256.23361073466145,65.67876736216131,356.36726288764396,210.8180976875646,65.37818661691404,356.25800875821517,4
opx,opx_liq,T_C,T,800<=T<1000,800.0,1000.0,4,v10,ERT/alr,v10 ERT alr,262.02157457965575,68.519220150386,364.164423798354,216.24661110229462,68.39471210357937,364.0985101010099,4
opx,opx_liq,T_C,T,800<=T<1000,800.0,1000.0,4,v10,ERT/pwlr,v10 ERT pwlr,261.5412520537733,61.515311364838645,364.7238949114764,212.41437705783792,60.35189736883473,364.4768567468411,4
opx,opx_liq,P_kbar,T,800<=T<1000,800.0,1000.0,4,v10,ERT/raw,v10 ERT raw,0.5246084005455933,0.2769270393401091,0.6944424418654482,0.45019246472658836,0.15146373497584098,0.6840790393411048,4
opx,opx_liq,P_kbar,T,800<=T<1000,800.0,1000.0,4,v10,ERT/alr,v10 ERT alr,0.36461716156822943,0.0861318382031024,0.5084020608415147,0.2943819325106931,0.08140827163788167,0.5073555933835046,4
opx,opx_liq,P_kbar,T,800<=T<1000,800.0,1000.0,4,v10,ERT/pwlr,v10 ERT pwlr,0.2178141751752522,0.03695005434424588,0.305811581367528,0.16589515970800411,0.027462511100930453,0.3043278083150778,4
opx,opx_liq,T_C,T,800<=T<1000,800.0,1000.0,4,v10,XGB/raw,v10 XGB raw,258.4075927883314,53.656753058986446,361.48294686262466,206.9481658935547,53.431915283203125,360.46441650390625,4
opx,opx_liq,T_C,T,800<=T<1000,800.0,1000.0,4,v10,XGB/alr,v10 XGB alr,257.6105832325071,47.70534997362831,361.179491071515,204.11561584472656,47.218719482421875,361.01251220703125,4
opx,opx_liq,T_C,T,800<=T<1000,800.0,1000.0,4,v10,XGB/pwlr,v10 XGB pwlr,257.64599152127545,39.19187570952965,362.2525510915431,200.0554962158203,37.882659912109375,362.22833251953125,4
opx,opx_liq,P_kbar,T,800<=T<1000,800.0,1000.0,4,v10,XGB/raw,v10 XGB raw,0.4681107300688625,0.19556560828645275,0.7128297202133026,0.39248037338256836,0.15749184042217046,0.6870904788374731,4
opx,opx_liq,P_kbar,T,800<=T<1000,800.0,1000.0,4,v10,XGB/alr,v10 XGB alr,0.5168235689541004,0.1878854538179383,0.7886445270574902,0.4240558445453644,0.15055560320616335,0.7293860157951728,4
opx,opx_liq,P_kbar,T,800<=T<1000,800.0,1000.0,4,v10,XGB/pwlr,v10 XGB pwlr,0.5716297692242167,0.1826828576431568,0.8348631071394171,0.4593975841999054,0.154146388173092,0.7777652740478516,4
opx,opx_liq,T_C,T,800<=T<1000,800.0,1000.0,4,v10,GB/raw,v10 GB raw,254.1393883011071,64.81704924117665,353.5143667516055,208.546629789459,63.68984192344084,353.40341765547714,4
opx,opx_liq,T_C,T,800<=T<1000,800.0,1000.0,4,v10,GB/alr,v10 GB alr,262.3904270794041,38.476904206469804,369.0758733492482,200.72659276972,32.39421874365678,369.05896679578325,4
opx,opx_liq,T_C,T,800<=T<1000,800.0,1000.0,4,v10,GB/pwlr,v10 GB pwlr,242.381615871845,28.134355595313167,341.62282338937734,184.66773409118775,27.76763391984025,341.56783426253526,4
opx,opx_liq,P_kbar,T,800<=T<1000,800.0,1000.0,4,v10,GB/raw,v10 GB raw,1.0516238506606657,0.38491491613981016,1.4048321291484955,0.9192174351011146,0.34242529559340684,1.3945134176952312,4
opx,opx_liq,P_kbar,T,800<=T<1000,800.0,1000.0,4,v10,GB/alr,v10 GB alr,1.4438941574943875,0.17379787472188069,2.078149214820394,1.0588190281711212,0.12292740531717339,1.994710651025069,4
opx,opx_liq,P_kbar,T,800<=T<1000,800.0,1000.0,4,v10,GB/pwlr,v10 GB pwlr,0.9060983453201841,0.17631029932889836,1.3807674450479706,0.6750060458335665,0.1376123954336146,1.2529123193412512,4
opx,opx_liq,T_C,T,800<=T<1000,800.0,1000.0,4,v10,CatBoost/raw,v10 CatBoost raw,254.078979914204,53.17879862401647,355.3649834260422,203.30875664358877,51.255828998528614,355.3616842886489,4
opx,opx_liq,T_C,T,800<=T<1000,800.0,1000.0,4,v10,CatBoost/alr,v10 CatBoost alr,253.5645433451839,59.10298887005134,353.69024865032657,206.14569523001674,59.10280663890188,353.1885838211316,4
opx,opx_liq,T_C,T,800<=T<1000,800.0,1000.0,4,v10,CatBoost/pwlr,v10 CatBoost pwlr,260.18576381765797,50.307779042573934,364.5029365513532,207.29322143434246,50.30569442776857,364.28074844091634,4
opx,opx_liq,P_kbar,T,800<=T<1000,800.0,1000.0,4,v10,CatBoost/raw,v10 CatBoost raw,1.3381655467762585,0.2555850775303406,1.8751134177168634,1.0541320643595626,0.25044371071361793,1.8578204180055078,4
opx,opx_liq,P_kbar,T,800<=T<1000,800.0,1000.0,4,v10,CatBoost/alr,v10 CatBoost alr,0.350790090460612,0.16194787270959482,0.4666683606837436,0.3156648547773844,0.16158467114643293,0.4634865102090904,4
opx,opx_liq,P_kbar,T,800<=T<1000,800.0,1000.0,4,v10,CatBoost/pwlr,v10 CatBoost pwlr,0.6176848640555497,0.2828611992006289,0.9283033219359013,0.5280084122875435,0.24781007927945453,0.8871935889175339,4
opx,opx_liq,T_C,T,800<=T<1000,800.0,1000.0,4,v10,LightGBM/raw,v10 LightGBM raw,261.9560717969246,63.02482602554937,365.06141730810214,212.36681148911657,60.655279438611274,364.07834353962187,4
opx,opx_liq,T_C,T,800<=T<1000,800.0,1000.0,4,v10,LightGBM/alr,v10 LightGBM alr,243.44820606370695,36.54529465749223,342.3426638759349,187.5520174031711,32.88107592092666,342.22295888541555,4
opx,opx_liq,T_C,T,800<=T<1000,800.0,1000.0,4,v10,LightGBM/pwlr,v10 LightGBM pwlr,257.2268736938251,74.97606757075832,355.96336664356795,207.6313001606417,59.31252506209597,355.95007525918743,4
opx,opx_liq,P_kbar,T,800<=T<1000,800.0,1000.0,4,v10,LightGBM/raw,v10 LightGBM raw,0.7766770099539544,0.2964357412875557,1.0576295225027181,0.6474552574337537,0.23967017195644846,1.0552403429110588,4
opx,opx_liq,P_kbar,T,800<=T<1000,800.0,1000.0,4,v10,LightGBM/alr,v10 LightGBM alr,1.178974455746977,0.573652264864505,1.6610477997659348,0.9913070891682715,0.37777732501288164,1.5717851726661942,4
opx,opx_liq,P_kbar,T,800<=T<1000,800.0,1000.0,4,v10,LightGBM/pwlr,v10 LightGBM pwlr,0.7338227751728458,0.2686330686486077,1.0157087172609736,0.6234966036526306,0.1821810693919078,0.9808777931976915,4
opx,opx_liq,T_C,T,800<=T<1000,800.0,1000.0,4,v10,ElasticNet/raw,v10 ElasticNet raw,252.52243601612855,58.26635406493526,352.3353422054323,205.23802546264085,58.14107648802326,352.33497443725844,4
opx,opx_liq,T_C,T,800<=T<1000,800.0,1000.0,4,v10,ElasticNet/alr,v10 ElasticNet alr,263.0141234436323,44.42504194501019,369.2956456686547,206.6095545615986,43.9475961736855,369.2715129495117,4
opx,opx_liq,T_C,T,800<=T<1000,800.0,1000.0,4,v10,ElasticNet/pwlr,v10 ElasticNet pwlr,263.0891143153078,39.59660632622975,369.95117638665755,204.5604560907624,39.19318990748434,369.92772227404043,4
opx,opx_liq,P_kbar,T,800<=T<1000,800.0,1000.0,4,v10,ElasticNet/raw,v10 ElasticNet raw,1.6902933146567598,0.3974555729333182,2.817363199012103,1.212355998901798,0.36306682220331365,2.584754776206567,4
opx,opx_liq,P_kbar,T,800<=T<1000,800.0,1000.0,4,v10,ElasticNet/alr,v10 ElasticNet alr,2.348381716199554,1.157174896534138,3.1129952824879026,2.1253947444831134,1.147975708615784,3.102813780350443,4
opx,opx_liq,P_kbar,T,800<=T<1000,800.0,1000.0,4,v10,ElasticNet/pwlr,v10 ElasticNet pwlr,2.2780355000486154,1.1927024646311744,2.99271654351464,2.088114773567631,1.188421970627409,2.987807576507853,4
opx,opx_liq,T_C,T,800<=T<1000,800.0,1000.0,4,v10,MLP/raw,v10 MLP raw,272.60652500537816,120.59489172356759,366.17687944652755,242.7899286770355,119.84298268345901,365.736874670612,4
opx,opx_liq,T_C,T,800<=T<1000,800.0,1000.0,4,v10,MLP/alr,v10 MLP alr,233.43975627643078,70.36595126901663,322.5474732854146,193.57258259522754,65.39084148485352,321.75432370560156,4
opx,opx_liq,T_C,T,800<=T<1000,800.0,1000.0,4,v10,MLP/pwlr,v10 MLP pwlr,188.98857856298693,57.436492972306944,261.0256978336783,153.4912646550637,48.66121095114812,258.3213183589793,4
opx,opx_liq,P_kbar,T,800<=T<1000,800.0,1000.0,4,v10,MLP/raw,v10 MLP raw,1.6646841985265068,0.2844729967404673,2.517071626592351,1.2525738892537086,0.2619205003141145,2.267090325251613,4
opx,opx_liq,P_kbar,T,800<=T<1000,800.0,1000.0,4,v10,MLP/alr,v10 MLP alr,1.1077541949381653,0.5351573877554493,1.3840816076505398,0.9927587420410786,0.3940644022583223,1.3824023092493019,4
opx,opx_liq,P_kbar,T,800<=T<1000,800.0,1000.0,4,v10,MLP/pwlr,v10 MLP pwlr,0.8217567776214488,0.32267180119615907,1.2295259182282843,0.6560580725103352,0.21096993322720992,1.160162499732519,4
opx,opx_liq,T_C,T,800<=T<1000,800.0,1000.0,4,Putirka,Putirka 28a,Putirka 28a,259.22627144854306,86.76655947417926,356.18546261076006,221.4183536062376,86.76248628289272,356.07422092958245,4
opx,opx_liq,T_C,T,800<=T<1000,800.0,1000.0,4,Putirka,Putirka 28b,Putirka 28b,268.29677249141645,102.40504734200753,365.34849464244814,233.76289498780238,102.27771511927858,365.2480748563262,4
opx,opx_liq,P_kbar,T,800<=T<1000,800.0,1000.0,4,Putirka,Putirka 29a,Putirka 29a,4.736703272725361,2.897563978756222,6.039605846138364,4.459363817834659,2.896711863038633,6.022015772630686,4
opx,opx_liq,P_kbar,T,800<=T<1000,800.0,1000.0,4,Putirka,Putirka 29b,Putirka 29b,10.47270287745282,4.490286779644614,14.113551493347305,9.291673688368535,4.4724969015246385,14.110850475212434,4
opx,opx_liq,T_C,T,1000<=T<1200,1000.0,1200.0,31,v10,RF/raw,v10 RF raw,99.76502890397938,65.10969038450578,129.11944453145884,73.93249202902156,51.52819699137883,98.80155070871123,31
opx,opx_liq,T_C,T,1000<=T<1200,1000.0,1200.0,31,v10,RF/alr,v10 RF alr,101.69658454720697,66.9371854042225,132.81583238150142,72.56338520949802,49.23640282333155,97.37596033628965,31
opx,opx_liq,T_C,T,1000<=T<1200,1000.0,1200.0,31,v10,RF/pwlr,v10 RF pwlr,97.20387668312317,61.4976094126797,127.00622680675062,70.47094152419044,49.08964509921338,95.9474752899829,31
opx,opx_liq,P_kbar,T,1000<=T<1200,1000.0,1200.0,31,v10,RF/raw,v10 RF raw,3.32119300809792,2.747453590232713,3.8272180985998983,2.9904971631040627,2.5015549211516563,3.4232005364255436,31
opx,opx_liq,P_kbar,T,1000<=T<1200,1000.0,1200.0,31,v10,RF/alr,v10 RF alr,2.854686238124092,2.3418119290186517,3.3323093026121384,2.43005593621292,1.9173062937384389,2.9365948136376816,31
opx,opx_liq,P_kbar,T,1000<=T<1200,1000.0,1200.0,31,v10,RF/pwlr,v10 RF pwlr,3.2243738550006635,2.7155055257912375,3.7074145511422056,2.819175515964974,2.254046277586398,3.358237116069335,31
opx,opx_liq,T_C,T,1000<=T<1200,1000.0,1200.0,31,v10,ERT/raw,v10 ERT raw,107.36361663038652,72.82260256414165,139.69880222848923,81.54126845249586,58.250911352032475,109.92101967325831,31
opx,opx_liq,T_C,T,1000<=T<1200,1000.0,1200.0,31,v10,ERT/alr,v10 ERT alr,108.2241782930031,70.80032029119549,142.53935035511057,79.3177541158563,54.73758052745024,109.02277203088548,31
opx,opx_liq,T_C,T,1000<=T<1200,1000.0,1200.0,31,v10,ERT/pwlr,v10 ERT pwlr,95.10718991473463,55.22531831027545,128.13357180786844,64.72751460252668,42.303116912736314,90.90898873280442,31
opx,opx_liq,P_kbar,T,1000<=T<1200,1000.0,1200.0,31,v10,ERT/raw,v10 ERT raw,3.013596591432796,2.6120084275976727,3.3798478564009335,2.7309687255679433,2.3014755108750133,3.156319196699457,31
opx,opx_liq,P_kbar,T,1000<=T<1200,1000.0,1200.0,31,v10,ERT/alr,v10 ERT alr,3.3921011131028433,2.865009473339902,3.877884764986882,2.9755307436022993,2.4335306956857075,3.5217660993336843,31
opx,opx_liq,P_kbar,T,1000<=T<1200,1000.0,1200.0,31,v10,ERT/pwlr,v10 ERT pwlr,3.5614997741773182,3.0314159982020183,4.07344773454768,3.111860906844925,2.5448542081939545,3.6934493841221636,31
opx,opx_liq,T_C,T,1000<=T<1200,1000.0,1200.0,31,v10,XGB/raw,v10 XGB raw,93.1209465290286,59.75616084053081,121.01147277889022,68.05035203503024,47.728862639396425,91.71961325368574,31
opx,opx_liq,T_C,T,1000<=T<1200,1000.0,1200.0,31,v10,XGB/alr,v10 XGB alr,103.0563421434949,66.15560847982762,132.5526681407869,75.32205495526713,53.37065582275391,100.20196926978326,31
opx,opx_liq,T_C,T,1000<=T<1200,1000.0,1200.0,31,v10,XGB/pwlr,v10 XGB pwlr,103.77038213426425,69.46056319902564,133.2058069101338,76.61722097089213,53.56243281210622,101.2198245140814,31
opx,opx_liq,P_kbar,T,1000<=T<1200,1000.0,1200.0,31,v10,XGB/raw,v10 XGB raw,3.0438232742124436,2.3798858744585716,3.7277569317436434,2.5480024455873314,2.0189046360551433,3.1287709464851527,31
opx,opx_liq,P_kbar,T,1000<=T<1200,1000.0,1200.0,31,v10,XGB/alr,v10 XGB alr,3.364300368488457,2.788877731268236,3.925762280166383,2.9333545245327373,2.383592680778061,3.5228889615263292,31
opx,opx_liq,P_kbar,T,1000<=T<1200,1000.0,1200.0,31,v10,XGB/pwlr,v10 XGB pwlr,3.118869250872499,2.6418180994002163,3.552436140277149,2.7320472181661555,2.2230675036282,3.234778832120309,31
opx,opx_liq,T_C,T,1000<=T<1200,1000.0,1200.0,31,v10,GB/raw,v10 GB raw,92.31000768308087,57.61419456466575,121.14322158542996,63.98661883789469,43.45585157653481,88.21733382743597,31
opx,opx_liq,T_C,T,1000<=T<1200,1000.0,1200.0,31,v10,GB/alr,v10 GB alr,108.16025503232238,72.5826764729065,138.91218081558296,77.4350396377194,53.018069793634155,104.74139388266788,31
opx,opx_liq,T_C,T,1000<=T<1200,1000.0,1200.0,31,v10,GB/pwlr,v10 GB pwlr,97.41616016223776,63.91795889372088,126.41382014179476,70.3744250512171,47.57065221539629,96.75757503329947,31
opx,opx_liq,P_kbar,T,1000<=T<1200,1000.0,1200.0,31,v10,GB/raw,v10 GB raw,3.215831149643854,2.5128082099410576,3.8796037877567273,2.660130374151387,2.035244955008363,3.324726889348389,31
opx,opx_liq,P_kbar,T,1000<=T<1200,1000.0,1200.0,31,v10,GB/alr,v10 GB alr,3.168371709121947,2.5030258204322338,3.872285698095459,2.678591172102838,2.089025685991176,3.292599073528587,31
opx,opx_liq,P_kbar,T,1000<=T<1200,1000.0,1200.0,31,v10,GB/pwlr,v10 GB pwlr,3.2437072561506097,2.707666787506058,3.733487480600742,2.862333560914347,2.344836232564336,3.3742038505277034,31
opx,opx_liq,T_C,T,1000<=T<1200,1000.0,1200.0,31,v10,CatBoost/raw,v10 CatBoost raw,97.17392498549185,60.32177739754714,126.58851315193004,68.76674802135643,44.78793271375962,92.48645156817506,31
opx,opx_liq,T_C,T,1000<=T<1200,1000.0,1200.0,31,v10,CatBoost/alr,v10 CatBoost alr,102.80961478306337,72.30557442070753,130.88634408070612,79.45331198551348,58.157917813210986,102.74026596484148,31
opx,opx_liq,T_C,T,1000<=T<1200,1000.0,1200.0,31,v10,CatBoost/pwlr,v10 CatBoost pwlr,95.92830786664021,61.103902185145785,126.25201214713104,72.9147425163395,54.367971455999516,97.19953841584045,31
opx,opx_liq,P_kbar,T,1000<=T<1200,1000.0,1200.0,31,v10,CatBoost/raw,v10 CatBoost raw,3.2982984698706455,2.8187025012589815,3.7356335190370613,2.9323553643966744,2.4027125021309943,3.4409349753030467,31
opx,opx_liq,P_kbar,T,1000<=T<1200,1000.0,1200.0,31,v10,CatBoost/alr,v10 CatBoost alr,3.338756733112246,2.764963454879816,3.8396154926958608,2.855048083837657,2.2802269543136515,3.4295942704378364,31
opx,opx_liq,P_kbar,T,1000<=T<1200,1000.0,1200.0,31,v10,CatBoost/pwlr,v10 CatBoost pwlr,3.2090655479656167,2.7059491101991107,3.6322979910489983,2.8573044125432494,2.3548083887473004,3.3201969184963964,31
opx,opx_liq,T_C,T,1000<=T<1200,1000.0,1200.0,31,v10,LightGBM/raw,v10 LightGBM raw,96.0221683483499,63.052585268980785,123.15841001470207,69.72007393740363,47.66914374861596,92.38828321215315,31
opx,opx_liq,T_C,T,1000<=T<1200,1000.0,1200.0,31,v10,LightGBM/alr,v10 LightGBM alr,108.4860227808186,75.55792251789205,137.38540134293004,83.0136085667543,59.35590117405966,108.77708457210969,31
opx,opx_liq,T_C,T,1000<=T<1200,1000.0,1200.0,31,v10,LightGBM/pwlr,v10 LightGBM pwlr,98.8100280986471,63.20042371333203,129.88416955769281,70.69786944310862,48.25698123546838,96.0292259175875,31
opx,opx_liq,P_kbar,T,1000<=T<1200,1000.0,1200.0,31,v10,LightGBM/raw,v10 LightGBM raw,3.28536821253659,2.608415128702507,3.9242601108926363,2.8438802224670505,2.306725997112611,3.402475568309557,31
opx,opx_liq,P_kbar,T,1000<=T<1200,1000.0,1200.0,31,v10,LightGBM/alr,v10 LightGBM alr,3.294840546224553,2.7991029350137695,3.8262564224229343,2.903255012403316,2.406878955537701,3.4674333591335205,31
opx,opx_liq,P_kbar,T,1000<=T<1200,1000.0,1200.0,31,v10,LightGBM/pwlr,v10 LightGBM pwlr,3.405482660303685,2.8501929718442693,3.956985118729455,2.914525743122328,2.2986874888220075,3.5424838027432504,31
opx,opx_liq,T_C,T,1000<=T<1200,1000.0,1200.0,31,v10,ElasticNet/raw,v10 ElasticNet raw,89.7012413160999,52.05956743363465,121.72771514630989,57.90755566317278,37.98752396564611,84.09039934359885,31
opx,opx_liq,T_C,T,1000<=T<1200,1000.0,1200.0,31,v10,ElasticNet/alr,v10 ElasticNet alr,89.57173508137309,48.443835987834724,124.06937647609104,59.48525332564213,39.169383333391565,85.56710993715316,31
opx,opx_liq,T_C,T,1000<=T<1200,1000.0,1200.0,31,v10,ElasticNet/pwlr,v10 ElasticNet pwlr,89.98475226832949,49.28256174474917,124.39549256078529,60.48236331496041,40.374150867456684,86.52378217233527,31
opx,opx_liq,P_kbar,T,1000<=T<1200,1000.0,1200.0,31,v10,ElasticNet/raw,v10 ElasticNet raw,4.0935817232658716,3.2950738701689777,4.840844286086638,3.5563076725644467,2.8914036303036186,4.224596508187134,31
opx,opx_liq,P_kbar,T,1000<=T<1200,1000.0,1200.0,31,v10,ElasticNet/alr,v10 ElasticNet alr,4.753721359011512,3.713154954147924,5.648799464877368,4.034462764297727,3.0655149385519134,4.885113499132715,31
opx,opx_liq,P_kbar,T,1000<=T<1200,1000.0,1200.0,31,v10,ElasticNet/pwlr,v10 ElasticNet pwlr,4.824620708093833,3.791692101413317,5.740315076789994,4.090920232345675,3.128951979966153,4.945952304052136,31
opx,opx_liq,T_C,T,1000<=T<1200,1000.0,1200.0,31,v10,MLP/raw,v10 MLP raw,129.59682640330928,93.6448625683191,163.05571559081957,99.84927109704029,71.2708782363271,129.70498945062607,31
opx,opx_liq,T_C,T,1000<=T<1200,1000.0,1200.0,31,v10,MLP/alr,v10 MLP alr,122.86580356236169,93.56925738289026,148.07636184140208,94.28535073040257,68.03651565836283,121.83974595018992,31
opx,opx_liq,T_C,T,1000<=T<1200,1000.0,1200.0,31,v10,MLP/pwlr,v10 MLP pwlr,172.34659651278136,123.51820471921536,215.1362393301061,134.966856775141,98.31465991754132,175.0695001948768,31
opx,opx_liq,P_kbar,T,1000<=T<1200,1000.0,1200.0,31,v10,MLP/raw,v10 MLP raw,3.337447886888295,2.5254171818978537,4.126182973267768,2.6238322811361225,1.9495373795318636,3.4077277222974334,31
opx,opx_liq,P_kbar,T,1000<=T<1200,1000.0,1200.0,31,v10,MLP/alr,v10 MLP alr,3.7721803133612433,3.220778204048538,4.300162772578201,3.3721891453129595,2.7785107099203192,3.946404098782893,31
opx,opx_liq,P_kbar,T,1000<=T<1200,1000.0,1200.0,31,v10,MLP/pwlr,v10 MLP pwlr,4.316519967742287,3.4106003727739513,5.135851088994549,3.5716254993673533,2.728829044095057,4.424734330946061,29
opx,opx_liq,T_C,T,1000<=T<1200,1000.0,1200.0,31,Putirka,Putirka 28a,Putirka 28a,98.28473438544997,57.505353347681094,132.27309631464098,60.40573432942677,37.46286238978412,87.5590621600187,31
opx,opx_liq,T_C,T,1000<=T<1200,1000.0,1200.0,31,Putirka,Putirka 28b,Putirka 28b,100.46575447695658,58.839335969159,134.8173642105902,59.84714876525447,34.62986812238235,86.89527657735192,31
opx,opx_liq,P_kbar,T,1000<=T<1200,1000.0,1200.0,31,Putirka,Putirka 29a,Putirka 29a,3.8516790236128755,2.1664432355643757,5.3045365598602165,2.763970210072331,1.7747007972225441,3.902267877897111,24
opx,opx_liq,P_kbar,T,1000<=T<1200,1000.0,1200.0,31,Putirka,Putirka 29b,Putirka 29b,5.7272732077541075,3.4645112233399473,7.60781949062346,4.061270064483219,2.6487294494060847,5.6580584662916005,29
opx,opx_liq,T_C,T,1200<=T<1400,1200.0,1400.0,109,v10,RF/raw,v10 RF raw,56.73829061328462,45.606854424586686,67.87089737016801,39.10988806262835,31.446263520844713,47.0893438416993,109
opx,opx_liq,T_C,T,1200<=T<1400,1200.0,1400.0,109,v10,RF/alr,v10 RF alr,60.73916143289791,50.34525422386809,71.52726285864811,43.88582432818844,36.47903806176255,51.97137558579994,109
opx,opx_liq,T_C,T,1200<=T<1400,1200.0,1400.0,109,v10,RF/pwlr,v10 RF pwlr,56.99830374711684,46.460447563339144,67.8553075640809,40.40623225411516,33.19468856163539,48.676805828392645,109
opx,opx_liq,P_kbar,T,1200<=T<1400,1200.0,1400.0,109,v10,RF/raw,v10 RF raw,5.128546567514551,4.36792343527128,5.814213263012708,3.778462680623103,3.1904833839889646,4.360717509776249,109
opx,opx_liq,P_kbar,T,1200<=T<1400,1200.0,1400.0,109,v10,RF/alr,v10 RF alr,4.635732089690605,3.9121002021607274,5.313676019016839,3.500608135368365,2.9287981358401436,4.068983576138612,109
opx,opx_liq,P_kbar,T,1200<=T<1400,1200.0,1400.0,109,v10,RF/pwlr,v10 RF pwlr,5.126895103492062,4.5496714050473095,5.7252802322769245,3.995110642274334,3.4258923903972116,4.603298106057919,109
opx,opx_liq,T_C,T,1200<=T<1400,1200.0,1400.0,109,v10,ERT/raw,v10 ERT raw,53.66416872464081,43.00081854303356,64.80945229497279,38.53255181650888,31.774226739405997,46.62041493903443,109
opx,opx_liq,T_C,T,1200<=T<1400,1200.0,1400.0,109,v10,ERT/alr,v10 ERT alr,58.16618308265493,47.28031658389988,68.94813903856054,41.946908823185645,34.607766571511846,49.509749182067544,109
opx,opx_liq,T_C,T,1200<=T<1400,1200.0,1400.0,109,v10,ERT/pwlr,v10 ERT pwlr,53.73775467346939,43.59148833711549,63.65473577643483,37.67639337983269,30.591571717657907,45.27430587009952,109
opx,opx_liq,P_kbar,T,1200<=T<1400,1200.0,1400.0,109,v10,ERT/raw,v10 ERT raw,4.836177235249769,4.185933043310923,5.460645544808499,3.7073549026097345,3.1804632762578597,4.2475429400305895,109
opx,opx_liq,P_kbar,T,1200<=T<1400,1200.0,1400.0,109,v10,ERT/alr,v10 ERT alr,5.492808299078677,4.851602295821537,6.109097082145348,4.310343793498974,3.6745984881274105,4.914862980489327,109
opx,opx_liq,P_kbar,T,1200<=T<1400,1200.0,1400.0,109,v10,ERT/pwlr,v10 ERT pwlr,6.057031392895638,5.342531608412502,6.745543541223351,4.6021068505022535,3.9078722830975927,5.304029860372273,109
opx,opx_liq,T_C,T,1200<=T<1400,1200.0,1400.0,109,v10,XGB/raw,v10 XGB raw,61.61791965525786,49.77225105028297,73.30118370596647,43.53317736704415,35.75459650722119,51.72819079477853,109
opx,opx_liq,T_C,T,1200<=T<1400,1200.0,1400.0,109,v10,XGB/alr,v10 XGB alr,65.56729928515452,53.86995247523131,76.82248374679804,48.53078747670585,40.00847529140088,57.1014969292037,109
opx,opx_liq,T_C,T,1200<=T<1400,1200.0,1400.0,109,v10,XGB/pwlr,v10 XGB pwlr,60.91397809299747,50.38295591677235,71.49961955525191,44.25573058522075,36.92623296615181,52.84633052720935,109
opx,opx_liq,P_kbar,T,1200<=T<1400,1200.0,1400.0,109,v10,XGB/raw,v10 XGB raw,4.466583123069555,3.807629495387087,5.07640342709035,3.3771899340658225,2.854050641778785,3.903803410827253,109
opx,opx_liq,P_kbar,T,1200<=T<1400,1200.0,1400.0,109,v10,XGB/alr,v10 XGB alr,4.202123133326024,3.5869114577020365,4.8405999769864625,3.1504731958374323,2.66906876124935,3.696147189303896,109
opx,opx_liq,P_kbar,T,1200<=T<1400,1200.0,1400.0,109,v10,XGB/pwlr,v10 XGB pwlr,4.512689491048182,3.953505797936057,5.095128453733415,3.5640451747651576,3.061095412990249,4.131746668481181,109
opx,opx_liq,T_C,T,1200<=T<1400,1200.0,1400.0,109,v10,GB/raw,v10 GB raw,60.64979366774986,47.30035403567748,74.0582057931015,41.943921089781774,34.00433028552156,50.60521714715499,109
opx,opx_liq,T_C,T,1200<=T<1400,1200.0,1400.0,109,v10,GB/alr,v10 GB alr,69.81378188268184,57.98364788316312,82.09201242850011,52.953639761437934,44.63315914467106,61.227059356428526,109
opx,opx_liq,T_C,T,1200<=T<1400,1200.0,1400.0,109,v10,GB/pwlr,v10 GB pwlr,62.90317865914808,51.92768459665875,74.29345039104264,46.02297482077404,38.53163371823945,55.00509679423081,109
opx,opx_liq,P_kbar,T,1200<=T<1400,1200.0,1400.0,109,v10,GB/raw,v10 GB raw,4.703554252777268,4.027347264443529,5.331377012688013,3.5637233446179826,3.0216140834114085,4.11416219228168,109
opx,opx_liq,P_kbar,T,1200<=T<1400,1200.0,1400.0,109,v10,GB/alr,v10 GB alr,4.390463430256806,3.8166183698956107,5.032493025513479,3.434655069425816,2.9604860650101283,3.9810342018836473,109
opx,opx_liq,P_kbar,T,1200<=T<1400,1200.0,1400.0,109,v10,GB/pwlr,v10 GB pwlr,4.3190563825213575,3.7483445680181067,4.863969389493686,3.3592394861363077,2.8633755556244047,3.8464608752970646,109
opx,opx_liq,T_C,T,1200<=T<1400,1200.0,1400.0,109,v10,CatBoost/raw,v10 CatBoost raw,58.93542869268874,48.033155225496536,70.109326508782,42.98451232567258,35.66141635864609,50.88040852069268,109
opx,opx_liq,T_C,T,1200<=T<1400,1200.0,1400.0,109,v10,CatBoost/alr,v10 CatBoost alr,71.56913911728427,58.10187214327528,86.4099469867221,52.860838861652006,44.26679199631731,62.77163394981959,109
opx,opx_liq,T_C,T,1200<=T<1400,1200.0,1400.0,109,v10,CatBoost/pwlr,v10 CatBoost pwlr,57.64270247831592,46.880866724364594,68.95156443708176,41.04117524891785,33.17507635233824,49.218237497076395,109
opx,opx_liq,P_kbar,T,1200<=T<1400,1200.0,1400.0,109,v10,CatBoost/raw,v10 CatBoost raw,4.6986002889722975,4.138180902462089,5.2581467469834795,3.68597985804788,3.180539531693367,4.227744456629633,109
opx,opx_liq,P_kbar,T,1200<=T<1400,1200.0,1400.0,109,v10,CatBoost/alr,v10 CatBoost alr,4.44209828662383,3.884148850464706,5.041088453605028,3.500181263459043,3.0065239038319174,4.002130961194727,109
opx,opx_liq,P_kbar,T,1200<=T<1400,1200.0,1400.0,109,v10,CatBoost/pwlr,v10 CatBoost pwlr,4.089025334280128,3.616552506917376,4.641597094227915,3.2207775769694047,2.7840104782262194,3.7212313116438933,109
opx,opx_liq,T_C,T,1200<=T<1400,1200.0,1400.0,109,v10,LightGBM/raw,v10 LightGBM raw,60.29432458727657,48.428546996436275,72.1801180994942,42.40390944448902,34.76578688444708,51.189961231282474,109
opx,opx_liq,T_C,T,1200<=T<1400,1200.0,1400.0,109,v10,LightGBM/alr,v10 LightGBM alr,69.17385792290841,57.631237815507866,81.04695795393974,50.531602777943164,41.88780881679102,59.539798381558974,109
opx,opx_liq,T_C,T,1200<=T<1400,1200.0,1400.0,109,v10,LightGBM/pwlr,v10 LightGBM pwlr,63.766816116207536,53.13240126483545,75.02207422491323,47.568012935310406,40.0062585955822,55.94925727655926,109
opx,opx_liq,P_kbar,T,1200<=T<1400,1200.0,1400.0,109,v10,LightGBM/raw,v10 LightGBM raw,4.953552922815821,4.285582058945878,5.610347731356046,3.7385913236881434,3.180725964947557,4.320286066871798,109
opx,opx_liq,P_kbar,T,1200<=T<1400,1200.0,1400.0,109,v10,LightGBM/alr,v10 LightGBM alr,4.32324326565735,3.713266527049161,4.978320493169447,3.304692458331215,2.794879836640288,3.848161532700318,109
opx,opx_liq,P_kbar,T,1200<=T<1400,1200.0,1400.0,109,v10,LightGBM/pwlr,v10 LightGBM pwlr,4.5158434444432975,3.953197480910621,5.086926284688232,3.4924273833554595,2.9964320757684533,4.035578602201575,109
opx,opx_liq,T_C,T,1200<=T<1400,1200.0,1400.0,109,v10,ElasticNet/raw,v10 ElasticNet raw,52.060431142769204,41.8453845023994,63.27850634064598,37.07010774989131,30.790274773710994,44.610751431788486,109
opx,opx_liq,T_C,T,1200<=T<1400,1200.0,1400.0,109,v10,ElasticNet/alr,v10 ElasticNet alr,61.337820601716054,49.25848390279891,71.86927121749216,43.7890972163395,35.891175976837204,51.60097561005907,109
opx,opx_liq,T_C,T,1200<=T<1400,1200.0,1400.0,109,v10,ElasticNet/pwlr,v10 ElasticNet pwlr,65.10617620766527,50.892444392377584,77.89578208996247,45.57272056790992,37.28939240011022,54.04670618543867,109
opx,opx_liq,P_kbar,T,1200<=T<1400,1200.0,1400.0,109,v10,ElasticNet/raw,v10 ElasticNet raw,3.9338215712369298,3.1019226666444673,4.9261893326304,2.8589585359566567,2.3762906298553035,3.442750593150981,109
opx,opx_liq,P_kbar,T,1200<=T<1400,1200.0,1400.0,109,v10,ElasticNet/alr,v10 ElasticNet alr,6.613232821364267,5.716878006883958,7.433632178812093,5.241261445625164,4.521542779071635,5.930279269761599,109
opx,opx_liq,P_kbar,T,1200<=T<1400,1200.0,1400.0,109,v10,ElasticNet/pwlr,v10 ElasticNet pwlr,6.821120290441855,5.877491706848383,7.732948816760766,5.381111322663404,4.646027624575327,6.112577963487112,109
opx,opx_liq,T_C,T,1200<=T<1400,1200.0,1400.0,109,v10,MLP/raw,v10 MLP raw,104.40105624851778,78.87209362138825,129.86594990100906,73.37543032992932,59.117946433978574,88.20297650361536,109
opx,opx_liq,T_C,T,1200<=T<1400,1200.0,1400.0,109,v10,MLP/alr,v10 MLP alr,95.42971300334892,83.77158713360355,106.08855183170162,77.19762507254107,66.96757676491715,87.13987952089984,109
opx,opx_liq,T_C,T,1200<=T<1400,1200.0,1400.0,109,v10,MLP/pwlr,v10 MLP pwlr,148.66015570613584,124.17499799436293,169.5882923576025,112.65567137019495,94.10211372107977,131.6071870134694,109
opx,opx_liq,P_kbar,T,1200<=T<1400,1200.0,1400.0,109,v10,MLP/raw,v10 MLP raw,3.442908567150231,2.65159216697898,4.297348662242026,2.2058060017332632,1.7412646562020413,2.7883666536901157,109
opx,opx_liq,P_kbar,T,1200<=T<1400,1200.0,1400.0,109,v10,MLP/alr,v10 MLP alr,5.545569505920164,4.691603988850913,6.373478496884137,4.062461443960373,3.3972948110539116,4.762569875767774,106
opx,opx_liq,P_kbar,T,1200<=T<1400,1200.0,1400.0,109,v10,MLP/pwlr,v10 MLP pwlr,5.855409764706985,5.021620433882239,6.671073364940474,4.255847206471395,3.588364710517684,4.9976336347095085,106
opx,opx_liq,T_C,T,1200<=T<1400,1200.0,1400.0,109,Putirka,Putirka 28a,Putirka 28a,39.401232206801986,29.943916129253008,48.07486426964824,26.325582080859128,21.09332679904943,32.43955371844139,97
opx,opx_liq,T_C,T,1200<=T<1400,1200.0,1400.0,109,Putirka,Putirka 28b,Putirka 28b,43.713688225053396,36.54996173092704,51.41848113674983,34.25218729719743,29.70642443565207,39.38355856892336,97
opx,opx_liq,P_kbar,T,1200<=T<1400,1200.0,1400.0,109,Putirka,Putirka 29a,Putirka 29a,3.93256021573316,3.084997612104068,4.931201896014879,2.9739878582370642,2.4105035186367103,3.5542640984255685,78
opx,opx_liq,P_kbar,T,1200<=T<1400,1200.0,1400.0,109,Putirka,Putirka 29b,Putirka 29b,3.81687412947914,3.311670500011092,4.321726722501296,3.1039547126959053,2.6214849315858677,3.5812485686718944,79
opx,opx_liq,T_C,T,T>=1400,1400.0,5000.0,30,v10,RF/raw,v10 RF raw,118.78508909408492,92.5910080728377,148.4425862968969,96.10883366875954,74.49455203762965,122.87734536256075,30
opx,opx_liq,T_C,T,T>=1400,1400.0,5000.0,30,v10,RF/alr,v10 RF alr,104.76086566365339,82.85139958269744,128.34600457451387,85.63361662490837,68.13703829003553,108.39234459991057,30
opx,opx_liq,T_C,T,T>=1400,1400.0,5000.0,30,v10,RF/pwlr,v10 RF pwlr,107.1592752423997,88.4056158044814,126.31790518855051,91.36916996654828,72.86220079083624,111.76263594598268,30
opx,opx_liq,P_kbar,T,T>=1400,1400.0,5000.0,30,v10,RF/raw,v10 RF raw,7.9684941723017895,5.8846516927359325,9.95377488042211,6.349480685805982,4.858369336192175,8.15452895684174,30
opx,opx_liq,P_kbar,T,T>=1400,1400.0,5000.0,30,v10,RF/alr,v10 RF alr,7.893644627843345,5.278736762509783,10.273807011643628,5.856958807044617,4.210743211412279,7.938206529008172,30
opx,opx_liq,P_kbar,T,T>=1400,1400.0,5000.0,30,v10,RF/pwlr,v10 RF pwlr,7.318521455646389,5.837827079382183,8.939439656035574,5.866314569564086,4.556980403802944,7.5423284436556965,30
opx,opx_liq,T_C,T,T>=1400,1400.0,5000.0,30,v10,ERT/raw,v10 ERT raw,129.6539768174496,100.37165981410264,159.8449794815942,104.8506112281689,81.33104514453814,133.36328435221003,30
opx,opx_liq,T_C,T,T>=1400,1400.0,5000.0,30,v10,ERT/alr,v10 ERT alr,123.99096172811925,94.52151685817375,154.8753571631481,97.14620247151257,73.61390226772137,126.97199336632758,30
opx,opx_liq,T_C,T,T>=1400,1400.0,5000.0,30,v10,ERT/pwlr,v10 ERT pwlr,120.68787819231814,98.45286595789564,144.94394980403567,100.80196985642537,80.59339337955944,124.54653367380187,30
opx,opx_liq,P_kbar,T,T>=1400,1400.0,5000.0,30,v10,ERT/raw,v10 ERT raw,9.753556675448019,6.401829615498635,12.700474739660953,6.594866908674695,4.409395418374895,9.169763280128727,30
opx,opx_liq,P_kbar,T,T>=1400,1400.0,5000.0,30,v10,ERT/alr,v10 ERT alr,11.616129619666328,7.611208636379542,15.079153301688462,8.039492192575302,5.477382598342205,11.21644066567042,30
opx,opx_liq,P_kbar,T,T>=1400,1400.0,5000.0,30,v10,ERT/pwlr,v10 ERT pwlr,10.432267948530734,7.46820636970557,13.28048483277819,7.5943548707738495,5.321359872813023,10.315461883373523,30
opx,opx_liq,T_C,T,T>=1400,1400.0,5000.0,30,v10,XGB/raw,v10 XGB raw,110.65862849083348,85.82716002835619,136.9904793616926,91.29980875651042,71.61334279378255,114.14818277994792,30
opx,opx_liq,T_C,T,T>=1400,1400.0,5000.0,30,v10,XGB/alr,v10 XGB alr,110.59137468254899,87.41753626419806,134.9507415735401,89.61473388671875,70.04468322753907,113.79894002278644,30
opx,opx_liq,T_C,T,T>=1400,1400.0,5000.0,30,v10,XGB/pwlr,v10 XGB pwlr,109.89273894921949,90.40719849021151,130.29918212103178,94.492919921875,76.64569793701172,115.4330546061198,30
opx,opx_liq,P_kbar,T,T>=1400,1400.0,5000.0,30,v10,XGB/raw,v10 XGB raw,6.9163889127934715,4.554522323484239,9.157343771877303,4.969383083391208,3.441295715707956,6.689289878713676,30
opx,opx_liq,P_kbar,T,T>=1400,1400.0,5000.0,30,v10,XGB/alr,v10 XGB alr,7.472238415234913,5.041451914961803,9.6375855201363,5.359796081590671,3.6383543457667473,7.375818595496813,30
opx,opx_liq,P_kbar,T,T>=1400,1400.0,5000.0,30,v10,XGB/pwlr,v10 XGB pwlr,8.152539627884165,5.86893956901945,10.3582825663037,5.967283736276613,4.185437553372786,8.03276237345652,30
opx,opx_liq,T_C,T,T>=1400,1400.0,5000.0,30,v10,GB/raw,v10 GB raw,110.88347585707929,87.3971150212334,136.1255607025293,92.03771361996186,72.01463012563148,115.03049511006967,30
opx,opx_liq,T_C,T,T>=1400,1400.0,5000.0,30,v10,GB/alr,v10 GB alr,107.92071664932848,85.5625664863581,131.94678099989912,87.3164976081114,67.9847809696987,111.14237378836296,30
opx,opx_liq,T_C,T,T>=1400,1400.0,5000.0,30,v10,GB/pwlr,v10 GB pwlr,113.88062968591724,93.76722020723763,136.47837161328354,95.96142414606386,75.07933845894584,119.6386464393605,30
opx,opx_liq,P_kbar,T,T>=1400,1400.0,5000.0,30,v10,GB/raw,v10 GB raw,6.325670870757678,4.212938841205115,8.227181809185367,4.6001664731362615,3.0712635938428785,6.286709812234985,30
opx,opx_liq,P_kbar,T,T>=1400,1400.0,5000.0,30,v10,GB/alr,v10 GB alr,8.446824104032672,5.717151509194025,10.988680191108998,6.1561504568283185,4.341182805586264,8.317293789094403,30
opx,opx_liq,P_kbar,T,T>=1400,1400.0,5000.0,30,v10,GB/pwlr,v10 GB pwlr,8.31104637312628,5.677077592208297,10.799408948172323,5.8761875798889145,4.031618574205988,7.992882718298244,30
opx,opx_liq,T_C,T,T>=1400,1400.0,5000.0,30,v10,CatBoost/raw,v10 CatBoost raw,136.3565726223334,107.18044685256673,165.57733137398336,112.51707352054628,88.28671584145515,139.78540456692858,30
opx,opx_liq,T_C,T,T>=1400,1400.0,5000.0,30,v10,CatBoost/alr,v10 CatBoost alr,128.50008482595084,105.49331191164758,152.59638944469623,108.29765641344598,86.43454684823016,132.5634035721363,30
opx,opx_liq,T_C,T,T>=1400,1400.0,5000.0,30,v10,CatBoost/pwlr,v10 CatBoost pwlr,118.70671235902357,98.36754013664334,140.75184938180348,100.61809713748514,81.0220905541997,123.8992135003725,30
opx,opx_liq,P_kbar,T,T>=1400,1400.0,5000.0,30,v10,CatBoost/raw,v10 CatBoost raw,9.098309308518614,5.625888282942624,12.041686320134637,5.848527828624179,3.667746327462806,8.307043695529027,30
opx,opx_liq,P_kbar,T,T>=1400,1400.0,5000.0,30,v10,CatBoost/alr,v10 CatBoost alr,8.240528773875731,5.2244246506623435,10.78330356361961,5.71968573277844,3.808380681862164,7.940259464575264,30
opx,opx_liq,P_kbar,T,T>=1400,1400.0,5000.0,30,v10,CatBoost/pwlr,v10 CatBoost pwlr,9.34027306930602,6.284289037426818,12.001377934162504,6.695353464725377,4.6221488132671436,8.984739321989139,30
opx,opx_liq,T_C,T,T>=1400,1400.0,5000.0,30,v10,LightGBM/raw,v10 LightGBM raw,109.7226239439247,84.9862729419677,134.72072873558275,90.5754566098279,70.80791054779368,113.77406176438087,30
opx,opx_liq,T_C,T,T>=1400,1400.0,5000.0,30,v10,LightGBM/alr,v10 LightGBM alr,115.94548262991208,89.3157650344895,143.66635956961008,91.6491831689902,69.13228374432444,119.29458194044167,30
opx,opx_liq,T_C,T,T>=1400,1400.0,5000.0,30,v10,LightGBM/pwlr,v10 LightGBM pwlr,108.07614830060965,88.58508609472634,127.62764753666261,92.11533667901786,73.44014394334731,112.38747983525681,30
opx,opx_liq,P_kbar,T,T>=1400,1400.0,5000.0,30,v10,LightGBM/raw,v10 LightGBM raw,6.752250167865596,4.452597658586378,8.833142945227278,5.153308531736507,3.6620972368766775,6.816289691135981,30
opx,opx_liq,P_kbar,T,T>=1400,1400.0,5000.0,30,v10,LightGBM/alr,v10 LightGBM alr,9.035752175006285,5.746516629050163,11.901430040656312,6.335968086486349,4.319211761747049,8.812401054821464,30
opx,opx_liq,P_kbar,T,T>=1400,1400.0,5000.0,30,v10,LightGBM/pwlr,v10 LightGBM pwlr,9.092017159883941,6.184252037854326,11.935989887631791,6.437381043803535,4.469100712007029,8.822753686541809,30
opx,opx_liq,T_C,T,T>=1400,1400.0,5000.0,30,v10,ElasticNet/raw,v10 ElasticNet raw,88.20007750084355,73.84611495504188,103.347684987182,76.26300447821781,62.77282318500808,92.08068168332119,30
opx,opx_liq,T_C,T,T>=1400,1400.0,5000.0,30,v10,ElasticNet/alr,v10 ElasticNet alr,109.62780143320172,83.92119872504229,139.1472386272863,92.66832632127647,74.56013999007112,116.5012671801995,30
opx,opx_liq,T_C,T,T>=1400,1400.0,5000.0,30,v10,ElasticNet/pwlr,v10 ElasticNet pwlr,108.34430563390426,80.45549676840616,141.3224864567038,89.82921895239251,71.19741662624556,114.54006160913193,30
opx,opx_liq,P_kbar,T,T>=1400,1400.0,5000.0,30,v10,ElasticNet/raw,v10 ElasticNet raw,10.346747350721449,7.519437819290524,13.122994330043412,6.960957277891152,4.594721268924291,9.84805839587799,30
opx,opx_liq,P_kbar,T,T>=1400,1400.0,5000.0,30,v10,ElasticNet/alr,v10 ElasticNet alr,7.795514761661581,5.96015361623074,9.671496462990428,6.245708583189254,4.689950560491937,7.921534170791415,30
opx,opx_liq,P_kbar,T,T>=1400,1400.0,5000.0,30,v10,ElasticNet/pwlr,v10 ElasticNet pwlr,7.8601200137971565,5.951495577736994,9.837351978188853,6.285971461089317,4.715459372040237,7.969773282889383,30
opx,opx_liq,T_C,T,T>=1400,1400.0,5000.0,30,v10,MLP/raw,v10 MLP raw,176.12579130178372,140.41124512641795,208.92622894254288,147.1856021792368,111.6270989049369,183.596759782505,27
opx,opx_liq,T_C,T,T>=1400,1400.0,5000.0,30,v10,MLP/alr,v10 MLP alr,159.4540691233227,133.82746541334055,185.52647508107208,138.35129520317332,111.83224833015338,168.4317709360057,30
opx,opx_liq,T_C,T,T>=1400,1400.0,5000.0,30,v10,MLP/pwlr,v10 MLP pwlr,163.3105084495444,136.38882674925887,189.53400724196544,140.87613223491098,112.07410694540076,170.13659366746992,30
opx,opx_liq,P_kbar,T,T>=1400,1400.0,5000.0,30,v10,MLP/raw,v10 MLP raw,5.430829731049641,3.3366744816730605,7.686770772100552,3.867908503749024,2.6973374572040782,5.476099601825196,30
opx,opx_liq,P_kbar,T,T>=1400,1400.0,5000.0,30,v10,MLP/alr,v10 MLP alr,6.120595604840199,4.118750489167802,7.875558954905022,4.493530969494094,3.0423563295511995,6.03449793625234,30
opx,opx_liq,P_kbar,T,T>=1400,1400.0,5000.0,30,v10,MLP/pwlr,v10 MLP pwlr,5.883370545505049,4.908538190391497,6.922689156269627,4.854255275685278,3.8141754963385766,6.074512770373326,30
opx,opx_liq,T_C,T,T>=1400,1400.0,5000.0,30,Putirka,Putirka 28a,Putirka 28a,61.07540587320734,34.03404843417522,82.70849756263067,38.90181946807413,23.69291662522915,57.776324769507774,29
opx,opx_liq,T_C,T,T>=1400,1400.0,5000.0,30,Putirka,Putirka 28b,Putirka 28b,77.43246821643191,56.875957700971334,96.80894387884925,57.766345112937884,40.4904703610101,78.11722955727134,29
opx,opx_liq,P_kbar,T,T>=1400,1400.0,5000.0,30,Putirka,Putirka 29a,Putirka 29a,7.717438219287935,5.004295492511221,10.33187824276113,5.330252714995877,3.098199507223026,7.919069035803434,20
opx,opx_liq,P_kbar,T,T>=1400,1400.0,5000.0,30,Putirka,Putirka 29b,Putirka 29b,4.916649271851672,3.0008202232232075,6.733120096306375,3.2473132238107016,2.137437385720236,4.803834485954289,27
opx,opx_liq,T_C,T,ALL,-1000.0,5000.0,174,v10,RF/raw,v10 RF raw,88.00002150509984,74.06061428418532,102.21545280968327,59.06534099818201,51.11205504685653,69.25046361545442,174
opx,opx_liq,T_C,T,ALL,-1000.0,5000.0,174,v10,RF/alr,v10 RF alr,87.06672081186457,73.65935895487056,101.75462898525001,60.072945308259364,51.41205688705335,69.6892168615006,174
opx,opx_liq,T_C,T,ALL,-1000.0,5000.0,174,v10,RF/pwlr,v10 RF pwlr,84.89279850533424,71.43663357426162,98.77659777149178,58.387766223144915,50.17857110118862,67.90218453721006,174
opx,opx_liq,P_kbar,T,ALL,-1000.0,5000.0,174,v10,RF/raw,v10 RF raw,5.42136820051842,4.722832321619905,6.154651831704224,3.999861511893747,3.4858083874648296,4.5414277817108,174
opx,opx_liq,P_kbar,T,ALL,-1000.0,5000.0,174,v10,RF/alr,v10 RF alr,5.065722658162609,4.341013423501892,5.82273963674645,3.6418839031063306,3.156900622798408,4.158726741936762,174
opx,opx_liq,P_kbar,T,ALL,-1000.0,5000.0,174,v10,RF/pwlr,v10 RF pwlr,5.249150516567117,4.640525869780521,5.817523341868194,4.019767409629549,3.484768798778828,4.535610809222901,174
opx,opx_liq,T_C,T,ALL,-1000.0,5000.0,174,v10,ERT/raw,v10 ERT raw,90.91379911216922,76.3567300420455,105.58236063976562,61.58975975644921,53.04185783176999,71.86355389113132,174
opx,opx_liq,T_C,T,ALL,-1000.0,5000.0,174,v10,ERT/alr,v10 ERT alr,91.8425960074649,76.9352137442418,106.94137866369817,62.12894228662836,53.41534505251778,72.27893913617979,174
opx,opx_liq,T_C,T,ALL,-1000.0,5000.0,174,v10,ERT/pwlr,v10 ERT pwlr,86.62753117460504,72.32038425104571,101.62949738128113,57.39653123565634,48.40984959951597,66.7594258426219,174
opx,opx_liq,P_kbar,T,ALL,-1000.0,5000.0,174,v10,ERT/raw,v10 ERT raw,5.71645643430091,4.697888560655851,6.743441708408251,3.9563706436564052,3.354068362750791,4.55116692023533,174
opx,opx_liq,P_kbar,T,ALL,-1000.0,5000.0,174,v10,ERT/alr,v10 ERT alr,6.6496458465320005,5.359277669632041,7.899252293893122,4.623167931323915,3.9129693209764675,5.341445295517851,174
opx,opx_liq,P_kbar,T,ALL,-1000.0,5000.0,174,v10,ERT/pwlr,v10 ERT pwlr,6.633821605179532,5.643905767856769,7.602305481514639,4.750526215971183,3.986445508510017,5.439788061884381,174
opx,opx_liq,T_C,T,ALL,-1000.0,5000.0,174,v10,XGB/raw,v10 XGB raw,87.00384597956679,73.02054797714827,101.46771883319198,59.89347225496139,51.77437129404353,69.41987808929092,174
opx,opx_liq,T_C,T,ALL,-1000.0,5000.0,174,v10,XGB/alr,v10 XGB alr,90.66180761076068,77.03187283343564,105.43097063025232,63.96404608364763,55.64648552379389,73.31868518522415,174
opx,opx_liq,T_C,T,ALL,-1000.0,5000.0,174,v10,XGB/pwlr,v10 XGB pwlr,88.60610224286911,74.77297545794859,102.6095660775922,62.26447164601293,53.40374640103044,71.49842555605132,174
opx,opx_liq,P_kbar,T,ALL,-1000.0,5000.0,174,v10,XGB/raw,v10 XGB raw,4.73296704404521,4.058411648290813,5.470337655064573,3.4353631759864856,2.970720798466741,3.9004529547795843,174
opx,opx_liq,P_kbar,T,ALL,-1000.0,5000.0,174,v10,XGB/alr,v10 XGB alr,4.765583808775689,4.041345287881267,5.5146789555771125,3.4300326116821642,2.939569058565221,3.9393569021514185,174
opx,opx_liq,P_kbar,T,ALL,-1000.0,5000.0,174,v10,XGB/pwlr,v10 XGB pwlr,5.094784218000258,4.371316689763167,5.879768113717058,3.7587959209060404,3.206817138038193,4.305055555421041,174
opx,opx_liq,T_C,T,ALL,-1000.0,5000.0,174,v10,GB/raw,v10 GB raw,86.18018609793371,72.35725761598526,100.6350412493349,58.33787649722783,50.0390418433794,67.8051005646861,174
opx,opx_liq,T_C,T,ALL,-1000.0,5000.0,174,v10,GB/alr,v10 GB alr,93.42528308903331,80.27289217449601,107.88340324570201,66.63697851774863,57.85894558331747,76.33692885359905,174
opx,opx_liq,T_C,T,ALL,-1000.0,5000.0,174,v10,GB/pwlr,v10 GB pwlr,88.06798441640005,75.29155827130377,100.9223672113024,62.15876490114234,53.82199035478939,71.35372392338411,174
opx,opx_liq,P_kbar,T,ALL,-1000.0,5000.0,174,v10,GB/raw,v10 GB raw,4.756658215332069,4.159306538654962,5.382514171665986,3.520642241934169,3.035764408764853,4.038379693049783,174
opx,opx_liq,P_kbar,T,ALL,-1000.0,5000.0,174,v10,GB/alr,v10 GB alr,5.119886200031969,4.310737837437079,6.012485182247158,3.7145604524145748,3.2174946264360655,4.24151282209558,174
opx,opx_liq,P_kbar,T,ALL,-1000.0,5000.0,174,v10,GB/pwlr,v10 GB pwlr,5.048598637281868,4.223522159142245,5.917821007582058,3.642960321593126,3.126888133057982,4.181247178253955,174
opx,opx_liq,T_C,T,ALL,-1000.0,5000.0,174,v10,CatBoost/raw,v10 CatBoost raw,92.455109330282,78.1241567789428,107.56612873486172,63.251886576730485,54.39489097669224,73.89411765022209,174
opx,opx_liq,T_C,T,ALL,-1000.0,5000.0,174,v10,CatBoost/alr,v10 CatBoost alr,97.04027575648364,84.15944554900143,110.96837683573156,70.68044011950823,61.9686678202025,80.4622735461917,174
opx,opx_liq,T_C,T,ALL,-1000.0,5000.0,174,v10,CatBoost/pwlr,v10 CatBoost pwlr,87.78784269451208,73.84427035056996,102.23840428028002,60.81356850574997,52.56172795930224,70.5066004242646,174
opx,opx_liq,P_kbar,T,ALL,-1000.0,5000.0,174,v10,CatBoost/raw,v10 CatBoost raw,5.484648241870014,4.433167840470636,6.50602265339111,3.864064275515399,3.304130035895157,4.4550598566405695,174
opx,opx_liq,P_kbar,T,ALL,-1000.0,5000.0,174,v10,CatBoost/alr,v10 CatBoost alr,5.104686653586727,4.205577220799875,5.9815876489602235,3.694709653554401,3.171752464608537,4.2817360524351935,174
opx,opx_liq,P_kbar,T,ALL,-1000.0,5000.0,174,v10,CatBoost/pwlr,v10 CatBoost pwlr,5.230592092571972,4.279661242032422,6.208943537111676,3.6931829325828582,3.1392191920210357,4.2520356045154015,174
opx,opx_liq,T_C,T,ALL,-1000.0,5000.0,174,v10,LightGBM/raw,v10 LightGBM raw,87.02433037856319,72.59464646028307,101.46055748294316,59.48321474574782,51.31851486462504,69.17784084770457,174
opx,opx_liq,T_C,T,ALL,-1000.0,5000.0,174,v10,LightGBM/alr,v10 LightGBM alr,93.67288280454915,80.80641094745987,107.16305928155319,66.55775938533093,57.98993714362585,76.44195937645773,174
opx,opx_liq,T_C,T,ALL,-1000.0,5000.0,174,v10,LightGBM/pwlr,v10 LightGBM pwlr,88.43982595114524,75.24596463900023,101.87892785234105,63.049038297116695,54.75470066277481,72.56414184412813,174
opx,opx_liq,P_kbar,T,ALL,-1000.0,5000.0,174,v10,LightGBM/raw,v10 LightGBM raw,5.01687393312468,4.318208604114465,5.740974486769084,3.7520449319558415,3.236817696410108,4.264984230716007,174
opx,opx_liq,P_kbar,T,ALL,-1000.0,5000.0,174,v10,LightGBM/alr,v10 LightGBM alr,5.267934211738234,4.282768159475622,6.228971626774892,3.7026244499647634,3.16553446730839,4.261118604933834,174
opx,opx_liq,P_kbar,T,ALL,-1000.0,5000.0,174,v10,LightGBM/pwlr,v10 LightGBM pwlr,5.394992207963286,4.45626020694058,6.426030974921749,3.8312660951221487,3.2597930626570806,4.3972645334802944,174
opx,opx_liq,T_C,T,ALL,-1000.0,5000.0,174,v10,ElasticNet/raw,v10 ElasticNet raw,77.06189003628756,62.559654548873304,91.65291211264,51.405851761457505,43.66185611753671,59.89413585877974,174
opx,opx_liq,T_C,T,ALL,-1000.0,5000.0,174,v10,ElasticNet/alr,v10 ElasticNet alr,86.30549546200969,70.308338521545,102.32368400553726,58.75599113540574,50.07426606238507,68.02471396282444,174
opx,opx_liq,T_C,T,ALL,-1000.0,5000.0,174,v10,ElasticNet/pwlr,v10 ElasticNet pwlr,87.82374772804963,71.30708336838524,104.27513583131757,59.51435745747574,50.53661421324925,69.14942979264771,174
opx,opx_liq,P_kbar,T,ALL,-1000.0,5000.0,174,v10,ElasticNet/raw,v10 ElasticNet raw,5.585970379506894,4.473667134122314,6.64621848177828,3.652587129891466,3.0725028835280845,4.313673327572891,174
opx,opx_liq,P_kbar,T,ALL,-1000.0,5000.0,174,v10,ElasticNet/alr,v10 ElasticNet alr,6.482865762630683,5.773805471551791,7.168968249186347,5.127808504252774,4.524827733887718,5.735106488237706,174
opx,opx_liq,P_kbar,T,ALL,-1000.0,5000.0,174,v10,ElasticNet/pwlr,v10 ElasticNet pwlr,6.638145442783235,5.88158878204889,7.372817485582273,5.231558990229753,4.6151192799699805,5.863695163048648,174
opx,opx_liq,T_C,T,ALL,-1000.0,5000.0,174,v10,MLP/raw,v10 MLP raw,128.95248131978045,112.0782664851637,147.3864714280486,93.79193148256188,81.86157520835101,107.34927976194534,171
opx,opx_liq,T_C,T,ALL,-1000.0,5000.0,174,v10,MLP/alr,v10 MLP alr,118.45182210362069,105.98886487079986,130.41056358031585,93.4610125978481,83.38283353684528,104.03803992495432,174
opx,opx_liq,T_C,T,ALL,-1000.0,5000.0,174,v10,MLP/pwlr,v10 MLP pwlr,156.70205626460464,140.34714378184296,175.8554168171699,122.43499864970234,108.04989853534981,138.64180270417825,174
opx,opx_liq,P_kbar,T,ALL,-1000.0,5000.0,174,v10,MLP/raw,v10 MLP raw,3.8156075924116495,3.095868179159089,4.491098147444123,2.5449379630668454,2.1427974174463675,2.97249827912108,174
opx,opx_liq,P_kbar,T,ALL,-1000.0,5000.0,174,v10,MLP/alr,v10 MLP alr,5.314507909831545,4.609259340603944,5.989996580569514,3.9411446819736167,3.4267058039422817,4.4856868659674065,171
opx,opx_liq,P_kbar,T,ALL,-1000.0,5000.0,174,v10,MLP/pwlr,v10 MLP pwlr,5.555400322039511,4.833652606806845,6.2175993466738095,4.159460555788288,3.550993641545627,4.802999604438962,169
opx,opx_liq,T_C,T,ALL,-1000.0,5000.0,174,Putirka,Putirka 28a,Putirka 28a,71.67099988574215,53.75200941121946,88.73601447822817,39.99990934816562,31.736249777024565,49.27187491203364,161
opx,opx_liq,T_C,T,ALL,-1000.0,5000.0,174,Putirka,Putirka 28b,Putirka 28b,77.2211817285507,60.832962291223545,93.87213374067264,48.372666880605266,40.75236886666583,57.41495697833857,161
opx,opx_liq,P_kbar,T,ALL,-1000.0,5000.0,174,Putirka,Putirka 29a,Putirka 29a,4.750309233457235,3.813504194268678,5.748618806510647,3.355149583773676,2.823104871519361,4.021260226345897,126
opx,opx_liq,P_kbar,T,ALL,-1000.0,5000.0,174,Putirka,Putirka 29b,Putirka 29b,4.793246687283613,4.030658300139105,5.569796507212967,3.509592848700381,3.001012941630007,4.100658154536979,139
opx,opx_only,T_C,P,shallow_crustal,0.0,5.0,48,v10,RF/raw,v10 RF raw,150.37632455790293,132.25898854968483,168.17376716972643,134.42447134721132,116.21092991786286,153.31274864954554,48
opx,opx_only,T_C,P,shallow_crustal,0.0,5.0,48,v10,RF/alr,v10 RF alr,149.60683818894222,132.61248950657244,166.22206675663082,135.01624526746764,117.98812129060718,152.5322024273574,48
opx,opx_only,T_C,P,shallow_crustal,0.0,5.0,48,v10,RF/pwlr,v10 RF pwlr,135.2316113027337,119.92097721944074,149.51712216642085,123.02753083924438,106.50749669598727,138.3897586669202,48
opx,opx_only,P_kbar,P,shallow_crustal,0.0,5.0,48,v10,RF/raw,v10 RF raw,7.9559334153149575,5.910596590097217,10.106759636694418,5.626891244464066,4.2258883657995705,7.40040771107906,48
opx,opx_only,P_kbar,P,shallow_crustal,0.0,5.0,48,v10,RF/alr,v10 RF alr,7.804622497952935,6.004312404591427,9.596206792488314,5.922144871153118,4.623796948321926,7.4447771758877215,48
opx,opx_only,P_kbar,P,shallow_crustal,0.0,5.0,48,v10,RF/pwlr,v10 RF pwlr,7.912635782746128,6.27398339064839,9.480248080036901,6.214101311220766,5.01779314680238,7.534621212973994,48
opx,opx_only,T_C,P,shallow_crustal,0.0,5.0,48,v10,ERT/raw,v10 ERT raw,157.7054259310865,138.3111957976169,176.25169294613994,143.55124126887264,125.64264801515598,161.02414254699582,48
opx,opx_only,T_C,P,shallow_crustal,0.0,5.0,48,v10,ERT/alr,v10 ERT alr,152.95485899935764,135.57889160081302,169.33842747901812,138.5645114533044,120.28801618611702,156.52546290110206,48
opx,opx_only,T_C,P,shallow_crustal,0.0,5.0,48,v10,ERT/pwlr,v10 ERT pwlr,134.23049827074172,120.31756746700592,146.7033088364973,124.53965384340376,109.78061692272203,138.35613710763627,48
opx,opx_only,P_kbar,P,shallow_crustal,0.0,5.0,48,v10,ERT/raw,v10 ERT raw,7.192438024464698,5.665352950361073,8.757453742980598,5.6180244197721265,4.4144987685524475,6.980732468092684,48
opx,opx_only,P_kbar,P,shallow_crustal,0.0,5.0,48,v10,ERT/alr,v10 ERT alr,9.107900507591099,7.541149980881215,10.710269611007392,7.514688228989786,6.232859199408202,9.034448329741195,48
opx,opx_only,P_kbar,P,shallow_crustal,0.0,5.0,48,v10,ERT/pwlr,v10 ERT pwlr,8.689027044200454,7.48653511238451,9.907966952329133,7.5171484818037015,6.396846963427104,8.738831167586701,48
opx,opx_only,T_C,P,shallow_crustal,0.0,5.0,48,v10,XGB/raw,v10 XGB raw,115.47434534614929,100.6662673389656,128.26887027163957,102.4492581685384,85.73761059443156,116.72991930643717,48
opx,opx_only,T_C,P,shallow_crustal,0.0,5.0,48,v10,XGB/alr,v10 XGB alr,120.30587526141379,105.81243968666466,133.77878675470353,108.47011057535808,93.62958501180013,122.900892384847,48
opx,opx_only,T_C,P,shallow_crustal,0.0,5.0,48,v10,XGB/pwlr,v10 XGB pwlr,127.59545977651914,111.47511744485335,141.37069713465985,114.2449124654134,98.17343142827352,129.57241373062132,48
opx,opx_only,P_kbar,P,shallow_crustal,0.0,5.0,48,v10,XGB/raw,v10 XGB raw,7.472295851568284,5.752225482275332,9.268880611840485,5.999428457654786,4.860002546866183,7.389951194603218,48
opx,opx_only,P_kbar,P,shallow_crustal,0.0,5.0,48,v10,XGB/alr,v10 XGB alr,7.548845845009661,5.949763259956083,9.161405826824184,5.764909465250643,4.595122171178529,7.249260159980425,48
opx,opx_only,P_kbar,P,shallow_crustal,0.0,5.0,48,v10,XGB/pwlr,v10 XGB pwlr,7.945127402026178,6.455545905157142,9.324144480325412,6.26707221100454,4.977081087793945,7.651568771252791,48
opx,opx_only,T_C,P,shallow_crustal,0.0,5.0,48,v10,GB/raw,v10 GB raw,108.26393553740846,90.89507136454576,122.97443047124845,90.67390520193506,73.84792583908656,106.57043806566723,48
opx,opx_only,T_C,P,shallow_crustal,0.0,5.0,48,v10,GB/alr,v10 GB alr,108.88061586785176,96.7249289515158,119.22588774197361,99.31260991649651,85.71093427579237,111.24365285764354,48
opx,opx_only,T_C,P,shallow_crustal,0.0,5.0,48,v10,GB/pwlr,v10 GB pwlr,137.28197291163474,120.13678574733737,154.3705922402562,122.62605149720657,106.52422305258852,140.74025771383668,48
opx,opx_only,P_kbar,P,shallow_crustal,0.0,5.0,48,v10,GB/raw,v10 GB raw,7.543017353560378,6.0517910288367665,9.123172800198649,6.3526763618820965,5.329015404417382,7.572332418116176,48
opx,opx_only,P_kbar,P,shallow_crustal,0.0,5.0,48,v10,GB/alr,v10 GB alr,8.298836269267536,6.93628075609246,9.777056107315905,6.975005261368817,5.85880856339891,8.363122142616898,48
opx,opx_only,P_kbar,P,shallow_crustal,0.0,5.0,48,v10,GB/pwlr,v10 GB pwlr,8.87076179567877,7.536596931440872,10.315589580224016,7.883677569346593,6.792260032616388,9.028990150133199,48
opx,opx_only,T_C,P,shallow_crustal,0.0,5.0,48,v10,CatBoost/raw,v10 CatBoost raw,132.0016696220847,114.81971178907988,146.63507758455043,118.58318090548967,101.75663710667831,134.5968968918894,48
opx,opx_only,T_C,P,shallow_crustal,0.0,5.0,48,v10,CatBoost/alr,v10 CatBoost alr,135.66659697408554,121.19599430200894,148.61947636234981,125.22410682084843,109.4481104581788,139.12149457943204,48
opx,opx_only,T_C,P,shallow_crustal,0.0,5.0,48,v10,CatBoost/pwlr,v10 CatBoost pwlr,133.7898257179356,116.2995815562532,148.48372229553848,121.24344118122683,104.29528474461358,136.11723657865517,48
opx,opx_only,P_kbar,P,shallow_crustal,0.0,5.0,48,v10,CatBoost/raw,v10 CatBoost raw,8.242076680059334,6.698453571003513,9.79844768013712,6.478661260175261,5.151437298690493,7.958320248890266,48
opx,opx_only,P_kbar,P,shallow_crustal,0.0,5.0,48,v10,CatBoost/alr,v10 CatBoost alr,8.132600566893167,6.65833219479456,9.646423451619713,6.69063877902119,5.470234523768106,8.07511106412366,48
opx,opx_only,P_kbar,P,shallow_crustal,0.0,5.0,48,v10,CatBoost/pwlr,v10 CatBoost pwlr,7.563983686013897,6.364492917631601,8.772069275416483,6.212907311953288,5.101239276324079,7.42479337695316,48
opx,opx_only,T_C,P,shallow_crustal,0.0,5.0,48,v10,LightGBM/raw,v10 LightGBM raw,122.94157625669165,108.09956442231271,136.86264226572183,109.43120307586283,93.98069800765843,125.29763601650711,48
opx,opx_only,T_C,P,shallow_crustal,0.0,5.0,48,v10,LightGBM/alr,v10 LightGBM alr,112.19479713902862,97.68889897562921,124.77720320400178,101.08904255595176,85.52420484360914,114.67857530941315,48
opx,opx_only,T_C,P,shallow_crustal,0.0,5.0,48,v10,LightGBM/pwlr,v10 LightGBM pwlr,141.4646866878054,124.51993994881722,156.237594813066,128.95157514795025,111.61532057324911,145.80255003471095,48
opx,opx_only,P_kbar,P,shallow_crustal,0.0,5.0,48,v10,LightGBM/raw,v10 LightGBM raw,7.596148606030257,6.100053279402687,9.167414478010983,6.3354175922935605,5.3348831377660675,7.654510250417489,48
opx,opx_only,P_kbar,P,shallow_crustal,0.0,5.0,48,v10,LightGBM/alr,v10 LightGBM alr,8.52330927423,7.145129965366695,9.941991121818125,7.269466152039257,6.177647691115032,8.736332846859144,48
opx,opx_only,P_kbar,P,shallow_crustal,0.0,5.0,48,v10,LightGBM/pwlr,v10 LightGBM pwlr,8.757645353134325,7.589880531662996,9.933882733864337,7.519584468410026,6.346414974895558,8.745158855553248,48
opx,opx_only,T_C,P,shallow_crustal,0.0,5.0,48,v10,ElasticNet/raw,v10 ElasticNet raw,184.71519038699924,166.6406416739999,200.74866886885462,170.70306138870788,148.54666914586363,189.3422782064868,48
opx,opx_only,T_C,P,shallow_crustal,0.0,5.0,48,v10,ElasticNet/alr,v10 ElasticNet alr,203.2403041372606,183.83395917411212,218.98317337890504,188.05596760529838,163.90840309914486,208.29207882125237,48
opx,opx_only,T_C,P,shallow_crustal,0.0,5.0,48,v10,ElasticNet/pwlr,v10 ElasticNet pwlr,181.2152273526742,165.04191948995592,196.48753265906154,169.76556766139439,151.72511431418218,187.3927022185874,48
opx,opx_only,P_kbar,P,shallow_crustal,0.0,5.0,48,v10,ElasticNet/raw,v10 ElasticNet raw,9.953727410875793,8.614250935870814,11.520770358803876,9.26710767032341,8.350995720934517,10.357245531358357,48
opx,opx_only,P_kbar,P,shallow_crustal,0.0,5.0,48,v10,ElasticNet/alr,v10 ElasticNet alr,11.379893436273594,10.9254159344073,11.826334368578216,11.25702958043208,10.786293372720818,11.732010900980253,48
opx,opx_only,P_kbar,P,shallow_crustal,0.0,5.0,48,v10,ElasticNet/pwlr,v10 ElasticNet pwlr,11.244261142655562,10.810479825300094,11.717066595753483,11.123776799530669,10.664038749137283,11.626021205548367,48
opx,opx_only,T_C,P,shallow_crustal,0.0,5.0,48,v10,MLP/raw,v10 MLP raw,134.92668156985835,120.3660481827237,147.36064827870806,124.45565053048558,108.94699933971421,139.02211673400146,48
opx,opx_only,T_C,P,shallow_crustal,0.0,5.0,48,v10,MLP/alr,v10 MLP alr,205.70363381126327,188.642645819968,220.87079477365833,196.06676499754857,177.49452530482026,212.64018418996955,48
opx,opx_only,T_C,P,shallow_crustal,0.0,5.0,48,v10,MLP/pwlr,v10 MLP pwlr,162.76638896016843,142.959190832733,180.4920824784558,146.2888128135682,126.87012133883906,164.32360905124628,48
opx,opx_only,P_kbar,P,shallow_crustal,0.0,5.0,48,v10,MLP/raw,v10 MLP raw,7.566769350534051,5.756629267688999,9.122055371196467,5.622049724141956,4.288354784778574,7.102917319788444,46
opx,opx_only,P_kbar,P,shallow_crustal,0.0,5.0,48,v10,MLP/alr,v10 MLP alr,11.167553504417468,9.18239831385834,13.089062127537286,9.124685918972931,7.228324138680465,10.996670271323362,48
opx,opx_only,P_kbar,P,shallow_crustal,0.0,5.0,48,v10,MLP/pwlr,v10 MLP pwlr,7.367631654844587,5.399356861183785,9.186049043903953,4.9493778957746555,3.6176131603835326,6.472127791471002,48
opx,opx_only,P_kbar,P,shallow_crustal,0.0,5.0,48,Putirka,Putirka 29c,Putirka 29c,2.197173215181949,1.6926008808713655,2.7174502826109785,1.745866222298224,1.365751688448909,2.1700611000693883,41
opx,opx_only,T_C,P,deep_crustal_MASH,5.0,15.0,76,v10,RF/raw,v10 RF raw,126.43320653827173,105.77442520349872,147.24638802204598,102.92736847771525,88.09655604179173,118.49841457538656,76
opx,opx_only,T_C,P,deep_crustal_MASH,5.0,15.0,76,v10,RF/alr,v10 RF alr,127.46488878748396,107.32418427979161,148.69198633849618,103.8718015064087,88.94923017314161,121.07635819967457,76
opx,opx_only,T_C,P,deep_crustal_MASH,5.0,15.0,76,v10,RF/pwlr,v10 RF pwlr,119.86687915892465,98.27813255065952,142.2532189685055,94.77736004484348,78.88173973285035,112.26116429832877,76
opx,opx_only,P_kbar,P,deep_crustal_MASH,5.0,15.0,76,v10,RF/raw,v10 RF raw,6.995056864914975,5.285563487055466,8.572712744759585,4.681363195080067,3.6510724118551012,5.837604019924363,76
opx,opx_only,P_kbar,P,deep_crustal_MASH,5.0,15.0,76,v10,RF/alr,v10 RF alr,6.3382951320884,4.7195561187139985,7.877981834956253,4.288329573191987,3.3456780628552916,5.312628202500567,76
opx,opx_only,P_kbar,P,deep_crustal_MASH,5.0,15.0,76,v10,RF/pwlr,v10 RF pwlr,6.821363975155886,4.4305578485732235,8.89799350027045,4.224048976406982,3.1444081785219002,5.511274387466051,76
opx,opx_only,T_C,P,deep_crustal_MASH,5.0,15.0,76,v10,ERT/raw,v10 ERT raw,128.8638702887713,108.72349979854106,149.85051856401608,103.71549182838268,87.82077554684174,121.55057774777009,76
opx,opx_only,T_C,P,deep_crustal_MASH,5.0,15.0,76,v10,ERT/alr,v10 ERT alr,129.35507111510142,110.21799897932888,149.81940151759318,105.09491471011933,88.11548682314496,123.34831668098438,76
opx,opx_only,T_C,P,deep_crustal_MASH,5.0,15.0,76,v10,ERT/pwlr,v10 ERT pwlr,120.0404787834003,100.14335648504634,140.15862696665195,95.68896813484739,79.22051711069345,112.93308095093145,76
opx,opx_only,P_kbar,P,deep_crustal_MASH,5.0,15.0,76,v10,ERT/raw,v10 ERT raw,6.702095879117028,5.189752780366312,8.294101530272082,4.771462253968036,3.808620659143561,5.78976026649722,76
opx,opx_only,P_kbar,P,deep_crustal_MASH,5.0,15.0,76,v10,ERT/alr,v10 ERT alr,6.738457350495027,5.24656560296868,8.227908687155002,5.125826892211319,4.152729945937148,6.065964817090503,76
opx,opx_only,P_kbar,P,deep_crustal_MASH,5.0,15.0,76,v10,ERT/pwlr,v10 ERT pwlr,6.337746750602095,4.438282225327318,8.15247550943829,4.416932296214451,3.4222208900041053,5.471089678825569,76
opx,opx_only,T_C,P,deep_crustal_MASH,5.0,15.0,76,v10,XGB/raw,v10 XGB raw,120.44521119739265,100.72969790399449,140.05139634159985,97.36337386501404,82.35205575855223,114.49759721826837,76
opx,opx_only,T_C,P,deep_crustal_MASH,5.0,15.0,76,v10,XGB/alr,v10 XGB alr,120.2387354536993,100.3729370569338,141.08118738029495,95.88544621966776,80.37506260309975,113.4960230275901,76
opx,opx_only,T_C,P,deep_crustal_MASH,5.0,15.0,76,v10,XGB/pwlr,v10 XGB pwlr,114.8353988724101,94.14918073095929,135.62652748579046,89.60124971586275,74.54076549235079,106.06441628336795,76
opx,opx_only,P_kbar,P,deep_crustal_MASH,5.0,15.0,76,v10,XGB/raw,v10 XGB raw,6.169863230008479,4.799854038180467,7.529626189303496,4.481836894225423,3.59128091256953,5.449781224494739,76
opx,opx_only,P_kbar,P,deep_crustal_MASH,5.0,15.0,76,v10,XGB/alr,v10 XGB alr,5.646468847816753,4.420269676086669,6.837467512800997,4.056664986582319,3.3123506147388646,4.916430349491475,76
opx,opx_only,P_kbar,P,deep_crustal_MASH,5.0,15.0,76,v10,XGB/pwlr,v10 XGB pwlr,7.154162092202315,5.38113047333678,8.991765855635911,5.102816502116807,4.092377966011209,6.353038358164951,76
opx,opx_only,T_C,P,deep_crustal_MASH,5.0,15.0,76,v10,GB/raw,v10 GB raw,128.22551675915503,109.51445628652417,149.3981115122646,104.6654623172397,89.16229331713656,121.64626602476541,76
opx,opx_only,T_C,P,deep_crustal_MASH,5.0,15.0,76,v10,GB/alr,v10 GB alr,124.06276798740856,103.01538694108612,144.52267614014426,98.24923634650513,81.69081400931077,115.8777487726577,76
opx,opx_only,T_C,P,deep_crustal_MASH,5.0,15.0,76,v10,GB/pwlr,v10 GB pwlr,123.12259147248115,97.35349353820843,148.57819455965316,96.34647235818818,80.7855720411607,114.06239370998796,76
opx,opx_only,P_kbar,P,deep_crustal_MASH,5.0,15.0,76,v10,GB/raw,v10 GB raw,6.794250424069742,4.832483760248246,8.669307644955468,4.607892863558763,3.6128497579844034,5.720703088480848,76
opx,opx_only,P_kbar,P,deep_crustal_MASH,5.0,15.0,76,v10,GB/alr,v10 GB alr,6.605337738101686,4.807536708409752,8.372282435495116,4.542056526114597,3.5898031704977007,5.67262811233977,76
opx,opx_only,P_kbar,P,deep_crustal_MASH,5.0,15.0,76,v10,GB/pwlr,v10 GB pwlr,7.095195728240578,4.80691035635571,9.336037440064471,4.626739138032792,3.5317995087095793,5.938259914295461,76
opx,opx_only,T_C,P,deep_crustal_MASH,5.0,15.0,76,v10,CatBoost/raw,v10 CatBoost raw,127.39450629815298,105.77651303151613,148.60542108761638,98.71780445341632,81.93184172929553,117.86773638600218,76
opx,opx_only,T_C,P,deep_crustal_MASH,5.0,15.0,76,v10,CatBoost/alr,v10 CatBoost alr,123.42987674670134,103.22230767019593,144.15285810524085,98.48625619469166,82.79080254350244,116.28641023847028,76
opx,opx_only,T_C,P,deep_crustal_MASH,5.0,15.0,76,v10,CatBoost/pwlr,v10 CatBoost pwlr,123.89714218770244,103.45459602994829,144.7533197728858,98.74419960321163,82.23133680689801,117.25864409580136,76
opx,opx_only,P_kbar,P,deep_crustal_MASH,5.0,15.0,76,v10,CatBoost/raw,v10 CatBoost raw,6.176093242536385,4.743537407214561,7.710973110015729,4.51878513793401,3.5701224186132543,5.501378326927702,76
opx,opx_only,P_kbar,P,deep_crustal_MASH,5.0,15.0,76,v10,CatBoost/alr,v10 CatBoost alr,5.205024822393056,4.475533916868693,5.804116714009255,4.275374980928109,3.588185167441561,4.8607728404699815,76
opx,opx_only,P_kbar,P,deep_crustal_MASH,5.0,15.0,76,v10,CatBoost/pwlr,v10 CatBoost pwlr,5.6099782589494085,3.8267147836342676,7.4082744198878325,3.767329669471332,2.8883253100229673,4.763521634940325,76
opx,opx_only,T_C,P,deep_crustal_MASH,5.0,15.0,76,v10,LightGBM/raw,v10 LightGBM raw,127.94851955725689,106.18875767684357,150.1045827554989,101.99675841357437,86.1349372349202,119.82615620465619,76
opx,opx_only,T_C,P,deep_crustal_MASH,5.0,15.0,76,v10,LightGBM/alr,v10 LightGBM alr,129.69264814010918,106.29688710101289,152.28112400794063,101.79077121214817,83.70435374507895,122.02064665208017,76
opx,opx_only,T_C,P,deep_crustal_MASH,5.0,15.0,76,v10,LightGBM/pwlr,v10 LightGBM pwlr,109.47069409256139,86.56489055742749,132.73066171533407,81.86206197260248,65.94882424582359,99.30491422800854,76
opx,opx_only,P_kbar,P,deep_crustal_MASH,5.0,15.0,76,v10,LightGBM/raw,v10 LightGBM raw,6.938481938895344,5.04963751290972,8.868853118254089,4.806684200110574,3.8678253247118035,5.955635969091625,76
opx,opx_only,P_kbar,P,deep_crustal_MASH,5.0,15.0,76,v10,LightGBM/alr,v10 LightGBM alr,6.526613705714703,4.5865106873280235,8.493966254583398,4.431314755148015,3.4723411984644694,5.56001425935997,76
opx,opx_only,P_kbar,P,deep_crustal_MASH,5.0,15.0,76,v10,LightGBM/pwlr,v10 LightGBM pwlr,6.680782299498674,4.022566102143512,9.328513323355601,4.092440788733847,3.0003116937438272,5.465118830625295,76
opx,opx_only,T_C,P,deep_crustal_MASH,5.0,15.0,76,v10,ElasticNet/raw,v10 ElasticNet raw,133.29566535513752,108.41992813734618,156.65344374460787,102.24652506672552,83.96136691370911,122.18116202466547,76
opx,opx_only,T_C,P,deep_crustal_MASH,5.0,15.0,76,v10,ElasticNet/alr,v10 ElasticNet alr,130.28162753617042,107.56412829552283,150.29506978601748,105.43240464000934,89.38853217046687,122.92693109703282,76
opx,opx_only,T_C,P,deep_crustal_MASH,5.0,15.0,76,v10,ElasticNet/pwlr,v10 ElasticNet pwlr,136.42609169045872,120.23752978778701,151.95245975381573,118.10763414636502,103.09226991752703,132.60933722534082,76
opx,opx_only,P_kbar,P,deep_crustal_MASH,5.0,15.0,76,v10,ElasticNet/raw,v10 ElasticNet raw,7.995216165392491,5.21552125944194,10.649271402683542,5.502250657438176,4.3876322057565895,7.015050667066311,76
opx,opx_only,P_kbar,P,deep_crustal_MASH,5.0,15.0,76,v10,ElasticNet/alr,v10 ElasticNet alr,5.8410802812756595,5.197521617821932,6.48663620814039,5.007935343170286,4.399959738642848,5.729591999899741,76
opx,opx_only,P_kbar,P,deep_crustal_MASH,5.0,15.0,76,v10,ElasticNet/pwlr,v10 ElasticNet pwlr,5.54632614679768,4.998263891223349,6.130353369482882,4.921217346262997,4.3959581994425045,5.522281727572921,76
opx,opx_only,T_C,P,deep_crustal_MASH,5.0,15.0,76,v10,MLP/raw,v10 MLP raw,122.80110320526244,107.05041851369381,139.45957524946508,103.90696522325138,90.1987707120627,118.71080116795055,76
opx,opx_only,T_C,P,deep_crustal_MASH,5.0,15.0,76,v10,MLP/alr,v10 MLP alr,124.23568050749087,107.99626946556,139.6630650077204,107.8038098237334,94.18301105727447,121.50551719454317,76
opx,opx_only,T_C,P,deep_crustal_MASH,5.0,15.0,76,v10,MLP/pwlr,v10 MLP pwlr,133.34217679649095,112.71389267737447,155.17335831700143,109.14846928619014,93.0953489348392,128.1568001217639,76
opx,opx_only,P_kbar,P,deep_crustal_MASH,5.0,15.0,76,v10,MLP/raw,v10 MLP raw,7.721356557573929,6.308263685428245,9.178372730236209,5.872206875757643,4.920002191022935,6.997001772804125,76
opx,opx_only,P_kbar,P,deep_crustal_MASH,5.0,15.0,76,v10,MLP/alr,v10 MLP alr,6.355376681972817,5.369191273506328,7.314260212255951,5.087824448952592,4.235074852946135,5.965186314040586,76
opx,opx_only,P_kbar,P,deep_crustal_MASH,5.0,15.0,76,v10,MLP/pwlr,v10 MLP pwlr,6.585333051450021,4.023033341414045,9.387564063190522,4.1833916124405865,3.1536356841293833,5.492236767990943,76
opx,opx_only,P_kbar,P,deep_crustal_MASH,5.0,15.0,76,Putirka,Putirka 29c,Putirka 29c,4.677560926435676,3.9226913246879587,5.364072981212523,3.930021400658852,3.2049971730410567,4.592851834988443,45
opx,opx_only,T_C,P,lithospheric_mantle,15.0,30.0,37,v10,RF/raw,v10 RF raw,77.91478625212815,63.975503333566856,92.44283012212175,64.79581686902866,51.54822067327897,79.10434177370269,37
opx,opx_only,T_C,P,lithospheric_mantle,15.0,30.0,37,v10,RF/alr,v10 RF alr,76.17075600230707,61.424705853899916,91.96527096365224,61.933888224263114,48.61014527398055,76.37465398451252,37
opx,opx_only,T_C,P,lithospheric_mantle,15.0,30.0,37,v10,RF/pwlr,v10 RF pwlr,89.39542189396785,72.89114765309792,107.69734600163007,74.72398808607701,60.35302738910817,90.96998945232218,37
opx,opx_only,P_kbar,P,lithospheric_mantle,15.0,30.0,37,v10,RF/raw,v10 RF raw,6.492421606230847,3.916337191943568,8.64703304160487,4.288154694274936,2.8147072751546234,5.871791521982181,37
opx,opx_only,P_kbar,P,lithospheric_mantle,15.0,30.0,37,v10,RF/alr,v10 RF alr,6.88211790289406,4.141460563277049,9.203371941333229,4.447644012191975,2.7872729766059376,6.127198332218141,37
opx,opx_only,P_kbar,P,lithospheric_mantle,15.0,30.0,37,v10,RF/pwlr,v10 RF pwlr,7.498572723556587,4.166711599191846,10.49956380073693,4.626310076854387,2.8835728121930235,6.5513672091883635,37
opx,opx_only,T_C,P,lithospheric_mantle,15.0,30.0,37,v10,ERT/raw,v10 ERT raw,70.43110350960156,57.66093129864717,84.5174455043863,58.646933028305654,47.3306608332274,72.12668001326585,37
opx,opx_only,T_C,P,lithospheric_mantle,15.0,30.0,37,v10,ERT/alr,v10 ERT alr,97.21128049261326,77.16269795982296,119.51181845864068,79.86857324383972,64.1008329482435,97.85369764379399,37
opx,opx_only,T_C,P,lithospheric_mantle,15.0,30.0,37,v10,ERT/pwlr,v10 ERT pwlr,96.43260018697532,74.52053852162186,121.06036235262643,77.18979389634855,61.90475493256469,96.17087651922786,37
opx,opx_only,P_kbar,P,lithospheric_mantle,15.0,30.0,37,v10,ERT/raw,v10 ERT raw,6.446382445969068,3.9338242926979117,8.784219565381452,4.130040453317226,2.652311490412318,5.763731417659915,37
opx,opx_only,P_kbar,P,lithospheric_mantle,15.0,30.0,37,v10,ERT/alr,v10 ERT alr,5.140178323354794,3.451978785554315,6.735406049398098,3.5447683284495604,2.4075258339439154,4.7234822655216036,37
opx,opx_only,P_kbar,P,lithospheric_mantle,15.0,30.0,37,v10,ERT/pwlr,v10 ERT pwlr,6.372394694737455,3.7983285257622326,8.46264079699683,4.090047201888919,2.6003253099081185,5.702745375511386,37
opx,opx_only,T_C,P,lithospheric_mantle,15.0,30.0,37,v10,XGB/raw,v10 XGB raw,77.89080409448083,64.49250411793975,91.66873133546206,62.68200353673986,49.13265733166551,77.38828971008537,37
opx,opx_only,T_C,P,lithospheric_mantle,15.0,30.0,37,v10,XGB/alr,v10 XGB alr,82.43185413594995,67.74584771958878,97.99325379731614,69.71205922719595,58.09362050649282,83.45481556778248,37
opx,opx_only,T_C,P,lithospheric_mantle,15.0,30.0,37,v10,XGB/pwlr,v10 XGB pwlr,98.90418704047649,80.17551422429703,118.15615653597322,81.3347365920608,66.02183219291068,99.43779635042758,37
opx,opx_only,P_kbar,P,lithospheric_mantle,15.0,30.0,37,v10,XGB/raw,v10 XGB raw,7.029994001322206,4.087335385668877,9.55716526099835,4.476237773759661,2.84509673268084,6.284321662161707,37
opx,opx_only,P_kbar,P,lithospheric_mantle,15.0,30.0,37,v10,XGB/alr,v10 XGB alr,5.177408628902262,3.41590000880833,6.708166440728741,3.6639444891115094,2.580697553677691,4.832592786414314,37
opx,opx_only,P_kbar,P,lithospheric_mantle,15.0,30.0,37,v10,XGB/pwlr,v10 XGB pwlr,7.983902215940473,4.460887736527543,11.08426302596524,5.0124044739166544,3.1715534144208175,7.08012115015062,37
opx,opx_only,T_C,P,lithospheric_mantle,15.0,30.0,37,v10,GB/raw,v10 GB raw,94.28672672729294,78.69164488089635,111.1465466828681,81.23475271832919,66.37588535139372,97.86666840071763,37
opx,opx_only,T_C,P,lithospheric_mantle,15.0,30.0,37,v10,GB/alr,v10 GB alr,89.25867909411551,75.19117135152503,105.79608180777973,74.14702332510684,60.82913742437401,90.71169093026835,37
opx,opx_only,T_C,P,lithospheric_mantle,15.0,30.0,37,v10,GB/pwlr,v10 GB pwlr,109.45474858042677,86.93290457881926,134.25764761851357,90.38795096428025,73.38304459941513,110.10564985234912,37
opx,opx_only,P_kbar,P,lithospheric_mantle,15.0,30.0,37,v10,GB/raw,v10 GB raw,7.08213964582325,4.7853072164312715,9.078742671353128,5.155793943449887,3.5995611451556253,6.7594111790583895,37
opx,opx_only,P_kbar,P,lithospheric_mantle,15.0,30.0,37,v10,GB/alr,v10 GB alr,7.768798796960698,5.202506765523727,9.863410599930027,5.576733272704286,3.922336279169002,7.26723724091976,37
opx,opx_only,P_kbar,P,lithospheric_mantle,15.0,30.0,37,v10,GB/pwlr,v10 GB pwlr,7.009647085048899,4.060735829945335,9.652813980994669,4.381293770383602,2.7971485696420215,6.348362956644391,37
opx,opx_only,T_C,P,lithospheric_mantle,15.0,30.0,37,v10,CatBoost/raw,v10 CatBoost raw,77.9985701544116,66.02347878219544,90.50493902426801,67.11223996022471,56.517856356283204,80.74332914330782,37
opx,opx_only,T_C,P,lithospheric_mantle,15.0,30.0,37,v10,CatBoost/alr,v10 CatBoost alr,79.66760125561615,68.52538880753971,91.33667346620283,68.34204809425349,57.01657112729727,81.91283409188193,37
opx,opx_only,T_C,P,lithospheric_mantle,15.0,30.0,37,v10,CatBoost/pwlr,v10 CatBoost pwlr,84.70455777896252,70.34247108856555,99.97746277885093,70.75364184261848,57.52274489520543,85.81242493536594,37
opx,opx_only,P_kbar,P,lithospheric_mantle,15.0,30.0,37,v10,CatBoost/raw,v10 CatBoost raw,6.520394753414081,4.219566134101805,8.403061333884212,4.505498189225037,3.162423293356684,6.020837950032867,37
opx,opx_only,P_kbar,P,lithospheric_mantle,15.0,30.0,37,v10,CatBoost/alr,v10 CatBoost alr,4.972119703987759,3.168876758998792,6.828320207099542,3.5013944971260362,2.3899711645501225,4.758591544589692,37
opx,opx_only,P_kbar,P,lithospheric_mantle,15.0,30.0,37,v10,CatBoost/pwlr,v10 CatBoost pwlr,5.929104297299752,3.903300972360076,7.7693166187209854,4.152041442190665,2.9333086218462396,5.505371210227631,37
opx,opx_only,T_C,P,lithospheric_mantle,15.0,30.0,37,v10,LightGBM/raw,v10 LightGBM raw,78.7094298209687,66.0300740120185,91.70322543522352,65.07798322497304,52.32770595558049,79.38417308992001,37
opx,opx_only,T_C,P,lithospheric_mantle,15.0,30.0,37,v10,LightGBM/alr,v10 LightGBM alr,80.33425739755576,69.29695114634941,92.62552201209036,67.72270005257182,55.41384238210157,81.2019108214552,37
opx,opx_only,T_C,P,lithospheric_mantle,15.0,30.0,37,v10,LightGBM/pwlr,v10 LightGBM pwlr,94.59794749017243,70.52669471259033,120.57470099702144,72.63130043135135,54.441955917521064,93.2026513795816,37
opx,opx_only,P_kbar,P,lithospheric_mantle,15.0,30.0,37,v10,LightGBM/raw,v10 LightGBM raw,7.1638086218263,4.936297250284998,9.175128362787124,5.256338380024076,3.7724986073997897,6.863080477728198,37
opx,opx_only,P_kbar,P,lithospheric_mantle,15.0,30.0,37,v10,LightGBM/alr,v10 LightGBM alr,8.172123924616672,5.239607383236876,10.551117295961625,5.599139873668149,3.6191850901366833,7.559391057599983,37
opx,opx_only,P_kbar,P,lithospheric_mantle,15.0,30.0,37,v10,LightGBM/pwlr,v10 LightGBM pwlr,8.532729011351075,4.696985626320566,11.739843112515889,5.3824866523282635,3.50676127718485,7.59615498815758,37
opx,opx_only,T_C,P,lithospheric_mantle,15.0,30.0,37,v10,ElasticNet/raw,v10 ElasticNet raw,70.92341055578483,56.158835057117486,85.56033103954131,57.704565916946315,46.114456997068615,71.05040582554153,37
opx,opx_only,T_C,P,lithospheric_mantle,15.0,30.0,37,v10,ElasticNet/alr,v10 ElasticNet alr,91.5972615430673,70.31226651741795,113.74116734498816,73.41070823935479,57.329732344477456,92.00145001742756,37
opx,opx_only,T_C,P,lithospheric_mantle,15.0,30.0,37,v10,ElasticNet/pwlr,v10 ElasticNet pwlr,97.91799099380935,71.84903149294247,126.195405886589,76.68930045865558,59.93343723790634,97.55585980443489,37
opx,opx_only,P_kbar,P,lithospheric_mantle,15.0,30.0,37,v10,ElasticNet/raw,v10 ElasticNet raw,5.180703821782759,3.72014279328421,6.408237989071263,3.8333047874827013,2.737657895923616,4.953252076765532,37
opx,opx_only,P_kbar,P,lithospheric_mantle,15.0,30.0,37,v10,ElasticNet/alr,v10 ElasticNet alr,4.244142309246636,2.6810196036279947,5.654383504174887,2.9959764347492226,2.151921113291767,4.021889802087351,37
opx,opx_only,P_kbar,P,lithospheric_mantle,15.0,30.0,37,v10,ElasticNet/pwlr,v10 ElasticNet pwlr,4.030792257493439,2.631395985507982,5.266178491457391,2.9211983990848767,2.178716310339335,3.853136265755088,37
opx,opx_only,T_C,P,lithospheric_mantle,15.0,30.0,37,v10,MLP/raw,v10 MLP raw,73.31718892464474,57.47337864880558,87.386970377553,58.61507306709179,44.66877268292075,72.93915395870363,37
opx,opx_only,T_C,P,lithospheric_mantle,15.0,30.0,37,v10,MLP/alr,v10 MLP alr,101.00387047017891,67.41622105387383,138.85297637466095,74.52507173891308,56.57439602999987,97.02759040272397,37
opx,opx_only,T_C,P,lithospheric_mantle,15.0,30.0,37,v10,MLP/pwlr,v10 MLP pwlr,95.90285099522903,71.5302552890557,120.9812587389029,73.57664009599235,56.90910817450974,92.73267884996123,37
opx,opx_only,P_kbar,P,lithospheric_mantle,15.0,30.0,37,v10,MLP/raw,v10 MLP raw,7.329218509172242,5.405613803133432,9.250836950437959,5.567696988287517,4.072960282303218,7.2331447995683975,37
opx,opx_only,P_kbar,P,lithospheric_mantle,15.0,30.0,37,v10,MLP/alr,v10 MLP alr,6.459674268533491,4.972898439884629,7.86714892617878,5.325508016273737,4.206059784135027,6.47638321615833,37
opx,opx_only,P_kbar,P,lithospheric_mantle,15.0,30.0,37,v10,MLP/pwlr,v10 MLP pwlr,7.25153673635373,5.289182990964692,9.020312278993005,5.669300026145148,4.287794661569938,7.255032003762743,37
opx,opx_only,P_kbar,P,lithospheric_mantle,15.0,30.0,37,Putirka,Putirka 29c,Putirka 29c,5.070795758317184,3.8312103729253204,6.154212453253074,3.94636963831604,2.8846264385088074,4.97480449156983,30
opx,opx_only,T_C,P,deeper_mantle,30.0,1000.0,29,v10,RF/raw,v10 RF raw,277.3281646033515,194.2196360192312,350.38810534966467,194.46936449777616,133.06316130117628,263.06096048646043,29
opx,opx_only,T_C,P,deeper_mantle,30.0,1000.0,29,v10,RF/alr,v10 RF alr,270.3967746367726,186.56924358565902,341.37093475802914,191.08765742808245,130.94060989112194,259.34930940662997,29
opx,opx_only,T_C,P,deeper_mantle,30.0,1000.0,29,v10,RF/pwlr,v10 RF pwlr,270.7902159413011,184.91820376429771,343.3526502268094,186.20892202165544,121.00221901906485,256.718342966743,29
opx,opx_only,P_kbar,P,deeper_mantle,30.0,1000.0,29,v10,RF/raw,v10 RF raw,26.417600035902854,18.563006666789594,33.74615167472281,20.95425692312154,15.76511065863359,26.498486516478167,29
opx,opx_only,P_kbar,P,deeper_mantle,30.0,1000.0,29,v10,RF/alr,v10 RF alr,23.256410600578842,13.582924791071665,31.851816498396804,16.707172924964155,11.366708058902152,22.497784816886497,29
opx,opx_only,P_kbar,P,deeper_mantle,30.0,1000.0,29,v10,RF/pwlr,v10 RF pwlr,20.037609451637216,7.836839750642949,31.024867371781475,11.659911989269139,6.611079381544616,18.564690795822898,29
opx,opx_only,T_C,P,deeper_mantle,30.0,1000.0,29,v10,ERT/raw,v10 ERT raw,288.6438367455801,199.11406680744858,363.2166865917335,197.99577139191194,130.2929953650608,270.2236466672066,29
opx,opx_only,T_C,P,deeper_mantle,30.0,1000.0,29,v10,ERT/alr,v10 ERT alr,298.86532725411803,204.2736732436143,378.5893772501029,202.21478408984947,131.43899066910427,281.0256730620808,29
opx,opx_only,T_C,P,deeper_mantle,30.0,1000.0,29,v10,ERT/pwlr,v10 ERT pwlr,292.7474940503853,202.68583056874522,369.75728540601654,198.8847161083017,128.3495130354518,275.50371129456136,29
opx,opx_only,P_kbar,P,deeper_mantle,30.0,1000.0,29,v10,ERT/raw,v10 ERT raw,26.518591837475014,19.209556416865095,33.68735956780901,21.510968789152773,16.309281606144285,26.65524787491608,29
opx,opx_only,P_kbar,P,deeper_mantle,30.0,1000.0,29,v10,ERT/alr,v10 ERT alr,22.710639496637707,13.76352975280293,30.84936150563605,16.958212021359863,11.935359553722645,22.511621725081522,29
opx,opx_only,P_kbar,P,deeper_mantle,30.0,1000.0,29,v10,ERT/pwlr,v10 ERT pwlr,22.233569438212683,13.118440821615014,30.390409551028636,16.030595107394706,10.761010668324833,21.474955250761834,29
opx,opx_only,T_C,P,deeper_mantle,30.0,1000.0,29,v10,XGB/raw,v10 XGB raw,283.7529262163928,198.4045757192727,352.98572021860474,203.850027500898,137.32255227976833,271.0855387369792,29
opx,opx_only,T_C,P,deeper_mantle,30.0,1000.0,29,v10,XGB/alr,v10 XGB alr,271.9464524692633,187.6250697301113,344.29197678663047,183.97834023661997,117.41990412569595,254.80910956722568,29
opx,opx_only,T_C,P,deeper_mantle,30.0,1000.0,29,v10,XGB/pwlr,v10 XGB pwlr,297.09568091340503,204.5461953400403,376.5443241131405,203.12082154723421,133.41011976921695,278.38157625746453,29
opx,opx_only,P_kbar,P,deeper_mantle,30.0,1000.0,29,v10,XGB/raw,v10 XGB raw,25.22471865072968,16.573855803129593,33.27173636401995,19.578745666591594,14.069319774638647,25.356528707756382,29
opx,opx_only,P_kbar,P,deeper_mantle,30.0,1000.0,29,v10,XGB/alr,v10 XGB alr,22.76153791601998,13.483336798075696,31.645954355187563,16.543196223248003,11.46654520815816,22.354926371300348,29
opx,opx_only,P_kbar,P,deeper_mantle,30.0,1000.0,29,v10,XGB/pwlr,v10 XGB pwlr,19.64943956013416,7.47897025861602,30.433203043767424,11.112056721215968,6.128459970430422,18.13226427867496,29
opx,opx_only,T_C,P,deeper_mantle,30.0,1000.0,29,v10,GB/raw,v10 GB raw,300.5245159065129,211.30994689490362,379.91295695657135,215.5447019710073,148.2324486763949,288.24942516710286,29
opx,opx_only,T_C,P,deeper_mantle,30.0,1000.0,29,v10,GB/alr,v10 GB alr,272.47774942721037,183.85431907745175,344.4050676578096,192.29522360422123,128.9872462228751,256.33825449563926,29
opx,opx_only,T_C,P,deeper_mantle,30.0,1000.0,29,v10,GB/pwlr,v10 GB pwlr,303.43440232123646,219.93277305459333,376.6479292974132,223.58186551150195,157.65670546626365,293.327550955931,29
opx,opx_only,P_kbar,P,deeper_mantle,30.0,1000.0,29,v10,GB/raw,v10 GB raw,25.112466719443937,16.28079811252436,33.341193532131484,19.555406910808735,14.247825187839005,25.280523654719644,29
opx,opx_only,P_kbar,P,deeper_mantle,30.0,1000.0,29,v10,GB/alr,v10 GB alr,24.666363057348676,15.222817477399825,33.473955751288315,18.605015947736156,13.474690477974269,24.56670870791385,29
opx,opx_only,P_kbar,P,deeper_mantle,30.0,1000.0,29,v10,GB/pwlr,v10 GB pwlr,22.375422104675653,12.117863333672654,32.004370005231706,15.508576698764076,10.281023301688752,21.673995511172702,29
opx,opx_only,T_C,P,deeper_mantle,30.0,1000.0,29,v10,CatBoost/raw,v10 CatBoost raw,285.93779160097375,194.51130025667248,361.7418921019765,193.7480887181452,125.27552397777981,264.533015352638,29
opx,opx_only,T_C,P,deeper_mantle,30.0,1000.0,29,v10,CatBoost/alr,v10 CatBoost alr,276.30135196056364,189.51763938262462,348.9421123725109,185.3257361837405,118.60813296651817,255.136889760872,29
opx,opx_only,T_C,P,deeper_mantle,30.0,1000.0,29,v10,CatBoost/pwlr,v10 CatBoost pwlr,279.9771005381112,198.61414766917852,349.3489372326193,196.26708414212408,133.03261746972152,266.77486587476596,29
opx,opx_only,P_kbar,P,deeper_mantle,30.0,1000.0,29,v10,CatBoost/raw,v10 CatBoost raw,24.85377601848643,16.03365103239661,33.074709534370555,18.90841359608663,13.631882491494688,24.58084203288318,29
opx,opx_only,P_kbar,P,deeper_mantle,30.0,1000.0,29,v10,CatBoost/alr,v10 CatBoost alr,26.9184060269703,19.03212865528179,34.44604262445234,21.700556048947124,16.344385471378626,27.324910646313914,29
opx,opx_only,P_kbar,P,deeper_mantle,30.0,1000.0,29,v10,CatBoost/pwlr,v10 CatBoost pwlr,23.94761473291783,15.380107753111227,32.06872188936424,18.326003382865824,13.323214450699172,23.906528644042705,29
opx,opx_only,T_C,P,deeper_mantle,30.0,1000.0,29,v10,LightGBM/raw,v10 LightGBM raw,270.9460028418673,183.95485034166543,341.45792978685046,187.734902973676,122.41492658984008,255.43772873240377,29
opx,opx_only,T_C,P,deeper_mantle,30.0,1000.0,29,v10,LightGBM/alr,v10 LightGBM alr,265.18906747181404,181.24853489256577,337.4339276131161,185.0476527574847,120.94783649977046,250.13897753000566,29
opx,opx_only,T_C,P,deeper_mantle,30.0,1000.0,29,v10,LightGBM/pwlr,v10 LightGBM pwlr,274.62777242572173,186.07338991816175,348.15186307141994,188.4452900730948,121.91693622905113,256.91675639847546,29
opx,opx_only,P_kbar,P,deeper_mantle,30.0,1000.0,29,v10,LightGBM/raw,v10 LightGBM raw,24.87651596495683,15.562249076255835,33.47034155847285,18.827936976378954,13.341514177268145,24.70147853790701,29
opx,opx_only,P_kbar,P,deeper_mantle,30.0,1000.0,29,v10,LightGBM/alr,v10 LightGBM alr,24.16794709608361,14.216329396909497,33.395525211617375,17.747353575184672,12.393622549088535,23.790721167370478,29
opx,opx_only,P_kbar,P,deeper_mantle,30.0,1000.0,29,v10,LightGBM/pwlr,v10 LightGBM pwlr,21.07396414495918,9.12558172544325,31.93568593871082,12.756698149926514,7.574419593398632,19.517661724582688,29
opx,opx_only,T_C,P,deeper_mantle,30.0,1000.0,29,v10,ElasticNet/raw,v10 ElasticNet raw,247.60555971856934,167.1849036983914,313.4356851386966,181.04120662315307,122.19144406025282,238.89461128781994,29
opx,opx_only,T_C,P,deeper_mantle,30.0,1000.0,29,v10,ElasticNet/alr,v10 ElasticNet alr,266.46088091007766,187.2210001850651,330.6037353421837,200.3512646161284,142.7081015217802,259.9699371497722,29
opx,opx_only,T_C,P,deeper_mantle,30.0,1000.0,29,v10,ElasticNet/pwlr,v10 ElasticNet pwlr,274.57781408212986,181.36283747378323,343.2083822816387,190.88229330115118,122.94895919913753,257.1939608414092,29
opx,opx_only,P_kbar,P,deeper_mantle,30.0,1000.0,29,v10,ElasticNet/raw,v10 ElasticNet raw,28.0415570500514,20.530659501478656,35.788973160563295,23.29311452271831,17.99630938891058,29.018207562928627,29
opx,opx_only,P_kbar,P,deeper_mantle,30.0,1000.0,29,v10,ElasticNet/alr,v10 ElasticNet alr,28.808642011988184,21.354339217252548,36.539584422247806,24.438382243472976,19.16421006823751,29.95567588443202,29
opx,opx_only,P_kbar,P,deeper_mantle,30.0,1000.0,29,v10,ElasticNet/pwlr,v10 ElasticNet pwlr,28.66617577887461,21.200179503744074,36.571198208224935,24.30192971389534,19.096760818301348,29.825147943657896,29
opx,opx_only,T_C,P,deeper_mantle,30.0,1000.0,29,v10,MLP/raw,v10 MLP raw,273.9459803428975,198.89954948521952,336.7386404458526,209.86502300391749,147.5964915207626,267.54358302573064,29
opx,opx_only,T_C,P,deeper_mantle,30.0,1000.0,29,v10,MLP/alr,v10 MLP alr,325.29942381670554,231.9303924152664,401.79090615897525,228.94667549620368,155.3911780983114,308.66729082522886,29
opx,opx_only,T_C,P,deeper_mantle,30.0,1000.0,29,v10,MLP/pwlr,v10 MLP pwlr,292.95721731912187,203.31788499206942,367.91680033191824,202.11809243818254,133.65058317024625,276.150649784894,29
opx,opx_only,P_kbar,P,deeper_mantle,30.0,1000.0,29,v10,MLP/raw,v10 MLP raw,29.676313248639,22.31447179023879,35.66811989905169,22.743780249194717,16.057711799404018,29.461264957897463,29
opx,opx_only,P_kbar,P,deeper_mantle,30.0,1000.0,29,v10,MLP/alr,v10 MLP alr,26.428341183186475,21.124209212643574,30.780495830187892,21.808301350994977,16.392503042756545,26.662301500341574,29
opx,opx_only,P_kbar,P,deeper_mantle,30.0,1000.0,29,v10,MLP/pwlr,v10 MLP pwlr,25.743671178016406,19.780695611189728,30.63804980274534,21.48385904510167,16.438195635150215,26.244554281112464,29
opx,opx_only,P_kbar,P,deeper_mantle,30.0,1000.0,29,Putirka,Putirka 29c,Putirka 29c,30.923474603199114,21.451188613809244,38.86229791285133,23.88377305373496,15.822522075678496,31.919882680196984,24
opx,opx_only,T_C,P,P<5,0.0,5.0,48,v10,RF/raw,v10 RF raw,150.37632455790293,132.25898854968483,168.17376716972643,134.42447134721132,116.21092991786286,153.31274864954554,48
opx,opx_only,T_C,P,P<5,0.0,5.0,48,v10,RF/alr,v10 RF alr,149.60683818894222,132.61248950657244,166.22206675663082,135.01624526746764,117.98812129060718,152.5322024273574,48
opx,opx_only,T_C,P,P<5,0.0,5.0,48,v10,RF/pwlr,v10 RF pwlr,135.2316113027337,119.92097721944074,149.51712216642085,123.02753083924438,106.50749669598727,138.3897586669202,48
opx,opx_only,P_kbar,P,P<5,0.0,5.0,48,v10,RF/raw,v10 RF raw,7.9559334153149575,5.910596590097217,10.106759636694418,5.626891244464066,4.2258883657995705,7.40040771107906,48
opx,opx_only,P_kbar,P,P<5,0.0,5.0,48,v10,RF/alr,v10 RF alr,7.804622497952935,6.004312404591427,9.596206792488314,5.922144871153118,4.623796948321926,7.4447771758877215,48
opx,opx_only,P_kbar,P,P<5,0.0,5.0,48,v10,RF/pwlr,v10 RF pwlr,7.912635782746128,6.27398339064839,9.480248080036901,6.214101311220766,5.01779314680238,7.534621212973994,48
opx,opx_only,T_C,P,P<5,0.0,5.0,48,v10,ERT/raw,v10 ERT raw,157.7054259310865,138.3111957976169,176.25169294613994,143.55124126887264,125.64264801515598,161.02414254699582,48
opx,opx_only,T_C,P,P<5,0.0,5.0,48,v10,ERT/alr,v10 ERT alr,152.95485899935764,135.57889160081302,169.33842747901812,138.5645114533044,120.28801618611702,156.52546290110206,48
opx,opx_only,T_C,P,P<5,0.0,5.0,48,v10,ERT/pwlr,v10 ERT pwlr,134.23049827074172,120.31756746700592,146.7033088364973,124.53965384340376,109.78061692272203,138.35613710763627,48
opx,opx_only,P_kbar,P,P<5,0.0,5.0,48,v10,ERT/raw,v10 ERT raw,7.192438024464698,5.665352950361073,8.757453742980598,5.6180244197721265,4.4144987685524475,6.980732468092684,48
opx,opx_only,P_kbar,P,P<5,0.0,5.0,48,v10,ERT/alr,v10 ERT alr,9.107900507591099,7.541149980881215,10.710269611007392,7.514688228989786,6.232859199408202,9.034448329741195,48
opx,opx_only,P_kbar,P,P<5,0.0,5.0,48,v10,ERT/pwlr,v10 ERT pwlr,8.689027044200454,7.48653511238451,9.907966952329133,7.5171484818037015,6.396846963427104,8.738831167586701,48
opx,opx_only,T_C,P,P<5,0.0,5.0,48,v10,XGB/raw,v10 XGB raw,115.47434534614929,100.6662673389656,128.26887027163957,102.4492581685384,85.73761059443156,116.72991930643717,48
opx,opx_only,T_C,P,P<5,0.0,5.0,48,v10,XGB/alr,v10 XGB alr,120.30587526141379,105.81243968666466,133.77878675470353,108.47011057535808,93.62958501180013,122.900892384847,48
opx,opx_only,T_C,P,P<5,0.0,5.0,48,v10,XGB/pwlr,v10 XGB pwlr,127.59545977651914,111.47511744485335,141.37069713465985,114.2449124654134,98.17343142827352,129.57241373062132,48
opx,opx_only,P_kbar,P,P<5,0.0,5.0,48,v10,XGB/raw,v10 XGB raw,7.472295851568284,5.752225482275332,9.268880611840485,5.999428457654786,4.860002546866183,7.389951194603218,48
opx,opx_only,P_kbar,P,P<5,0.0,5.0,48,v10,XGB/alr,v10 XGB alr,7.548845845009661,5.949763259956083,9.161405826824184,5.764909465250643,4.595122171178529,7.249260159980425,48
opx,opx_only,P_kbar,P,P<5,0.0,5.0,48,v10,XGB/pwlr,v10 XGB pwlr,7.945127402026178,6.455545905157142,9.324144480325412,6.26707221100454,4.977081087793945,7.651568771252791,48
opx,opx_only,T_C,P,P<5,0.0,5.0,48,v10,GB/raw,v10 GB raw,108.26393553740846,90.89507136454576,122.97443047124845,90.67390520193506,73.84792583908656,106.57043806566723,48
opx,opx_only,T_C,P,P<5,0.0,5.0,48,v10,GB/alr,v10 GB alr,108.88061586785176,96.7249289515158,119.22588774197361,99.31260991649651,85.71093427579237,111.24365285764354,48
opx,opx_only,T_C,P,P<5,0.0,5.0,48,v10,GB/pwlr,v10 GB pwlr,137.28197291163474,120.13678574733737,154.3705922402562,122.62605149720657,106.52422305258852,140.74025771383668,48
opx,opx_only,P_kbar,P,P<5,0.0,5.0,48,v10,GB/raw,v10 GB raw,7.543017353560378,6.0517910288367665,9.123172800198649,6.3526763618820965,5.329015404417382,7.572332418116176,48
opx,opx_only,P_kbar,P,P<5,0.0,5.0,48,v10,GB/alr,v10 GB alr,8.298836269267536,6.93628075609246,9.777056107315905,6.975005261368817,5.85880856339891,8.363122142616898,48
opx,opx_only,P_kbar,P,P<5,0.0,5.0,48,v10,GB/pwlr,v10 GB pwlr,8.87076179567877,7.536596931440872,10.315589580224016,7.883677569346593,6.792260032616388,9.028990150133199,48
opx,opx_only,T_C,P,P<5,0.0,5.0,48,v10,CatBoost/raw,v10 CatBoost raw,132.0016696220847,114.81971178907988,146.63507758455043,118.58318090548967,101.75663710667831,134.5968968918894,48
opx,opx_only,T_C,P,P<5,0.0,5.0,48,v10,CatBoost/alr,v10 CatBoost alr,135.66659697408554,121.19599430200894,148.61947636234981,125.22410682084843,109.4481104581788,139.12149457943204,48
opx,opx_only,T_C,P,P<5,0.0,5.0,48,v10,CatBoost/pwlr,v10 CatBoost pwlr,133.7898257179356,116.2995815562532,148.48372229553848,121.24344118122683,104.29528474461358,136.11723657865517,48
opx,opx_only,P_kbar,P,P<5,0.0,5.0,48,v10,CatBoost/raw,v10 CatBoost raw,8.242076680059334,6.698453571003513,9.79844768013712,6.478661260175261,5.151437298690493,7.958320248890266,48
opx,opx_only,P_kbar,P,P<5,0.0,5.0,48,v10,CatBoost/alr,v10 CatBoost alr,8.132600566893167,6.65833219479456,9.646423451619713,6.69063877902119,5.470234523768106,8.07511106412366,48
opx,opx_only,P_kbar,P,P<5,0.0,5.0,48,v10,CatBoost/pwlr,v10 CatBoost pwlr,7.563983686013897,6.364492917631601,8.772069275416483,6.212907311953288,5.101239276324079,7.42479337695316,48
opx,opx_only,T_C,P,P<5,0.0,5.0,48,v10,LightGBM/raw,v10 LightGBM raw,122.94157625669165,108.09956442231271,136.86264226572183,109.43120307586283,93.98069800765843,125.29763601650711,48
opx,opx_only,T_C,P,P<5,0.0,5.0,48,v10,LightGBM/alr,v10 LightGBM alr,112.19479713902862,97.68889897562921,124.77720320400178,101.08904255595176,85.52420484360914,114.67857530941315,48
opx,opx_only,T_C,P,P<5,0.0,5.0,48,v10,LightGBM/pwlr,v10 LightGBM pwlr,141.4646866878054,124.51993994881722,156.237594813066,128.95157514795025,111.61532057324911,145.80255003471095,48
opx,opx_only,P_kbar,P,P<5,0.0,5.0,48,v10,LightGBM/raw,v10 LightGBM raw,7.596148606030257,6.100053279402687,9.167414478010983,6.3354175922935605,5.3348831377660675,7.654510250417489,48
opx,opx_only,P_kbar,P,P<5,0.0,5.0,48,v10,LightGBM/alr,v10 LightGBM alr,8.52330927423,7.145129965366695,9.941991121818125,7.269466152039257,6.177647691115032,8.736332846859144,48
opx,opx_only,P_kbar,P,P<5,0.0,5.0,48,v10,LightGBM/pwlr,v10 LightGBM pwlr,8.757645353134325,7.589880531662996,9.933882733864337,7.519584468410026,6.346414974895558,8.745158855553248,48
opx,opx_only,T_C,P,P<5,0.0,5.0,48,v10,ElasticNet/raw,v10 ElasticNet raw,184.71519038699924,166.6406416739999,200.74866886885462,170.70306138870788,148.54666914586363,189.3422782064868,48
opx,opx_only,T_C,P,P<5,0.0,5.0,48,v10,ElasticNet/alr,v10 ElasticNet alr,203.2403041372606,183.83395917411212,218.98317337890504,188.05596760529838,163.90840309914486,208.29207882125237,48
opx,opx_only,T_C,P,P<5,0.0,5.0,48,v10,ElasticNet/pwlr,v10 ElasticNet pwlr,181.2152273526742,165.04191948995592,196.48753265906154,169.76556766139439,151.72511431418218,187.3927022185874,48
opx,opx_only,P_kbar,P,P<5,0.0,5.0,48,v10,ElasticNet/raw,v10 ElasticNet raw,9.953727410875793,8.614250935870814,11.520770358803876,9.26710767032341,8.350995720934517,10.357245531358357,48
opx,opx_only,P_kbar,P,P<5,0.0,5.0,48,v10,ElasticNet/alr,v10 ElasticNet alr,11.379893436273594,10.9254159344073,11.826334368578216,11.25702958043208,10.786293372720818,11.732010900980253,48
opx,opx_only,P_kbar,P,P<5,0.0,5.0,48,v10,ElasticNet/pwlr,v10 ElasticNet pwlr,11.244261142655562,10.810479825300094,11.717066595753483,11.123776799530669,10.664038749137283,11.626021205548367,48
opx,opx_only,T_C,P,P<5,0.0,5.0,48,v10,MLP/raw,v10 MLP raw,134.92668156985835,120.3660481827237,147.36064827870806,124.45565053048558,108.94699933971421,139.02211673400146,48
opx,opx_only,T_C,P,P<5,0.0,5.0,48,v10,MLP/alr,v10 MLP alr,205.70363381126327,188.642645819968,220.87079477365833,196.06676499754857,177.49452530482026,212.64018418996955,48
opx,opx_only,T_C,P,P<5,0.0,5.0,48,v10,MLP/pwlr,v10 MLP pwlr,162.76638896016843,142.959190832733,180.4920824784558,146.2888128135682,126.87012133883906,164.32360905124628,48
opx,opx_only,P_kbar,P,P<5,0.0,5.0,48,v10,MLP/raw,v10 MLP raw,7.566769350534051,5.756629267688999,9.122055371196467,5.622049724141956,4.288354784778574,7.102917319788444,46
opx,opx_only,P_kbar,P,P<5,0.0,5.0,48,v10,MLP/alr,v10 MLP alr,11.167553504417468,9.18239831385834,13.089062127537286,9.124685918972931,7.228324138680465,10.996670271323362,48
opx,opx_only,P_kbar,P,P<5,0.0,5.0,48,v10,MLP/pwlr,v10 MLP pwlr,7.367631654844587,5.399356861183785,9.186049043903953,4.9493778957746555,3.6176131603835326,6.472127791471002,48
opx,opx_only,P_kbar,P,P<5,0.0,5.0,48,Putirka,Putirka 29c,Putirka 29c,2.197173215181949,1.6926008808713655,2.7174502826109785,1.745866222298224,1.365751688448909,2.1700611000693883,41
opx,opx_only,T_C,P,5<=P<10,5.0,10.0,20,v10,RF/raw,v10 RF raw,168.84110796171092,120.03604216021625,216.66983009265667,138.69382767585384,100.43149831094851,181.84548437081088,20
opx,opx_only,T_C,P,5<=P<10,5.0,10.0,20,v10,RF/alr,v10 RF alr,170.0208057727051,123.41719039300187,215.11690765214945,141.3260915588558,102.84048007979125,184.91177891970065,20
opx,opx_only,T_C,P,5<=P<10,5.0,10.0,20,v10,RF/pwlr,v10 RF pwlr,157.05840726778843,103.0893016584724,208.78605030156504,123.27868583240222,85.36929207449127,165.3910355045265,20
opx,opx_only,P_kbar,P,5<=P<10,5.0,10.0,20,v10,RF/raw,v10 RF raw,11.450427393803428,8.004128410290836,14.22668379563594,9.112401644843974,6.099607653258132,12.065407196314585,20
opx,opx_only,P_kbar,P,5<=P<10,5.0,10.0,20,v10,RF/alr,v10 RF alr,9.764677595485033,6.609742604168319,12.35715469237326,7.885906022019695,5.477166187125083,10.406785948476278,20
opx,opx_only,P_kbar,P,5<=P<10,5.0,10.0,20,v10,RF/pwlr,v10 RF pwlr,10.302190109137463,6.324081064674409,13.366835832780579,7.736187328045583,4.909421440295457,10.548610320978442,20
opx,opx_only,T_C,P,5<=P<10,5.0,10.0,20,v10,ERT/raw,v10 ERT raw,175.1842962247921,125.49406376727752,220.46287935607643,141.3035316222291,96.6123047602523,187.22333010857966,20
opx,opx_only,T_C,P,5<=P<10,5.0,10.0,20,v10,ERT/alr,v10 ERT alr,168.32282073615013,123.05663957476816,210.2151772377496,133.86235253340607,92.7131389214264,180.03369127416258,20
opx,opx_only,T_C,P,5<=P<10,5.0,10.0,20,v10,ERT/pwlr,v10 ERT pwlr,154.36980791833085,108.59005808396806,199.18438171392114,120.03172349782434,80.85104947563019,163.53222544975472,20
opx,opx_only,P_kbar,P,5<=P<10,5.0,10.0,20,v10,ERT/raw,v10 ERT raw,10.867578934242907,7.522965933244676,13.681067666796041,8.687074743797726,5.930321335137109,11.49409819184015,20
opx,opx_only,P_kbar,P,5<=P<10,5.0,10.0,20,v10,ERT/alr,v10 ERT alr,9.205161820951783,6.710558710462771,11.45516669278444,7.496827402660526,5.299936988879732,9.888226049921625,20
opx,opx_only,P_kbar,P,5<=P<10,5.0,10.0,20,v10,ERT/pwlr,v10 ERT pwlr,8.913466930102102,5.963613799111253,11.26278402074961,7.103281178258479,4.839237274756366,9.37989218882948,20
opx,opx_only,T_C,P,5<=P<10,5.0,10.0,20,v10,XGB/raw,v10 XGB raw,166.71501290320361,122.42210943544032,207.1748194779321,136.97177915714414,96.98936057782916,178.2824449701621,20
opx,opx_only,T_C,P,5<=P<10,5.0,10.0,20,v10,XGB/alr,v10 XGB alr,156.11341423420475,111.32409279675586,194.43228228201494,123.67941160343321,84.70657091633295,166.07092877232253,20
opx,opx_only,T_C,P,5<=P<10,5.0,10.0,20,v10,XGB/pwlr,v10 XGB pwlr,140.97403235513377,88.3151526648701,189.54119826349262,109.00894975225542,73.42124660653546,146.8802552752225,20
opx,opx_only,P_kbar,P,5<=P<10,5.0,10.0,20,v10,XGB/raw,v10 XGB raw,9.564506937675924,6.995077380521354,11.816011122027161,8.052933997526136,5.931696741398987,10.451121180866219,20
opx,opx_only,P_kbar,P,5<=P<10,5.0,10.0,20,v10,XGB/alr,v10 XGB alr,8.655456481179128,6.556029654738065,10.526314008319861,7.4205502575778635,5.515781337088822,9.335758579545347,20
opx,opx_only,P_kbar,P,5<=P<10,5.0,10.0,20,v10,XGB/pwlr,v10 XGB pwlr,9.424308996635713,6.252450602533748,11.997607823298914,7.551093951341184,5.111355907082743,10.178927435393092,20
opx,opx_only,T_C,P,5<=P<10,5.0,10.0,20,v10,GB/raw,v10 GB raw,175.0562794643295,132.08545261672222,212.63890589152004,142.87969802794592,101.40450729806058,185.66194329630343,20
opx,opx_only,T_C,P,5<=P<10,5.0,10.0,20,v10,GB/alr,v10 GB alr,170.00240914030564,118.97379382815808,215.81552777214154,132.7113062293966,89.67422423319259,179.79507973919172,20
opx,opx_only,T_C,P,5<=P<10,5.0,10.0,20,v10,GB/pwlr,v10 GB pwlr,156.7619018536173,87.03059175112536,223.75868204415988,114.05179331777063,73.1028711001328,161.67430089508696,20
opx,opx_only,P_kbar,P,5<=P<10,5.0,10.0,20,v10,GB/raw,v10 GB raw,9.7581337837024,5.929930787505203,13.24432149672282,7.449225860988221,4.728935905989575,10.312369245849979,20
opx,opx_only,P_kbar,P,5<=P<10,5.0,10.0,20,v10,GB/alr,v10 GB alr,9.52586102112478,5.823095996529578,12.93782494751345,7.257159055466222,4.765634109685759,10.117560656399219,20
opx,opx_only,P_kbar,P,5<=P<10,5.0,10.0,20,v10,GB/pwlr,v10 GB pwlr,11.032678664966031,6.250003099049327,14.888090085880087,8.27729546615979,5.292094133401256,11.565674687106204,20
opx,opx_only,T_C,P,5<=P<10,5.0,10.0,20,v10,CatBoost/raw,v10 CatBoost raw,171.92503461960652,121.73031569057491,217.26427517916525,131.7805070780757,86.41328358196196,181.03208722074893,20
opx,opx_only,T_C,P,5<=P<10,5.0,10.0,20,v10,CatBoost/alr,v10 CatBoost alr,168.40207149726433,122.6061321418952,209.7042193876918,132.9400739645222,88.9213945139852,180.26393757075735,20
opx,opx_only,T_C,P,5<=P<10,5.0,10.0,20,v10,CatBoost/pwlr,v10 CatBoost pwlr,155.33434679342142,112.82421881678403,194.19586212684862,123.84336469048087,85.32532104699457,162.9424567648943,20
opx,opx_only,P_kbar,P,5<=P<10,5.0,10.0,20,v10,CatBoost/raw,v10 CatBoost raw,8.319292020733748,5.774651999524812,10.379601575521928,6.753508098580433,4.621585024498949,8.944316742115822,20
opx,opx_only,P_kbar,P,5<=P<10,5.0,10.0,20,v10,CatBoost/alr,v10 CatBoost alr,6.481660845732377,5.047447422127254,7.766539056990689,5.6295718428535775,4.145810600721322,7.11700890314959,20
opx,opx_only,P_kbar,P,5<=P<10,5.0,10.0,20,v10,CatBoost/pwlr,v10 CatBoost pwlr,7.555645391736545,5.061459258732464,9.63023704055217,5.937988739513764,3.956209510171193,7.964927743691821,20
opx,opx_only,T_C,P,5<=P<10,5.0,10.0,20,v10,LightGBM/raw,v10 LightGBM raw,170.67954243722065,118.79782958133502,218.54082996348438,134.00515590780918,89.63278081910325,180.34042451343146,20
opx,opx_only,T_C,P,5<=P<10,5.0,10.0,20,v10,LightGBM/alr,v10 LightGBM alr,181.8707235061674,127.65767787273779,228.9362295908434,140.81822473285325,93.11140101604707,192.32749810462576,20
opx,opx_only,T_C,P,5<=P<10,5.0,10.0,20,v10,LightGBM/pwlr,v10 LightGBM pwlr,145.18506475266952,89.46750251112584,199.85555136837746,107.11993435472228,68.64563905790206,149.7273210093973,20
opx,opx_only,P_kbar,P,5<=P<10,5.0,10.0,20,v10,LightGBM/raw,v10 LightGBM raw,9.531263124018027,5.508759904992742,13.113829751645664,7.148012299366224,4.525947587900857,10.22643325853255,20
opx,opx_only,P_kbar,P,5<=P<10,5.0,10.0,20,v10,LightGBM/alr,v10 LightGBM alr,8.791483048799499,5.604858867471347,11.698087000036175,6.843135969215176,4.6965331411175875,9.333433229797473,20
opx,opx_only,P_kbar,P,5<=P<10,5.0,10.0,20,v10,LightGBM/pwlr,v10 LightGBM pwlr,9.045395068331022,5.517484732852179,12.04133919268842,6.852582202575064,4.410678749775771,9.548951617896677,20
opx,opx_only,T_C,P,5<=P<10,5.0,10.0,20,v10,ElasticNet/raw,v10 ElasticNet raw,196.22023793694603,141.73357655616607,245.0676243137281,162.04987088692624,114.49537410972209,212.0380770055544,20
opx,opx_only,T_C,P,5<=P<10,5.0,10.0,20,v10,ElasticNet/alr,v10 ElasticNet alr,181.20515740987014,129.22056076480516,227.51261826494527,148.326427993005,103.36121846203272,199.55725833513011,20
opx,opx_only,T_C,P,5<=P<10,5.0,10.0,20,v10,ElasticNet/pwlr,v10 ElasticNet pwlr,170.7654688282413,121.2882415950798,213.0035516783954,135.59808662520717,90.2126211940336,185.7312180426932,20
opx,opx_only,P_kbar,P,5<=P<10,5.0,10.0,20,v10,ElasticNet/raw,v10 ElasticNet raw,13.193178626736618,6.937556441080289,18.669746436277897,9.578138562424083,6.362814467345332,13.605348375675844,20
opx,opx_only,P_kbar,P,5<=P<10,5.0,10.0,20,v10,ElasticNet/alr,v10 ElasticNet alr,8.098069843641023,6.940134104646255,9.170376958704159,7.654758712947516,6.518368386522833,8.825636434813454,20
opx,opx_only,P_kbar,P,5<=P<10,5.0,10.0,20,v10,ElasticNet/pwlr,v10 ElasticNet pwlr,7.5976655886835065,6.572419126840699,8.569049984442938,7.18625660091993,6.202453268924731,8.247207982975093,20
opx,opx_only,T_C,P,5<=P<10,5.0,10.0,20,v10,MLP/raw,v10 MLP raw,159.66205041297545,120.04504640616847,194.7841039529627,132.4119829959803,92.97042445846517,171.5752370730676,20
opx,opx_only,T_C,P,5<=P<10,5.0,10.0,20,v10,MLP/alr,v10 MLP alr,136.72745260404955,95.58181482349922,174.78682408457817,108.70778387070371,74.54131446861578,145.46664948733311,20
opx,opx_only,T_C,P,5<=P<10,5.0,10.0,20,v10,MLP/pwlr,v10 MLP pwlr,172.66764375447488,120.77883568765867,216.09413903154137,142.9819542486814,97.55931938622538,182.49632173356784,20
opx,opx_only,P_kbar,P,5<=P<10,5.0,10.0,20,v10,MLP/raw,v10 MLP raw,9.91798180889376,6.842424928097992,12.374017077800067,7.728581847895231,4.957187572369888,10.61374536526555,20
opx,opx_only,P_kbar,P,5<=P<10,5.0,10.0,20,v10,MLP/alr,v10 MLP alr,6.47279025018904,4.428947853054444,8.327737830723272,5.033723277883881,3.1390328276041006,6.903828243817441,20
opx,opx_only,P_kbar,P,5<=P<10,5.0,10.0,20,v10,MLP/pwlr,v10 MLP pwlr,6.448859760400442,2.849318262094666,9.245363836773498,4.323259701192337,2.463328958397713,6.466951766071109,20
opx,opx_only,P_kbar,P,5<=P<10,5.0,10.0,20,Putirka,Putirka 29c,Putirka 29c,5.0888230430898345,3.2495775407517344,6.963225800161941,4.63537539617039,3.2369236707338054,6.482597725529541,6
opx,opx_only,T_C,P,10<=P<20,10.0,20.0,84,v10,RF/raw,v10 RF raw,98.32964890830668,85.37179135774144,113.3970344854363,81.39779950890878,70.88853090052044,93.88902634318936,84
opx,opx_only,T_C,P,10<=P<20,10.0,20.0,84,v10,RF/alr,v10 RF alr,98.48298073743224,84.49540658048392,115.05882476309041,80.43732934459153,69.72490498440536,93.25562695870052,84
opx,opx_only,T_C,P,10<=P<20,10.0,20.0,84,v10,RF/pwlr,v10 RF pwlr,96.23905248357471,82.98189470555003,113.48794895434564,79.16881539945467,69.5075261641034,92.32238421067953,84
opx,opx_only,P_kbar,P,10<=P<20,10.0,20.0,84,v10,RF/raw,v10 RF raw,4.624680549013105,3.2172769531639713,6.256761591559966,3.1581317945030754,2.569022689934521,3.976105625545403,84
opx,opx_only,P_kbar,P,10<=P<20,10.0,20.0,84,v10,RF/alr,v10 RF alr,4.897186185462634,3.205715952503533,6.856807875768429,3.143931851079922,2.457342576521401,4.0883185111630365,84
opx,opx_only,P_kbar,P,10<=P<20,10.0,20.0,84,v10,RF/pwlr,v10 RF pwlr,5.528522812466,2.9543702424955995,8.423134684006074,3.1693953423287704,2.3621670946963493,4.4076233539455405,84
opx,opx_only,T_C,P,10<=P<20,10.0,20.0,84,v10,ERT/raw,v10 ERT raw,97.02744600327631,83.72196089724362,112.7189805512014,79.6645185439255,69.28658422307241,92.04724207006294,84
opx,opx_only,T_C,P,10<=P<20,10.0,20.0,84,v10,ERT/alr,v10 ERT alr,103.0862773778366,90.58302645592529,118.37906379163796,86.63088516278182,75.42958057138269,99.56842264947898,84
opx,opx_only,T_C,P,10<=P<20,10.0,20.0,84,v10,ERT/pwlr,v10 ERT pwlr,97.7708369197216,84.27707614158047,114.4241604168221,80.49023116211241,69.89879931075342,94.08902292021311,84
opx,opx_only,P_kbar,P,10<=P<20,10.0,20.0,84,v10,ERT/raw,v10 ERT raw,4.170743023678103,3.353943320045025,5.312101862225401,3.166634948895026,2.6102260759803406,3.838997555389559,84
opx,opx_only,P_kbar,P,10<=P<20,10.0,20.0,84,v10,ERT/alr,v10 ERT alr,5.031784964081728,3.795441708193483,6.9269739103585595,3.7192630902561015,3.0995353998861814,4.597998220524074,84
opx,opx_only,P_kbar,P,10<=P<20,10.0,20.0,84,v10,ERT/pwlr,v10 ERT pwlr,5.123714687647928,3.2416485458628372,7.406688804676306,3.3518054313942107,2.6771499462215442,4.426992323574542,84
opx,opx_only,T_C,P,10<=P<20,10.0,20.0,84,v10,XGB/raw,v10 XGB raw,92.02913440715672,79.3350162397677,105.7649610018073,75.86655442629907,65.32024867648896,86.44137107234963,84
opx,opx_only,T_C,P,10<=P<20,10.0,20.0,84,v10,XGB/alr,v10 XGB alr,96.25059353098698,82.6106705500827,113.35501108106673,79.31796400624432,69.16927603625024,91.02498189475733,84
opx,opx_only,T_C,P,10<=P<20,10.0,20.0,84,v10,XGB/pwlr,v10 XGB pwlr,98.52387484506819,85.60039277699578,115.08379413654117,79.30223873420192,68.13412064094041,92.67878935305131,84
opx,opx_only,P_kbar,P,10<=P<20,10.0,20.0,84,v10,XGB/raw,v10 XGB raw,4.870910627420829,3.229169843830659,6.772403369523362,3.3115009480327364,2.695599312235434,4.218728413533311,84
opx,opx_only,P_kbar,P,10<=P<20,10.0,20.0,84,v10,XGB/alr,v10 XGB alr,4.063470069686658,3.007847365003802,5.4302223874087305,2.881320368036786,2.3231213489659197,3.573697644814937,84
opx,opx_only,P_kbar,P,10<=P<20,10.0,20.0,84,v10,XGB/pwlr,v10 XGB pwlr,6.595561694290105,4.459623447747855,9.088608007999111,4.275424960080844,3.3809465903067597,5.550588123351272,84
opx,opx_only,T_C,P,10<=P<20,10.0,20.0,84,v10,GB/raw,v10 GB raw,98.3366359161765,85.02641030562114,111.13226969244928,84.06440244040557,73.84909537614018,94.69009069221926,84
opx,opx_only,T_C,P,10<=P<20,10.0,20.0,84,v10,GB/alr,v10 GB alr,95.75518558718825,82.55926924657705,110.30054774618588,79.51702701050912,68.26399262807793,90.5517207491996,84
opx,opx_only,T_C,P,10<=P<20,10.0,20.0,84,v10,GB/pwlr,v10 GB pwlr,103.50579619825479,90.06768140172368,118.88653882025294,86.32606898247674,75.67696530670466,98.79577095620849,84
opx,opx_only,P_kbar,P,10<=P<20,10.0,20.0,84,v10,GB/raw,v10 GB raw,5.741860178093298,4.0725130087590715,7.708499337815847,3.884015872696754,3.0602435949873446,4.958844742395096,84
opx,opx_only,P_kbar,P,10<=P<20,10.0,20.0,84,v10,GB/alr,v10 GB alr,5.663808737344029,4.065978196651905,7.50627736717652,3.889721524656919,3.0994294102031867,4.908044002318122,84
opx,opx_only,P_kbar,P,10<=P<20,10.0,20.0,84,v10,GB/pwlr,v10 GB pwlr,5.3653350367826755,3.282273637075767,7.638919175724464,3.3336029991830456,2.5669511051462996,4.376839004212566,84
opx,opx_only,T_C,P,10<=P<20,10.0,20.0,84,v10,CatBoost/raw,v10 CatBoost raw,96.78431368697294,82.55272125772366,113.66618611594244,78.1398942418087,66.93762139443868,91.36900832990844,84
opx,opx_only,T_C,P,10<=P<20,10.0,20.0,84,v10,CatBoost/alr,v10 CatBoost alr,94.09069271991373,81.60566714065048,108.54626183884508,78.60914371397419,68.74562588920276,89.9199883639808,84
opx,opx_only,T_C,P,10<=P<20,10.0,20.0,84,v10,CatBoost/pwlr,v10 CatBoost pwlr,100.40947244388381,86.36104016060115,116.80641097923392,80.9260989030766,69.32082168956104,93.52271159021169,84
opx,opx_only,P_kbar,P,10<=P<20,10.0,20.0,84,v10,CatBoost/raw,v10 CatBoost raw,5.1721295705884796,3.790201922730111,6.994205187332902,3.6660345906021856,3.0083234950932587,4.677358862859617,84
opx,opx_only,P_kbar,P,10<=P<20,10.0,20.0,84,v10,CatBoost/alr,v10 CatBoost alr,4.27479158666164,3.77785944942945,4.880650334352319,3.39649296891632,2.8714287344003355,4.011616974972783,84
opx,opx_only,P_kbar,P,10<=P<20,10.0,20.0,84,v10,CatBoost/pwlr,v10 CatBoost pwlr,4.761683690155528,3.1363173214621844,6.857910196441172,3.0493704037780183,2.3844260013846124,4.068155154178755,84
opx,opx_only,T_C,P,10<=P<20,10.0,20.0,84,v10,LightGBM/raw,v10 LightGBM raw,99.41357650068908,85.90308645354031,115.31784082083507,81.23740950551289,70.3261652857121,93.57306435590475,84
opx,opx_only,T_C,P,10<=P<20,10.0,20.0,84,v10,LightGBM/alr,v10 LightGBM alr,96.32772032095852,83.72528006447911,111.01720240766373,79.63129906058941,69.03258928218231,90.92126278114156,84
opx,opx_only,T_C,P,10<=P<20,10.0,20.0,84,v10,LightGBM/pwlr,v10 LightGBM pwlr,87.91253119013115,74.0778195311647,105.38064643249356,68.8268905250327,57.745262335084966,81.5577181250022,84
opx,opx_only,P_kbar,P,10<=P<20,10.0,20.0,84,v10,LightGBM/raw,v10 LightGBM raw,5.95726574265534,4.310948700479857,7.982015709687861,4.156978231879568,3.4014946427875556,5.262146586078748,84
opx,opx_only,P_kbar,P,10<=P<20,10.0,20.0,84,v10,LightGBM/alr,v10 LightGBM alr,6.043353232111781,4.050523418323008,8.367646016462578,3.9307446299602224,3.0752333822929394,5.068994642566383,84
opx,opx_only,P_kbar,P,10<=P<20,10.0,20.0,84,v10,LightGBM/pwlr,v10 LightGBM pwlr,6.309496661704027,3.270544738904687,9.528949130527865,3.578849903981097,2.6569257811313283,5.026752687473077,84
opx,opx_only,T_C,P,10<=P<20,10.0,20.0,84,v10,ElasticNet/raw,v10 ElasticNet raw,92.16939788788736,76.30564316960795,110.10690383141315,72.70739464154717,61.48190856808325,85.30346377258766,84
opx,opx_only,T_C,P,10<=P<20,10.0,20.0,84,v10,ElasticNet/alr,v10 ElasticNet alr,97.38897906316897,83.92078378982939,115.78479896923922,81.1839624268487,71.36470950964765,93.78969174352459,84
opx,opx_only,T_C,P,10<=P<20,10.0,20.0,84,v10,ElasticNet/pwlr,v10 ElasticNet pwlr,108.9286640167917,98.09843869328222,119.76839433628453,96.82186306631381,86.29052243950079,107.2936363139766,84
opx,opx_only,P_kbar,P,10<=P<20,10.0,20.0,84,v10,ElasticNet/raw,v10 ElasticNet raw,4.700279192650192,3.958147629432197,5.596062717834267,3.7291312271659116,3.1694733792602166,4.384872269356022,84
opx,opx_only,P_kbar,P,10<=P<20,10.0,20.0,84,v10,ElasticNet/alr,v10 ElasticNet alr,4.1371317075366125,3.6386418161274947,4.590138337228219,3.4014700293730717,2.93374657707119,3.87703045742289,84
opx,opx_only,P_kbar,P,10<=P<20,10.0,20.0,84,v10,ElasticNet/pwlr,v10 ElasticNet pwlr,3.9615977615201126,3.522012924985833,4.365877660943464,3.404603181876458,2.9803634969269424,3.803580146715899,84
opx,opx_only,T_C,P,10<=P<20,10.0,20.0,84,v10,MLP/raw,v10 MLP raw,96.53992515144708,85.78839314008053,108.42822296245612,82.3276755999669,72.35121011793379,94.07447381630548,84
opx,opx_only,T_C,P,10<=P<20,10.0,20.0,84,v10,MLP/alr,v10 MLP alr,106.14956038343718,94.67258090801216,118.63244667900501,92.76713820774557,82.73343332643438,104.25912471481412,84
opx,opx_only,T_C,P,10<=P<20,10.0,20.0,84,v10,MLP/pwlr,v10 MLP pwlr,105.54775985950303,90.73222316537385,119.0064049842639,86.69333069705391,73.36454301250303,99.6939200293291,84
opx,opx_only,P_kbar,P,10<=P<20,10.0,20.0,84,v10,MLP/raw,v10 MLP raw,6.728303554347655,5.219558451063513,8.341823339830595,5.010897679767372,4.137683672684063,6.1324041508017535,84
opx,opx_only,P_kbar,P,10<=P<20,10.0,20.0,84,v10,MLP/alr,v10 MLP alr,5.977231473719883,5.150603008353663,6.962512920670222,4.8691561466857936,4.11252407141195,5.688437102680026,84
opx,opx_only,P_kbar,P,10<=P<20,10.0,20.0,84,v10,MLP/pwlr,v10 MLP pwlr,6.607722298402493,4.663448242634904,9.519109608824804,4.539844412332865,3.6590277920828718,6.077625640104109,84
opx,opx_only,P_kbar,P,10<=P<20,10.0,20.0,84,Putirka,Putirka 29c,Putirka 29c,4.882265847663503,4.125369802992607,5.6016396910185895,3.947225007396951,3.3018748917855345,4.682790377239228,64
opx,opx_only,T_C,P,20<=P<40,20.0,40.0,23,v10,RF/raw,v10 RF raw,116.70452602049156,65.95570103855349,166.10337008512175,84.28215342163719,53.57538231979356,123.8307257607953,23
opx,opx_only,T_C,P,20<=P<40,20.0,40.0,23,v10,RF/alr,v10 RF alr,110.20652735966887,65.02264984327013,156.9426807179535,82.72513005455298,56.63283750111311,118.33240600863837,23
opx,opx_only,T_C,P,20<=P<40,20.0,40.0,23,v10,RF/pwlr,v10 RF pwlr,119.27212759100873,70.00585634616372,166.9390441335812,88.65477567796735,59.19708472555705,126.76549056283594,23
opx,opx_only,P_kbar,P,20<=P<40,20.0,40.0,23,v10,RF/raw,v10 RF raw,10.659317922365265,8.399876445614224,12.429189683497958,9.32988743880677,7.026747960098065,11.345156489775192,23
opx,opx_only,P_kbar,P,20<=P<40,20.0,40.0,23,v10,RF/alr,v10 RF alr,8.990949440532834,6.923903626187726,10.766673380415865,7.682838297230086,5.829270822656668,9.590533650544128,23
opx,opx_only,P_kbar,P,20<=P<40,20.0,40.0,23,v10,RF/pwlr,v10 RF pwlr,9.32042205850341,7.312780866280167,11.106923265510215,7.931032464821053,5.946788807807601,9.922911709521143,23
opx,opx_only,T_C,P,20<=P<40,20.0,40.0,23,v10,ERT/raw,v10 ERT raw,124.42172582144538,57.80537415690336,186.16291447267906,81.77027774285484,48.684253012173805,125.09060472971157,23
opx,opx_only,T_C,P,20<=P<40,20.0,40.0,23,v10,ERT/alr,v10 ERT alr,152.12073848622336,79.15477002305461,223.42670561273843,103.2636422558677,61.5257318176535,157.189379890518,23
opx,opx_only,T_C,P,20<=P<40,20.0,40.0,23,v10,ERT/pwlr,v10 ERT pwlr,144.25431263585827,76.5245078611673,209.10960847485356,100.39985362244403,60.2312510811239,150.04752265915087,23
opx,opx_only,P_kbar,P,20<=P<40,20.0,40.0,23,v10,ERT/raw,v10 ERT raw,11.227053410813783,8.647139789670977,13.479361433972871,9.675504287538415,7.083159282665772,11.928905662328551,23
opx,opx_only,P_kbar,P,20<=P<40,20.0,40.0,23,v10,ERT/alr,v10 ERT alr,8.46173996686389,6.8566560154105005,9.713573242936231,7.4748132683261135,5.869862926562765,8.95041739106991,23
opx,opx_only,P_kbar,P,20<=P<40,20.0,40.0,23,v10,ERT/pwlr,v10 ERT pwlr,8.088418874514106,6.192180305949189,9.717303372311102,6.751446844508604,5.022957863753958,8.523535758692471,23
opx,opx_only,T_C,P,20<=P<40,20.0,40.0,23,v10,XGB/raw,v10 XGB raw,123.66200151024843,66.41160309291992,183.30066816566023,84.71198482789855,54.36972934888757,125.3591221463853,23
opx,opx_only,T_C,P,20<=P<40,20.0,40.0,23,v10,XGB/alr,v10 XGB alr,117.29559538537562,63.68603617865873,171.12464024392617,79.49830870697464,48.53975179921026,121.18468101612036,23
opx,opx_only,T_C,P,20<=P<40,20.0,40.0,23,v10,XGB/pwlr,v10 XGB pwlr,140.61473366066875,79.60745833002854,201.00501164132902,98.93210413836051,59.39397463591202,146.1871101711107,23
opx,opx_only,P_kbar,P,20<=P<40,20.0,40.0,23,v10,XGB/raw,v10 XGB raw,10.381296593238135,8.405262523347863,12.183313195860263,9.034044037597779,6.798012137661813,11.102373262713193,23
opx,opx_only,P_kbar,P,20<=P<40,20.0,40.0,23,v10,XGB/alr,v10 XGB alr,7.483068958307411,6.075672121846362,8.897652216368954,6.677815686004761,5.391148654382842,7.963276445747352,23
opx,opx_only,P_kbar,P,20<=P<40,20.0,40.0,23,v10,XGB/pwlr,v10 XGB pwlr,9.27676361362634,7.2313353880968725,10.931640217604315,7.7027335165963775,5.565279693618094,9.741514889963375,23
opx,opx_only,T_C,P,20<=P<40,20.0,40.0,23,v10,GB/raw,v10 GB raw,147.46499937729072,94.15476580044717,204.96961484910415,113.74076415223962,79.28804565239514,155.12635591175194,23
opx,opx_only,T_C,P,20<=P<40,20.0,40.0,23,v10,GB/alr,v10 GB alr,121.98469631349877,81.21827218098868,166.03882436026538,96.27343893831363,68.98946365711981,130.46318719828417,23
opx,opx_only,T_C,P,20<=P<40,20.0,40.0,23,v10,GB/pwlr,v10 GB pwlr,159.11723780103054,101.08256398045846,209.7262432726137,121.286045040831,80.19448893577703,166.39405209112982,23
opx,opx_only,P_kbar,P,20<=P<40,20.0,40.0,23,v10,GB/raw,v10 GB raw,9.597000304742394,7.932475562402471,10.862378233134908,8.774979507510144,6.984504658238573,10.223539959492372,23
opx,opx_only,P_kbar,P,20<=P<40,20.0,40.0,23,v10,GB/alr,v10 GB alr,9.969022756683323,8.124622033095537,11.599981172673907,9.060045659732406,7.2959176682207305,10.591414503270414,23
opx,opx_only,P_kbar,P,20<=P<40,20.0,40.0,23,v10,GB/pwlr,v10 GB pwlr,8.284799682013475,6.331705148588833,9.881270587934221,7.055759215500681,5.426388964836584,8.81698073855875,23
opx,opx_only,T_C,P,20<=P<40,20.0,40.0,23,v10,CatBoost/raw,v10 CatBoost raw,135.0113796969635,74.67489839304127,203.63294776234855,92.41026337649664,61.40419703563919,139.25914528607132,23
opx,opx_only,T_C,P,20<=P<40,20.0,40.0,23,v10,CatBoost/alr,v10 CatBoost alr,121.12576509509618,66.5464574007558,179.253667416023,81.31140359107373,51.07147051626711,122.93913613792564,23
opx,opx_only,T_C,P,20<=P<40,20.0,40.0,23,v10,CatBoost/pwlr,v10 CatBoost pwlr,132.4440004774726,75.59067928904273,187.42403594804028,95.50968684856905,60.58807457401411,138.14621760932883,23
opx,opx_only,P_kbar,P,20<=P<40,20.0,40.0,23,v10,CatBoost/raw,v10 CatBoost raw,8.848837914596484,6.47004782487087,10.686072055424692,7.635485940813216,5.628258890438862,9.441902445216243,23
opx,opx_only,P_kbar,P,20<=P<40,20.0,40.0,23,v10,CatBoost/alr,v10 CatBoost alr,10.416422342192524,7.4477877857507755,12.563955798279938,8.706314042875858,6.040258635306647,10.986030851108552,23
opx,opx_only,P_kbar,P,20<=P<40,20.0,40.0,23,v10,CatBoost/pwlr,v10 CatBoost pwlr,8.765269494965061,6.903822479657237,10.151769117204857,7.818380860060119,6.0732076267554325,9.182479186736236,23
opx,opx_only,T_C,P,20<=P<40,20.0,40.0,23,v10,LightGBM/raw,v10 LightGBM raw,114.6722085419691,64.78624571804589,167.0197522092812,82.46871057528514,54.46516966378439,119.14747874125842,23
opx,opx_only,T_C,P,20<=P<40,20.0,40.0,23,v10,LightGBM/alr,v10 LightGBM alr,108.00618710556839,69.22833068809462,152.08663904261883,84.12004231015864,60.58278071974984,116.89799796902359,23
opx,opx_only,T_C,P,20<=P<40,20.0,40.0,23,v10,LightGBM/pwlr,v10 LightGBM pwlr,134.8253559782525,74.92836706911204,190.37527776653346,96.25162070227837,61.35812833620018,140.68048336179072,23
opx,opx_only,P_kbar,P,20<=P<40,20.0,40.0,23,v10,LightGBM/raw,v10 LightGBM raw,9.206899282547983,7.439236919885011,10.65772153297771,8.251294949329107,6.3890342533461135,9.75115449338884,23
opx,opx_only,P_kbar,P,20<=P<40,20.0,40.0,23,v10,LightGBM/alr,v10 LightGBM alr,9.829742913347308,7.751134823691581,11.656211416332926,8.66822141642213,6.744990631286793,10.44464101233403,23
opx,opx_only,P_kbar,P,20<=P<40,20.0,40.0,23,v10,LightGBM/pwlr,v10 LightGBM pwlr,9.40040395001256,6.785675459687806,11.565964137111962,7.221444074274411,4.866001424754815,9.553804991090287,23
opx,opx_only,T_C,P,20<=P<40,20.0,40.0,23,v10,ElasticNet/raw,v10 ElasticNet raw,111.00728427819432,81.34664208397457,146.28988173185346,92.14542478155609,69.75656901887592,119.64066104955141,23
opx,opx_only,T_C,P,20<=P<40,20.0,40.0,23,v10,ElasticNet/alr,v10 ElasticNet alr,138.5184697434354,99.76711365865167,183.1403790884351,117.49189795703269,91.75785226664546,149.50544549804295,23
opx,opx_only,T_C,P,20<=P<40,20.0,40.0,23,v10,ElasticNet/pwlr,v10 ElasticNet pwlr,138.26336237569257,78.79429962824302,197.88007880930314,100.89687529818926,66.13086487452523,146.25913452795123,23
opx,opx_only,P_kbar,P,20<=P<40,20.0,40.0,23,v10,ElasticNet/raw,v10 ElasticNet raw,10.69531729107237,8.669672931505419,12.293074541919381,9.59055451638848,7.35789699860228,11.483302324803146,23
opx,opx_only,P_kbar,P,20<=P<40,20.0,40.0,23,v10,ElasticNet/alr,v10 ElasticNet alr,11.193725693383305,9.560674387455748,12.707226928308796,10.111559223399585,8.195166420510734,11.903351831195298,23
opx,opx_only,P_kbar,P,20<=P<40,20.0,40.0,23,v10,ElasticNet/pwlr,v10 ElasticNet pwlr,11.133743022973485,9.603107849502914,12.47432783117741,10.159089780964317,8.295557289324675,11.89780190853865,23
opx,opx_only,T_C,P,20<=P<40,20.0,40.0,23,v10,MLP/raw,v10 MLP raw,115.81143155226047,66.3067398199469,167.5387074413752,83.70213518073454,55.51607993248854,120.72623823536529,23
opx,opx_only,T_C,P,20<=P<40,20.0,40.0,23,v10,MLP/alr,v10 MLP alr,168.18591152681864,85.68449324546003,227.91196659125654,108.08460901409003,52.392680567168135,163.3997209740849,23
opx,opx_only,T_C,P,20<=P<40,20.0,40.0,23,v10,MLP/pwlr,v10 MLP pwlr,134.34776682832268,75.03870785627987,179.1768509610034,91.86861538845032,50.99733487104192,135.43062343068001,23
opx,opx_only,P_kbar,P,20<=P<40,20.0,40.0,23,v10,MLP/raw,v10 MLP raw,10.048410344271488,7.4509781740137,12.140712634660618,8.403654180469465,6.183873758648719,10.529620584689399,23
opx,opx_only,P_kbar,P,20<=P<40,20.0,40.0,23,v10,MLP/alr,v10 MLP alr,10.98022256158158,7.8320061341839065,13.709233205678608,8.754901604830772,6.095644008201469,11.488831410429082,23
opx,opx_only,P_kbar,P,20<=P<40,20.0,40.0,23,v10,MLP/pwlr,v10 MLP pwlr,10.575611299696691,7.393782097745393,12.993869316939696,8.831283026732835,6.292548935662478,11.2729906689033,23
opx,opx_only,P_kbar,P,20<=P<40,20.0,40.0,23,Putirka,Putirka 29c,Putirka 29c,9.707567989077214,5.706058176114965,13.11891285788971,7.59166504384991,5.03494425769788,10.593308234504049,18
opx,opx_only,T_C,P,P>=40,40.0,1000.0,15,v10,RF/raw,v10 RF raw,362.7985883199777,240.81873952666706,460.9571370183906,287.3170371955239,176.1830705915318,399.786453857682,15
opx,opx_only,T_C,P,P>=40,40.0,1000.0,15,v10,RF/alr,v10 RF alr,355.6769337765313,237.57833390911327,454.3862243299823,282.76115712144417,173.39450996345937,394.69905935239865,15
opx,opx_only,T_C,P,P>=40,40.0,1000.0,15,v10,RF/pwlr,v10 RF pwlr,357.3614148824768,234.98249791855002,453.8020692559766,280.8741073616984,172.30039133711236,397.4995560895602,15
opx,opx_only,P_kbar,P,P>=40,40.0,1000.0,15,v10,RF/raw,v10 RF raw,35.104655953923576,25.386891912895393,46.54446283749078,30.666684170472593,22.510873014192185,40.79989868152517,15
opx,opx_only,P_kbar,P,P>=40,40.0,1000.0,15,v10,RF/alr,v10 RF alr,31.315464376716704,19.206948473847376,44.695481674031974,25.098014271350355,16.814956023513652,36.52503290077096,15
opx,opx_only,P_kbar,P,P>=40,40.0,1000.0,15,v10,RF/pwlr,v10 RF pwlr,26.548497039940667,7.718837548176369,42.92759684716126,15.131462715462362,6.2122262392282215,28.489857630265014,15
opx,opx_only,T_C,P,P>=40,40.0,1000.0,15,v10,ERT/raw,v10 ERT raw,374.26186456070604,242.90023360825248,478.67920158242856,293.03897954332365,176.4553159753711,413.01560071967026,15
opx,opx_only,T_C,P,P>=40,40.0,1000.0,15,v10,ERT/alr,v10 ERT alr,384.7159578168929,252.7740563117832,494.97680320441305,298.4849526913347,176.99724004697362,425.94042959145065,15
opx,opx_only,T_C,P,P>=40,40.0,1000.0,15,v10,ERT/pwlr,v10 ERT pwlr,380.03158287526946,250.33351470344618,487.48260866947163,295.00201324426024,174.7274854511795,419.9757948048931,15
opx,opx_only,P_kbar,P,P>=40,40.0,1000.0,15,v10,ERT/raw,v10 ERT raw,35.235236542895244,26.413364197228088,45.849449855726924,31.799019584214548,24.700548431164915,41.51684742239291,15
opx,opx_only,P_kbar,P,P>=40,40.0,1000.0,15,v10,ERT/alr,v10 ERT alr,30.460491709504012,18.982714785639704,42.86240465073933,25.21547118492709,17.586211915430507,35.37055239322512,15
opx,opx_only,P_kbar,P,P>=40,40.0,1000.0,15,v10,ERT/pwlr,v10 ERT pwlr,30.10189782526569,18.69288082334164,42.19837205407454,24.867020124710244,17.02185048486846,35.34549315184598,15
opx,opx_only,T_C,P,P>=40,40.0,1000.0,15,v10,XGB/raw,v10 XGB raw,369.0476827682405,259.92329940705844,466.60497432615034,304.65996907552085,204.02145426432293,415.3698706054687,15
opx,opx_only,T_C,P,P>=40,40.0,1000.0,15,v10,XGB/alr,v10 XGB alr,357.1000664022643,238.03113794752616,449.39856880823976,282.48357747395835,170.3413250732422,393.8161499023437,15
opx,opx_only,T_C,P,P>=40,40.0,1000.0,15,v10,XGB/pwlr,v10 XGB pwlr,387.8353988505071,262.0472433333885,494.3348597693762,306.1719075520833,189.35560017903646,431.4325126139322,15
opx,opx_only,P_kbar,P,P>=40,40.0,1000.0,15,v10,XGB/raw,v10 XGB raw,33.53871783263608,22.705121246251554,46.14861004555861,28.467750231424954,20.160988306999183,39.456175095240255,15
opx,opx_only,P_kbar,P,P>=40,40.0,1000.0,15,v10,XGB/alr,v10 XGB alr,30.839563940556733,18.994892472560963,44.801577943817335,25.306233247121163,17.727462775707217,36.59175147692362,15
opx,opx_only,P_kbar,P,P>=40,40.0,1000.0,15,v10,XGB/pwlr,v10 XGB pwlr,25.865567587347204,6.356384298525772,41.75145109188591,13.880147870381684,4.99886805534364,27.13207840124767,15
opx,opx_only,T_C,P,P>=40,40.0,1000.0,15,v10,GB/raw,v10 GB raw,389.21299874868987,263.79186156142055,493.3200457063929,311.73440018620755,197.1790555843153,431.24137038363654,15
opx,opx_only,T_C,P,P>=40,40.0,1000.0,15,v10,GB/alr,v10 GB alr,358.4372478681427,235.83771196360442,455.31497847151286,282.59985472225645,172.38028862209725,397.6101342569646,15
opx,opx_only,T_C,P,P>=40,40.0,1000.0,15,v10,GB/pwlr,v10 GB pwlr,390.87371931200505,275.42750079276686,484.52660637404796,321.90369919411046,213.18244497412493,437.47773690300903,15
opx,opx_only,P_kbar,P,P>=40,40.0,1000.0,15,v10,GB/raw,v10 GB raw,33.52647684313702,22.604376018456836,46.305584093592216,28.73364365016933,21.04669687290098,39.63717206659837,15
opx,opx_only,P_kbar,P,P>=40,40.0,1000.0,15,v10,GB/alr,v10 GB alr,33.063829002387905,20.820443737301012,46.79893423444499,27.388003346984366,19.028933910642856,39.118370664001894,15
opx,opx_only,P_kbar,P,P>=40,40.0,1000.0,15,v10,GB/pwlr,v10 GB pwlr,30.25661233084624,16.819981862779283,45.18857408651036,23.70918300318375,15.716139497446182,35.66729468350984,15
opx,opx_only,T_C,P,P>=40,40.0,1000.0,15,v10,CatBoost/raw,v10 CatBoost raw,368.087690559282,236.9386972698858,473.4433949489142,285.30688495208653,168.43947733429147,408.0014196062713,15
opx,opx_only,T_C,P,P>=40,40.0,1000.0,15,v10,CatBoost/alr,v10 CatBoost alr,361.3250196098964,238.67940694670108,462.5293847038094,283.72838438356314,170.50992455744986,401.4454015725203,15
opx,opx_only,T_C,P,P>=40,40.0,1000.0,15,v10,CatBoost/pwlr,v10 CatBoost pwlr,362.62149724109963,251.54361031674856,458.9965909384655,289.52046393049494,179.22278330285837,403.53326244503444,15
opx,opx_only,P_kbar,P,P>=40,40.0,1000.0,15,v10,CatBoost/raw,v10 CatBoost raw,33.61883379120825,23.016589320262398,46.319556642938075,29.322790236661806,22.118794272626108,39.84494865673096,15
opx,opx_only,P_kbar,P,P>=40,40.0,1000.0,15,v10,CatBoost/alr,v10 CatBoost alr,35.69907513128786,26.544598332073438,47.186283446026984,32.37694340876527,26.074556748643875,41.996631774801486,15
opx,opx_only,P_kbar,P,P>=40,40.0,1000.0,15,v10,CatBoost/pwlr,v10 CatBoost pwlr,32.15618053334676,21.495126012964693,44.5398467736966,27.77780252366488,20.745757214211448,38.143699338639834,15
opx,opx_only,T_C,P,P>=40,40.0,1000.0,15,v10,LightGBM/raw,v10 LightGBM raw,354.691777467003,238.2696579261302,451.0618401326862,280.2083563427621,172.59526622802383,393.4324356517182,15
opx,opx_only,T_C,P,P>=40,40.0,1000.0,15,v10,LightGBM/alr,v10 LightGBM alr,350.92909191078417,233.13748131483962,444.45015240526266,277.87105701034994,169.81628670544515,390.2077838432243,15
opx,opx_only,T_C,P,P>=40,40.0,1000.0,15,v10,LightGBM/pwlr,v10 LightGBM pwlr,359.64789366718725,236.9613583279077,463.3048861050207,282.40956470986293,174.7984212218083,399.71187128042624,15
opx,opx_only,P_kbar,P,P>=40,40.0,1000.0,15,v10,LightGBM/raw,v10 LightGBM raw,33.42299684654518,21.971541477531304,46.86072348791619,28.258432685633757,20.43363183205246,39.55709889286534,15
opx,opx_only,P_kbar,P,P>=40,40.0,1000.0,15,v10,LightGBM/alr,v10 LightGBM alr,32.466323256158276,19.49160486258204,46.937809597897434,26.147132634576995,17.58497687419955,38.50625464968063,15
opx,opx_only,P_kbar,P,P>=40,40.0,1000.0,15,v10,LightGBM/pwlr,v10 LightGBM pwlr,28.22807464202733,10.53021362441462,44.61367758849179,18.423566848904144,9.584947947397724,31.14438566985411,15
opx,opx_only,T_C,P,P>=40,40.0,1000.0,15,v10,ElasticNet/raw,v10 ElasticNet raw,321.17960283260385,205.14890445121557,406.9685695857516,245.88243323102105,142.02908426702177,353.41949827037297,15
opx,opx_only,T_C,P,P>=40,40.0,1000.0,15,v10,ElasticNet/alr,v10 ElasticNet alr,342.9986058359907,228.3875661150306,438.6118066664099,270.0633716424945,163.2798554768729,382.40210069104427,15
opx,opx_only,T_C,P,P>=40,40.0,1000.0,15,v10,ElasticNet/pwlr,v10 ElasticNet pwlr,359.2647435352841,234.09650277023704,461.0367317010614,278.9096303929685,167.70032408856045,400.7082447526452,15
opx,opx_only,P_kbar,P,P>=40,40.0,1000.0,15,v10,ElasticNet/raw,v10 ElasticNet raw,37.13654674128639,28.136895281095725,48.939634575396106,34.00740667024259,27.373971183189983,43.825130846830426,15
opx,opx_only,P_kbar,P,P>=40,40.0,1000.0,15,v10,ElasticNet/alr,v10 ElasticNet alr,38.03196788531703,30.08354447629324,49.17270668638581,35.252185357526706,29.585807299353927,44.306458422632964,15
opx,opx_only,P_kbar,P,P>=40,40.0,1000.0,15,v10,ElasticNet/pwlr,v10 ElasticNet pwlr,37.81171541285821,29.639463752600026,49.23202523343451,34.89879710179287,29.09911610116935,44.15867218023837,15
opx,opx_only,T_C,P,P>=40,40.0,1000.0,15,v10,MLP/raw,v10 MLP raw,357.78259595459224,253.8564951188315,445.00888697189566,310.85728053929256,224.0210496583561,405.3425477614366,15
opx,opx_only,T_C,P,P>=40,40.0,1000.0,15,v10,MLP/alr,v10 MLP alr,420.1819684880182,292.353972565417,527.1943127265694,342.49529974297707,222.21964992054404,476.34523199366544,15
opx,opx_only,T_C,P,P>=40,40.0,1000.0,15,v10,MLP/pwlr,v10 MLP pwlr,385.8568079578051,256.2906520566637,488.661740382775,308.2791341699296,189.53850755199278,429.1361536128895,15
opx,opx_only,P_kbar,P,P>=40,40.0,1000.0,15,v10,MLP/raw,v10 MLP raw,39.97174300435019,31.41771861605645,47.4355942692517,36.20607000944697,27.083044373272017,45.1924236327225,15
opx,opx_only,P_kbar,P,P>=40,40.0,1000.0,15,v10,MLP/alr,v10 MLP alr,34.887284998322116,29.67413476949502,39.73478285186501,33.67419167406583,28.872941422090097,38.46062680276294,15
opx,opx_only,P_kbar,P,P>=40,40.0,1000.0,15,v10,MLP/pwlr,v10 MLP pwlr,34.04809930125121,27.373852875535302,39.94801178996259,31.986809436409384,25.784311694192972,38.473588117480446,15
opx,opx_only,P_kbar,P,P>=40,40.0,1000.0,15,Putirka,Putirka 29c,Putirka 29c,44.034142760588836,35.61776977523549,53.34973157098276,41.03345289354937,32.37470968684082,51.285814888426565,11
opx,opx_only,T_C,P,P<20 (Agreda range),0.0,20.0,152,v10,RF/raw,v10 RF raw,127.41727796188971,114.08489868637905,141.77031140638817,105.68201537454972,94.49321279788204,117.56310376486326,152
opx,opx_only,T_C,P,P<20 (Agreda range),0.0,20.0,152,v10,RF/alr,v10 RF alr,127.40307892733142,114.62242937623137,141.4423005736596,105.68445571685034,94.43487070387678,117.18797136183947,152
opx,opx_only,T_C,P,P<20 (Agreda range),0.0,20.0,152,v10,RF/pwlr,v10 RF pwlr,118.90828403875173,106.52243496622462,134.31282996323884,98.82286638477609,88.34004007920208,110.33956216398887,152
opx,opx_only,P_kbar,P,P<20 (Agreda range),0.0,20.0,152,v10,RF/raw,v10 RF raw,7.004256280065385,5.746090683206928,8.137339910234308,4.721196601114559,3.8974792433648955,5.560527529832224,152
opx,opx_only,P_kbar,P,P<20 (Agreda range),0.0,20.0,152,v10,RF/alr,v10 RF alr,6.710795140710701,5.505406733821983,7.812063929085455,4.645206248331954,3.8523674304286244,5.440658477075403,152
opx,opx_only,P_kbar,P,P<20 (Agreda range),0.0,20.0,152,v10,RF/pwlr,v10 RF pwlr,7.115308033861475,5.623074563825122,8.55896732469359,4.731775120099507,3.9261894960908283,5.586864452917179,152
opx,opx_only,T_C,P,P<20 (Agreda range),0.0,20.0,152,v10,ERT/raw,v10 ERT raw,130.74689645832962,117.18464910976569,144.88497078502505,107.94966954631718,96.1174749513235,120.28267096212976,152
opx,opx_only,T_C,P,P<20 (Agreda range),0.0,20.0,152,v10,ERT/alr,v10 ERT alr,130.34039633701812,117.705127464519,143.1212950429532,109.2456444348711,98.24375203712565,120.29036840524199,152
opx,opx_only,T_C,P,P<20 (Agreda range),0.0,20.0,152,v10,ERT/pwlr,v10 ERT pwlr,118.7773210197054,107.59413090611505,131.60477781857614,99.6034031056402,89.473562793051,110.41892152266294,152
opx,opx_only,P_kbar,P,P<20 (Agreda range),0.0,20.0,152,v10,ERT/raw,v10 ERT raw,6.44121674728655,5.429796588904032,7.516159147862276,4.66713159692236,4.005963898865854,5.397752204503297,152
opx,opx_only,P_kbar,P,P<20 (Agreda range),0.0,20.0,152,v10,ERT/alr,v10 ERT alr,7.165005048375968,6.079202192460299,8.10126375826678,5.41486633306732,4.670372221167517,6.116485355780184,152
opx,opx_only,P_kbar,P,P<20 (Agreda range),0.0,20.0,152,v10,ERT/pwlr,v10 ERT pwlr,6.985965727380414,5.933374834974351,8.01395563655743,5.16079215084777,4.441335617931262,5.9034400045657955,152
opx,opx_only,T_C,P,P<20 (Agreda range),0.0,20.0,152,v10,XGB/raw,v10 XGB raw,112.0194959545199,100.43117889852365,124.71725269112768,92.30125359895953,82.80352644405994,102.85005246667752,152
opx,opx_only,T_C,P,P<20 (Agreda range),0.0,20.0,152,v10,XGB/alr,v10 XGB alr,113.56504579971744,101.62362675190468,126.69849451896802,94.3609376066472,85.20233969062197,105.01559095060696,152
opx,opx_only,T_C,P,P<20 (Agreda range),0.0,20.0,152,v10,XGB/pwlr,v10 XGB pwlr,114.54505404833037,102.75023369710412,129.2198010179044,94.24554504643363,84.51126448331684,105.850345706376,152
opx,opx_only,P_kbar,P,P<20 (Agreda range),0.0,20.0,152,v10,XGB/raw,v10 XGB raw,6.540687645869174,5.438848787726927,7.5760402607363435,4.7841929312677784,4.052522750141693,5.485959969268648,152
opx,opx_only,P_kbar,P,P<20 (Agreda range),0.0,20.0,152,v10,XGB/alr,v10 XGB alr,6.080930258518254,5.093669850933354,6.937906522305257,4.3891945420965675,3.708611884900635,5.074337196550983,152
opx,opx_only,P_kbar,P,P<20 (Agreda range),0.0,20.0,152,v10,XGB/pwlr,v10 XGB pwlr,7.460631250384982,6.153402433041,8.801125871425482,5.335375275012057,4.553683967656073,6.210671233792271,152
opx,opx_only,T_C,P,P<20 (Agreda range),0.0,20.0,152,v10,GB/raw,v10 GB raw,114.35729270298884,102.65473905959448,128.117554628942,93.8904685213544,84.60684790973129,105.44378739226322,152
opx,opx_only,T_C,P,P<20 (Agreda range),0.0,20.0,152,v10,GB/alr,v10 GB alr,112.30997104024036,99.30934509458056,126.43939952811205,92.76751098330612,82.95871446481048,103.23749544634629,152
opx,opx_only,T_C,P,P<20 (Agreda range),0.0,20.0,152,v10,GB/pwlr,v10 GB pwlr,122.90454117571267,109.0429360281717,139.91684358465943,101.43734297861431,91.21881882890665,113.91627702417072,152
opx,opx_only,P_kbar,P,P<20 (Agreda range),0.0,20.0,152,v10,GB/raw,v10 GB raw,6.979706163052041,5.81868800903261,8.19493417980906,5.132699446688371,4.472223757860895,5.879954542090322,152
opx,opx_only,P_kbar,P,P<20 (Agreda range),0.0,20.0,152,v10,GB/alr,v10 GB alr,7.170501817086136,6.032428366875991,8.233846876640804,5.307105537672426,4.5378536487591825,6.068862206180678,152
opx,opx_only,P_kbar,P,P<20 (Agreda range),0.0,20.0,152,v10,GB/pwlr,v10 GB pwlr,7.5348457041540895,6.189726918168141,8.848484388440854,5.420954503836895,4.577523361485966,6.312377202579081,152
opx,opx_only,T_C,P,P<20 (Agreda range),0.0,20.0,152,v10,CatBoost/raw,v10 CatBoost raw,120.69923995029595,107.95076996884183,134.72529518569013,97.9694338245852,86.38100999343389,109.97032049219563,152
opx,opx_only,T_C,P,P<20 (Agreda range),0.0,20.0,152,v10,CatBoost/alr,v10 CatBoost alr,120.15074111342209,108.3454943730645,133.50486748918985,100.47846499121711,90.56807958003391,111.88742407426983,152
opx,opx_only,T_C,P,P<20 (Agreda range),0.0,20.0,152,v10,CatBoost/pwlr,v10 CatBoost pwlr,119.99602091450693,107.62446202943717,133.76068867332464,99.30489985767724,88.40400170036283,110.23426293786113,152
opx,opx_only,P_kbar,P,P<20 (Agreda range),0.0,20.0,152,v10,CatBoost/raw,v10 CatBoost raw,6.733663358992455,5.675943115784922,7.650820246907466,4.960479000464505,4.2645714696034265,5.6737411002576374,152
opx,opx_only,P_kbar,P,P<20 (Agreda range),0.0,20.0,152,v10,CatBoost/alr,v10 CatBoost alr,6.04256969922637,5.273491130960209,6.824520871689197,4.730575708151707,4.12876290047585,5.343593396062744,152
opx,opx_only,P_kbar,P,P<20 (Agreda range),0.0,20.0,152,v10,CatBoost/pwlr,v10 CatBoost pwlr,6.173268646525662,5.183844044462931,7.203836761514538,4.4284634189564915,3.811746961354471,5.139865927450172,152
opx,opx_only,T_C,P,P<20 (Agreda range),0.0,20.0,152,v10,LightGBM/raw,v10 LightGBM raw,118.60786209723106,105.82170375430628,133.7699033247325,97.08383726487291,86.35486573688164,108.30854179366564,152
opx,opx_only,T_C,P,P<20 (Agreda range),0.0,20.0,152,v10,LightGBM/alr,v10 LightGBM alr,115.99642623249288,101.98498614458045,131.70952346165927,94.45833985810698,83.74117009139586,105.93919919887986,152
opx,opx_only,T_C,P,P<20 (Agreda range),0.0,20.0,152,v10,LightGBM/pwlr,v10 LightGBM pwlr,115.60384737242948,102.18112547228267,130.94143030484807,92.85219143617634,82.49538663969653,104.36170501731468,152
opx,opx_only,P_kbar,P,P<20 (Agreda range),0.0,20.0,152,v10,LightGBM/raw,v10 LightGBM raw,7.056001337301436,5.82091135606976,8.339998492905888,5.238463565100652,4.55723072043228,5.993877366679802,152
opx,opx_only,P_kbar,P,P<20 (Agreda range),0.0,20.0,152,v10,LightGBM/alr,v10 LightGBM alr,7.30028291961912,6.09477492235376,8.440045289452113,5.368287128939779,4.561377194483595,6.136729074081243,152
opx,opx_only,P_kbar,P,P<20 (Agreda range),0.0,20.0,152,v10,LightGBM/pwlr,v10 LightGBM pwlr,7.548887676673714,6.009116662945512,9.128900653664774,5.254046647826281,4.444430170741047,6.095844386292409,152
opx,opx_only,T_C,P,P<20 (Agreda range),0.0,20.0,152,v10,ElasticNet/raw,v10 ElasticNet raw,143.3019891553969,127.69138005791496,159.80974204197904,115.40898364662148,101.31835712445213,129.3406712393049,152
opx,opx_only,T_C,P,P<20 (Agreda range),0.0,20.0,152,v10,ElasticNet/alr,v10 ElasticNet alr,150.35334506733824,135.6549734215936,165.15872158523243,123.76755163664285,110.40183068701322,138.13524496084415,152
opx,opx_only,T_C,P,P<20 (Agreda range),0.0,20.0,152,v10,ElasticNet/pwlr,v10 ElasticNet pwlr,144.09849162333444,133.1065305308109,156.49223175101892,124.95885182777259,113.60731238030716,137.8232863185392,152
opx,opx_only,P_kbar,P,P<20 (Agreda range),0.0,20.0,152,v10,ElasticNet/raw,v10 ElasticNet raw,8.148563318787856,6.6955881664717065,9.89054451083986,6.247572121749617,5.4450404110395345,7.197816356828879,152
opx,opx_only,P_kbar,P,P<20 (Agreda range),0.0,20.0,152,v10,ElasticNet/alr,v10 ElasticNet alr,7.680032904071089,7.035386913119513,8.243678935373323,6.4418162933357115,5.76651334890178,7.121801401891505,152
opx,opx_only,P_kbar,P,P<20 (Agreda range),0.0,20.0,152,v10,ElasticNet/pwlr,v10 ElasticNet pwlr,7.496319990192798,6.8708390253244795,8.064976319511707,6.339822932062455,5.675901608928459,6.968216454706377,152
opx,opx_only,T_C,P,P<20 (Agreda range),0.0,20.0,152,v10,MLP/raw,v10 MLP raw,119.38895574163996,108.73018445980797,130.89822594854004,102.22128707750088,92.31635918227872,113.13155207828365,152
opx,opx_only,T_C,P,P<20 (Agreda range),0.0,20.0,152,v10,MLP/alr,v10 MLP alr,148.489066901928,135.561267279863,161.72276177238695,127.48552636017786,115.75322513440794,140.26070007458486,152
opx,opx_only,T_C,P,P<20 (Agreda range),0.0,20.0,152,v10,MLP/pwlr,v10 MLP pwlr,135.81452778065724,122.52827298353618,149.98182170851084,112.91935446432521,101.44055482482936,127.05590049373332,152
opx,opx_only,P_kbar,P,P<20 (Agreda range),0.0,20.0,152,v10,MLP/raw,v10 MLP raw,7.4850023212006525,6.532219331495959,8.456092003540773,5.560675529125959,4.855646939528543,6.35794482401587,150
opx,opx_only,P_kbar,P,P<20 (Agreda range),0.0,20.0,152,v10,MLP/alr,v10 MLP alr,8.039915719154374,7.053932092415828,9.045552301999264,6.234661223618323,5.481882731738717,7.087197667757933,152
opx,opx_only,P_kbar,P,P<20 (Agreda range),0.0,20.0,152,v10,MLP/pwlr,v10 MLP pwlr,6.836867528514047,5.4272375860436535,8.367468762159584,4.640672787217045,3.846993136509725,5.5070075458176735,152
opx,opx_only,P_kbar,P,P<20 (Agreda range),0.0,20.0,152,Putirka,Putirka 29c,Putirka 29c,4.114185921123165,3.575673715165426,4.654562666987488,3.171307819501391,2.7221454513509373,3.682098745216622,111
opx,opx_only,T_C,P,ALL,0.0,1000.0,190,v10,RF/raw,v10 RF raw,158.20283010789362,132.53870132847004,183.88957442409748,117.43111275558984,103.27803056334601,131.93486267944033,190
opx,opx_only,T_C,P,ALL,0.0,1000.0,190,v10,RF/alr,v10 RF alr,156.34193286791904,131.33193335905287,182.02480134674903,116.88490851072439,103.44491576284366,131.4324149445952,190
opx,opx_only,T_C,P,ALL,0.0,1000.0,190,v10,RF/pwlr,v10 RF pwlr,152.03803894431383,126.04585072829249,178.04088426956986,111.96445863949836,97.48194353183663,126.01481402214878,190
opx,opx_only,P_kbar,P,ALL,0.0,1000.0,190,v10,RF/raw,v10 RF raw,12.259346060811689,9.225338871550294,15.287344989785133,7.327418721152935,6.0036783798128885,8.695162296837445,190
opx,opx_only,P_kbar,P,ALL,0.0,1000.0,190,v10,RF/alr,v10 RF alr,11.10107032422439,7.999859746158883,14.52845034328921,6.627614971857917,5.450130341416672,7.914865576181052,190
opx,opx_only,P_kbar,P,ALL,0.0,1000.0,190,v10,RF/pwlr,v10 RF pwlr,10.327722797494395,7.00652507174284,14.10101876005092,5.940081608831289,4.812863247217487,7.33535752330296,190
opx,opx_only,T_C,P,ALL,0.0,1000.0,190,v10,ERT/raw,v10 ERT raw,163.1198930324352,136.01951740427324,189.9619575699145,119.39289922250381,105.18865895490646,134.46586455420757,190
opx,opx_only,T_C,P,ALL,0.0,1000.0,190,v10,ERT/alr,v10 ERT alr,167.5614912611805,140.41517235121776,196.2059156621723,123.46145271765992,108.61009902736909,138.87545780194992,190
opx,opx_only,T_C,P,ALL,0.0,1000.0,190,v10,ERT/pwlr,v10 ERT pwlr,158.7682524348852,130.9377649696131,186.92070597713308,115.12602160019698,100.83588658497803,131.45454213671974,190
opx,opx_only,P_kbar,P,ALL,0.0,1000.0,190,v10,ERT/raw,v10 ERT raw,12.102255702827854,9.196401945312893,15.133770666107473,7.415399447941057,6.162120551466162,8.857290030993566,190
opx,opx_only,P_kbar,P,ALL,0.0,1000.0,190,v10,ERT/alr,v10 ERT alr,11.089994665435292,8.297411409476123,14.154452731338937,7.22743397669284,6.0801552414726405,8.547699134200695,190
opx,opx_only,P_kbar,P,ALL,0.0,1000.0,190,v10,ERT/pwlr,v10 ERT pwlr,10.885709307356297,7.949465321918614,14.055071344872049,6.909099927490592,5.758140254377104,8.171581078174505,190
opx,opx_only,T_C,P,ALL,0.0,1000.0,190,v10,XGB/raw,v10 XGB raw,150.47324333906306,123.83409035031057,178.42688654013907,108.14771439061225,94.69199212297914,123.31005084416974,190
opx,opx_only,T_C,P,ALL,0.0,1000.0,190,v10,XGB/alr,v10 XGB alr,148.4940854532406,122.80125413407407,174.32682518477543,107.41356462410614,93.99692388238266,122.02724659484714,190
opx,opx_only,T_C,P,ALL,0.0,1000.0,190,v10,XGB/pwlr,v10 XGB pwlr,157.36880208594957,128.38418002877427,186.6273749563146,111.5438939764287,97.64392291710848,126.62343854701945,190
opx,opx_only,P_kbar,P,ALL,0.0,1000.0,190,v10,XGB/raw,v10 XGB raw,11.665079390563667,8.51268157503824,14.98350007540213,7.168403115204345,5.893053992644098,8.503130863178459,190
opx,opx_only,P_kbar,P,ALL,0.0,1000.0,190,v10,XGB/alr,v10 XGB alr,10.556790852940333,7.388228265254158,14.05223018161436,6.3175833151768686,5.182057877462797,7.603117916354056,190
opx,opx_only,P_kbar,P,ALL,0.0,1000.0,190,v10,XGB/pwlr,v10 XGB pwlr,10.380961959017327,7.161802396861444,14.021070146267785,6.296537530206709,5.275386426792521,7.610184667214369,190
opx,opx_only,T_C,P,ALL,0.0,1000.0,190,v10,GB/raw,v10 GB raw,158.28441115545291,130.1227723650556,187.26967121446484,113.49160417652891,99.4488073166968,129.47731583960532,190
opx,opx_only,T_C,P,ALL,0.0,1000.0,190,v10,GB/alr,v10 GB alr,148.44211222306242,121.89531765095629,174.568254942491,108.17867676777678,94.27426272546036,121.87843584749633,190
opx,opx_only,T_C,P,ALL,0.0,1000.0,190,v10,GB/pwlr,v10 GB pwlr,164.95764606107355,138.62256350923332,191.59376089112502,121.24531924526393,106.98367284331903,137.37364528937263,190
opx,opx_only,P_kbar,P,ALL,0.0,1000.0,190,v10,GB/raw,v10 GB raw,11.78393254859307,8.733083209841233,15.106236881612968,7.436839470115293,6.164238392216762,8.783532093072642,190
opx,opx_only,P_kbar,P,ALL,0.0,1000.0,190,v10,GB/alr,v10 GB alr,11.809735279814351,8.68303638257163,15.279273711643254,7.504637590025367,6.279704650003736,8.857691625900824,190
opx,opx_only,P_kbar,P,ALL,0.0,1000.0,190,v10,GB/pwlr,v10 GB pwlr,11.225029233628339,8.152349934208916,14.832382361628927,7.062659429407789,5.855399465935819,8.425375714627211,190
opx,opx_only,T_C,P,ALL,0.0,1000.0,190,v10,CatBoost/raw,v10 CatBoost raw,156.70885646136742,129.4403810899423,183.06259806308816,112.08628038567193,97.6523993347744,126.95184670439565,190
opx,opx_only,T_C,P,ALL,0.0,1000.0,190,v10,CatBoost/alr,v10 CatBoost alr,153.7270720421567,127.19150190415043,179.43328989985466,112.62534066849024,98.68597456247737,126.8191506924988,190
opx,opx_only,T_C,P,ALL,0.0,1000.0,190,v10,CatBoost/pwlr,v10 CatBoost pwlr,154.99613924437068,129.72934256321517,179.85029606826436,113.86249755179712,99.65873456199618,128.51280693709415,190
opx,opx_only,P_kbar,P,ALL,0.0,1000.0,190,v10,CatBoost/raw,v10 CatBoost raw,11.618123774518436,8.5354793693663,15.057177100363697,7.2076359908380825,5.935525585850646,8.694345986975057,190
opx,opx_only,P_kbar,P,ALL,0.0,1000.0,190,v10,CatBoost/alr,v10 CatBoost alr,11.95646152384662,9.071330827468579,15.058720699849012,7.3944572724035975,6.126021032751882,8.874913275542145,190
opx,opx_only,P_kbar,P,ALL,0.0,1000.0,190,v10,CatBoost/pwlr,v10 CatBoost pwlr,11.019120556806822,7.984482762719408,14.381686865161429,6.682190722724961,5.54199299542497,8.052651842384277,190
opx,opx_only,T_C,P,ALL,0.0,1000.0,190,v10,LightGBM/raw,v10 LightGBM raw,150.92428743383365,124.97279382433528,178.07099298786707,109.77183659280881,95.7436952008125,124.7953022383246,190
opx,opx_only,T_C,P,ALL,0.0,1000.0,190,v10,LightGBM/alr,v10 LightGBM alr,147.98216692463086,122.70871170141959,172.97094905112644,107.6868130880061,93.56280285800662,121.66320827368526,190
opx,opx_only,T_C,P,ALL,0.0,1000.0,190,v10,LightGBM/pwlr,v10 LightGBM pwlr,151.9982029252617,125.19036958604825,178.61469602097733,108.2287570794692,94.28207493420511,122.45300912118236,190
opx,opx_only,P_kbar,P,ALL,0.0,1000.0,190,v10,LightGBM/raw,v10 LightGBM raw,11.759372339315046,8.629172889630235,15.141163204708656,7.4205407158651315,6.129823239196911,8.802070802144556,190
opx,opx_only,P_kbar,P,ALL,0.0,1000.0,190,v10,LightGBM/alr,v10 LightGBM alr,11.728056442848887,8.53077999785017,15.235874676485482,7.408188029974792,6.135627740158486,8.813516708243329,190
opx,opx_only,P_kbar,P,ALL,0.0,1000.0,190,v10,LightGBM/pwlr,v10 LightGBM pwlr,10.917548603110205,7.48893375163709,14.724358779390354,6.531904246902465,5.417602677016891,7.925249156756249,190
opx,opx_only,T_C,P,ALL,0.0,1000.0,190,v10,ElasticNet/raw,v10 ElasticNet raw,161.44341013521057,139.54671389407474,182.53162507517362,122.89340411961881,109.79087021079573,137.52721514307018,190
opx,opx_only,T_C,P,ALL,0.0,1000.0,190,v10,ElasticNet/alr,v10 ElasticNet alr,172.3240765068681,149.22998937669476,194.32463192540249,134.5575372443099,119.87754044514979,150.67550850731374,190
opx,opx_only,T_C,P,ALL,0.0,1000.0,190,v10,ElasticNet/pwlr,v10 ElasticNet pwlr,170.63253534764343,147.17381347030144,193.21228109544467,134.2000950819701,119.2156885653479,148.90127410361254,190
opx,opx_only,P_kbar,P,ALL,0.0,1000.0,190,v10,ElasticNet/raw,v10 ElasticNet raw,13.260640816734675,10.353552865792688,16.471262142165134,8.843814823350083,7.539526881609646,10.30130512381887,190
opx,opx_only,P_kbar,P,ALL,0.0,1000.0,190,v10,ElasticNet/alr,v10 ElasticNet alr,13.287063103294065,10.370361993385007,16.514907107683893,9.160551153095364,7.810816522791317,10.565892378447792,190
opx,opx_only,P_kbar,P,ALL,0.0,1000.0,190,v10,ElasticNet/pwlr,v10 ElasticNet pwlr,13.14665944124552,10.191992649849535,16.473817200047883,9.056811090329292,7.753463305547451,10.440334096992167,190
opx,opx_only,T_C,P,ALL,0.0,1000.0,190,v10,MLP/raw,v10 MLP raw,152.09370838204325,129.85694026722206,174.75909921096482,116.45075764750746,102.97576347504653,129.9165326897335,190
opx,opx_only,T_C,P,ALL,0.0,1000.0,190,v10,MLP/alr,v10 MLP alr,187.0875290965652,160.5818871528062,213.58664455083584,142.11145005376716,125.93189283667947,159.0106677618146,190
opx,opx_only,T_C,P,ALL,0.0,1000.0,190,v10,MLP/pwlr,v10 MLP pwlr,169.3974713266843,144.02260424076303,196.65498678107843,125.79424760558283,110.77947710698977,142.0292397269965,190
opx,opx_only,P_kbar,P,ALL,0.0,1000.0,190,v10,MLP/raw,v10 MLP raw,13.584294593354969,10.674452811395389,16.36979754848204,8.353598008837213,6.841733712406066,9.909945648152442,188
opx,opx_only,P_kbar,P,ALL,0.0,1000.0,190,v10,MLP/alr,v10 MLP alr,12.743452113487686,10.547541671860854,14.627041958940758,8.706021673747792,7.396977379425173,9.97805431243103,190
opx,opx_only,P_kbar,P,ALL,0.0,1000.0,190,v10,MLP/pwlr,v10 MLP pwlr,11.935439686369369,9.377739177872545,14.069121798877061,7.306862709568352,5.908778439993766,8.626108803164321,190
opx,opx_only,P_kbar,P,ALL,0.0,1000.0,190,Putirka,Putirka 29c,Putirka 29c,13.337426168244214,9.322560316429968,17.338844542716142,6.714522289878542,4.974939303251664,8.512215725422417,140
opx,opx_only,T_C,T,800<=T<1000,800.0,1000.0,22,v10,RF/raw,v10 RF raw,216.27849114881195,185.77324691095706,253.3937127525378,205.29128664290377,180.89949330472808,238.02211518319424,22
opx,opx_only,T_C,T,800<=T<1000,800.0,1000.0,22,v10,RF/alr,v10 RF alr,216.14830376974177,188.18295361391037,250.3504639078113,206.5754603042253,183.22962675890494,236.73777221991307,22
opx,opx_only,T_C,T,800<=T<1000,800.0,1000.0,22,v10,RF/pwlr,v10 RF pwlr,196.2856922024206,160.44794216423438,242.64727532671515,181.18402828314248,155.23903113217537,217.39516869005627,22
opx,opx_only,P_kbar,T,800<=T<1000,800.0,1000.0,22,v10,RF/raw,v10 RF raw,8.572897181532669,4.291713964506529,11.764534147972135,5.361280935954451,2.7036792513496377,8.297385638013937,22
opx,opx_only,P_kbar,T,800<=T<1000,800.0,1000.0,22,v10,RF/alr,v10 RF alr,8.0276539612455,3.6718877461640416,11.230282708807817,5.4356776679874645,3.0116370761789653,8.201957473004494,22
opx,opx_only,P_kbar,T,800<=T<1000,800.0,1000.0,22,v10,RF/pwlr,v10 RF pwlr,8.794774022004551,4.0368133694525,12.746341835283069,6.026888217438187,3.612862334415524,9.317171963037094,22
opx,opx_only,T_C,T,800<=T<1000,800.0,1000.0,22,v10,ERT/raw,v10 ERT raw,223.6918865888753,193.2606200797229,257.28036483663783,213.26835863428107,188.02739299663304,244.1567165686077,22
opx,opx_only,T_C,T,800<=T<1000,800.0,1000.0,22,v10,ERT/alr,v10 ERT alr,218.09872494185868,192.82431370107352,246.71352062075775,210.2557945827243,188.80797558772818,236.9936430901185,22
opx,opx_only,T_C,T,800<=T<1000,800.0,1000.0,22,v10,ERT/pwlr,v10 ERT pwlr,194.85404883541563,166.50409426163398,228.79194675597063,184.49824180264412,162.05213593936267,212.5924635482095,22
opx,opx_only,P_kbar,T,800<=T<1000,800.0,1000.0,22,v10,ERT/raw,v10 ERT raw,7.869136682300375,4.125705056072303,10.773030570745043,5.46107130201634,3.110505212164983,7.970709735662883,22
opx,opx_only,P_kbar,T,800<=T<1000,800.0,1000.0,22,v10,ERT/alr,v10 ERT alr,8.015456016032399,5.177352824162988,10.32179425154909,6.54585001977888,4.654541171506094,8.62546740333557,22
opx,opx_only,P_kbar,T,800<=T<1000,800.0,1000.0,22,v10,ERT/pwlr,v10 ERT pwlr,8.040649612500998,5.420734028209173,10.577807595914571,6.734927880833109,5.048825877788207,8.889011980887926,22
opx,opx_only,T_C,T,800<=T<1000,800.0,1000.0,22,v10,XGB/raw,v10 XGB raw,175.59899757111276,142.37159537429386,214.64916888264528,160.4690274325284,133.82259993119675,195.86800592595878,22
opx,opx_only,T_C,T,800<=T<1000,800.0,1000.0,22,v10,XGB/alr,v10 XGB alr,180.95353919367028,148.77559523681853,219.84507496821104,168.41199285333806,144.66166784113105,201.30311542857774,22
opx,opx_only,T_C,T,800<=T<1000,800.0,1000.0,22,v10,XGB/pwlr,v10 XGB pwlr,169.78890755854442,131.27679996267307,216.02021272683336,149.42810890891334,120.5889006874778,187.48152223066847,22
opx,opx_only,P_kbar,T,800<=T<1000,800.0,1000.0,22,v10,XGB/raw,v10 XGB raw,7.874720283370939,4.4761684031612585,10.596430038906425,5.803596872159032,3.5648569355041495,8.227129614598725,22
opx,opx_only,P_kbar,T,800<=T<1000,800.0,1000.0,22,v10,XGB/alr,v10 XGB alr,7.078004821005244,4.130707537080176,9.46878441886227,5.081794604997749,3.051298242781988,7.260675259053041,22
opx,opx_only,P_kbar,T,800<=T<1000,800.0,1000.0,22,v10,XGB/pwlr,v10 XGB pwlr,7.756965631037215,4.3221883283044,10.655571705046551,5.280871959233833,3.2479563177732653,7.898211587770768,22
opx,opx_only,T_C,T,800<=T<1000,800.0,1000.0,22,v10,GB/raw,v10 GB raw,165.55514904789374,128.59505479344787,203.91679137383665,142.79288324794095,106.02661038129554,179.49333202712603,22
opx,opx_only,T_C,T,800<=T<1000,800.0,1000.0,22,v10,GB/alr,v10 GB alr,169.4378708596703,131.73717623871156,215.3985372746996,152.34978840486727,126.29700570305597,190.08694154207112,22
opx,opx_only,T_C,T,800<=T<1000,800.0,1000.0,22,v10,GB/pwlr,v10 GB pwlr,177.19456046678874,128.7269907257568,232.1211432546146,151.51019674319542,118.82853799929751,192.09893123911252,22
opx,opx_only,P_kbar,T,800<=T<1000,800.0,1000.0,22,v10,GB/raw,v10 GB raw,8.912722557678574,5.07915882910988,12.42359676433595,6.775164499678382,4.573024591152542,9.453067525523265,22
opx,opx_only,P_kbar,T,800<=T<1000,800.0,1000.0,22,v10,GB/alr,v10 GB alr,8.364511563901504,4.744910909450276,11.7445677311171,6.185039582106497,4.0706493143674995,8.822113515178756,22
opx,opx_only,P_kbar,T,800<=T<1000,800.0,1000.0,22,v10,GB/pwlr,v10 GB pwlr,10.022284691557642,6.633632038898074,13.494650196079393,8.17878492853772,6.071220988654909,11.019528161926907,22
opx,opx_only,T_C,T,800<=T<1000,800.0,1000.0,22,v10,CatBoost/raw,v10 CatBoost raw,201.69014353051938,166.44264008036748,240.68478503442572,188.43978962570088,159.72921107655787,223.76710356121694,22
opx,opx_only,T_C,T,800<=T<1000,800.0,1000.0,22,v10,CatBoost/alr,v10 CatBoost alr,198.71567843873203,171.12680216828863,229.49070813839106,190.039509382112,168.29710468577437,217.03313488158398,22
opx,opx_only,T_C,T,800<=T<1000,800.0,1000.0,22,v10,CatBoost/pwlr,v10 CatBoost pwlr,188.6105493561551,155.90981220115629,225.06923781442535,173.5966864616764,145.67717958369613,206.8536328792723,22
opx,opx_only,P_kbar,T,800<=T<1000,800.0,1000.0,22,v10,CatBoost/raw,v10 CatBoost raw,7.426634279508509,4.577337268753146,9.654865055749099,5.661286073621027,3.6481849526856487,7.664706749932632,22
opx,opx_only,P_kbar,T,800<=T<1000,800.0,1000.0,22,v10,CatBoost/alr,v10 CatBoost alr,5.866644280813866,4.67596078506994,7.10137082130495,5.146068199448475,4.134856653010494,6.421782661760252,22
opx,opx_only,P_kbar,T,800<=T<1000,800.0,1000.0,22,v10,CatBoost/pwlr,v10 CatBoost pwlr,7.405133182850071,4.683723065951833,10.125230170335747,5.567566616363854,3.920235187684999,7.944020436675791,22
opx,opx_only,T_C,T,800<=T<1000,800.0,1000.0,22,v10,LightGBM/raw,v10 LightGBM raw,194.2414331966818,157.10647143886212,239.03853509607382,179.00477952378782,151.7489148105609,215.67338799398672,22
opx,opx_only,T_C,T,800<=T<1000,800.0,1000.0,22,v10,LightGBM/alr,v10 LightGBM alr,179.48157264931044,133.9004229553713,229.72166621384963,157.91736547012377,126.283059349671,201.19614575878992,22
opx,opx_only,T_C,T,800<=T<1000,800.0,1000.0,22,v10,LightGBM/pwlr,v10 LightGBM pwlr,190.99629374529425,154.99035984973537,232.03905027579708,175.72397418382891,147.78212902241725,208.41867305932996,22
opx,opx_only,P_kbar,T,800<=T<1000,800.0,1000.0,22,v10,LightGBM/raw,v10 LightGBM raw,8.800426002662647,4.511453813039291,12.465388490150401,6.439105602047122,4.195130956144399,9.177886308921206,22
opx,opx_only,P_kbar,T,800<=T<1000,800.0,1000.0,22,v10,LightGBM/alr,v10 LightGBM alr,8.187404272558885,4.891484364269144,11.147836169439278,6.307789711029629,4.167201090409366,8.782581975305261,22
opx,opx_only,P_kbar,T,800<=T<1000,800.0,1000.0,22,v10,LightGBM/pwlr,v10 LightGBM pwlr,7.4030271506653405,5.2047156058784525,9.611528063876241,6.13264036989188,4.487562626308496,8.200313093641642,22
opx,opx_only,T_C,T,800<=T<1000,800.0,1000.0,22,v10,ElasticNet/raw,v10 ElasticNet raw,253.61820822446737,228.3115272471023,282.92701921346924,247.32704784181408,225.37748303200866,273.86868441003554,22
opx,opx_only,T_C,T,800<=T<1000,800.0,1000.0,22,v10,ElasticNet/alr,v10 ElasticNet alr,268.41545940503215,252.82318145939553,284.39103519102093,266.0978225620877,251.55874396064317,281.6781786819333,22
opx,opx_only,T_C,T,800<=T<1000,800.0,1000.0,22,v10,ElasticNet/pwlr,v10 ElasticNet pwlr,229.338646766383,213.2425242338235,244.18966877920454,226.22251398033052,210.5792054822944,241.1981825794879,22
opx,opx_only,P_kbar,T,800<=T<1000,800.0,1000.0,22,v10,ElasticNet/raw,v10 ElasticNet raw,10.809912997305426,7.537890455972989,14.313856790444776,9.348805429853071,7.345568591813262,12.02264504501783,22
opx,opx_only,P_kbar,T,800<=T<1000,800.0,1000.0,22,v10,ElasticNet/alr,v10 ElasticNet alr,10.47361711408156,9.772428620777404,11.13557148773351,10.283823209906569,9.435267211153555,11.049207257494688,22
opx,opx_only,P_kbar,T,800<=T<1000,800.0,1000.0,22,v10,ElasticNet/pwlr,v10 ElasticNet pwlr,10.342950200225982,9.681982315060734,10.959935088172758,10.164158567447188,9.395071727671098,10.858099295826452,22
opx,opx_only,T_C,T,800<=T<1000,800.0,1000.0,22,v10,MLP/raw,v10 MLP raw,184.04559126843395,157.97177304355048,209.30680034957672,176.3200730976452,153.2567987941765,198.9141880708646,22
opx,opx_only,T_C,T,800<=T<1000,800.0,1000.0,22,v10,MLP/alr,v10 MLP alr,240.19002977511556,217.93916941336855,259.7267592108915,233.17462583003336,206.67229105939236,255.40303785865814,22
opx,opx_only,T_C,T,800<=T<1000,800.0,1000.0,22,v10,MLP/pwlr,v10 MLP pwlr,193.2996186400288,156.2070442766681,230.0514489440351,177.77759423493902,148.23212551320202,210.13004797320073,22
opx,opx_only,P_kbar,T,800<=T<1000,800.0,1000.0,22,v10,MLP/raw,v10 MLP raw,8.587273224294954,5.772969366749567,10.850425351083409,6.6664142180655945,4.519988603260449,8.83347307160579,22
opx,opx_only,P_kbar,T,800<=T<1000,800.0,1000.0,22,v10,MLP/alr,v10 MLP alr,9.831168661913336,8.011293228124165,11.637079638806808,8.666744538277914,6.9003121525821385,10.672342700024366,22
opx,opx_only,P_kbar,T,800<=T<1000,800.0,1000.0,22,v10,MLP/pwlr,v10 MLP pwlr,7.000324804887513,2.8643831662588695,10.674255360939036,4.18700750648702,2.240982517236736,7.108836147387666,22
opx,opx_only,P_kbar,T,800<=T<1000,800.0,1000.0,22,Putirka,Putirka 29c,Putirka 29c,2.7923735603024524,1.7046853101241977,3.791280070789375,2.0350462277094574,1.2003978152517016,3.009870276299481,17
opx,opx_only,T_C,T,1000<=T<1200,1000.0,1200.0,78,v10,RF/raw,v10 RF raw,119.68866403658505,106.27642260240728,132.8588277941792,103.22176733970115,90.76350417327343,116.56145994813579,78
opx,opx_only,T_C,T,1000<=T<1200,1000.0,1200.0,78,v10,RF/alr,v10 RF alr,120.7193137348728,107.5226186430817,133.63357007848276,104.49647068277243,92.42745315920664,118.12933799695995,78
opx,opx_only,T_C,T,1000<=T<1200,1000.0,1200.0,78,v10,RF/pwlr,v10 RF pwlr,112.57914336707896,100.18697191443833,125.71749919009149,96.91712023080267,84.5028960057314,110.0742745205781,78
opx,opx_only,P_kbar,T,1000<=T<1200,1000.0,1200.0,78,v10,RF/raw,v10 RF raw,8.198318128314595,6.573573402724507,9.74213458392159,5.802895543949548,4.617150419119348,7.059533879588357,78
opx,opx_only,P_kbar,T,1000<=T<1200,1000.0,1200.0,78,v10,RF/alr,v10 RF alr,7.886959197723206,6.235585252915376,9.343981807773707,5.659763155529382,4.538155060068683,6.867335973862942,78
opx,opx_only,P_kbar,T,1000<=T<1200,1000.0,1200.0,78,v10,RF/pwlr,v10 RF pwlr,8.435545538600806,6.314639744750561,10.379172434188932,5.86168840543906,4.67893153891368,7.099468226366585,78
opx,opx_only,T_C,T,1000<=T<1200,1000.0,1200.0,78,v10,ERT/raw,v10 ERT raw,123.52028500911045,110.35512264395999,136.68278633805923,107.1232543260865,93.32115143051392,121.2127680820015,78
opx,opx_only,T_C,T,1000<=T<1200,1000.0,1200.0,78,v10,ERT/alr,v10 ERT alr,121.77426353517802,108.57749950954327,135.6860606820876,104.9698201403172,91.74148712395538,118.50667505236794,78
opx,opx_only,T_C,T,1000<=T<1200,1000.0,1200.0,78,v10,ERT/pwlr,v10 ERT pwlr,112.67321350809937,101.83549533261998,124.6226355101903,97.94408110501247,85.87875937115057,111.82937245569582,78
opx,opx_only,P_kbar,T,1000<=T<1200,1000.0,1200.0,78,v10,ERT/raw,v10 ERT raw,7.553397938006319,6.060068868965855,8.950082355614864,5.7320373735210035,4.6370854170673494,6.786074138572963,78
opx,opx_only,P_kbar,T,1000<=T<1200,1000.0,1200.0,78,v10,ERT/alr,v10 ERT alr,8.592336481564162,7.083347687362493,9.936593693235965,6.781180444670552,5.616187731698186,7.81336050643202,78
opx,opx_only,P_kbar,T,1000<=T<1200,1000.0,1200.0,78,v10,ERT/pwlr,v10 ERT pwlr,8.436191855357459,6.941688906924621,9.928779645189856,6.4328758802868125,5.319180648295249,7.538770879262396,78
opx,opx_only,T_C,T,1000<=T<1200,1000.0,1200.0,78,v10,XGB/raw,v10 XGB raw,107.34433549310286,92.16641007964895,121.21312245199204,89.08301097283072,74.92093900252638,102.8806962916506,78
opx,opx_only,T_C,T,1000<=T<1200,1000.0,1200.0,78,v10,XGB/alr,v10 XGB alr,107.53766864135241,93.77854028035584,121.38032651232358,89.93035042130542,77.30372904591546,103.46255396277934,78
opx,opx_only,T_C,T,1000<=T<1200,1000.0,1200.0,78,v10,XGB/pwlr,v10 XGB pwlr,113.81070686677866,99.78841653600134,128.1429424119191,95.92655763409589,82.70253146599664,110.01581891771592,78
opx,opx_only,P_kbar,T,1000<=T<1200,1000.0,1200.0,78,v10,XGB/raw,v10 XGB raw,7.689918132421726,6.088498747133979,9.019782655532191,5.82671473374134,4.683066925342184,6.854299515009446,78
opx,opx_only,P_kbar,T,1000<=T<1200,1000.0,1200.0,78,v10,XGB/alr,v10 XGB alr,7.12517405846038,5.846523454868618,8.288894269643706,5.324995319465768,4.338006337741728,6.267963196905173,78
opx,opx_only,P_kbar,T,1000<=T<1200,1000.0,1200.0,78,v10,XGB/pwlr,v10 XGB pwlr,9.04740320649074,7.221087368225453,10.785358629366943,6.915859834557122,5.756952320339178,8.184170804710218,78
opx,opx_only,T_C,T,1000<=T<1200,1000.0,1200.0,78,v10,GB/raw,v10 GB raw,112.77977248685141,96.23864804277395,130.3404646105889,91.33941500553051,77.46845605580778,105.68198154906125,78
opx,opx_only,T_C,T,1000<=T<1200,1000.0,1200.0,78,v10,GB/alr,v10 GB alr,110.92249798476385,95.7530611510592,125.87984992467625,91.91865270719498,78.67473014930746,106.30292190934622,78
opx,opx_only,T_C,T,1000<=T<1200,1000.0,1200.0,78,v10,GB/pwlr,v10 GB pwlr,123.10522505263494,108.58327913554166,139.02843461504182,104.44013552996329,89.91202397036575,120.08401047378045,78
opx,opx_only,P_kbar,T,1000<=T<1200,1000.0,1200.0,78,v10,GB/raw,v10 GB raw,8.010149463565693,6.409935059275116,9.567305303900499,6.090125127042498,5.03056112043297,7.250494494267013,78
opx,opx_only,P_kbar,T,1000<=T<1200,1000.0,1200.0,78,v10,GB/alr,v10 GB alr,8.481154337348647,6.997281677357114,9.95866162762142,6.492572249738926,5.418919956802401,7.731300081145406,78
opx,opx_only,P_kbar,T,1000<=T<1200,1000.0,1200.0,78,v10,GB/pwlr,v10 GB pwlr,8.83335761086397,7.009548671030888,10.749665475401814,6.7148309373986175,5.547498673993391,8.046149215330924,78
opx,opx_only,T_C,T,1000<=T<1200,1000.0,1200.0,78,v10,CatBoost/raw,v10 CatBoost raw,113.9983903460576,99.59527461125349,127.49504545607769,94.23582535157162,80.6721185512727,107.77822116858512,78
opx,opx_only,T_C,T,1000<=T<1200,1000.0,1200.0,78,v10,CatBoost/alr,v10 CatBoost alr,114.52916030111203,102.05365689219329,127.3008073844527,98.19936906931365,86.21094187205148,111.46268569169611,78
opx,opx_only,T_C,T,1000<=T<1200,1000.0,1200.0,78,v10,CatBoost/pwlr,v10 CatBoost pwlr,117.37296335534238,104.20316303528791,130.0235002860144,100.39615589645149,87.62424013973953,114.47695322249182,78
opx,opx_only,P_kbar,T,1000<=T<1200,1000.0,1200.0,78,v10,CatBoost/raw,v10 CatBoost raw,8.154354896221454,6.672727384982118,9.562662606447958,6.303478150360123,5.234043987244398,7.468550338159512,78
opx,opx_only,P_kbar,T,1000<=T<1200,1000.0,1200.0,78,v10,CatBoost/alr,v10 CatBoost alr,7.448655865109379,6.261565347969426,8.516777270385992,6.051318698472121,5.116811422631001,6.983591197433381,78
opx,opx_only,P_kbar,T,1000<=T<1200,1000.0,1200.0,78,v10,CatBoost/pwlr,v10 CatBoost pwlr,7.417520291344265,5.976894755832834,8.851374493344672,5.542790295763704,4.5231219438546715,6.6086101736353395,78
opx,opx_only,T_C,T,1000<=T<1200,1000.0,1200.0,78,v10,LightGBM/raw,v10 LightGBM raw,111.7357035214256,97.78278623843194,125.50775598045813,94.17525103452526,80.58871162404643,107.55891837493125,78
opx,opx_only,T_C,T,1000<=T<1200,1000.0,1200.0,78,v10,LightGBM/alr,v10 LightGBM alr,113.08626144252723,98.32816236226401,127.47242354480977,93.66940209967532,79.23613665531046,108.3655105359555,78
opx,opx_only,T_C,T,1000<=T<1200,1000.0,1200.0,78,v10,LightGBM/pwlr,v10 LightGBM pwlr,110.63472855157171,96.37912474962079,126.06052208475766,91.36115750698514,78.06977428311698,106.7861191597071,78
opx,opx_only,P_kbar,T,1000<=T<1200,1000.0,1200.0,78,v10,LightGBM/raw,v10 LightGBM raw,8.14673312040697,6.551803208957733,9.731013697848248,6.320903943271765,5.2982340351646116,7.434682751806597,78
opx,opx_only,P_kbar,T,1000<=T<1200,1000.0,1200.0,78,v10,LightGBM/alr,v10 LightGBM alr,8.68413897704398,6.992599243773638,10.30001238509905,6.493689277146406,5.309244253214485,7.693441958762677,78
opx,opx_only,P_kbar,T,1000<=T<1200,1000.0,1200.0,78,v10,LightGBM/pwlr,v10 LightGBM pwlr,9.43026190758998,7.204686764465826,11.653765898284554,6.688883928714053,5.356779471354863,8.05987745411911,78
opx,opx_only,T_C,T,1000<=T<1200,1000.0,1200.0,78,v10,ElasticNet/raw,v10 ElasticNet raw,139.01286040053964,123.1496588376971,153.4117308291,119.23841410488573,103.48706457173152,134.5674262948179,78
opx,opx_only,T_C,T,1000<=T<1200,1000.0,1200.0,78,v10,ElasticNet/alr,v10 ElasticNet alr,144.25407789265012,129.16020431873181,158.6904919629221,127.98600369716337,114.27990623088151,143.43842728850547,78
opx,opx_only,T_C,T,1000<=T<1200,1000.0,1200.0,78,v10,ElasticNet/pwlr,v10 ElasticNet pwlr,141.97152808414862,127.30417628059969,155.93155634954968,127.54484814568117,113.1833109612909,141.29018753752715,78
opx,opx_only,P_kbar,T,1000<=T<1200,1000.0,1200.0,78,v10,ElasticNet/raw,v10 ElasticNet raw,9.359264786784495,7.461785338235078,11.952065677090454,7.483948779923624,6.415353248813291,8.803449475026964,78
opx,opx_only,P_kbar,T,1000<=T<1200,1000.0,1200.0,78,v10,ElasticNet/alr,v10 ElasticNet alr,8.230379692719238,7.387692804998491,9.003380980991006,6.828004115800027,5.921181762462463,7.818797246880813,78
opx,opx_only,P_kbar,T,1000<=T<1200,1000.0,1200.0,78,v10,ElasticNet/pwlr,v10 ElasticNet pwlr,8.061429518135638,7.241719887836907,8.849858353083752,6.805085151611429,5.927048173994209,7.720518681479485,78
opx,opx_only,T_C,T,1000<=T<1200,1000.0,1200.0,78,v10,MLP/raw,v10 MLP raw,118.36932046471664,105.47351709373042,129.80944856511923,104.31333558765576,91.47392303755653,115.67821494879274,78
opx,opx_only,T_C,T,1000<=T<1200,1000.0,1200.0,78,v10,MLP/alr,v10 MLP alr,145.38969123829182,130.5557476540308,158.22639645734674,130.76529458573776,116.07909511370104,143.74923179866275,78
opx,opx_only,T_C,T,1000<=T<1200,1000.0,1200.0,78,v10,MLP/pwlr,v10 MLP pwlr,139.45784060731575,121.08636711756934,154.4513315688377,118.47798391989487,101.61495413557655,134.03238850196837,78
opx,opx_only,P_kbar,T,1000<=T<1200,1000.0,1200.0,78,v10,MLP/raw,v10 MLP raw,8.525359739972556,6.875287875883624,10.026788921261131,6.313752649570662,5.110713051144125,7.572197850537964,76
opx,opx_only,P_kbar,T,1000<=T<1200,1000.0,1200.0,78,v10,MLP/alr,v10 MLP alr,9.252873820724973,7.705721251767196,10.740266037592555,7.230914578679998,6.030389338831328,8.401834365977203,78
opx,opx_only,P_kbar,T,1000<=T<1200,1000.0,1200.0,78,v10,MLP/pwlr,v10 MLP pwlr,8.253813545127484,6.0482513728193235,10.611717642109822,5.774145722803852,4.530294579457728,7.162240059605031,78
opx,opx_only,P_kbar,T,1000<=T<1200,1000.0,1200.0,78,Putirka,Putirka 29c,Putirka 29c,4.683413053012875,3.739991668400898,5.527076859844747,3.679485877217138,2.855681352353418,4.478657983306724,45
opx,opx_only,T_C,T,1200<=T<1400,1200.0,1400.0,63,v10,RF/raw,v10 RF raw,78.78722995513749,67.86669939353003,87.8355155264394,66.8909905873084,55.68854555868459,77.21092932584449,63
opx,opx_only,T_C,T,1200<=T<1400,1200.0,1400.0,63,v10,RF/alr,v10 RF alr,76.58295314972702,65.87892702066088,85.43498701812679,64.65778026737954,53.99788368884199,75.06748683937708,63
opx,opx_only,T_C,T,1200<=T<1400,1200.0,1400.0,63,v10,RF/pwlr,v10 RF pwlr,78.42265328440395,66.48305433433516,87.5557633081572,66.90365648853843,56.136693741506306,76.2191930520993,63
opx,opx_only,P_kbar,T,1200<=T<1400,1200.0,1400.0,63,v10,RF/raw,v10 RF raw,9.203067251584745,6.056598058177237,12.3609994276345,5.3923915662803195,3.9034032390264333,7.529246935978261,63
opx,opx_only,P_kbar,T,1200<=T<1400,1200.0,1400.0,63,v10,RF/alr,v10 RF alr,7.380601219006103,4.969107142027779,9.84339024652073,4.647291117853982,3.503984375455716,6.165258590052798,63
opx,opx_only,P_kbar,T,1200<=T<1400,1200.0,1400.0,63,v10,RF/pwlr,v10 RF pwlr,4.929950412958856,3.737735800264373,6.125550680626729,3.564887888651859,2.786675815585669,4.552706143927077,63
opx,opx_only,T_C,T,1200<=T<1400,1200.0,1400.0,63,v10,ERT/raw,v10 ERT raw,77.86382730097746,66.49364646021242,87.6680444524881,65.5370334155079,54.36966414734537,76.280485239095,63
opx,opx_only,T_C,T,1200<=T<1400,1200.0,1400.0,63,v10,ERT/alr,v10 ERT alr,83.9039571947388,71.43203535220209,94.5837538794011,71.20731406984865,59.002959268592136,82.70130553777773,63
opx,opx_only,T_C,T,1200<=T<1400,1200.0,1400.0,63,v10,ERT/pwlr,v10 ERT pwlr,78.333597906245,66.61934101307436,87.86720143430216,65.50485740102381,53.062317410576895,76.257584284476,63
opx,opx_only,P_kbar,T,1200<=T<1400,1200.0,1400.0,63,v10,ERT/raw,v10 ERT raw,8.693145333654348,5.797505269469903,11.541921280901061,5.259572032757556,3.8583271304391813,7.215124120896714,63
opx,opx_only,P_kbar,T,1200<=T<1400,1200.0,1400.0,63,v10,ERT/alr,v10 ERT alr,6.421936930084383,4.810409089211644,8.136850155883147,4.461297787776461,3.4082281984713085,5.759626598343658,63
opx,opx_only,P_kbar,T,1200<=T<1400,1200.0,1400.0,63,v10,ERT/pwlr,v10 ERT pwlr,6.96557232374636,4.937379645736599,9.132820046490098,4.473565861881753,3.406158517799056,5.942262636277722,63
opx,opx_only,T_C,T,1200<=T<1400,1200.0,1400.0,63,v10,XGB/raw,v10 XGB raw,93.15894190633101,79.00886822570023,111.70048664212614,76.19870943001176,64.49988475716992,89.56944168416902,63
opx,opx_only,T_C,T,1200<=T<1400,1200.0,1400.0,63,v10,XGB/alr,v10 XGB alr,79.89861893574675,69.29755636116799,89.34905605458141,68.27669879633119,57.91917514595257,79.00659634211314,63
opx,opx_only,T_C,T,1200<=T<1400,1200.0,1400.0,63,v10,XGB/pwlr,v10 XGB pwlr,82.08227912506756,69.04195381766779,92.49376217953512,67.94411150695679,55.662704138083775,78.9101529495385,63
opx,opx_only,P_kbar,T,1200<=T<1400,1200.0,1400.0,63,v10,XGB/raw,v10 XGB raw,8.434986037793031,5.7327202088503375,11.273617712095255,5.125797396654982,3.746064594181344,6.988713683425218,63
opx,opx_only,P_kbar,T,1200<=T<1400,1200.0,1400.0,63,v10,XGB/alr,v10 XGB alr,6.685358420303145,4.669381527620118,8.684992874856922,4.338609169440485,3.2742791548932,5.7335632258958285,63
opx,opx_only,P_kbar,T,1200<=T<1400,1200.0,1400.0,63,v10,XGB/pwlr,v10 XGB pwlr,5.21826492758744,4.123971692474928,6.487892531340125,3.738382041698811,2.950416981990075,4.797340587428752,63
opx,opx_only,T_C,T,1200<=T<1400,1200.0,1400.0,63,v10,GB/raw,v10 GB raw,94.91403804309267,83.01945026864684,106.04918359519014,82.86136104987837,71.59122665752578,93.44823040530876,63
opx,opx_only,T_C,T,1200<=T<1400,1200.0,1400.0,63,v10,GB/alr,v10 GB alr,87.91752496375153,76.3194478727025,100.100005486103,75.45468042234927,65.09132158030073,86.35316256879216,63
opx,opx_only,T_C,T,1200<=T<1400,1200.0,1400.0,63,v10,GB/pwlr,v10 GB pwlr,89.8229513298605,77.20428996316396,100.44630741559578,75.994241292319,63.594212095731955,87.03036267418572,63
opx,opx_only,P_kbar,T,1200<=T<1400,1200.0,1400.0,63,v10,GB/raw,v10 GB raw,8.437695959756384,5.71972204473981,11.194171854949362,5.279692968827552,3.944129054972014,6.997566868193401,63
opx,opx_only,P_kbar,T,1200<=T<1400,1200.0,1400.0,63,v10,GB/alr,v10 GB alr,8.180156333702463,5.982121448641682,10.636949343662481,5.377960814154588,4.132198683267027,7.10542273419607,63
opx,opx_only,P_kbar,T,1200<=T<1400,1200.0,1400.0,63,v10,GB/pwlr,v10 GB pwlr,6.065164350390651,4.330253970460741,7.893992019994702,3.9367081852893726,2.976061839104466,5.200304565856212,63
opx,opx_only,T_C,T,1200<=T<1400,1200.0,1400.0,63,v10,CatBoost/raw,v10 CatBoost raw,83.63643350079897,73.29473393978202,94.35855906794295,71.49798718616738,61.82265739521517,82.48726722158631,63
opx,opx_only,T_C,T,1200<=T<1400,1200.0,1400.0,63,v10,CatBoost/alr,v10 CatBoost alr,79.41907274236466,68.09813144444607,90.24962659797855,67.88143998035332,57.46141244505232,77.90503894720159,63
opx,opx_only,T_C,T,1200<=T<1400,1200.0,1400.0,63,v10,CatBoost/pwlr,v10 CatBoost pwlr,78.61195069579942,65.6891161349496,90.12337065126893,64.87178479590878,53.29265766404387,77.0846468458249,63
opx,opx_only,P_kbar,T,1200<=T<1400,1200.0,1400.0,63,v10,CatBoost/raw,v10 CatBoost raw,7.699302132442829,5.293468032081609,10.238689544725444,4.739623339565211,3.490676444583315,6.425512203536381,63
opx,opx_only,P_kbar,T,1200<=T<1400,1200.0,1400.0,63,v10,CatBoost/alr,v10 CatBoost alr,8.227660196493376,5.567046054081137,10.995191719681468,4.874323747649854,3.4645588912886773,6.691993090267233,63
opx,opx_only,P_kbar,T,1200<=T<1400,1200.0,1400.0,63,v10,CatBoost/pwlr,v10 CatBoost pwlr,7.325931142541958,5.06673523470216,9.684513323127302,4.506761903188329,3.328029532312215,6.076756532086251,63
opx,opx_only,T_C,T,1200<=T<1400,1200.0,1400.0,63,v10,LightGBM/raw,v10 LightGBM raw,84.50445583701587,73.10100268173345,94.77714306819108,70.18007208207055,58.759501993147296,81.37969236211056,63
opx,opx_only,T_C,T,1200<=T<1400,1200.0,1400.0,63,v10,LightGBM/alr,v10 LightGBM alr,86.27571916241614,75.64159059784267,96.31320232165957,73.33122095803697,62.75718730980713,84.39026174317786,63
opx,opx_only,T_C,T,1200<=T<1400,1200.0,1400.0,63,v10,LightGBM/pwlr,v10 LightGBM pwlr,75.77143704036548,63.388160500583986,86.03684700229432,62.04066448220643,50.974579820791455,72.73302971696799,63
opx,opx_only,P_kbar,T,1200<=T<1400,1200.0,1400.0,63,v10,LightGBM/raw,v10 LightGBM raw,8.302963120262525,5.760627610782744,10.937960560470122,5.268235102988585,3.9696234164688295,6.9701831161806185,63
opx,opx_only,P_kbar,T,1200<=T<1400,1200.0,1400.0,63,v10,LightGBM/alr,v10 LightGBM alr,8.026701679145647,5.931140682672246,10.320222822943153,5.352956875318731,4.112503695816474,7.008573560089199,63
opx,opx_only,P_kbar,T,1200<=T<1400,1200.0,1400.0,63,v10,LightGBM/pwlr,v10 LightGBM pwlr,5.8014383058224945,4.365860558882937,7.341460631424857,3.995818070370944,3.071041118269459,5.189302122613927,63
opx,opx_only,T_C,T,1200<=T<1400,1200.0,1400.0,63,v10,ElasticNet/raw,v10 ElasticNet raw,73.79577160833634,62.088415821983844,84.90541834782275,61.83210333268404,51.92218905069899,72.57186425803056,63
opx,opx_only,T_C,T,1200<=T<1400,1200.0,1400.0,63,v10,ElasticNet/alr,v10 ElasticNet alr,71.7705653930206,62.61757810431573,80.87979919123188,61.16656060665306,52.35391684051799,70.88770428687845,63
opx,opx_only,T_C,T,1200<=T<1400,1200.0,1400.0,63,v10,ElasticNet/pwlr,v10 ElasticNet pwlr,103.2920305024205,89.4980552772277,117.46497698961718,88.49808194424071,75.05769478650761,102.04373501735981,63
opx,opx_only,P_kbar,T,1200<=T<1400,1200.0,1400.0,63,v10,ElasticNet/raw,v10 ElasticNet raw,9.340363731946521,6.034527220516877,12.57416503842949,5.593096450126393,4.023291412003113,7.662419269720192,63
opx,opx_only,P_kbar,T,1200<=T<1400,1200.0,1400.0,63,v10,ElasticNet/alr,v10 ElasticNet alr,9.3700204783839,6.540916325401142,12.315709423382218,6.32735034408191,4.895974362163118,8.229743752066115,63
opx,opx_only,P_kbar,T,1200<=T<1400,1200.0,1400.0,63,v10,ElasticNet/pwlr,v10 ElasticNet pwlr,9.17840246840013,6.329301052315332,12.15464134507872,6.138932527009319,4.722392340154131,8.061812261539506,63
opx,opx_only,T_C,T,1200<=T<1400,1200.0,1400.0,63,v10,MLP/raw,v10 MLP raw,98.815447534647,82.60993763989025,115.50801999544134,80.27107851971206,68.03391217590926,95.07009276697782,63
opx,opx_only,T_C,T,1200<=T<1400,1200.0,1400.0,63,v10,MLP/alr,v10 MLP alr,92.06111870466421,78.76675823602388,104.99761531958265,77.59642106564894,64.6061674894343,90.31495405953684,63
opx,opx_only,T_C,T,1200<=T<1400,1200.0,1400.0,63,v10,MLP/pwlr,v10 MLP pwlr,93.65515349435803,77.00209241645639,109.7109866312634,74.54279961639037,60.40329005033287,89.6778928064427,63
opx,opx_only,P_kbar,T,1200<=T<1400,1200.0,1400.0,63,v10,MLP/raw,v10 MLP raw,12.269681706708171,7.581260552805729,16.714323708870666,7.252223106544098,5.132758011015005,10.012583043291134,63
opx,opx_only,P_kbar,T,1200<=T<1400,1200.0,1400.0,63,v10,MLP/alr,v10 MLP alr,9.818984852352402,6.784789631548641,12.990746725227146,6.247595965293815,4.649881995507744,8.278371201457015,63
opx,opx_only,P_kbar,T,1200<=T<1400,1200.0,1400.0,63,v10,MLP/pwlr,v10 MLP pwlr,9.207026224165231,5.843823398234661,12.475660555921161,5.430085463204411,3.8224124134159068,7.39938855344361,63
opx,opx_only,P_kbar,T,1200<=T<1400,1200.0,1400.0,63,Putirka,Putirka 29c,Putirka 29c,13.630804268027994,7.763500171782208,18.300141051537786,6.867583229402798,4.21080915283361,9.842447682421644,57
opx,opx_only,T_C,T,T>=1400,1400.0,5000.0,27,v10,RF/raw,v10 RF raw,286.60322035519056,197.1645354762411,370.8494943464423,204.81751325633593,132.69170920129702,287.34787422233074,27
opx,opx_only,T_C,T,T>=1400,1400.0,5000.0,27,v10,RF/alr,v10 RF alr,279.5560204742086,191.87808958061743,362.9705951948117,201.4558377867969,130.33664970903527,280.1910924108842,27
opx,opx_only,T_C,T,T>=1400,1400.0,5000.0,27,v10,RF/pwlr,v10 RF pwlr,283.38599209732735,195.19908683985997,363.66799679143116,204.1752882405566,136.74236855514545,285.83157472234814,27
opx,opx_only,P_kbar,T,T>=1400,1400.0,5000.0,27,v10,RF/raw,v10 RF raw,24.615616944718802,15.45037032702153,34.076216892405526,17.848698345345728,11.959917459524672,24.95648257253423,27
opx,opx_only,P_kbar,T,T>=1400,1400.0,5000.0,27,v10,RF/alr,v10 RF alr,22.53632932262082,12.015622669225836,33.21094982653957,15.015595163006942,9.175576150886775,22.362473441978096,27
opx,opx_only,P_kbar,T,T>=1400,1400.0,5000.0,27,v10,RF/pwlr,v10 RF pwlr,20.62231857234953,7.869126694186219,32.6677581457182,11.637938232777442,6.29723054547639,19.493768775626705,27
opx,opx_only,T_C,T,T>=1400,1400.0,5000.0,27,v10,ERT/raw,v10 ERT raw,297.0646753863019,197.04764843977418,382.3474173646996,204.01111184110363,124.11862356511025,292.7288764600587,27
opx,opx_only,T_C,T,T>=1400,1400.0,5000.0,27,v10,ERT/alr,v10 ERT alr,315.52162165806664,215.2066524197428,403.9782393803233,228.0867325255646,147.5735647777087,314.79583745105026,27
opx,opx_only,T_C,T,T>=1400,1400.0,5000.0,27,v10,ERT/pwlr,v10 ERT pwlr,308.9583730892674,215.95788688917995,392.5994099491923,224.01994229347343,144.80804549413224,310.3613207981151,27
opx,opx_only,P_kbar,T,T>=1400,1400.0,5000.0,27,v10,ERT/raw,v10 ERT raw,25.279770095903448,16.69227879285172,34.46710913520848,18.90112493578063,13.268731065876908,26.20604931031488,27
opx,opx_only,P_kbar,T,T>=1400,1400.0,5000.0,27,v10,ERT/alr,v10 ERT alr,22.44125440763756,12.885665768748538,32.279225545344154,15.52629332675127,10.682014370076446,23.252524523451775,27
opx,opx_only,P_kbar,T,T>=1400,1400.0,5000.0,27,v10,ERT/pwlr,v10 ERT pwlr,21.503216211279696,11.429478005117115,31.60507957662536,14.109689069776389,8.985602121649071,21.5100041515524,27
opx,opx_only,T_C,T,T>=1400,1400.0,5000.0,27,v10,XGB/raw,v10 XGB raw,284.02642539166766,188.27029617037982,368.6935785590894,195.13902150848767,122.81893966109665,283.4270868748794,27
opx,opx_only,T_C,T,T>=1400,1400.0,5000.0,27,v10,XGB/alr,v10 XGB alr,283.17143576910865,196.12671604375726,363.01984639423205,199.53755847318675,124.79717938458478,281.8806627438392,27
opx,opx_only,T_C,T,T>=1400,1400.0,5000.0,27,v10,XGB/pwlr,v10 XGB pwlr,312.4769399615072,218.94036120729209,400.18680108377725,227.52484959731868,150.74873231487513,316.17182349687744,27
opx,opx_only,P_kbar,T,T>=1400,1400.0,5000.0,27,v10,XGB/raw,v10 XGB raw,23.87849172535315,14.112247085637247,33.967248408934125,16.92253612889772,11.04122127307814,24.461333272741307,27
opx,opx_only,P_kbar,T,T>=1400,1400.0,5000.0,27,v10,XGB/alr,v10 XGB alr,22.191851724151174,11.728086595564177,33.04515385915124,14.809605036317558,9.750118979956031,22.25349125008524,27
opx,opx_only,P_kbar,T,T>=1400,1400.0,5000.0,27,v10,XGB/pwlr,v10 XGB pwlr,20.231293699692245,7.438209948711272,31.874058734438307,11.303993033838868,5.9619403550841366,19.1759564364398,27
opx,opx_only,T_C,T,T>=1400,1400.0,5000.0,27,v10,GB/raw,v10 GB raw,310.17403353943337,214.9055289994032,399.5166933911408,225.08226835229908,148.53394670948916,313.566274962982,27
opx,opx_only,T_C,T,T>=1400,1400.0,5000.0,27,v10,GB/alr,v10 GB alr,279.44421789449103,189.16632907319794,360.2838849289484,195.51679493338142,124.89758964532776,279.3907886661294,27
opx,opx_only,T_C,T,T>=1400,1400.0,5000.0,27,v10,GB/pwlr,v10 GB pwlr,321.39536712879857,237.00781192838437,397.9185503141129,250.71920575913373,175.51490848775947,329.86316377453363,27
opx,opx_only,P_kbar,T,T>=1400,1400.0,5000.0,27,v10,GB/raw,v10 GB raw,23.684700009793897,13.50651983183868,34.029980629469215,16.899831977167803,11.340057540120727,24.401924544085517,27
opx,opx_only,P_kbar,T,T>=1400,1400.0,5000.0,27,v10,GB/alr,v10 GB alr,23.675162117885826,12.749789507145985,34.55006669560532,16.465855723225978,10.78062145542032,24.2967689068844,27
opx,opx_only,P_kbar,T,T>=1400,1400.0,5000.0,27,v10,GB/pwlr,v10 GB pwlr,22.216689892275593,11.098822901031431,33.64905969713683,14.451947939604722,9.240621366482106,22.232939860029777,27
opx,opx_only,T_C,T,T>=1400,1400.0,5000.0,27,v10,CatBoost/raw,v10 CatBoost raw,292.92096394148547,194.45054144943379,380.33166110396195,196.14630856893024,117.37541541137104,288.8986387436361,27
opx,opx_only,T_C,T,T>=1400,1400.0,5000.0,27,v10,CatBoost/alr,v10 CatBoost alr,285.5055430607673,194.42216828662905,369.82525960603687,195.6245931273317,119.7584957859452,283.6899556421845,27
opx,opx_only,T_C,T,T>=1400,1400.0,5000.0,27,v10,CatBoost/pwlr,v10 CatBoost pwlr,293.00524063698634,210.34198268625326,369.83127271477645,218.40462335626304,146.41200424568993,297.72432995007654,27
opx,opx_only,P_kbar,T,T>=1400,1400.0,5000.0,27,v10,CatBoost/raw,v10 CatBoost raw,23.96900624171696,14.08087987923459,34.28783486566658,16.83833253773612,11.33551343303335,24.4297288099514,27
opx,opx_only,P_kbar,T,T>=1400,1400.0,5000.0,27,v10,CatBoost/alr,v10 CatBoost alr,25.68488507615164,16.829188903564415,35.370678324678956,18.98696765874261,13.554037585866874,26.797331794520627,27
opx,opx_only,P_kbar,T,T>=1400,1400.0,5000.0,27,v10,CatBoost/pwlr,v10 CatBoost pwlr,22.925732147701854,13.224067069200949,32.96434039918569,15.958004769900155,10.697470964177542,23.627016432763778,27
opx,opx_only,T_C,T,T>=1400,1400.0,5000.0,27,v10,LightGBM/raw,v10 LightGBM raw,277.16085000794675,186.09901517726516,359.76455925292174,190.79739560173803,115.01386782676502,277.850801308725,27
opx,opx_only,T_C,T,T>=1400,1400.0,5000.0,27,v10,LightGBM/alr,v10 LightGBM alr,271.18488163433875,183.67188219333616,354.57827554666886,187.41600600916422,117.62694798398635,272.05771883701857,27
opx,opx_only,T_C,T,T>=1400,1400.0,5000.0,27,v10,LightGBM/pwlr,v10 LightGBM pwlr,289.99868516590925,200.0475401356656,371.31694219208634,209.73349130115074,139.39306953438953,295.33799160269507,27
opx,opx_only,P_kbar,T,T>=1400,1400.0,5000.0,27,v10,LightGBM/raw,v10 LightGBM raw,23.609416299829196,12.91419648082627,34.46380908530487,16.419003470587402,10.783673388555801,24.129228517112004,27
opx,opx_only,P_kbar,T,T>=1400,1400.0,5000.0,27,v10,LightGBM/alr,v10 LightGBM alr,23.34759588036811,12.012841240629696,34.67501600457328,15.742233529261442,10.21506331683335,23.718452058893657,27
opx,opx_only,P_kbar,T,T>=1400,1400.0,5000.0,27,v10,LightGBM/pwlr,v10 LightGBM pwlr,21.41653933969297,8.430873552919401,33.647881613828865,12.321267922251169,6.684032491606865,20.73972895196484,27
opx,opx_only,T_C,T,T>=1400,1400.0,5000.0,27,v10,ElasticNet/raw,v10 ElasticNet raw,249.93803724914858,168.4532784371097,323.8474664975637,174.53825629879563,113.97472382303384,251.37044566542548,27
opx,opx_only,T_C,T,T>=1400,1400.0,5000.0,27,v10,ElasticNet/alr,v10 ElasticNet alr,279.51652531854353,197.85822734680718,355.4701845799814,217.60660642426188,157.7402775764078,293.4924293342448,27
opx,opx_only,T_C,T,T>=1400,1400.0,5000.0,27,v10,ElasticNet/pwlr,v10 ElasticNet pwlr,280.90445039931706,181.06547738593292,367.3109211306471,185.0831644502498,111.40428127966872,274.6271035015094,27
opx,opx_only,P_kbar,T,T>=1400,1400.0,5000.0,27,v10,ElasticNet/raw,v10 ElasticNet raw,26.183776452370623,17.482843787409365,35.92655174708032,19.945852436583074,14.51423143777742,27.084284977176075,27
opx,opx_only,P_kbar,T,T>=1400,1400.0,5000.0,27,v10,ElasticNet/alr,v10 ElasticNet alr,27.430410087787152,19.760581806834253,36.853809207984455,21.594563546689347,16.328395278304285,29.106966508688473,27
opx,opx_only,P_kbar,T,T>=1400,1400.0,5000.0,27,v10,ElasticNet/pwlr,v10 ElasticNet pwlr,27.290499518623502,19.489547206055814,36.84655010841702,21.46789732042403,16.224441417332425,28.848288837831213,27
opx,opx_only,T_C,T,T>=1400,1400.0,5000.0,27,v10,MLP/raw,v10 MLP raw,268.18518916200435,180.30750169969355,346.9329074556321,187.1512674925634,124.0892725036981,262.8301624663086,27
opx,opx_only,T_C,T,T>=1400,1400.0,5000.0,27,v10,MLP/alr,v10 MLP alr,344.17945255720724,252.05427981019534,429.3018372662058,251.2246754493183,164.2359624732197,343.95673104177524,27
opx,opx_only,T_C,T,T>=1400,1400.0,5000.0,27,v10,MLP/pwlr,v10 MLP pwlr,307.9530984714116,219.76171181923297,392.85071208920755,224.16003149287704,147.35364404634555,307.39659531832126,27
opx,opx_only,P_kbar,T,T>=1400,1400.0,5000.0,27,v10,MLP/raw,v10 MLP raw,25.864141610511055,17.24128480040622,33.89650801387568,18.04000206608535,11.568272941665752,25.516290921985874,27
opx,opx_only,P_kbar,T,T>=1400,1400.0,5000.0,27,v10,MLP/alr,v10 MLP alr,24.32557682041049,18.159992478676003,30.47359593264119,18.73577241553393,13.144901607167379,24.82400898770838,27
opx,opx_only,P_kbar,T,T>=1400,1400.0,5000.0,27,v10,MLP/pwlr,v10 MLP pwlr,23.831231280982987,17.11261218746212,30.50584184699706,18.65596293017386,13.288836638873816,24.609096116397794,27
opx,opx_only,P_kbar,T,T>=1400,1400.0,5000.0,27,Putirka,Putirka 29c,Putirka 29c,25.0656633594341,13.049692716553707,35.79027690562149,16.590867912438302,9.002574915825846,24.900676135082023,21
opx,opx_only,T_C,T,ALL,-1000.0,5000.0,190,v10,RF/raw,v10 RF raw,158.20283010789362,132.53870132847004,183.88957442409748,117.43111275558984,103.27803056334601,131.93486267944033,190
opx,opx_only,T_C,T,ALL,-1000.0,5000.0,190,v10,RF/alr,v10 RF alr,156.34193286791904,131.33193335905287,182.02480134674903,116.88490851072439,103.44491576284366,131.4324149445952,190
opx,opx_only,T_C,T,ALL,-1000.0,5000.0,190,v10,RF/pwlr,v10 RF pwlr,152.03803894431383,126.04585072829249,178.04088426956986,111.96445863949836,97.48194353183663,126.01481402214878,190
opx,opx_only,P_kbar,T,ALL,-1000.0,5000.0,190,v10,RF/raw,v10 RF raw,12.259346060811689,9.225338871550294,15.287344989785133,7.327418721152935,6.0036783798128885,8.695162296837445,190
opx,opx_only,P_kbar,T,ALL,-1000.0,5000.0,190,v10,RF/alr,v10 RF alr,11.10107032422439,7.999859746158883,14.52845034328921,6.627614971857917,5.450130341416672,7.914865576181052,190
opx,opx_only,P_kbar,T,ALL,-1000.0,5000.0,190,v10,RF/pwlr,v10 RF pwlr,10.327722797494395,7.00652507174284,14.10101876005092,5.940081608831289,4.812863247217487,7.33535752330296,190
opx,opx_only,T_C,T,ALL,-1000.0,5000.0,190,v10,ERT/raw,v10 ERT raw,163.1198930324352,136.01951740427324,189.9619575699145,119.39289922250381,105.18865895490646,134.46586455420757,190
opx,opx_only,T_C,T,ALL,-1000.0,5000.0,190,v10,ERT/alr,v10 ERT alr,167.5614912611805,140.41517235121776,196.2059156621723,123.46145271765992,108.61009902736909,138.87545780194992,190
opx,opx_only,T_C,T,ALL,-1000.0,5000.0,190,v10,ERT/pwlr,v10 ERT pwlr,158.7682524348852,130.9377649696131,186.92070597713308,115.12602160019698,100.83588658497803,131.45454213671974,190
opx,opx_only,P_kbar,T,ALL,-1000.0,5000.0,190,v10,ERT/raw,v10 ERT raw,12.102255702827854,9.196401945312893,15.133770666107473,7.415399447941057,6.162120551466162,8.857290030993566,190
opx,opx_only,P_kbar,T,ALL,-1000.0,5000.0,190,v10,ERT/alr,v10 ERT alr,11.089994665435292,8.297411409476123,14.154452731338937,7.22743397669284,6.0801552414726405,8.547699134200695,190
opx,opx_only,P_kbar,T,ALL,-1000.0,5000.0,190,v10,ERT/pwlr,v10 ERT pwlr,10.885709307356297,7.949465321918614,14.055071344872049,6.909099927490592,5.758140254377104,8.171581078174505,190
opx,opx_only,T_C,T,ALL,-1000.0,5000.0,190,v10,XGB/raw,v10 XGB raw,150.47324333906306,123.83409035031057,178.42688654013907,108.14771439061225,94.69199212297914,123.31005084416974,190
opx,opx_only,T_C,T,ALL,-1000.0,5000.0,190,v10,XGB/alr,v10 XGB alr,148.4940854532406,122.80125413407407,174.32682518477543,107.41356462410614,93.99692388238266,122.02724659484714,190
opx,opx_only,T_C,T,ALL,-1000.0,5000.0,190,v10,XGB/pwlr,v10 XGB pwlr,157.36880208594957,128.38418002877427,186.6273749563146,111.5438939764287,97.64392291710848,126.62343854701945,190
opx,opx_only,P_kbar,T,ALL,-1000.0,5000.0,190,v10,XGB/raw,v10 XGB raw,11.665079390563667,8.51268157503824,14.98350007540213,7.168403115204345,5.893053992644098,8.503130863178459,190
opx,opx_only,P_kbar,T,ALL,-1000.0,5000.0,190,v10,XGB/alr,v10 XGB alr,10.556790852940333,7.388228265254158,14.05223018161436,6.3175833151768686,5.182057877462797,7.603117916354056,190
opx,opx_only,P_kbar,T,ALL,-1000.0,5000.0,190,v10,XGB/pwlr,v10 XGB pwlr,10.380961959017327,7.161802396861444,14.021070146267785,6.296537530206709,5.275386426792521,7.610184667214369,190
opx,opx_only,T_C,T,ALL,-1000.0,5000.0,190,v10,GB/raw,v10 GB raw,158.28441115545291,130.1227723650556,187.26967121446484,113.49160417652891,99.4488073166968,129.47731583960532,190
opx,opx_only,T_C,T,ALL,-1000.0,5000.0,190,v10,GB/alr,v10 GB alr,148.44211222306242,121.89531765095629,174.568254942491,108.17867676777678,94.27426272546036,121.87843584749633,190
opx,opx_only,T_C,T,ALL,-1000.0,5000.0,190,v10,GB/pwlr,v10 GB pwlr,164.95764606107355,138.62256350923332,191.59376089112502,121.24531924526393,106.98367284331903,137.37364528937263,190
opx,opx_only,P_kbar,T,ALL,-1000.0,5000.0,190,v10,GB/raw,v10 GB raw,11.78393254859307,8.733083209841233,15.106236881612968,7.436839470115293,6.164238392216762,8.783532093072642,190
opx,opx_only,P_kbar,T,ALL,-1000.0,5000.0,190,v10,GB/alr,v10 GB alr,11.809735279814351,8.68303638257163,15.279273711643254,7.504637590025367,6.279704650003736,8.857691625900824,190
opx,opx_only,P_kbar,T,ALL,-1000.0,5000.0,190,v10,GB/pwlr,v10 GB pwlr,11.225029233628339,8.152349934208916,14.832382361628927,7.062659429407789,5.855399465935819,8.425375714627211,190
opx,opx_only,T_C,T,ALL,-1000.0,5000.0,190,v10,CatBoost/raw,v10 CatBoost raw,156.70885646136742,129.4403810899423,183.06259806308816,112.08628038567193,97.6523993347744,126.95184670439565,190
opx,opx_only,T_C,T,ALL,-1000.0,5000.0,190,v10,CatBoost/alr,v10 CatBoost alr,153.7270720421567,127.19150190415043,179.43328989985466,112.62534066849024,98.68597456247737,126.8191506924988,190
opx,opx_only,T_C,T,ALL,-1000.0,5000.0,190,v10,CatBoost/pwlr,v10 CatBoost pwlr,154.99613924437068,129.72934256321517,179.85029606826436,113.86249755179712,99.65873456199618,128.51280693709415,190
opx,opx_only,P_kbar,T,ALL,-1000.0,5000.0,190,v10,CatBoost/raw,v10 CatBoost raw,11.618123774518436,8.5354793693663,15.057177100363697,7.2076359908380825,5.935525585850646,8.694345986975057,190
opx,opx_only,P_kbar,T,ALL,-1000.0,5000.0,190,v10,CatBoost/alr,v10 CatBoost alr,11.95646152384662,9.071330827468579,15.058720699849012,7.3944572724035975,6.126021032751882,8.874913275542145,190
opx,opx_only,P_kbar,T,ALL,-1000.0,5000.0,190,v10,CatBoost/pwlr,v10 CatBoost pwlr,11.019120556806822,7.984482762719408,14.381686865161429,6.682190722724961,5.54199299542497,8.052651842384277,190
opx,opx_only,T_C,T,ALL,-1000.0,5000.0,190,v10,LightGBM/raw,v10 LightGBM raw,150.92428743383365,124.97279382433528,178.07099298786707,109.77183659280881,95.7436952008125,124.7953022383246,190
opx,opx_only,T_C,T,ALL,-1000.0,5000.0,190,v10,LightGBM/alr,v10 LightGBM alr,147.98216692463086,122.70871170141959,172.97094905112644,107.6868130880061,93.56280285800662,121.66320827368526,190
opx,opx_only,T_C,T,ALL,-1000.0,5000.0,190,v10,LightGBM/pwlr,v10 LightGBM pwlr,151.9982029252617,125.19036958604825,178.61469602097733,108.2287570794692,94.28207493420511,122.45300912118236,190
opx,opx_only,P_kbar,T,ALL,-1000.0,5000.0,190,v10,LightGBM/raw,v10 LightGBM raw,11.759372339315046,8.629172889630235,15.141163204708656,7.4205407158651315,6.129823239196911,8.802070802144556,190
opx,opx_only,P_kbar,T,ALL,-1000.0,5000.0,190,v10,LightGBM/alr,v10 LightGBM alr,11.728056442848887,8.53077999785017,15.235874676485482,7.408188029974792,6.135627740158486,8.813516708243329,190
opx,opx_only,P_kbar,T,ALL,-1000.0,5000.0,190,v10,LightGBM/pwlr,v10 LightGBM pwlr,10.917548603110205,7.48893375163709,14.724358779390354,6.531904246902465,5.417602677016891,7.925249156756249,190
opx,opx_only,T_C,T,ALL,-1000.0,5000.0,190,v10,ElasticNet/raw,v10 ElasticNet raw,161.44341013521057,139.54671389407474,182.53162507517362,122.89340411961881,109.79087021079573,137.52721514307018,190
opx,opx_only,T_C,T,ALL,-1000.0,5000.0,190,v10,ElasticNet/alr,v10 ElasticNet alr,172.3240765068681,149.22998937669476,194.32463192540249,134.5575372443099,119.87754044514979,150.67550850731374,190
opx,opx_only,T_C,T,ALL,-1000.0,5000.0,190,v10,ElasticNet/pwlr,v10 ElasticNet pwlr,170.63253534764343,147.17381347030144,193.21228109544467,134.2000950819701,119.2156885653479,148.90127410361254,190
opx,opx_only,P_kbar,T,ALL,-1000.0,5000.0,190,v10,ElasticNet/raw,v10 ElasticNet raw,13.260640816734675,10.353552865792688,16.471262142165134,8.843814823350083,7.539526881609646,10.30130512381887,190
opx,opx_only,P_kbar,T,ALL,-1000.0,5000.0,190,v10,ElasticNet/alr,v10 ElasticNet alr,13.287063103294065,10.370361993385007,16.514907107683893,9.160551153095364,7.810816522791317,10.565892378447792,190
opx,opx_only,P_kbar,T,ALL,-1000.0,5000.0,190,v10,ElasticNet/pwlr,v10 ElasticNet pwlr,13.14665944124552,10.191992649849535,16.473817200047883,9.056811090329292,7.753463305547451,10.440334096992167,190
opx,opx_only,T_C,T,ALL,-1000.0,5000.0,190,v10,MLP/raw,v10 MLP raw,152.09370838204325,129.85694026722206,174.75909921096482,116.45075764750746,102.97576347504653,129.9165326897335,190
opx,opx_only,T_C,T,ALL,-1000.0,5000.0,190,v10,MLP/alr,v10 MLP alr,187.0875290965652,160.5818871528062,213.58664455083584,142.11145005376716,125.93189283667947,159.0106677618146,190
opx,opx_only,T_C,T,ALL,-1000.0,5000.0,190,v10,MLP/pwlr,v10 MLP pwlr,169.3974713266843,144.02260424076303,196.65498678107843,125.79424760558283,110.77947710698977,142.0292397269965,190
opx,opx_only,P_kbar,T,ALL,-1000.0,5000.0,190,v10,MLP/raw,v10 MLP raw,13.584294593354969,10.674452811395389,16.36979754848204,8.353598008837213,6.841733712406066,9.909945648152442,188
opx,opx_only,P_kbar,T,ALL,-1000.0,5000.0,190,v10,MLP/alr,v10 MLP alr,12.743452113487686,10.547541671860854,14.627041958940758,8.706021673747792,7.396977379425173,9.97805431243103,190
opx,opx_only,P_kbar,T,ALL,-1000.0,5000.0,190,v10,MLP/pwlr,v10 MLP pwlr,11.935439686369369,9.377739177872545,14.069121798877061,7.306862709568352,5.908778439993766,8.626108803164321,190
opx,opx_only,P_kbar,T,ALL,-1000.0,5000.0,190,Putirka,Putirka 29c,Putirka 29c,13.337426168244214,9.322560316429968,17.338844542716142,6.714522289878542,4.974939303251664,8.512215725422417,140
cpx,cpx_liq,T_C,P,shallow_crustal,0.0,5.0,268,v10,RF/raw,v10 RF raw,50.62017671034019,44.17689650670777,57.28967964936781,35.46631419067756,31.34617188062685,39.927634573427795,268
cpx,cpx_liq,T_C,P,shallow_crustal,0.0,5.0,268,v10,RF/alr,v10 RF alr,50.52200819987871,44.04963786485335,57.21937982305948,35.28164950578927,31.020243112878024,39.61782092823233,268
cpx,cpx_liq,T_C,P,shallow_crustal,0.0,5.0,268,v10,RF/pwlr,v10 RF pwlr,41.964592753525686,35.70117491991811,48.414428916245875,28.466834762550967,24.989381828134434,32.12705645846948,268
cpx,cpx_liq,P_kbar,P,shallow_crustal,0.0,5.0,268,v10,RF/raw,v10 RF raw,5.504654814561425,4.820254607849803,6.139455946621657,3.9434277480578794,3.4938747447125813,4.395752576476429,268
cpx,cpx_liq,P_kbar,P,shallow_crustal,0.0,5.0,268,v10,RF/alr,v10 RF alr,5.972291037673211,4.822263539930434,7.168579579903049,3.7088781655180183,3.137938118530339,4.2915277256683515,268
cpx,cpx_liq,P_kbar,P,shallow_crustal,0.0,5.0,268,v10,RF/pwlr,v10 RF pwlr,5.457933913932052,4.454202117611312,6.450639714366576,3.675222360333909,3.194823685126095,4.175652251012923,268
cpx,cpx_liq,T_C,P,shallow_crustal,0.0,5.0,268,v10,ERT/raw,v10 ERT raw,50.69187466836032,44.22871745608961,57.75631674854165,34.92344698070709,30.805796793212608,39.31376796270561,268
cpx,cpx_liq,T_C,P,shallow_crustal,0.0,5.0,268,v10,ERT/alr,v10 ERT alr,55.742493071819794,49.298681726094706,62.222809979987986,40.86714550517967,36.383937406142415,45.513724046105686,268
cpx,cpx_liq,T_C,P,shallow_crustal,0.0,5.0,268,v10,ERT/pwlr,v10 ERT pwlr,44.18461802376442,37.84165291441689,50.561603610714435,30.648845436075746,26.9525068480792,34.61297265701065,268
cpx,cpx_liq,P_kbar,P,shallow_crustal,0.0,5.0,268,v10,ERT/raw,v10 ERT raw,5.326984692980489,4.669318276524351,5.9220282071192685,3.735554902361011,3.29759028181975,4.179485072336504,268
cpx,cpx_liq,P_kbar,P,shallow_crustal,0.0,5.0,268,v10,ERT/alr,v10 ERT alr,5.611697303768166,4.8509199286936715,6.338847047021488,3.997564886198185,3.5378804370050827,4.4591783643927325,268
cpx,cpx_liq,P_kbar,P,shallow_crustal,0.0,5.0,268,v10,ERT/pwlr,v10 ERT pwlr,5.501158514186226,4.773777978144249,6.263206748576247,4.17090702215137,3.7471324810181272,4.590990455542575,268
cpx,cpx_liq,T_C,P,shallow_crustal,0.0,5.0,268,v10,XGB/raw,v10 XGB raw,49.22438165162427,42.750129309861016,56.047870236090276,34.665688585879195,30.54819344477867,39.00151120655572,268
cpx,cpx_liq,T_C,P,shallow_crustal,0.0,5.0,268,v10,XGB/alr,v10 XGB alr,56.90406522168128,47.12042139413755,66.86221640423709,37.53264515435518,32.75212433089071,42.688951048210484,268
cpx,cpx_liq,T_C,P,shallow_crustal,0.0,5.0,268,v10,XGB/pwlr,v10 XGB pwlr,46.44812071251843,40.29056499053196,52.149794799368756,32.953070113908,29.016592657743995,37.023362817337265,268
cpx,cpx_liq,P_kbar,P,shallow_crustal,0.0,5.0,268,v10,XGB/raw,v10 XGB raw,5.939309623151628,5.031323409084578,6.791578986438663,3.7892968198642483,3.2588160278318834,4.308119940548048,268
cpx,cpx_liq,P_kbar,P,shallow_crustal,0.0,5.0,268,v10,XGB/alr,v10 XGB alr,5.802398325618086,4.519860969115352,7.098847631486244,3.3297693017972074,2.750852203609392,3.9125819149586163,268
cpx,cpx_liq,P_kbar,P,shallow_crustal,0.0,5.0,268,v10,XGB/pwlr,v10 XGB pwlr,5.202582984465713,4.359994546795949,5.983488443069961,3.3426941166963116,2.889846568836812,3.8072139498423168,268
cpx,cpx_liq,T_C,P,shallow_crustal,0.0,5.0,268,v10,GB/raw,v10 GB raw,47.98315167545076,41.45383148819057,54.38224239908209,34.69379290512101,30.933752383786047,38.15005752745742,268
cpx,cpx_liq,T_C,P,shallow_crustal,0.0,5.0,268,v10,GB/alr,v10 GB alr,48.3132745968274,41.56380497927933,54.48270982832076,33.592933433510034,29.460340536735398,37.45578549083526,268
cpx,cpx_liq,T_C,P,shallow_crustal,0.0,5.0,268,v10,GB/pwlr,v10 GB pwlr,52.97601895874671,45.41996462594889,59.75106341707947,37.36881554889698,32.50813234679819,41.787047810019544,268
cpx,cpx_liq,P_kbar,P,shallow_crustal,0.0,5.0,268,v10,GB/raw,v10 GB raw,5.683923840005227,4.810057356735092,6.485043806721649,3.782602394770987,3.2982596432889997,4.268671113921091,268
cpx,cpx_liq,P_kbar,P,shallow_crustal,0.0,5.0,268,v10,GB/alr,v10 GB alr,6.603957494782355,4.847668482602152,8.345893069021693,3.474889514917215,2.826768372872557,4.1594876681895165,268
cpx,cpx_liq,P_kbar,P,shallow_crustal,0.0,5.0,268,v10,GB/pwlr,v10 GB pwlr,5.647956775391797,4.8216223459025755,6.509259933422276,3.8165455164006743,3.3204397426385257,4.340403753851457,267
cpx,cpx_liq,T_C,P,shallow_crustal,0.0,5.0,268,v10,CatBoost/raw,v10 CatBoost raw,52.98954408495777,44.645612216776826,62.04544995126382,36.15847710421719,31.62383305219724,40.75787666146341,268
cpx,cpx_liq,T_C,P,shallow_crustal,0.0,5.0,268,v10,CatBoost/alr,v10 CatBoost alr,58.65339298953104,50.143639359680606,68.07249709746418,41.25506597686361,36.56941634214952,46.36300104459238,268
cpx,cpx_liq,T_C,P,shallow_crustal,0.0,5.0,268,v10,CatBoost/pwlr,v10 CatBoost pwlr,50.797257723557045,43.289455631438216,58.55498378582721,35.882337265187594,31.519711281817763,40.49633285453463,268
cpx,cpx_liq,P_kbar,P,shallow_crustal,0.0,5.0,268,v10,CatBoost/raw,v10 CatBoost raw,5.911684438169289,5.190146065421754,6.512002900507281,4.0633795702035025,3.5503183225568,4.547609106018052,268
cpx,cpx_liq,P_kbar,P,shallow_crustal,0.0,5.0,268,v10,CatBoost/alr,v10 CatBoost alr,5.314102255904831,4.605383791915284,5.995896871427776,3.5975680158307584,3.1320263709262806,4.050421919067217,268
cpx,cpx_liq,P_kbar,P,shallow_crustal,0.0,5.0,268,v10,CatBoost/pwlr,v10 CatBoost pwlr,4.9901087242003355,4.340698942207204,5.610732795641302,3.481580823614543,3.039270712781912,3.972045635070648,267
cpx,cpx_liq,T_C,P,shallow_crustal,0.0,5.0,268,v10,LightGBM/raw,v10 LightGBM raw,49.22940507632467,43.6909146985847,54.80015150274652,36.37796118198344,32.355981031844976,40.16474610867507,268
cpx,cpx_liq,T_C,P,shallow_crustal,0.0,5.0,268,v10,LightGBM/alr,v10 LightGBM alr,56.14698653157306,49.52612017402051,62.52872641899164,40.7311836617899,36.166208134851416,45.061290767597534,268
cpx,cpx_liq,T_C,P,shallow_crustal,0.0,5.0,268,v10,LightGBM/pwlr,v10 LightGBM pwlr,46.10488359491716,38.37724476370112,52.114956464352986,30.900739885843876,26.740655925931268,34.912838589384094,268
cpx,cpx_liq,P_kbar,P,shallow_crustal,0.0,5.0,268,v10,LightGBM/raw,v10 LightGBM raw,5.747591371654154,4.884505915915637,6.54136039946618,3.8024626377221673,3.288581891923695,4.299265309759879,268
cpx,cpx_liq,P_kbar,P,shallow_crustal,0.0,5.0,268,v10,LightGBM/alr,v10 LightGBM alr,5.779776130714577,4.520825531515808,7.040404735686985,3.4270775280879078,2.889868690799136,3.994289335642882,268
cpx,cpx_liq,P_kbar,P,shallow_crustal,0.0,5.0,268,v10,LightGBM/pwlr,v10 LightGBM pwlr,4.967672576540539,4.242506495481923,5.677886911046965,3.415154891433625,2.977089523150624,3.854998390064788,268
cpx,cpx_liq,T_C,P,shallow_crustal,0.0,5.0,268,v10,ElasticNet/raw,v10 ElasticNet raw,67.1018115900792,57.08315482074283,79.39105075514256,49.46206471520649,44.619563746955976,54.717824005530396,268
cpx,cpx_liq,T_C,P,shallow_crustal,0.0,5.0,268,v10,ElasticNet/alr,v10 ElasticNet alr,55.82285591872888,50.408870293126796,61.43484260294064,44.14125667620078,40.11561473421948,48.0183217306799,268
cpx,cpx_liq,T_C,P,shallow_crustal,0.0,5.0,268,v10,ElasticNet/pwlr,v10 ElasticNet pwlr,57.931811052369504,52.66350658247627,62.83562048868512,46.90986186727566,42.47379545501401,50.79124244609023,268
cpx,cpx_liq,P_kbar,P,shallow_crustal,0.0,5.0,268,v10,ElasticNet/raw,v10 ElasticNet raw,6.14550593819029,5.52225310043433,6.787134566582821,4.83847268283253,4.414421958496482,5.277681963832942,259
cpx,cpx_liq,P_kbar,P,shallow_crustal,0.0,5.0,268,v10,ElasticNet/alr,v10 ElasticNet alr,5.3521858334960735,4.993640423474253,5.698260335123294,4.514791872769094,4.164469693570322,4.835349065998003,235
cpx,cpx_liq,P_kbar,P,shallow_crustal,0.0,5.0,268,v10,ElasticNet/pwlr,v10 ElasticNet pwlr,5.534961249105992,5.148747295353601,5.8940070605887245,4.715118184171213,4.345979793018926,5.074307494773255,242
cpx,cpx_liq,T_C,P,shallow_crustal,0.0,5.0,268,v10,MLP/raw,v10 MLP raw,123.15366094320558,88.67967190009992,161.1671718433488,68.81387976103908,57.42560955956669,81.49688302013818,268
cpx,cpx_liq,T_C,P,shallow_crustal,0.0,5.0,268,v10,MLP/alr,v10 MLP alr,104.38893110620144,66.1553483130099,148.5532724358448,57.37007947707248,48.17632015647123,69.29825922421787,268
cpx,cpx_liq,T_C,P,shallow_crustal,0.0,5.0,268,v10,MLP/pwlr,v10 MLP pwlr,125.31478844274312,95.04961292492186,162.32932575950954,78.68007774175254,67.59869346212372,90.91098237756664,268
cpx,cpx_liq,P_kbar,P,shallow_crustal,0.0,5.0,268,v10,MLP/raw,v10 MLP raw,5.668367484531515,4.996856439182587,6.28412188578708,3.811235431192247,3.322506853826309,4.308185191314067,264
cpx,cpx_liq,P_kbar,P,shallow_crustal,0.0,5.0,268,v10,MLP/alr,v10 MLP alr,6.317526559947154,5.091557746050599,8.13898105045752,4.471576071260305,3.993765162095193,5.060312360656423,253
cpx,cpx_liq,P_kbar,P,shallow_crustal,0.0,5.0,268,v10,MLP/pwlr,v10 MLP pwlr,5.39276976173693,4.751047930233264,5.972630638438427,3.866523171127413,3.408810470767073,4.303696985510013,268
cpx,cpx_liq,T_C,P,shallow_crustal,0.0,5.0,268,Putirka,Putirka 33,Putirka 33,53.746238219218995,47.899033905744,59.89126816654161,40.05435642689955,35.312993067660685,45.41903566782649,187
cpx,cpx_liq,T_C,P,shallow_crustal,0.0,5.0,268,Putirka,Putirka 34,Putirka 34,42.381778008291896,36.78896452548666,48.463091391259056,27.582956280769864,24.245720859896828,31.672744718113673,268
cpx,cpx_liq,P_kbar,P,shallow_crustal,0.0,5.0,268,Putirka,Putirka 30,Putirka 30,4.175800906077506,3.8953683967773856,4.4401873418130045,3.6129111223521173,3.332200293758845,3.899906634575134,160
cpx,cpx_liq,P_kbar,P,shallow_crustal,0.0,5.0,268,Putirka,Putirka 31,Putirka 31,5.03894531376908,4.658823099966917,5.3876375396889635,4.299704739088092,3.911959330184293,4.669188653202415,193
cpx,cpx_liq,T_C,P,shallow_crustal,0.0,5.0,268,Agreda,Agreda 2024,Agreda 2024,30.090520931716753,25.874830075476215,34.35867503994642,19.767409270490283,17.200665254676853,22.6360190888839,268
cpx,cpx_liq,P_kbar,P,shallow_crustal,0.0,5.0,268,Agreda,Agreda 2024,Agreda 2024,4.435144988860742,3.904468398956462,4.950847031087809,2.7064403089768825,2.285741755612563,3.120508780082334,268
cpx,cpx_liq,T_C,P,deep_crustal_MASH,5.0,15.0,187,v10,RF/raw,v10 RF raw,49.29117014406332,39.460887792046144,61.31206932310081,36.00277599194964,31.390964900548344,41.14777351119091,187
cpx,cpx_liq,T_C,P,deep_crustal_MASH,5.0,15.0,187,v10,RF/alr,v10 RF alr,52.20486271519247,42.06413015185467,64.43332324588273,38.070010795037994,32.99511809604113,43.4283370703881,187
cpx,cpx_liq,T_C,P,deep_crustal_MASH,5.0,15.0,187,v10,RF/pwlr,v10 RF pwlr,51.56689612495787,40.16667967247616,63.77129850316071,36.026355144754795,30.945292790471036,41.60623365676004,187
cpx,cpx_liq,P_kbar,P,deep_crustal_MASH,5.0,15.0,187,v10,RF/raw,v10 RF raw,2.824012285227846,2.512777962682788,3.1412867564443427,2.1957552228379913,1.9526895244425782,2.4449251607038955,187
cpx,cpx_liq,P_kbar,P,deep_crustal_MASH,5.0,15.0,187,v10,RF/alr,v10 RF alr,2.8777180139583645,2.5405610903531675,3.2201482825833665,2.243062764670327,2.006677522589671,2.4980841581383793,187
cpx,cpx_liq,P_kbar,P,deep_crustal_MASH,5.0,15.0,187,v10,RF/pwlr,v10 RF pwlr,2.8130112056386047,2.421098657656353,3.2298241669652077,2.10097835751745,1.8479915164370613,2.361837020091826,187
cpx,cpx_liq,T_C,P,deep_crustal_MASH,5.0,15.0,187,v10,ERT/raw,v10 ERT raw,49.188484373061904,39.09557949865117,61.23169143432815,35.573387083358554,30.816550078012156,40.76991454588779,187
cpx,cpx_liq,T_C,P,deep_crustal_MASH,5.0,15.0,187,v10,ERT/alr,v10 ERT alr,52.56724383090835,41.887805409746655,64.14982869885272,37.48717373388246,32.50629141954014,43.18045837776932,187
cpx,cpx_liq,T_C,P,deep_crustal_MASH,5.0,15.0,187,v10,ERT/pwlr,v10 ERT pwlr,51.1339898939153,40.291754709941095,63.62507359380739,36.13073193410151,31.254610741949417,42.00527188305787,187
cpx,cpx_liq,P_kbar,P,deep_crustal_MASH,5.0,15.0,187,v10,ERT/raw,v10 ERT raw,2.988123924803788,2.6297876452343285,3.373181208483251,2.3343722903403465,2.0860853430496875,2.5856817215910777,187
cpx,cpx_liq,P_kbar,P,deep_crustal_MASH,5.0,15.0,187,v10,ERT/alr,v10 ERT alr,3.3313147691760276,2.9100778721485474,3.7700163667222286,2.5668007097434478,2.272873102214612,2.8670717299504975,187
cpx,cpx_liq,P_kbar,P,deep_crustal_MASH,5.0,15.0,187,v10,ERT/pwlr,v10 ERT pwlr,2.845924986773429,2.482632101299693,3.2619340047186047,2.138245821298229,1.9031891586998335,2.4162135056060907,187
cpx,cpx_liq,T_C,P,deep_crustal_MASH,5.0,15.0,187,v10,XGB/raw,v10 XGB raw,50.1874108323715,39.04459011251235,62.769458334958074,36.035111534404244,31.278033806295955,41.29472593419692,187
cpx,cpx_liq,T_C,P,deep_crustal_MASH,5.0,15.0,187,v10,XGB/alr,v10 XGB alr,52.17685834002376,40.68656607177005,64.76278416255782,37.25559499811999,32.186745032652176,42.46842169940153,187
cpx,cpx_liq,T_C,P,deep_crustal_MASH,5.0,15.0,187,v10,XGB/pwlr,v10 XGB pwlr,56.97103095510918,45.33091740756292,69.7852355479152,40.77870414856283,35.162722378491075,46.70941199644364,187
cpx,cpx_liq,P_kbar,P,deep_crustal_MASH,5.0,15.0,187,v10,XGB/raw,v10 XGB raw,3.2073820814098877,2.823711171295595,3.6639495358782868,2.4019407262417687,2.1189920065714927,2.7138833157055267,187
cpx,cpx_liq,P_kbar,P,deep_crustal_MASH,5.0,15.0,187,v10,XGB/alr,v10 XGB alr,3.2710965633287543,2.8630934623921402,3.7070155299791905,2.4655438087840014,2.1727330618458605,2.7716149537001633,187
cpx,cpx_liq,P_kbar,P,deep_crustal_MASH,5.0,15.0,187,v10,XGB/pwlr,v10 XGB pwlr,2.975391950965086,2.5544291193706457,3.43419795852352,2.2884000299448197,2.0322052114086113,2.5695513671508543,187
cpx,cpx_liq,T_C,P,deep_crustal_MASH,5.0,15.0,187,v10,GB/raw,v10 GB raw,51.27219188116937,41.34955508919781,62.53116952973789,37.12220992919303,32.29045010125804,42.123579344238244,187
cpx,cpx_liq,T_C,P,deep_crustal_MASH,5.0,15.0,187,v10,GB/alr,v10 GB alr,52.541313864202664,42.714830608263114,64.45970452199909,37.71050004245968,32.79666239809394,43.30082418940371,187
cpx,cpx_liq,T_C,P,deep_crustal_MASH,5.0,15.0,187,v10,GB/pwlr,v10 GB pwlr,57.32438198584897,46.0145455126535,70.74134294436715,40.850912393318005,35.26914958877395,46.67164485748092,187
cpx,cpx_liq,P_kbar,P,deep_crustal_MASH,5.0,15.0,187,v10,GB/raw,v10 GB raw,3.3054452296180146,2.7831369015724774,3.857489564013135,2.4198521075853607,2.0524979042886713,2.784763757407262,187
cpx,cpx_liq,P_kbar,P,deep_crustal_MASH,5.0,15.0,187,v10,GB/alr,v10 GB alr,3.2259591920356856,2.804310297717574,3.705350055461524,2.379732030635212,2.0823446619295405,2.691836273001795,187
cpx,cpx_liq,P_kbar,P,deep_crustal_MASH,5.0,15.0,187,v10,GB/pwlr,v10 GB pwlr,3.1251657975496836,2.5996624099419594,3.812629474715554,2.316106074149987,2.0144873119391815,2.6647570186858887,187
cpx,cpx_liq,T_C,P,deep_crustal_MASH,5.0,15.0,187,v10,CatBoost/raw,v10 CatBoost raw,52.26179018892548,42.61992955034747,63.37155072176236,37.87873310722896,32.87136848563376,43.961062364974296,187
cpx,cpx_liq,T_C,P,deep_crustal_MASH,5.0,15.0,187,v10,CatBoost/alr,v10 CatBoost alr,54.84745025111997,44.81615022182746,65.58077555654589,39.91006330122163,34.92639249298453,45.90425788554623,187
cpx,cpx_liq,T_C,P,deep_crustal_MASH,5.0,15.0,187,v10,CatBoost/pwlr,v10 CatBoost pwlr,51.73107547898466,40.90552465169695,63.72591642932587,35.48743276290176,30.340382184193025,41.32311133837716,187
cpx,cpx_liq,P_kbar,P,deep_crustal_MASH,5.0,15.0,187,v10,CatBoost/raw,v10 CatBoost raw,3.3519651391697938,2.969709208504572,3.7264534859053993,2.611974284188077,2.3184095738703956,2.9307627003166083,187
cpx,cpx_liq,P_kbar,P,deep_crustal_MASH,5.0,15.0,187,v10,CatBoost/alr,v10 CatBoost alr,3.4566297386010647,3.0756222105400584,3.8770537730492025,2.7018554775886763,2.4218063400633945,2.9882671085317805,187
cpx,cpx_liq,P_kbar,P,deep_crustal_MASH,5.0,15.0,187,v10,CatBoost/pwlr,v10 CatBoost pwlr,3.018927504156646,2.5860737503199367,3.4074597474014117,2.2532889239056213,1.9880347758107602,2.5267994601459804,187
cpx,cpx_liq,T_C,P,deep_crustal_MASH,5.0,15.0,187,v10,LightGBM/raw,v10 LightGBM raw,52.87899343528528,43.412289344086055,65.18597187503853,39.03838256739611,34.34102087450314,44.399102984001644,187
cpx,cpx_liq,T_C,P,deep_crustal_MASH,5.0,15.0,187,v10,LightGBM/alr,v10 LightGBM alr,50.13242006448425,39.50193914173827,62.70344511379599,36.15108521530937,31.377138985221656,41.16014821971278,187
cpx,cpx_liq,T_C,P,deep_crustal_MASH,5.0,15.0,187,v10,LightGBM/pwlr,v10 LightGBM pwlr,55.89293038843812,44.47875953158644,68.7966955325266,39.31947076646247,33.99136537898365,45.00857381841135,187
cpx,cpx_liq,P_kbar,P,deep_crustal_MASH,5.0,15.0,187,v10,LightGBM/raw,v10 LightGBM raw,3.1865082345896445,2.723567501386483,3.7053828902652737,2.336316170119019,2.0152784951767093,2.6706034425832246,187
cpx,cpx_liq,P_kbar,P,deep_crustal_MASH,5.0,15.0,187,v10,LightGBM/alr,v10 LightGBM alr,3.2585225773401945,2.841210980141218,3.6962073772673647,2.3962452035796598,2.0850664566154844,2.726875003161079,187
cpx,cpx_liq,P_kbar,P,deep_crustal_MASH,5.0,15.0,187,v10,LightGBM/pwlr,v10 LightGBM pwlr,2.784559412329695,2.3153234135825485,3.2772400627674174,2.0119763731776916,1.7464704563827458,2.3084204735367497,187
cpx,cpx_liq,T_C,P,deep_crustal_MASH,5.0,15.0,187,v10,ElasticNet/raw,v10 ElasticNet raw,60.30499483285257,51.49930332834927,68.99490650308425,44.34925750414597,38.811978133350394,50.522977181136824,187
cpx,cpx_liq,T_C,P,deep_crustal_MASH,5.0,15.0,187,v10,ElasticNet/alr,v10 ElasticNet alr,63.6377977304532,54.48603803758903,73.21316675880932,46.34865473072099,40.84890488154654,52.74559760349904,187
cpx,cpx_liq,T_C,P,deep_crustal_MASH,5.0,15.0,187,v10,ElasticNet/pwlr,v10 ElasticNet pwlr,63.0384470219908,53.19597472458225,73.24086402646941,45.561296159563184,40.02213230393551,52.092008227803305,187
cpx,cpx_liq,P_kbar,P,deep_crustal_MASH,5.0,15.0,187,v10,ElasticNet/raw,v10 ElasticNet raw,4.119045112325227,3.6431141116957706,4.569490287538137,3.1047691305210083,2.7253566624830174,3.4928984801146954,187
cpx,cpx_liq,P_kbar,P,deep_crustal_MASH,5.0,15.0,187,v10,ElasticNet/alr,v10 ElasticNet alr,4.285089420450933,3.8556321147776824,4.683688863461872,3.509256091276755,3.1704708675061486,3.878489789019809,187
cpx,cpx_liq,P_kbar,P,deep_crustal_MASH,5.0,15.0,187,v10,ElasticNet/pwlr,v10 ElasticNet pwlr,4.312670383861462,3.9623367480337137,4.684421466372924,3.541030416218543,3.2109505691674554,3.9053145934761813,187
cpx,cpx_liq,T_C,P,deep_crustal_MASH,5.0,15.0,187,v10,MLP/raw,v10 MLP raw,76.21059382511365,64.4717303415258,89.044111712501,56.48882067699842,49.69907310872672,64.57953983164455,187
cpx,cpx_liq,T_C,P,deep_crustal_MASH,5.0,15.0,187,v10,MLP/alr,v10 MLP alr,74.42367862181739,63.34636830110129,85.42299743325644,53.862916866918376,46.50451470320716,61.12912114575833,187
cpx,cpx_liq,T_C,P,deep_crustal_MASH,5.0,15.0,187,v10,MLP/pwlr,v10 MLP pwlr,98.42715976083417,87.90497128626853,108.89284799798536,75.71798784205238,67.60479090602233,84.35426656263131,187
cpx,cpx_liq,P_kbar,P,deep_crustal_MASH,5.0,15.0,187,v10,MLP/raw,v10 MLP raw,3.5650653798050396,3.1553319691433384,3.9669798435719508,2.7334865311836944,2.390397660143083,3.0659452682534454,187
cpx,cpx_liq,P_kbar,P,deep_crustal_MASH,5.0,15.0,187,v10,MLP/alr,v10 MLP alr,5.774763147881743,5.085604813961489,6.390268757397829,4.384529055782819,3.8256698655475354,4.930623997083465,187
cpx,cpx_liq,P_kbar,P,deep_crustal_MASH,5.0,15.0,187,v10,MLP/pwlr,v10 MLP pwlr,5.87656314940208,5.105018987953744,6.519910565059283,4.358100952453717,3.776267079278917,4.891673841311128,187
cpx,cpx_liq,T_C,P,deep_crustal_MASH,5.0,15.0,187,Putirka,Putirka 33,Putirka 33,57.74088828442888,48.47876342044219,66.80005235654546,41.12586016869227,35.05555976185304,47.697946981190974,152
cpx,cpx_liq,T_C,P,deep_crustal_MASH,5.0,15.0,187,Putirka,Putirka 34,Putirka 34,53.670500328284604,46.57973374028993,61.71063142787857,38.70457228972273,34.18179595165602,44.054158426623545,187
cpx,cpx_liq,P_kbar,P,deep_crustal_MASH,5.0,15.0,187,Putirka,Putirka 30,Putirka 30,3.6768502643180043,3.2979221570278177,4.046421700794812,2.8545459060266904,2.4926215304215957,3.2353985369437765,143
cpx,cpx_liq,P_kbar,P,deep_crustal_MASH,5.0,15.0,187,Putirka,Putirka 31,Putirka 31,2.933791957853276,2.608860866629555,3.2866254094908864,2.3637727753027615,2.1185283478310284,2.666680499647315,151
cpx,cpx_liq,T_C,P,deep_crustal_MASH,5.0,15.0,187,Agreda,Agreda 2024,Agreda 2024,47.525114418442236,35.67542344842888,61.144399206576395,30.182582295514685,25.386046209007024,35.38577935765771,187
cpx,cpx_liq,P_kbar,P,deep_crustal_MASH,5.0,15.0,187,Agreda,Agreda 2024,Agreda 2024,1.9932009132483646,1.72707802873926,2.26216830942678,1.4774660192260596,1.3115129518933066,1.6469964662641545,187
cpx,cpx_liq,T_C,P,lithospheric_mantle,15.0,30.0,143,v10,RF/raw,v10 RF raw,82.46195457691285,70.44319765826444,94.47386657453869,62.72796826206188,54.40979176669014,72.79992865622347,143
cpx,cpx_liq,T_C,P,lithospheric_mantle,15.0,30.0,143,v10,RF/alr,v10 RF alr,83.97855020150992,72.9094404420288,95.63808710997026,65.34730143887448,57.22034972812799,74.75608684954466,143
cpx,cpx_liq,T_C,P,lithospheric_mantle,15.0,30.0,143,v10,RF/pwlr,v10 RF pwlr,78.76089325257068,69.38579773468014,88.3569292990226,60.92394120688601,52.9993523926884,70.00306504354624,143
cpx,cpx_liq,P_kbar,P,lithospheric_mantle,15.0,30.0,143,v10,RF/raw,v10 RF raw,4.921806569560579,4.356061881022094,5.472892390358452,3.8526304445473474,3.3638545919836047,4.388238472650989,143
cpx,cpx_liq,P_kbar,P,lithospheric_mantle,15.0,30.0,143,v10,RF/alr,v10 RF alr,4.722192767246929,4.137416645134854,5.280402365259707,3.694223519174086,3.2267697566710245,4.196687391842997,143
cpx,cpx_liq,P_kbar,P,lithospheric_mantle,15.0,30.0,143,v10,RF/pwlr,v10 RF pwlr,4.62405838985711,3.9670489159277147,5.219032352889874,3.444750349614055,2.957962824798577,3.929154795446537,143
cpx,cpx_liq,T_C,P,lithospheric_mantle,15.0,30.0,143,v10,ERT/raw,v10 ERT raw,78.26988970193922,66.5589532143693,89.40656761735895,59.183668924784875,50.98585911326608,68.0403930807927,143
cpx,cpx_liq,T_C,P,lithospheric_mantle,15.0,30.0,143,v10,ERT/alr,v10 ERT alr,81.96407907337995,70.5061145185114,93.72787462382021,62.58498657805866,53.417477261427166,72.3883549004903,143
cpx,cpx_liq,T_C,P,lithospheric_mantle,15.0,30.0,143,v10,ERT/pwlr,v10 ERT pwlr,77.93543134886232,68.12542993470939,87.49374396916741,60.3054793525564,52.39325913019087,69.06578696315334,143
cpx,cpx_liq,P_kbar,P,lithospheric_mantle,15.0,30.0,143,v10,ERT/raw,v10 ERT raw,4.932646106807806,4.321986071182522,5.539671269117493,3.7864355303465005,3.2669281199255544,4.320143774461976,143
cpx,cpx_liq,P_kbar,P,lithospheric_mantle,15.0,30.0,143,v10,ERT/alr,v10 ERT alr,4.695244838505016,4.078487912275504,5.321264010837714,3.6000040984823607,3.129474923918858,4.089560532604133,143
cpx,cpx_liq,P_kbar,P,lithospheric_mantle,15.0,30.0,143,v10,ERT/pwlr,v10 ERT pwlr,4.658131811373928,3.951038363569461,5.26706134447701,3.4524687596787413,2.983110652818839,3.9421761370542416,143
cpx,cpx_liq,T_C,P,lithospheric_mantle,15.0,30.0,143,v10,XGB/raw,v10 XGB raw,81.67609979401391,69.61247466973225,94.53678251402802,63.03155218804633,54.59802663309591,72.42029172457181,143
cpx,cpx_liq,T_C,P,lithospheric_mantle,15.0,30.0,143,v10,XGB/alr,v10 XGB alr,81.01933251586996,71.26277397761761,91.73684703535694,63.1556614162205,55.5577433766185,72.31450854748279,143
cpx,cpx_liq,T_C,P,lithospheric_mantle,15.0,30.0,143,v10,XGB/pwlr,v10 XGB pwlr,74.90377152234805,65.10954068577415,85.3531993419506,58.27575171410621,51.01872730388508,66.71259137133619,143
cpx,cpx_liq,P_kbar,P,lithospheric_mantle,15.0,30.0,143,v10,XGB/raw,v10 XGB raw,4.11860389215064,3.5778639296079007,4.6949249019713335,3.138755398196765,2.711773776091036,3.6009843426567607,143
cpx,cpx_liq,P_kbar,P,lithospheric_mantle,15.0,30.0,143,v10,XGB/alr,v10 XGB alr,4.688073320966558,4.019760092998034,5.360196778846894,3.5667567686600985,3.0661342430364775,4.063891766288062,143
cpx,cpx_liq,P_kbar,P,lithospheric_mantle,15.0,30.0,143,v10,XGB/pwlr,v10 XGB pwlr,4.813347221583171,4.116793299859827,5.440893421267936,3.5910260127140727,3.038404231596652,4.097655799713984,143
cpx,cpx_liq,T_C,P,lithospheric_mantle,15.0,30.0,143,v10,GB/raw,v10 GB raw,79.37474860933969,69.9334191081742,88.1140086289162,63.840292149053816,55.69772375768344,72.36354304066165,143
cpx,cpx_liq,T_C,P,lithospheric_mantle,15.0,30.0,143,v10,GB/alr,v10 GB alr,81.81158634964083,69.91826577853963,94.29127658900386,62.15648077994451,54.44878575671167,72.2838385812307,143
cpx,cpx_liq,T_C,P,lithospheric_mantle,15.0,30.0,143,v10,GB/pwlr,v10 GB pwlr,76.92513265864477,67.23476213838622,86.39333508013877,60.3857748382102,52.61576811953653,68.13608530144053,143
cpx,cpx_liq,P_kbar,P,lithospheric_mantle,15.0,30.0,143,v10,GB/raw,v10 GB raw,5.185426742609294,4.492507325899066,5.80172800927927,3.8937653712704123,3.351573458137321,4.39642303086154,143
cpx,cpx_liq,P_kbar,P,lithospheric_mantle,15.0,30.0,143,v10,GB/alr,v10 GB alr,5.950745325019654,4.916450289957504,6.866256574978222,4.1480249436077345,3.4659748050665633,4.849520617860565,143
cpx,cpx_liq,P_kbar,P,lithospheric_mantle,15.0,30.0,143,v10,GB/pwlr,v10 GB pwlr,4.846707384209422,4.058404929682111,5.595971688068329,3.36486455056209,2.804625382659496,3.922040261569817,143
cpx,cpx_liq,T_C,P,lithospheric_mantle,15.0,30.0,143,v10,CatBoost/raw,v10 CatBoost raw,90.30113778137678,78.18831768758065,102.79638619263709,70.6870953943823,61.57561337557555,80.63905339525405,143
cpx,cpx_liq,T_C,P,lithospheric_mantle,15.0,30.0,143,v10,CatBoost/alr,v10 CatBoost alr,82.92936093620702,73.03438961924498,94.17727689972601,64.54366012697949,56.27886280470341,74.30096766429331,143
cpx,cpx_liq,T_C,P,lithospheric_mantle,15.0,30.0,143,v10,CatBoost/pwlr,v10 CatBoost pwlr,81.10233014737966,71.18406658453495,91.70017116360043,63.618774596721,55.75078018455454,73.1148591199002,143
cpx,cpx_liq,P_kbar,P,lithospheric_mantle,15.0,30.0,143,v10,CatBoost/raw,v10 CatBoost raw,4.708887122844828,4.0505196270317825,5.346252582374598,3.576252613866546,3.059789304265905,4.03820912781583,143
cpx,cpx_liq,P_kbar,P,lithospheric_mantle,15.0,30.0,143,v10,CatBoost/alr,v10 CatBoost alr,5.072814971721368,4.443893926901331,5.651137493588403,3.9483274561635837,3.4337288488126885,4.47116861825093,143
cpx,cpx_liq,P_kbar,P,lithospheric_mantle,15.0,30.0,143,v10,CatBoost/pwlr,v10 CatBoost pwlr,5.527106732328738,4.525598446330118,6.452311407066419,3.9508070189584052,3.304616155704251,4.539201044945892,143
cpx,cpx_liq,T_C,P,lithospheric_mantle,15.0,30.0,143,v10,LightGBM/raw,v10 LightGBM raw,82.16960699450136,70.40289552661032,93.77481232866658,62.36856030163763,53.407444920616065,71.88742349032609,143
cpx,cpx_liq,T_C,P,lithospheric_mantle,15.0,30.0,143,v10,LightGBM/alr,v10 LightGBM alr,86.25968939436974,74.24139406321116,99.44401831115078,65.78785349239212,57.053848152819164,75.89164577980058,143
cpx,cpx_liq,T_C,P,lithospheric_mantle,15.0,30.0,143,v10,LightGBM/pwlr,v10 LightGBM pwlr,77.60189888863327,66.79873499196468,88.21563520278615,60.46061800363982,52.74771911148591,69.62471938648073,143
cpx,cpx_liq,P_kbar,P,lithospheric_mantle,15.0,30.0,143,v10,LightGBM/raw,v10 LightGBM raw,4.879165046815338,4.17432030866649,5.596893122168366,3.635087623437332,3.1340143722296117,4.209440797456688,143
cpx,cpx_liq,P_kbar,P,lithospheric_mantle,15.0,30.0,143,v10,LightGBM/alr,v10 LightGBM alr,5.437866157805197,4.628765038413208,6.220623113137054,4.067316393815376,3.5372386211418014,4.640019105060747,143
cpx,cpx_liq,P_kbar,P,lithospheric_mantle,15.0,30.0,143,v10,LightGBM/pwlr,v10 LightGBM pwlr,4.370426241846158,3.7358842135534855,4.969749506855137,3.111337802859644,2.6238118292937678,3.572581606154488,143
cpx,cpx_liq,T_C,P,lithospheric_mantle,15.0,30.0,143,v10,ElasticNet/raw,v10 ElasticNet raw,113.22192869938544,94.37528807980878,132.02632040639597,84.32559605272586,73.51891466985396,97.55913492596073,143
cpx,cpx_liq,T_C,P,lithospheric_mantle,15.0,30.0,143,v10,ElasticNet/alr,v10 ElasticNet alr,92.9683518753058,84.22530775374506,103.24978786948122,75.54976353209835,67.08886090482368,85.23861388897829,143
cpx,cpx_liq,T_C,P,lithospheric_mantle,15.0,30.0,143,v10,ElasticNet/pwlr,v10 ElasticNet pwlr,88.00964452510684,79.8363331386622,97.50618480143035,72.33579819664223,64.54776884154404,81.84180107873384,143
cpx,cpx_liq,P_kbar,P,lithospheric_mantle,15.0,30.0,143,v10,ElasticNet/raw,v10 ElasticNet raw,7.7100258238389685,5.751106873448019,9.59643844121742,4.961470558041756,4.080827867761615,5.90513422589611,143
cpx,cpx_liq,P_kbar,P,lithospheric_mantle,15.0,30.0,143,v10,ElasticNet/alr,v10 ElasticNet alr,5.692948511844358,4.6523098728666215,6.663293227728157,4.21413954689968,3.579050442545328,4.810689336651798,143
cpx,cpx_liq,P_kbar,P,lithospheric_mantle,15.0,30.0,143,v10,ElasticNet/pwlr,v10 ElasticNet pwlr,5.6404632334588465,4.612972393585348,6.6005901748521945,4.2270321204422245,3.608164111590353,4.828425125168689,143
cpx,cpx_liq,T_C,P,lithospheric_mantle,15.0,30.0,143,v10,MLP/raw,v10 MLP raw,87.62342213975093,74.69045606185188,100.27946444755413,64.42996668048286,55.60664675787631,73.49629933064561,143
cpx,cpx_liq,T_C,P,lithospheric_mantle,15.0,30.0,143,v10,MLP/alr,v10 MLP alr,75.29846823013591,65.32892806765342,84.45004265548117,58.39186371276151,50.22049309205347,66.42107205396769,143
cpx,cpx_liq,T_C,P,lithospheric_mantle,15.0,30.0,143,v10,MLP/pwlr,v10 MLP pwlr,89.26650664077405,73.84901149589305,103.87374790917762,66.12453918874556,56.302663028599305,75.66202790425316,143
cpx,cpx_liq,P_kbar,P,lithospheric_mantle,15.0,30.0,143,v10,MLP/raw,v10 MLP raw,5.00152458342852,4.338914492446443,5.587660942170121,3.872530480366249,3.3407842995097017,4.3789049672502305,143
cpx,cpx_liq,P_kbar,P,lithospheric_mantle,15.0,30.0,143,v10,MLP/alr,v10 MLP alr,5.530299356040275,4.908745050823306,6.100130364362882,4.281546153680848,3.6710895911485606,4.847428935820126,143
cpx,cpx_liq,P_kbar,P,lithospheric_mantle,15.0,30.0,143,v10,MLP/pwlr,v10 MLP pwlr,4.744056967346288,4.094286660842085,5.2889846911075455,3.689276055546996,3.187534917267851,4.1273440281750675,143
cpx,cpx_liq,T_C,P,lithospheric_mantle,15.0,30.0,143,Putirka,Putirka 33,Putirka 33,79.11757559385225,64.6787210220573,93.50243179993986,57.27410593282022,48.68293923028884,66.98091619368387,135
cpx,cpx_liq,T_C,P,lithospheric_mantle,15.0,30.0,143,Putirka,Putirka 34,Putirka 34,82.46440680648057,69.17457408228039,96.53901192034789,60.937027066130426,51.80446813231144,70.44279335795208,143
cpx,cpx_liq,P_kbar,P,lithospheric_mantle,15.0,30.0,143,Putirka,Putirka 30,Putirka 30,6.216219692220462,5.36504643627281,7.191095338276142,4.791548754691974,4.100324874369302,5.612239391844562,110
cpx,cpx_liq,P_kbar,P,lithospheric_mantle,15.0,30.0,143,Putirka,Putirka 31,Putirka 31,5.501235725054035,4.239912074604493,6.626601056277628,3.681464253725992,3.060222122778222,4.383873829763277,136
cpx,cpx_liq,T_C,P,lithospheric_mantle,15.0,30.0,143,Agreda,Agreda 2024,Agreda 2024,42.58283614019763,36.473544284760074,48.44673899114178,30.737742592821586,26.04335274558801,35.68367314745079,143
cpx,cpx_liq,P_kbar,P,lithospheric_mantle,15.0,30.0,143,Agreda,Agreda 2024,Agreda 2024,3.151448061856689,2.420993463354853,3.7739846262062122,1.899221111649067,1.4688147954033575,2.3040682197186846,143
cpx,cpx_liq,T_C,P,deeper_mantle,30.0,1000.0,56,v10,RF/raw,v10 RF raw,181.78497764062962,102.5199962058487,247.02126863753017,86.00294270604253,50.497977065113645,127.72190072640794,56
cpx,cpx_liq,T_C,P,deeper_mantle,30.0,1000.0,56,v10,RF/alr,v10 RF alr,182.83465792691692,103.90548059044136,251.2510773676487,90.42495395859258,56.50138079506794,130.85732789331774,56
cpx,cpx_liq,T_C,P,deeper_mantle,30.0,1000.0,56,v10,RF/pwlr,v10 RF pwlr,183.1571963272559,109.06505226400257,250.28307887284953,95.42647232280413,59.61414388601256,135.53202071449084,56
cpx,cpx_liq,P_kbar,P,deeper_mantle,30.0,1000.0,56,v10,RF/raw,v10 RF raw,20.643410698701118,7.596635568217542,31.08775720725309,9.79602336960812,5.6998566343565695,15.433835758728764,56
cpx,cpx_liq,P_kbar,P,deeper_mantle,30.0,1000.0,56,v10,RF/alr,v10 RF alr,19.013605089389777,6.996165973109567,29.026658507151595,8.749917043917298,4.843750022087653,13.772383522096487,56
cpx,cpx_liq,P_kbar,P,deeper_mantle,30.0,1000.0,56,v10,RF/pwlr,v10 RF pwlr,18.738779928482096,6.195479524755029,28.867539911459424,8.338651141413335,4.542113616705919,13.229916768789884,56
cpx,cpx_liq,T_C,P,deeper_mantle,30.0,1000.0,56,v10,ERT/raw,v10 ERT raw,178.78364334068948,94.67483504476715,246.59612797288344,78.68428525213619,42.75572498050617,120.64546135312528,56
cpx,cpx_liq,T_C,P,deeper_mantle,30.0,1000.0,56,v10,ERT/alr,v10 ERT alr,164.21191454249566,97.79777983945749,225.79091170451088,86.77883871586828,55.78851145065662,122.6547031526065,56
cpx,cpx_liq,T_C,P,deeper_mantle,30.0,1000.0,56,v10,ERT/pwlr,v10 ERT pwlr,166.7553291965823,97.41798422363303,226.87651871373694,83.67928669839372,52.74986033333152,120.76660956054896,56
cpx,cpx_liq,P_kbar,P,deeper_mantle,30.0,1000.0,56,v10,ERT/raw,v10 ERT raw,19.905782894942558,6.52514288945658,30.597314959053815,8.50369623456625,4.462645409967261,13.859132967173613,56
cpx,cpx_liq,P_kbar,P,deeper_mantle,30.0,1000.0,56,v10,ERT/alr,v10 ERT alr,21.057738326624012,8.235934772790086,31.728452568594516,9.988495051826304,5.795246484372466,15.658660782838982,56
cpx,cpx_liq,P_kbar,P,deeper_mantle,30.0,1000.0,56,v10,ERT/pwlr,v10 ERT pwlr,20.35827490901358,7.576860695613528,30.716744863307483,9.057138877141433,4.94826600140957,14.53454672016434,56
cpx,cpx_liq,T_C,P,deeper_mantle,30.0,1000.0,56,v10,XGB/raw,v10 XGB raw,169.31832431357864,103.41828577561706,226.2257878833935,89.38488333565849,56.7525766645159,126.1812268938337,56
cpx,cpx_liq,T_C,P,deeper_mantle,30.0,1000.0,56,v10,XGB/alr,v10 XGB alr,161.0394594838912,89.21649394875156,223.47620211969576,79.38819885253906,47.81166343688965,115.82562642778669,56
cpx,cpx_liq,T_C,P,deeper_mantle,30.0,1000.0,56,v10,XGB/pwlr,v10 XGB pwlr,166.29217809373174,100.10825720420146,228.34688108508,88.18932015555245,57.40561158316476,125.77319172450473,56
cpx,cpx_liq,P_kbar,P,deeper_mantle,30.0,1000.0,56,v10,XGB/raw,v10 XGB raw,20.536804381158923,7.2226795100233145,30.88622425928207,8.695695093699864,4.516132940564837,14.468661919661931,56
cpx,cpx_liq,P_kbar,P,deeper_mantle,30.0,1000.0,56,v10,XGB/alr,v10 XGB alr,19.33795461812279,5.6102970791246065,30.162037821219805,7.85333446093968,3.996242495945522,13.105074363095419,56
cpx,cpx_liq,P_kbar,P,deeper_mantle,30.0,1000.0,56,v10,XGB/pwlr,v10 XGB pwlr,18.45970009905241,7.824233948489286,28.550615893460797,8.613646336964198,5.186432760102408,13.33605943407331,56
cpx,cpx_liq,T_C,P,deeper_mantle,30.0,1000.0,56,v10,GB/raw,v10 GB raw,175.02780779727408,105.52349837024373,236.89377270725703,106.47624352780346,75.08135682255097,141.67641844282184,56
cpx,cpx_liq,T_C,P,deeper_mantle,30.0,1000.0,56,v10,GB/alr,v10 GB alr,170.94929486898232,92.59621784230222,237.08327360680693,84.23803069256424,50.71587202892978,123.11918445063903,56
cpx,cpx_liq,T_C,P,deeper_mantle,30.0,1000.0,56,v10,GB/pwlr,v10 GB pwlr,165.37437649231418,108.76557823749577,220.11418619713888,109.39554567767277,82.04638769277811,142.35886244018948,56
cpx,cpx_liq,P_kbar,P,deeper_mantle,30.0,1000.0,56,v10,GB/raw,v10 GB raw,18.858694616760598,6.792924338927677,28.720799886250695,8.610781807646616,4.9323121881389,13.70367299902775,56
cpx,cpx_liq,P_kbar,P,deeper_mantle,30.0,1000.0,56,v10,GB/alr,v10 GB alr,16.795511549344404,5.292863486278331,25.222213444085284,7.474465586876308,4.0303117261272225,11.99610026612635,56
cpx,cpx_liq,P_kbar,P,deeper_mantle,30.0,1000.0,56,v10,GB/pwlr,v10 GB pwlr,18.317425906946777,7.922856278845287,28.121397748430805,8.54554713459743,4.980373246743815,13.082245222261854,56
cpx,cpx_liq,T_C,P,deeper_mantle,30.0,1000.0,56,v10,CatBoost/raw,v10 CatBoost raw,155.640325375007,93.10825609159038,212.60968694839406,84.4292714345044,55.368010474565715,118.76265351050978,56
cpx,cpx_liq,T_C,P,deeper_mantle,30.0,1000.0,56,v10,CatBoost/alr,v10 CatBoost alr,158.05318880179317,84.61446462488746,221.38987840082038,80.16220380078343,52.01815979040906,117.67368034429033,56
cpx,cpx_liq,T_C,P,deeper_mantle,30.0,1000.0,56,v10,CatBoost/pwlr,v10 CatBoost pwlr,147.44739327956995,80.17014645375374,206.8836691947055,71.27904646396364,43.82976167902166,103.94995215467246,56
cpx,cpx_liq,P_kbar,P,deeper_mantle,30.0,1000.0,56,v10,CatBoost/raw,v10 CatBoost raw,21.205956508061252,8.547836829774777,31.429650374783154,9.496600488459164,5.174179541991137,15.217542315207682,56
cpx,cpx_liq,P_kbar,P,deeper_mantle,30.0,1000.0,56,v10,CatBoost/alr,v10 CatBoost alr,19.223214734574068,5.52522242209991,30.020423608970336,7.513240855569769,3.6816565244202826,12.649479462481159,56
cpx,cpx_liq,P_kbar,P,deeper_mantle,30.0,1000.0,56,v10,CatBoost/pwlr,v10 CatBoost pwlr,20.075835348352165,8.224699296601031,30.16696209456167,9.477789785130563,5.518657038204159,14.803855580942933,56
cpx,cpx_liq,T_C,P,deeper_mantle,30.0,1000.0,56,v10,LightGBM/raw,v10 LightGBM raw,175.9476211973112,101.25730703126001,240.91983615092116,95.25288805096851,61.4419178735777,133.2425507741413,56
cpx,cpx_liq,T_C,P,deeper_mantle,30.0,1000.0,56,v10,LightGBM/alr,v10 LightGBM alr,171.1884585637057,97.18823453148613,239.32339164743516,85.27048226492211,51.27927743145292,123.33060833205614,56
cpx,cpx_liq,T_C,P,deeper_mantle,30.0,1000.0,56,v10,LightGBM/pwlr,v10 LightGBM pwlr,168.17124490447227,101.47837212579832,228.18242896566554,99.45373798560044,69.7640719563063,132.74722507034056,56
cpx,cpx_liq,P_kbar,P,deeper_mantle,30.0,1000.0,56,v10,LightGBM/raw,v10 LightGBM raw,19.871738022749057,7.094176766175633,30.00292971733934,9.330871196665283,5.465157958635944,14.739320491930357,56
cpx,cpx_liq,P_kbar,P,deeper_mantle,30.0,1000.0,56,v10,LightGBM/alr,v10 LightGBM alr,18.848928451487563,6.145036090239353,29.13775553717623,8.37569110649102,4.620013040540045,13.271851866495034,56
cpx,cpx_liq,P_kbar,P,deeper_mantle,30.0,1000.0,56,v10,LightGBM/pwlr,v10 LightGBM pwlr,17.500719226156654,5.774609738042555,26.875868614603107,7.658717416761071,4.1558883776453595,12.547847973487153,56
cpx,cpx_liq,T_C,P,deeper_mantle,30.0,1000.0,56,v10,ElasticNet/raw,v10 ElasticNet raw,191.6851195067699,111.52122482277831,265.1025006601349,110.36761101458349,78.31315590368938,153.96100482221792,56
cpx,cpx_liq,T_C,P,deeper_mantle,30.0,1000.0,56,v10,ElasticNet/alr,v10 ElasticNet alr,208.29826099772765,158.46882351826414,262.8959297298611,152.03743863309975,123.2702382169463,192.25312072599567,56
cpx,cpx_liq,T_C,P,deeper_mantle,30.0,1000.0,56,v10,ElasticNet/pwlr,v10 ElasticNet pwlr,222.39581420435675,168.5816513335002,280.7002699003883,159.09228240402692,125.50579567150929,205.87767619677786,56
cpx,cpx_liq,P_kbar,P,deeper_mantle,30.0,1000.0,56,v10,ElasticNet/raw,v10 ElasticNet raw,24.516173141174193,14.786364924719983,33.95294496575724,13.413693227219218,8.43842451786265,18.990543074822764,56
cpx,cpx_liq,P_kbar,P,deeper_mantle,30.0,1000.0,56,v10,ElasticNet/alr,v10 ElasticNet alr,19.320878416990425,9.419350658072252,28.353363785141415,10.60151657668917,7.000073365380099,15.103152629058973,56
cpx,cpx_liq,P_kbar,P,deeper_mantle,30.0,1000.0,56,v10,ElasticNet/pwlr,v10 ElasticNet pwlr,19.65077777232685,10.010109888622758,28.739158402827062,10.909746012824263,7.243126373090728,15.429046983393386,56
cpx,cpx_liq,T_C,P,deeper_mantle,30.0,1000.0,56,v10,MLP/raw,v10 MLP raw,152.07533643716414,79.96708768425668,213.2015437487254,77.20674655863424,45.81819149978862,112.57611020486212,56
cpx,cpx_liq,T_C,P,deeper_mantle,30.0,1000.0,56,v10,MLP/alr,v10 MLP alr,157.78410764238026,92.29552640831892,216.30248223048306,88.04887262365823,59.31668950719921,121.4962233177497,56
cpx,cpx_liq,T_C,P,deeper_mantle,30.0,1000.0,56,v10,MLP/pwlr,v10 MLP pwlr,131.0439680760057,65.01797656683947,195.7230827060503,68.50552521794633,42.10967405657447,104.01735605182282,48
cpx,cpx_liq,P_kbar,P,deeper_mantle,30.0,1000.0,56,v10,MLP/raw,v10 MLP raw,19.544346016695375,7.774938177735473,29.98290961476126,8.759865430341154,4.919739266792001,13.359359871107506,56
cpx,cpx_liq,P_kbar,P,deeper_mantle,30.0,1000.0,56,v10,MLP/alr,v10 MLP alr,18.599585445219553,6.309028237126763,29.828589235952094,7.416800613432367,3.747047042116794,12.700825593339157,50
cpx,cpx_liq,P_kbar,P,deeper_mantle,30.0,1000.0,56,v10,MLP/pwlr,v10 MLP pwlr,16.800936358567096,6.061730500325664,27.519696906534207,6.802888739294946,3.68235078625,12.135694413748274,55
cpx,cpx_liq,T_C,P,deeper_mantle,30.0,1000.0,56,Putirka,Putirka 33,Putirka 33,66.11667558955591,57.7928834105256,74.98229691241386,59.78757717663984,51.65520628209792,68.80971844314854,43
cpx,cpx_liq,T_C,P,deeper_mantle,30.0,1000.0,56,Putirka,Putirka 34,Putirka 34,184.05000711050857,127.22117387327889,240.52538371473713,115.96384387692187,82.40713231855311,161.01975585669607,54
cpx,cpx_liq,P_kbar,P,deeper_mantle,30.0,1000.0,56,Putirka,Putirka 30,Putirka 30,10.233071309415351,6.157236813045741,13.95378709244629,7.12791619796031,5.234819075145064,9.390185497626536,46
cpx,cpx_liq,P_kbar,P,deeper_mantle,30.0,1000.0,56,Putirka,Putirka 31,Putirka 31,20.973994856284282,9.196539774530061,30.624667036501798,10.023737382133165,5.723636722118616,15.752735221277367,50
cpx,cpx_liq,T_C,P,deeper_mantle,30.0,1000.0,56,Agreda,Agreda 2024,Agreda 2024,243.66707054006844,138.74762004123215,326.76670355826303,109.79371998778412,63.088545655831695,166.3532447962888,56
cpx,cpx_liq,P_kbar,P,deeper_mantle,30.0,1000.0,56,Agreda,Agreda 2024,Agreda 2024,29.671270527722537,16.544636524615022,41.39551572570402,15.534902829410774,9.540597609058024,22.36624213747148,56
cpx,cpx_liq,T_C,P,P<5,0.0,5.0,268,v10,RF/raw,v10 RF raw,50.62017671034019,44.17689650670777,57.28967964936781,35.46631419067756,31.34617188062685,39.927634573427795,268
cpx,cpx_liq,T_C,P,P<5,0.0,5.0,268,v10,RF/alr,v10 RF alr,50.52200819987871,44.04963786485335,57.21937982305948,35.28164950578927,31.020243112878024,39.61782092823233,268
cpx,cpx_liq,T_C,P,P<5,0.0,5.0,268,v10,RF/pwlr,v10 RF pwlr,41.964592753525686,35.70117491991811,48.414428916245875,28.466834762550967,24.989381828134434,32.12705645846948,268
cpx,cpx_liq,P_kbar,P,P<5,0.0,5.0,268,v10,RF/raw,v10 RF raw,5.504654814561425,4.820254607849803,6.139455946621657,3.9434277480578794,3.4938747447125813,4.395752576476429,268
cpx,cpx_liq,P_kbar,P,P<5,0.0,5.0,268,v10,RF/alr,v10 RF alr,5.972291037673211,4.822263539930434,7.168579579903049,3.7088781655180183,3.137938118530339,4.2915277256683515,268
cpx,cpx_liq,P_kbar,P,P<5,0.0,5.0,268,v10,RF/pwlr,v10 RF pwlr,5.457933913932052,4.454202117611312,6.450639714366576,3.675222360333909,3.194823685126095,4.175652251012923,268
cpx,cpx_liq,T_C,P,P<5,0.0,5.0,268,v10,ERT/raw,v10 ERT raw,50.69187466836032,44.22871745608961,57.75631674854165,34.92344698070709,30.805796793212608,39.31376796270561,268
cpx,cpx_liq,T_C,P,P<5,0.0,5.0,268,v10,ERT/alr,v10 ERT alr,55.742493071819794,49.298681726094706,62.222809979987986,40.86714550517967,36.383937406142415,45.513724046105686,268
cpx,cpx_liq,T_C,P,P<5,0.0,5.0,268,v10,ERT/pwlr,v10 ERT pwlr,44.18461802376442,37.84165291441689,50.561603610714435,30.648845436075746,26.9525068480792,34.61297265701065,268
cpx,cpx_liq,P_kbar,P,P<5,0.0,5.0,268,v10,ERT/raw,v10 ERT raw,5.326984692980489,4.669318276524351,5.9220282071192685,3.735554902361011,3.29759028181975,4.179485072336504,268
cpx,cpx_liq,P_kbar,P,P<5,0.0,5.0,268,v10,ERT/alr,v10 ERT alr,5.611697303768166,4.8509199286936715,6.338847047021488,3.997564886198185,3.5378804370050827,4.4591783643927325,268
cpx,cpx_liq,P_kbar,P,P<5,0.0,5.0,268,v10,ERT/pwlr,v10 ERT pwlr,5.501158514186226,4.773777978144249,6.263206748576247,4.17090702215137,3.7471324810181272,4.590990455542575,268
cpx,cpx_liq,T_C,P,P<5,0.0,5.0,268,v10,XGB/raw,v10 XGB raw,49.22438165162427,42.750129309861016,56.047870236090276,34.665688585879195,30.54819344477867,39.00151120655572,268
cpx,cpx_liq,T_C,P,P<5,0.0,5.0,268,v10,XGB/alr,v10 XGB alr,56.90406522168128,47.12042139413755,66.86221640423709,37.53264515435518,32.75212433089071,42.688951048210484,268
cpx,cpx_liq,T_C,P,P<5,0.0,5.0,268,v10,XGB/pwlr,v10 XGB pwlr,46.44812071251843,40.29056499053196,52.149794799368756,32.953070113908,29.016592657743995,37.023362817337265,268
cpx,cpx_liq,P_kbar,P,P<5,0.0,5.0,268,v10,XGB/raw,v10 XGB raw,5.939309623151628,5.031323409084578,6.791578986438663,3.7892968198642483,3.2588160278318834,4.308119940548048,268
cpx,cpx_liq,P_kbar,P,P<5,0.0,5.0,268,v10,XGB/alr,v10 XGB alr,5.802398325618086,4.519860969115352,7.098847631486244,3.3297693017972074,2.750852203609392,3.9125819149586163,268
cpx,cpx_liq,P_kbar,P,P<5,0.0,5.0,268,v10,XGB/pwlr,v10 XGB pwlr,5.202582984465713,4.359994546795949,5.983488443069961,3.3426941166963116,2.889846568836812,3.8072139498423168,268
cpx,cpx_liq,T_C,P,P<5,0.0,5.0,268,v10,GB/raw,v10 GB raw,47.98315167545076,41.45383148819057,54.38224239908209,34.69379290512101,30.933752383786047,38.15005752745742,268
cpx,cpx_liq,T_C,P,P<5,0.0,5.0,268,v10,GB/alr,v10 GB alr,48.3132745968274,41.56380497927933,54.48270982832076,33.592933433510034,29.460340536735398,37.45578549083526,268
cpx,cpx_liq,T_C,P,P<5,0.0,5.0,268,v10,GB/pwlr,v10 GB pwlr,52.97601895874671,45.41996462594889,59.75106341707947,37.36881554889698,32.50813234679819,41.787047810019544,268
cpx,cpx_liq,P_kbar,P,P<5,0.0,5.0,268,v10,GB/raw,v10 GB raw,5.683923840005227,4.810057356735092,6.485043806721649,3.782602394770987,3.2982596432889997,4.268671113921091,268
cpx,cpx_liq,P_kbar,P,P<5,0.0,5.0,268,v10,GB/alr,v10 GB alr,6.603957494782355,4.847668482602152,8.345893069021693,3.474889514917215,2.826768372872557,4.1594876681895165,268
cpx,cpx_liq,P_kbar,P,P<5,0.0,5.0,268,v10,GB/pwlr,v10 GB pwlr,5.647956775391797,4.8216223459025755,6.509259933422276,3.8165455164006743,3.3204397426385257,4.340403753851457,267
cpx,cpx_liq,T_C,P,P<5,0.0,5.0,268,v10,CatBoost/raw,v10 CatBoost raw,52.98954408495777,44.645612216776826,62.04544995126382,36.15847710421719,31.62383305219724,40.75787666146341,268
cpx,cpx_liq,T_C,P,P<5,0.0,5.0,268,v10,CatBoost/alr,v10 CatBoost alr,58.65339298953104,50.143639359680606,68.07249709746418,41.25506597686361,36.56941634214952,46.36300104459238,268
cpx,cpx_liq,T_C,P,P<5,0.0,5.0,268,v10,CatBoost/pwlr,v10 CatBoost pwlr,50.797257723557045,43.289455631438216,58.55498378582721,35.882337265187594,31.519711281817763,40.49633285453463,268
cpx,cpx_liq,P_kbar,P,P<5,0.0,5.0,268,v10,CatBoost/raw,v10 CatBoost raw,5.911684438169289,5.190146065421754,6.512002900507281,4.0633795702035025,3.5503183225568,4.547609106018052,268
cpx,cpx_liq,P_kbar,P,P<5,0.0,5.0,268,v10,CatBoost/alr,v10 CatBoost alr,5.314102255904831,4.605383791915284,5.995896871427776,3.5975680158307584,3.1320263709262806,4.050421919067217,268
cpx,cpx_liq,P_kbar,P,P<5,0.0,5.0,268,v10,CatBoost/pwlr,v10 CatBoost pwlr,4.9901087242003355,4.340698942207204,5.610732795641302,3.481580823614543,3.039270712781912,3.972045635070648,267
cpx,cpx_liq,T_C,P,P<5,0.0,5.0,268,v10,LightGBM/raw,v10 LightGBM raw,49.22940507632467,43.6909146985847,54.80015150274652,36.37796118198344,32.355981031844976,40.16474610867507,268
cpx,cpx_liq,T_C,P,P<5,0.0,5.0,268,v10,LightGBM/alr,v10 LightGBM alr,56.14698653157306,49.52612017402051,62.52872641899164,40.7311836617899,36.166208134851416,45.061290767597534,268
cpx,cpx_liq,T_C,P,P<5,0.0,5.0,268,v10,LightGBM/pwlr,v10 LightGBM pwlr,46.10488359491716,38.37724476370112,52.114956464352986,30.900739885843876,26.740655925931268,34.912838589384094,268
cpx,cpx_liq,P_kbar,P,P<5,0.0,5.0,268,v10,LightGBM/raw,v10 LightGBM raw,5.747591371654154,4.884505915915637,6.54136039946618,3.8024626377221673,3.288581891923695,4.299265309759879,268
cpx,cpx_liq,P_kbar,P,P<5,0.0,5.0,268,v10,LightGBM/alr,v10 LightGBM alr,5.779776130714577,4.520825531515808,7.040404735686985,3.4270775280879078,2.889868690799136,3.994289335642882,268
cpx,cpx_liq,P_kbar,P,P<5,0.0,5.0,268,v10,LightGBM/pwlr,v10 LightGBM pwlr,4.967672576540539,4.242506495481923,5.677886911046965,3.415154891433625,2.977089523150624,3.854998390064788,268
cpx,cpx_liq,T_C,P,P<5,0.0,5.0,268,v10,ElasticNet/raw,v10 ElasticNet raw,67.1018115900792,57.08315482074283,79.39105075514256,49.46206471520649,44.619563746955976,54.717824005530396,268
cpx,cpx_liq,T_C,P,P<5,0.0,5.0,268,v10,ElasticNet/alr,v10 ElasticNet alr,55.82285591872888,50.408870293126796,61.43484260294064,44.14125667620078,40.11561473421948,48.0183217306799,268
cpx,cpx_liq,T_C,P,P<5,0.0,5.0,268,v10,ElasticNet/pwlr,v10 ElasticNet pwlr,57.931811052369504,52.66350658247627,62.83562048868512,46.90986186727566,42.47379545501401,50.79124244609023,268
cpx,cpx_liq,P_kbar,P,P<5,0.0,5.0,268,v10,ElasticNet/raw,v10 ElasticNet raw,6.14550593819029,5.52225310043433,6.787134566582821,4.83847268283253,4.414421958496482,5.277681963832942,259
cpx,cpx_liq,P_kbar,P,P<5,0.0,5.0,268,v10,ElasticNet/alr,v10 ElasticNet alr,5.3521858334960735,4.993640423474253,5.698260335123294,4.514791872769094,4.164469693570322,4.835349065998003,235
cpx,cpx_liq,P_kbar,P,P<5,0.0,5.0,268,v10,ElasticNet/pwlr,v10 ElasticNet pwlr,5.534961249105992,5.148747295353601,5.8940070605887245,4.715118184171213,4.345979793018926,5.074307494773255,242
cpx,cpx_liq,T_C,P,P<5,0.0,5.0,268,v10,MLP/raw,v10 MLP raw,123.15366094320558,88.67967190009992,161.1671718433488,68.81387976103908,57.42560955956669,81.49688302013818,268
cpx,cpx_liq,T_C,P,P<5,0.0,5.0,268,v10,MLP/alr,v10 MLP alr,104.38893110620144,66.1553483130099,148.5532724358448,57.37007947707248,48.17632015647123,69.29825922421787,268
cpx,cpx_liq,T_C,P,P<5,0.0,5.0,268,v10,MLP/pwlr,v10 MLP pwlr,125.31478844274312,95.04961292492186,162.32932575950954,78.68007774175254,67.59869346212372,90.91098237756664,268
cpx,cpx_liq,P_kbar,P,P<5,0.0,5.0,268,v10,MLP/raw,v10 MLP raw,5.668367484531515,4.996856439182587,6.28412188578708,3.811235431192247,3.322506853826309,4.308185191314067,264
cpx,cpx_liq,P_kbar,P,P<5,0.0,5.0,268,v10,MLP/alr,v10 MLP alr,6.317526559947154,5.091557746050599,8.13898105045752,4.471576071260305,3.993765162095193,5.060312360656423,253
cpx,cpx_liq,P_kbar,P,P<5,0.0,5.0,268,v10,MLP/pwlr,v10 MLP pwlr,5.39276976173693,4.751047930233264,5.972630638438427,3.866523171127413,3.408810470767073,4.303696985510013,268
cpx,cpx_liq,T_C,P,P<5,0.0,5.0,268,Putirka,Putirka 33,Putirka 33,53.746238219218995,47.899033905744,59.89126816654161,40.05435642689955,35.312993067660685,45.41903566782649,187
cpx,cpx_liq,T_C,P,P<5,0.0,5.0,268,Putirka,Putirka 34,Putirka 34,42.381778008291896,36.78896452548666,48.463091391259056,27.582956280769864,24.245720859896828,31.672744718113673,268
cpx,cpx_liq,P_kbar,P,P<5,0.0,5.0,268,Putirka,Putirka 30,Putirka 30,4.175800906077506,3.8953683967773856,4.4401873418130045,3.6129111223521173,3.332200293758845,3.899906634575134,160
cpx,cpx_liq,P_kbar,P,P<5,0.0,5.0,268,Putirka,Putirka 31,Putirka 31,5.03894531376908,4.658823099966917,5.3876375396889635,4.299704739088092,3.911959330184293,4.669188653202415,193
cpx,cpx_liq,T_C,P,P<5,0.0,5.0,268,Agreda,Agreda 2024,Agreda 2024,30.090520931716753,25.874830075476215,34.35867503994642,19.767409270490283,17.200665254676853,22.6360190888839,268
cpx,cpx_liq,P_kbar,P,P<5,0.0,5.0,268,Agreda,Agreda 2024,Agreda 2024,4.435144988860742,3.904468398956462,4.950847031087809,2.7064403089768825,2.285741755612563,3.120508780082334,268
cpx,cpx_liq,T_C,P,5<=P<10,5.0,10.0,46,v10,RF/raw,v10 RF raw,45.53015031213742,33.20200299227219,59.59264319089306,34.26629754361281,25.380041726184032,43.80931414755742,46
cpx,cpx_liq,T_C,P,5<=P<10,5.0,10.0,46,v10,RF/alr,v10 RF alr,48.42342608465277,34.432779089829445,62.01414399034225,35.92495930277875,26.42292058219315,46.39023306975286,46
cpx,cpx_liq,T_C,P,5<=P<10,5.0,10.0,46,v10,RF/pwlr,v10 RF pwlr,49.58192924864321,35.586699723900615,65.42670013491926,36.552695784524474,27.650789864905637,46.98660074031108,46
cpx,cpx_liq,P_kbar,P,5<=P<10,5.0,10.0,46,v10,RF/raw,v10 RF raw,3.441112311865324,2.6721285603717173,4.305164738760567,2.6573626844648444,2.1017559078031143,3.338507056979106,46
cpx,cpx_liq,P_kbar,P,5<=P<10,5.0,10.0,46,v10,RF/alr,v10 RF alr,3.6574324252311508,2.8068369185945743,4.593579790571895,2.868743552682696,2.292605451392044,3.5707145721599245,46
cpx,cpx_liq,P_kbar,P,5<=P<10,5.0,10.0,46,v10,RF/pwlr,v10 RF pwlr,4.001626469034145,2.993304005490073,5.125464256692517,3.0211612418943488,2.3491774238980465,3.806897159482316,46
cpx,cpx_liq,T_C,P,5<=P<10,5.0,10.0,46,v10,ERT/raw,v10 ERT raw,47.873216670134006,35.11633584874069,59.82963120470334,36.45104018000418,27.232160749341567,45.911678082142046,46
cpx,cpx_liq,T_C,P,5<=P<10,5.0,10.0,46,v10,ERT/alr,v10 ERT alr,54.241194020212355,37.36252150764375,71.73437331673597,38.630862964569936,27.835785024471758,50.939608944048715,46
cpx,cpx_liq,T_C,P,5<=P<10,5.0,10.0,46,v10,ERT/pwlr,v10 ERT pwlr,50.03741239693054,37.135901748584494,62.85887328009958,37.887626219933544,29.096048332083214,48.220939583021895,46
cpx,cpx_liq,P_kbar,P,5<=P<10,5.0,10.0,46,v10,ERT/raw,v10 ERT raw,3.55454466480369,2.61355841459754,4.629076845770144,2.6570067609859076,2.0455645462014598,3.463703432585848,46
cpx,cpx_liq,P_kbar,P,5<=P<10,5.0,10.0,46,v10,ERT/alr,v10 ERT alr,3.835310824363852,2.784793018786508,5.044189277492435,2.8455019365283265,2.168817598169511,3.7205002855618625,46
cpx,cpx_liq,P_kbar,P,5<=P<10,5.0,10.0,46,v10,ERT/pwlr,v10 ERT pwlr,3.882558078186609,2.8683743941010045,4.959049425275378,2.8234563995643107,2.1192997967158993,3.6143438925103966,46
cpx,cpx_liq,T_C,P,5<=P<10,5.0,10.0,46,v10,XGB/raw,v10 XGB raw,44.01423470797204,30.570529499014125,59.79915111974834,31.9624779742697,23.867282469376274,42.320146577254576,46
cpx,cpx_liq,T_C,P,5<=P<10,5.0,10.0,46,v10,XGB/alr,v10 XGB alr,53.509402649977204,38.7634077915597,67.73700824442649,40.83501003099524,30.02889855426291,51.87953491210937,46
cpx,cpx_liq,T_C,P,5<=P<10,5.0,10.0,46,v10,XGB/pwlr,v10 XGB pwlr,56.12985722573035,40.280308851662,74.11449055410866,41.75985983143682,31.295141933275307,53.63045375658118,46
cpx,cpx_liq,P_kbar,P,5<=P<10,5.0,10.0,46,v10,XGB/raw,v10 XGB raw,3.5549286593825298,2.8091360877585165,4.285585797899497,2.814404337820799,2.2046061790766953,3.4394708267372587,46
cpx,cpx_liq,P_kbar,P,5<=P<10,5.0,10.0,46,v10,XGB/alr,v10 XGB alr,3.764258020949764,2.8019480258460625,4.877538925628969,2.7255614897479177,2.0546281241204434,3.5307768286181522,46
cpx,cpx_liq,P_kbar,P,5<=P<10,5.0,10.0,46,v10,XGB/pwlr,v10 XGB pwlr,4.086062030188615,2.8607049291669004,5.3265292769966575,3.044156742355098,2.3896045183552364,3.901056355432324,46
cpx,cpx_liq,T_C,P,5<=P<10,5.0,10.0,46,v10,GB/raw,v10 GB raw,41.794596704052026,31.36048390558333,52.855224968219225,31.333891172275507,23.931404689273638,39.79760937696654,46
cpx,cpx_liq,T_C,P,5<=P<10,5.0,10.0,46,v10,GB/alr,v10 GB alr,53.19670913590186,40.65302880517992,66.05404209229117,40.828089208703105,31.010778174093186,51.54113428966176,46
cpx,cpx_liq,T_C,P,5<=P<10,5.0,10.0,46,v10,GB/pwlr,v10 GB pwlr,52.56707993836838,40.82160717503646,63.13507566632311,40.368199906218834,30.116813495449914,50.838874677237186,46
cpx,cpx_liq,P_kbar,P,5<=P<10,5.0,10.0,46,v10,GB/raw,v10 GB raw,3.6867998155732455,2.7078926728855186,4.751624430050398,2.815634342979416,2.1387921309438767,3.575424962083953,46
cpx,cpx_liq,P_kbar,P,5<=P<10,5.0,10.0,46,v10,GB/alr,v10 GB alr,3.8816977272813427,2.9120181205113664,4.945407099390716,2.869963672401144,2.1871802400235922,3.701468224721608,46
cpx,cpx_liq,P_kbar,P,5<=P<10,5.0,10.0,46,v10,GB/pwlr,v10 GB pwlr,3.4427514112415376,2.7095154336830634,4.224342487340647,2.705279522205062,2.131233133087143,3.322759514621457,46
cpx,cpx_liq,T_C,P,5<=P<10,5.0,10.0,46,v10,CatBoost/raw,v10 CatBoost raw,46.46177215379745,32.49673903052577,61.36604499756652,32.6885655405207,23.784511110741857,42.78115242863229,46
cpx,cpx_liq,T_C,P,5<=P<10,5.0,10.0,46,v10,CatBoost/alr,v10 CatBoost alr,59.6450692222241,44.089250443624444,74.6247686163526,44.16431397392287,32.9589724086029,56.201151591679015,46
cpx,cpx_liq,T_C,P,5<=P<10,5.0,10.0,46,v10,CatBoost/pwlr,v10 CatBoost pwlr,55.81267212984315,41.06432669218117,70.57438552873741,40.40662171616796,29.651753293504612,53.003067938134976,46
cpx,cpx_liq,P_kbar,P,5<=P<10,5.0,10.0,46,v10,CatBoost/raw,v10 CatBoost raw,3.326395033276876,2.679171278216048,4.028960950933557,2.62018410804461,2.119596672330545,3.2295964636299743,46
cpx,cpx_liq,P_kbar,P,5<=P<10,5.0,10.0,46,v10,CatBoost/alr,v10 CatBoost alr,3.8456985675610014,2.8266641554144676,5.0000548300569925,2.968956018541691,2.2862202390067887,3.736020484166579,46
cpx,cpx_liq,P_kbar,P,5<=P<10,5.0,10.0,46,v10,CatBoost/pwlr,v10 CatBoost pwlr,3.914723120187021,2.718070395735558,5.066617925829832,2.791111117418609,2.102610746553163,3.6312966999771246,46
cpx,cpx_liq,T_C,P,5<=P<10,5.0,10.0,46,v10,LightGBM/raw,v10 LightGBM raw,43.37206245693493,33.146472279988735,54.277700976573925,33.21749300105084,25.418771068833657,42.47734305876953,46
cpx,cpx_liq,T_C,P,5<=P<10,5.0,10.0,46,v10,LightGBM/alr,v10 LightGBM alr,52.35348323650378,41.79493028844259,62.57181251444166,42.378467879606866,33.37381249401175,52.24875322438081,46
cpx,cpx_liq,T_C,P,5<=P<10,5.0,10.0,46,v10,LightGBM/pwlr,v10 LightGBM pwlr,53.629934746929464,40.86997969405084,68.29685230583979,40.8353709982885,31.2787433841868,51.5641580642331,46
cpx,cpx_liq,P_kbar,P,5<=P<10,5.0,10.0,46,v10,LightGBM/raw,v10 LightGBM raw,3.604529754561782,2.744824211005145,4.539026099908029,2.849384833879825,2.215926010730687,3.563103358323007,46
cpx,cpx_liq,P_kbar,P,5<=P<10,5.0,10.0,46,v10,LightGBM/alr,v10 LightGBM alr,3.761383717491991,3.004719947925741,4.585221575846718,2.955329222460904,2.3745646782312733,3.6895141891317658,46
cpx,cpx_liq,P_kbar,P,5<=P<10,5.0,10.0,46,v10,LightGBM/pwlr,v10 LightGBM pwlr,3.8654372608780276,2.695577517201014,5.2393686522160205,2.7880689075225225,2.092000733360786,3.6046305476414697,46
cpx,cpx_liq,T_C,P,5<=P<10,5.0,10.0,46,v10,ElasticNet/raw,v10 ElasticNet raw,59.67769792352808,40.22045612884231,79.90490889275236,40.693490228586654,29.494966212402606,55.5415744853202,46
cpx,cpx_liq,T_C,P,5<=P<10,5.0,10.0,46,v10,ElasticNet/alr,v10 ElasticNet alr,72.9262482421497,51.192862449044554,95.71785792778655,50.35676610751105,37.0574091503769,67.74640699100293,46
cpx,cpx_liq,T_C,P,5<=P<10,5.0,10.0,46,v10,ElasticNet/pwlr,v10 ElasticNet pwlr,72.39704809244198,49.54556947412132,97.11142705494468,49.412426688280846,35.84245269724683,66.84802804025111,46
cpx,cpx_liq,P_kbar,P,5<=P<10,5.0,10.0,46,v10,ElasticNet/raw,v10 ElasticNet raw,3.244356465102072,2.4587382489422653,4.0126916012766545,2.280625990789557,1.686885555244097,2.9696473877532354,46
cpx,cpx_liq,P_kbar,P,5<=P<10,5.0,10.0,46,v10,ElasticNet/alr,v10 ElasticNet alr,3.475999574149173,2.7339797250484517,4.153028331713334,2.8176237879109385,2.233625319089392,3.422316208374871,46
cpx,cpx_liq,P_kbar,P,5<=P<10,5.0,10.0,46,v10,ElasticNet/pwlr,v10 ElasticNet pwlr,3.26598431251304,2.5157804955845258,4.034515484036463,2.5769413327334116,1.981430880306654,3.1928401952877596,46
cpx,cpx_liq,T_C,P,5<=P<10,5.0,10.0,46,v10,MLP/raw,v10 MLP raw,66.78830695835278,41.835560276046316,95.85173491332037,46.50960367113928,34.42574353245316,62.76869296869672,46
cpx,cpx_liq,T_C,P,5<=P<10,5.0,10.0,46,v10,MLP/alr,v10 MLP alr,74.50544261615306,58.03108633296024,92.87017269978284,59.47470091890675,47.58677417895154,74.17227399322422,46
cpx,cpx_liq,T_C,P,5<=P<10,5.0,10.0,46,v10,MLP/pwlr,v10 MLP pwlr,93.6665040013314,74.1870749919726,111.96331030189317,75.86022699030127,59.134906948695395,93.73632719633417,46
cpx,cpx_liq,P_kbar,P,5<=P<10,5.0,10.0,46,v10,MLP/raw,v10 MLP raw,4.299135208816056,3.4509971687922025,5.230770434103845,3.5365089397334044,2.8722153461052717,4.296166393714822,46
cpx,cpx_liq,P_kbar,P,5<=P<10,5.0,10.0,46,v10,MLP/alr,v10 MLP alr,4.235487159259832,3.2060597213942534,5.379048819356076,3.3665554283227945,2.621902469444126,4.268520151361314,46
cpx,cpx_liq,P_kbar,P,5<=P<10,5.0,10.0,46,v10,MLP/pwlr,v10 MLP pwlr,4.420636642288131,3.582667636396783,5.288522060016641,3.505721339987526,2.7891374965768607,4.326355761482568,46
cpx,cpx_liq,T_C,P,5<=P<10,5.0,10.0,46,Putirka,Putirka 33,Putirka 33,54.821371083604234,41.41287300701839,68.69628125565035,40.30675697028466,30.862098567082285,52.141808370333926,44
cpx,cpx_liq,T_C,P,5<=P<10,5.0,10.0,46,Putirka,Putirka 34,Putirka 34,49.049904318599474,35.725944484748496,62.616004226534734,35.23418008292318,26.235382176377893,46.91536386217975,46
cpx,cpx_liq,P_kbar,P,5<=P<10,5.0,10.0,46,Putirka,Putirka 30,Putirka 30,2.637460569454554,2.0123639870193046,3.178169196811394,1.9924882998699451,1.485361532587048,2.498575459921094,40
cpx,cpx_liq,P_kbar,P,5<=P<10,5.0,10.0,46,Putirka,Putirka 31,Putirka 31,2.746000081708088,2.0715525410578284,3.501223047693321,1.9889136687032758,1.4793303089671916,2.6067526783616892,43
cpx,cpx_liq,T_C,P,5<=P<10,5.0,10.0,46,Agreda,Agreda 2024,Agreda 2024,42.37894244636617,27.749639050981664,55.705963076037044,28.263022754503332,19.262968004009,37.579935608869015,46
cpx,cpx_liq,P_kbar,P,5<=P<10,5.0,10.0,46,Agreda,Agreda 2024,Agreda 2024,2.5369208037349016,1.8097085524858685,3.2899647844339013,1.8882084241177384,1.4467470938526086,2.441588512634573,46
cpx,cpx_liq,T_C,P,10<=P<20,10.0,20.0,210,v10,RF/raw,v10 RF raw,56.81309821892909,47.490205368147436,66.94508238732611,41.25070222350041,36.37628270718359,46.20332671411006,210
cpx,cpx_liq,T_C,P,10<=P<20,10.0,20.0,210,v10,RF/alr,v10 RF alr,60.33167989675101,50.04867579363341,71.48297485459817,43.40172904230614,37.85811361928904,48.886798540228995,210
cpx,cpx_liq,T_C,P,10<=P<20,10.0,20.0,210,v10,RF/pwlr,v10 RF pwlr,55.43244330246045,46.095827170226194,66.51821638690454,39.37668788411831,34.354567866359254,44.52140154967761,210
cpx,cpx_liq,P_kbar,P,10<=P<20,10.0,20.0,210,v10,RF/raw,v10 RF raw,3.097781551787232,2.756890887540983,3.457793179742158,2.336830432800857,2.0861867174714424,2.625817397155804,210
cpx,cpx_liq,P_kbar,P,10<=P<20,10.0,20.0,210,v10,RF/alr,v10 RF alr,2.9605013846834574,2.683098079460335,3.26164294202678,2.31357758038941,2.058350979925861,2.5723408688142135,210
cpx,cpx_liq,P_kbar,P,10<=P<20,10.0,20.0,210,v10,RF/pwlr,v10 RF pwlr,2.5453720427832236,2.2729915959267277,2.8082363027715282,1.9599158981770082,1.7273121228927346,2.1937616075453965,210
cpx,cpx_liq,T_C,P,10<=P<20,10.0,20.0,210,v10,ERT/raw,v10 ERT raw,53.25455027241373,44.581623570517365,63.63873797016501,39.031165972229736,34.60596894449657,43.69039645121148,210
cpx,cpx_liq,T_C,P,10<=P<20,10.0,20.0,210,v10,ERT/alr,v10 ERT alr,59.63501769546573,49.85875914481437,70.53246451901693,42.622844135054905,37.11778378000728,47.99323600134424,210
cpx,cpx_liq,T_C,P,10<=P<20,10.0,20.0,210,v10,ERT/pwlr,v10 ERT pwlr,56.29639471951988,47.02493119431812,67.31007400389323,40.25286592227771,34.95965984898405,45.37336489580669,210
cpx,cpx_liq,P_kbar,P,10<=P<20,10.0,20.0,210,v10,ERT/raw,v10 ERT raw,3.365221589243416,2.9722157284535027,3.746398163485057,2.535740550015426,2.246356498767535,2.84100399147543,210
cpx,cpx_liq,P_kbar,P,10<=P<20,10.0,20.0,210,v10,ERT/alr,v10 ERT alr,3.5299773699911374,3.181447453422767,3.9065112589063986,2.7246358875104426,2.444062524827654,3.040781160012807,210
cpx,cpx_liq,P_kbar,P,10<=P<20,10.0,20.0,210,v10,ERT/pwlr,v10 ERT pwlr,3.092309029399084,2.5846974303593817,3.649965605474831,2.2224836873169855,1.9434663667613647,2.5484593778018225,210
cpx,cpx_liq,T_C,P,10<=P<20,10.0,20.0,210,v10,XGB/raw,v10 XGB raw,56.81322516706488,46.95934367714112,68.08452601568897,41.85938778831845,36.780774681454616,47.141822088332404,210
cpx,cpx_liq,T_C,P,10<=P<20,10.0,20.0,210,v10,XGB/alr,v10 XGB alr,58.951230718132244,47.94522285490113,71.5419139874537,41.329432896205354,36.1061392284575,47.01481267293294,210
cpx,cpx_liq,T_C,P,10<=P<20,10.0,20.0,210,v10,XGB/pwlr,v10 XGB pwlr,56.94091723230359,47.69649232345396,68.86412793489252,42.45852603004092,37.92467362903414,47.64452181134905,210
cpx,cpx_liq,P_kbar,P,10<=P<20,10.0,20.0,210,v10,XGB/raw,v10 XGB raw,3.0656214314105728,2.676798637324164,3.471745058689491,2.276764709974288,1.9887113105861922,2.5742763228153454,210
cpx,cpx_liq,P_kbar,P,10<=P<20,10.0,20.0,210,v10,XGB/alr,v10 XGB alr,3.1365188853550405,2.790240311315413,3.488794937364052,2.415558512324303,2.136703787576501,2.693560759237762,210
cpx,cpx_liq,P_kbar,P,10<=P<20,10.0,20.0,210,v10,XGB/pwlr,v10 XGB pwlr,2.8285676059300573,2.4359078342472267,3.188915487173612,2.131248445510815,1.870978343577564,2.37960876000489,210
cpx,cpx_liq,T_C,P,10<=P<20,10.0,20.0,210,v10,GB/raw,v10 GB raw,58.971107996753695,50.88248061747507,68.97054815854091,44.897306960947304,40.04556374986874,50.5923696533579,210
cpx,cpx_liq,T_C,P,10<=P<20,10.0,20.0,210,v10,GB/alr,v10 GB alr,60.52866375150742,49.26882199437444,72.52115733114938,42.18341018626835,37.11942958640914,48.373853703645,210
cpx,cpx_liq,T_C,P,10<=P<20,10.0,20.0,210,v10,GB/pwlr,v10 GB pwlr,64.46205209325466,55.027395604263745,75.97626374705212,47.41817061035573,42.22260455902482,53.823876795452094,210
cpx,cpx_liq,P_kbar,P,10<=P<20,10.0,20.0,210,v10,GB/raw,v10 GB raw,3.25756607702165,2.8210390028956565,3.735570896217131,2.384302794662041,2.090808197076183,2.697856608496257,210
cpx,cpx_liq,P_kbar,P,10<=P<20,10.0,20.0,210,v10,GB/alr,v10 GB alr,3.2319262516007243,2.8018492703555484,3.628093350731748,2.408455727547675,2.0979965332591775,2.7168747258109307,210
cpx,cpx_liq,P_kbar,P,10<=P<20,10.0,20.0,210,v10,GB/pwlr,v10 GB pwlr,3.240958039281231,2.6205666590861187,3.8260073750095716,2.2758307054570825,1.966984054089146,2.6046337932339125,210
cpx,cpx_liq,T_C,P,10<=P<20,10.0,20.0,210,v10,CatBoost/raw,v10 CatBoost raw,61.51024488743727,53.0047411766508,70.54100912429455,46.17718831586518,40.702399076355,51.737455615269305,210
cpx,cpx_liq,T_C,P,10<=P<20,10.0,20.0,210,v10,CatBoost/alr,v10 CatBoost alr,59.83585599963278,49.66328441919727,70.31112162206732,43.56131002837129,38.34612690885982,48.86238946577819,210
cpx,cpx_liq,T_C,P,10<=P<20,10.0,20.0,210,v10,CatBoost/pwlr,v10 CatBoost pwlr,58.17357504598573,48.25623311314108,68.80577949736927,40.68019515763034,35.321654600022015,46.01760856745498,210
cpx,cpx_liq,P_kbar,P,10<=P<20,10.0,20.0,210,v10,CatBoost/raw,v10 CatBoost raw,3.6957971505561957,3.2320957977677574,4.15232260574354,2.7846185847311724,2.4586676221376194,3.1320957969443612,210
cpx,cpx_liq,P_kbar,P,10<=P<20,10.0,20.0,210,v10,CatBoost/alr,v10 CatBoost alr,3.475137258658018,3.1027811489315713,3.8053773772765984,2.7119062516440398,2.423400409215468,3.007280933775009,210
cpx,cpx_liq,P_kbar,P,10<=P<20,10.0,20.0,210,v10,CatBoost/pwlr,v10 CatBoost pwlr,3.568340844711193,2.782705807654985,4.338764991812176,2.4017976885971977,2.0444552972168446,2.7736261007174217,210
cpx,cpx_liq,T_C,P,10<=P<20,10.0,20.0,210,v10,LightGBM/raw,v10 LightGBM raw,59.986489155542955,50.440825426499146,70.2247862702281,44.90030313526177,39.426200274833185,50.682399175781256,210
cpx,cpx_liq,T_C,P,10<=P<20,10.0,20.0,210,v10,LightGBM/alr,v10 LightGBM alr,59.80276160564185,47.68062893569686,72.37225700428974,41.37191070589501,36.23167250557489,47.28450940134861,210
cpx,cpx_liq,T_C,P,10<=P<20,10.0,20.0,210,v10,LightGBM/pwlr,v10 LightGBM pwlr,58.61891670826754,48.75658844099803,71.30693298534699,42.20197528982924,37.49776731838195,47.88044138064782,210
cpx,cpx_liq,P_kbar,P,10<=P<20,10.0,20.0,210,v10,LightGBM/raw,v10 LightGBM raw,3.201946984625535,2.800628038745483,3.6986631481096675,2.3228375150731986,2.0431636333739656,2.6407567793655464,210
cpx,cpx_liq,P_kbar,P,10<=P<20,10.0,20.0,210,v10,LightGBM/alr,v10 LightGBM alr,3.7607558585479315,3.07197562348426,4.349779910952963,2.555297355866156,2.1901742420110755,2.938040931649382,210
cpx,cpx_liq,P_kbar,P,10<=P<20,10.0,20.0,210,v10,LightGBM/pwlr,v10 LightGBM pwlr,2.7683079881946426,2.3616434654287692,3.1809246919784115,1.973251089026374,1.7125504152315976,2.2640479341803954,210
cpx,cpx_liq,T_C,P,10<=P<20,10.0,20.0,210,v10,ElasticNet/raw,v10 ElasticNet raw,69.97237862291786,60.26955396201033,79.70492816153603,51.197453420576615,44.88503325131463,57.63700225570867,210
cpx,cpx_liq,T_C,P,10<=P<20,10.0,20.0,210,v10,ElasticNet/alr,v10 ElasticNet alr,66.98339585309282,58.76823573023986,75.49730446946346,50.305029764282324,44.300076877603516,56.644531455502886,210
cpx,cpx_liq,T_C,P,10<=P<20,10.0,20.0,210,v10,ElasticNet/pwlr,v10 ElasticNet pwlr,65.42215262722928,56.930023825134526,73.65594936264388,49.039813117481245,43.08004638569438,55.3310262186213,210
cpx,cpx_liq,P_kbar,P,10<=P<20,10.0,20.0,210,v10,ElasticNet/raw,v10 ElasticNet raw,4.703333436175873,4.197940831434309,5.18900442251586,3.5807130794090414,3.172153990020128,3.9875884995255526,210
cpx,cpx_liq,P_kbar,P,10<=P<20,10.0,20.0,210,v10,ElasticNet/alr,v10 ElasticNet alr,4.766218500683188,4.342580938328877,5.172361934276583,3.8978253662744717,3.547314545864383,4.271782119420452,210
cpx,cpx_liq,P_kbar,P,10<=P<20,10.0,20.0,210,v10,ElasticNet/pwlr,v10 ElasticNet pwlr,4.779746629182854,4.3786442308413935,5.135338120289401,3.971564485663629,3.6164303729873764,4.316635411797791,210
cpx,cpx_liq,T_C,P,10<=P<20,10.0,20.0,210,v10,MLP/raw,v10 MLP raw,79.55529150658214,68.33457467971051,91.08128532692815,59.695142598939924,53.53580633859084,67.01075052726003,210
cpx,cpx_liq,T_C,P,10<=P<20,10.0,20.0,210,v10,MLP/alr,v10 MLP alr,76.23747596062466,66.71390256754823,86.82333824223642,55.79470436815997,49.01505904723765,63.13251766062095,210
cpx,cpx_liq,T_C,P,10<=P<20,10.0,20.0,210,v10,MLP/pwlr,v10 MLP pwlr,96.97812600579749,83.42305724314991,108.68073716858959,72.33241488842809,62.96446624737206,80.9241680151433,210
cpx,cpx_liq,P_kbar,P,10<=P<20,10.0,20.0,210,v10,MLP/raw,v10 MLP raw,3.5120435806393875,3.1250196361014875,3.9218250900747442,2.623422909176732,2.335444584229204,2.918118801431101,210
cpx,cpx_liq,P_kbar,P,10<=P<20,10.0,20.0,210,v10,MLP/alr,v10 MLP alr,5.829991673575468,5.206176569094714,6.362317935349981,4.395962275213328,3.869227159168494,4.8571725288820735,210
cpx,cpx_liq,P_kbar,P,10<=P<20,10.0,20.0,210,v10,MLP/pwlr,v10 MLP pwlr,5.828431634139874,5.195163677080111,6.481843733774952,4.365822951712931,3.8617398212409113,4.901411029292429,210
cpx,cpx_liq,T_C,P,10<=P<20,10.0,20.0,210,Putirka,Putirka 33,Putirka 33,63.83851493967971,55.10792563686635,72.68165454423493,46.76382220433866,40.539212232880445,54.000014414620686,174
cpx,cpx_liq,T_C,P,10<=P<20,10.0,20.0,210,Putirka,Putirka 34,Putirka 34,63.07099591911056,54.95081734223068,72.40783909650796,45.754675283380934,39.941326818374854,52.53578962842708,210
cpx,cpx_liq,P_kbar,P,10<=P<20,10.0,20.0,210,Putirka,Putirka 30,Putirka 30,4.6856930562513,4.235296544538333,5.1113003970278585,3.8157037311313307,3.373201286454026,4.259966271729857,143
cpx,cpx_liq,P_kbar,P,10<=P<20,10.0,20.0,210,Putirka,Putirka 31,Putirka 31,3.0952735300129435,2.7842032163838937,3.452165141381468,2.494838093927088,2.2500238649367614,2.7588744902513267,174
cpx,cpx_liq,T_C,P,10<=P<20,10.0,20.0,210,Agreda,Agreda 2024,Agreda 2024,44.410216794076504,33.894737187185434,57.25148924952176,28.167138743968238,24.06106395681699,33.50445814659198,210
cpx,cpx_liq,P_kbar,P,10<=P<20,10.0,20.0,210,Agreda,Agreda 2024,Agreda 2024,1.7753988018233355,1.527159050732593,2.002015564281127,1.2127797636460593,1.038328270052321,1.3830505505674218,210
cpx,cpx_liq,T_C,P,20<=P<40,20.0,40.0,115,v10,RF/raw,v10 RF raw,79.68466966700728,65.48030808793854,93.80523635997555,58.087558822325136,48.8673525477478,68.13724524475008,115
cpx,cpx_liq,T_C,P,20<=P<40,20.0,40.0,115,v10,RF/alr,v10 RF alr,78.71635364993521,67.12870016287948,90.40069132708837,59.3521550655624,50.305137559351195,68.53643338129733,115
cpx,cpx_liq,T_C,P,20<=P<40,20.0,40.0,115,v10,RF/pwlr,v10 RF pwlr,79.65221515929049,69.03374051852902,89.85418324863622,61.60347379975224,52.45601881012736,70.89439601615507,115
cpx,cpx_liq,P_kbar,P,20<=P<40,20.0,40.0,115,v10,RF/raw,v10 RF raw,5.61376055388021,4.973359037621502,6.25795995658335,4.572548216437371,3.9648544160014825,5.1889585142718095,115
cpx,cpx_liq,P_kbar,P,20<=P<40,20.0,40.0,115,v10,RF/alr,v10 RF alr,5.360623840859472,4.672994775918391,5.991262307861544,4.345857695143247,3.7388654553426703,4.921288499383187,115
cpx,cpx_liq,P_kbar,P,20<=P<40,20.0,40.0,115,v10,RF/pwlr,v10 RF pwlr,5.307063458732443,4.557124560345667,6.079065577096336,4.228062679093672,3.6513475799233093,4.820319393406132,115
cpx,cpx_liq,T_C,P,20<=P<40,20.0,40.0,115,v10,ERT/raw,v10 ERT raw,75.99026697016458,61.852999139277394,89.10428324708866,53.397765563241165,44.57150215456197,63.55161033541949,115
cpx,cpx_liq,T_C,P,20<=P<40,20.0,40.0,115,v10,ERT/alr,v10 ERT alr,77.58018264275648,65.38886591915451,89.0183544509646,58.20616711956521,49.253798414855055,67.17128297101459,115
cpx,cpx_liq,T_C,P,20<=P<40,20.0,40.0,115,v10,ERT/pwlr,v10 ERT pwlr,75.73646249174914,64.8918029962241,85.90141397239076,56.231021149522064,47.21182465724467,65.23885378508896,115
cpx,cpx_liq,P_kbar,P,20<=P<40,20.0,40.0,115,v10,ERT/raw,v10 ERT raw,5.122240001015335,4.500445547732635,5.734363290690381,4.1552575317527864,3.625495684181562,4.686780096231532,115
cpx,cpx_liq,P_kbar,P,20<=P<40,20.0,40.0,115,v10,ERT/alr,v10 ERT alr,5.540069803223705,4.693949519973747,6.3563442052986305,4.289409358859822,3.6548877014464325,4.936860671649348,115
cpx,cpx_liq,P_kbar,P,20<=P<40,20.0,40.0,115,v10,ERT/pwlr,v10 ERT pwlr,5.079113644885145,4.346211476297298,5.775134344382619,3.9794175044827127,3.4128888120013263,4.554540001579623,115
cpx,cpx_liq,T_C,P,20<=P<40,20.0,40.0,115,v10,XGB/raw,v10 XGB raw,80.73343543539676,65.65134124948489,94.34586736249064,60.00024095618207,50.27441500456437,70.01966694707455,115
cpx,cpx_liq,T_C,P,20<=P<40,20.0,40.0,115,v10,XGB/alr,v10 XGB alr,75.13389709568641,64.89422702932255,85.581412184875,58.03577297044837,50.025454592497454,66.58305745000425,115
cpx,cpx_liq,T_C,P,20<=P<40,20.0,40.0,115,v10,XGB/pwlr,v10 XGB pwlr,76.33938215302506,63.95443827810047,88.71649662970887,56.18394510020381,46.743753237516984,66.26648083230724,115
cpx,cpx_liq,P_kbar,P,20<=P<40,20.0,40.0,115,v10,XGB/raw,v10 XGB raw,4.847653547334028,4.177704189267486,5.520565781020826,3.7201230588166667,3.1927130991479657,4.302373566420177,115
cpx,cpx_liq,P_kbar,P,20<=P<40,20.0,40.0,115,v10,XGB/alr,v10 XGB alr,5.126264386101536,4.409162986177511,5.742720250076908,4.0893876697706135,3.5209456290369494,4.63826618712882,115
cpx,cpx_liq,P_kbar,P,20<=P<40,20.0,40.0,115,v10,XGB/pwlr,v10 XGB pwlr,5.973214283341578,5.126692776495472,6.804729608167269,4.5246145704518135,3.743777023191044,5.266675195382971,115
cpx,cpx_liq,T_C,P,20<=P<40,20.0,40.0,115,v10,GB/raw,v10 GB raw,80.6623742123753,69.72469648888885,90.9609854655671,65.97219262964833,57.372032509167546,74.26180963616979,115
cpx,cpx_liq,T_C,P,20<=P<40,20.0,40.0,115,v10,GB/alr,v10 GB alr,74.95177428258103,64.15808106670949,86.49204997166257,57.1062050512453,48.86443943787247,66.07462334380452,115
cpx,cpx_liq,T_C,P,20<=P<40,20.0,40.0,115,v10,GB/pwlr,v10 GB pwlr,76.90423883179176,66.85535311364747,87.11028530383764,62.05645459611254,53.90956773148267,70.54006983134325,115
cpx,cpx_liq,P_kbar,P,20<=P<40,20.0,40.0,115,v10,GB/raw,v10 GB raw,6.2763425131846375,5.567918207179307,7.018774715125376,4.964667567184096,4.282974294491988,5.620931561606288,115
cpx,cpx_liq,P_kbar,P,20<=P<40,20.0,40.0,115,v10,GB/alr,v10 GB alr,6.334989041559071,5.177923349406168,7.45792191354174,4.5653457465317695,3.7715089622947353,5.413682187101504,115
cpx,cpx_liq,P_kbar,P,20<=P<40,20.0,40.0,115,v10,GB/pwlr,v10 GB pwlr,5.7423319292253305,4.810420728034171,6.653058613477828,4.014477387324894,3.273287001340621,4.794264165047403,115
cpx,cpx_liq,T_C,P,20<=P<40,20.0,40.0,115,v10,CatBoost/raw,v10 CatBoost raw,89.04178548188604,72.76090742215646,103.68369351503236,66.63581060578271,55.31883113228047,77.88262128318007,115
cpx,cpx_liq,T_C,P,20<=P<40,20.0,40.0,115,v10,CatBoost/alr,v10 CatBoost alr,77.29320271981409,65.48849077739702,89.4703538719361,59.23680429488701,50.60958082648317,68.32280783820855,115
cpx,cpx_liq,T_C,P,20<=P<40,20.0,40.0,115,v10,CatBoost/pwlr,v10 CatBoost pwlr,74.39752011063317,62.77620025286855,85.40438596265905,55.90812960427685,47.20196192497783,64.63023010360858,115
cpx,cpx_liq,P_kbar,P,20<=P<40,20.0,40.0,115,v10,CatBoost/raw,v10 CatBoost raw,4.764742486034111,4.048426089707501,5.361000697912509,3.659819428566548,3.1356323761004066,4.163713356064563,115
cpx,cpx_liq,P_kbar,P,20<=P<40,20.0,40.0,115,v10,CatBoost/alr,v10 CatBoost alr,5.5084567351728815,4.6815569043302805,6.26492612026301,4.182126191117909,3.52784956270899,4.808552896077076,115
cpx,cpx_liq,P_kbar,P,20<=P<40,20.0,40.0,115,v10,CatBoost/pwlr,v10 CatBoost pwlr,5.932289319529867,5.130012179640555,6.671375599342733,4.545390971515102,3.8826318611866935,5.208024504942716,115
cpx,cpx_liq,T_C,P,20<=P<40,20.0,40.0,115,v10,LightGBM/raw,v10 LightGBM raw,80.29806728710416,66.35424580202996,93.11826524669924,59.90356644953667,50.33589874543975,69.27840096478569,115
cpx,cpx_liq,T_C,P,20<=P<40,20.0,40.0,115,v10,LightGBM/alr,v10 LightGBM alr,78.99123231757457,67.11686944084501,90.72600879611909,58.611284402440084,49.209295627899344,68.0920735157579,115
cpx,cpx_liq,T_C,P,20<=P<40,20.0,40.0,115,v10,LightGBM/pwlr,v10 LightGBM pwlr,80.0356058361124,69.35340455011158,90.76439879078391,64.50354954383701,55.58848612390484,72.96742659911818,115
cpx,cpx_liq,P_kbar,P,20<=P<40,20.0,40.0,115,v10,LightGBM/raw,v10 LightGBM raw,5.814185601831434,4.964423093662375,6.56315493076335,4.505065117332043,3.8585325065197997,5.182002255486864,115
cpx,cpx_liq,P_kbar,P,20<=P<40,20.0,40.0,115,v10,LightGBM/alr,v10 LightGBM alr,5.472483346681071,4.747528157188167,6.130341849094518,4.519407321979065,3.9054867456278033,5.095189889452047,115
cpx,cpx_liq,P_kbar,P,20<=P<40,20.0,40.0,115,v10,LightGBM/pwlr,v10 LightGBM pwlr,5.062526257028874,4.312602091516553,5.820617516732053,3.844950163136221,3.2733489346955222,4.44586011460773,115
cpx,cpx_liq,T_C,P,20<=P<40,20.0,40.0,115,v10,ElasticNet/raw,v10 ElasticNet raw,115.3005049312889,92.42552736616773,136.22632675854985,87.78069737747963,74.73383145719785,101.61032793327641,115
cpx,cpx_liq,T_C,P,20<=P<40,20.0,40.0,115,v10,ElasticNet/alr,v10 ElasticNet alr,112.04819282816226,97.81227919886273,125.81382343478332,95.14393395914558,84.56409582107918,106.15591293850241,115
cpx,cpx_liq,T_C,P,20<=P<40,20.0,40.0,115,v10,ElasticNet/pwlr,v10 ElasticNet pwlr,111.20338109430219,91.42960838585127,130.81347683061955,92.0138004995544,80.99662650119043,103.88221665748281,115
cpx,cpx_liq,P_kbar,P,20<=P<40,20.0,40.0,115,v10,ElasticNet/raw,v10 ElasticNet raw,8.765678134891575,6.5141354724565375,11.177114605353893,5.511165427716745,4.493290871683664,6.866263296601136,115
cpx,cpx_liq,P_kbar,P,20<=P<40,20.0,40.0,115,v10,ElasticNet/alr,v10 ElasticNet alr,6.340847418074215,5.187913371246029,7.5118375060776525,4.653295211459852,3.9085355205286594,5.4501102671232715,115
cpx,cpx_liq,P_kbar,P,20<=P<40,20.0,40.0,115,v10,ElasticNet/pwlr,v10 ElasticNet pwlr,6.436125647626341,5.1221810070632285,7.646812120705238,4.709528863216582,3.9237407681825824,5.558321448840726,115
cpx,cpx_liq,T_C,P,20<=P<40,20.0,40.0,115,v10,MLP/raw,v10 MLP raw,78.64500228277569,64.59340235364411,92.72520908160747,55.76225645475353,46.60159153450764,66.19601270680073,115
cpx,cpx_liq,T_C,P,20<=P<40,20.0,40.0,115,v10,MLP/alr,v10 MLP alr,64.54999091903109,53.38204784529429,75.07300466071344,48.29875166101087,39.88647763462454,56.112136081860704,115
cpx,cpx_liq,T_C,P,20<=P<40,20.0,40.0,115,v10,MLP/pwlr,v10 MLP pwlr,75.73808250552895,60.49805930636851,90.12088305972429,55.81922049193445,47.010761925155464,65.50643077157028,113
cpx,cpx_liq,P_kbar,P,20<=P<40,20.0,40.0,115,v10,MLP/raw,v10 MLP raw,5.626959383760935,4.89527458296891,6.395935457616886,4.400293907579613,3.7410650163933368,5.042596896690455,115
cpx,cpx_liq,P_kbar,P,20<=P<40,20.0,40.0,115,v10,MLP/alr,v10 MLP alr,5.273002517911484,4.579411492386452,5.9325616494954385,4.060747413609827,3.442868763722814,4.667768140814573,113
cpx,cpx_liq,P_kbar,P,20<=P<40,20.0,40.0,115,v10,MLP/pwlr,v10 MLP pwlr,4.477393051915689,3.753446385504322,5.248332653763484,3.2831378942920795,2.764356546113335,3.8575925600302927,115
cpx,cpx_liq,T_C,P,20<=P<40,20.0,40.0,115,Putirka,Putirka 33,Putirka 33,78.25224129264578,61.36772438368633,94.16417027418382,58.13552614998062,48.12789745562806,68.29731442438951,108
cpx,cpx_liq,T_C,P,20<=P<40,20.0,40.0,115,Putirka,Putirka 34,Putirka 34,87.86891749295734,66.54935840945579,107.72777195595313,62.93251903060794,52.01252015400228,74.91422070535903,115
cpx,cpx_liq,P_kbar,P,20<=P<40,20.0,40.0,115,Putirka,Putirka 30,Putirka 30,6.090011693371054,5.2328544687287835,6.952450469934823,4.637415615211234,3.9276566518700786,5.402546921005006,109
cpx,cpx_liq,P_kbar,P,20<=P<40,20.0,40.0,115,Putirka,Putirka 31,Putirka 31,6.060740182556889,4.829408043685233,7.191259486722678,4.3316510570186155,3.611824229239834,5.101486132139428,109
cpx,cpx_liq,T_C,P,20<=P<40,20.0,40.0,115,Agreda,Agreda 2024,Agreda 2024,45.27873639839332,38.3144428217181,51.88991596401461,33.24396991574246,27.82971377140802,38.83013586931902,115
cpx,cpx_liq,P_kbar,P,20<=P<40,20.0,40.0,115,Agreda,Agreda 2024,Agreda 2024,4.996241112784183,3.635414083622859,6.438269618601238,3.3147681768983386,2.7055121156824016,4.066722750800203,115
cpx,cpx_liq,T_C,P,P>=40,40.0,1000.0,15,v10,RF/raw,v10 RF raw,343.89035768866154,182.028971928826,467.4132267145125,239.98779633327655,116.04483745816691,366.94009435758767,15
cpx,cpx_liq,T_C,P,P>=40,40.0,1000.0,15,v10,RF/alr,v10 RF alr,346.92127089194014,188.68997308594817,470.61559174256536,262.3429657840368,147.6985022248676,382.48015118183,15
cpx,cpx_liq,T_C,P,P>=40,40.0,1000.0,15,v10,RF/pwlr,v10 RF pwlr,343.99204017263185,189.03067889327625,459.26557195707653,250.5337670670932,131.87360204818535,367.59445958961555,15
cpx,cpx_liq,P_kbar,P,P>=40,40.0,1000.0,15,v10,RF/raw,v10 RF raw,38.846499838365396,19.51499474200428,56.37378514557549,24.752904645011288,12.287827240882923,40.64164482741131,15
cpx,cpx_liq,P_kbar,P,P>=40,40.0,1000.0,15,v10,RF/alr,v10 RF alr,35.79735921842175,17.91269073365964,52.536415945304086,21.342328296530702,9.110432558863371,36.933944912878395,15
cpx,cpx_liq,P_kbar,P,P>=40,40.0,1000.0,15,v10,RF/pwlr,v10 RF pwlr,35.4637450240443,16.493953762627598,52.40688764718333,21.044250195309058,8.780236913799547,36.17263442582789,15
cpx,cpx_liq,T_C,P,P>=40,40.0,1000.0,15,v10,ERT/raw,v10 ERT raw,341.8954410174431,173.2207096441558,467.82795528718987,233.851484848716,108.48636655097596,364.8956975861155,15
cpx,cpx_liq,T_C,P,P>=40,40.0,1000.0,15,v10,ERT/alr,v10 ERT alr,306.94022902652114,175.09268664149138,420.1542288278449,226.5228902336859,118.34179535328461,336.06238227899007,15
cpx,cpx_liq,T_C,P,P>=40,40.0,1000.0,15,v10,ERT/pwlr,v10 ERT pwlr,313.5140766498787,176.35755404136304,420.7723137168767,226.91135948081993,117.20818588912422,337.3599236383288,15
cpx,cpx_liq,P_kbar,P,P>=40,40.0,1000.0,15,v10,ERT/raw,v10 ERT raw,37.73751430963518,16.59015106474206,55.75483346583823,21.440829707249502,7.76948615197806,38.20551936061507,15
cpx,cpx_liq,P_kbar,P,P>=40,40.0,1000.0,15,v10,ERT/alr,v10 ERT alr,39.35878574388336,17.68494964098576,57.75685950927663,23.853289332059987,10.579116012304778,41.153280823709984,15
cpx,cpx_liq,P_kbar,P,P>=40,40.0,1000.0,15,v10,ERT/pwlr,v10 ERT pwlr,38.43515528283656,17.306813651934785,56.25693790079476,23.101413106980782,9.523368120456823,39.6681448183592,15
cpx,cpx_liq,T_C,P,P>=40,40.0,1000.0,15,v10,XGB/raw,v10 XGB raw,317.6908687093648,187.42182981294974,420.2109960507134,239.79054361979166,133.01668212890624,344.663589477539,15
cpx,cpx_liq,T_C,P,P>=40,40.0,1000.0,15,v10,XGB/alr,v10 XGB alr,304.34118507731796,168.46763137254305,412.5453309123203,214.13931477864583,107.97423970540365,323.25249084472654,15
cpx,cpx_liq,T_C,P,P>=40,40.0,1000.0,15,v10,XGB/pwlr,v10 XGB pwlr,312.17975979628045,184.66347653017928,418.27792541421894,239.95029296875,142.22634053548177,337.2340059407551,15
cpx,cpx_liq,P_kbar,P,P>=40,40.0,1000.0,15,v10,XGB/raw,v10 XGB raw,38.91067926643914,18.332502429298867,55.646672564625405,23.30443483988444,9.72937747001648,40.01092226664224,15
cpx,cpx_liq,P_kbar,P,P>=40,40.0,1000.0,15,v10,XGB/alr,v10 XGB alr,36.82894423244817,16.318996729317284,55.70076516368855,20.531129455566408,8.35496644337972,37.01698733011881,15
cpx,cpx_liq,P_kbar,P,P>=40,40.0,1000.0,15,v10,XGB/pwlr,v10 XGB pwlr,34.15637028028629,14.257523150851776,52.869683043479974,21.05917739868164,10.440624027252198,35.94889360427856,15
cpx,cpx_liq,T_C,P,P>=40,40.0,1000.0,15,v10,GB/raw,v10 GB raw,321.3723942367181,182.05666870237715,434.8489914323558,238.47260423317476,134.91761919268131,352.0830639429263,15
cpx,cpx_liq,T_C,P,P>=40,40.0,1000.0,15,v10,GB/alr,v10 GB alr,322.931817339129,170.83734034753334,441.1346303262817,223.58321030971467,105.49991776667832,344.2929546785552,15
cpx,cpx_liq,T_C,P,P>=40,40.0,1000.0,15,v10,GB/pwlr,v10 GB pwlr,295.7867058501492,187.964108593097,388.51290120900615,229.94611166336574,142.51051578917287,317.0258176073348,15
cpx,cpx_liq,P_kbar,P,P>=40,40.0,1000.0,15,v10,GB/raw,v10 GB raw,35.04359125780937,15.714357809483602,51.27870528683746,19.357669103739273,7.0848062449714755,34.77389808348931,15
cpx,cpx_liq,P_kbar,P,P>=40,40.0,1000.0,15,v10,GB/alr,v10 GB alr,31.942734324133102,16.36614503269106,45.9693153054539,19.595915797543064,9.175986218393787,33.14331371416034,15
cpx,cpx_liq,P_kbar,P,P>=40,40.0,1000.0,15,v10,GB/pwlr,v10 GB pwlr,34.090097112555675,15.012820552860445,52.11499053940525,21.920393361606624,11.877241180256402,35.99356450939294,15
cpx,cpx_liq,T_C,P,P>=40,40.0,1000.0,15,v10,CatBoost/raw,v10 CatBoost raw,286.09411617182366,158.39372124485266,387.82384723881603,203.70767679467187,103.69700310599283,305.27947456641573,15
cpx,cpx_liq,T_C,P,P>=40,40.0,1000.0,15,v10,CatBoost/alr,v10 CatBoost alr,299.15039267930183,150.9034337395005,410.8439456400279,212.68950704399714,110.23639208619262,320.998420044454,15
cpx,cpx_liq,T_C,P,P>=40,40.0,1000.0,15,v10,CatBoost/pwlr,v10 CatBoost pwlr,279.04797299195155,146.3317067232394,382.9362362898663,192.9520539625173,96.010841968499,292.91191557291233,15
cpx,cpx_liq,P_kbar,P,P>=40,40.0,1000.0,15,v10,CatBoost/raw,v10 CatBoost raw,40.386884098390986,20.475389784807614,56.913094634424546,27.031689082069885,14.03671424258577,43.243591350284696,15
cpx,cpx_liq,P_kbar,P,P>=40,40.0,1000.0,15,v10,CatBoost/alr,v10 CatBoost alr,36.425407756428854,13.681513429947888,56.01612509731143,20.23883245171042,7.733753785469546,36.55565127886836,15
cpx,cpx_liq,P_kbar,P,P>=40,40.0,1000.0,15,v10,CatBoost/pwlr,v10 CatBoost pwlr,37.6094047443366,17.726436072369133,55.473508124325384,24.106538181187368,12.336244099395334,39.77118386813077,15
cpx,cpx_liq,T_C,P,P>=40,40.0,1000.0,15,v10,LightGBM/raw,v10 LightGBM raw,330.48833347809904,190.5230241386147,444.6743704298881,247.13766106276415,140.45264467000317,358.331085985609,15
cpx,cpx_liq,T_C,P,P>=40,40.0,1000.0,15,v10,LightGBM/alr,v10 LightGBM alr,324.59591001816386,188.17890110182816,443.56577034730657,237.68363430200588,126.73919881073927,346.49634345005234,15
cpx,cpx_liq,T_C,P,P>=40,40.0,1000.0,15,v10,LightGBM/pwlr,v10 LightGBM pwlr,309.6833787396737,172.60018702285515,417.65649971984675,227.2845773810624,123.81170272987077,332.31954285154416,15
cpx,cpx_liq,P_kbar,P,P>=40,40.0,1000.0,15,v10,LightGBM/raw,v10 LightGBM raw,37.2186781286627,18.37639938765109,54.22851922121355,22.81915813066816,10.524870241518778,38.40204253573368,15
cpx,cpx_liq,P_kbar,P,P>=40,40.0,1000.0,15,v10,LightGBM/alr,v10 LightGBM alr,35.63237946722363,16.31143389947246,53.41734876942655,20.431557890387023,8.345123401333854,35.808522214281,15
cpx,cpx_liq,P_kbar,P,P>=40,40.0,1000.0,15,v10,LightGBM/pwlr,v10 LightGBM pwlr,32.750312585620115,14.550806711731832,48.45565640101957,17.6830597153025,5.44006580881214,31.82501637325479,15
cpx,cpx_liq,T_C,P,P>=40,40.0,1000.0,15,v10,ElasticNet/raw,v10 ElasticNet raw,351.1864341720494,173.18961363568656,480.5349201178392,254.28744255903558,139.28789861626512,375.8472639183446,15
cpx,cpx_liq,T_C,P,P>=40,40.0,1000.0,15,v10,ElasticNet/alr,v10 ElasticNet alr,345.6728733446432,233.16040923649584,448.22079873130934,277.5260857627956,182.9954867677167,382.5704294176135,15
cpx,cpx_liq,T_C,P,P>=40,40.0,1000.0,15,v10,ElasticNet/pwlr,v10 ElasticNet pwlr,370.44771504735917,264.67951806065884,473.8235829574837,308.01532658686153,207.38048951802827,413.71798616674823,15
cpx,cpx_liq,P_kbar,P,P>=40,40.0,1000.0,15,v10,ElasticNet/raw,v10 ElasticNet raw,45.72800673196385,30.886700127262543,61.44727197722973,36.70709143280213,25.03138353435825,51.24071899230427,15
cpx,cpx_liq,P_kbar,P,P>=40,40.0,1000.0,15,v10,ElasticNet/alr,v10 ElasticNet alr,35.611613328299455,18.360376340822032,52.13196585731297,24.616986806038383,13.993434096537921,38.17402133759084,15
cpx,cpx_liq,P_kbar,P,P>=40,40.0,1000.0,15,v10,ElasticNet/pwlr,v10 ElasticNet pwlr,36.14791823233441,19.10137928765381,52.867671325650974,25.561359680617215,14.903007047506147,39.26774056106906,15
cpx,cpx_liq,T_C,P,P>=40,40.0,1000.0,15,v10,MLP/raw,v10 MLP raw,286.77260793094064,154.67612800356943,391.96967827786926,200.82608681632166,102.5135582858401,304.2389452142227,15
cpx,cpx_liq,T_C,P,P>=40,40.0,1000.0,15,v10,MLP/alr,v10 MLP alr,292.7633657424952,169.09151184244692,397.8852853076295,223.07054875759587,138.26989025567667,320.1171987221464,15
cpx,cpx_liq,T_C,P,P>=40,40.0,1000.0,15,v10,MLP/pwlr,v10 MLP pwlr,288.4138960615611,136.29084866758762,422.71937128540753,212.9320619114978,98.09452244232524,348.6240728463971,9
cpx,cpx_liq,P_kbar,P,P>=40,40.0,1000.0,15,v10,MLP/raw,v10 MLP raw,36.754332938697104,15.48575882760514,56.335819359275646,22.390285506421545,10.132202867584668,38.97358842548985,15
cpx,cpx_liq,P_kbar,P,P>=40,40.0,1000.0,15,v10,MLP/alr,v10 MLP alr,39.082724465438275,13.381685175916878,62.59530622621786,24.19363444034626,9.712419782328249,44.46350580174541,11
cpx,cpx_liq,P_kbar,P,P>=40,40.0,1000.0,15,v10,MLP/pwlr,v10 MLP pwlr,32.582843031946716,10.517945429791704,52.81333250594846,18.64595538361119,7.83044130662005,34.03902283864059,14
cpx,cpx_liq,T_C,P,P>=40,40.0,1000.0,15,Putirka,Putirka 33,Putirka 33,96.31682345980724,66.12806886656958,129.84174834096268,91.24041768052723,65.62285521378476,128.3160771386324,4
cpx,cpx_liq,T_C,P,P>=40,40.0,1000.0,15,Putirka,Putirka 34,Putirka 34,340.4047538232599,243.8277849608406,426.2272092292302,288.2541289341697,192.43298801054794,380.58501687082276,13
cpx,cpx_liq,P_kbar,P,P>=40,40.0,1000.0,15,Putirka,Putirka 30,Putirka 30,22.488703131935182,11.390767869195267,31.166363472327827,18.904443582786534,10.622913346038754,28.638285760072556,7
cpx,cpx_liq,P_kbar,P,P>=40,40.0,1000.0,15,Putirka,Putirka 31,Putirka 31,44.12359893045643,24.060409967115255,59.79761740465432,33.365510488320616,17.804289979984688,49.82472977642015,11
cpx,cpx_liq,T_C,P,P>=40,40.0,1000.0,15,Agreda,Agreda 2024,Agreda 2024,467.1923729877597,264.93775229991996,611.8192099205445,343.32224507331847,188.37928263028462,489.48084065755205,15
cpx,cpx_liq,P_kbar,P,P>=40,40.0,1000.0,15,Agreda,Agreda 2024,Agreda 2024,56.35364750513998,36.92315786906844,74.92269793389947,46.339309652646385,32.010277668237684,62.729024780889354,15
cpx,cpx_liq,T_C,P,P<20 (Agreda range),0.0,20.0,524,v10,RF/raw,v10 RF raw,52.78330452435122,47.7512378293875,58.6903878075205,37.67913999435661,34.68743939830047,40.81375940470484,524
cpx,cpx_liq,T_C,P,P<20 (Agreda range),0.0,20.0,524,v10,RF/alr,v10 RF alr,54.498168267088275,49.01500314953384,60.73228471888833,38.59235361519779,35.64935343001296,42.01028371117731,524
cpx,cpx_liq,T_C,P,P<20 (Agreda range),0.0,20.0,524,v10,RF/pwlr,v10 RF pwlr,48.455513445294095,42.61266239077561,55.05378684759223,33.548931637627156,30.724056545319915,36.68973283423588,524
cpx,cpx_liq,P_kbar,P,P<20 (Agreda range),0.0,20.0,524,v10,RF/raw,v10 RF raw,4.514742284132836,4.091930907322488,4.9586901274016375,3.1866635703302943,2.9288113975631047,3.462068444951362,524
cpx,cpx_liq,P_kbar,P,P<20 (Agreda range),0.0,20.0,524,v10,RF/alr,v10 RF alr,4.788461494876973,4.048587413691268,5.533782933823228,3.075940541343529,2.7941449244841756,3.3734855833569046,524
cpx,cpx_liq,P_kbar,P,P<20 (Agreda range),0.0,20.0,524,v10,RF/pwlr,v10 RF pwlr,4.386097710284865,3.739677314182566,5.060175179876098,2.930372802125572,2.6755599593604993,3.197636822983646,524
cpx,cpx_liq,T_C,P,P<20 (Agreda range),0.0,20.0,524,v10,ERT/raw,v10 ERT raw,51.49789313469501,46.359788678235496,57.459634486744115,36.703771933736526,33.846034059155144,39.731426719824924,524
cpx,cpx_liq,T_C,P,P<20 (Agreda range),0.0,20.0,524,v10,ERT/alr,v10 ERT alr,57.20766696234756,51.85004158761547,63.05601573935404,41.37445030557232,38.32934567984646,44.851561726908756,524
cpx,cpx_liq,T_C,P,P<20 (Agreda range),0.0,20.0,524,v10,ERT/pwlr,v10 ERT pwlr,49.884082800227574,44.3314792806388,55.879330246192566,35.13325043256405,32.12663858555007,38.134182774441605,524
cpx,cpx_liq,P_kbar,P,P<20 (Agreda range),0.0,20.0,524,v10,ERT/raw,v10 ERT raw,4.4901002080734385,4.10038133363272,4.908015540705041,3.1600315655369124,2.894666006546501,3.4361160703841804,524
cpx,cpx_liq,P_kbar,P,P<20 (Agreda range),0.0,20.0,524,v10,ERT/alr,v10 ERT alr,4.731941317832788,4.275141911683265,5.199975889048077,3.3862862880889497,3.104804313695511,3.6522789939120703,524
cpx,cpx_liq,P_kbar,P,P<20 (Agreda range),0.0,20.0,524,v10,ERT/pwlr,v10 ERT pwlr,4.542406269144102,4.0971537501718025,5.019237160360823,3.271762692086054,3.0178998623537776,3.5302194823014705,524
cpx,cpx_liq,T_C,P,P<20 (Agreda range),0.0,20.0,524,v10,XGB/raw,v10 XGB raw,51.98932326647904,46.41183500963422,58.28918708652222,37.311354891944475,34.37862853712708,40.722523335464125,524
cpx,cpx_liq,T_C,P,P<20 (Agreda range),0.0,20.0,524,v10,XGB/alr,v10 XGB alr,57.44754075224982,50.685248711513466,65.4924432696448,39.34416082251163,36.02339915501253,43.18555417242851,524
cpx,cpx_liq,T_C,P,P<20 (Agreda range),0.0,20.0,524,v10,XGB/pwlr,v10 XGB pwlr,51.76268465100327,46.13159985446631,58.47510795033053,37.53562368145426,34.53490384225627,40.643184347371104,524
cpx,cpx_liq,P_kbar,P,P<20 (Agreda range),0.0,20.0,524,v10,XGB/raw,v10 XGB raw,4.787212609840804,4.207844516077494,5.353367521043805,3.09754720679003,2.7911982010297822,3.4210867188655922,524
cpx,cpx_liq,P_kbar,P,P<20 (Agreda range),0.0,20.0,524,v10,XGB/alr,v10 XGB alr,4.733490488575758,3.9260039220731016,5.590603020222427,2.9103459713705333,2.6242231256893276,3.2225971392567474,524
cpx,cpx_liq,P_kbar,P,P<20 (Agreda range),0.0,20.0,524,v10,XGB/pwlr,v10 XGB pwlr,4.302959106024265,3.8220705149619687,4.901183619254794,2.830983601107285,2.583278989389217,3.0958765968674427,524
cpx,cpx_liq,T_C,P,P<20 (Agreda range),0.0,20.0,524,v10,GB/raw,v10 GB raw,52.19760414398116,47.04697757006501,57.845902655982144,38.48803426392374,35.41484334184189,41.81079264844998,524
cpx,cpx_liq,T_C,P,P<20 (Agreda range),0.0,20.0,524,v10,GB/alr,v10 GB alr,53.94926551447536,47.82481792968542,60.575437236666716,37.67082901316295,34.40747233994714,40.923043070645825,524
cpx,cpx_liq,T_C,P,P<20 (Agreda range),0.0,20.0,524,v10,GB/pwlr,v10 GB pwlr,57.82091656141438,52.006829106139506,64.62110895011251,41.6595335705442,38.47158131355939,45.36330920001547,524
cpx,cpx_liq,P_kbar,P,P<20 (Agreda range),0.0,20.0,524,v10,GB/raw,v10 GB raw,4.687158184558319,4.160529516173375,5.244381184899637,3.1373286420891344,2.8482446382442275,3.4343065676312214,524
cpx,cpx_liq,P_kbar,P,P<20 (Agreda range),0.0,20.0,524,v10,GB/alr,v10 GB alr,5.273930504859382,4.133134443737335,6.388932568081386,2.994397751361218,2.648404246424552,3.3662722393342355,524
cpx,cpx_liq,P_kbar,P,P<20 (Agreda range),0.0,20.0,524,v10,GB/pwlr,v10 GB pwlr,4.641685057226171,4.086256032179503,5.222430210735996,3.1001624455954113,2.818947126425256,3.4055399116521072,523
cpx,cpx_liq,T_C,P,P<20 (Agreda range),0.0,20.0,524,v10,CatBoost/raw,v10 CatBoost raw,56.0525954899088,50.35281746215553,62.56732378433326,39.86899890291192,36.50864218032802,43.59639113506968,524
cpx,cpx_liq,T_C,P,P<20 (Agreda range),0.0,20.0,524,v10,CatBoost/alr,v10 CatBoost alr,59.21713993178884,52.8868223962068,66.13746459152122,42.43471608885089,38.96227981109831,46.20811202378953,524
cpx,cpx_liq,T_C,P,P<20 (Agreda range),0.0,20.0,524,v10,CatBoost/pwlr,v10 CatBoost pwlr,54.308701473624154,48.20042303814467,60.704983129593856,38.20231291816102,34.765526499915346,41.531548681370715,524
cpx,cpx_liq,P_kbar,P,P<20 (Agreda range),0.0,20.0,524,v10,CatBoost/raw,v10 CatBoost raw,4.9314819625593715,4.457178290027477,5.373541684191931,3.424206291179651,3.0913779606067977,3.7394752884964406,524
cpx,cpx_liq,P_kbar,P,P<20 (Agreda range),0.0,20.0,524,v10,CatBoost/alr,v10 CatBoost alr,4.536667584657551,4.0922673015063395,4.97364902425527,3.187443736528262,2.930038391630624,3.4678032896609245,524
cpx,cpx_liq,P_kbar,P,P<20 (Agreda range),0.0,20.0,524,v10,CatBoost/pwlr,v10 CatBoost pwlr,4.37870539809004,3.948820279024427,4.817722695348644,2.987286244573137,2.721514841367265,3.253467195817526,523
cpx,cpx_liq,T_C,P,P<20 (Agreda range),0.0,20.0,524,v10,LightGBM/raw,v10 LightGBM raw,53.35497949983708,48.20676400971975,59.0556547388893,39.51595788783372,36.29139544489874,42.587497521012665,524
cpx,cpx_liq,T_C,P,P<20 (Agreda range),0.0,20.0,524,v10,LightGBM/alr,v10 LightGBM alr,57.32564523916143,51.241272971150345,64.20210926081184,41.13257250393047,37.71453134628939,44.81838404701852,524
cpx,cpx_liq,T_C,P,P<20 (Agreda range),0.0,20.0,524,v10,LightGBM/pwlr,v10 LightGBM pwlr,52.12247077143958,45.98798860313665,58.781354683766885,36.30198504998392,33.12429938846023,39.93114156646482,524
cpx,cpx_liq,P_kbar,P,P<20 (Agreda range),0.0,20.0,524,v10,LightGBM/raw,v10 LightGBM raw,4.705852881667267,4.152275017324054,5.236463105928222,3.1258159683843214,2.8337925135912236,3.4253395000921145,524
cpx,cpx_liq,P_kbar,P,P<20 (Agreda range),0.0,20.0,524,v10,LightGBM/alr,v10 LightGBM alr,4.8985228658227875,4.119604711203331,5.632151714545199,3.0362869589554458,2.737674343706694,3.3367492320845566,524
cpx,cpx_liq,P_kbar,P,P<20 (Agreda range),0.0,20.0,524,v10,LightGBM/pwlr,v10 LightGBM pwlr,4.123637303604739,3.678688782765957,4.558803896646996,2.7822431476064615,2.550005747333334,3.036288029710491,524
cpx,cpx_liq,T_C,P,P<20 (Agreda range),0.0,20.0,524,v10,ElasticNet/raw,v10 ElasticNet raw,67.65884333246711,60.390338911961145,74.8536099631058,49.38778456586148,44.86716628052212,53.47282631462437,524
cpx,cpx_liq,T_C,P,P<20 (Agreda range),0.0,20.0,524,v10,ElasticNet/alr,v10 ElasticNet alr,62.119083552717164,57.2731974176418,67.0255136683352,47.15710740585231,43.847184167532255,50.53468077926153,524
cpx,cpx_liq,T_C,P,P<20 (Agreda range),0.0,20.0,524,v10,ElasticNet/pwlr,v10 ElasticNet pwlr,62.38496096601668,57.47351232274558,67.22556004985427,47.983159089240175,44.631753361392235,51.258135676684596,524
cpx,cpx_liq,P_kbar,P,P<20 (Agreda range),0.0,20.0,524,v10,ElasticNet/raw,v10 ElasticNet raw,5.380906117587633,4.9349457500242515,5.847502523714807,4.097131974962803,3.775789289400287,4.406745532457035,515
cpx,cpx_liq,P_kbar,P,P<20 (Agreda range),0.0,20.0,524,v10,ElasticNet/alr,v10 ElasticNet alr,4.955631947624342,4.670033185834297,5.217112495649155,4.091914686888552,3.826529600777479,4.334761539022429,491
cpx,cpx_liq,P_kbar,P,P<20 (Agreda range),0.0,20.0,524,v10,ElasticNet/pwlr,v10 ElasticNet pwlr,5.050385497162143,4.789519761509936,5.331927030005353,4.204069164386612,3.9647489235380133,4.46269965855239,498
cpx,cpx_liq,T_C,P,P<20 (Agreda range),0.0,20.0,524,v10,MLP/raw,v10 MLP raw,103.36882196326637,82.4756392537687,126.43995778359312,63.20141505841272,56.25589061290643,70.44906280456355,524
cpx,cpx_liq,T_C,P,P<20 (Agreda range),0.0,20.0,524,v10,MLP/alr,v10 MLP alr,91.59642226796107,69.7792045042094,117.0011666641329,56.92348370121894,51.567523913215254,62.7233932372707,524
cpx,cpx_liq,T_C,P,P<20 (Agreda range),0.0,20.0,524,v10,MLP/pwlr,v10 MLP pwlr,112.12038053251334,95.5879395871363,131.71016180380457,75.88862290632336,69.58322588038324,82.74869713066855,524
cpx,cpx_liq,P_kbar,P,P<20 (Agreda range),0.0,20.0,524,v10,MLP/raw,v10 MLP raw,4.788378437319679,4.395601894984897,5.223524406016691,3.3072391845953915,3.0277120451349284,3.61561407140254,520
cpx,cpx_liq,P_kbar,P,P<20 (Agreda range),0.0,20.0,524,v10,MLP/alr,v10 MLP alr,5.956683466984445,5.196828522690576,6.820853256652162,4.3405154686178875,3.967996153004049,4.672630534120886,509
cpx,cpx_liq,P_kbar,P,P<20 (Agreda range),0.0,20.0,524,v10,MLP/pwlr,v10 MLP pwlr,5.495787652570256,5.091850838404054,5.899095308215694,4.034950785040627,3.7222077961035667,4.350154148278789,524
cpx,cpx_liq,T_C,P,P<20 (Agreda range),0.0,20.0,524,Putirka,Putirka 33,Putirka 33,58.405306945705185,53.7292407790885,62.89340964259277,42.96436301747572,39.34187648885926,46.511168000726656,405
cpx,cpx_liq,T_C,P,P<20 (Agreda range),0.0,20.0,524,Putirka,Putirka 34,Putirka 34,52.19287377966492,47.51295716444991,57.05589951849192,35.5371877415473,32.275437813297096,38.975768441527954,524
cpx,cpx_liq,P_kbar,P,P<20 (Agreda range),0.0,20.0,524,Putirka,Putirka 30,Putirka 30,4.25426759499752,3.981220742918619,4.506066159345554,3.5084867204749766,3.241791230431401,3.756809835673634,343
cpx,cpx_liq,P_kbar,P,P<20 (Agreda range),0.0,20.0,524,Putirka,Putirka 31,Putirka 31,4.099894217688035,3.833921650050805,4.370643483959449,3.291385684735502,3.0471675212274154,3.5552441847718415,410
cpx,cpx_liq,T_C,P,P<20 (Agreda range),0.0,20.0,524,Agreda,Agreda 2024,Agreda 2024,37.56543289785632,32.02180259951478,44.077273231874074,23.879511197389082,21.487431104474112,26.388732541938317,524
cpx,cpx_liq,P_kbar,P,P<20 (Agreda range),0.0,20.0,524,Agreda,Agreda 2024,Agreda 2024,3.4479997650689658,3.0908850206654344,3.7693651578536205,2.036006375345216,1.8006646818751288,2.2632889390692807,524
cpx,cpx_liq,T_C,P,ALL,0.0,1000.0,654,v10,RF/raw,v10 RF raw,77.85368638432337,61.743531016166955,96.65478355141984,45.90788312937217,41.17813599843197,51.4046248649649,654
cpx,cpx_liq,T_C,P,ALL,0.0,1000.0,654,v10,RF/alr,v10 RF alr,78.92814350635837,62.60067556253463,97.55545612821078,47.37467219214658,42.702326554552265,52.79223391444205,654
cpx,cpx_liq,T_C,P,ALL,0.0,1000.0,654,v10,RF/pwlr,v10 RF pwlr,75.57012053165393,58.599817905014305,94.18463246465146,43.45878619433416,39.1871288529998,48.65973865699554,654
cpx,cpx_liq,P_kbar,P,ALL,0.0,1000.0,654,v10,RF/raw,v10 RF raw,7.5155844311841316,4.970984349579363,10.251862140878726,3.924997439477892,3.4948990383137817,4.481074978263819,654
cpx,cpx_liq,P_kbar,P,ALL,0.0,1000.0,654,v10,RF/alr,v10 RF alr,7.267436428728355,5.103526377672058,9.720346890419762,3.7181978639960898,3.281664461522755,4.231627292388467,654
cpx,cpx_liq,P_kbar,P,ALL,0.0,1000.0,654,v10,RF/pwlr,v10 RF pwlr,7.015138642977243,4.776691740230309,9.575022770993046,3.574015763515608,3.1524536617194094,4.094734681372911,654
cpx,cpx_liq,T_C,P,ALL,0.0,1000.0,654,v10,ERT/raw,v10 ERT raw,76.29736767007329,59.593567725507114,95.35571762894484,44.16099664492572,39.585865361649795,49.223788557663866,654
cpx,cpx_liq,T_C,P,ALL,0.0,1000.0,654,v10,ERT/alr,v10 ERT alr,76.42866694187045,63.62372412983883,91.69159694041103,48.580679713111905,44.189421704952146,53.48309945262313,654
cpx,cpx_liq,T_C,P,ALL,0.0,1000.0,654,v10,ERT/pwlr,v10 ERT pwlr,72.50372208958599,58.208600139855484,88.69817068151444,43.24168356432859,38.93514671061598,48.20516979963749,654
cpx,cpx_liq,P_kbar,P,ALL,0.0,1000.0,654,v10,ERT/raw,v10 ERT raw,7.309607658223723,4.833887774517609,10.15774211669933,3.754317434406201,3.350885422153581,4.298602008649097,654
cpx,cpx_liq,P_kbar,P,ALL,0.0,1000.0,654,v10,ERT/alr,v10 ERT alr,7.672517173768393,5.180674027854729,10.60005352118656,4.014519007963897,3.5763033237315063,4.586878207116213,654
cpx,cpx_liq,P_kbar,P,ALL,0.0,1000.0,654,v10,ERT/pwlr,v10 ERT pwlr,7.412852316135044,4.9146602271935995,10.23970749108091,3.8510059025585877,3.4170542333832348,4.386969589186785,654
cpx,cpx_liq,T_C,P,ALL,0.0,1000.0,654,v10,XGB/raw,v10 XGB raw,75.01053560108798,61.34979501583376,90.57514964722576,45.94500891075951,41.55677053702352,51.18668065668975,654
cpx,cpx_liq,T_C,P,ALL,0.0,1000.0,654,v10,XGB/alr,v10 XGB alr,75.90287722694084,62.23205254350745,91.02280043564699,46.63997535822224,42.38774782933226,51.47266131759783,654
cpx,cpx_liq,T_C,P,ALL,0.0,1000.0,654,v10,XGB/pwlr,v10 XGB pwlr,73.53067819510721,59.468171831036265,89.48350304563164,45.45730105525492,41.16537046053359,50.144143492439106,654
cpx,cpx_liq,P_kbar,P,ALL,0.0,1000.0,654,v10,XGB/raw,v10 XGB raw,7.564382687075723,5.0809643174789505,10.26709657080278,3.6704822793886227,3.2240140610801236,4.2284068211990755,654
cpx,cpx_liq,P_kbar,P,ALL,0.0,1000.0,654,v10,XGB/alr,v10 XGB alr,7.326829851367837,4.895727763692148,10.076554970891134,3.521816227607456,3.0756938849675146,4.047715308556957,654
cpx,cpx_liq,P_kbar,P,ALL,0.0,1000.0,654,v10,XGB/pwlr,v10 XGB pwlr,6.9186052165465535,4.7448909250134035,9.551400091127284,3.5468711675266062,3.116925799552451,4.026772738472179,654
cpx,cpx_liq,T_C,P,ALL,0.0,1000.0,654,v10,GB/raw,v10 GB raw,75.47126631357939,60.79981266217815,92.00093742109883,47.90767763028015,43.58421627994038,52.81784158682178,654
cpx,cpx_liq,T_C,P,ALL,0.0,1000.0,654,v10,GB/alr,v10 GB alr,75.57558883291043,60.95441425501686,92.94859539024095,45.35240999760904,41.145470166337766,50.14789820622408,654
cpx,cpx_liq,T_C,P,ALL,0.0,1000.0,654,v10,GB/pwlr,v10 GB pwlr,75.66579252945712,64.11211210178169,88.91778430868916,49.564647621511604,45.70012094674902,54.2166304067828,654
cpx,cpx_liq,P_kbar,P,ALL,0.0,1000.0,654,v10,GB/raw,v10 GB raw,7.259173965437224,5.049363168813346,9.651049010447453,3.830675864276707,3.397137466660972,4.351888834080452,654
cpx,cpx_liq,P_kbar,P,ALL,0.0,1000.0,654,v10,GB/alr,v10 GB alr,7.262548958803217,5.371763265559589,9.18517031819154,3.6514035466782535,3.2117521125055797,4.155635124661732,654
cpx,cpx_liq,P_kbar,P,ALL,0.0,1000.0,654,v10,GB/pwlr,v10 GB pwlr,7.053963366798961,5.061154606500074,9.472537132588336,3.6935003966506326,3.300102342759701,4.160723455750817,653
cpx,cpx_liq,T_C,P,ALL,0.0,1000.0,654,v10,CatBoost/raw,v10 CatBoost raw,76.08411541888674,64.06053952030548,89.63560093941578,48.3334691081207,43.705774664475385,53.241881034978576,654
cpx,cpx_liq,T_C,P,ALL,0.0,1000.0,654,v10,CatBoost/alr,v10 CatBoost alr,76.89399322371258,63.70446724925612,92.00427547572008,49.29413811946458,44.894168246254424,53.77107683436693,654
cpx,cpx_liq,T_C,P,ALL,0.0,1000.0,654,v10,CatBoost/pwlr,v10 CatBoost pwlr,71.57088937329678,59.34856430894059,85.83921407742562,44.86502703829659,40.98367461896209,49.31312502210893,654
cpx,cpx_liq,P_kbar,P,ALL,0.0,1000.0,654,v10,CatBoost/raw,v10 CatBoost raw,7.803076148465326,5.270773154906993,10.518705279343363,4.00709276314119,3.509214453579201,4.559977508755921,654
cpx,cpx_liq,P_kbar,P,ALL,0.0,1000.0,654,v10,CatBoost/alr,v10 CatBoost alr,7.228917443318905,4.773144780270267,10.11332247849968,3.753436569870069,3.348055380243861,4.279075116776462,654
cpx,cpx_liq,P_kbar,P,ALL,0.0,1000.0,654,v10,CatBoost/pwlr,v10 CatBoost pwlr,7.351553603110872,4.987510458112499,9.66833876703722,3.7468127723641618,3.2941672503733335,4.196486486133649,653
cpx,cpx_liq,T_C,P,ALL,0.0,1000.0,654,v10,LightGBM/raw,v10 LightGBM raw,76.94006309815414,62.203198838016505,93.91232328160285,47.862900597649926,43.408646456283236,53.20674011658915,654
cpx,cpx_liq,T_C,P,ALL,0.0,1000.0,654,v10,LightGBM/alr,v10 LightGBM alr,78.40124179444294,64.51453867765207,94.91098189472008,48.71409818481691,44.11051151023016,53.72050403321724,654
cpx,cpx_liq,T_C,P,ALL,0.0,1000.0,654,v10,LightGBM/pwlr,v10 LightGBM pwlr,74.18043798075021,60.36627009652765,89.7203063776156,45.64131043493694,41.41038126834477,50.46365196706129,654
cpx,cpx_liq,P_kbar,P,ALL,0.0,1000.0,654,v10,LightGBM/raw,v10 LightGBM raw,7.447061245735498,5.055564306301449,10.02686946392657,3.820026648144635,3.3596844161611115,4.362701478408282,654
cpx,cpx_liq,P_kbar,P,ALL,0.0,1000.0,654,v10,LightGBM/alr,v10 LightGBM alr,7.322066818244874,5.102612874679943,9.84345769839684,3.6960543988930445,3.2437411977974917,4.204896310810189,654
cpx,cpx_liq,P_kbar,P,ALL,0.0,1000.0,654,v10,LightGBM/pwlr,v10 LightGBM pwlr,6.536933057636693,4.399255205330501,8.898435249263336,3.3108724370580873,2.8938622806160326,3.7737167903403352,654
cpx,cpx_liq,T_C,P,ALL,0.0,1000.0,654,v10,ElasticNet/raw,v10 ElasticNet raw,93.99018437258833,77.98238831929683,111.36460736249923,60.838365365913006,55.53915461909943,66.46850621803647,654
cpx,cpx_liq,T_C,P,ALL,0.0,1000.0,654,v10,ElasticNet/alr,v10 ElasticNet alr,89.66595115175612,76.57163623500557,104.35685597400503,60.87885011071908,55.86491885697469,66.06234919281134,654
cpx,cpx_liq,T_C,P,ALL,0.0,1000.0,654,v10,ElasticNet/pwlr,v10 ElasticNet pwlr,91.8709006268369,78.082516763337,107.12794523885424,61.689590701855565,56.44623432095786,67.1167410909633,654
cpx,cpx_liq,P_kbar,P,ALL,0.0,1000.0,654,v10,ElasticNet/raw,v10 ElasticNet raw,9.243763000321081,7.182929123855775,11.765961136291082,5.107617616721397,4.572202570420527,5.6699588825717715,645
cpx,cpx_liq,P_kbar,P,ALL,0.0,1000.0,654,v10,ElasticNet/alr,v10 ElasticNet alr,7.5825732754360535,5.530116515918284,9.900812142572033,4.691648732158998,4.239087773470689,5.1901114992501585,621
cpx,cpx_liq,P_kbar,P,ALL,0.0,1000.0,654,v10,ElasticNet/pwlr,v10 ElasticNet pwlr,7.682595825395548,5.805628806562813,10.08055486547341,4.806755825388054,4.388387372006265,5.303504040889791,628
cpx,cpx_liq,T_C,P,ALL,0.0,1000.0,654,v10,MLP/raw,v10 MLP raw,107.40087892790257,87.41655639441755,129.0095866488508,65.0498352983941,58.566795560730995,71.86703247750279,654
cpx,cpx_liq,T_C,P,ALL,0.0,1000.0,654,v10,MLP/alr,v10 MLP alr,97.06028009189987,76.0652640171147,120.81720778008142,59.217614880457056,53.88946386158738,65.30689369060767,654
cpx,cpx_liq,T_C,P,ALL,0.0,1000.0,654,v10,MLP/pwlr,v10 MLP pwlr,111.17187217264095,93.47393062589921,129.06392140182638,74.28730476115405,67.90791884292051,80.36401944625788,646
cpx,cpx_liq,P_kbar,P,ALL,0.0,1000.0,654,v10,MLP/raw,v10 MLP raw,7.424209619310395,5.270552292707656,10.56362977224948,3.9410037814732037,3.5244822682022825,4.45605739988384,650
cpx,cpx_liq,P_kbar,P,ALL,0.0,1000.0,654,v10,MLP/alr,v10 MLP alr,7.7484488902757445,5.623045001482998,10.440005660906685,4.635571579949801,4.137220803110406,5.180981032982621,633
cpx,cpx_liq,P_kbar,P,ALL,0.0,1000.0,654,v10,MLP/pwlr,v10 MLP pwlr,7.108341534581172,5.265508632325602,9.482688867427466,4.215801599656102,3.8059539036738963,4.665469563243069,653
cpx,cpx_liq,T_C,P,ALL,0.0,1000.0,654,Putirka,Putirka 33,Putirka 33,63.42823974860093,57.57579389236727,69.45016968514587,46.50708997485045,42.81812979457845,50.26655802127918,517
cpx,cpx_liq,T_C,P,ALL,0.0,1000.0,654,Putirka,Putirka 34,Putirka 34,76.56060755308813,64.07534405753299,89.21984163765829,45.40802107551365,40.425818770844046,50.645746481294616,652
cpx,cpx_liq,P_kbar,P,ALL,0.0,1000.0,654,Putirka,Putirka 30,Putirka 30,5.481340246933859,4.753882630520934,6.317980969217098,4.011373316471562,3.6636013431142964,4.379231534904671,459
cpx,cpx_liq,P_kbar,P,ALL,0.0,1000.0,654,Putirka,Putirka 31,Putirka 31,7.808003449881153,5.179590807555734,10.09611175145553,4.129507002505871,3.5873744457945187,4.755651997274821,530
cpx,cpx_liq,T_C,P,ALL,0.0,1000.0,654,Agreda,Agreda 2024,Agreda 2024,80.60596491815518,49.84194622530415,109.04687629474401,32.85283499058416,27.622375197383924,39.35513454975748,654
cpx,cpx_liq,P_kbar,P,ALL,0.0,1000.0,654,Agreda,Agreda 2024,Agreda 2024,9.314120906172828,5.852092843616005,12.861265046923451,3.2769959110304243,2.67369818415192,4.01767159699843,654
cpx,cpx_liq,T_C,T,T<800,-1000.0,800.0,7,v10,RF/raw,v10 RF raw,204.76830700527168,155.04778194806352,263.92139956708064,194.4845064484125,154.67746756483842,252.3375331632651,7
cpx,cpx_liq,T_C,T,T<800,-1000.0,800.0,7,v10,RF/alr,v10 RF alr,193.89201438398632,151.8554587141615,240.36210435857623,186.3148428571428,151.0684913265305,233.8319517006803,7
cpx,cpx_liq,T_C,T,T<800,-1000.0,800.0,7,v10,RF/pwlr,v10 RF pwlr,177.46698304350542,140.69144132810635,218.498923404954,171.15418402748068,140.02245849150884,212.09382529970028,7
cpx,cpx_liq,P_kbar,T,T<800,-1000.0,800.0,7,v10,RF/raw,v10 RF raw,13.491407344883463,7.381465033062921,18.4955668540941,11.557556067986527,6.655216317666556,17.105617775806405,7
cpx,cpx_liq,P_kbar,T,T<800,-1000.0,800.0,7,v10,RF/alr,v10 RF alr,23.329662071338756,14.056643436340678,30.50279064660936,19.71315714159577,10.88896159355545,28.799635574151218,7
cpx,cpx_liq,P_kbar,T,T<800,-1000.0,800.0,7,v10,RF/pwlr,v10 RF pwlr,18.644681411091163,7.067627836792707,25.607681617572553,14.486630370394307,6.813937999431339,22.733603736562173,7
cpx,cpx_liq,T_C,T,T<800,-1000.0,800.0,7,v10,ERT/raw,v10 ERT raw,199.30489008898567,149.97411132326295,255.37885208037702,189.34926785714273,149.39767641369016,245.83986123511912,7
cpx,cpx_liq,T_C,T,T<800,-1000.0,800.0,7,v10,ERT/alr,v10 ERT alr,194.56588756245367,153.24197816683815,241.01858919772374,187.31706845238097,152.58800595238083,234.3580505952382,7
cpx,cpx_liq,T_C,T,T<800,-1000.0,800.0,7,v10,ERT/pwlr,v10 ERT pwlr,175.39807114683117,140.86913273933433,213.96216660135175,169.8104761904764,140.63565699404793,208.90397991071455,7
cpx,cpx_liq,P_kbar,T,T<800,-1000.0,800.0,7,v10,ERT/raw,v10 ERT raw,12.043796642222388,5.784958146959273,17.38300015093474,9.553824869154656,4.6395460232372985,15.494493004138933,7
cpx,cpx_liq,P_kbar,T,T<800,-1000.0,800.0,7,v10,ERT/alr,v10 ERT alr,15.702924682940374,8.242370446980438,21.698152079296943,13.233061101744207,7.661771161527197,19.826247806165824,7
cpx,cpx_liq,P_kbar,T,T<800,-1000.0,800.0,7,v10,ERT/pwlr,v10 ERT pwlr,15.358306049841877,6.142016398965493,22.264662778290443,11.898127828533967,5.474496347255875,19.320966140428382,7
cpx,cpx_liq,T_C,T,T<800,-1000.0,800.0,7,v10,XGB/raw,v10 XGB raw,207.75999787916427,156.50719230788027,271.638324854394,196.42862374441964,156.01600864955358,258.94763183593744,7
cpx,cpx_liq,T_C,T,T<800,-1000.0,800.0,7,v10,XGB/alr,v10 XGB alr,244.54783005328994,223.3264326099472,270.6569355462458,242.65296282087053,222.96201891217913,268.78947187151226,7
cpx,cpx_liq,T_C,T,T<800,-1000.0,800.0,7,v10,XGB/pwlr,v10 XGB pwlr,178.86326109426955,133.55353970980272,229.3485369039265,168.61333356584822,131.52179194859096,217.79889460972373,7
cpx,cpx_liq,P_kbar,T,T<800,-1000.0,800.0,7,v10,XGB/raw,v10 XGB raw,13.59532798942827,7.094872046316264,18.549076897177525,10.972869792154867,5.038865091225935,16.852734668765766,7
cpx,cpx_liq,P_kbar,T,T<800,-1000.0,800.0,7,v10,XGB/alr,v10 XGB alr,23.430229102517952,12.434452506948789,31.381844658854018,18.991789004632412,9.806490443540476,28.76488176211716,7
cpx,cpx_liq,P_kbar,T,T<800,-1000.0,800.0,7,v10,XGB/pwlr,v10 XGB pwlr,14.56564986513574,4.402236760585251,20.444202893097543,10.081537676709043,3.134096385645013,18.283944315889062,7
cpx,cpx_liq,T_C,T,T<800,-1000.0,800.0,7,v10,GB/raw,v10 GB raw,135.78392892720308,85.7664051322848,187.50131174280656,122.31890204085906,83.66003602745305,173.3585643350039,7
cpx,cpx_liq,T_C,T,T<800,-1000.0,800.0,7,v10,GB/alr,v10 GB alr,179.5053348046459,142.60476859528964,222.08999025277387,173.02524849911873,142.03858624711918,214.86399283145877,7
cpx,cpx_liq,T_C,T,T<800,-1000.0,800.0,7,v10,GB/pwlr,v10 GB pwlr,195.54135666017206,168.12978094069985,221.62529660521167,192.2541653431108,166.13682229623345,219.47798735601538,7
cpx,cpx_liq,P_kbar,T,T<800,-1000.0,800.0,7,v10,GB/raw,v10 GB raw,13.855948376757295,5.578057577578497,19.9573891354457,10.52181286292632,4.149183142662613,17.353151239174284,7
cpx,cpx_liq,P_kbar,T,T<800,-1000.0,800.0,7,v10,GB/alr,v10 GB alr,30.39772377798076,18.477361396962127,39.608266955629496,24.88783186290346,12.216880996257059,37.41432025061568,7
cpx,cpx_liq,P_kbar,T,T<800,-1000.0,800.0,7,v10,GB/pwlr,v10 GB pwlr,10.549063499040553,3.4503075328829422,15.225845692625684,7.622315832329343,2.8359902759523314,13.075493900804847,7
cpx,cpx_liq,T_C,T,T<800,-1000.0,800.0,7,v10,CatBoost/raw,v10 CatBoost raw,236.66299836593151,192.5241427224605,287.8467009636286,229.2713174831653,192.03825944014258,282.618890807618,7
cpx,cpx_liq,T_C,T,T<800,-1000.0,800.0,7,v10,CatBoost/alr,v10 CatBoost alr,239.0709186160522,214.09781315364253,267.8384818699377,236.51719150531534,213.75657417275298,264.7418757830169,7
cpx,cpx_liq,T_C,T,T<800,-1000.0,800.0,7,v10,CatBoost/pwlr,v10 CatBoost pwlr,202.57380179978512,167.61351575481305,241.31882173102488,197.49928919021497,167.0973283676436,236.38296206970742,7
cpx,cpx_liq,P_kbar,T,T<800,-1000.0,800.0,7,v10,CatBoost/raw,v10 CatBoost raw,8.379461619310794,3.802368794632506,11.768778985944017,6.601936054787735,3.280809225919734,10.662118554630238,7
cpx,cpx_liq,P_kbar,T,T<800,-1000.0,800.0,7,v10,CatBoost/alr,v10 CatBoost alr,16.50450185448058,11.69709173130567,20.044828576676156,15.189029927545628,10.204087326199794,19.639701443827402,7
cpx,cpx_liq,P_kbar,T,T<800,-1000.0,800.0,7,v10,CatBoost/pwlr,v10 CatBoost pwlr,10.102194678509088,3.951437900674712,14.184747161015776,7.664798470152353,2.98459260241135,12.847247512858011,7
cpx,cpx_liq,T_C,T,T<800,-1000.0,800.0,7,v10,LightGBM/raw,v10 LightGBM raw,147.96566794026688,99.55593190088986,204.4990429889577,133.8934817994197,97.09774878166955,188.0059523980797,7
cpx,cpx_liq,T_C,T,T<800,-1000.0,800.0,7,v10,LightGBM/alr,v10 LightGBM alr,192.72344789635946,159.64537532620645,230.07029826374182,188.2512081636452,159.10018137610405,226.56746980291288,7
cpx,cpx_liq,T_C,T,T<800,-1000.0,800.0,7,v10,LightGBM/pwlr,v10 LightGBM pwlr,178.23989048843893,133.75540683796757,230.29945721725952,168.93988735927672,132.899165769662,219.4295772598832,7
cpx,cpx_liq,P_kbar,T,T<800,-1000.0,800.0,7,v10,LightGBM/raw,v10 LightGBM raw,15.91447058606788,8.711380777428563,21.646148793883448,12.913438541996161,6.120633768613521,20.14280399987533,7
cpx,cpx_liq,P_kbar,T,T<800,-1000.0,800.0,7,v10,LightGBM/alr,v10 LightGBM alr,23.328525087108854,13.574270885666651,31.16400034248487,19.360878174697124,10.694464864595853,29.033941027785005,7
cpx,cpx_liq,P_kbar,T,T<800,-1000.0,800.0,7,v10,LightGBM/pwlr,v10 LightGBM pwlr,13.668622339590865,4.881870595016932,18.852099139434447,10.467235094517019,4.682819946860776,16.69205773190931,7
cpx,cpx_liq,T_C,T,T<800,-1000.0,800.0,7,v10,ElasticNet/raw,v10 ElasticNet raw,291.715233220486,200.06523760814525,385.77176779969665,271.4591148114667,198.56775337146988,368.8330296782201,7
cpx,cpx_liq,T_C,T,T<800,-1000.0,800.0,7,v10,ElasticNet/alr,v10 ElasticNet alr,148.61041714767376,32.73862182896193,228.31104812772742,101.07044476160779,28.434195720538355,196.85904430461062,7
cpx,cpx_liq,T_C,T,T<800,-1000.0,800.0,7,v10,ElasticNet/pwlr,v10 ElasticNet pwlr,129.35402161391423,31.583949283678173,195.1478182338844,90.33035842797588,26.302436872092695,170.92301760740196,7
cpx,cpx_liq,P_kbar,T,T<800,-1000.0,800.0,7,v10,ElasticNet/raw,v10 ElasticNet raw,15.704914121601071,8.711908109747995,21.95007952576214,13.250572143179605,7.6048526170088575,20.351433235959103,7
cpx,cpx_liq,P_kbar,T,T<800,-1000.0,800.0,7,v10,ElasticNet/alr,v10 ElasticNet alr,2.939354035388958,,,2.7034715548954438,,,2
cpx,cpx_liq,P_kbar,T,T<800,-1000.0,800.0,7,v10,ElasticNet/pwlr,v10 ElasticNet pwlr,3.3470510838074166,1.5966765691638245,4.998877660300241,3.019770436111463,1.5966765691638247,4.998877660300241,3
cpx,cpx_liq,T_C,T,T<800,-1000.0,800.0,7,v10,MLP/raw,v10 MLP raw,508.6471101268617,265.7589126902927,771.9790809582621,415.7447574931713,255.62303643256348,669.4697783609143,7
cpx,cpx_liq,T_C,T,T<800,-1000.0,800.0,7,v10,MLP/alr,v10 MLP alr,529.1016710951158,242.73750154513922,800.7409853887866,425.44307279856673,232.24138602466573,692.9627738143598,7
cpx,cpx_liq,T_C,T,T<800,-1000.0,800.0,7,v10,MLP/pwlr,v10 MLP pwlr,542.8172841726267,294.9245005651034,779.7115747307265,455.59689069960956,249.6321962293949,685.9744997287968,7
cpx,cpx_liq,P_kbar,T,T<800,-1000.0,800.0,7,v10,MLP/raw,v10 MLP raw,5.4056600131511345,2.7541219623814013,7.656089415537487,4.127442724666581,1.782441400815566,6.798439993144186,7
cpx,cpx_liq,P_kbar,T,T<800,-1000.0,800.0,7,v10,MLP/alr,v10 MLP alr,21.859967575966845,8.418916510166268,35.048280690401626,15.753732588169738,7.750929936493969,28.5286369028886,7
cpx,cpx_liq,P_kbar,T,T<800,-1000.0,800.0,7,v10,MLP/pwlr,v10 MLP pwlr,10.140783330759223,6.312960113620669,13.917151598571005,8.906254780307023,5.5501172878043175,12.896642819295826,7
cpx,cpx_liq,T_C,T,T<800,-1000.0,800.0,7,Putirka,Putirka 33,Putirka 33,124.05717573777187,27.217721847050143,206.90174477519653,78.01380405485914,24.75776917545105,166.0250761657025,7
cpx,cpx_liq,T_C,T,T<800,-1000.0,800.0,7,Putirka,Putirka 34,Putirka 34,114.10816786122348,28.177691605954422,189.37789281616023,73.56413694613863,25.86039191365027,154.9289063981638,7
cpx,cpx_liq,P_kbar,T,T<800,-1000.0,800.0,7,Putirka,Putirka 30,Putirka 30,6.822340506409911,0.6126033050420193,11.34948856085138,4.008649593490868,0.5417329771850456,9.00968597101766,6
cpx,cpx_liq,P_kbar,T,T<800,-1000.0,800.0,7,Putirka,Putirka 31,Putirka 31,6.965837244750496,1.5041716189895629,11.708765410398403,4.086624906728745,1.1660762837802492,8.856889041710998,7
cpx,cpx_liq,T_C,T,T<800,-1000.0,800.0,7,Agreda,Agreda 2024,Agreda 2024,63.074963495109806,17.23868831390147,100.88924404334541,42.69275501796177,13.700923647199359,85.04628373554772,7
cpx,cpx_liq,P_kbar,T,T<800,-1000.0,800.0,7,Agreda,Agreda 2024,Agreda 2024,4.615763208544902,3.167083281050625,5.6199910810312375,4.265595638060154,2.8413786578191687,5.45965811156536,7
cpx,cpx_liq,T_C,T,800<=T<1000,800.0,1000.0,52,v10,RF/raw,v10 RF raw,93.93659867297572,77.69012855367149,109.94138093416973,76.09236621925086,63.183544756380506,89.93667005795861,52
cpx,cpx_liq,T_C,T,800<=T<1000,800.0,1000.0,52,v10,RF/alr,v10 RF alr,84.72638166162419,70.96238035557919,97.42311120413176,68.46777451923079,56.76413153044874,81.05102032222985,52
cpx,cpx_liq,T_C,T,800<=T<1000,800.0,1000.0,52,v10,RF/pwlr,v10 RF pwlr,86.05315856615779,71.79802198702681,99.65559947609776,69.3094443631219,57.50953881479261,82.32866783095713,52
cpx,cpx_liq,P_kbar,T,800<=T<1000,800.0,1000.0,52,v10,RF/raw,v10 RF raw,5.287052124716245,4.386898171991544,6.189782873331493,4.209473079309382,3.379854534732656,5.07678927187248,52
cpx,cpx_liq,P_kbar,T,800<=T<1000,800.0,1000.0,52,v10,RF/alr,v10 RF alr,4.519718048775489,3.591583348723556,5.484843805887333,3.545325612345041,2.8041203366701932,4.339796352241576,52
cpx,cpx_liq,P_kbar,T,800<=T<1000,800.0,1000.0,52,v10,RF/pwlr,v10 RF pwlr,5.097836816443228,3.96210881638692,6.320974876685727,3.9102068547561197,3.1361143376447376,4.901997016950525,52
cpx,cpx_liq,T_C,T,800<=T<1000,800.0,1000.0,52,v10,ERT/raw,v10 ERT raw,90.81214077794762,75.39898728354217,107.56381259768277,74.46319831730774,61.69269514222756,87.7391334535257,52
cpx,cpx_liq,T_C,T,800<=T<1000,800.0,1000.0,52,v10,ERT/alr,v10 ERT alr,92.7026366222401,78.31863194799713,106.5677550397589,76.77164983714205,64.40816248929531,89.83069492387976,52
cpx,cpx_liq,T_C,T,800<=T<1000,800.0,1000.0,52,v10,ERT/pwlr,v10 ERT pwlr,87.68608555205516,74.1302170026666,101.1908484345488,72.33029997362085,60.15351201994972,85.20520851243631,52
cpx,cpx_liq,P_kbar,T,800<=T<1000,800.0,1000.0,52,v10,ERT/raw,v10 ERT raw,4.860877241964612,4.066484895520925,5.649908854305663,3.9341306827254923,3.1746228167981454,4.731953239522325,52
cpx,cpx_liq,P_kbar,T,800<=T<1000,800.0,1000.0,52,v10,ERT/alr,v10 ERT alr,4.653252286044833,3.639071345679298,5.674344888345206,3.6384293372916634,2.8328085946390984,4.506062443734352,52
cpx,cpx_liq,P_kbar,T,800<=T<1000,800.0,1000.0,52,v10,ERT/pwlr,v10 ERT pwlr,4.201924638895959,3.357628095257407,5.075274045192702,3.2689117994446004,2.548496537459324,3.999869173828628,52
cpx,cpx_liq,T_C,T,800<=T<1000,800.0,1000.0,52,v10,XGB/raw,v10 XGB raw,84.46902280390913,67.7756018250782,100.26728878646593,65.22251657339243,51.93444337111253,79.91161434467023,52
cpx,cpx_liq,T_C,T,800<=T<1000,800.0,1000.0,52,v10,XGB/alr,v10 XGB alr,75.36825229401832,60.9356803012862,88.44313645060505,59.1957773061899,47.738151843731224,71.27810874352087,52
cpx,cpx_liq,T_C,T,800<=T<1000,800.0,1000.0,52,v10,XGB/pwlr,v10 XGB pwlr,71.25057980784975,54.99065665937921,86.77152937055408,54.09590501051683,42.635031597430896,66.34263472923865,52
cpx,cpx_liq,P_kbar,T,800<=T<1000,800.0,1000.0,52,v10,XGB/raw,v10 XGB raw,3.7535014953443504,2.925620579278865,4.527080701826053,2.8418662976082087,2.232485711590424,3.451113084666943,52
cpx,cpx_liq,P_kbar,T,800<=T<1000,800.0,1000.0,52,v10,XGB/alr,v10 XGB alr,3.2801537669336542,2.6259035472770482,3.9581377832275817,2.5291674821891013,2.004609121824937,3.071168821712338,52
cpx,cpx_liq,P_kbar,T,800<=T<1000,800.0,1000.0,52,v10,XGB/pwlr,v10 XGB pwlr,3.916612212490622,3.0108676432542603,4.90163539315592,2.9950314234264215,2.407876331085321,3.704628901393443,52
cpx,cpx_liq,T_C,T,800<=T<1000,800.0,1000.0,52,v10,GB/raw,v10 GB raw,62.40418039360627,46.784669685825904,77.32651888410106,46.39234501581597,35.65009023632455,58.22519593747417,52
cpx,cpx_liq,T_C,T,800<=T<1000,800.0,1000.0,52,v10,GB/alr,v10 GB alr,63.60129841248558,51.79357826145587,73.70430591049781,51.21094990147923,41.68447947148268,60.791781194756055,52
cpx,cpx_liq,T_C,T,800<=T<1000,800.0,1000.0,52,v10,GB/pwlr,v10 GB pwlr,66.77322085134251,51.90853849681533,80.15145927258511,49.42272474114655,37.84833186685493,62.04535466921874,52
cpx,cpx_liq,P_kbar,T,800<=T<1000,800.0,1000.0,52,v10,GB/raw,v10 GB raw,4.685475229836977,3.456290777053287,5.837786736413163,3.37350589228765,2.579096299586418,4.313309192015235,52
cpx,cpx_liq,P_kbar,T,800<=T<1000,800.0,1000.0,52,v10,GB/alr,v10 GB alr,3.645620354428687,2.911999952595366,4.323103409255666,2.8668930443156335,2.2557104622409714,3.503611633713501,52
cpx,cpx_liq,P_kbar,T,800<=T<1000,800.0,1000.0,52,v10,GB/pwlr,v10 GB pwlr,4.396577278764989,3.4152637518344164,5.293615322270129,3.326075447334177,2.5784462080731783,4.136539554665692,52
cpx,cpx_liq,T_C,T,800<=T<1000,800.0,1000.0,52,v10,CatBoost/raw,v10 CatBoost raw,99.81229156681167,81.97520381456114,117.41810482615851,77.74865647060109,62.486146911807836,94.72173088787254,52
cpx,cpx_liq,T_C,T,800<=T<1000,800.0,1000.0,52,v10,CatBoost/alr,v10 CatBoost alr,82.90711774083589,67.85108177700707,96.21279632332701,67.4257980839476,55.30371426964061,80.15541167976558,52
cpx,cpx_liq,T_C,T,800<=T<1000,800.0,1000.0,52,v10,CatBoost/pwlr,v10 CatBoost pwlr,80.72797188763047,66.65008888689827,94.82219671644513,64.81580707588233,52.931556113877214,77.19386636617116,52
cpx,cpx_liq,P_kbar,T,800<=T<1000,800.0,1000.0,52,v10,CatBoost/raw,v10 CatBoost raw,3.3445333282689114,2.810924914517103,3.8452436247934862,2.8416842675738647,2.3120683476428683,3.3393234611141565,52
cpx,cpx_liq,P_kbar,T,800<=T<1000,800.0,1000.0,52,v10,CatBoost/alr,v10 CatBoost alr,3.9927809690112372,3.3031544902263392,4.62672749315436,3.1530234240890787,2.556355159812264,3.853068082058109,52
cpx,cpx_liq,P_kbar,T,800<=T<1000,800.0,1000.0,52,v10,CatBoost/pwlr,v10 CatBoost pwlr,3.5788043240660445,2.6746039701056206,4.464235781975761,2.692241029442454,2.1073537374153783,3.390140092151729,52
cpx,cpx_liq,T_C,T,800<=T<1000,800.0,1000.0,52,v10,LightGBM/raw,v10 LightGBM raw,77.99340685665494,59.999984182646784,96.08561565760698,57.94743883381606,44.913656626068956,72.12305983524796,52
cpx,cpx_liq,T_C,T,800<=T<1000,800.0,1000.0,52,v10,LightGBM/alr,v10 LightGBM alr,59.21162328010579,45.32017049233594,71.22186433984497,46.86533639286077,36.18231714060701,56.86702581346119,52
cpx,cpx_liq,T_C,T,800<=T<1000,800.0,1000.0,52,v10,LightGBM/pwlr,v10 LightGBM pwlr,71.21123055950848,56.05532188158624,86.04565590616528,54.169116754969885,42.55893380057268,66.71546465218572,52
cpx,cpx_liq,P_kbar,T,800<=T<1000,800.0,1000.0,52,v10,LightGBM/raw,v10 LightGBM raw,4.468403833333044,3.128619730028286,5.754820133847239,3.1505704810467146,2.4191311263043755,4.006582159376383,52
cpx,cpx_liq,P_kbar,T,800<=T<1000,800.0,1000.0,52,v10,LightGBM/alr,v10 LightGBM alr,4.990482013033417,3.529304581028562,6.412467610331905,3.57309121524749,2.7422636059134784,4.615018470083,52
cpx,cpx_liq,P_kbar,T,800<=T<1000,800.0,1000.0,52,v10,LightGBM/pwlr,v10 LightGBM pwlr,4.490554731626562,3.422992573560799,5.6670916923111125,3.3315617938454336,2.5973082882541343,4.2056711154677915,52
cpx,cpx_liq,T_C,T,800<=T<1000,800.0,1000.0,52,v10,ElasticNet/raw,v10 ElasticNet raw,161.0482630100148,136.82881474115305,183.85108172807605,134.1900600856886,112.8693034624298,155.7044658130129,52
cpx,cpx_liq,T_C,T,800<=T<1000,800.0,1000.0,52,v10,ElasticNet/alr,v10 ElasticNet alr,106.5136706543426,90.53622921830161,122.43751088893198,87.25928668488008,72.16590415347926,102.61148853646401,52
cpx,cpx_liq,T_C,T,800<=T<1000,800.0,1000.0,52,v10,ElasticNet/pwlr,v10 ElasticNet pwlr,101.6194905455394,84.59562258527622,119.24390598739708,82.05043663255968,67.8015696748393,98.1054724696806,52
cpx,cpx_liq,P_kbar,T,800<=T<1000,800.0,1000.0,52,v10,ElasticNet/raw,v10 ElasticNet raw,10.592727058032356,6.345938131212376,14.761609977906277,6.470444957400941,4.3521652581599115,9.08877145676148,52
cpx,cpx_liq,P_kbar,T,800<=T<1000,800.0,1000.0,52,v10,ElasticNet/alr,v10 ElasticNet alr,7.985038808688323,6.410745743753298,9.547638656420212,6.5618851759961245,5.3566926643247506,7.816871801426302,51
cpx,cpx_liq,P_kbar,T,800<=T<1000,800.0,1000.0,52,v10,ElasticNet/pwlr,v10 ElasticNet pwlr,7.752243201738948,6.1647333998384255,9.377258778737888,6.141635523571363,4.863104638793867,7.410072809481125,51
cpx,cpx_liq,T_C,T,800<=T<1000,800.0,1000.0,52,v10,MLP/raw,v10 MLP raw,91.4157030649439,66.25136040611808,112.97897352077459,66.90545504387238,50.45829732103957,82.99514843319147,52
cpx,cpx_liq,T_C,T,800<=T<1000,800.0,1000.0,52,v10,MLP/alr,v10 MLP alr,82.25179719602048,66.08295375484147,96.87624109827719,65.17742224160192,51.44377898220402,79.38721429902128,52
cpx,cpx_liq,T_C,T,800<=T<1000,800.0,1000.0,52,v10,MLP/pwlr,v10 MLP pwlr,85.71790651968472,67.59025058133962,100.50700718011176,67.89133461551113,53.65797808807531,81.40231684879662,52
cpx,cpx_liq,P_kbar,T,800<=T<1000,800.0,1000.0,52,v10,MLP/raw,v10 MLP raw,4.108948585763539,3.232925437654978,5.016816044875598,3.1704413688596604,2.509895138034456,3.8938727125165937,52
cpx,cpx_liq,P_kbar,T,800<=T<1000,800.0,1000.0,52,v10,MLP/alr,v10 MLP alr,4.179876477263143,3.1803368614276315,5.159696002964317,3.2377839052493167,2.574550137020232,4.00127749732506,52
cpx,cpx_liq,P_kbar,T,800<=T<1000,800.0,1000.0,52,v10,MLP/pwlr,v10 MLP pwlr,4.03919661603069,2.7931378457131584,5.254624044845446,2.902129356267397,2.172129578444876,3.7025859318828016,52
cpx,cpx_liq,T_C,T,800<=T<1000,800.0,1000.0,52,Putirka,Putirka 33,Putirka 33,108.0628000254459,94.67815418378548,119.8817332564498,97.07487992592128,84.35673558021688,109.83349122288163,49
cpx,cpx_liq,T_C,T,800<=T<1000,800.0,1000.0,52,Putirka,Putirka 34,Putirka 34,110.77552336826722,98.07137952994327,123.53404956639608,98.1082216754235,86.29895095933614,112.31119436545242,52
cpx,cpx_liq,P_kbar,T,800<=T<1000,800.0,1000.0,52,Putirka,Putirka 30,Putirka 30,6.362161875168353,5.482892620410732,7.2315751879110675,5.655048186644553,4.8105783854230255,6.453990046766305,47
cpx,cpx_liq,P_kbar,T,800<=T<1000,800.0,1000.0,52,Putirka,Putirka 31,Putirka 31,6.476706535937487,4.23745623058231,8.413820928503517,4.464528214867393,3.2534187769551473,5.862287888957028,49
cpx,cpx_liq,T_C,T,800<=T<1000,800.0,1000.0,52,Agreda,Agreda 2024,Agreda 2024,31.831042956449366,25.800395131945535,37.3434804695069,25.752745509720764,20.45737668512246,31.069789280269582,52
cpx,cpx_liq,P_kbar,T,800<=T<1000,800.0,1000.0,52,Agreda,Agreda 2024,Agreda 2024,3.178073159701799,1.829548419123665,4.260533906897031,1.696092403864633,0.9832672129847086,2.4991535569158945,52
cpx,cpx_liq,T_C,T,1000<=T<1200,1000.0,1200.0,267,v10,RF/raw,v10 RF raw,45.199480990658365,39.466677339028415,51.04663176057096,32.067246340027815,28.540088750488376,35.77980469421789,267
cpx,cpx_liq,T_C,T,1000<=T<1200,1000.0,1200.0,267,v10,RF/alr,v10 RF alr,49.10297587781271,41.741254524884276,56.70659515879861,34.111671489908616,30.001625015748917,38.442674849074095,267
cpx,cpx_liq,T_C,T,1000<=T<1200,1000.0,1200.0,267,v10,RF/pwlr,v10 RF pwlr,39.28131385666088,33.4501304382304,44.74313456782244,27.832819514966452,24.299342773463216,31.103236771253233,267
cpx,cpx_liq,P_kbar,T,1000<=T<1200,1000.0,1200.0,267,v10,RF/raw,v10 RF raw,4.646953010574817,4.1333972610286045,5.16305864469968,3.339467934174765,2.9675271219006905,3.7348322126096782,267
cpx,cpx_liq,P_kbar,T,1000<=T<1200,1000.0,1200.0,267,v10,RF/alr,v10 RF alr,4.442354907393602,3.920445967233572,4.983543239329437,3.019865395106153,2.6377451257054707,3.412326240080847,267
cpx,cpx_liq,P_kbar,T,1000<=T<1200,1000.0,1200.0,267,v10,RF/pwlr,v10 RF pwlr,4.393824379325135,3.9301393189641125,4.933613905400621,3.1260780100877135,2.7845626327074133,3.495498739823577,267
cpx,cpx_liq,T_C,T,1000<=T<1200,1000.0,1200.0,267,v10,ERT/raw,v10 ERT raw,41.98592915732362,36.8337389293929,47.2031527065475,29.92598885497736,26.65681631660705,33.422727967310884,267
cpx,cpx_liq,T_C,T,1000<=T<1200,1000.0,1200.0,267,v10,ERT/alr,v10 ERT alr,51.560804147256945,45.265854268452166,57.99476773007225,37.502983229625535,33.566781273470184,41.773848209087674,267
cpx,cpx_liq,T_C,T,1000<=T<1200,1000.0,1200.0,267,v10,ERT/pwlr,v10 ERT pwlr,40.73734914096169,34.96330111367719,45.80341670963746,28.911040841203913,25.409532079013708,32.03669736052432,267
cpx,cpx_liq,P_kbar,T,1000<=T<1200,1000.0,1200.0,267,v10,ERT/raw,v10 ERT raw,4.603187426973214,4.1254367226940545,5.113572385667499,3.231790204205049,2.863027462504622,3.640227278058089,267
cpx,cpx_liq,P_kbar,T,1000<=T<1200,1000.0,1200.0,267,v10,ERT/alr,v10 ERT alr,4.771200492517627,4.256693727475184,5.33567393192377,3.4449417198737975,3.048961668681493,3.8730643509088933,267
cpx,cpx_liq,P_kbar,T,1000<=T<1200,1000.0,1200.0,267,v10,ERT/pwlr,v10 ERT pwlr,4.687888166003942,4.244086769850416,5.1735858420329865,3.5969856603279555,3.2568889320500176,3.9582915439832713,267
cpx,cpx_liq,T_C,T,1000<=T<1200,1000.0,1200.0,267,v10,XGB/raw,v10 XGB raw,47.95716727790357,41.552158645105266,53.971009990153476,34.296284993489586,30.348059270623025,38.11602430593655,267
cpx,cpx_liq,T_C,T,1000<=T<1200,1000.0,1200.0,267,v10,XGB/alr,v10 XGB alr,51.47107434843721,44.111589211359124,58.815380238760916,35.826420130354634,31.356207126803167,40.1459689251046,267
cpx,cpx_liq,T_C,T,1000<=T<1200,1000.0,1200.0,267,v10,XGB/pwlr,v10 XGB pwlr,44.52068153478843,39.22420236295815,49.53529648565909,32.7848099269224,29.25101166914465,35.92550183699819,267
cpx,cpx_liq,P_kbar,T,1000<=T<1200,1000.0,1200.0,267,v10,XGB/raw,v10 XGB raw,5.077974360301333,4.517581935981348,5.682488210356055,3.390147908543723,2.9655026210385063,3.886155449308818,267
cpx,cpx_liq,P_kbar,T,1000<=T<1200,1000.0,1200.0,267,v10,XGB/alr,v10 XGB alr,4.374793971935595,3.860849513396447,4.921129683705771,2.848691846893009,2.462678313816379,3.278155734064577,267
cpx,cpx_liq,P_kbar,T,1000<=T<1200,1000.0,1200.0,267,v10,XGB/pwlr,v10 XGB pwlr,4.373780029111626,3.84737948091327,4.9259159904328165,2.9997481707206775,2.6068141032326237,3.393373968961814,267
cpx,cpx_liq,T_C,T,1000<=T<1200,1000.0,1200.0,267,v10,GB/raw,v10 GB raw,51.59136082552112,44.379613507127864,58.75337548453036,36.821310445247285,32.77238032990102,40.762231028168976,267
cpx,cpx_liq,T_C,T,1000<=T<1200,1000.0,1200.0,267,v10,GB/alr,v10 GB alr,51.42826159471169,42.61201491585244,59.65728811916409,33.77701593220187,29.233822515026294,38.53925886559121,267
cpx,cpx_liq,T_C,T,1000<=T<1200,1000.0,1200.0,267,v10,GB/pwlr,v10 GB pwlr,49.9498505371703,43.84872505311504,55.94964655426019,36.996918088791695,33.071156749390134,40.69087022112335,267
cpx,cpx_liq,P_kbar,T,1000<=T<1200,1000.0,1200.0,267,v10,GB/raw,v10 GB raw,4.752015463983894,4.27490444667713,5.248796009675652,3.3471293549694074,2.95995601228559,3.763328949209813,267
cpx,cpx_liq,P_kbar,T,1000<=T<1200,1000.0,1200.0,267,v10,GB/alr,v10 GB alr,4.480282518379193,3.9350218933002,5.050484751905698,2.931448473200959,2.5377552825799636,3.3588637365086593,267
cpx,cpx_liq,P_kbar,T,1000<=T<1200,1000.0,1200.0,267,v10,GB/pwlr,v10 GB pwlr,4.642642576630859,4.108016136001645,5.195450598229222,3.1868970324362706,2.779014985435359,3.5949742962737004,267
cpx,cpx_liq,T_C,T,1000<=T<1200,1000.0,1200.0,267,v10,CatBoost/raw,v10 CatBoost raw,48.016764303555405,42.56435619584632,53.35113446891057,35.178625266813036,31.400473614479374,38.65412749256181,267
cpx,cpx_liq,T_C,T,1000<=T<1200,1000.0,1200.0,267,v10,CatBoost/alr,v10 CatBoost alr,51.61652081644607,45.75522723124564,58.107953931421896,37.96937764616899,33.948285503911166,42.05241861161989,267
cpx,cpx_liq,T_C,T,1000<=T<1200,1000.0,1200.0,267,v10,CatBoost/pwlr,v10 CatBoost pwlr,47.314527944498934,41.1130737482034,53.19713611852855,33.753239062486934,29.871687484262495,37.40460748521337,267
cpx,cpx_liq,P_kbar,T,1000<=T<1200,1000.0,1200.0,267,v10,CatBoost/raw,v10 CatBoost raw,5.356863648816012,4.779218935253242,5.978416416636715,3.6773201623636282,3.250899656814345,4.156935633777036,267
cpx,cpx_liq,P_kbar,T,1000<=T<1200,1000.0,1200.0,267,v10,CatBoost/alr,v10 CatBoost alr,4.480003780149672,4.005637521471042,4.9630688225270685,3.183005454385589,2.8394810370622174,3.556644449851744,267
cpx,cpx_liq,P_kbar,T,1000<=T<1200,1000.0,1200.0,267,v10,CatBoost/pwlr,v10 CatBoost pwlr,4.770393486389828,4.235711874267079,5.274458503430621,3.3010194850628305,2.922944676260548,3.742440131073513,266
cpx,cpx_liq,T_C,T,1000<=T<1200,1000.0,1200.0,267,v10,LightGBM/raw,v10 LightGBM raw,49.97382210469252,43.87286554290839,56.13689459117822,35.930052056531515,32.076958258859975,39.8409146475958,267
cpx,cpx_liq,T_C,T,1000<=T<1200,1000.0,1200.0,267,v10,LightGBM/alr,v10 LightGBM alr,54.977058646693095,46.98850123602359,63.16133390628008,38.94749576159265,34.620623224076844,43.57784544363164,267
cpx,cpx_liq,T_C,T,1000<=T<1200,1000.0,1200.0,267,v10,LightGBM/pwlr,v10 LightGBM pwlr,42.945347453071456,36.76252354051503,48.801178399169906,30.301869940598177,26.528877087194555,33.87006374640664,267
cpx,cpx_liq,P_kbar,T,1000<=T<1200,1000.0,1200.0,267,v10,LightGBM/raw,v10 LightGBM raw,4.974602413313944,4.447266348914058,5.53555959016621,3.495328991525009,3.089010138263891,3.9254211576917264,267
cpx,cpx_liq,P_kbar,T,1000<=T<1200,1000.0,1200.0,267,v10,LightGBM/alr,v10 LightGBM alr,4.351194324155518,3.831496003598109,4.869574710251506,2.894158805496119,2.5192886801851926,3.3009199876648085,267
cpx,cpx_liq,P_kbar,T,1000<=T<1200,1000.0,1200.0,267,v10,LightGBM/pwlr,v10 LightGBM pwlr,4.289544827908614,3.7906577204439826,4.840697638420758,2.934805035206985,2.5913186422807284,3.3185257580701055,267
cpx,cpx_liq,T_C,T,1000<=T<1200,1000.0,1200.0,267,v10,ElasticNet/raw,v10 ElasticNet raw,50.397226903776755,45.94917214704373,55.004892798357524,40.62629905218919,37.085427961181146,44.247080935233036,267
cpx,cpx_liq,T_C,T,1000<=T<1200,1000.0,1200.0,267,v10,ElasticNet/alr,v10 ElasticNet alr,53.55511511657713,47.97369429862613,58.80983751035236,41.671527715720345,37.63671817347654,46.09079576571098,267
cpx,cpx_liq,T_C,T,1000<=T<1200,1000.0,1200.0,267,v10,ElasticNet/pwlr,v10 ElasticNet pwlr,55.93958527854091,50.74589480515328,61.18089924040585,44.54866398024784,40.62906929492024,48.95246724980024,267
cpx,cpx_liq,P_kbar,T,1000<=T<1200,1000.0,1200.0,267,v10,ElasticNet/raw,v10 ElasticNet raw,5.24685844741913,4.7681731953782345,5.663258309768154,4.255630931017994,3.8656657416825935,4.605934519520693,258
cpx,cpx_liq,P_kbar,T,1000<=T<1200,1000.0,1200.0,267,v10,ElasticNet/alr,v10 ElasticNet alr,5.36440286506621,4.990824223044763,5.778323681275143,4.543724901195529,4.18502420949244,4.931578750654109,240
cpx,cpx_liq,P_kbar,T,1000<=T<1200,1000.0,1200.0,267,v10,ElasticNet/pwlr,v10 ElasticNet pwlr,5.464455688093423,5.0443529592111815,5.834054444960388,4.6369684846279835,4.228512201563203,4.976315869507154,246
cpx,cpx_liq,T_C,T,1000<=T<1200,1000.0,1200.0,267,v10,MLP/raw,v10 MLP raw,94.55205482452386,77.3452773955801,112.05972313708705,59.35587809663015,51.294376332722656,68.63144850853497,267
cpx,cpx_liq,T_C,T,1000<=T<1200,1000.0,1200.0,267,v10,MLP/alr,v10 MLP alr,60.66868041892728,53.93982888579821,66.9021891482581,45.44989182226825,40.79913077943319,50.13859324777708,267
cpx,cpx_liq,T_C,T,1000<=T<1200,1000.0,1200.0,267,v10,MLP/pwlr,v10 MLP pwlr,86.02116475737802,77.90804672420293,94.05555679733051,64.28476381118043,57.71698921579239,71.00593777991772,267
cpx,cpx_liq,P_kbar,T,1000<=T<1200,1000.0,1200.0,267,v10,MLP/raw,v10 MLP raw,5.537498121174253,4.860595801648303,6.2043242395338,3.569093912501794,3.0982516674088942,4.116423306075209,263
cpx,cpx_liq,P_kbar,T,1000<=T<1200,1000.0,1200.0,267,v10,MLP/alr,v10 MLP alr,5.414697959367865,4.948867396289546,5.904837354073988,4.4223194371901915,4.069298260828748,4.793445129218976,252
cpx,cpx_liq,P_kbar,T,1000<=T<1200,1000.0,1200.0,267,v10,MLP/pwlr,v10 MLP pwlr,5.588648719914656,5.022263077286247,6.130082995554627,4.255204572140766,3.8409837457549316,4.7066471864700805,267
cpx,cpx_liq,T_C,T,1000<=T<1200,1000.0,1200.0,267,Putirka,Putirka 33,Putirka 33,56.50589525089843,47.89297553684797,66.21565687434736,40.25997528877823,35.44437066142508,45.751067809692564,209
cpx,cpx_liq,T_C,T,1000<=T<1200,1000.0,1200.0,267,Putirka,Putirka 34,Putirka 34,51.80918036999893,43.549387501094174,62.11969579831248,32.90190014680456,28.446258826561493,38.52823083924626,267
cpx,cpx_liq,P_kbar,T,1000<=T<1200,1000.0,1200.0,267,Putirka,Putirka 30,Putirka 30,4.8507489017542245,4.438588131154002,5.292013807929598,4.182527926963099,3.848108268075576,4.544123750459979,199
cpx,cpx_liq,P_kbar,T,1000<=T<1200,1000.0,1200.0,267,Putirka,Putirka 31,Putirka 31,4.98835846315846,4.515492184147346,5.4814210558691165,4.0873375543537,3.6877084323430602,4.481350655220297,208
cpx,cpx_liq,T_C,T,1000<=T<1200,1000.0,1200.0,267,Agreda,Agreda 2024,Agreda 2024,27.53644511452719,22.680481476069385,32.756644818162826,17.996237208334247,15.431956224294192,20.496514994932916,267
cpx,cpx_liq,P_kbar,T,1000<=T<1200,1000.0,1200.0,267,Agreda,Agreda 2024,Agreda 2024,3.77084460529706,3.2510215622660543,4.329143722323572,2.196925373025765,1.85421952187063,2.5957707373208545,267
cpx,cpx_liq,T_C,T,1200<=T<1400,1200.0,1400.0,242,v10,RF/raw,v10 RF raw,52.83080055923842,44.86878829183776,63.824134010866466,38.82683722937173,34.80667052786282,44.108706432491736,242
cpx,cpx_liq,T_C,T,1200<=T<1400,1200.0,1400.0,242,v10,RF/alr,v10 RF alr,57.38172732590738,49.19631822232856,68.14221224325301,41.74802184429724,37.440402779659266,46.89956001633284,242
cpx,cpx_liq,T_C,T,1200<=T<1400,1200.0,1400.0,242,v10,RF/pwlr,v10 RF pwlr,51.871076441509594,43.420774233579515,63.55773272294472,36.536169541286746,32.539981536533816,41.7704411870027,242
cpx,cpx_liq,P_kbar,T,1200<=T<1400,1200.0,1400.0,242,v10,RF/raw,v10 RF raw,4.0041631000205316,3.429608076718017,4.6494894057980005,2.898443030339899,2.5769564712774455,3.246113686474791,242
cpx,cpx_liq,P_kbar,T,1200<=T<1400,1200.0,1400.0,242,v10,RF/alr,v10 RF alr,3.5939467438734822,3.195421910656426,3.97890220527927,2.7375298596975948,2.4527444180359335,3.007049139175886,242
cpx,cpx_liq,P_kbar,T,1200<=T<1400,1200.0,1400.0,242,v10,RF/pwlr,v10 RF pwlr,3.2492899939840156,2.898913151495718,3.6228377332886272,2.4258331179047756,2.1705307302964307,2.687304153354531,242
cpx,cpx_liq,T_C,T,1200<=T<1400,1200.0,1400.0,242,v10,ERT/raw,v10 ERT raw,53.120180950879345,45.17952390556538,63.947659460352796,38.31749522760845,34.120242171171434,43.68873706846773,242
cpx,cpx_liq,T_C,T,1200<=T<1400,1200.0,1400.0,242,v10,ERT/alr,v10 ERT alr,55.56850334561582,47.86175906510051,66.21534580156408,40.39856882931883,35.965851665998954,44.98221542158389,242
cpx,cpx_liq,T_C,T,1200<=T<1400,1200.0,1400.0,242,v10,ERT/pwlr,v10 ERT pwlr,51.64569245927348,43.51920339166071,63.00017025935735,36.792547038893574,32.61794994621341,41.9659985286267,242
cpx,cpx_liq,P_kbar,T,1200<=T<1400,1200.0,1400.0,242,v10,ERT/raw,v10 ERT raw,3.9444932322636914,3.3911670317854012,4.516407468444029,2.8464492390005236,2.5279544603047235,3.16858888671173,242
cpx,cpx_liq,P_kbar,T,1200<=T<1400,1200.0,1400.0,242,v10,ERT/alr,v10 ERT alr,3.989880311909352,3.463708038279552,4.484104126146541,2.99869190193667,2.6707905370538976,3.3010619726157295,242
cpx,cpx_liq,P_kbar,T,1200<=T<1400,1200.0,1400.0,242,v10,ERT/pwlr,v10 ERT pwlr,3.4838095818604864,3.0566212388189316,3.9280079300824857,2.586882209283291,2.3171545982680724,2.85841593631592,242
cpx,cpx_liq,T_C,T,1200<=T<1400,1200.0,1400.0,242,v10,XGB/raw,v10 XGB raw,51.61008290836888,42.935750946958095,63.288328187972155,37.774182280233084,33.89103346265052,42.62203486418921,242
cpx,cpx_liq,T_C,T,1200<=T<1400,1200.0,1400.0,242,v10,XGB/alr,v10 XGB alr,54.688734610111936,45.69829641289578,66.40931585193547,39.570974807108726,35.15181358904878,45.08574658858875,242
cpx,cpx_liq,T_C,T,1200<=T<1400,1200.0,1400.0,242,v10,XGB/pwlr,v10 XGB pwlr,57.74017868693531,49.32846558578971,69.97205309909171,42.15843515947831,37.70497140175055,47.90770341857405,242
cpx,cpx_liq,P_kbar,T,1200<=T<1400,1200.0,1400.0,242,v10,XGB/raw,v10 XGB raw,4.114483251985415,3.1423963735912093,5.166278366878758,2.6909574279983315,2.328050687426952,3.1296314502485747,242
cpx,cpx_liq,P_kbar,T,1200<=T<1400,1200.0,1400.0,242,v10,XGB/alr,v10 XGB alr,3.6084246765273473,3.167454518575091,4.069717522722358,2.7018895672205065,2.3890048501540586,3.0032931427058753,242
cpx,cpx_liq,P_kbar,T,1200<=T<1400,1200.0,1400.0,242,v10,XGB/pwlr,v10 XGB pwlr,4.050155621735038,3.2730617485256985,4.776183702751604,2.7209696862802057,2.367090886971106,3.1145494447202813,242
cpx,cpx_liq,T_C,T,1200<=T<1400,1200.0,1400.0,242,v10,GB/raw,v10 GB raw,58.409074553008665,50.60757529647045,68.0976822780089,43.91272376280458,39.19149565459245,48.8811038100378,242
cpx,cpx_liq,T_C,T,1200<=T<1400,1200.0,1400.0,242,v10,GB/alr,v10 GB alr,57.04413857485846,48.8429817573966,67.40542937850013,41.89316869090971,37.56910723672624,47.158330684003914,242
cpx,cpx_liq,T_C,T,1200<=T<1400,1200.0,1400.0,242,v10,GB/pwlr,v10 GB pwlr,61.90080501946241,53.70951062933571,73.88944004155212,45.374501676573814,40.75392107810523,50.9598512840401,242
cpx,cpx_liq,P_kbar,T,1200<=T<1400,1200.0,1400.0,242,v10,GB/raw,v10 GB raw,4.1811893701802205,3.299578447390137,5.108194364281645,2.792502644812305,2.439711898922164,3.1864009547029366,242
cpx,cpx_liq,P_kbar,T,1200<=T<1400,1200.0,1400.0,242,v10,GB/alr,v10 GB alr,3.453684530305625,3.0087338622327837,3.8973143423124554,2.5144807224744428,2.2403778857572854,2.8131988326603525,242
cpx,cpx_liq,P_kbar,T,1200<=T<1400,1200.0,1400.0,242,v10,GB/pwlr,v10 GB pwlr,4.765983049340192,3.8061723457408765,5.661144235699806,3.0943920361022266,2.6796466574175457,3.554577431414764,241
cpx,cpx_liq,T_C,T,1200<=T<1400,1200.0,1400.0,242,v10,CatBoost/raw,v10 CatBoost raw,55.361976304247506,47.505479058172845,65.50899114737987,40.4243553181309,35.941420163169205,45.582205461870004,242
cpx,cpx_liq,T_C,T,1200<=T<1400,1200.0,1400.0,242,v10,CatBoost/alr,v10 CatBoost alr,59.24065820579231,51.138195844210635,70.52726549730734,43.68237846690952,39.11319755176426,49.54855685835463,242
cpx,cpx_liq,T_C,T,1200<=T<1400,1200.0,1400.0,242,v10,CatBoost/pwlr,v10 CatBoost pwlr,55.29028495054384,46.96773023010452,66.39415997693567,39.410836402421594,35.136998883805866,44.89625494256074,242
cpx,cpx_liq,P_kbar,T,1200<=T<1400,1200.0,1400.0,242,v10,CatBoost/raw,v10 CatBoost raw,4.455856380941835,3.7436458008041016,5.183596737533862,3.169405484814425,2.7645637285849687,3.5731781795792683,242
cpx,cpx_liq,P_kbar,T,1200<=T<1400,1200.0,1400.0,242,v10,CatBoost/alr,v10 CatBoost alr,3.972987130459972,3.440813160248073,4.489194931198993,3.003209695091669,2.676344993473706,3.3105764172287158,242
cpx,cpx_liq,P_kbar,T,1200<=T<1400,1200.0,1400.0,242,v10,CatBoost/pwlr,v10 CatBoost pwlr,3.621066003378521,3.152811229873856,4.098184286954149,2.652296307120264,2.3358903975622205,2.9699529378576086,242
cpx,cpx_liq,T_C,T,1200<=T<1400,1200.0,1400.0,242,v10,LightGBM/raw,v10 LightGBM raw,60.37212228483386,51.60837769989055,70.7244526703671,44.76389597927718,39.85904202545796,50.73051722124175,242
cpx,cpx_liq,T_C,T,1200<=T<1400,1200.0,1400.0,242,v10,LightGBM/alr,v10 LightGBM alr,61.129282705845185,51.98452932634746,72.33175804272594,43.93575944173037,38.966837101214665,49.38588721969753,242
cpx,cpx_liq,T_C,T,1200<=T<1400,1200.0,1400.0,242,v10,LightGBM/pwlr,v10 LightGBM pwlr,58.33876027066382,49.6968624926019,70.5766418052011,41.73755811307976,37.31614357118749,47.175576369614454,242
cpx,cpx_liq,P_kbar,T,1200<=T<1400,1200.0,1400.0,242,v10,LightGBM/raw,v10 LightGBM raw,3.9297946615445585,3.14527108772844,4.777070545818519,2.6660499923595236,2.3183152945911907,3.064630608638762,242
cpx,cpx_liq,P_kbar,T,1200<=T<1400,1200.0,1400.0,242,v10,LightGBM/alr,v10 LightGBM alr,3.5668041922219214,3.1160825364983578,3.948839580404128,2.695061382819525,2.3811272278923,2.966624432601896,242
cpx,cpx_liq,P_kbar,T,1200<=T<1400,1200.0,1400.0,242,v10,LightGBM/pwlr,v10 LightGBM pwlr,3.2508719600874363,2.910198864418593,3.606809386118268,2.3981870501146942,2.1346671814060882,2.665917106398597,242
cpx,cpx_liq,T_C,T,1200<=T<1400,1200.0,1400.0,242,v10,ElasticNet/raw,v10 ElasticNet raw,60.873705412732605,55.12442743096542,67.60970509564919,47.5157880405897,43.09987751039694,52.4434083575703,242
cpx,cpx_liq,T_C,T,1200<=T<1400,1200.0,1400.0,242,v10,ElasticNet/alr,v10 ElasticNet alr,71.37692129521595,59.597103763093315,83.14553429922931,50.366963745011766,44.46914851712808,56.18844181104149,242
cpx,cpx_liq,T_C,T,1200<=T<1400,1200.0,1400.0,242,v10,ElasticNet/pwlr,v10 ElasticNet pwlr,78.90890113318758,61.736945117626725,95.2273308860248,51.70957349003453,44.938723901660865,58.643612479237184,242
cpx,cpx_liq,P_kbar,T,1200<=T<1400,1200.0,1400.0,242,v10,ElasticNet/raw,v10 ElasticNet raw,6.702069823955595,5.289148182852803,7.996178976804175,4.371831753842851,3.7644021641770338,4.957534809115729,242
cpx,cpx_liq,P_kbar,T,1200<=T<1400,1200.0,1400.0,242,v10,ElasticNet/alr,v10 ElasticNet alr,4.639830843742767,4.114638589950107,5.184510551790255,3.6091411933149855,3.263688878801057,4.001355809869374,242
cpx,cpx_liq,P_kbar,T,1200<=T<1400,1200.0,1400.0,242,v10,ElasticNet/pwlr,v10 ElasticNet pwlr,4.932149930238831,4.325905310946424,5.563682627073998,3.850242090008654,3.4770479956994462,4.249385525393396,242
cpx,cpx_liq,T_C,T,1200<=T<1400,1200.0,1400.0,242,v10,MLP/raw,v10 MLP raw,79.01676584530247,69.1222344358341,91.13716299737706,60.17034606662731,54.022862628689616,67.21995465111802,242
cpx,cpx_liq,T_C,T,1200<=T<1400,1200.0,1400.0,242,v10,MLP/alr,v10 MLP alr,77.65455118934531,68.95910767767839,87.71167107805047,59.26638738353474,53.367374477611996,66.11539171193115,242
cpx,cpx_liq,T_C,T,1200<=T<1400,1200.0,1400.0,242,v10,MLP/pwlr,v10 MLP pwlr,104.10874078814776,93.73713217772621,114.9500847647441,79.1276066144018,71.11425593081198,87.02833954094028,238
cpx,cpx_liq,P_kbar,T,1200<=T<1400,1200.0,1400.0,242,v10,MLP/raw,v10 MLP raw,4.096990820643914,3.707071501089764,4.467545116986736,3.2393704204940335,2.9151958365141915,3.548047994543696,242
cpx,cpx_liq,P_kbar,T,1200<=T<1400,1200.0,1400.0,242,v10,MLP/alr,v10 MLP alr,5.472007048955874,4.926719650084297,5.999108496471551,3.99354119258201,3.5566811515138115,4.482522562537824,238
cpx,cpx_liq,P_kbar,T,1200<=T<1400,1200.0,1400.0,242,v10,MLP/pwlr,v10 MLP pwlr,5.4816533622482115,4.843379148698328,6.04051864282857,3.9392737487863183,3.447235412837345,4.381811091460739,242
cpx,cpx_liq,T_C,T,1200<=T<1400,1200.0,1400.0,242,Putirka,Putirka 33,Putirka 33,48.52849558810661,39.76125933142578,58.04147870820428,33.97132797158068,29.276080412085236,39.557141307426406,182
cpx,cpx_liq,T_C,T,1200<=T<1400,1200.0,1400.0,242,Putirka,Putirka 34,Putirka 34,60.36275580053202,43.066445236480355,76.24840789352855,33.59163250382153,27.65984755157946,39.79087249306693,242
cpx,cpx_liq,P_kbar,T,1200<=T<1400,1200.0,1400.0,242,Putirka,Putirka 30,Putirka 30,3.9573848414416886,3.286956041645611,4.7093160949621575,2.6670628804290266,2.226857924666847,3.1618016160306377,134
cpx,cpx_liq,P_kbar,T,1200<=T<1400,1200.0,1400.0,242,Putirka,Putirka 31,Putirka 31,3.5046283492803125,3.037632825964618,4.039935759381249,2.635229749695692,2.3432812377838785,2.9779367891488318,189
cpx,cpx_liq,T_C,T,1200<=T<1400,1200.0,1400.0,242,Agreda,Agreda 2024,Agreda 2024,46.86021787642652,37.80596309969124,57.67709980408864,30.42686533509207,26.095787899060685,35.098389103460654,242
cpx,cpx_liq,P_kbar,T,1200<=T<1400,1200.0,1400.0,242,Agreda,Agreda 2024,Agreda 2024,4.817085906291075,3.6591768192260883,5.871047116142597,2.524478938773325,2.078814833215308,3.067859486905289,242
cpx,cpx_liq,T_C,T,T>=1400,1400.0,5000.0,86,v10,RF/raw,v10 RF raw,152.14497022178145,90.77368968233469,215.20474490251308,78.4594371601637,54.85129672969573,109.26185953655808,86
cpx,cpx_liq,T_C,T,T>=1400,1400.0,5000.0,86,v10,RF/alr,v10 RF alr,152.3902482380918,90.81456130921542,216.9308264163754,80.3217426109108,56.81432239241518,112.0633208001559,86
cpx,cpx_liq,T_C,T,T>=1400,1400.0,5000.0,86,v10,RF/pwlr,v10 RF pwlr,155.00367755041466,95.25128640802959,217.05870719307737,85.42744112246973,62.37710720732855,116.85329527998711,86
cpx,cpx_liq,P_kbar,T,T>=1400,1400.0,5000.0,86,v10,RF/raw,v10 RF raw,16.901615376472115,6.822762747196457,25.258581516977728,7.838275361065468,5.207606441500608,11.697070425620668,86
cpx,cpx_liq,P_kbar,T,T>=1400,1400.0,5000.0,86,v10,RF/alr,v10 RF alr,15.728202173984153,6.816618922046785,23.848992428233935,7.448442845118253,5.032901897857867,11.010475483021638,86
cpx,cpx_liq,P_kbar,T,T>=1400,1400.0,5000.0,86,v10,RF/pwlr,v10 RF pwlr,15.510832360941166,6.650304978119132,23.898649464474385,7.104124384566907,4.8773609453037,10.544150913627355,86
cpx,cpx_liq,T_C,T,T>=1400,1400.0,5000.0,86,v10,ERT/raw,v10 ERT raw,150.45252275650128,86.69211650744339,214.7324265351822,74.65915987117691,50.10235089092138,105.47061128001961,86
cpx,cpx_liq,T_C,T,T>=1400,1400.0,5000.0,86,v10,ERT/alr,v10 ERT alr,138.56757746580848,91.33149083937714,196.44445636469462,77.65894282176691,57.29510781552811,106.22201473411361,86
cpx,cpx_liq,T_C,T,T>=1400,1400.0,5000.0,86,v10,ERT/pwlr,v10 ERT pwlr,142.0036358809959,89.79189484852063,199.81393110883164,77.99032361739054,57.02164602040752,106.06121343400127,86
cpx,cpx_liq,P_kbar,T,T>=1400,1400.0,5000.0,86,v10,ERT/raw,v10 ERT raw,16.45168664156444,6.612888430001534,25.48731925622353,7.350503862267119,4.915184620796886,11.103101649276153,86
cpx,cpx_liq,P_kbar,T,T>=1400,1400.0,5000.0,86,v10,ERT/alr,v10 ERT alr,17.292566642923912,7.664460110239566,26.448725047109537,8.11840463351203,5.611646065656565,12.055042269025822,86
cpx,cpx_liq,P_kbar,T,T>=1400,1400.0,5000.0,86,v10,ERT/pwlr,v10 ERT pwlr,16.900349723020742,7.9096979589777785,25.93284209903052,7.893800999399286,5.428221021166726,11.754786592439828,86
cpx,cpx_liq,T_C,T,T>=1400,1400.0,5000.0,86,v10,XGB/raw,v10 XGB raw,142.56582792158352,92.21411886152065,197.15631349768728,81.19772551780524,60.59316509158112,108.52239734738372,86
cpx,cpx_liq,T_C,T,T>=1400,1400.0,5000.0,86,v10,XGB/alr,v10 XGB alr,137.3633540777647,85.23650632698059,195.79041756928726,76.55770519167878,56.29634509419286,103.39593967171602,86
cpx,cpx_liq,T_C,T,T>=1400,1400.0,5000.0,86,v10,XGB/pwlr,v10 XGB pwlr,141.09466119481365,89.61384776500617,198.49058800793122,78.83615041333576,58.14834215031114,106.22567152866095,86
cpx,cpx_liq,P_kbar,T,T>=1400,1400.0,5000.0,86,v10,XGB/raw,v10 XGB raw,16.84875677639709,6.864338033462481,25.308907744917924,7.203803320263697,4.669393924987578,11.086719966697135,86
cpx,cpx_liq,P_kbar,T,T>=1400,1400.0,5000.0,86,v10,XGB/alr,v10 XGB alr,16.15510299476372,6.220382492636926,25.45266509817286,7.259890492572322,4.709991322353809,10.915067204763698,86
cpx,cpx_liq,P_kbar,T,T>=1400,1400.0,5000.0,86,v10,XGB/pwlr,v10 XGB pwlr,15.228834209459178,7.471911440971758,24.975505922811177,7.371324652849214,5.258730463787538,10.697604323334447,86
cpx,cpx_liq,T_C,T,T>=1400,1400.0,5000.0,86,v10,GB/raw,v10 GB raw,146.9569374412808,94.83439369604473,206.78597903390218,88.42811483273299,68.4878878915651,119.45312788708705,86
cpx,cpx_liq,T_C,T,T>=1400,1400.0,5000.0,86,v10,GB/alr,v10 GB alr,144.90874669864593,87.64845680201228,207.81549340639603,77.08976659264552,55.68736720541358,106.80936593133734,86
cpx,cpx_liq,T_C,T,T>=1400,1400.0,5000.0,86,v10,GB/pwlr,v10 GB pwlr,138.5730141125833,96.12535354660068,186.31594466696103,88.84549029173196,69.9339471506252,113.56490610436107,86
cpx,cpx_liq,P_kbar,T,T>=1400,1400.0,5000.0,86,v10,GB/raw,v10 GB raw,15.891125271300679,7.091078633971492,23.56025095483195,7.985091174140867,5.587135363614602,11.614108680627773,86
cpx,cpx_liq,P_kbar,T,T>=1400,1400.0,5000.0,86,v10,GB/alr,v10 GB alr,14.898761691953139,7.406605482973275,21.13617814029554,7.8316695465042905,5.360684413484781,10.937108420390677,86
cpx,cpx_liq,P_kbar,T,T>=1400,1400.0,5000.0,86,v10,GB/pwlr,v10 GB pwlr,15.049890332498789,7.664491657471251,24.629315491328832,6.847600425163477,4.704256559235787,10.150323009790547,86
cpx,cpx_liq,T_C,T,T>=1400,1400.0,5000.0,86,v10,CatBoost/raw,v10 CatBoost raw,132.87692283221656,87.63714206885376,185.82660958088667,78.91712214686937,60.388715131211576,104.52462115158684,86
cpx,cpx_liq,T_C,T,T>=1400,1400.0,5000.0,86,v10,CatBoost/alr,v10 CatBoost alr,134.19608559315154,78.95786615211651,194.76664745768605,74.04238451986197,53.56999423974796,100.51083994070746,86
cpx,cpx_liq,T_C,T,T>=1400,1400.0,5000.0,86,v10,CatBoost/pwlr,v10 CatBoost pwlr,126.96758373438395,76.81157133060546,182.67332368734085,70.22410990347149,51.660733228589585,96.378943348525,86
cpx,cpx_liq,P_kbar,T,T>=1400,1400.0,5000.0,86,v10,CatBoost/raw,v10 CatBoost raw,17.481192575182188,8.486070878628366,26.123470878192702,7.881592117683762,5.271415461191975,11.828579217403144,86
cpx,cpx_liq,P_kbar,T,T>=1400,1400.0,5000.0,86,v10,CatBoost/alr,v10 CatBoost alr,16.08905616195062,6.549602252766361,26.154746229312636,7.067766123446946,4.765157130882203,10.728675867075237,86
cpx,cpx_liq,P_kbar,T,T>=1400,1400.0,5000.0,86,v10,CatBoost/pwlr,v10 CatBoost pwlr,16.942040883634004,8.606337909973211,25.744756716009757,8.524322420719843,6.088741400711274,11.990914151383388,86
cpx,cpx_liq,T_C,T,T>=1400,1400.0,5000.0,86,v10,LightGBM/raw,v10 LightGBM raw,146.7920209745318,91.51738924737865,207.24844119554632,80.5305706142987,59.34229446875716,110.94032755932383,86
cpx,cpx_liq,T_C,T,T>=1400,1400.0,5000.0,86,v10,LightGBM/alr,v10 LightGBM alr,147.31567522474168,95.37239236200082,207.07587074133713,82.24219895409298,61.201083994327504,110.60483121395222,86
cpx,cpx_liq,T_C,T,T>=1400,1400.0,5000.0,86,v10,LightGBM/pwlr,v10 LightGBM pwlr,144.53838605541716,94.68840720011983,200.40179568035595,89.05762097872528,68.99574052789231,115.59705712633793,86
cpx,cpx_liq,P_kbar,T,T>=1400,1400.0,5000.0,86,v10,LightGBM/raw,v10 LightGBM raw,16.394202831813505,6.774452412857114,24.271274548670757,7.73996225802334,5.1875388397586795,11.519736535315252,86
cpx,cpx_liq,P_kbar,T,T>=1400,1400.0,5000.0,86,v10,LightGBM/alr,v10 LightGBM alr,15.930173525889789,7.261779628760995,24.541636083703974,7.801714311052479,5.479429436107245,11.33150027880516,86
cpx,cpx_liq,P_kbar,T,T>=1400,1400.0,5000.0,86,v10,LightGBM/pwlr,v10 LightGBM pwlr,14.515286744679376,6.166885489217846,22.02227065360725,6.451680283330074,4.288735303891487,9.569626056995853,86
cpx,cpx_liq,T_C,T,T>=1400,1400.0,5000.0,86,v10,ElasticNet/raw,v10 ElasticNet raw,162.04533199150362,102.06737501875493,229.02328143751762,99.58315660946295,76.94429398197482,131.1102190372803,86
cpx,cpx_liq,T_C,T,T>=1400,1400.0,5000.0,86,v10,ElasticNet/alr,v10 ElasticNet alr,171.00591180448856,129.96243181361905,222.9758559770146,130.8684747101754,112.52439983608228,158.09668336376296,86
cpx,cpx_liq,T_C,T,T>=1400,1400.0,5000.0,86,v10,ElasticNet/pwlr,v10 ElasticNet pwlr,171.29731354619605,126.67679498729461,225.87699868540022,128.3470585791869,108.6205979880277,155.97709462558007,86
cpx,cpx_liq,P_kbar,T,T>=1400,1400.0,5000.0,86,v10,ElasticNet/raw,v10 ElasticNet raw,18.545822916330707,10.648952162445937,26.90675167153538,8.247211108902123,5.459790865785983,12.181837795985105,86
cpx,cpx_liq,P_kbar,T,T>=1400,1400.0,5000.0,86,v10,ElasticNet/alr,v10 ElasticNet alr,15.371126624705642,7.785135828626783,23.75092084890751,7.087728261813852,4.830056346266415,10.566579311380337,86
cpx,cpx_liq,P_kbar,T,T>=1400,1400.0,5000.0,86,v10,ElasticNet/pwlr,v10 ElasticNet pwlr,15.527498829939043,7.884190554727862,24.047371093750705,7.254733748054017,4.956806766864071,10.771606275568562,86
cpx,cpx_liq,T_C,T,T>=1400,1400.0,5000.0,86,v10,MLP/raw,v10 MLP raw,127.60224765861464,79.47879977600242,180.98936967450797,66.79130372665257,47.43440432389428,93.76994948332687,86
cpx,cpx_liq,T_C,T,T>=1400,1400.0,5000.0,86,v10,MLP/alr,v10 MLP alr,127.93704850486141,76.52728527855373,185.5006195362846,68.41169537563518,49.91585032563735,94.69991090147806,86
cpx,cpx_liq,T_C,T,T>=1400,1400.0,5000.0,86,v10,MLP/pwlr,v10 MLP pwlr,109.5505387810513,65.34072012488876,160.91330535937013,64.31303571937646,47.35068360837599,86.12278857045605,82
cpx,cpx_liq,P_kbar,T,T>=1400,1400.0,5000.0,86,v10,MLP/raw,v10 MLP raw,16.217323818287607,8.071317991778292,26.483743598042803,7.503465894845186,5.202614193228535,11.013696198406887,86
cpx,cpx_liq,P_kbar,T,T>=1400,1400.0,5000.0,86,v10,MLP/alr,v10 MLP alr,15.132765449257409,7.1191305964979295,24.851928249634664,7.033197820376484,4.8194550029726475,10.429322686513197,84
cpx,cpx_liq,P_kbar,T,T>=1400,1400.0,5000.0,86,v10,MLP/pwlr,v10 MLP pwlr,13.640742095435925,5.148276382929279,22.12655518319112,5.2967066661118505,3.285659925022871,8.41766481577648,85
cpx,cpx_liq,T_C,T,T>=1400,1400.0,5000.0,86,Putirka,Putirka 33,Putirka 33,65.9111808182821,59.18761781213433,72.55116582419397,59.20404637230276,52.49812293449456,65.91149624363037,70
cpx,cpx_liq,T_C,T,T>=1400,1400.0,5000.0,86,Putirka,Putirka 34,Putirka 34,133.36407678272468,86.8022036634955,184.5391776009521,84.23179583771768,64.71999774910843,109.74436425830677,84
cpx,cpx_liq,P_kbar,T,T>=1400,1400.0,5000.0,86,Putirka,Putirka 30,Putirka 30,8.132484962585659,4.825318119867143,11.129544165472277,4.954406938137832,3.661346083315013,6.627782066907145,73
cpx,cpx_liq,P_kbar,T,T>=1400,1400.0,5000.0,86,Putirka,Putirka 31,Putirka 31,17.06333368858043,8.619763397783704,24.489979671978208,7.701893772135754,4.984336217830918,11.456391604732767,77
cpx,cpx_liq,T_C,T,T>=1400,1400.0,5000.0,86,Agreda,Agreda 2024,Agreda 2024,199.8503712143378,115.12306049713392,284.1177678788546,89.29610798248025,58.07826819419861,134.24073591377842,86
cpx,cpx_liq,P_kbar,T,T>=1400,1400.0,5000.0,86,Agreda,Agreda 2024,Agreda 2024,23.290388441533608,13.582872922562323,33.57978883958676,9.623213646110367,5.857067456228484,14.760739787414554,86
cpx,cpx_liq,T_C,T,ALL,-1000.0,5000.0,654,v10,RF/raw,v10 RF raw,77.85368638432337,61.743531016166955,96.65478355141984,45.90788312937217,41.17813599843197,51.4046248649649,654
cpx,cpx_liq,T_C,T,ALL,-1000.0,5000.0,654,v10,RF/alr,v10 RF alr,78.92814350635837,62.60067556253463,97.55545612821078,47.37467219214658,42.702326554552265,52.79223391444205,654
cpx,cpx_liq,T_C,T,ALL,-1000.0,5000.0,654,v10,RF/pwlr,v10 RF pwlr,75.57012053165393,58.599817905014305,94.18463246465146,43.45878619433416,39.1871288529998,48.65973865699554,654
cpx,cpx_liq,P_kbar,T,ALL,-1000.0,5000.0,654,v10,RF/raw,v10 RF raw,7.5155844311841316,4.970984349579363,10.251862140878726,3.924997439477892,3.4948990383137817,4.481074978263819,654
cpx,cpx_liq,P_kbar,T,ALL,-1000.0,5000.0,654,v10,RF/alr,v10 RF alr,7.267436428728355,5.103526377672058,9.720346890419762,3.7181978639960898,3.281664461522755,4.231627292388467,654
cpx,cpx_liq,P_kbar,T,ALL,-1000.0,5000.0,654,v10,RF/pwlr,v10 RF pwlr,7.015138642977243,4.776691740230309,9.575022770993046,3.574015763515608,3.1524536617194094,4.094734681372911,654
cpx,cpx_liq,T_C,T,ALL,-1000.0,5000.0,654,v10,ERT/raw,v10 ERT raw,76.29736767007329,59.593567725507114,95.35571762894484,44.16099664492572,39.585865361649795,49.223788557663866,654
cpx,cpx_liq,T_C,T,ALL,-1000.0,5000.0,654,v10,ERT/alr,v10 ERT alr,76.42866694187045,63.62372412983883,91.69159694041103,48.580679713111905,44.189421704952146,53.48309945262313,654
cpx,cpx_liq,T_C,T,ALL,-1000.0,5000.0,654,v10,ERT/pwlr,v10 ERT pwlr,72.50372208958599,58.208600139855484,88.69817068151444,43.24168356432859,38.93514671061598,48.20516979963749,654
cpx,cpx_liq,P_kbar,T,ALL,-1000.0,5000.0,654,v10,ERT/raw,v10 ERT raw,7.309607658223723,4.833887774517609,10.15774211669933,3.754317434406201,3.350885422153581,4.298602008649097,654
cpx,cpx_liq,P_kbar,T,ALL,-1000.0,5000.0,654,v10,ERT/alr,v10 ERT alr,7.672517173768393,5.180674027854729,10.60005352118656,4.014519007963897,3.5763033237315063,4.586878207116213,654
cpx,cpx_liq,P_kbar,T,ALL,-1000.0,5000.0,654,v10,ERT/pwlr,v10 ERT pwlr,7.412852316135044,4.9146602271935995,10.23970749108091,3.8510059025585877,3.4170542333832348,4.386969589186785,654
cpx,cpx_liq,T_C,T,ALL,-1000.0,5000.0,654,v10,XGB/raw,v10 XGB raw,75.01053560108798,61.34979501583376,90.57514964722576,45.94500891075951,41.55677053702352,51.18668065668975,654
cpx,cpx_liq,T_C,T,ALL,-1000.0,5000.0,654,v10,XGB/alr,v10 XGB alr,75.90287722694084,62.23205254350745,91.02280043564699,46.63997535822224,42.38774782933226,51.47266131759783,654
cpx,cpx_liq,T_C,T,ALL,-1000.0,5000.0,654,v10,XGB/pwlr,v10 XGB pwlr,73.53067819510721,59.468171831036265,89.48350304563164,45.45730105525492,41.16537046053359,50.144143492439106,654
cpx,cpx_liq,P_kbar,T,ALL,-1000.0,5000.0,654,v10,XGB/raw,v10 XGB raw,7.564382687075723,5.0809643174789505,10.26709657080278,3.6704822793886227,3.2240140610801236,4.2284068211990755,654
cpx,cpx_liq,P_kbar,T,ALL,-1000.0,5000.0,654,v10,XGB/alr,v10 XGB alr,7.326829851367837,4.895727763692148,10.076554970891134,3.521816227607456,3.0756938849675146,4.047715308556957,654
cpx,cpx_liq,P_kbar,T,ALL,-1000.0,5000.0,654,v10,XGB/pwlr,v10 XGB pwlr,6.9186052165465535,4.7448909250134035,9.551400091127284,3.5468711675266062,3.116925799552451,4.026772738472179,654
cpx,cpx_liq,T_C,T,ALL,-1000.0,5000.0,654,v10,GB/raw,v10 GB raw,75.47126631357939,60.79981266217815,92.00093742109883,47.90767763028015,43.58421627994038,52.81784158682178,654
cpx,cpx_liq,T_C,T,ALL,-1000.0,5000.0,654,v10,GB/alr,v10 GB alr,75.57558883291043,60.95441425501686,92.94859539024095,45.35240999760904,41.145470166337766,50.14789820622408,654
cpx,cpx_liq,T_C,T,ALL,-1000.0,5000.0,654,v10,GB/pwlr,v10 GB pwlr,75.66579252945712,64.11211210178169,88.91778430868916,49.564647621511604,45.70012094674902,54.2166304067828,654
cpx,cpx_liq,P_kbar,T,ALL,-1000.0,5000.0,654,v10,GB/raw,v10 GB raw,7.259173965437224,5.049363168813346,9.651049010447453,3.830675864276707,3.397137466660972,4.351888834080452,654
cpx,cpx_liq,P_kbar,T,ALL,-1000.0,5000.0,654,v10,GB/alr,v10 GB alr,7.262548958803217,5.371763265559589,9.18517031819154,3.6514035466782535,3.2117521125055797,4.155635124661732,654
cpx,cpx_liq,P_kbar,T,ALL,-1000.0,5000.0,654,v10,GB/pwlr,v10 GB pwlr,7.053963366798961,5.061154606500074,9.472537132588336,3.6935003966506326,3.300102342759701,4.160723455750817,653
cpx,cpx_liq,T_C,T,ALL,-1000.0,5000.0,654,v10,CatBoost/raw,v10 CatBoost raw,76.08411541888674,64.06053952030548,89.63560093941578,48.3334691081207,43.705774664475385,53.241881034978576,654
cpx,cpx_liq,T_C,T,ALL,-1000.0,5000.0,654,v10,CatBoost/alr,v10 CatBoost alr,76.89399322371258,63.70446724925612,92.00427547572008,49.29413811946458,44.894168246254424,53.77107683436693,654
cpx,cpx_liq,T_C,T,ALL,-1000.0,5000.0,654,v10,CatBoost/pwlr,v10 CatBoost pwlr,71.57088937329678,59.34856430894059,85.83921407742562,44.86502703829659,40.98367461896209,49.31312502210893,654
cpx,cpx_liq,P_kbar,T,ALL,-1000.0,5000.0,654,v10,CatBoost/raw,v10 CatBoost raw,7.803076148465326,5.270773154906993,10.518705279343363,4.00709276314119,3.509214453579201,4.559977508755921,654
cpx,cpx_liq,P_kbar,T,ALL,-1000.0,5000.0,654,v10,CatBoost/alr,v10 CatBoost alr,7.228917443318905,4.773144780270267,10.11332247849968,3.753436569870069,3.348055380243861,4.279075116776462,654
cpx,cpx_liq,P_kbar,T,ALL,-1000.0,5000.0,654,v10,CatBoost/pwlr,v10 CatBoost pwlr,7.351553603110872,4.987510458112499,9.66833876703722,3.7468127723641618,3.2941672503733335,4.196486486133649,653
cpx,cpx_liq,T_C,T,ALL,-1000.0,5000.0,654,v10,LightGBM/raw,v10 LightGBM raw,76.94006309815414,62.203198838016505,93.91232328160285,47.862900597649926,43.408646456283236,53.20674011658915,654
cpx,cpx_liq,T_C,T,ALL,-1000.0,5000.0,654,v10,LightGBM/alr,v10 LightGBM alr,78.40124179444294,64.51453867765207,94.91098189472008,48.71409818481691,44.11051151023016,53.72050403321724,654
cpx,cpx_liq,T_C,T,ALL,-1000.0,5000.0,654,v10,LightGBM/pwlr,v10 LightGBM pwlr,74.18043798075021,60.36627009652765,89.7203063776156,45.64131043493694,41.41038126834477,50.46365196706129,654
cpx,cpx_liq,P_kbar,T,ALL,-1000.0,5000.0,654,v10,LightGBM/raw,v10 LightGBM raw,7.447061245735498,5.055564306301449,10.02686946392657,3.820026648144635,3.3596844161611115,4.362701478408282,654
cpx,cpx_liq,P_kbar,T,ALL,-1000.0,5000.0,654,v10,LightGBM/alr,v10 LightGBM alr,7.322066818244874,5.102612874679943,9.84345769839684,3.6960543988930445,3.2437411977974917,4.204896310810189,654
cpx,cpx_liq,P_kbar,T,ALL,-1000.0,5000.0,654,v10,LightGBM/pwlr,v10 LightGBM pwlr,6.536933057636693,4.399255205330501,8.898435249263336,3.3108724370580873,2.8938622806160326,3.7737167903403352,654
cpx,cpx_liq,T_C,T,ALL,-1000.0,5000.0,654,v10,ElasticNet/raw,v10 ElasticNet raw,93.99018437258833,77.98238831929683,111.36460736249923,60.838365365913006,55.53915461909943,66.46850621803647,654
cpx,cpx_liq,T_C,T,ALL,-1000.0,5000.0,654,v10,ElasticNet/alr,v10 ElasticNet alr,89.66595115175612,76.57163623500557,104.35685597400503,60.87885011071908,55.86491885697469,66.06234919281134,654
cpx,cpx_liq,T_C,T,ALL,-1000.0,5000.0,654,v10,ElasticNet/pwlr,v10 ElasticNet pwlr,91.8709006268369,78.082516763337,107.12794523885424,61.689590701855565,56.44623432095786,67.1167410909633,654
cpx,cpx_liq,P_kbar,T,ALL,-1000.0,5000.0,654,v10,ElasticNet/raw,v10 ElasticNet raw,9.243763000321081,7.182929123855775,11.765961136291082,5.107617616721397,4.572202570420527,5.6699588825717715,645
cpx,cpx_liq,P_kbar,T,ALL,-1000.0,5000.0,654,v10,ElasticNet/alr,v10 ElasticNet alr,7.5825732754360535,5.530116515918284,9.900812142572033,4.691648732158998,4.239087773470689,5.1901114992501585,621
cpx,cpx_liq,P_kbar,T,ALL,-1000.0,5000.0,654,v10,ElasticNet/pwlr,v10 ElasticNet pwlr,7.682595825395548,5.805628806562813,10.08055486547341,4.806755825388054,4.388387372006265,5.303504040889791,628
cpx,cpx_liq,T_C,T,ALL,-1000.0,5000.0,654,v10,MLP/raw,v10 MLP raw,107.40087892790257,87.41655639441755,129.0095866488508,65.0498352983941,58.566795560730995,71.86703247750279,654
cpx,cpx_liq,T_C,T,ALL,-1000.0,5000.0,654,v10,MLP/alr,v10 MLP alr,97.06028009189987,76.0652640171147,120.81720778008142,59.217614880457056,53.88946386158738,65.30689369060767,654
cpx,cpx_liq,T_C,T,ALL,-1000.0,5000.0,654,v10,MLP/pwlr,v10 MLP pwlr,111.17187217264095,93.47393062589921,129.06392140182638,74.28730476115405,67.90791884292051,80.36401944625788,646
cpx,cpx_liq,P_kbar,T,ALL,-1000.0,5000.0,654,v10,MLP/raw,v10 MLP raw,7.424209619310395,5.270552292707656,10.56362977224948,3.9410037814732037,3.5244822682022825,4.45605739988384,650
cpx,cpx_liq,P_kbar,T,ALL,-1000.0,5000.0,654,v10,MLP/alr,v10 MLP alr,7.7484488902757445,5.623045001482998,10.440005660906685,4.635571579949801,4.137220803110406,5.180981032982621,633
cpx,cpx_liq,P_kbar,T,ALL,-1000.0,5000.0,654,v10,MLP/pwlr,v10 MLP pwlr,7.108341534581172,5.265508632325602,9.482688867427466,4.215801599656102,3.8059539036738963,4.665469563243069,653
cpx,cpx_liq,T_C,T,ALL,-1000.0,5000.0,654,Putirka,Putirka 33,Putirka 33,63.42823974860093,57.57579389236727,69.45016968514587,46.50708997485045,42.81812979457845,50.26655802127918,517
cpx,cpx_liq,T_C,T,ALL,-1000.0,5000.0,654,Putirka,Putirka 34,Putirka 34,76.56060755308813,64.07534405753299,89.21984163765829,45.40802107551365,40.425818770844046,50.645746481294616,652
cpx,cpx_liq,P_kbar,T,ALL,-1000.0,5000.0,654,Putirka,Putirka 30,Putirka 30,5.481340246933859,4.753882630520934,6.317980969217098,4.011373316471562,3.6636013431142964,4.379231534904671,459
cpx,cpx_liq,P_kbar,T,ALL,-1000.0,5000.0,654,Putirka,Putirka 31,Putirka 31,7.808003449881153,5.179590807555734,10.09611175145553,4.129507002505871,3.5873744457945187,4.755651997274821,530
cpx,cpx_liq,T_C,T,ALL,-1000.0,5000.0,654,Agreda,Agreda 2024,Agreda 2024,80.60596491815518,49.84194622530415,109.04687629474401,32.85283499058416,27.622375197383924,39.35513454975748,654
cpx,cpx_liq,P_kbar,T,ALL,-1000.0,5000.0,654,Agreda,Agreda 2024,Agreda 2024,9.314120906172828,5.852092843616005,12.861265046923451,3.2769959110304243,2.67369818415192,4.01767159699843,654
cpx,cpx_only,T_C,P,shallow_crustal,0.0,5.0,236,v10,RF/raw,v10 RF raw,83.0403189822953,72.17036204986883,94.41633195875889,62.268355594982495,55.0354741648616,69.42642456357046,236
cpx,cpx_only,T_C,P,shallow_crustal,0.0,5.0,236,v10,RF/alr,v10 RF alr,106.78957699571771,96.19188327345069,117.06754988203004,85.84979745890305,77.82025845395096,93.81471587179608,236
cpx,cpx_only,T_C,P,shallow_crustal,0.0,5.0,236,v10,RF/pwlr,v10 RF pwlr,86.06220931975184,74.7750477269511,97.61136682102472,63.94295347783412,56.5069723076709,71.0354735316298,236
cpx,cpx_only,P_kbar,P,shallow_crustal,0.0,5.0,236,v10,RF/raw,v10 RF raw,10.50661374864405,8.10679629029798,12.502323956748134,5.483098092638627,4.377678677949012,6.652562004415526,236
cpx,cpx_only,P_kbar,P,shallow_crustal,0.0,5.0,236,v10,RF/alr,v10 RF alr,30.131757733429463,27.316309030673082,32.86166946995364,22.765576559437186,20.132395295523057,25.442005634110018,233
cpx,cpx_only,P_kbar,P,shallow_crustal,0.0,5.0,236,v10,RF/pwlr,v10 RF pwlr,22.034077938717314,19.134819648923894,24.75418178654124,13.860794352226465,11.900158879716125,16.08842922691464,227
cpx,cpx_only,T_C,P,shallow_crustal,0.0,5.0,236,v10,ERT/raw,v10 ERT raw,85.19991917770372,72.8865346395537,96.56321186623956,62.2644200905611,54.70634782033086,69.58484636246071,236
cpx,cpx_only,T_C,P,shallow_crustal,0.0,5.0,236,v10,ERT/alr,v10 ERT alr,91.6450061513045,79.95440386294791,102.85684301508081,70.08677765455487,62.3667103821559,77.22220929428526,236
cpx,cpx_only,T_C,P,shallow_crustal,0.0,5.0,236,v10,ERT/pwlr,v10 ERT pwlr,89.94830405221771,78.50506185853844,101.37894820283317,68.90065911600118,61.27622150334649,76.13015467238112,236
cpx,cpx_only,P_kbar,P,shallow_crustal,0.0,5.0,236,v10,ERT/raw,v10 ERT raw,9.309756444741085,7.466359205727103,11.116647153363754,5.503687667905312,4.560199582644663,6.4670192800840915,236
cpx,cpx_only,P_kbar,P,shallow_crustal,0.0,5.0,236,v10,ERT/alr,v10 ERT alr,11.186199448084704,9.477392500010545,12.7561726161881,7.564636098751968,6.496740591954792,8.56900050498412,236
cpx,cpx_only,P_kbar,P,shallow_crustal,0.0,5.0,236,v10,ERT/pwlr,v10 ERT pwlr,10.3659431811257,8.492357864597743,12.023570271936439,6.317088435254793,5.213452440433915,7.381781730530996,236
cpx,cpx_only,T_C,P,shallow_crustal,0.0,5.0,236,v10,XGB/raw,v10 XGB raw,92.51023821541283,81.2524960844306,102.75869702588669,70.02213843394134,61.878833466869295,77.32602247464455,236
cpx,cpx_only,T_C,P,shallow_crustal,0.0,5.0,236,v10,XGB/alr,v10 XGB alr,94.00094822230407,83.44419765118603,103.65843966384901,72.92099955930549,65.33626253806938,80.21436935683428,236
cpx,cpx_only,T_C,P,shallow_crustal,0.0,5.0,236,v10,XGB/pwlr,v10 XGB pwlr,95.04607661515358,84.96367144478792,105.0646697800169,75.5242407847259,68.29863278663765,82.84900030362404,236
cpx,cpx_only,P_kbar,P,shallow_crustal,0.0,5.0,236,v10,XGB/raw,v10 XGB raw,12.279020710429723,8.463260390490253,15.623807510291426,5.653386395554542,4.367322566037708,7.0661109821428285,235
cpx,cpx_only,P_kbar,P,shallow_crustal,0.0,5.0,236,v10,XGB/alr,v10 XGB alr,16.807131363533806,13.700756470446029,19.331435729802752,10.237131842352978,8.560131649811233,11.962985276464822,218
cpx,cpx_only,P_kbar,P,shallow_crustal,0.0,5.0,236,v10,XGB/pwlr,v10 XGB pwlr,19.00141412512999,16.242463480649384,21.440415941608563,11.939899450777759,10.063063412107162,13.787885876545666,218
cpx,cpx_only,T_C,P,shallow_crustal,0.0,5.0,236,v10,GB/raw,v10 GB raw,93.50325284859801,82.66599943025204,104.10111735303532,71.86412241004929,63.94356777587947,79.41184809033103,236
cpx,cpx_only,T_C,P,shallow_crustal,0.0,5.0,236,v10,GB/alr,v10 GB alr,97.52644572299369,86.82975395052648,108.26158266832049,76.06696205942657,67.6755145126271,83.81196464225823,236
cpx,cpx_only,T_C,P,shallow_crustal,0.0,5.0,236,v10,GB/pwlr,v10 GB pwlr,82.18030659436342,71.96996513083889,92.69405563779655,63.419836210530725,56.89292416042195,69.93684880528319,236
cpx,cpx_only,P_kbar,P,shallow_crustal,0.0,5.0,236,v10,GB/raw,v10 GB raw,9.005520189243851,7.266037001371585,10.605774063039446,5.325706784594847,4.431787488502401,6.275922666708477,234
cpx,cpx_only,P_kbar,P,shallow_crustal,0.0,5.0,236,v10,GB/alr,v10 GB alr,27.77410465812422,23.948869934393798,31.495791061473845,17.27138632399311,14.573477200705193,20.04848421294519,233
cpx,cpx_only,P_kbar,P,shallow_crustal,0.0,5.0,236,v10,GB/pwlr,v10 GB pwlr,17.160796803376037,14.481245832608758,19.28368856326118,11.950915255121398,10.249693501713132,13.456794555258853,236
cpx,cpx_only,T_C,P,shallow_crustal,0.0,5.0,236,v10,CatBoost/raw,v10 CatBoost raw,90.65601212868293,78.41622351990371,102.7784980398125,68.7666680557489,60.97917470511157,76.416904715488,236
cpx,cpx_only,T_C,P,shallow_crustal,0.0,5.0,236,v10,CatBoost/alr,v10 CatBoost alr,101.85719566354724,90.44880356243966,112.85077701179179,79.63448796715069,71.5319716476771,87.52091589228944,236
cpx,cpx_only,T_C,P,shallow_crustal,0.0,5.0,236,v10,CatBoost/pwlr,v10 CatBoost pwlr,104.53922289892336,94.23624319694653,114.6776657816994,82.26890909218149,73.72106049521831,90.02339419787127,236
cpx,cpx_only,P_kbar,P,shallow_crustal,0.0,5.0,236,v10,CatBoost/raw,v10 CatBoost raw,8.327418509075953,7.080032745903107,9.550351939056144,5.891719315468953,5.107222476955723,6.633073112809967,236
cpx,cpx_only,P_kbar,P,shallow_crustal,0.0,5.0,236,v10,CatBoost/alr,v10 CatBoost alr,15.404159786174036,13.399704663156063,17.214975109613373,11.263830610442294,9.905172148225812,12.543707845438725,236
cpx,cpx_only,P_kbar,P,shallow_crustal,0.0,5.0,236,v10,CatBoost/pwlr,v10 CatBoost pwlr,16.754589886669258,14.396471160164621,18.998654125161035,10.667654405386992,9.087244947331415,12.189342082893724,233
cpx,cpx_only,T_C,P,shallow_crustal,0.0,5.0,236,v10,LightGBM/raw,v10 LightGBM raw,88.78155075811875,78.05368684569723,99.1046475158487,67.63133889412242,60.37279428765116,74.65346877630296,236
cpx,cpx_only,T_C,P,shallow_crustal,0.0,5.0,236,v10,LightGBM/alr,v10 LightGBM alr,97.38617457290012,86.83116930324837,107.85146445723345,74.66078621804523,66.49170984997683,82.66490126275987,236
cpx,cpx_only,T_C,P,shallow_crustal,0.0,5.0,236,v10,LightGBM/pwlr,v10 LightGBM pwlr,84.61365834840548,74.46063725630016,94.16177749345097,66.00423158835044,58.8626518015111,72.20676411451362,236
cpx,cpx_only,P_kbar,P,shallow_crustal,0.0,5.0,236,v10,LightGBM/raw,v10 LightGBM raw,10.56460832675518,8.536862397220359,12.36589126352024,5.91936754842278,4.812381744053157,6.949383316250081,229
cpx,cpx_only,P_kbar,P,shallow_crustal,0.0,5.0,236,v10,LightGBM/alr,v10 LightGBM alr,22.76901777181948,19.55327669901875,25.857988771875352,13.49894943096091,11.192746281729537,15.853679935375347,233
cpx,cpx_only,P_kbar,P,shallow_crustal,0.0,5.0,236,v10,LightGBM/pwlr,v10 LightGBM pwlr,16.96428707065982,14.195079153155925,19.238037191539274,11.69441457197104,10.001100570822857,13.192033757684857,236
cpx,cpx_only,T_C,P,shallow_crustal,0.0,5.0,236,v10,ElasticNet/raw,v10 ElasticNet raw,103.62020738881903,89.81463634788145,118.00152552281867,77.25744004570085,68.27928909214944,85.99410729453864,236
cpx,cpx_only,T_C,P,shallow_crustal,0.0,5.0,236,v10,ElasticNet/alr,v10 ElasticNet alr,104.73894747965414,90.40293887150898,119.82614085908374,79.99498798822046,71.51452820201187,88.84411529325324,236
cpx,cpx_only,T_C,P,shallow_crustal,0.0,5.0,236,v10,ElasticNet/pwlr,v10 ElasticNet pwlr,100.33968439453304,86.33263844453504,115.4707157801237,78.37148355412762,70.22045547057638,87.12604872109199,236
cpx,cpx_only,P_kbar,P,shallow_crustal,0.0,5.0,236,v10,ElasticNet/raw,v10 ElasticNet raw,10.493900437188449,9.22048644563546,12.150335557790743,8.632973540927418,7.884761897791738,9.391328161493128,236
cpx,cpx_only,P_kbar,P,shallow_crustal,0.0,5.0,236,v10,ElasticNet/alr,v10 ElasticNet alr,10.667069146900058,8.875973430653751,13.107419950951005,8.267882189002036,7.4440595417900175,9.181733697823846,236
cpx,cpx_only,P_kbar,P,shallow_crustal,0.0,5.0,236,v10,ElasticNet/pwlr,v10 ElasticNet pwlr,8.87648700401855,7.956165973147282,9.826162137408422,7.132420476996397,6.481231545722837,7.77740159658957,235
cpx,cpx_only,T_C,P,shallow_crustal,0.0,5.0,236,v10,MLP/raw,v10 MLP raw,117.80534188162247,104.18539645773869,133.41999241043428,90.39198598179459,81.75393351467822,100.29736970615429,236
cpx,cpx_only,T_C,P,shallow_crustal,0.0,5.0,236,v10,MLP/alr,v10 MLP alr,106.22249535162413,91.69858585032239,120.17753008516397,80.09828118546646,70.94928174517882,88.58460296780179,236
cpx,cpx_only,T_C,P,shallow_crustal,0.0,5.0,236,v10,MLP/pwlr,v10 MLP pwlr,118.28523525584806,107.72599418140433,127.47620865361306,94.15097482261216,84.8823734961026,102.51415948231397,236
cpx,cpx_only,P_kbar,P,shallow_crustal,0.0,5.0,236,v10,MLP/raw,v10 MLP raw,9.504048098098941,8.0627430863489,11.135233189647712,6.918286152490478,6.053102685649336,7.67164787137278,236
cpx,cpx_only,P_kbar,P,shallow_crustal,0.0,5.0,236,v10,MLP/alr,v10 MLP alr,8.499230178372374,7.242979987824636,9.693399458931685,6.176025879918447,5.494591331331365,6.865888063373244,235
cpx,cpx_only,P_kbar,P,shallow_crustal,0.0,5.0,236,v10,MLP/pwlr,v10 MLP pwlr,9.591341589458006,8.088122850955173,11.173678111581411,6.730624608578973,5.911380090835919,7.619492060307147,218
cpx,cpx_only,T_C,P,shallow_crustal,0.0,5.0,236,Putirka,Putirka 32d,Putirka 32d,118.74673396365768,106.63323866390398,129.39395502015293,90.44350228459083,80.73900615957997,100.553902229883,233
cpx,cpx_only,P_kbar,P,shallow_crustal,0.0,5.0,236,Putirka,Putirka 32a,Putirka 32a,5.679875358971138,4.17977702408346,7.620959586798222,3.6589546799078936,3.144844204112396,4.263031585197667,209
cpx,cpx_only,P_kbar,P,shallow_crustal,0.0,5.0,236,Putirka,Putirka 32b,Putirka 32b,2.8383567577830906,2.4986578546335445,3.2177088984341435,2.2539257671186053,2.0116617760579847,2.4927250872019826,183
cpx,cpx_only,T_C,P,shallow_crustal,0.0,5.0,236,Agreda,Agreda 2024,Agreda 2024,67.52487393282607,55.90773970310228,80.33050860546444,44.91561488264193,38.85159989858078,51.804629968349836,236
cpx,cpx_only,P_kbar,P,shallow_crustal,0.0,5.0,236,Agreda,Agreda 2024,Agreda 2024,3.8389299211454846,3.3223034413826444,4.260582442915656,2.5080300689826682,2.1257288067889557,2.853916155997344,236
cpx,cpx_only,T_C,P,deep_crustal_MASH,5.0,15.0,193,v10,RF/raw,v10 RF raw,89.86094517601657,79.04290937350713,102.59753527187175,69.37154264717863,61.13655929768742,77.39579278782699,193
cpx,cpx_only,T_C,P,deep_crustal_MASH,5.0,15.0,193,v10,RF/alr,v10 RF alr,93.0696035906104,76.19282559414359,113.87437773301349,68.46986525202372,60.09722014051967,77.79600075797545,193
cpx,cpx_only,T_C,P,deep_crustal_MASH,5.0,15.0,193,v10,RF/pwlr,v10 RF pwlr,86.66983578919685,73.62583184428122,101.9258773331632,64.92749631879458,56.55343138102394,73.07514586725907,193
cpx,cpx_only,P_kbar,P,deep_crustal_MASH,5.0,15.0,193,v10,RF/raw,v10 RF raw,3.3485902386405892,2.8936214004247036,3.7853086006045893,2.389622363601497,2.0730647535109545,2.701636028092105,193
cpx,cpx_only,P_kbar,P,deep_crustal_MASH,5.0,15.0,193,v10,RF/alr,v10 RF alr,10.694647337739221,8.792142613867526,12.754959765162495,6.945821492256171,5.932401788667305,8.048215616688863,193
cpx,cpx_only,P_kbar,P,deep_crustal_MASH,5.0,15.0,193,v10,RF/pwlr,v10 RF pwlr,8.688967957027142,7.178130385696414,10.41365300290552,4.889769124100976,3.997414494119697,5.918274081947014,193
cpx,cpx_only,T_C,P,deep_crustal_MASH,5.0,15.0,193,v10,ERT/raw,v10 ERT raw,89.83363094365966,78.65653709216767,101.75830804842538,69.29263740845025,60.975003517298916,77.32349033200138,193
cpx,cpx_only,T_C,P,deep_crustal_MASH,5.0,15.0,193,v10,ERT/alr,v10 ERT alr,93.09326564757077,78.97148144722676,110.059815632082,69.47048318101892,60.79626615662559,78.18737882953029,193
cpx,cpx_only,T_C,P,deep_crustal_MASH,5.0,15.0,193,v10,ERT/pwlr,v10 ERT pwlr,91.12143345019729,75.3818665365096,110.57538784510314,66.11268808748945,57.7439172540424,75.1763839763885,193
cpx,cpx_only,P_kbar,P,deep_crustal_MASH,5.0,15.0,193,v10,ERT/raw,v10 ERT raw,3.4933263008490987,2.9981086202068745,4.007450396574598,2.4502949691409754,2.13227190520949,2.7832840171711424,193
cpx,cpx_only,P_kbar,P,deep_crustal_MASH,5.0,15.0,193,v10,ERT/alr,v10 ERT alr,4.494982939033379,3.2780933831944923,6.0078853145811415,2.7950394499984292,2.3428973985722426,3.2576542590631106,193
cpx,cpx_only,P_kbar,P,deep_crustal_MASH,5.0,15.0,193,v10,ERT/pwlr,v10 ERT pwlr,4.509972846410773,3.0196805570546856,6.175333903916874,2.6729891548631333,2.2001637346909537,3.2047516558395652,193
cpx,cpx_only,T_C,P,deep_crustal_MASH,5.0,15.0,193,v10,XGB/raw,v10 XGB raw,96.01180277879274,84.24786305644894,108.96843817519816,75.62772128248461,67.57825105499109,84.05485840634361,193
cpx,cpx_only,T_C,P,deep_crustal_MASH,5.0,15.0,193,v10,XGB/alr,v10 XGB alr,99.98376332980428,84.40449588000341,118.38527571785033,75.72653119181105,67.15281537307976,85.26811388243048,193
cpx,cpx_only,T_C,P,deep_crustal_MASH,5.0,15.0,193,v10,XGB/pwlr,v10 XGB pwlr,91.91680685377447,79.94979418847892,104.6675759993523,71.46447690657384,63.770952278097674,79.4625077954228,193
cpx,cpx_only,P_kbar,P,deep_crustal_MASH,5.0,15.0,193,v10,XGB/raw,v10 XGB raw,4.278460759905836,3.6169757524261095,4.9837372990552185,3.0622457080554444,2.6602953961785083,3.5008450777759195,193
cpx,cpx_only,P_kbar,P,deep_crustal_MASH,5.0,15.0,193,v10,XGB/alr,v10 XGB alr,6.3643044406836236,4.800525593521332,8.090190353211636,3.5808336873849202,2.9119584635241536,4.411912784116952,192
cpx,cpx_only,P_kbar,P,deep_crustal_MASH,5.0,15.0,193,v10,XGB/pwlr,v10 XGB pwlr,9.799985598118042,8.042871159322926,11.664051623171206,6.193484120530643,5.205851506402282,7.3342400996542425,188
cpx,cpx_only,T_C,P,deep_crustal_MASH,5.0,15.0,193,v10,GB/raw,v10 GB raw,91.81249051351628,81.10467461309516,103.68694341200637,70.71058812188362,62.455955337129076,79.34304108133371,193
cpx,cpx_only,T_C,P,deep_crustal_MASH,5.0,15.0,193,v10,GB/alr,v10 GB alr,88.37345339781145,76.11672292955673,103.54093289228246,67.16578988762971,59.55283998390288,75.46344723948229,193
cpx,cpx_only,T_C,P,deep_crustal_MASH,5.0,15.0,193,v10,GB/pwlr,v10 GB pwlr,90.89858369754762,77.63809586797325,105.96503882551376,67.3464987999913,58.15718456798332,76.62864163764947,193
cpx,cpx_only,P_kbar,P,deep_crustal_MASH,5.0,15.0,193,v10,GB/raw,v10 GB raw,3.6956818747329554,3.236789070376564,4.0703100749888,2.8590781163739662,2.5089362517588536,3.1676631431193796,193
cpx,cpx_only,P_kbar,P,deep_crustal_MASH,5.0,15.0,193,v10,GB/alr,v10 GB alr,7.209404999744624,5.42716487152511,9.37143329908259,4.590679327889493,3.9471352848234638,5.335143149943647,193
cpx,cpx_only,P_kbar,P,deep_crustal_MASH,5.0,15.0,193,v10,GB/pwlr,v10 GB pwlr,6.502434425336252,4.924778812585587,8.356367011505514,4.083255798776842,3.5141088721426836,4.751598536765419,193
cpx,cpx_only,T_C,P,deep_crustal_MASH,5.0,15.0,193,v10,CatBoost/raw,v10 CatBoost raw,89.4516973053739,78.3124573910604,101.37214668375019,70.18630080437214,62.118078487251935,78.39893593356157,193
cpx,cpx_only,T_C,P,deep_crustal_MASH,5.0,15.0,193,v10,CatBoost/alr,v10 CatBoost alr,95.52789306847173,82.26282895508167,110.77305539730372,75.9808057157379,67.96724171920981,84.72713715053102,193
cpx,cpx_only,T_C,P,deep_crustal_MASH,5.0,15.0,193,v10,CatBoost/pwlr,v10 CatBoost pwlr,93.97286863038029,78.54767582765355,111.34027649611195,72.11358703496911,63.69966864551559,80.45755949325934,193
cpx,cpx_only,P_kbar,P,deep_crustal_MASH,5.0,15.0,193,v10,CatBoost/raw,v10 CatBoost raw,3.515591954674639,3.0569091220260876,3.91758854615188,2.7003016133945654,2.3617864232552486,3.0181015716997512,193
cpx,cpx_only,P_kbar,P,deep_crustal_MASH,5.0,15.0,193,v10,CatBoost/alr,v10 CatBoost alr,5.509119643068293,4.176417352812403,7.028338416502139,3.725118151067827,3.2039513922838414,4.320264147802258,193
cpx,cpx_only,P_kbar,P,deep_crustal_MASH,5.0,15.0,193,v10,CatBoost/pwlr,v10 CatBoost pwlr,8.705560713613453,7.307424171125437,10.149935585167082,5.3917906177598764,4.494636501212739,6.403482276687138,193
cpx,cpx_only,T_C,P,deep_crustal_MASH,5.0,15.0,193,v10,LightGBM/raw,v10 LightGBM raw,94.64152415706087,84.33732757598658,105.77297911250349,75.68370836453535,68.01077375739075,84.48623163005719,193
cpx,cpx_only,T_C,P,deep_crustal_MASH,5.0,15.0,193,v10,LightGBM/alr,v10 LightGBM alr,90.45345898790359,80.34930972879191,101.7690523032613,70.76423863800346,62.865044777764396,79.45211823061294,193
cpx,cpx_only,T_C,P,deep_crustal_MASH,5.0,15.0,193,v10,LightGBM/pwlr,v10 LightGBM pwlr,91.38875002756055,77.7507091631488,106.518351710365,69.0098100611305,60.7158912282275,77.86608497585706,193
cpx,cpx_only,P_kbar,P,deep_crustal_MASH,5.0,15.0,193,v10,LightGBM/raw,v10 LightGBM raw,4.45078051063845,3.873436816525293,5.047976382312332,3.2820157729501487,2.8952457303498953,3.723543680787207,193
cpx,cpx_only,P_kbar,P,deep_crustal_MASH,5.0,15.0,193,v10,LightGBM/alr,v10 LightGBM alr,5.222695896424134,3.5416750587656756,7.076915267906197,3.1627174365464232,2.6373427130765985,3.7272150828346313,193
cpx,cpx_only,P_kbar,P,deep_crustal_MASH,5.0,15.0,193,v10,LightGBM/pwlr,v10 LightGBM pwlr,6.4588824873919926,4.934183394829523,8.416161757112967,4.299795998848992,3.7525798632627754,5.024077310278388,193
cpx,cpx_only,T_C,P,deep_crustal_MASH,5.0,15.0,193,v10,ElasticNet/raw,v10 ElasticNet raw,101.67128007851645,84.31623173102292,120.54421462335645,69.45056038288381,58.83853956484286,79.30124314800696,193
cpx,cpx_only,T_C,P,deep_crustal_MASH,5.0,15.0,193,v10,ElasticNet/alr,v10 ElasticNet alr,107.6444062029054,89.88228607478294,126.74150511728766,72.35420079855203,61.151974271866834,83.69029986518319,193
cpx,cpx_only,T_C,P,deep_crustal_MASH,5.0,15.0,193,v10,ElasticNet/pwlr,v10 ElasticNet pwlr,112.74045350793925,95.28311084063647,130.38550865900967,79.89206552402445,68.25812637628127,91.1247783733187,193
cpx,cpx_only,P_kbar,P,deep_crustal_MASH,5.0,15.0,193,v10,ElasticNet/raw,v10 ElasticNet raw,4.0648801172921525,3.254786523695267,5.024410352391084,3.076747159182005,2.712898497085802,3.4643839634620606,193
cpx,cpx_only,P_kbar,P,deep_crustal_MASH,5.0,15.0,193,v10,ElasticNet/alr,v10 ElasticNet alr,3.280432946622577,2.0477850083145497,4.73429817290415,1.9252246421948032,1.601723218481604,2.3161642626908385,193
cpx,cpx_only,P_kbar,P,deep_crustal_MASH,5.0,15.0,193,v10,ElasticNet/pwlr,v10 ElasticNet pwlr,3.86352208656698,2.3951083941855598,5.537166993113174,2.2306248125899564,1.845363572922571,2.715459101784064,193
cpx,cpx_only,T_C,P,deep_crustal_MASH,5.0,15.0,193,v10,MLP/raw,v10 MLP raw,107.78124524500996,97.86143661652764,117.64915252143558,88.18314140434991,79.52820469314925,97.75502579086218,193
cpx,cpx_only,T_C,P,deep_crustal_MASH,5.0,15.0,193,v10,MLP/alr,v10 MLP alr,101.35283726555852,91.44549742724998,111.03640603516448,82.53086211256418,74.18144371872027,90.89323735749427,193
cpx,cpx_only,T_C,P,deep_crustal_MASH,5.0,15.0,193,v10,MLP/pwlr,v10 MLP pwlr,109.9838665232625,92.37790007781014,131.51688780384288,81.63714601392562,71.88044659884623,92.19844129820537,193
cpx,cpx_only,P_kbar,P,deep_crustal_MASH,5.0,15.0,193,v10,MLP/raw,v10 MLP raw,4.127509926100751,3.194662619295559,5.1400200903913476,2.984661007915458,2.5752519548698616,3.3786628807012167,193
cpx,cpx_only,P_kbar,P,deep_crustal_MASH,5.0,15.0,193,v10,MLP/alr,v10 MLP alr,4.3896346988053665,3.8709080950865156,4.893794221492438,3.4805452094788865,3.1002292045993367,3.8682517309769917,193
cpx,cpx_only,P_kbar,P,deep_crustal_MASH,5.0,15.0,193,v10,MLP/pwlr,v10 MLP pwlr,5.006457125154607,4.186003104903484,5.896190479874778,3.860021062132653,3.3804587292091854,4.3049840602204075,193
cpx,cpx_only,T_C,P,deep_crustal_MASH,5.0,15.0,193,Putirka,Putirka 32d,Putirka 32d,120.3353312522283,102.38862324958467,139.79381208869333,77.65802162078384,66.05229856597641,91.55134294864911,192
cpx,cpx_only,P_kbar,P,deep_crustal_MASH,5.0,15.0,193,Putirka,Putirka 32a,Putirka 32a,2.4188362820798814,2.143681094840586,2.6834541804330896,1.8721719502989573,1.6612576760922162,2.077099544149355,192
cpx,cpx_only,P_kbar,P,deep_crustal_MASH,5.0,15.0,193,Putirka,Putirka 32b,Putirka 32b,3.445011286570105,2.7127819444051133,4.390646340851844,2.3311157489262735,2.04305307232375,2.7603509776863797,193
cpx,cpx_only,T_C,P,deep_crustal_MASH,5.0,15.0,193,Agreda,Agreda 2024,Agreda 2024,64.28579818665631,51.50503372982728,77.62844859828614,38.70493505964625,31.379786168154656,45.45048930377849,193
cpx,cpx_only,P_kbar,P,deep_crustal_MASH,5.0,15.0,193,Agreda,Agreda 2024,Agreda 2024,2.346281142555395,1.9144910212734865,2.7030396677684467,1.4983987614821215,1.2428531299045005,1.748128554747363,193
cpx,cpx_only,T_C,P,lithospheric_mantle,15.0,30.0,213,v10,RF/raw,v10 RF raw,151.42332508503398,116.04692359058834,190.51699600486216,92.80736434059092,77.98934389205958,110.18774371947411,213
cpx,cpx_only,T_C,P,lithospheric_mantle,15.0,30.0,213,v10,RF/alr,v10 RF alr,160.09871290169116,127.61308660468606,192.62169044503136,101.180231622505,85.52361867820126,119.29109737656982,213
cpx,cpx_only,T_C,P,lithospheric_mantle,15.0,30.0,213,v10,RF/pwlr,v10 RF pwlr,151.06113927922576,115.91809162413847,186.90733934109363,91.14410026443089,75.79082060299416,109.1338451052059,213
cpx,cpx_only,P_kbar,P,lithospheric_mantle,15.0,30.0,213,v10,RF/raw,v10 RF raw,8.390969590910153,5.987090520439902,10.691721874268248,4.9009470281733485,4.044523297467525,5.9024357434603125,212
cpx,cpx_only,P_kbar,P,lithospheric_mantle,15.0,30.0,213,v10,RF/alr,v10 RF alr,14.199336093732496,12.000497060776958,16.35947551505747,10.10495398358071,8.727050013830105,11.486486503014849,211
cpx,cpx_only,P_kbar,P,lithospheric_mantle,15.0,30.0,213,v10,RF/pwlr,v10 RF pwlr,8.389723084248548,6.664296312910848,10.2541566551494,5.399633054998909,4.650289322984048,6.273368110651696,213
cpx,cpx_only,T_C,P,lithospheric_mantle,15.0,30.0,213,v10,ERT/raw,v10 ERT raw,155.1460190289558,118.81015765441784,191.65288077798434,91.29911015853578,75.1499899395165,110.09313913838066,213
cpx,cpx_only,T_C,P,lithospheric_mantle,15.0,30.0,213,v10,ERT/alr,v10 ERT alr,143.76383497157326,114.16161440495179,174.40146221531268,89.88292887271552,75.49336290238284,106.17081526365044,213
cpx,cpx_only,T_C,P,lithospheric_mantle,15.0,30.0,213,v10,ERT/pwlr,v10 ERT pwlr,140.00193537176244,112.17372878017602,168.66201997689578,88.59503889403712,74.83882748134708,104.10225480588792,213
cpx,cpx_only,P_kbar,P,lithospheric_mantle,15.0,30.0,213,v10,ERT/raw,v10 ERT raw,8.187222258478306,5.533637180435786,10.816814465043365,4.809453364885709,3.9237981639346473,5.780800863439318,211
cpx,cpx_only,P_kbar,P,lithospheric_mantle,15.0,30.0,213,v10,ERT/alr,v10 ERT alr,8.76962926480104,6.1380649346753255,11.210318400290388,5.2217945327511295,4.318328608408653,6.282165370052066,212
cpx,cpx_only,P_kbar,P,lithospheric_mantle,15.0,30.0,213,v10,ERT/pwlr,v10 ERT pwlr,8.834591619476011,6.366792408902523,11.40137307458325,5.118071560581107,4.218774563801563,6.167854769178066,213
cpx,cpx_only,T_C,P,lithospheric_mantle,15.0,30.0,213,v10,XGB/raw,v10 XGB raw,151.79066439991584,118.0322760678182,187.22073165280597,91.39673310042546,75.81998897068938,110.30156891872063,213
cpx,cpx_only,T_C,P,lithospheric_mantle,15.0,30.0,213,v10,XGB/alr,v10 XGB alr,154.15766074570007,122.2496108783617,185.73831632327912,93.64322630116638,78.30590694230487,112.64719716819799,213
cpx,cpx_only,T_C,P,lithospheric_mantle,15.0,30.0,213,v10,XGB/pwlr,v10 XGB pwlr,138.9252758514826,112.06491606705039,167.71287478263665,91.67562020888352,77.8821395372561,107.07860226340136,213
cpx,cpx_only,P_kbar,P,lithospheric_mantle,15.0,30.0,213,v10,XGB/raw,v10 XGB raw,8.875727544222476,6.379878834486562,11.168624523771586,5.546987159072225,4.655252193856356,6.497796113381396,212
cpx,cpx_only,P_kbar,P,lithospheric_mantle,15.0,30.0,213,v10,XGB/alr,v10 XGB alr,10.346420965797032,7.367677618873544,13.07391843236924,5.818205899284002,4.775511138354028,7.03012856923399,210
cpx,cpx_only,P_kbar,P,lithospheric_mantle,15.0,30.0,213,v10,XGB/pwlr,v10 XGB pwlr,8.841847992355198,6.732905442848483,10.959007731540444,5.7879938568387646,4.937431745245326,6.798657914542008,210
cpx,cpx_only,T_C,P,lithospheric_mantle,15.0,30.0,213,v10,GB/raw,v10 GB raw,152.3405062023551,118.54993081961175,187.12944180675555,92.79192239899812,77.3419107683185,110.59141230275912,213
cpx,cpx_only,T_C,P,lithospheric_mantle,15.0,30.0,213,v10,GB/alr,v10 GB alr,151.21190740795745,121.1629275608784,184.6999574682973,96.61818027518787,82.1681585951267,114.18582605729745,213
cpx,cpx_only,T_C,P,lithospheric_mantle,15.0,30.0,213,v10,GB/pwlr,v10 GB pwlr,139.8396680823766,111.45972642479259,169.09324134396928,91.05847593481406,77.62790470641609,106.70457302403375,213
cpx,cpx_only,P_kbar,P,lithospheric_mantle,15.0,30.0,213,v10,GB/raw,v10 GB raw,9.473529353195843,7.610729254905,11.298579417272968,6.154552128222204,5.220762032057888,7.118003524986984,212
cpx,cpx_only,P_kbar,P,lithospheric_mantle,15.0,30.0,213,v10,GB/alr,v10 GB alr,10.806347048170535,8.321331263183653,13.074258474757428,6.873864231458746,5.719803310490062,8.11099017249618,210
cpx,cpx_only,P_kbar,P,lithospheric_mantle,15.0,30.0,213,v10,GB/pwlr,v10 GB pwlr,9.373598002426707,7.405313168257913,11.652064705867266,6.12763783261522,5.260564321441535,7.199318163618794,212
cpx,cpx_only,T_C,P,lithospheric_mantle,15.0,30.0,213,v10,CatBoost/raw,v10 CatBoost raw,146.8058698019652,113.74923322721395,179.2561366395723,90.86080944297552,75.94022258113104,107.56401642790365,213
cpx,cpx_only,T_C,P,lithospheric_mantle,15.0,30.0,213,v10,CatBoost/alr,v10 CatBoost alr,152.45993517587735,123.06314832393595,182.7788558452363,99.21009635845523,85.1110784356363,115.66855474109268,213
cpx,cpx_only,T_C,P,lithospheric_mantle,15.0,30.0,213,v10,CatBoost/pwlr,v10 CatBoost pwlr,149.67332593856818,123.38833498079163,176.92161440826592,100.69688818154555,87.03212571881139,116.99039937479586,213
cpx,cpx_only,P_kbar,P,lithospheric_mantle,15.0,30.0,213,v10,CatBoost/raw,v10 CatBoost raw,9.115408808220305,6.9909594052933395,11.063618520097693,5.70973258681217,4.830047231976497,6.647838800069509,212
cpx,cpx_only,P_kbar,P,lithospheric_mantle,15.0,30.0,213,v10,CatBoost/alr,v10 CatBoost alr,10.919670104300314,8.984305586551127,12.740969617404435,7.627634781239431,6.546295230551633,8.700634327837479,210
cpx,cpx_only,P_kbar,P,lithospheric_mantle,15.0,30.0,213,v10,CatBoost/pwlr,v10 CatBoost pwlr,9.249874841352346,7.262117700992602,11.304581668098589,5.897911130554204,5.026491674186728,6.8473760154351435,213
cpx,cpx_only,T_C,P,lithospheric_mantle,15.0,30.0,213,v10,LightGBM/raw,v10 LightGBM raw,154.00083134197774,120.1055767448418,190.86271360291914,96.00933173945118,81.4363258456968,114.06301232427008,213
cpx,cpx_only,T_C,P,lithospheric_mantle,15.0,30.0,213,v10,LightGBM/alr,v10 LightGBM alr,153.31861052797612,122.79628722825926,186.92801610757252,98.79638985474097,84.55069381696757,115.95519236795013,213
cpx,cpx_only,T_C,P,lithospheric_mantle,15.0,30.0,213,v10,LightGBM/pwlr,v10 LightGBM pwlr,140.7654446424754,112.97585332923683,169.91754786360204,88.48122957722934,75.00242289687262,104.37218909469881,213
cpx,cpx_only,P_kbar,P,lithospheric_mantle,15.0,30.0,213,v10,LightGBM/raw,v10 LightGBM raw,8.974787601331096,6.913795571661127,10.939784848621477,5.604449557656871,4.7240259144882835,6.583564324042385,212
cpx,cpx_only,P_kbar,P,lithospheric_mantle,15.0,30.0,213,v10,LightGBM/alr,v10 LightGBM alr,10.365398631442178,8.173085528240973,12.460677414121482,6.763412258331837,5.755505227429751,7.93189540701508,212
cpx,cpx_only,P_kbar,P,lithospheric_mantle,15.0,30.0,213,v10,LightGBM/pwlr,v10 LightGBM pwlr,8.396949583893274,6.487718320249721,10.428693042006858,5.62462203020534,4.912887523446842,6.466372315929857,211
cpx,cpx_only,T_C,P,lithospheric_mantle,15.0,30.0,213,v10,ElasticNet/raw,v10 ElasticNet raw,170.72155605036755,139.0899494763684,202.99221644260624,107.8569107615575,90.69762396624834,127.62973222653773,213
cpx,cpx_only,T_C,P,lithospheric_mantle,15.0,30.0,213,v10,ElasticNet/alr,v10 ElasticNet alr,165.77652142263386,137.57198111515646,194.0758195671289,109.70043662074886,93.33676993877505,126.75484617961703,213
cpx,cpx_only,T_C,P,lithospheric_mantle,15.0,30.0,213,v10,ElasticNet/pwlr,v10 ElasticNet pwlr,168.09536388371535,139.53527577261764,196.55494246485557,110.93765417629439,94.66217706270089,128.92774750579215,213
cpx,cpx_only,P_kbar,P,lithospheric_mantle,15.0,30.0,213,v10,ElasticNet/raw,v10 ElasticNet raw,9.691461468823642,7.145014221031361,12.275099078824848,5.264661402069874,4.293209738520262,6.4424423907658435,213
cpx,cpx_only,P_kbar,P,lithospheric_mantle,15.0,30.0,213,v10,ElasticNet/alr,v10 ElasticNet alr,9.46072443262246,6.939946972887147,11.958277161799543,4.8975969493171965,3.8923269225336723,6.096914467268378,213
cpx,cpx_only,P_kbar,P,lithospheric_mantle,15.0,30.0,213,v10,ElasticNet/pwlr,v10 ElasticNet pwlr,10.129152929175312,6.9827260268945,12.967991837034356,5.149054939695755,4.001985907662978,6.394286981807285,212
cpx,cpx_only,T_C,P,lithospheric_mantle,15.0,30.0,213,v10,MLP/raw,v10 MLP raw,147.07216808611687,122.86044507494668,172.76480651629382,101.17692564580771,87.77185071210829,116.00137887815293,213
cpx,cpx_only,T_C,P,lithospheric_mantle,15.0,30.0,213,v10,MLP/alr,v10 MLP alr,140.22167732365253,120.92321801881931,159.23689047823746,102.91833731491538,90.69170580673679,116.75490096057472,213
cpx,cpx_only,T_C,P,lithospheric_mantle,15.0,30.0,213,v10,MLP/pwlr,v10 MLP pwlr,134.80640893508917,110.74339744041464,162.9086031293329,91.96302240801107,80.73411054906884,104.8130799753158,213
cpx,cpx_only,P_kbar,P,lithospheric_mantle,15.0,30.0,213,v10,MLP/raw,v10 MLP raw,10.301957796124645,7.246023690694184,13.293046159534294,5.980533273390029,4.922918562902791,7.222142287106067,211
cpx,cpx_only,P_kbar,P,lithospheric_mantle,15.0,30.0,213,v10,MLP/alr,v10 MLP alr,10.453799299443775,8.263549134752735,12.90622433266717,6.580791738847887,5.675518556055922,7.721644135015556,213
cpx,cpx_only,P_kbar,P,lithospheric_mantle,15.0,30.0,213,v10,MLP/pwlr,v10 MLP pwlr,10.273789335842265,8.214914890531631,12.422056935939183,6.802366745877968,5.862978226512139,7.872111541016778,213
cpx,cpx_only,T_C,P,lithospheric_mantle,15.0,30.0,213,Putirka,Putirka 32d,Putirka 32d,186.63351458108818,157.15246797767858,213.46780317423142,118.34368191562332,98.1829501687958,138.50433389884546,213
cpx,cpx_only,P_kbar,P,lithospheric_mantle,15.0,30.0,213,Putirka,Putirka 32a,Putirka 32a,8.581083779271799,5.581533649920555,11.369517937478294,4.4625959123072425,3.5768255502675697,5.546000262674164,210
cpx,cpx_only,P_kbar,P,lithospheric_mantle,15.0,30.0,213,Putirka,Putirka 32b,Putirka 32b,5.970151167791192,5.158471592973529,6.804642595791641,4.118243031971143,3.5521086487625406,4.70041298239124,208
cpx,cpx_only,T_C,P,lithospheric_mantle,15.0,30.0,213,Agreda,Agreda 2024,Agreda 2024,100.55026171377541,76.6933053830991,122.24646013526102,53.44032027299555,42.67141692490522,65.6643373618943,213
cpx,cpx_only,P_kbar,P,lithospheric_mantle,15.0,30.0,213,Agreda,Agreda 2024,Agreda 2024,4.192096559468732,3.5465122470554427,4.8417069372045125,2.59486325360782,2.175822271508413,3.045727297515907,213
cpx,cpx_only,T_C,P,deeper_mantle,30.0,1000.0,142,v10,RF/raw,v10 RF raw,241.5557611013321,201.10933771804847,280.8569848431853,161.39914750832796,133.00407240145958,190.31039936102317,142
cpx,cpx_only,T_C,P,deeper_mantle,30.0,1000.0,142,v10,RF/alr,v10 RF alr,213.4811564448258,182.4600333637956,243.97368107242283,146.86248971771846,123.12639087667132,170.8433290056776,142
cpx,cpx_only,T_C,P,deeper_mantle,30.0,1000.0,142,v10,RF/pwlr,v10 RF pwlr,222.0804903896929,188.80293686749138,257.10430270629763,148.6243671166895,123.91148054778488,175.03817243101238,142
cpx,cpx_only,P_kbar,P,deeper_mantle,30.0,1000.0,142,v10,RF/raw,v10 RF raw,28.120775006907163,22.416608037645183,33.715442988551004,17.107088750018697,13.623186051318797,21.21661020461947,139
cpx,cpx_only,P_kbar,P,deeper_mantle,30.0,1000.0,142,v10,RF/alr,v10 RF alr,19.996053181347854,17.107833381370217,22.767994689043785,15.263259136233643,12.993034293350807,17.500729482521077,127
cpx,cpx_only,P_kbar,P,deeper_mantle,30.0,1000.0,142,v10,RF/pwlr,v10 RF pwlr,22.409407552503325,17.690258076363712,26.638590045568062,14.036935914374526,11.159250590512633,16.834770074964972,130
cpx,cpx_only,T_C,P,deeper_mantle,30.0,1000.0,142,v10,ERT/raw,v10 ERT raw,232.05976351020456,197.85146318149228,263.8139562913372,160.8956409430834,134.71618428434758,187.33906078194457,142
cpx,cpx_only,T_C,P,deeper_mantle,30.0,1000.0,142,v10,ERT/alr,v10 ERT alr,203.88327398073554,177.0199679194022,228.77509047208818,146.24928718047994,123.56002031909952,167.7187145476672,142
cpx,cpx_only,T_C,P,deeper_mantle,30.0,1000.0,142,v10,ERT/pwlr,v10 ERT pwlr,188.17290080217074,162.09197428852966,211.57187608300148,132.48631990705,112.33411067028875,154.3283307392556,142
cpx,cpx_only,P_kbar,P,deeper_mantle,30.0,1000.0,142,v10,ERT/raw,v10 ERT raw,28.299513724769348,22.280140594795075,34.489836927165484,17.209130916204742,13.53821749236263,21.18307728895948,138
cpx,cpx_only,P_kbar,P,deeper_mantle,30.0,1000.0,142,v10,ERT/alr,v10 ERT alr,28.132953655948974,22.449577881263682,33.115444670426115,17.792492939285637,14.442654150106142,21.53398096240927,141
cpx,cpx_only,P_kbar,P,deeper_mantle,30.0,1000.0,142,v10,ERT/pwlr,v10 ERT pwlr,27.49051487259119,22.29421895890724,32.97232975452464,17.525211598675185,14.389461615710719,21.446223455217027,135
cpx,cpx_only,T_C,P,deeper_mantle,30.0,1000.0,142,v10,XGB/raw,v10 XGB raw,233.5581641618701,201.65873360613867,264.9072816995864,170.14462237290934,145.8184835944377,194.82284640459946,142
cpx,cpx_only,T_C,P,deeper_mantle,30.0,1000.0,142,v10,XGB/alr,v10 XGB alr,219.19987090566391,191.71137000770423,245.8575971857316,164.47357349664392,142.29436452086543,187.02124502692422,142
cpx,cpx_only,T_C,P,deeper_mantle,30.0,1000.0,142,v10,XGB/pwlr,v10 XGB pwlr,207.32921494921678,177.9596566719733,233.29305576218425,148.10106218364876,124.59934084180375,170.42483847174844,142
cpx,cpx_only,P_kbar,P,deeper_mantle,30.0,1000.0,142,v10,XGB/raw,v10 XGB raw,28.838756482203628,22.705537493506814,34.814612560439166,17.322841039602306,13.564941312221514,21.500859262286752,138
cpx,cpx_only,P_kbar,P,deeper_mantle,30.0,1000.0,142,v10,XGB/alr,v10 XGB alr,22.272650722627855,17.739539745921427,25.988665689143286,15.283990263938904,12.08298381955183,18.27893378238718,119
cpx,cpx_only,P_kbar,P,deeper_mantle,30.0,1000.0,142,v10,XGB/pwlr,v10 XGB pwlr,20.779869945971946,16.474161683748438,25.47140260810715,13.901000559329987,11.375051497295498,16.50911751221865,128
cpx,cpx_only,T_C,P,deeper_mantle,30.0,1000.0,142,v10,GB/raw,v10 GB raw,239.7360087781925,204.6063108547474,273.5018965680291,168.14079920161564,141.84108403457213,195.30442572387972,142
cpx,cpx_only,T_C,P,deeper_mantle,30.0,1000.0,142,v10,GB/alr,v10 GB alr,238.5120323887491,205.20729717271445,270.4875458361479,170.64186798384432,144.6939622287022,197.3978877381968,142
cpx,cpx_only,T_C,P,deeper_mantle,30.0,1000.0,142,v10,GB/pwlr,v10 GB pwlr,209.32421694455172,178.0553592352578,238.073648383462,141.28525725627378,117.91094975535383,163.9072925533589,142
cpx,cpx_only,P_kbar,P,deeper_mantle,30.0,1000.0,142,v10,GB/raw,v10 GB raw,28.048157488876786,22.71121865015747,33.668976611884574,17.21547638898149,13.754667166907923,21.441396322166288,136
cpx,cpx_only,P_kbar,P,deeper_mantle,30.0,1000.0,142,v10,GB/alr,v10 GB alr,18.432023520657676,14.599275800849723,22.148193786996593,11.646462183822504,9.063074673507629,14.51548168470788,125
cpx,cpx_only,P_kbar,P,deeper_mantle,30.0,1000.0,142,v10,GB/pwlr,v10 GB pwlr,23.709487318974737,19.164688781921615,27.670455074938374,14.657357125175873,11.758253673154933,17.658725516846527,131
cpx,cpx_only,T_C,P,deeper_mantle,30.0,1000.0,142,v10,CatBoost/raw,v10 CatBoost raw,225.66105295050596,192.9510201499133,256.91015783429674,160.64625913944334,136.51808394031366,184.78235326559,142
cpx,cpx_only,T_C,P,deeper_mantle,30.0,1000.0,142,v10,CatBoost/alr,v10 CatBoost alr,202.15165371372768,175.08450176696056,226.54253713978125,139.57285443583064,116.38959275029669,162.28197607849242,142
cpx,cpx_only,T_C,P,deeper_mantle,30.0,1000.0,142,v10,CatBoost/pwlr,v10 CatBoost pwlr,199.7252857944827,172.92198485991074,224.9924518066826,138.4972695292509,116.26136319521075,159.7562023549318,142
cpx,cpx_only,P_kbar,P,deeper_mantle,30.0,1000.0,142,v10,CatBoost/raw,v10 CatBoost raw,29.08175162712135,22.966135716259362,35.19844551098105,17.650327591576414,14.03538528776781,21.992049636948977,134
cpx,cpx_only,P_kbar,P,deeper_mantle,30.0,1000.0,142,v10,CatBoost/alr,v10 CatBoost alr,24.139041866813233,19.116960204519476,28.563813340431388,16.871169004527577,13.974425238724276,19.88463048565199,130
cpx,cpx_only,P_kbar,P,deeper_mantle,30.0,1000.0,142,v10,CatBoost/pwlr,v10 CatBoost pwlr,24.81307072614528,19.61537886544519,29.973430133540568,16.114139946140213,13.18405285375503,19.39006930442986,133
cpx,cpx_only,T_C,P,deeper_mantle,30.0,1000.0,142,v10,LightGBM/raw,v10 LightGBM raw,235.54137149874978,198.0894289612097,272.48927401510167,157.6105810213533,129.6290940350552,185.71866843103717,142
cpx,cpx_only,T_C,P,deeper_mantle,30.0,1000.0,142,v10,LightGBM/alr,v10 LightGBM alr,232.17930179379232,200.62032778563287,263.32594815750264,167.4582720259613,142.84835878868375,193.23811768515495,142
cpx,cpx_only,T_C,P,deeper_mantle,30.0,1000.0,142,v10,LightGBM/pwlr,v10 LightGBM pwlr,208.7984625421304,177.97774434275232,237.4955314655507,142.2551249318012,118.13685034095484,164.9954571759383,142
cpx,cpx_only,P_kbar,P,deeper_mantle,30.0,1000.0,142,v10,LightGBM/raw,v10 LightGBM raw,27.750527620367308,21.88913256612462,33.53167529878413,16.767885182333593,13.198927902609253,20.81168514253419,137
cpx,cpx_only,P_kbar,P,deeper_mantle,30.0,1000.0,142,v10,LightGBM/alr,v10 LightGBM alr,19.82817174268189,16.175420304620264,23.168331194824027,13.041896609158599,10.50564202365269,15.865922648933577,125
cpx,cpx_only,P_kbar,P,deeper_mantle,30.0,1000.0,142,v10,LightGBM/pwlr,v10 LightGBM pwlr,22.1686335103274,17.55183119969803,26.105641622049625,13.317079854285346,10.473805764710919,16.182002813989843,131
cpx,cpx_only,T_C,P,deeper_mantle,30.0,1000.0,142,v10,ElasticNet/raw,v10 ElasticNet raw,226.99903341550694,200.8328790301813,251.6674755982343,174.8894096576181,152.00442784307452,197.18535935005735,142
cpx,cpx_only,T_C,P,deeper_mantle,30.0,1000.0,142,v10,ElasticNet/alr,v10 ElasticNet alr,227.1936969466896,202.72208822297387,249.55132814554554,180.15410527162015,157.3867826678263,201.70044418477048,142
cpx,cpx_only,T_C,P,deeper_mantle,30.0,1000.0,142,v10,ElasticNet/pwlr,v10 ElasticNet pwlr,223.69615409402127,198.8270020259915,247.04485679017745,178.34769041309445,155.86668596266546,199.3383320270253,142
cpx,cpx_only,P_kbar,P,deeper_mantle,30.0,1000.0,142,v10,ElasticNet/raw,v10 ElasticNet raw,33.3704856453101,26.64335394028685,39.908846386055394,21.466319237476036,17.260200805095916,25.92031459481522,137
cpx,cpx_only,P_kbar,P,deeper_mantle,30.0,1000.0,142,v10,ElasticNet/alr,v10 ElasticNet alr,33.14282576522431,26.810028385042482,39.765714635399824,22.109004936710235,18.08040315027846,26.355394632082835,138
cpx,cpx_only,P_kbar,P,deeper_mantle,30.0,1000.0,142,v10,ElasticNet/pwlr,v10 ElasticNet pwlr,31.962704132024868,25.766477100526323,37.880437708383994,21.58798373805646,17.791598504038497,25.798908353288212,137
cpx,cpx_only,T_C,P,deeper_mantle,30.0,1000.0,142,v10,MLP/raw,v10 MLP raw,253.8430550762774,215.59219718403543,288.11394476297505,185.3222827630354,156.70648761522654,213.32892776472713,142
cpx,cpx_only,T_C,P,deeper_mantle,30.0,1000.0,142,v10,MLP/alr,v10 MLP alr,203.3141128586012,177.90924024746627,226.36594788407956,157.7854482735428,137.2242821184182,177.30569431377901,142
cpx,cpx_only,T_C,P,deeper_mantle,30.0,1000.0,142,v10,MLP/pwlr,v10 MLP pwlr,165.9916230552162,142.54007184627483,187.915262768876,119.90248168310222,100.89250564579558,137.81964081876052,142
cpx,cpx_only,P_kbar,P,deeper_mantle,30.0,1000.0,142,v10,MLP/raw,v10 MLP raw,31.230058185433414,24.41176200779815,37.858543711004614,19.630246276746902,15.627400198521217,24.209519085977615,133
cpx,cpx_only,P_kbar,P,deeper_mantle,30.0,1000.0,142,v10,MLP/alr,v10 MLP alr,26.391708223025518,20.910857933793118,31.364355192269905,16.52053425449087,12.96668278039821,19.859760337339136,137
cpx,cpx_only,P_kbar,P,deeper_mantle,30.0,1000.0,142,v10,MLP/pwlr,v10 MLP pwlr,27.723329125800962,21.688810762814718,33.168698064860095,16.414276294705655,12.88551599012454,20.234179824657577,142
cpx,cpx_only,T_C,P,deeper_mantle,30.0,1000.0,142,Putirka,Putirka 32d,Putirka 32d,285.2353481165337,233.00224383002242,329.41109958489795,172.25073328431677,134.18901290555442,206.4478324782498,135
cpx,cpx_only,P_kbar,P,deeper_mantle,30.0,1000.0,142,Putirka,Putirka 32a,Putirka 32a,24.710640246546088,18.999208186779647,30.316871105337064,13.813905813095072,10.404612031185257,17.7046047545333,132
cpx,cpx_only,P_kbar,P,deeper_mantle,30.0,1000.0,142,Putirka,Putirka 32b,Putirka 32b,29.958689162397427,24.406015720072904,36.00696690857356,19.673479007801813,16.162060876160744,23.899167216095456,132
cpx,cpx_only,T_C,P,deeper_mantle,30.0,1000.0,142,Agreda,Agreda 2024,Agreda 2024,202.59434754923112,163.4355094970278,238.61851428524005,145.260239377303,120.87367531417961,168.8396066406899,142
cpx,cpx_only,P_kbar,P,deeper_mantle,30.0,1000.0,142,Agreda,Agreda 2024,Agreda 2024,42.12265531200015,34.28083129819944,49.78780986558638,28.198341937919317,22.949985171282584,33.71247586849421,142
cpx,cpx_only,T_C,P,P<5,0.0,5.0,236,v10,RF/raw,v10 RF raw,83.0403189822953,72.17036204986883,94.41633195875889,62.268355594982495,55.0354741648616,69.42642456357046,236
cpx,cpx_only,T_C,P,P<5,0.0,5.0,236,v10,RF/alr,v10 RF alr,106.78957699571771,96.19188327345069,117.06754988203004,85.84979745890305,77.82025845395096,93.81471587179608,236
cpx,cpx_only,T_C,P,P<5,0.0,5.0,236,v10,RF/pwlr,v10 RF pwlr,86.06220931975184,74.7750477269511,97.61136682102472,63.94295347783412,56.5069723076709,71.0354735316298,236
cpx,cpx_only,P_kbar,P,P<5,0.0,5.0,236,v10,RF/raw,v10 RF raw,10.50661374864405,8.10679629029798,12.502323956748134,5.483098092638627,4.377678677949012,6.652562004415526,236
cpx,cpx_only,P_kbar,P,P<5,0.0,5.0,236,v10,RF/alr,v10 RF alr,30.131757733429463,27.316309030673082,32.86166946995364,22.765576559437186,20.132395295523057,25.442005634110018,233
cpx,cpx_only,P_kbar,P,P<5,0.0,5.0,236,v10,RF/pwlr,v10 RF pwlr,22.034077938717314,19.134819648923894,24.75418178654124,13.860794352226465,11.900158879716125,16.08842922691464,227
cpx,cpx_only,T_C,P,P<5,0.0,5.0,236,v10,ERT/raw,v10 ERT raw,85.19991917770372,72.8865346395537,96.56321186623956,62.2644200905611,54.70634782033086,69.58484636246071,236
cpx,cpx_only,T_C,P,P<5,0.0,5.0,236,v10,ERT/alr,v10 ERT alr,91.6450061513045,79.95440386294791,102.85684301508081,70.08677765455487,62.3667103821559,77.22220929428526,236
cpx,cpx_only,T_C,P,P<5,0.0,5.0,236,v10,ERT/pwlr,v10 ERT pwlr,89.94830405221771,78.50506185853844,101.37894820283317,68.90065911600118,61.27622150334649,76.13015467238112,236
cpx,cpx_only,P_kbar,P,P<5,0.0,5.0,236,v10,ERT/raw,v10 ERT raw,9.309756444741085,7.466359205727103,11.116647153363754,5.503687667905312,4.560199582644663,6.4670192800840915,236
cpx,cpx_only,P_kbar,P,P<5,0.0,5.0,236,v10,ERT/alr,v10 ERT alr,11.186199448084704,9.477392500010545,12.7561726161881,7.564636098751968,6.496740591954792,8.56900050498412,236
cpx,cpx_only,P_kbar,P,P<5,0.0,5.0,236,v10,ERT/pwlr,v10 ERT pwlr,10.3659431811257,8.492357864597743,12.023570271936439,6.317088435254793,5.213452440433915,7.381781730530996,236
cpx,cpx_only,T_C,P,P<5,0.0,5.0,236,v10,XGB/raw,v10 XGB raw,92.51023821541283,81.2524960844306,102.75869702588669,70.02213843394134,61.878833466869295,77.32602247464455,236
cpx,cpx_only,T_C,P,P<5,0.0,5.0,236,v10,XGB/alr,v10 XGB alr,94.00094822230407,83.44419765118603,103.65843966384901,72.92099955930549,65.33626253806938,80.21436935683428,236
cpx,cpx_only,T_C,P,P<5,0.0,5.0,236,v10,XGB/pwlr,v10 XGB pwlr,95.04607661515358,84.96367144478792,105.0646697800169,75.5242407847259,68.29863278663765,82.84900030362404,236
cpx,cpx_only,P_kbar,P,P<5,0.0,5.0,236,v10,XGB/raw,v10 XGB raw,12.279020710429723,8.463260390490253,15.623807510291426,5.653386395554542,4.367322566037708,7.0661109821428285,235
cpx,cpx_only,P_kbar,P,P<5,0.0,5.0,236,v10,XGB/alr,v10 XGB alr,16.807131363533806,13.700756470446029,19.331435729802752,10.237131842352978,8.560131649811233,11.962985276464822,218
cpx,cpx_only,P_kbar,P,P<5,0.0,5.0,236,v10,XGB/pwlr,v10 XGB pwlr,19.00141412512999,16.242463480649384,21.440415941608563,11.939899450777759,10.063063412107162,13.787885876545666,218
cpx,cpx_only,T_C,P,P<5,0.0,5.0,236,v10,GB/raw,v10 GB raw,93.50325284859801,82.66599943025204,104.10111735303532,71.86412241004929,63.94356777587947,79.41184809033103,236
cpx,cpx_only,T_C,P,P<5,0.0,5.0,236,v10,GB/alr,v10 GB alr,97.52644572299369,86.82975395052648,108.26158266832049,76.06696205942657,67.6755145126271,83.81196464225823,236
cpx,cpx_only,T_C,P,P<5,0.0,5.0,236,v10,GB/pwlr,v10 GB pwlr,82.18030659436342,71.96996513083889,92.69405563779655,63.419836210530725,56.89292416042195,69.93684880528319,236
cpx,cpx_only,P_kbar,P,P<5,0.0,5.0,236,v10,GB/raw,v10 GB raw,9.005520189243851,7.266037001371585,10.605774063039446,5.325706784594847,4.431787488502401,6.275922666708477,234
cpx,cpx_only,P_kbar,P,P<5,0.0,5.0,236,v10,GB/alr,v10 GB alr,27.77410465812422,23.948869934393798,31.495791061473845,17.27138632399311,14.573477200705193,20.04848421294519,233
cpx,cpx_only,P_kbar,P,P<5,0.0,5.0,236,v10,GB/pwlr,v10 GB pwlr,17.160796803376037,14.481245832608758,19.28368856326118,11.950915255121398,10.249693501713132,13.456794555258853,236
cpx,cpx_only,T_C,P,P<5,0.0,5.0,236,v10,CatBoost/raw,v10 CatBoost raw,90.65601212868293,78.41622351990371,102.7784980398125,68.7666680557489,60.97917470511157,76.416904715488,236
cpx,cpx_only,T_C,P,P<5,0.0,5.0,236,v10,CatBoost/alr,v10 CatBoost alr,101.85719566354724,90.44880356243966,112.85077701179179,79.63448796715069,71.5319716476771,87.52091589228944,236
cpx,cpx_only,T_C,P,P<5,0.0,5.0,236,v10,CatBoost/pwlr,v10 CatBoost pwlr,104.53922289892336,94.23624319694653,114.6776657816994,82.26890909218149,73.72106049521831,90.02339419787127,236
cpx,cpx_only,P_kbar,P,P<5,0.0,5.0,236,v10,CatBoost/raw,v10 CatBoost raw,8.327418509075953,7.080032745903107,9.550351939056144,5.891719315468953,5.107222476955723,6.633073112809967,236
cpx,cpx_only,P_kbar,P,P<5,0.0,5.0,236,v10,CatBoost/alr,v10 CatBoost alr,15.404159786174036,13.399704663156063,17.214975109613373,11.263830610442294,9.905172148225812,12.543707845438725,236
cpx,cpx_only,P_kbar,P,P<5,0.0,5.0,236,v10,CatBoost/pwlr,v10 CatBoost pwlr,16.754589886669258,14.396471160164621,18.998654125161035,10.667654405386992,9.087244947331415,12.189342082893724,233
cpx,cpx_only,T_C,P,P<5,0.0,5.0,236,v10,LightGBM/raw,v10 LightGBM raw,88.78155075811875,78.05368684569723,99.1046475158487,67.63133889412242,60.37279428765116,74.65346877630296,236
cpx,cpx_only,T_C,P,P<5,0.0,5.0,236,v10,LightGBM/alr,v10 LightGBM alr,97.38617457290012,86.83116930324837,107.85146445723345,74.66078621804523,66.49170984997683,82.66490126275987,236
cpx,cpx_only,T_C,P,P<5,0.0,5.0,236,v10,LightGBM/pwlr,v10 LightGBM pwlr,84.61365834840548,74.46063725630016,94.16177749345097,66.00423158835044,58.8626518015111,72.20676411451362,236
cpx,cpx_only,P_kbar,P,P<5,0.0,5.0,236,v10,LightGBM/raw,v10 LightGBM raw,10.56460832675518,8.536862397220359,12.36589126352024,5.91936754842278,4.812381744053157,6.949383316250081,229
cpx,cpx_only,P_kbar,P,P<5,0.0,5.0,236,v10,LightGBM/alr,v10 LightGBM alr,22.76901777181948,19.55327669901875,25.857988771875352,13.49894943096091,11.192746281729537,15.853679935375347,233
cpx,cpx_only,P_kbar,P,P<5,0.0,5.0,236,v10,LightGBM/pwlr,v10 LightGBM pwlr,16.96428707065982,14.195079153155925,19.238037191539274,11.69441457197104,10.001100570822857,13.192033757684857,236
cpx,cpx_only,T_C,P,P<5,0.0,5.0,236,v10,ElasticNet/raw,v10 ElasticNet raw,103.62020738881903,89.81463634788145,118.00152552281867,77.25744004570085,68.27928909214944,85.99410729453864,236
cpx,cpx_only,T_C,P,P<5,0.0,5.0,236,v10,ElasticNet/alr,v10 ElasticNet alr,104.73894747965414,90.40293887150898,119.82614085908374,79.99498798822046,71.51452820201187,88.84411529325324,236
cpx,cpx_only,T_C,P,P<5,0.0,5.0,236,v10,ElasticNet/pwlr,v10 ElasticNet pwlr,100.33968439453304,86.33263844453504,115.4707157801237,78.37148355412762,70.22045547057638,87.12604872109199,236
cpx,cpx_only,P_kbar,P,P<5,0.0,5.0,236,v10,ElasticNet/raw,v10 ElasticNet raw,10.493900437188449,9.22048644563546,12.150335557790743,8.632973540927418,7.884761897791738,9.391328161493128,236
cpx,cpx_only,P_kbar,P,P<5,0.0,5.0,236,v10,ElasticNet/alr,v10 ElasticNet alr,10.667069146900058,8.875973430653751,13.107419950951005,8.267882189002036,7.4440595417900175,9.181733697823846,236
cpx,cpx_only,P_kbar,P,P<5,0.0,5.0,236,v10,ElasticNet/pwlr,v10 ElasticNet pwlr,8.87648700401855,7.956165973147282,9.826162137408422,7.132420476996397,6.481231545722837,7.77740159658957,235
cpx,cpx_only,T_C,P,P<5,0.0,5.0,236,v10,MLP/raw,v10 MLP raw,117.80534188162247,104.18539645773869,133.41999241043428,90.39198598179459,81.75393351467822,100.29736970615429,236
cpx,cpx_only,T_C,P,P<5,0.0,5.0,236,v10,MLP/alr,v10 MLP alr,106.22249535162413,91.69858585032239,120.17753008516397,80.09828118546646,70.94928174517882,88.58460296780179,236
cpx,cpx_only,T_C,P,P<5,0.0,5.0,236,v10,MLP/pwlr,v10 MLP pwlr,118.28523525584806,107.72599418140433,127.47620865361306,94.15097482261216,84.8823734961026,102.51415948231397,236
cpx,cpx_only,P_kbar,P,P<5,0.0,5.0,236,v10,MLP/raw,v10 MLP raw,9.504048098098941,8.0627430863489,11.135233189647712,6.918286152490478,6.053102685649336,7.67164787137278,236
cpx,cpx_only,P_kbar,P,P<5,0.0,5.0,236,v10,MLP/alr,v10 MLP alr,8.499230178372374,7.242979987824636,9.693399458931685,6.176025879918447,5.494591331331365,6.865888063373244,235
cpx,cpx_only,P_kbar,P,P<5,0.0,5.0,236,v10,MLP/pwlr,v10 MLP pwlr,9.591341589458006,8.088122850955173,11.173678111581411,6.730624608578973,5.911380090835919,7.619492060307147,218
cpx,cpx_only,T_C,P,P<5,0.0,5.0,236,Putirka,Putirka 32d,Putirka 32d,118.74673396365768,106.63323866390398,129.39395502015293,90.44350228459083,80.73900615957997,100.553902229883,233
cpx,cpx_only,P_kbar,P,P<5,0.0,5.0,236,Putirka,Putirka 32a,Putirka 32a,5.679875358971138,4.17977702408346,7.620959586798222,3.6589546799078936,3.144844204112396,4.263031585197667,209
cpx,cpx_only,P_kbar,P,P<5,0.0,5.0,236,Putirka,Putirka 32b,Putirka 32b,2.8383567577830906,2.4986578546335445,3.2177088984341435,2.2539257671186053,2.0116617760579847,2.4927250872019826,183
cpx,cpx_only,T_C,P,P<5,0.0,5.0,236,Agreda,Agreda 2024,Agreda 2024,67.52487393282607,55.90773970310228,80.33050860546444,44.91561488264193,38.85159989858078,51.804629968349836,236
cpx,cpx_only,P_kbar,P,P<5,0.0,5.0,236,Agreda,Agreda 2024,Agreda 2024,3.8389299211454846,3.3223034413826444,4.260582442915656,2.5080300689826682,2.1257288067889557,2.853916155997344,236
cpx,cpx_only,T_C,P,5<=P<10,5.0,10.0,43,v10,RF/raw,v10 RF raw,105.0431151346583,92.9060823869435,117.47866192375459,92.86824663374539,80.07457937295669,105.88462711367592,43
cpx,cpx_only,T_C,P,5<=P<10,5.0,10.0,43,v10,RF/alr,v10 RF alr,111.85595162215041,96.89607246853699,126.06432716786381,98.04414303484326,83.99009659300508,112.21017903654158,43
cpx,cpx_only,T_C,P,5<=P<10,5.0,10.0,43,v10,RF/pwlr,v10 RF pwlr,92.37510375696861,79.05496018894472,106.76949860736822,78.9462660154867,65.63606844150041,93.0626982368936,43
cpx,cpx_only,P_kbar,P,5<=P<10,5.0,10.0,43,v10,RF/raw,v10 RF raw,4.696467126033038,3.742870960431841,5.580240249236122,3.7146401969393517,2.8902796254503516,4.546448373281046,43
cpx,cpx_only,P_kbar,P,5<=P<10,5.0,10.0,43,v10,RF/alr,v10 RF alr,14.246227892235403,12.046264173494407,16.73174189274558,11.7447828166057,9.534487661520757,14.17472400508506,43
cpx,cpx_only,P_kbar,P,5<=P<10,5.0,10.0,43,v10,RF/pwlr,v10 RF pwlr,12.973028130184971,9.931898642167182,15.195963342322372,9.449974355987631,6.879693275709313,11.8494058063341,43
cpx,cpx_only,T_C,P,5<=P<10,5.0,10.0,43,v10,ERT/raw,v10 ERT raw,106.86533425285617,93.88854930647592,119.25100186432512,95.12648613313036,81.09518364550735,108.53725143803433,43
cpx,cpx_only,T_C,P,5<=P<10,5.0,10.0,43,v10,ERT/alr,v10 ERT alr,109.1308667464193,95.61616538428378,121.60438912352788,97.05223035883921,82.93997710805145,110.68431128110383,43
cpx,cpx_only,T_C,P,5<=P<10,5.0,10.0,43,v10,ERT/pwlr,v10 ERT pwlr,100.5368309230377,88.12712383983468,112.90453290851646,87.50034887244492,74.2341652665239,100.61736271800292,43
cpx,cpx_only,P_kbar,P,5<=P<10,5.0,10.0,43,v10,ERT/raw,v10 ERT raw,5.12082563225172,3.721829751304109,6.329381996739,3.7920846869143716,2.810542501071383,4.849970522566828,43
cpx,cpx_only,P_kbar,P,5<=P<10,5.0,10.0,43,v10,ERT/alr,v10 ERT alr,5.129202920384361,4.2061743504786895,5.948545976813947,4.18643101592807,3.3070395184438155,5.115613184452822,43
cpx,cpx_only,P_kbar,P,5<=P<10,5.0,10.0,43,v10,ERT/pwlr,v10 ERT pwlr,5.44024092422131,4.129457251064285,6.580396427535977,4.287006110857436,3.3865017649095575,5.266022055041386,43
cpx,cpx_only,T_C,P,5<=P<10,5.0,10.0,43,v10,XGB/raw,v10 XGB raw,114.3315754373206,100.11076724324863,126.98688712850475,101.6891834347747,87.78537562170693,115.91426860010901,43
cpx,cpx_only,T_C,P,5<=P<10,5.0,10.0,43,v10,XGB/alr,v10 XGB alr,116.57211378616239,102.26540884757645,129.09732110781275,103.61621945403343,88.7815393492233,117.19542676349018,43
cpx,cpx_only,T_C,P,5<=P<10,5.0,10.0,43,v10,XGB/pwlr,v10 XGB pwlr,108.08512167872395,94.74094904428705,120.72365944734133,94.62749960256177,80.7310377608898,107.99503993544468,43
cpx,cpx_only,P_kbar,P,5<=P<10,5.0,10.0,43,v10,XGB/raw,v10 XGB raw,4.944503360730957,3.8122772079925875,5.982545391289847,3.9974837031475294,3.229994492627851,4.8217410971258925,43
cpx,cpx_only,P_kbar,P,5<=P<10,5.0,10.0,43,v10,XGB/alr,v10 XGB alr,8.693757336727991,4.728003005898447,12.56435352571906,5.360967264618981,3.5277463467731,7.760029722341266,43
cpx,cpx_only,P_kbar,P,5<=P<10,5.0,10.0,43,v10,XGB/pwlr,v10 XGB pwlr,10.626917900337405,7.515253247916907,13.898769291028334,8.089070127433846,6.221451039605912,10.473905671316828,38
cpx,cpx_only,T_C,P,5<=P<10,5.0,10.0,43,v10,GB/raw,v10 GB raw,110.013957998766,95.20564459793808,124.15657013647483,94.85101318142512,80.68277340269307,109.99285688197415,43
cpx,cpx_only,T_C,P,5<=P<10,5.0,10.0,43,v10,GB/alr,v10 GB alr,96.54267755302199,84.08134372528762,109.90667470310137,84.48423799219034,72.41287552770216,97.11674576050996,43
cpx,cpx_only,T_C,P,5<=P<10,5.0,10.0,43,v10,GB/pwlr,v10 GB pwlr,85.56792241031437,69.5984486745646,100.70088215890459,69.99277655086708,55.80205965876303,83.91067651249462,43
cpx,cpx_only,P_kbar,P,5<=P<10,5.0,10.0,43,v10,GB/raw,v10 GB raw,3.715798103059907,2.854411337960412,4.596349953077868,3.0341377504227567,2.4537142106740237,3.6825626136106155,43
cpx,cpx_only,P_kbar,P,5<=P<10,5.0,10.0,43,v10,GB/alr,v10 GB alr,7.521411919636806,6.0405329040740465,9.142284417972675,5.988593171955189,4.743884581400478,7.411161974945282,43
cpx,cpx_only,P_kbar,P,5<=P<10,5.0,10.0,43,v10,GB/pwlr,v10 GB pwlr,8.184268313729945,6.506720125556669,9.925716925955982,6.669978336449145,5.324321554568128,8.20243025683867,43
cpx,cpx_only,T_C,P,5<=P<10,5.0,10.0,43,v10,CatBoost/raw,v10 CatBoost raw,92.78828826535755,81.05700841040112,104.4572801909372,82.8082122656958,71.28213610689001,94.45023646688921,43
cpx,cpx_only,T_C,P,5<=P<10,5.0,10.0,43,v10,CatBoost/alr,v10 CatBoost alr,104.46067040340452,91.19011572377404,117.92204919568036,93.37370551367955,80.04031937888726,106.1508168780628,43
cpx,cpx_only,T_C,P,5<=P<10,5.0,10.0,43,v10,CatBoost/pwlr,v10 CatBoost pwlr,101.76167417681782,85.92868830575365,116.79328739952962,86.36938775048837,71.39651535760757,100.60066516500967,43
cpx,cpx_only,P_kbar,P,5<=P<10,5.0,10.0,43,v10,CatBoost/raw,v10 CatBoost raw,2.8237436470663373,2.2994529949419587,3.257025476235765,2.3923975878880883,1.9211485321566624,2.8036083154487623,43
cpx,cpx_only,P_kbar,P,5<=P<10,5.0,10.0,43,v10,CatBoost/alr,v10 CatBoost alr,4.940286373034722,4.042556953954123,5.903655050131203,3.89243142727463,3.079897634903898,4.942398808769387,43
cpx,cpx_only,P_kbar,P,5<=P<10,5.0,10.0,43,v10,CatBoost/pwlr,v10 CatBoost pwlr,12.548859188484627,9.539328872213217,15.553451322332647,9.058187399982577,6.645959819354515,11.704944707858846,43
cpx,cpx_only,T_C,P,5<=P<10,5.0,10.0,43,v10,LightGBM/raw,v10 LightGBM raw,108.0255336930341,96.32479439234149,119.40234774362418,97.6847692757091,85.16546547791778,110.00117737635131,43
cpx,cpx_only,T_C,P,5<=P<10,5.0,10.0,43,v10,LightGBM/alr,v10 LightGBM alr,100.83422511342621,87.50959770081316,112.61055519762164,89.19748595858928,77.24688781761736,102.0964393501763,43
cpx,cpx_only,T_C,P,5<=P<10,5.0,10.0,43,v10,LightGBM/pwlr,v10 LightGBM pwlr,95.06080786506911,80.98524885985859,108.61472665514033,81.90217212612274,68.33560037991799,95.03217981252274,43
cpx,cpx_only,P_kbar,P,5<=P<10,5.0,10.0,43,v10,LightGBM/raw,v10 LightGBM raw,5.677685932769234,4.371353258059181,7.03745213530537,4.436801687157054,3.4866986986580772,5.544855420182143,43
cpx,cpx_only,P_kbar,P,5<=P<10,5.0,10.0,43,v10,LightGBM/alr,v10 LightGBM alr,5.071790999422378,3.7438165534428887,6.318947388849081,3.9754322124718917,3.0831650263081585,4.864456035737883,43
cpx,cpx_only,P_kbar,P,5<=P<10,5.0,10.0,43,v10,LightGBM/pwlr,v10 LightGBM pwlr,7.792610370760794,6.5918591487764155,9.059605852547213,6.699983879658984,5.56223838768574,8.024828996910989,43
cpx,cpx_only,T_C,P,5<=P<10,5.0,10.0,43,v10,ElasticNet/raw,v10 ElasticNet raw,114.6848660184392,95.49333730692118,132.63611473108008,92.39846917086271,73.28161582006072,112.58731431305503,43
cpx,cpx_only,T_C,P,5<=P<10,5.0,10.0,43,v10,ElasticNet/alr,v10 ElasticNet alr,122.58135923231043,100.60376163958269,142.08653911481377,95.57917332692963,73.48374690543905,118.22084230296372,43
cpx,cpx_only,T_C,P,5<=P<10,5.0,10.0,43,v10,ElasticNet/pwlr,v10 ElasticNet pwlr,117.48014016493758,96.90821551745842,135.98852214346616,93.48653919939001,73.01877974843457,113.38007771178331,43
cpx,cpx_only,P_kbar,P,5<=P<10,5.0,10.0,43,v10,ElasticNet/raw,v10 ElasticNet raw,3.484481841125648,2.8238496057500124,4.10789832310379,2.773981787099986,2.1736271380447607,3.3703779134220633,43
cpx,cpx_only,P_kbar,P,5<=P<10,5.0,10.0,43,v10,ElasticNet/alr,v10 ElasticNet alr,2.526475784274958,1.972404966803319,3.014930508403032,2.0424795363166925,1.614734559873323,2.504467066479137,43
cpx,cpx_only,P_kbar,P,5<=P<10,5.0,10.0,43,v10,ElasticNet/pwlr,v10 ElasticNet pwlr,2.5742537741377016,1.729447865195851,3.37593855560523,1.9003986485442859,1.4306397722504476,2.4605859944540915,43
cpx,cpx_only,T_C,P,5<=P<10,5.0,10.0,43,v10,MLP/raw,v10 MLP raw,110.0343852679847,96.70439241203756,123.28529931275041,97.40972028743211,81.98517046729303,112.08180074325126,43
cpx,cpx_only,T_C,P,5<=P<10,5.0,10.0,43,v10,MLP/alr,v10 MLP alr,111.14385759224274,94.72220891178756,125.73588424164288,94.91298368570729,78.09469384872281,109.85514079380286,43
cpx,cpx_only,T_C,P,5<=P<10,5.0,10.0,43,v10,MLP/pwlr,v10 MLP pwlr,115.90194887499474,101.4778968647309,129.0577658320509,101.29012350751591,86.11217547663804,116.8587107466668,43
cpx,cpx_only,P_kbar,P,5<=P<10,5.0,10.0,43,v10,MLP/raw,v10 MLP raw,3.2925841359845354,2.305158040729713,4.310128057903208,2.556434455905055,1.9464051253662948,3.25206492943034,43
cpx,cpx_only,P_kbar,P,5<=P<10,5.0,10.0,43,v10,MLP/alr,v10 MLP alr,3.5080305684373645,2.5850094468607088,4.424171402624642,2.678122104560032,2.0608362338067843,3.383033131513897,43
cpx,cpx_only,P_kbar,P,5<=P<10,5.0,10.0,43,v10,MLP/pwlr,v10 MLP pwlr,4.148225575926782,3.3556551918507784,4.849566362808186,3.514027566507504,2.83984560922187,4.179951112977526,43
cpx,cpx_only,T_C,P,5<=P<10,5.0,10.0,43,Putirka,Putirka 32d,Putirka 32d,168.31042082482696,139.88424970332036,192.92200233502368,138.02652265941995,110.39225671198862,168.0909267014512,42
cpx,cpx_only,P_kbar,P,5<=P<10,5.0,10.0,43,Putirka,Putirka 32a,Putirka 32a,3.2671816767178123,2.664694121968432,3.8475381512192026,2.6275566148152967,2.0892012784262834,3.2061270398111006,43
cpx,cpx_only,P_kbar,P,5<=P<10,5.0,10.0,43,Putirka,Putirka 32b,Putirka 32b,3.5274474826847984,2.8587114861034912,4.1906322740247335,2.954220765427287,2.3939220170310858,3.5160296259880095,43
cpx,cpx_only,T_C,P,5<=P<10,5.0,10.0,43,Agreda,Agreda 2024,Agreda 2024,74.45942904497883,60.54870689910352,89.36806968947336,55.63547640068587,42.623468292591184,70.41947810372642,43
cpx,cpx_only,P_kbar,P,5<=P<10,5.0,10.0,43,Agreda,Agreda 2024,Agreda 2024,2.9562393441710353,2.3076349769770124,3.4443025374550764,2.307474269024848,1.701841461510325,2.8263004824869955,43
cpx,cpx_only,T_C,P,10<=P<20,10.0,20.0,296,v10,RF/raw,v10 RF raw,109.07278497908023,88.49055886824448,131.143369379959,73.39742974342087,64.47719171179314,83.10056340567839,296
cpx,cpx_only,T_C,P,10<=P<20,10.0,20.0,296,v10,RF/alr,v10 RF alr,113.17088224664043,91.29396198204772,136.69475151611294,75.7635419866375,66.32624143561428,85.69405210136507,296
cpx,cpx_only,T_C,P,10<=P<20,10.0,20.0,296,v10,RF/pwlr,v10 RF pwlr,108.2866336896598,88.20334987619019,129.93258391008965,73.17977528320594,64.3840418567083,82.18614051992166,296
cpx,cpx_only,P_kbar,P,10<=P<20,10.0,20.0,296,v10,RF/raw,v10 RF raw,5.540330402049105,3.667134498788496,7.563186724623665,3.160149385812122,2.7092276793854713,3.723864294482261,295
cpx,cpx_only,P_kbar,P,10<=P<20,10.0,20.0,296,v10,RF/alr,v10 RF alr,11.450832022279286,9.812408191635068,13.098768001243982,7.610252138356849,6.6271700252722505,8.704768391785876,295
cpx,cpx_only,P_kbar,P,10<=P<20,10.0,20.0,296,v10,RF/pwlr,v10 RF pwlr,6.888367620757548,5.617649495251904,8.087290292187685,4.254153569229413,3.637402777471469,4.887943969984912,296
cpx,cpx_only,T_C,P,10<=P<20,10.0,20.0,296,v10,ERT/raw,v10 ERT raw,113.41298012247682,86.2865896619939,140.71662941298882,72.20670577802652,63.029321821740275,82.76791742800964,296
cpx,cpx_only,T_C,P,10<=P<20,10.0,20.0,296,v10,ERT/alr,v10 ERT alr,108.2526435336819,87.34465704404442,129.89292597960883,70.9906043581641,62.163021400785844,80.87988746847381,296
cpx,cpx_only,T_C,P,10<=P<20,10.0,20.0,296,v10,ERT/pwlr,v10 ERT pwlr,107.03438215135542,88.07511568174233,125.76244148813117,71.09946829202602,62.50089645774121,80.68974374073392,296
cpx,cpx_only,P_kbar,P,10<=P<20,10.0,20.0,296,v10,ERT/raw,v10 ERT raw,5.75129527313839,3.6086384069372754,8.030443602089509,3.178094247223276,2.7068396796563836,3.8203564357603734,295
cpx,cpx_only,P_kbar,P,10<=P<20,10.0,20.0,296,v10,ERT/alr,v10 ERT alr,6.678199109906336,4.442464705244865,8.980582040471315,3.6826980202421375,3.0955383724692753,4.365694816449382,296
cpx,cpx_only,P_kbar,P,10<=P<20,10.0,20.0,296,v10,ERT/pwlr,v10 ERT pwlr,6.428504412866276,4.197860189358462,8.66376089516673,3.526238145233289,2.952535225777967,4.149183577791266,296
cpx,cpx_only,T_C,P,10<=P<20,10.0,20.0,296,v10,XGB/raw,v10 XGB raw,109.71918151592513,88.7169684296145,131.49313810178805,73.35943954055374,64.59067902951627,82.63055419921875,296
cpx,cpx_only,T_C,P,10<=P<20,10.0,20.0,296,v10,XGB/alr,v10 XGB alr,112.11428692313355,90.46594666017683,134.56948917672122,73.51819775555585,64.24157308114542,83.6588537731686,296
cpx,cpx_only,T_C,P,10<=P<20,10.0,20.0,296,v10,XGB/pwlr,v10 XGB pwlr,105.25446624239625,89.1200279986088,121.80749120999906,75.53392152528505,67.5441886180156,83.78349535143053,296
cpx,cpx_only,P_kbar,P,10<=P<20,10.0,20.0,296,v10,XGB/raw,v10 XGB raw,6.516003790030159,4.833081833379206,8.442174113641444,4.084176813869149,3.5416758411031632,4.7177509701454,295
cpx,cpx_only,P_kbar,P,10<=P<20,10.0,20.0,296,v10,XGB/alr,v10 XGB alr,8.089612211231914,6.054787252226594,9.89350164660227,4.549774703494572,3.824586314811543,5.330797877432933,295
cpx,cpx_only,P_kbar,P,10<=P<20,10.0,20.0,296,v10,XGB/pwlr,v10 XGB pwlr,8.679689157560794,7.393491829849882,10.075508653205793,5.66914174929767,4.941127714368756,6.438132530653535,294
cpx,cpx_only,T_C,P,10<=P<20,10.0,20.0,296,v10,GB/raw,v10 GB raw,108.60451044222991,87.61347110556912,130.57175239713672,71.91827693805885,63.288688210299064,81.21810595323942,296
cpx,cpx_only,T_C,P,10<=P<20,10.0,20.0,296,v10,GB/alr,v10 GB alr,109.2404704425298,91.00041439500602,128.88849338947253,74.65044902540876,65.78658072511693,83.6559270865495,296
cpx,cpx_only,T_C,P,10<=P<20,10.0,20.0,296,v10,GB/pwlr,v10 GB pwlr,107.26340523140885,91.05752380653676,123.45265544725389,75.99080309919098,67.86662416737603,84.61204457863175,296
cpx,cpx_only,P_kbar,P,10<=P<20,10.0,20.0,296,v10,GB/raw,v10 GB raw,6.110017994194768,4.908266903485313,7.564536299762105,4.062907692075199,3.586624756828168,4.608775077926091,295
cpx,cpx_only,P_kbar,P,10<=P<20,10.0,20.0,296,v10,GB/alr,v10 GB alr,8.327957991651722,6.3783818280467,10.142249205368936,5.344952362503666,4.651114632261169,6.071650991984903,295
cpx,cpx_only,P_kbar,P,10<=P<20,10.0,20.0,296,v10,GB/pwlr,v10 GB pwlr,7.557692698501886,5.89933824401553,9.242074394178887,4.696488244540764,4.093540186744999,5.374403807325765,296
cpx,cpx_only,T_C,P,10<=P<20,10.0,20.0,296,v10,CatBoost/raw,v10 CatBoost raw,112.84258205692868,91.19006254424247,135.80703298990434,76.36030674425389,67.05279444937537,85.98792453551143,296
cpx,cpx_only,T_C,P,10<=P<20,10.0,20.0,296,v10,CatBoost/alr,v10 CatBoost alr,115.3504811667349,94.50888633161476,137.33321681220147,81.80350475533984,72.7302858631979,91.3847261846367,296
cpx,cpx_only,T_C,P,10<=P<20,10.0,20.0,296,v10,CatBoost/pwlr,v10 CatBoost pwlr,115.00185962131155,96.4919336281856,134.90594830331486,82.43877645876708,73.36785497176082,91.76184865135552,296
cpx,cpx_only,P_kbar,P,10<=P<20,10.0,20.0,296,v10,CatBoost/raw,v10 CatBoost raw,5.7579221964211,4.363387288848869,7.4104940937995725,3.8497808209210875,3.3814178835183264,4.431530799508189,295
cpx,cpx_only,P_kbar,P,10<=P<20,10.0,20.0,296,v10,CatBoost/alr,v10 CatBoost alr,7.46793948427435,6.078174963278125,8.964476490314368,5.149825965202845,4.524207569026126,5.822692973235239,295
cpx,cpx_only,P_kbar,P,10<=P<20,10.0,20.0,296,v10,CatBoost/pwlr,v10 CatBoost pwlr,7.590379109344176,6.250477611191453,8.966588558318248,4.895294469750293,4.179534960360626,5.5632161032377345,296
cpx,cpx_only,T_C,P,10<=P<20,10.0,20.0,296,v10,LightGBM/raw,v10 LightGBM raw,112.54044120427295,92.64392218788907,133.91983195563864,78.56001833359592,70.16733278187579,87.14777944750026,296
cpx,cpx_only,T_C,P,10<=P<20,10.0,20.0,296,v10,LightGBM/alr,v10 LightGBM alr,111.28983267105583,93.04218320105151,131.10609970092023,77.5976781010124,68.66241873875572,86.36924765807017,296
cpx,cpx_only,T_C,P,10<=P<20,10.0,20.0,296,v10,LightGBM/pwlr,v10 LightGBM pwlr,106.48239284217459,88.87716865763514,124.69857781131715,72.99726345833592,64.57905860092892,81.50415733962485,296
cpx,cpx_only,P_kbar,P,10<=P<20,10.0,20.0,296,v10,LightGBM/raw,v10 LightGBM raw,6.125249390851931,4.631821037676472,7.842529196612026,3.8619845709949683,3.3873269566650013,4.422329475198043,295
cpx,cpx_only,P_kbar,P,10<=P<20,10.0,20.0,296,v10,LightGBM/alr,v10 LightGBM alr,8.030732132009636,6.290207715183041,9.926469861330302,4.846281056014972,4.166921957230212,5.62540077084142,296
cpx,cpx_only,P_kbar,P,10<=P<20,10.0,20.0,296,v10,LightGBM/pwlr,v10 LightGBM pwlr,7.182156681629006,5.398715115350572,8.998005866651377,4.626838449931494,4.08379687767231,5.247710432339855,296
cpx,cpx_only,T_C,P,10<=P<20,10.0,20.0,296,v10,ElasticNet/raw,v10 ElasticNet raw,121.69084051209191,96.62600248643945,146.6890653426169,74.78041746151288,64.49062583303002,86.3095946627012,296
cpx,cpx_only,T_C,P,10<=P<20,10.0,20.0,296,v10,ElasticNet/alr,v10 ElasticNet alr,122.18655726124008,100.28746009212328,143.73184027368308,77.17589664787707,67.07366939517604,88.1520695626072,296
cpx,cpx_only,T_C,P,10<=P<20,10.0,20.0,296,v10,ElasticNet/pwlr,v10 ElasticNet pwlr,129.71539203871632,108.78232126970084,150.70135995044163,86.28805940942016,75.35769645681563,97.20996911384276,296
cpx,cpx_only,P_kbar,P,10<=P<20,10.0,20.0,296,v10,ElasticNet/raw,v10 ElasticNet raw,6.596308816373834,4.217003321486513,8.839373411883955,3.7105066720228486,3.151266323819414,4.363943630488827,296
cpx,cpx_only,P_kbar,P,10<=P<20,10.0,20.0,296,v10,ElasticNet/alr,v10 ElasticNet alr,5.966751211000995,3.224080185691671,8.30206004078876,2.604622252576307,2.0497554880030138,3.2834067842343813,296
cpx,cpx_only,P_kbar,P,10<=P<20,10.0,20.0,296,v10,ElasticNet/pwlr,v10 ElasticNet pwlr,6.970633760400822,3.8669430759388423,9.685960708603389,3.0658995120444095,2.4053605822961934,3.867719626413886,296
cpx,cpx_only,T_C,P,10<=P<20,10.0,20.0,296,v10,MLP/raw,v10 MLP raw,121.6402983414452,106.58374675088572,137.22131527030646,91.40165340873229,82.33930970760994,99.96699939077453,296
cpx,cpx_only,T_C,P,10<=P<20,10.0,20.0,296,v10,MLP/alr,v10 MLP alr,116.29076963756675,103.51170561503093,128.46485977789445,90.90170046512675,82.01779112803901,98.56028801779883,296
cpx,cpx_only,T_C,P,10<=P<20,10.0,20.0,296,v10,MLP/pwlr,v10 MLP pwlr,117.24643859947928,101.5472371579015,133.6833797608223,86.51421235060101,77.00491722567611,95.91263492712534,296
cpx,cpx_only,P_kbar,P,10<=P<20,10.0,20.0,296,v10,MLP/raw,v10 MLP raw,6.77426524711851,4.246782686113989,9.433369988606787,4.0145209559866935,3.4698350241282143,4.765014494567346,295
cpx,cpx_only,P_kbar,P,10<=P<20,10.0,20.0,296,v10,MLP/alr,v10 MLP alr,7.431072549506059,5.572087201738391,9.621541411350112,4.938828621958593,4.322592041576939,5.648834141491195,296
cpx,cpx_only,P_kbar,P,10<=P<20,10.0,20.0,296,v10,MLP/pwlr,v10 MLP pwlr,7.4141667679547725,6.045574507335225,8.822701365363033,5.193548958381504,4.575341054600612,5.79262999797209,296
cpx,cpx_only,T_C,P,10<=P<20,10.0,20.0,296,Putirka,Putirka 32d,Putirka 32d,134.3960946651953,114.07215344905536,154.4174111203882,81.66327515559573,70.0396614005552,93.84169594036581,296
cpx,cpx_only,P_kbar,P,10<=P<20,10.0,20.0,296,Putirka,Putirka 32a,Putirka 32a,4.754721127889114,2.939445044881721,6.857470814045179,2.490146979228973,2.0809891656851476,2.9991554826789453,293
cpx,cpx_only,P_kbar,P,10<=P<20,10.0,20.0,296,Putirka,Putirka 32b,Putirka 32b,4.437749191728137,3.6372128279073985,5.180419883811589,2.914909854000818,2.508766892385965,3.3082287673882766,294
cpx,cpx_only,T_C,P,10<=P<20,10.0,20.0,296,Agreda,Agreda 2024,Agreda 2024,71.79040678954225,54.79344701637535,89.45341297988222,37.239517565917325,30.63075423374571,44.29734936278011,296
cpx,cpx_only,P_kbar,P,10<=P<20,10.0,20.0,296,Agreda,Agreda 2024,Agreda 2024,2.8534069621354443,2.316705011359088,3.4173603410845774,1.5758067726408007,1.319239401716356,1.8741095010720137,296
cpx,cpx_only,T_C,P,20<=P<40,20.0,40.0,148,v10,RF/raw,v10 RF raw,146.47855929975788,99.00738633843142,196.4984134698472,84.68044610951696,68.21586875555238,105.4178229515487,148
cpx,cpx_only,T_C,P,20<=P<40,20.0,40.0,148,v10,RF/alr,v10 RF alr,154.09304548730174,107.63351436936749,201.43896107062292,88.20847075798433,69.4162820831062,109.32484341908362,148
cpx,cpx_only,T_C,P,20<=P<40,20.0,40.0,148,v10,RF/pwlr,v10 RF pwlr,150.3041138728715,102.96883620006068,197.97376533332744,82.55721747469605,65.39561998736501,104.60141104452597,148
cpx,cpx_only,P_kbar,P,20<=P<40,20.0,40.0,148,v10,RF/raw,v10 RF raw,8.790081177316495,6.771104542037513,10.955546200285863,5.734216965048653,4.714538622847706,6.9053303360270775,148
cpx,cpx_only,P_kbar,P,20<=P<40,20.0,40.0,148,v10,RF/alr,v10 RF alr,14.898532018552437,12.661216851378825,17.37161845671051,11.071209191633905,9.578511208112957,12.840437737402523,146
cpx,cpx_only,P_kbar,P,20<=P<40,20.0,40.0,148,v10,RF/pwlr,v10 RF pwlr,9.04057440570179,6.643353193218352,11.376229305659365,5.555312429738759,4.473126472956773,6.68779924644069,147
cpx,cpx_only,T_C,P,20<=P<40,20.0,40.0,148,v10,ERT/raw,v10 ERT raw,144.27073711923342,97.5174531098723,190.8650886867859,85.29956414440524,68.92832643348886,104.77621037274325,148
cpx,cpx_only,T_C,P,20<=P<40,20.0,40.0,148,v10,ERT/alr,v10 ERT alr,138.2065921940094,100.03008693795789,178.2627352731449,87.21886761726076,72.11867652798601,105.41393226985731,148
cpx,cpx_only,T_C,P,20<=P<40,20.0,40.0,148,v10,ERT/pwlr,v10 ERT pwlr,134.11820549606563,95.30490793066465,175.84047270047012,79.28491373033636,63.26076919163952,97.31135682725936,148
cpx,cpx_only,P_kbar,P,20<=P<40,20.0,40.0,148,v10,ERT/raw,v10 ERT raw,8.696413160394082,7.171830701560594,10.569792482681008,5.747029008765113,4.792878648947148,6.840963440460682,147
cpx,cpx_only,P_kbar,P,20<=P<40,20.0,40.0,148,v10,ERT/alr,v10 ERT alr,9.268589048613364,7.532925968151392,11.187830214631685,6.4793735456875785,5.496553545294173,7.68309200118436,147
cpx,cpx_only,P_kbar,P,20<=P<40,20.0,40.0,148,v10,ERT/pwlr,v10 ERT pwlr,9.941738294118421,7.658979855295768,12.392177679199984,6.409783003485468,5.361747104709574,7.723414616420102,148
cpx,cpx_only,T_C,P,20<=P<40,20.0,40.0,148,v10,XGB/raw,v10 XGB raw,153.1713599401284,112.46927655372036,197.2109257339289,98.2091716044658,81.3537791690311,118.00698580355258,148
cpx,cpx_only,T_C,P,20<=P<40,20.0,40.0,148,v10,XGB/alr,v10 XGB alr,158.23063376199661,119.39514353463476,199.16258056085013,104.60989462362754,87.05525209581529,124.3773463893581,148
cpx,cpx_only,T_C,P,20<=P<40,20.0,40.0,148,v10,XGB/pwlr,v10 XGB pwlr,136.9443661782069,100.46350688891674,176.10915662871545,86.0029103047139,70.83511080355258,104.161403470426,148
cpx,cpx_only,P_kbar,P,20<=P<40,20.0,40.0,148,v10,XGB/raw,v10 XGB raw,8.915421838045468,6.848811186758438,11.401627431888855,5.619211631852229,4.599631340036525,6.868917981192869,148
cpx,cpx_only,P_kbar,P,20<=P<40,20.0,40.0,148,v10,XGB/alr,v10 XGB alr,9.939327688586934,6.800069838820828,13.151440534675778,6.106030662854515,4.9813085479868775,7.596999225599904,144
cpx,cpx_only,P_kbar,P,20<=P<40,20.0,40.0,148,v10,XGB/pwlr,v10 XGB pwlr,9.373062979553936,6.716531839570838,12.024812153285446,6.116407472793372,5.048083750597423,7.308618760190604,146
cpx,cpx_only,T_C,P,20<=P<40,20.0,40.0,148,v10,GB/raw,v10 GB raw,152.272676278076,111.2019313814978,196.12662897329966,94.69451157466042,77.86449228715475,115.19035102559856,148
cpx,cpx_only,T_C,P,20<=P<40,20.0,40.0,148,v10,GB/alr,v10 GB alr,153.69911496909074,114.10444752493648,196.1920504237893,99.8985622041976,83.60017385513429,120.66769225187542,148
cpx,cpx_only,T_C,P,20<=P<40,20.0,40.0,148,v10,GB/pwlr,v10 GB pwlr,138.82062118335477,99.90441537435656,178.09651334337553,80.68815866361497,65.47213001325522,100.06912131290821,148
cpx,cpx_only,P_kbar,P,20<=P<40,20.0,40.0,148,v10,GB/raw,v10 GB raw,10.227474910514772,8.181785118786435,12.392217497343616,6.414716932719348,5.1812881161494975,7.76344858406922,148
cpx,cpx_only,P_kbar,P,20<=P<40,20.0,40.0,148,v10,GB/alr,v10 GB alr,10.363666368087841,7.50015691716407,12.989286823589547,6.0780139602816075,4.724130294515344,7.466999078305924,145
cpx,cpx_only,P_kbar,P,20<=P<40,20.0,40.0,148,v10,GB/pwlr,v10 GB pwlr,9.138314022516688,6.7464871169543645,11.253381557261928,5.391250485838071,4.166511503835294,6.542449467953531,146
cpx,cpx_only,T_C,P,20<=P<40,20.0,40.0,148,v10,CatBoost/raw,v10 CatBoost raw,138.89759152802216,101.90356933683466,180.426896586936,86.30606805393168,70.67668556721777,105.84911858402037,148
cpx,cpx_only,T_C,P,20<=P<40,20.0,40.0,148,v10,CatBoost/alr,v10 CatBoost alr,143.14112039838565,103.52776115279131,182.17010104989802,82.12480230613923,65.69216296362829,101.13878315973398,148
cpx,cpx_only,T_C,P,20<=P<40,20.0,40.0,148,v10,CatBoost/pwlr,v10 CatBoost pwlr,136.0993748585882,96.83946741453441,175.8041375778081,77.79376463359033,60.407737500622886,96.37675463638104,148
cpx,cpx_only,P_kbar,P,20<=P<40,20.0,40.0,148,v10,CatBoost/raw,v10 CatBoost raw,9.89632843583668,7.6541859907894425,12.22738541943658,6.248284269631021,5.022071983886914,7.5149728206427655,148
cpx,cpx_only,P_kbar,P,20<=P<40,20.0,40.0,148,v10,CatBoost/alr,v10 CatBoost alr,12.51062632818499,10.381318014996644,14.515751218565155,9.247092268456278,7.85966610637841,10.637328920743961,145
cpx,cpx_only,P_kbar,P,20<=P<40,20.0,40.0,148,v10,CatBoost/pwlr,v10 CatBoost pwlr,10.190219569171436,7.908406875380967,12.591048372965464,7.020405558722367,5.907943772144189,8.260139892743622,147
cpx,cpx_only,T_C,P,20<=P<40,20.0,40.0,148,v10,LightGBM/raw,v10 LightGBM raw,148.93733574933398,103.46083118233489,196.12416957281536,84.53938136151014,66.87527598753363,104.86713718863268,148
cpx,cpx_only,T_C,P,20<=P<40,20.0,40.0,148,v10,LightGBM/alr,v10 LightGBM alr,157.0096947329486,117.49237343083709,199.300097051599,102.7484280932811,86.64430276930693,124.00742211246728,148
cpx,cpx_only,T_C,P,20<=P<40,20.0,40.0,148,v10,LightGBM/pwlr,v10 LightGBM pwlr,139.5800051454431,101.381250511914,177.2023490639364,83.02233914984295,66.77763418263841,101.16804799712342,148
cpx,cpx_only,P_kbar,P,20<=P<40,20.0,40.0,148,v10,LightGBM/raw,v10 LightGBM raw,9.484396432298993,7.6634060475023045,11.609649754075853,6.376128061782968,5.362114556914558,7.594040829972861,148
cpx,cpx_only,P_kbar,P,20<=P<40,20.0,40.0,148,v10,LightGBM/alr,v10 LightGBM alr,9.119104695347676,7.1878469084493,11.228631509957891,5.989940139613581,4.963090705855756,7.139998489094974,146
cpx,cpx_only,P_kbar,P,20<=P<40,20.0,40.0,148,v10,LightGBM/pwlr,v10 LightGBM pwlr,8.268571478971904,6.011911590778844,10.249482399719486,4.863653407390243,3.7573718692704503,5.883371952397657,146
cpx,cpx_only,T_C,P,20<=P<40,20.0,40.0,148,v10,ElasticNet/raw,v10 ElasticNet raw,169.68040741319035,136.46402518798212,205.28428516754317,118.2050336876498,99.18187609867606,137.02401809564296,148
cpx,cpx_only,T_C,P,20<=P<40,20.0,40.0,148,v10,ElasticNet/alr,v10 ElasticNet alr,168.5022292724867,140.25684554469248,200.89853783181505,124.63850056579675,107.5038671427521,141.64586046485172,148
cpx,cpx_only,T_C,P,20<=P<40,20.0,40.0,148,v10,ElasticNet/pwlr,v10 ElasticNet pwlr,164.32515186022283,134.34369547980737,197.31411915539312,119.22647759317564,103.22103186922136,137.81831366733383,148
cpx,cpx_only,P_kbar,P,20<=P<40,20.0,40.0,148,v10,ElasticNet/raw,v10 ElasticNet raw,10.65008461193426,8.443535427579768,12.807735213181298,7.48654105645268,6.393021547257041,8.744874285688292,148
cpx,cpx_only,P_kbar,P,20<=P<40,20.0,40.0,148,v10,ElasticNet/alr,v10 ElasticNet alr,11.461457936764363,9.454225315189705,13.759871342295309,8.70690662172337,7.609715999060839,9.994966827643687,148
cpx,cpx_only,P_kbar,P,20<=P<40,20.0,40.0,148,v10,ElasticNet/pwlr,v10 ElasticNet pwlr,11.193534203433298,9.21618906252821,13.460238331261737,8.552885215364016,7.47238106802072,9.89493019875265,147
cpx,cpx_only,T_C,P,20<=P<40,20.0,40.0,148,v10,MLP/raw,v10 MLP raw,143.50170604284165,114.46612688511465,175.85756618493775,97.30891105317924,82.56074034269713,115.6528133000297,148
cpx,cpx_only,T_C,P,20<=P<40,20.0,40.0,148,v10,MLP/alr,v10 MLP alr,136.26248841561755,111.79049078832475,159.93515607584513,96.24292902508628,80.80742414809262,110.48019303404335,148
cpx,cpx_only,T_C,P,20<=P<40,20.0,40.0,148,v10,MLP/pwlr,v10 MLP pwlr,129.30514824811272,90.55441000884788,177.08934006657597,78.26867440096228,62.2530800832018,98.51995352690861,148
cpx,cpx_only,P_kbar,P,20<=P<40,20.0,40.0,148,v10,MLP/raw,v10 MLP raw,11.175412881622698,8.70525223734713,13.861279135606685,7.423469214638859,6.178884086400612,8.935469892279496,147
cpx,cpx_only,P_kbar,P,20<=P<40,20.0,40.0,148,v10,MLP/alr,v10 MLP alr,10.3466878747371,7.97546156869425,12.844561096250581,6.8154383086570665,5.6120695730818,8.178022232736659,148
cpx,cpx_only,P_kbar,P,20<=P<40,20.0,40.0,148,v10,MLP/pwlr,v10 MLP pwlr,9.791170550496656,7.14794812777413,12.651421333200801,6.121985656416404,4.864400504723178,7.5092296335584985,148
cpx,cpx_only,T_C,P,20<=P<40,20.0,40.0,148,Putirka,Putirka 32d,Putirka 32d,171.2969685753769,131.72728557052017,206.2772779655011,103.85112949490365,82.30529351165846,124.87896725780101,148
cpx,cpx_only,P_kbar,P,20<=P<40,20.0,40.0,148,Putirka,Putirka 32a,Putirka 32a,9.161779938171497,6.314769567425696,12.104404185499314,5.497182964819837,4.435479799181006,6.650395556671109,145
cpx,cpx_only,P_kbar,P,20<=P<40,20.0,40.0,148,Putirka,Putirka 32b,Putirka 32b,7.851887921603431,6.9240891817245105,8.780589911563704,6.341935671299096,5.626783903158754,7.099081086286652,143
cpx,cpx_only,T_C,P,20<=P<40,20.0,40.0,148,Agreda,Agreda 2024,Agreda 2024,108.59532841993159,85.19140110256666,132.33717170204488,76.5937109340385,65.34106738985818,90.18477805020488,148
cpx,cpx_only,P_kbar,P,20<=P<40,20.0,40.0,148,Agreda,Agreda 2024,Agreda 2024,8.323718988636896,7.233906318481005,9.553801097441227,6.578656342635688,5.813576227357309,7.4422708981532,148
cpx,cpx_only,T_C,P,P>=40,40.0,1000.0,61,v10,RF/raw,v10 RF raw,351.96211977809406,297.01964317343646,405.865862140233,292.19140078888137,247.12113349303186,342.5550628337976,61
cpx,cpx_only,T_C,P,P>=40,40.0,1000.0,61,v10,RF/alr,v10 RF alr,307.27634368392154,267.28824173700536,348.1746463842707,261.0456822692709,220.64135749304245,301.72947081657827,61
cpx,cpx_only,T_C,P,P>=40,40.0,1000.0,61,v10,RF/pwlr,v10 RF pwlr,317.06554212295526,267.2575546742741,364.8226858214676,258.60637979788766,215.83899836806063,303.0450018272253,61
cpx,cpx_only,P_kbar,P,P>=40,40.0,1000.0,61,v10,RF/raw,v10 RF raw,42.66347710240805,35.202923481813144,49.57023187897925,33.40423300500464,26.96525981798335,39.87264530065233,58
cpx,cpx_only,P_kbar,P,P>=40,40.0,1000.0,61,v10,RF/alr,v10 RF alr,27.514593636132524,21.70204092368474,32.66824583729015,22.22715244542079,17.610735720059942,27.289099110877498,47
cpx,cpx_only,P_kbar,P,P>=40,40.0,1000.0,61,v10,RF/pwlr,v10 RF pwlr,35.08581241251177,29.110769408761715,41.421173984805726,28.72879339127946,23.837619192600133,34.368734619480605,50
cpx,cpx_only,T_C,P,P>=40,40.0,1000.0,61,v10,ERT/raw,v10 ERT raw,337.60473856719074,295.15897408546357,379.15102978138765,288.18706869056456,246.3889239211876,330.6310883700815,61
cpx,cpx_only,T_C,P,P>=40,40.0,1000.0,61,v10,ERT/alr,v10 ERT alr,291.12070087746173,256.9348473868692,325.0351162675487,249.59686361724528,214.40788947542075,286.7324954084747,61
cpx,cpx_only,T_C,P,P>=40,40.0,1000.0,61,v10,ERT/pwlr,v10 ERT pwlr,266.0460500867987,232.4404538846132,301.57604162439134,227.8922076077354,195.9721374300845,264.75282224149515,61
cpx,cpx_only,P_kbar,P,P>=40,40.0,1000.0,61,v10,ERT/raw,v10 ERT raw,42.92282960255183,34.63265052591485,50.840436282222626,33.634227135345455,27.264344314910968,40.6710351665207,57
cpx,cpx_only,P_kbar,P,P>=40,40.0,1000.0,61,v10,ERT/alr,v10 ERT alr,41.80097986123187,33.880868355766275,48.70716454300717,32.21069167232595,25.519131352937606,38.83250040969347,60
cpx,cpx_only,P_kbar,P,P>=40,40.0,1000.0,61,v10,ERT/pwlr,v10 ERT pwlr,41.81982866941601,34.60050255190873,49.52851787004061,33.244149571143296,26.741621004224363,40.585916426844776,54
cpx,cpx_only,T_C,P,P>=40,40.0,1000.0,61,v10,XGB/raw,v10 XGB raw,334.73826511089123,290.9774336624233,377.8577079765219,288.56072697873975,249.3880681272413,332.31184637351106,61
cpx,cpx_only,T_C,P,P>=40,40.0,1000.0,61,v10,XGB/alr,v10 XGB alr,308.4527077715831,271.7986183639356,345.6857106937226,265.8578161020748,230.4616783267162,306.09854621261843,61
cpx,cpx_only,T_C,P,P>=40,40.0,1000.0,61,v10,XGB/pwlr,v10 XGB pwlr,294.4386052378368,258.6508713777411,334.1379127298659,249.08931144339138,213.01112055543993,291.5398769191054,61
cpx,cpx_only,P_kbar,P,P>=40,40.0,1000.0,61,v10,XGB/raw,v10 XGB raw,43.862772934460004,35.36448726733284,51.894248353007995,34.19578038600453,27.73622835498107,41.083314765859065,57
cpx,cpx_only,P_kbar,P,P>=40,40.0,1000.0,61,v10,XGB/alr,v10 XGB alr,36.69287675842604,31.05184850758439,42.15564180395754,32.72216930450537,27.45933177471161,38.26179988368963,39
cpx,cpx_only,P_kbar,P,P>=40,40.0,1000.0,61,v10,XGB/pwlr,v10 XGB pwlr,32.42828218243042,26.147555197367478,38.610328388663056,26.918207625548046,22.449942808349928,31.899191718300184,48
cpx,cpx_only,T_C,P,P>=40,40.0,1000.0,61,v10,GB/raw,v10 GB raw,345.6506315176026,297.0090260574314,391.49981419808313,293.551232977428,249.5207729947765,338.9672821803892,61
cpx,cpx_only,T_C,P,P>=40,40.0,1000.0,61,v10,GB/alr,v10 GB alr,339.3894123766635,290.23940870539667,386.8409843847522,282.9421762168366,239.003524196766,331.8624982072571,61
cpx,cpx_only,T_C,P,P>=40,40.0,1000.0,61,v10,GB/pwlr,v10 GB pwlr,297.7867705415747,256.8139776861181,337.993249027183,246.08232101052064,206.6885559374964,288.48881322567826,61
cpx,cpx_only,P_kbar,P,P>=40,40.0,1000.0,61,v10,GB/raw,v10 GB raw,42.97269493457285,34.72692633584807,49.941801004275646,34.899420328580725,28.082058698551428,41.72823959154531,55
cpx,cpx_only,P_kbar,P,P>=40,40.0,1000.0,61,v10,GB/alr,v10 GB alr,29.27108168713496,23.728514862981633,34.320277387002314,23.77195320651851,18.980010396229254,29.216720656218058,45
cpx,cpx_only,P_kbar,P,P>=40,40.0,1000.0,61,v10,GB/pwlr,v10 GB pwlr,36.63499121326983,30.345538233939266,42.88262871452921,30.257827711620756,25.373709728382867,36.08178877863754,51
cpx,cpx_only,T_C,P,P>=40,40.0,1000.0,61,v10,CatBoost/raw,v10 CatBoost raw,323.1839325607459,279.5502485168953,365.52815722489555,274.9897585031574,235.13948950001569,316.1740410071391,61
cpx,cpx_only,T_C,P,P>=40,40.0,1000.0,61,v10,CatBoost/alr,v10 CatBoost alr,288.4368262898413,254.11231127088078,322.5152205486667,249.70514543276906,216.13222020282606,286.24833197597957,61
cpx,cpx_only,T_C,P,P>=40,40.0,1000.0,61,v10,CatBoost/pwlr,v10 CatBoost pwlr,287.41352418195135,254.95215202194066,322.1685592092729,252.52021447105642,220.11934535338412,289.05901748214,61
cpx,cpx_only,P_kbar,P,P>=40,40.0,1000.0,61,v10,CatBoost/raw,v10 CatBoost raw,45.290037623892395,36.7066330063614,53.67522498543372,36.480394466118334,29.7875464390668,44.29401600237475,53
cpx,cpx_only,P_kbar,P,P>=40,40.0,1000.0,61,v10,CatBoost/alr,v10 CatBoost alr,36.455875744352,29.961690363240912,44.05277670695366,29.73202975542295,24.4419128099133,36.43834525786767,50
cpx,cpx_only,P_kbar,P,P>=40,40.0,1000.0,61,v10,CatBoost/pwlr,v10 CatBoost pwlr,37.779922562975635,30.253131841054124,47.29434604092194,29.614008198015558,24.094304772940372,37.007381694904616,53
cpx,cpx_only,T_C,P,P>=40,40.0,1000.0,61,v10,LightGBM/raw,v10 LightGBM raw,341.75707730286,289.5101720538225,393.2520979115845,286.4197857833968,242.51774464988426,332.8381192875568,61
cpx,cpx_only,T_C,P,P>=40,40.0,1000.0,61,v10,LightGBM/alr,v10 LightGBM alr,326.1557285166827,281.599322586412,370.6526440612806,269.9841270812522,227.46074186996103,317.10893579275955,61
cpx,cpx_only,T_C,P,P>=40,40.0,1000.0,61,v10,LightGBM/pwlr,v10 LightGBM pwlr,297.39439930020455,256.8612970014762,337.25109525123725,245.07103939010383,205.90788109830294,286.6154570188862,61
cpx,cpx_only,P_kbar,P,P>=40,40.0,1000.0,61,v10,LightGBM/raw,v10 LightGBM raw,42.391542148832464,34.07271556568053,49.94978686331041,32.94710261155696,26.595696868536894,40.30463587584884,56
cpx,cpx_only,P_kbar,P,P>=40,40.0,1000.0,61,v10,LightGBM/alr,v10 LightGBM alr,31.569859958418167,26.80738251514369,35.937277987651136,26.54468671254064,21.59781193567594,31.52705334658721,45
cpx,cpx_only,P_kbar,P,P>=40,40.0,1000.0,61,v10,LightGBM/pwlr,v10 LightGBM pwlr,34.48093149115163,28.954267829271522,40.7842257944423,27.86912903157057,23.174469580944095,33.983276068867866,50
cpx,cpx_only,T_C,P,P>=40,40.0,1000.0,61,v10,ElasticNet/raw,v10 ElasticNet raw,321.6278471838809,290.23720701280615,350.3423649639776,288.6769440780822,254.7567575940391,324.0037739298041,61
cpx,cpx_only,T_C,P,P>=40,40.0,1000.0,61,v10,ElasticNet/alr,v10 ElasticNet alr,317.57688016071404,289.28066495372536,347.5031359903376,287.08145505479683,253.9369705892015,322.9399760812417,61
cpx,cpx_only,T_C,P,P>=40,40.0,1000.0,61,v10,ElasticNet/pwlr,v10 ElasticNet pwlr,313.80601819603874,284.35761812449476,345.0505038000942,281.43533720974915,247.75362163928705,317.5246654461967,61
cpx,cpx_only,P_kbar,P,P>=40,40.0,1000.0,61,v10,ElasticNet/raw,v10 ElasticNet raw,50.98466116363299,40.976098779570464,59.80669984809471,41.61556335318158,34.3275409261182,49.43888446658302,56
cpx,cpx_only,P_kbar,P,P>=40,40.0,1000.0,61,v10,ElasticNet/alr,v10 ElasticNet alr,49.99517507561492,41.60892671522584,57.48979517709346,40.67337193991068,33.73615215407693,47.73556345631105,57
cpx,cpx_only,P_kbar,P,P>=40,40.0,1000.0,61,v10,ElasticNet/pwlr,v10 ElasticNet pwlr,48.45971988108842,39.462973458409905,56.589660661096275,39.87797292942923,33.04360576999749,47.18267845673079,56
cpx,cpx_only,T_C,P,P>=40,40.0,1000.0,61,v10,MLP/raw,v10 MLP raw,363.2990755994327,311.2740293167183,406.6631129316108,315.41917030709396,272.5849094442386,359.8225680876588,61
cpx,cpx_only,T_C,P,P>=40,40.0,1000.0,61,v10,MLP/alr,v10 MLP alr,279.292855437477,246.05107580783002,316.09918441179065,246.28656981588912,215.12946533205061,282.794930887189,61
cpx,cpx_only,T_C,P,P>=40,40.0,1000.0,61,v10,MLP/pwlr,v10 MLP pwlr,221.6472072602894,187.4514250760713,254.88349684012863,177.4229405680495,144.60199172616268,213.40064578681867,61
cpx,cpx_only,P_kbar,P,P>=40,40.0,1000.0,61,v10,MLP/raw,v10 MLP raw,48.642314834040256,39.38152252557589,57.248408658326845,39.67874061246948,32.38448148541766,47.405949693600704,52
cpx,cpx_only,P_kbar,P,P>=40,40.0,1000.0,61,v10,MLP/alr,v10 MLP alr,40.02253210488357,32.53160731405289,46.72691378364663,31.26838689986077,25.59124804932591,38.003973749911424,56
cpx,cpx_only,P_kbar,P,P>=40,40.0,1000.0,61,v10,MLP/pwlr,v10 MLP pwlr,41.539873739814375,33.70154888298509,48.598299347589005,31.643735434777646,25.257506196318012,38.58271791813602,61
cpx,cpx_only,T_C,P,P>=40,40.0,1000.0,61,Putirka,Putirka 32d,Putirka 32d,436.82456558130025,365.37446563289404,490.8935858070974,333.92560795561684,257.41124640289826,402.6058665326652,54
cpx,cpx_only,P_kbar,P,P>=40,40.0,1000.0,61,Putirka,Putirka 32a,Putirka 32a,38.34647699936234,30.97361154639122,45.10226777431173,27.93109800227258,21.798331051157295,34.504538105235355,53
cpx,cpx_only,P_kbar,P,P>=40,40.0,1000.0,61,Putirka,Putirka 32b,Putirka 32b,46.18176671430643,37.87600402584677,54.38767358793309,37.97145902334384,31.23575587823559,45.164513104538216,53
cpx,cpx_only,T_C,P,P>=40,40.0,1000.0,61,Agreda,Agreda 2024,Agreda 2024,293.93108258639194,244.83203094651597,350.48567928041746,241.4541438239031,204.47669495882192,284.389123017231,61
cpx,cpx_only,P_kbar,P,P>=40,40.0,1000.0,61,Agreda,Agreda 2024,Agreda 2024,63.20911862079917,54.50029658151853,72.75414765454912,54.20918118343001,47.167613241619996,62.79071216600962,61
cpx,cpx_only,T_C,P,P<20 (Agreda range),0.0,20.0,575,v10,RF/raw,v10 RF raw,98.89232235492545,87.93519004286242,111.70305230557963,70.28574909516435,65.33795433114796,76.18855814936053,575
cpx,cpx_only,T_C,P,P<20 (Agreda range),0.0,20.0,575,v10,RF/alr,v10 RF alr,110.49624543395016,99.0819177848877,122.7709296087788,81.56949352842449,76.22983255870268,87.7709164755276,575
cpx,cpx_only,T_C,P,P<20 (Agreda range),0.0,20.0,575,v10,RF/pwlr,v10 RF pwlr,98.56185447667934,87.80573663897503,110.61671439573148,69.81989555350215,64.7518111957214,75.7016573899836,575
cpx,cpx_only,P_kbar,P,P<20 (Agreda range),0.0,20.0,575,v10,RF/raw,v10 RF raw,7.92553899008969,6.397157900964922,9.391504359961358,4.156767852170182,3.6246663759147104,4.737092823161553,574
cpx,cpx_only,P_kbar,P,P<20 (Agreda range),0.0,20.0,575,v10,RF/alr,v10 RF alr,21.295763202334513,19.425363813453004,22.885948771291428,14.105830788578245,12.807617746099325,15.357134955789805,571
cpx,cpx_only,P_kbar,P,P<20 (Agreda range),0.0,20.0,575,v10,RF/pwlr,v10 RF pwlr,15.2419007577475,13.375212012138153,17.100644707962907,8.50172910204025,7.5468560684976955,9.490096266279068,566
cpx,cpx_only,T_C,P,P<20 (Agreda range),0.0,20.0,575,v10,ERT/raw,v10 ERT raw,102.2486311354117,88.63858719947858,117.48005927252893,69.84004687894412,64.68523205276666,76.07673746383149,575
cpx,cpx_only,T_C,P,P<20 (Agreda range),0.0,20.0,575,v10,ERT/alr,v10 ERT alr,101.83486102994317,91.09859846081092,113.41942322214864,72.56859882073326,67.22188355610474,78.16013805348777,575
cpx,cpx_only,T_C,P,P<20 (Agreda range),0.0,20.0,575,v10,ERT/pwlr,v10 ERT pwlr,99.87048985514265,89.77948359614116,110.75859956245678,71.42350116057585,66.24634139080672,77.18291483475608,575
cpx,cpx_only,P_kbar,P,P<20 (Agreda range),0.0,20.0,575,v10,ERT/raw,v10 ERT raw,7.389122848630013,6.012874497907806,8.59229335521839,4.180257376470101,3.7149365996081674,4.654095143667172,574
cpx,cpx_only,P_kbar,P,P<20 (Agreda range),0.0,20.0,575,v10,ERT/alr,v10 ERT alr,8.734072650665528,7.4851047850842045,9.869963372228497,5.3136508990992075,4.785037218747138,5.921587488361123,575
cpx,cpx_only,P_kbar,P,P<20 (Agreda range),0.0,20.0,575,v10,ERT/pwlr,v10 ERT pwlr,8.221275808377447,6.898924048187952,9.391392590579594,4.728592390393138,4.224962534618565,5.287433768723531,575
cpx,cpx_only,T_C,P,P<20 (Agreda range),0.0,20.0,575,v10,XGB/raw,v10 XGB raw,103.37893117210633,93.10353475907736,116.05240469479841,74.10826723845109,68.81119005816916,80.31520951776919,575
cpx,cpx_only,T_C,P,P<20 (Agreda range),0.0,20.0,575,v10,XGB/alr,v10 XGB alr,105.42067365053086,93.95055128729165,118.07718050498333,75.52389542289403,70.14471980882728,81.56112190843665,575
cpx,cpx_only,T_C,P,P<20 (Agreda range),0.0,20.0,575,v10,XGB/pwlr,v10 XGB pwlr,101.41217049607674,93.375247217645,110.95529610244108,76.95781579059103,72.03934609321927,82.62559427277938,575
cpx,cpx_only,P_kbar,P,P<20 (Agreda range),0.0,20.0,575,v10,XGB/raw,v10 XGB raw,9.248219594522379,6.881205097141493,11.460069203515319,4.721238677630121,4.110040511027373,5.450691073137086,573
cpx,cpx_only,P_kbar,P,P<20 (Agreda range),0.0,20.0,575,v10,XGB/alr,v10 XGB alr,12.301364666880717,10.60593514678222,13.895094699754623,6.842445812126734,6.0650580950196105,7.635091322672436,556
cpx,cpx_only,P_kbar,P,P<20 (Agreda range),0.0,20.0,575,v10,XGB/pwlr,v10 XGB pwlr,13.826863627877307,12.210701135465452,15.277310192691406,8.321837126191914,7.4147317021041115,9.23387279005749,550
cpx,cpx_only,T_C,P,P<20 (Agreda range),0.0,20.0,575,v10,GB/raw,v10 GB raw,102.78765579770351,92.82825126017605,114.654107352213,73.61101987693624,68.27048631248206,79.53681858355856,575
cpx,cpx_only,T_C,P,P<20 (Agreda range),0.0,20.0,575,v10,GB/alr,v10 GB alr,103.65312889656964,94.31764626397096,114.41111111638364,75.9672316368867,70.62814401739364,81.72835660247009,575
cpx,cpx_only,T_C,P,P<20 (Agreda range),0.0,20.0,575,v10,GB/pwlr,v10 GB pwlr,96.13668095051479,87.01140265643791,105.54478178764197,70.38269296475316,65.52811129529341,75.94499351813847,575
cpx,cpx_only,P_kbar,P,P<20 (Agreda range),0.0,20.0,575,v10,GB/raw,v10 GB raw,7.312217984922539,6.276986320929451,8.343157308151264,4.502169720324399,4.03776798698715,4.981294553868596,572
cpx,cpx_only,P_kbar,P,P<20 (Agreda range),0.0,20.0,575,v10,GB/alr,v10 GB alr,18.837896305074946,16.07232987761262,20.97441817143954,10.260076124033361,8.903920850721931,11.457568585109339,571
cpx,cpx_only,P_kbar,P,P<20 (Agreda range),0.0,20.0,575,v10,GB/pwlr,v10 GB pwlr,12.461259126362348,10.953071469180527,13.840973004656792,7.821540154887009,7.063794447546823,8.624116688988805,575
cpx,cpx_only,T_C,P,P<20 (Agreda range),0.0,20.0,575,v10,CatBoost/raw,v10 CatBoost raw,102.82010731661786,91.99830840608789,116.14210504913396,73.7258044954449,68.42786827933391,79.66269425962302,575
cpx,cpx_only,T_C,P,P<20 (Agreda range),0.0,20.0,575,v10,CatBoost/alr,v10 CatBoost alr,109.1961786225656,98.52391279033243,121.54904474801016,81.77851461724588,76.32307071469899,87.87118197964705,575
cpx,cpx_only,T_C,P,P<20 (Agreda range),0.0,20.0,575,v10,CatBoost/pwlr,v10 CatBoost pwlr,109.85464266078802,100.0805276766367,120.56305632915445,82.66299834925373,77.22860750073608,88.89541712964218,575
cpx,cpx_only,P_kbar,P,P<20 (Agreda range),0.0,20.0,575,v10,CatBoost/raw,v10 CatBoost raw,6.793215762573748,5.924418768475654,7.597119396392028,4.580146684497529,4.209743561544446,4.975596705578606,574
cpx,cpx_only,P_kbar,P,P<20 (Agreda range),0.0,20.0,575,v10,CatBoost/alr,v10 CatBoost alr,11.31599209447705,10.123431029432602,12.38448046902419,7.56940284873176,6.911316219705769,8.232835747739104,574
cpx,cpx_only,P_kbar,P,P<20 (Agreda range),0.0,20.0,575,v10,CatBoost/pwlr,v10 CatBoost pwlr,12.489993976584847,10.965049933426865,13.961197918869884,7.559567653322564,6.760569044653078,8.438121902972233,572
cpx,cpx_only,T_C,P,P<20 (Agreda range),0.0,20.0,575,v10,LightGBM/raw,v10 LightGBM raw,103.0907046749683,92.78442418907542,114.9937614472588,75.50470692976135,70.2469293403844,81.31312579828734,575
cpx,cpx_only,T_C,P,P<20 (Agreda range),0.0,20.0,575,v10,LightGBM/alr,v10 LightGBM alr,105.01784876791177,95.60221605595662,115.9455246540929,77.25973941143947,71.82637205752566,83.39374264818203,575
cpx,cpx_only,T_C,P,P<20 (Agreda range),0.0,20.0,575,v10,LightGBM/pwlr,v10 LightGBM pwlr,97.21695283543379,88.05011761965972,107.81411995877211,70.79301224337638,65.91438797656471,76.47338575501561,575
cpx,cpx_only,P_kbar,P,P<20 (Agreda range),0.0,20.0,575,v10,LightGBM/raw,v10 LightGBM raw,8.187945609950262,6.934804465205771,9.431576556692717,4.736513385502796,4.17047889252423,5.367476953203765,567
cpx,cpx_only,P_kbar,P,P<20 (Agreda range),0.0,20.0,575,v10,LightGBM/alr,v10 LightGBM alr,15.69985537138804,13.38993993075363,17.510089921734732,8.305416075403173,7.163967189653034,9.387851625125773,572
cpx,cpx_only,P_kbar,P,P<20 (Agreda range),0.0,20.0,575,v10,LightGBM/pwlr,v10 LightGBM pwlr,12.215285130328349,10.597786617020034,13.73672581939681,7.682652742591694,6.906205723688767,8.500214780153822,575
cpx,cpx_only,T_C,P,P<20 (Agreda range),0.0,20.0,575,v10,ElasticNet/raw,v10 ElasticNet raw,114.07772280676315,101.28258006645544,129.17097331548024,77.11459755433098,70.81515918550308,84.51205797576002,575
cpx,cpx_only,T_C,P,P<20 (Agreda range),0.0,20.0,575,v10,ElasticNet/alr,v10 ElasticNet alr,115.37653056324547,104.20301489695585,128.57756041812348,79.70919482791237,73.30360860757187,87.18012749563454,575
cpx,cpx_only,T_C,P,P<20 (Agreda range),0.0,20.0,575,v10,ElasticNet/pwlr,v10 ElasticNet pwlr,117.5847443929466,106.32815565370585,130.5730907290385,83.5771424165848,77.32921264566713,90.63457800593653,575
cpx,cpx_only,P_kbar,P,P<20 (Agreda range),0.0,20.0,575,v10,ElasticNet/raw,v10 ElasticNet raw,8.276757459657054,7.1445645444565535,9.438202217953789,5.660822517257275,5.183718403967399,6.1665087464083,575
cpx,cpx_only,P_kbar,P,P<20 (Agreda range),0.0,20.0,575,v10,ElasticNet/alr,v10 ElasticNet alr,8.093613360512762,6.725098291453787,9.44544929960611,4.886982614658583,4.402723815358168,5.410424949240567,575
cpx,cpx_only,P_kbar,P,P<20 (Agreda range),0.0,20.0,575,v10,ElasticNet/pwlr,v10 ElasticNet pwlr,7.603368760281889,6.304620468528202,8.981174350078394,4.643453326736417,4.185624509519572,5.1150708381469885,574
cpx,cpx_only,T_C,P,P<20 (Agreda range),0.0,20.0,575,v10,MLP/raw,v10 MLP raw,119.24093114605178,110.29256018167692,128.6865594488623,91.43654969225715,85.6846330616145,97.62140727759004,575
cpx,cpx_only,T_C,P,P<20 (Agreda range),0.0,20.0,575,v10,MLP/alr,v10 MLP alr,111.87714910901799,104.0285839572175,119.83342876306102,86.76757564510089,80.9106303626969,92.14935836096612,575
cpx,cpx_only,T_C,P,P<20 (Agreda range),0.0,20.0,575,v10,MLP/pwlr,v10 MLP pwlr,117.5742593743518,108.89196555454883,126.45651446563734,90.75358647780443,84.6562930194201,96.50312262896274,575
cpx,cpx_only,P_kbar,P,P<20 (Agreda range),0.0,20.0,575,v10,MLP/raw,v10 MLP raw,7.844422642506878,6.435399685854802,9.077591264388028,5.099174034159834,4.634070873685011,5.603903596683414,574
cpx,cpx_only,P_kbar,P,P<20 (Agreda range),0.0,20.0,575,v10,MLP/alr,v10 MLP alr,7.679355225036567,6.595079759572879,8.77896247072259,5.2759905999593375,4.804246095942218,5.734277352190657,574
cpx,cpx_only,P_kbar,P,P<20 (Agreda range),0.0,20.0,575,v10,MLP/pwlr,v10 MLP pwlr,8.157523564927098,7.179941994055874,9.195424866011113,5.665475478834765,5.211688216361052,6.188548064359105,557
cpx,cpx_only,T_C,P,P<20 (Agreda range),0.0,20.0,575,Putirka,Putirka 32d,Putirka 32d,131.15224154443953,119.83915473284348,143.52469964953363,89.39190793355803,81.79450846152548,97.68222972366644,571
cpx,cpx_only,P_kbar,P,P<20 (Agreda range),0.0,20.0,575,Putirka,Putirka 32a,Putirka 32a,5.036656171659189,3.6908989577646953,6.5864875286223175,2.949210142113572,2.6310094429912376,3.3607336826603436,545
cpx,cpx_only,P_kbar,P,P<20 (Agreda range),0.0,20.0,575,Putirka,Putirka 32b,Putirka 32b,3.872800861998273,3.414188698282129,4.384970751177583,2.6855450103313814,2.4611960327280027,2.9381012803266113,520
cpx,cpx_only,T_C,P,P<20 (Agreda range),0.0,20.0,575,Agreda,Agreda 2024,Agreda 2024,70.27909348676249,60.95726132073181,79.60084415242953,41.7657526905122,37.30087199969913,46.54569377690035,575
cpx,cpx_only,P_kbar,P,P<20 (Agreda range),0.0,20.0,575,Agreda,Agreda 2024,Agreda 2024,3.3005470249109012,2.9776764734098804,3.6334923614947523,2.0131396426950525,1.818141034079987,2.2310777368612063,575
cpx,cpx_only,T_C,P,ALL,0.0,1000.0,784,v10,RF/raw,v10 RF raw,144.43469695097303,126.73588557509203,160.87948375715447,90.26873367608388,82.84484011061883,98.98723257459386,784
cpx,cpx_only,T_C,P,ALL,0.0,1000.0,784,v10,RF/alr,v10 RF alr,144.16442545379653,129.1669470840263,158.56103634100367,96.78711616001438,89.84441100284417,105.01189121439813,784
cpx,cpx_only,T_C,P,ALL,0.0,1000.0,784,v10,RF/pwlr,v10 RF pwlr,138.60494300928272,121.4925174089596,154.44923459696554,86.91313430764019,79.8908357133749,95.08966330945185,784
cpx,cpx_only,P_kbar,P,ALL,0.0,1000.0,784,v10,RF/raw,v10 RF raw,14.008267831441943,11.698575281755778,16.053367943126833,6.6308902208501985,5.832201811692894,7.573477713086992,780
cpx,cpx_only,P_kbar,P,ALL,0.0,1000.0,784,v10,RF/alr,v10 RF alr,20.686594915312874,19.069830262528882,22.086331936559294,14.025526292135481,12.85600949924718,15.007166673697341,764
cpx,cpx_only,P_kbar,P,ALL,0.0,1000.0,784,v10,RF/pwlr,v10 RF pwlr,16.393582656735063,14.685446544378955,18.080767876424503,9.25956653799522,8.327552845193678,10.145743209490881,763
cpx,cpx_only,T_C,P,ALL,0.0,1000.0,784,v10,ERT/raw,v10 ERT raw,143.05599220475315,126.65841369318497,159.8638032574606,89.74716025368531,82.40587162589236,98.8230923226252,784
cpx,cpx_only,T_C,P,ALL,0.0,1000.0,784,v10,ERT/alr,v10 ERT alr,133.43828871315387,120.19838013335621,146.79310162606407,89.10809363511247,82.68820012402958,96.779857916207,784
cpx,cpx_only,T_C,P,ALL,0.0,1000.0,784,v10,ERT/pwlr,v10 ERT pwlr,127.34987708248194,114.36633830048802,140.5058753923805,85.0817666626183,78.74701540914043,92.18252854040149,784
cpx,cpx_only,P_kbar,P,ALL,0.0,1000.0,784,v10,ERT/raw,v10 ERT raw,13.767823781694805,11.515320837168952,16.082376871589634,6.634231291898458,5.8641270129351675,7.452149847860142,778
cpx,cpx_only,P_kbar,P,ALL,0.0,1000.0,784,v10,ERT/alr,v10 ERT alr,14.363339623927452,12.322814566313642,16.20681781034311,7.596494473833345,6.828956662553838,8.416751117178439,782
cpx,cpx_only,P_kbar,P,ALL,0.0,1000.0,784,v10,ERT/pwlr,v10 ERT pwlr,13.798160521972722,11.855620313125806,15.520009985696406,7.030595348563246,6.285640300099979,7.809629809197312,777
cpx,cpx_only,T_C,P,ALL,0.0,1000.0,784,v10,XGB/raw,v10 XGB raw,144.86301996427807,130.17059398389162,160.21470625277385,95.34364209856305,88.0258835228122,103.45881722703271,784
cpx,cpx_only,T_C,P,ALL,0.0,1000.0,784,v10,XGB/alr,v10 XGB alr,142.40762625380881,129.03172250878558,155.70782961934833,95.8237641003667,88.81121717569779,103.57215227983436,784
cpx,cpx_only,T_C,P,ALL,0.0,1000.0,784,v10,XGB/pwlr,v10 XGB pwlr,133.5229204774292,120.8267233237459,146.33329259782715,92.0581923504265,86.1294517653329,99.00923486437115,784
cpx,cpx_only,P_kbar,P,ALL,0.0,1000.0,784,v10,XGB/raw,v10 XGB raw,14.801033714637953,12.33448857129586,17.170567702872866,7.051507153982581,6.183022708124773,7.910989881171763,778
cpx,cpx_only,P_kbar,P,ALL,0.0,1000.0,784,v10,XGB/alr,v10 XGB alr,14.288257109481238,12.695675943815377,15.857883084039399,8.064726508618705,7.2373510128461005,8.958033923868586,739
cpx,cpx_only,P_kbar,P,ALL,0.0,1000.0,784,v10,XGB/pwlr,v10 XGB pwlr,15.047121473016439,13.378021470749092,16.55662236686312,9.088817038252273,8.232639971505662,10.00266274804941,744
cpx,cpx_only,T_C,P,ALL,0.0,1000.0,784,v10,GB/raw,v10 GB raw,146.36172653028345,130.89660434311878,162.36496633587592,94.70376193100917,87.29892640103206,103.60633734997369,784
cpx,cpx_only,T_C,P,ALL,0.0,1000.0,784,v10,GB/alr,v10 GB alr,145.95019778247865,130.552041449015,162.41633035701716,96.58879865645169,89.39406043796929,104.92956061750093,784
cpx,cpx_only,T_C,P,ALL,0.0,1000.0,784,v10,GB/pwlr,v10 GB pwlr,131.59019236799173,117.84843164208542,145.4120822281447,85.99861928391563,79.39012435120154,93.57039897387418,784
cpx,cpx_only,P_kbar,P,ALL,0.0,1000.0,784,v10,GB/raw,v10 GB raw,13.80186393399728,11.788103631657446,15.910377364966548,7.024628779535431,6.305119247653811,7.840678557186087,775
cpx,cpx_only,P_kbar,P,ALL,0.0,1000.0,784,v10,GB/alr,v10 GB alr,18.36834096376127,16.311276672658956,20.328378082177565,10.262225210719075,9.18158845460938,11.309974753673602,761
cpx,cpx_only,P_kbar,P,ALL,0.0,1000.0,784,v10,GB/pwlr,v10 GB pwlr,14.836249845525971,13.298528792712244,16.354663163297165,8.844115768503947,8.0086354474905,9.714093911253771,772
cpx,cpx_only,T_C,P,ALL,0.0,1000.0,784,v10,CatBoost/raw,v10 CatBoost raw,139.72230333962128,124.87298408075007,154.2734829625632,91.76021801728994,84.8208195784266,99.79118407788235,784
cpx,cpx_only,T_C,P,ALL,0.0,1000.0,784,v10,CatBoost/alr,v10 CatBoost alr,138.1527196759428,125.28499345173678,151.4408954460627,94.90960525207127,88.26137737473566,102.66778325154907,784
cpx,cpx_only,T_C,P,ALL,0.0,1000.0,784,v10,CatBoost/pwlr,v10 CatBoost pwlr,137.02158378842944,124.53643029150739,149.516611818311,94.9597376266922,88.3153084641517,102.458434549868,784
cpx,cpx_only,P_kbar,P,ALL,0.0,1000.0,784,v10,CatBoost/raw,v10 CatBoost raw,13.898084654015117,11.553351825952541,16.28315010029307,7.080272484530639,6.342690643265357,7.989174147124985,775
cpx,cpx_only,P_kbar,P,ALL,0.0,1000.0,784,v10,CatBoost/alr,v10 CatBoost alr,14.543240457585823,12.945335499097727,16.03505199864485,9.32674525600694,8.566973271851923,10.09193494305272,769
cpx,cpx_only,P_kbar,P,ALL,0.0,1000.0,784,v10,CatBoost/pwlr,v10 CatBoost pwlr,15.275731316902023,13.58701946522061,17.082022910570473,8.971003561305077,8.192410169667362,9.858026907674848,772
cpx,cpx_only,T_C,P,ALL,0.0,1000.0,784,v10,LightGBM/raw,v10 LightGBM raw,145.15377327134118,128.83266453184856,160.7762706255077,93.62071665676463,86.22425018094862,102.0012847054982,784
cpx,cpx_only,T_C,P,ALL,0.0,1000.0,784,v10,LightGBM/alr,v10 LightGBM alr,144.98004825500686,130.29172367332063,160.30512213420965,97.06651692772917,90.09599377801534,105.44577961967545,784
cpx,cpx_only,T_C,P,ALL,0.0,1000.0,784,v10,LightGBM/pwlr,v10 LightGBM pwlr,132.2532059805331,118.6327710628804,145.69416578810657,86.66150718994196,80.19275077598576,94.27465150039369,784
cpx,cpx_only,P_kbar,P,ALL,0.0,1000.0,784,v10,LightGBM/raw,v10 LightGBM raw,14.039070421600664,11.877263555528607,16.13296311375578,7.100269505799163,6.373640909736806,7.954126365307417,771
cpx,cpx_only,P_kbar,P,ALL,0.0,1000.0,784,v10,LightGBM/alr,v10 LightGBM alr,16.10826262633145,14.494287761452565,17.741121785211767,8.938060494860453,7.940201161475922,9.955874747019331,763
cpx,cpx_only,P_kbar,P,ALL,0.0,1000.0,784,v10,LightGBM/pwlr,v10 LightGBM pwlr,14.18911689926904,12.568094852705151,15.664918184429203,8.45794445661184,7.657419071810731,9.209809036667068,771
cpx,cpx_only,T_C,P,ALL,0.0,1000.0,784,v10,ElasticNet/raw,v10 ElasticNet raw,151.75057974977986,138.20625271877194,165.62414316269022,101.33231143912691,93.56034596917793,110.54203985640184,784
cpx,cpx_only,T_C,P,ALL,0.0,1000.0,784,v10,ElasticNet/alr,v10 ElasticNet alr,151.5589753504157,139.3223379732911,163.862572917709,104.3255789134313,97.143742057493,111.93804429909086,784
cpx,cpx_only,T_C,P,ALL,0.0,1000.0,784,v10,ElasticNet/pwlr,v10 ElasticNet pwlr,151.32654929532444,139.11260702958188,163.77889215064303,105.70144278459304,98.49529356577993,113.56461009661435,784
cpx,cpx_only,P_kbar,P,ALL,0.0,1000.0,784,v10,ElasticNet/raw,v10 ElasticNet raw,16.09285496142262,13.520847610079892,18.548648645594096,8.592365303666364,7.680211501408635,9.556381112430431,779
cpx,cpx_only,P_kbar,P,ALL,0.0,1000.0,784,v10,ElasticNet/alr,v10 ElasticNet alr,15.996025300947263,13.2904354916032,18.427214815306346,8.226947928229043,7.2826801670960295,9.137903070638194,780
cpx,cpx_only,P_kbar,P,ALL,0.0,1000.0,784,v10,ElasticNet/pwlr,v10 ElasticNet pwlr,15.351284457295364,13.113959260146256,17.50890589370306,7.922500412166346,7.080337760301346,8.793899904476621,777
cpx,cpx_only,T_C,P,ALL,0.0,1000.0,784,v10,MLP/raw,v10 MLP raw,156.7953323984207,143.08130119213445,170.37832773198303,109.9723269102693,102.83707550385513,118.33071731059664,784
cpx,cpx_only,T_C,P,ALL,0.0,1000.0,784,v10,MLP/alr,v10 MLP alr,136.9457514896057,127.25606423886612,147.5773850298172,100.967844707162,94.89098969595723,108.06623885630546,784
cpx,cpx_only,T_C,P,ALL,0.0,1000.0,784,v10,MLP/pwlr,v10 MLP pwlr,130.8329932011939,119.79781181917974,142.17475424482026,95.14014720756502,88.76280049674092,101.73067834135138,784
cpx,cpx_only,P_kbar,P,ALL,0.0,1000.0,784,v10,MLP/raw,v10 MLP raw,15.119864696848298,12.722900140984029,17.391989819962863,7.867361425624929,7.050412416803622,8.714767145881996,773
cpx,cpx_only,P_kbar,P,ALL,0.0,1000.0,784,v10,MLP/alr,v10 MLP alr,13.38548353994582,11.537983534679276,15.312711482363197,7.43975982062996,6.7025686734761765,8.289021701118214,778
cpx,cpx_only,P_kbar,P,ALL,0.0,1000.0,784,v10,MLP/pwlr,v10 MLP pwlr,14.294241844352962,12.151974812979072,16.557637689983075,7.822443316425623,7.058729566501404,8.734975038697069,766
cpx,cpx_only,T_C,P,ALL,0.0,1000.0,784,Putirka,Putirka 32d,Putirka 32d,177.91548550553242,161.00690604712065,192.93444497897787,109.24285824697373,100.1834268001567,118.75073725277508,773
cpx,cpx_only,P_kbar,P,ALL,0.0,1000.0,784,Putirka,Putirka 32a,Putirka 32a,11.827069399048248,9.528170321121685,13.932094296724859,5.228478131186029,4.492620380630249,6.0304079741990515,743
cpx,cpx_only,P_kbar,P,ALL,0.0,1000.0,784,Putirka,Putirka 32b,Putirka 32b,13.456508007044503,10.648614860393927,15.636243038321034,6.027747953359376,5.166722507954634,6.860095366967899,716
cpx,cpx_only,T_C,P,ALL,0.0,1000.0,784,Agreda,Agreda 2024,Agreda 2024,112.11949305453702,98.6822956035653,127.49529745410204,63.87739768946467,57.690333916734645,70.84111277045116,784
cpx,cpx_only,P_kbar,P,ALL,0.0,1000.0,784,Agreda,Agreda 2024,Agreda 2024,18.21907694309427,14.71756961707184,21.268203567951875,6.936168986542051,5.837254087184572,8.070908683214714,784
cpx,cpx_only,T_C,T,T<800,-1000.0,800.0,14,v10,RF/raw,v10 RF raw,495.62050883591354,366.98465801229855,620.0049188219886,446.1080715354009,337.8352537621098,558.1050416320304,14
cpx,cpx_only,T_C,T,T<800,-1000.0,800.0,14,v10,RF/alr,v10 RF alr,518.8949890750494,401.6710089781742,612.5782605541876,477.1999575415618,370.45031507651635,579.1782336657044,14
cpx,cpx_only,T_C,T,T<800,-1000.0,800.0,14,v10,RF/pwlr,v10 RF pwlr,500.9721315275723,375.06404037586884,610.1217213139903,454.4524412073254,345.25646133325614,560.5041828750378,14
cpx,cpx_only,P_kbar,T,T<800,-1000.0,800.0,14,v10,RF/raw,v10 RF raw,30.603218818396286,22.474849726895723,37.51738012212685,25.97320567860435,18.076589223106467,35.08368720291159,13
cpx,cpx_only,P_kbar,T,T<800,-1000.0,800.0,14,v10,RF/alr,v10 RF alr,43.506697692876514,35.45874802645393,50.27441028083812,41.44362406173483,32.89627878839015,49.02835657321985,12
cpx,cpx_only,P_kbar,T,T<800,-1000.0,800.0,14,v10,RF/pwlr,v10 RF pwlr,29.891302330508797,22.353452366175066,36.416317512836756,26.755130455093333,19.820884013334577,33.79221677495227,14
cpx,cpx_only,T_C,T,T<800,-1000.0,800.0,14,v10,ERT/raw,v10 ERT raw,529.7451532580118,410.22880018684634,632.1826033933103,481.32313526063626,366.34858000137854,584.75599233966,14
cpx,cpx_only,T_C,T,T<800,-1000.0,800.0,14,v10,ERT/alr,v10 ERT alr,478.5465272116565,382.55737493943855,554.0827232284996,447.73184824407747,357.0600561528291,527.3731347626718,14
cpx,cpx_only,T_C,T,T<800,-1000.0,800.0,14,v10,ERT/pwlr,v10 ERT pwlr,463.603916356802,370.4062209184441,543.033475511751,433.529384580534,345.68175771632156,515.026365989884,14
cpx,cpx_only,P_kbar,T,T<800,-1000.0,800.0,14,v10,ERT/raw,v10 ERT raw,31.903571290816306,20.58915369495048,41.70856496927026,25.7397325474434,14.735552116930544,36.516769421956795,12
cpx,cpx_only,P_kbar,T,T<800,-1000.0,800.0,14,v10,ERT/alr,v10 ERT alr,32.617769214559075,24.229172530096633,40.12819235142079,28.075303719585413,19.524701276747283,36.78517762670933,13
cpx,cpx_only,P_kbar,T,T<800,-1000.0,800.0,14,v10,ERT/pwlr,v10 ERT pwlr,33.74945582447408,25.285372853154502,41.127552359954215,28.94666748580202,20.20033024287169,37.55154309106238,14
cpx,cpx_only,T_C,T,T<800,-1000.0,800.0,14,v10,XGB/raw,v10 XGB raw,494.89072843595426,384.6543721646586,599.4940272033615,456.33187430245533,357.0681229727609,553.0755668640136,14
cpx,cpx_only,T_C,T,T<800,-1000.0,800.0,14,v10,XGB/alr,v10 XGB alr,498.993561393321,391.2417152393924,582.5883344998246,461.75215802873885,360.73936800275527,550.6195528302874,14
cpx,cpx_only,T_C,T,T<800,-1000.0,800.0,14,v10,XGB/pwlr,v10 XGB pwlr,437.24383479491155,342.6899832600171,525.2979827196705,406.61317225864957,322.5488778250558,491.4749492100306,14
cpx,cpx_only,P_kbar,T,T<800,-1000.0,800.0,14,v10,XGB/raw,v10 XGB raw,29.74196778844896,20.26914406816134,38.2179051351594,23.452168503632894,14.640697111074747,33.308591635123925,13
cpx,cpx_only,P_kbar,T,T<800,-1000.0,800.0,14,v10,XGB/alr,v10 XGB alr,36.81584873789809,25.17370580256226,45.72945023728249,30.20811758687097,18.15033699025713,41.83980874760697,12
cpx,cpx_only,P_kbar,T,T<800,-1000.0,800.0,14,v10,XGB/pwlr,v10 XGB pwlr,35.863922178892864,26.559584198913512,44.04734961508569,31.525641409414145,22.88823953366705,40.47428834480898,14
cpx,cpx_only,T_C,T,T<800,-1000.0,800.0,14,v10,GB/raw,v10 GB raw,490.6022716992788,375.27798721022987,597.423570850713,450.6160070777408,351.96347421769855,550.4878552503073,14
cpx,cpx_only,T_C,T,T<800,-1000.0,800.0,14,v10,GB/alr,v10 GB alr,483.90121210375264,376.06404640740436,583.5784250989383,448.67858676210886,354.85082136712646,542.2202608532078,14
cpx,cpx_only,T_C,T,T<800,-1000.0,800.0,14,v10,GB/pwlr,v10 GB pwlr,437.0450919486651,336.26245956954915,530.1170535890112,400.45352913548066,309.5339358625051,490.9313881575069,14
cpx,cpx_only,P_kbar,T,T<800,-1000.0,800.0,14,v10,GB/raw,v10 GB raw,25.7023729737873,18.823289513874812,31.672641225036845,21.54509551726452,14.894703899085256,29.164059326533007,13
cpx,cpx_only,P_kbar,T,T<800,-1000.0,800.0,14,v10,GB/alr,v10 GB alr,40.74627637168096,32.17441440881548,47.15100764479854,37.47774034536143,26.660444794155005,46.12333965768266,12
cpx,cpx_only,P_kbar,T,T<800,-1000.0,800.0,14,v10,GB/pwlr,v10 GB pwlr,37.20153494746238,23.465756994701433,47.10238594617877,30.800490194730404,20.20919099173144,41.87820955318493,13
cpx,cpx_only,T_C,T,T<800,-1000.0,800.0,14,v10,CatBoost/raw,v10 CatBoost raw,485.3639067743239,383.85040157547263,575.8069361199731,450.60484420697867,354.6764151933593,540.9507534551913,14
cpx,cpx_only,T_C,T,T<800,-1000.0,800.0,14,v10,CatBoost/alr,v10 CatBoost alr,489.63197812787325,393.69161347362046,562.441490481157,459.5805721631886,370.030624572281,537.1903692927583,14
cpx,cpx_only,T_C,T,T<800,-1000.0,800.0,14,v10,CatBoost/pwlr,v10 CatBoost pwlr,475.41036740878553,383.54909668183154,549.3748943091304,449.0885717466678,365.0941653114407,523.4765417629229,14
cpx,cpx_only,P_kbar,T,T<800,-1000.0,800.0,14,v10,CatBoost/raw,v10 CatBoost raw,27.927540710433302,19.61384383956566,35.09463537468893,23.74661184678422,16.319390097543465,31.892828419109257,13
cpx,cpx_only,P_kbar,T,T<800,-1000.0,800.0,14,v10,CatBoost/alr,v10 CatBoost alr,31.65369417282022,24.397164622924024,37.00246004845792,29.253802782701573,21.61937157384764,35.54258588516181,12
cpx,cpx_only,P_kbar,T,T<800,-1000.0,800.0,14,v10,CatBoost/pwlr,v10 CatBoost pwlr,32.66821420623171,24.709313870870233,39.089572173010126,29.202266187638333,20.672956728037537,36.787146352204864,14
cpx,cpx_only,T_C,T,T<800,-1000.0,800.0,14,v10,LightGBM/raw,v10 LightGBM raw,495.1480578286985,371.46985059800187,612.5658339962233,449.2509653088014,342.9546797909592,560.6208843139276,14
cpx,cpx_only,T_C,T,T<800,-1000.0,800.0,14,v10,LightGBM/alr,v10 LightGBM alr,480.2357961789264,362.9965788604014,589.0189800359425,439.44232079361126,337.5438722895264,544.2341127983033,14
cpx,cpx_only,T_C,T,T<800,-1000.0,800.0,14,v10,LightGBM/pwlr,v10 LightGBM pwlr,445.4113643595097,346.7300421865189,531.1775102646454,410.25842826560535,315.51547997003956,494.9560963225309,14
cpx,cpx_only,P_kbar,T,T<800,-1000.0,800.0,14,v10,LightGBM/raw,v10 LightGBM raw,28.3480263875721,21.310351410551856,34.335534581051526,24.895801578605948,18.29883671940665,32.08108769156344,13
cpx,cpx_only,P_kbar,T,T<800,-1000.0,800.0,14,v10,LightGBM/alr,v10 LightGBM alr,30.821838572614265,22.013264824521663,38.06156873552003,26.85692889295717,19.015710617389264,35.02651153041855,13
cpx,cpx_only,P_kbar,T,T<800,-1000.0,800.0,14,v10,LightGBM/pwlr,v10 LightGBM pwlr,37.743917953299245,24.34347306680086,47.48040230340427,31.713009288365182,21.631887388369034,42.67866114897549,13
cpx,cpx_only,T_C,T,T<800,-1000.0,800.0,14,v10,ElasticNet/raw,v10 ElasticNet raw,536.9225201045704,440.9410226969953,603.4550852691394,508.8893877073157,412.96246007158436,586.7608711779781,14
cpx,cpx_only,T_C,T,T<800,-1000.0,800.0,14,v10,ElasticNet/alr,v10 ElasticNet alr,506.01165222345213,423.49643604711764,563.7591032283455,483.80740824573957,399.61664581816245,549.2090189424707,14
cpx,cpx_only,T_C,T,T<800,-1000.0,800.0,14,v10,ElasticNet/pwlr,v10 ElasticNet pwlr,507.4789857007534,417.2025050318366,569.7357628639295,479.99790625375357,384.27226118946385,553.0542783521792,14
cpx,cpx_only,P_kbar,T,T<800,-1000.0,800.0,14,v10,ElasticNet/raw,v10 ElasticNet raw,37.418588159883015,28.717282699536035,44.15075319344206,33.281585112890355,24.63543644073237,41.15282268361991,14
cpx,cpx_only,P_kbar,T,T<800,-1000.0,800.0,14,v10,ElasticNet/alr,v10 ElasticNet alr,39.771161657064376,30.266544147491004,48.68816580388321,35.55781221927789,26.306570095729175,44.67154113279236,14
cpx,cpx_only,P_kbar,T,T<800,-1000.0,800.0,14,v10,ElasticNet/pwlr,v10 ElasticNet pwlr,39.116836874272074,29.111078497759596,46.04854173545816,34.86001494068986,24.177260404784416,43.850793044640554,12
cpx,cpx_only,T_C,T,T<800,-1000.0,800.0,14,v10,MLP/raw,v10 MLP raw,448.8180814201797,360.55621436334565,513.4196056385338,424.4304504423899,336.79114580158205,492.5168463907369,14
cpx,cpx_only,T_C,T,T<800,-1000.0,800.0,14,v10,MLP/alr,v10 MLP alr,353.7493754689488,305.652936722545,392.6924417970864,342.27456671755147,289.96417217943116,387.97262038586405,14
cpx,cpx_only,T_C,T,T<800,-1000.0,800.0,14,v10,MLP/pwlr,v10 MLP pwlr,419.60502301053504,297.973626054863,539.1705702457161,372.3666653614907,280.7489943336066,479.12113562327727,14
cpx,cpx_only,P_kbar,T,T<800,-1000.0,800.0,14,v10,MLP/raw,v10 MLP raw,38.50641082531381,25.80368484776603,48.44153407839885,31.87855385223445,19.052485673623572,43.76201189677752,12
cpx,cpx_only,P_kbar,T,T<800,-1000.0,800.0,14,v10,MLP/alr,v10 MLP alr,33.24050088290718,23.297457884136957,40.39543367426758,27.92965340776744,18.76270190844677,36.416087548389896,14
cpx,cpx_only,P_kbar,T,T<800,-1000.0,800.0,14,v10,MLP/pwlr,v10 MLP pwlr,34.72771264300003,26.461593477378212,40.97579515369465,31.024182632655734,22.579717371475038,38.453190150704586,14
cpx,cpx_only,T_C,T,T<800,-1000.0,800.0,14,Putirka,Putirka 32d,Putirka 32d,520.3926079550938,430.73190509378225,585.7110426619681,494.0305395671098,393.0964923670736,574.7904180269351,12
cpx,cpx_only,P_kbar,T,T<800,-1000.0,800.0,14,Putirka,Putirka 32a,Putirka 32a,36.73663583828051,24.750413712894623,46.253279349835545,32.90360263301823,22.622038032731226,43.93233094621019,10
cpx,cpx_only,P_kbar,T,T<800,-1000.0,800.0,14,Putirka,Putirka 32b,Putirka 32b,13.966828020995818,9.788485704715397,17.069816020364357,11.642858476818374,7.648874062752541,15.14222132920586,14
cpx,cpx_only,T_C,T,T<800,-1000.0,800.0,14,Agreda,Agreda 2024,Agreda 2024,356.8937364279468,299.1314277303667,399.06778908880244,339.06419835771834,274.66766724586483,389.9861259460449,14
cpx,cpx_only,P_kbar,T,T<800,-1000.0,800.0,14,Agreda,Agreda 2024,Agreda 2024,6.956182171990565,4.854294357055675,8.691477492484722,5.692080548831434,3.431674832850751,7.8428015818020835,14
cpx,cpx_only,T_C,T,800<=T<1000,800.0,1000.0,93,v10,RF/raw,v10 RF raw,242.39777502040752,189.49447091585859,292.4195867019147,185.49680364751526,156.59157139810387,218.9968062857934,93
cpx,cpx_only,T_C,T,800<=T<1000,800.0,1000.0,93,v10,RF/alr,v10 RF alr,229.86638351332175,195.37430952428198,264.41850310931136,194.99786738755867,172.18352169837453,219.6733580743654,93
cpx,cpx_only,T_C,T,800<=T<1000,800.0,1000.0,93,v10,RF/pwlr,v10 RF pwlr,216.86542315450623,171.9715099125664,260.1452648230384,164.31509091243495,139.0528129652104,193.69744253446865,93
cpx,cpx_only,P_kbar,T,800<=T<1000,800.0,1000.0,93,v10,RF/raw,v10 RF raw,9.539097238016518,5.929443557910651,13.155020997338696,5.435365664492497,4.030776293650615,7.327164314036644,91
cpx,cpx_only,P_kbar,T,800<=T<1000,800.0,1000.0,93,v10,RF/alr,v10 RF alr,18.675022614599445,16.259404367916773,21.232670056992692,14.706541002678255,12.426670251785467,17.134171466160815,93
cpx,cpx_only,P_kbar,T,800<=T<1000,800.0,1000.0,93,v10,RF/pwlr,v10 RF pwlr,12.439048587862002,10.380707602787805,14.404017517008697,8.91072330790464,7.1947160520727165,10.667090400441225,93
cpx,cpx_only,T_C,T,800<=T<1000,800.0,1000.0,93,v10,ERT/raw,v10 ERT raw,225.10369406190924,184.90673998973278,266.10240906058056,180.90312431211092,157.16416580340805,209.5075079174146,93
cpx,cpx_only,T_C,T,800<=T<1000,800.0,1000.0,93,v10,ERT/alr,v10 ERT alr,196.89056452263608,175.6909427628624,220.10921350780427,174.16307203558281,158.16640873447383,192.0085475339955,93
cpx,cpx_only,T_C,T,800<=T<1000,800.0,1000.0,93,v10,ERT/pwlr,v10 ERT pwlr,175.42449981454632,160.28183541887043,191.21946670789524,158.04976717674984,144.9376052614705,172.75525341692625,93
cpx,cpx_only,P_kbar,T,800<=T<1000,800.0,1000.0,93,v10,ERT/raw,v10 ERT raw,9.562373683459235,6.437818345460241,12.823950430488528,5.894718971658179,4.464057346621969,7.606299880375933,90
cpx,cpx_only,P_kbar,T,800<=T<1000,800.0,1000.0,93,v10,ERT/alr,v10 ERT alr,9.334745989934975,6.138574372943848,12.49483160279901,5.807539072226362,4.509799464881374,7.373040871979744,93
cpx,cpx_only,P_kbar,T,800<=T<1000,800.0,1000.0,93,v10,ERT/pwlr,v10 ERT pwlr,9.768638110028315,5.941875551724908,13.360071137746464,5.667621649343713,4.304385676175368,7.276711231667992,93
cpx,cpx_only,T_C,T,800<=T<1000,800.0,1000.0,93,v10,XGB/raw,v10 XGB raw,235.35069965349697,196.52491595802442,274.0959312215518,199.32262527301748,175.43422080419396,226.0428286316574,93
cpx,cpx_only,T_C,T,800<=T<1000,800.0,1000.0,93,v10,XGB/alr,v10 XGB alr,222.26389647762505,191.77190666214904,252.53052520295532,194.96819018292172,174.14704189505628,216.95639369513398,93
cpx,cpx_only,T_C,T,800<=T<1000,800.0,1000.0,93,v10,XGB/pwlr,v10 XGB pwlr,197.22225328748542,170.52533446624813,223.11273832287958,171.57391160534274,153.22826236191617,191.92352265388735,93
cpx,cpx_only,P_kbar,T,800<=T<1000,800.0,1000.0,93,v10,XGB/raw,v10 XGB raw,9.081584600589625,5.682251608157926,12.80056339807992,5.032697255758036,3.739184037523518,6.767361294049048,91
cpx,cpx_only,P_kbar,T,800<=T<1000,800.0,1000.0,93,v10,XGB/alr,v10 XGB alr,10.750710625479545,6.900150205089422,14.47736914961231,6.3457664093263215,4.61008148683671,8.393605022098965,86
cpx,cpx_only,P_kbar,T,800<=T<1000,800.0,1000.0,93,v10,XGB/pwlr,v10 XGB pwlr,11.365383796028915,9.364825042538753,13.176203471973576,8.188321507239078,6.6737713514282655,9.72386648404197,91
cpx,cpx_only,T_C,T,800<=T<1000,800.0,1000.0,93,v10,GB/raw,v10 GB raw,241.3854627435493,198.27600725566597,284.64438067076816,199.20290667298198,173.84141338702906,228.88634695261928,93
cpx,cpx_only,T_C,T,800<=T<1000,800.0,1000.0,93,v10,GB/alr,v10 GB alr,228.22416396083008,188.9321414978159,268.0132100608174,185.1618851797921,160.3135131367823,212.12808171715102,93
cpx,cpx_only,T_C,T,800<=T<1000,800.0,1000.0,93,v10,GB/pwlr,v10 GB pwlr,187.5669622729277,161.57088164024864,214.14581822021336,154.22705882349803,135.14672954081465,176.22946146313362,93
cpx,cpx_only,P_kbar,T,800<=T<1000,800.0,1000.0,93,v10,GB/raw,v10 GB raw,11.501333727639794,7.703692042454029,15.045667425485401,6.259032894481532,4.336854951357422,8.565899464291546,91
cpx,cpx_only,P_kbar,T,800<=T<1000,800.0,1000.0,93,v10,GB/alr,v10 GB alr,14.093493813521192,10.86531810325072,17.179786818126075,9.696203612416662,7.8855210631031,11.799487109453892,92
cpx,cpx_only,P_kbar,T,800<=T<1000,800.0,1000.0,93,v10,GB/pwlr,v10 GB pwlr,11.38188773007035,8.66256526150652,14.360011395519903,8.030304699086273,6.491634469703402,9.76439161554093,93
cpx,cpx_only,T_C,T,800<=T<1000,800.0,1000.0,93,v10,CatBoost/raw,v10 CatBoost raw,222.0544679280302,183.29583488840098,263.09444602430483,177.05743835067122,152.90195407121726,206.34432981981092,93
cpx,cpx_only,T_C,T,800<=T<1000,800.0,1000.0,93,v10,CatBoost/alr,v10 CatBoost alr,211.14140177224976,185.1280215328478,236.56360029056893,185.9153477247634,166.96754283062128,205.0449869986434,93
cpx,cpx_only,T_C,T,800<=T<1000,800.0,1000.0,93,v10,CatBoost/pwlr,v10 CatBoost pwlr,204.89301926472254,184.4785830185484,224.6403252743954,182.5345652339316,164.75499248750498,200.7417185954828,93
cpx,cpx_only,P_kbar,T,800<=T<1000,800.0,1000.0,93,v10,CatBoost/raw,v10 CatBoost raw,10.793261037127332,6.961238044740858,13.963781407651956,5.9436824443637795,4.155481849804985,7.745786086797723,88
cpx,cpx_only,P_kbar,T,800<=T<1000,800.0,1000.0,93,v10,CatBoost/alr,v10 CatBoost alr,13.121274207648714,10.088110702618133,16.007454682057347,8.737106424803192,6.945997517975707,10.886063772885224,93
cpx,cpx_only,P_kbar,T,800<=T<1000,800.0,1000.0,93,v10,CatBoost/pwlr,v10 CatBoost pwlr,11.91375324634652,9.663860442846158,14.228218529418697,8.156724577339068,6.460485844284724,10.053851238365233,93
cpx,cpx_only,T_C,T,800<=T<1000,800.0,1000.0,93,v10,LightGBM/raw,v10 LightGBM raw,238.37112243246514,188.8444612622701,284.5957647588371,189.52732655480514,162.14561231397326,221.12084154754484,93
cpx,cpx_only,T_C,T,800<=T<1000,800.0,1000.0,93,v10,LightGBM/alr,v10 LightGBM alr,221.97516885952658,182.38571500578738,261.1221891781937,180.3246379751872,155.7613815923341,206.78598218403152,93
cpx,cpx_only,T_C,T,800<=T<1000,800.0,1000.0,93,v10,LightGBM/pwlr,v10 LightGBM pwlr,199.60206989747167,171.9688325631292,227.8059041233684,170.6810021311976,151.38768245186336,192.1941679739169,93
cpx,cpx_only,P_kbar,T,800<=T<1000,800.0,1000.0,93,v10,LightGBM/raw,v10 LightGBM raw,10.658337633237817,7.159755324637733,14.233269238816929,6.083392621242028,4.4566617525615495,7.854094807867996,90
cpx,cpx_only,P_kbar,T,800<=T<1000,800.0,1000.0,93,v10,LightGBM/alr,v10 LightGBM alr,10.4460548818057,7.752315909295326,12.754451543190877,6.331168897901643,4.749927469767662,7.961023631164656,91
cpx,cpx_only,P_kbar,T,800<=T<1000,800.0,1000.0,93,v10,LightGBM/pwlr,v10 LightGBM pwlr,10.758376882281226,8.395980086979183,13.326363124596666,7.952527836402371,6.585354126107582,9.522961934741456,93
cpx,cpx_only,T_C,T,800<=T<1000,800.0,1000.0,93,v10,ElasticNet/raw,v10 ElasticNet raw,245.47772325864338,219.75174879802228,270.15216727749277,215.0600333259703,193.54500875261508,237.74087877820764,93
cpx,cpx_only,T_C,T,800<=T<1000,800.0,1000.0,93,v10,ElasticNet/alr,v10 ElasticNet alr,234.67352719737391,214.92219597211448,254.03499682676076,214.1324280999584,195.79728605927087,233.31999468920756,93
cpx,cpx_only,T_C,T,800<=T<1000,800.0,1000.0,93,v10,ElasticNet/pwlr,v10 ElasticNet pwlr,231.65104685385586,209.38359391582222,253.88790399410385,206.17809994750738,186.1520368011906,227.2934726572889,93
cpx,cpx_only,P_kbar,T,800<=T<1000,800.0,1000.0,93,v10,ElasticNet/raw,v10 ElasticNet raw,10.913642489501619,8.156843206245382,13.975566536542216,7.122824801893195,5.530865472476879,9.050668113332815,91
cpx,cpx_only,P_kbar,T,800<=T<1000,800.0,1000.0,93,v10,ElasticNet/alr,v10 ElasticNet alr,10.271537608492368,7.276033952075958,13.545733897260709,6.3662080448240514,4.825911921327026,8.300055817962345,91
cpx,cpx_only,P_kbar,T,800<=T<1000,800.0,1000.0,93,v10,ElasticNet/pwlr,v10 ElasticNet pwlr,11.254575708010053,8.23206695291177,14.47189838301187,6.9582697192987855,5.170159382218165,9.030580070070021,91
cpx,cpx_only,T_C,T,800<=T<1000,800.0,1000.0,93,v10,MLP/raw,v10 MLP raw,254.5962020264602,206.07182777239404,307.6499152026099,192.0292785043571,164.21170101042898,226.1101148043766,93
cpx,cpx_only,T_C,T,800<=T<1000,800.0,1000.0,93,v10,MLP/alr,v10 MLP alr,199.9107601649052,177.1299892885466,224.62223407671112,171.07238143816127,150.91348364891093,193.35743115794875,93
cpx,cpx_only,T_C,T,800<=T<1000,800.0,1000.0,93,v10,MLP/pwlr,v10 MLP pwlr,157.65952333286558,143.63726435966473,173.35243035274422,141.36952789142313,128.31325461659213,156.23572575501842,93
cpx,cpx_only,P_kbar,T,800<=T<1000,800.0,1000.0,93,v10,MLP/raw,v10 MLP raw,10.0837282122367,6.745653872844762,13.84815696113858,6.0287437234240295,4.495639150356016,7.9368972041669865,87
cpx,cpx_only,P_kbar,T,800<=T<1000,800.0,1000.0,93,v10,MLP/alr,v10 MLP alr,11.5476997170379,8.109674441577253,14.728795686715443,7.0141626614068695,5.201534792163039,8.991642882223701,90
cpx,cpx_only,P_kbar,T,800<=T<1000,800.0,1000.0,93,v10,MLP/pwlr,v10 MLP pwlr,10.33189405321083,7.372880846782239,13.770506322688757,6.638032253365562,5.129566830932652,8.306177318536799,91
cpx,cpx_only,T_C,T,800<=T<1000,800.0,1000.0,93,Putirka,Putirka 32d,Putirka 32d,338.2419923635635,304.5957987440789,374.8536506070778,299.1273939822687,270.57309667236217,331.4193039035092,93
cpx,cpx_only,P_kbar,T,800<=T<1000,800.0,1000.0,93,Putirka,Putirka 32a,Putirka 32a,10.246647614220558,6.089872249290974,14.260222679935392,5.597127196513778,4.028343063928683,7.4081332938925195,92
cpx,cpx_only,P_kbar,T,800<=T<1000,800.0,1000.0,93,Putirka,Putirka 32b,Putirka 32b,11.896619233220896,8.381654521022623,15.570881852729883,6.902931566988633,5.128886577976106,9.18455736648146,91
cpx,cpx_only,T_C,T,800<=T<1000,800.0,1000.0,93,Agreda,Agreda 2024,Agreda 2024,110.65985733141959,97.21383067774585,122.5667119483866,92.73857588248868,80.75175788051659,104.12769325756096,93
cpx,cpx_only,P_kbar,T,800<=T<1000,800.0,1000.0,93,Agreda,Agreda 2024,Agreda 2024,13.037757430898914,8.706718543870185,16.890930931723844,6.074189199154732,4.035021785320474,8.447708026590957,93
cpx,cpx_only,T_C,T,1000<=T<1200,1000.0,1200.0,229,v10,RF/raw,v10 RF raw,81.89702161400186,67.52502176618441,96.58466907958646,57.63168755278573,50.866255917441244,65.82993443619701,229
cpx,cpx_only,T_C,T,1000<=T<1200,1000.0,1200.0,229,v10,RF/alr,v10 RF alr,92.73758160504237,79.0233157369935,107.54212845123766,70.22339867701409,62.54098016078721,78.7270380025202,229
cpx,cpx_only,T_C,T,1000<=T<1200,1000.0,1200.0,229,v10,RF/pwlr,v10 RF pwlr,81.37067293440991,68.14665463425614,96.60294609761254,57.47411472774092,50.81387387658361,65.40406607335129,229
cpx,cpx_only,P_kbar,T,1000<=T<1200,1000.0,1200.0,229,v10,RF/raw,v10 RF raw,9.515066273624864,4.826580905697802,13.810753817051424,3.9126758162546005,2.9186411155377607,5.087427293305963,229
cpx,cpx_only,P_kbar,T,1000<=T<1200,1000.0,1200.0,229,v10,RF/alr,v10 RF alr,21.146683383244724,18.949040293551686,23.340399148876532,15.232419794494815,13.379936651811636,17.172878681601826,229
cpx,cpx_only,P_kbar,T,1000<=T<1200,1000.0,1200.0,229,v10,RF/pwlr,v10 RF pwlr,13.289644619511199,10.831263342188194,15.913668824574954,7.9916973278695025,6.6217796755382015,9.529043015506216,229
cpx,cpx_only,T_C,T,1000<=T<1200,1000.0,1200.0,229,v10,ERT/raw,v10 ERT raw,82.72289156696573,68.52835578899337,97.84457326320809,56.86442821277164,49.87538133842565,65.42041631167646,229
cpx,cpx_only,T_C,T,1000<=T<1200,1000.0,1200.0,229,v10,ERT/alr,v10 ERT alr,79.07090059112899,67.79718999711596,89.74286315984925,59.0743607500526,52.656054616070456,66.23557280234391,229
cpx,cpx_only,T_C,T,1000<=T<1200,1000.0,1200.0,229,v10,ERT/pwlr,v10 ERT pwlr,78.283924738636,67.95990466183032,88.66564082991528,58.72375533404652,52.63741842997239,66.11232538100113,229
cpx,cpx_only,P_kbar,T,1000<=T<1200,1000.0,1200.0,229,v10,ERT/raw,v10 ERT raw,8.394328533357177,4.5515373815941365,11.95426542846405,4.000695559135721,3.104233761240968,5.029104503010493,229
cpx,cpx_only,P_kbar,T,1000<=T<1200,1000.0,1200.0,229,v10,ERT/alr,v10 ERT alr,10.761028704725335,6.714231498852628,14.588347510772252,5.443832046615472,4.301381484319082,6.769927915542189,229
cpx,cpx_only,P_kbar,T,1000<=T<1200,1000.0,1200.0,229,v10,ERT/pwlr,v10 ERT pwlr,10.648241108965804,6.242034580044407,14.584032301083447,4.713481491929706,3.55878333806813,6.033884282713838,229
cpx,cpx_only,T_C,T,1000<=T<1200,1000.0,1200.0,229,v10,XGB/raw,v10 XGB raw,79.95290269291633,68.94646945512022,90.98945257609968,60.187552239697055,53.78853331986473,67.31096307346394,229
cpx,cpx_only,T_C,T,1000<=T<1200,1000.0,1200.0,229,v10,XGB/alr,v10 XGB alr,82.6410264387239,70.27718740057846,95.471354308884,61.853631831673034,55.154643456071746,69.38997398942838,229
cpx,cpx_only,T_C,T,1000<=T<1200,1000.0,1200.0,229,v10,XGB/pwlr,v10 XGB pwlr,77.96523822408965,67.3196038314909,89.05677779694928,60.62804562764397,54.632794562593816,67.53849697196327,229
cpx,cpx_only,P_kbar,T,1000<=T<1200,1000.0,1200.0,229,v10,XGB/raw,v10 XGB raw,9.596986301274656,5.136075463234031,13.570940040227596,4.20405275508565,3.2166676702046133,5.3696388692668755,229
cpx,cpx_only,P_kbar,T,1000<=T<1200,1000.0,1200.0,229,v10,XGB/alr,v10 XGB alr,11.845849323333233,9.34561414160268,14.22090730017363,7.261497970680398,6.091541576003788,8.408975787936065,227
cpx,cpx_only,P_kbar,T,1000<=T<1200,1000.0,1200.0,229,v10,XGB/pwlr,v10 XGB pwlr,13.35384658521607,11.007789040927848,15.52198286238044,8.375698412027972,6.918880736442117,9.902954872728452,219
cpx,cpx_only,T_C,T,1000<=T<1200,1000.0,1200.0,229,v10,GB/raw,v10 GB raw,79.9173835665757,69.95133214059817,90.47198060994901,61.66751462800213,55.63031610904362,68.78447748298214,229
cpx,cpx_only,T_C,T,1000<=T<1200,1000.0,1200.0,229,v10,GB/alr,v10 GB alr,84.6611893332767,72.42131418295172,98.52053102235422,63.24341008263466,56.36478305448312,70.54768590811445,229
cpx,cpx_only,T_C,T,1000<=T<1200,1000.0,1200.0,229,v10,GB/pwlr,v10 GB pwlr,79.90544018164657,67.39778745712195,93.58863446558625,59.14466289754643,52.50602054104849,66.37241659102732,229
cpx,cpx_only,P_kbar,T,1000<=T<1200,1000.0,1200.0,229,v10,GB/raw,v10 GB raw,8.22251947982643,4.827397508423203,11.196427174294145,4.237185580619568,3.4181805764307454,5.292115013662498,228
cpx,cpx_only,P_kbar,T,1000<=T<1200,1000.0,1200.0,229,v10,GB/alr,v10 GB alr,12.652806250095987,10.30045345985662,15.2385829411468,8.807706535353613,7.618031769337264,10.099671262874288,228
cpx,cpx_only,P_kbar,T,1000<=T<1200,1000.0,1200.0,229,v10,GB/pwlr,v10 GB pwlr,12.451384419796346,9.909117616256285,14.97272125587232,8.096641857359065,6.901723250179242,9.361653937931507,229
cpx,cpx_only,T_C,T,1000<=T<1200,1000.0,1200.0,229,v10,CatBoost/raw,v10 CatBoost raw,84.21263013636788,71.31725516134546,98.0839937806535,61.85868341946784,55.395386418524666,70.34274230925347,229
cpx,cpx_only,T_C,T,1000<=T<1200,1000.0,1200.0,229,v10,CatBoost/alr,v10 CatBoost alr,87.4577729908358,76.17665535783982,98.33160749185747,67.67376628201872,60.560883851660826,75.39344286426724,229
cpx,cpx_only,T_C,T,1000<=T<1200,1000.0,1200.0,229,v10,CatBoost/pwlr,v10 CatBoost pwlr,93.51922373430108,81.94975338053516,105.1299590134866,72.45635708693753,65.03623985439184,80.7362490439569,229
cpx,cpx_only,P_kbar,T,1000<=T<1200,1000.0,1200.0,229,v10,CatBoost/raw,v10 CatBoost raw,8.751732704303794,4.900795629822561,12.284875570055743,4.652730416071644,3.7859547166454,5.730280580164626,229
cpx,cpx_only,P_kbar,T,1000<=T<1200,1000.0,1200.0,229,v10,CatBoost/alr,v10 CatBoost alr,11.39591854888121,9.248672357045715,13.786207720677943,7.717147642200484,6.686335750593862,8.836976414465884,228
cpx,cpx_only,P_kbar,T,1000<=T<1200,1000.0,1200.0,229,v10,CatBoost/pwlr,v10 CatBoost pwlr,15.71747233185974,12.766017608525852,18.93523445479974,8.952995917597544,7.346364404207855,10.720673563416394,229
cpx,cpx_only,T_C,T,1000<=T<1200,1000.0,1200.0,229,v10,LightGBM/raw,v10 LightGBM raw,79.99998457678413,67.97926981531143,92.98705360026223,59.009303243176326,52.78644028183434,66.69212873549864,229
cpx,cpx_only,T_C,T,1000<=T<1200,1000.0,1200.0,229,v10,LightGBM/alr,v10 LightGBM alr,85.10842824366541,72.16535989854232,98.42504194387202,62.122116207940266,54.865275238223184,69.83071930442537,229
cpx,cpx_only,T_C,T,1000<=T<1200,1000.0,1200.0,229,v10,LightGBM/pwlr,v10 LightGBM pwlr,78.50290754703897,66.62668930358646,91.31962800926381,59.67961647447778,53.03861271515124,67.15371453565874,229
cpx,cpx_only,P_kbar,T,1000<=T<1200,1000.0,1200.0,229,v10,LightGBM/raw,v10 LightGBM raw,7.987257788287566,4.661032312295816,11.007219694167306,3.926778776686251,3.1151567890070972,4.8567507259262745,225
cpx,cpx_only,P_kbar,T,1000<=T<1200,1000.0,1200.0,229,v10,LightGBM/alr,v10 LightGBM alr,12.780795706200053,10.423064239209765,14.944712138760377,7.4303007356189825,6.082574772181771,8.739943963272706,229
cpx,cpx_only,P_kbar,T,1000<=T<1200,1000.0,1200.0,229,v10,LightGBM/pwlr,v10 LightGBM pwlr,11.320701233233292,8.759532672267213,14.211055853994624,7.394730048291982,6.311165269640031,8.561871703294056,228
cpx,cpx_only,T_C,T,1000<=T<1200,1000.0,1200.0,229,v10,ElasticNet/raw,v10 ElasticNet raw,88.03560391468928,81.07196026935763,95.94188839804403,70.33214076242463,63.98106525543457,77.61421067630617,229
cpx,cpx_only,T_C,T,1000<=T<1200,1000.0,1200.0,229,v10,ElasticNet/alr,v10 ElasticNet alr,85.02319709087877,78.299437061964,92.01661416438073,69.11189570990607,63.1419631529304,75.25215758386152,229
cpx,cpx_only,T_C,T,1000<=T<1200,1000.0,1200.0,229,v10,ElasticNet/pwlr,v10 ElasticNet pwlr,83.50491263424969,76.62040255908278,91.59241994217265,68.22247486401216,62.58220399893887,74.4976611417405,229
cpx,cpx_only,P_kbar,T,1000<=T<1200,1000.0,1200.0,229,v10,ElasticNet/raw,v10 ElasticNet raw,11.33097929657134,7.937598805536356,14.88877239575138,7.095166089006543,6.070203458531692,8.331886832378927,229
cpx,cpx_only,P_kbar,T,1000<=T<1200,1000.0,1200.0,229,v10,ElasticNet/alr,v10 ElasticNet alr,11.245752707590029,7.363495566361548,15.199594541909498,6.681033584686692,5.635041392884924,8.04665411099791,229
cpx,cpx_only,P_kbar,T,1000<=T<1200,1000.0,1200.0,229,v10,ElasticNet/pwlr,v10 ElasticNet pwlr,10.792993813286493,7.025796327625254,14.643463559627968,6.254966164021713,5.2404763955645794,7.571790428240753,229
cpx,cpx_only,T_C,T,1000<=T<1200,1000.0,1200.0,229,v10,MLP/raw,v10 MLP raw,108.24785976648371,96.883643472573,120.22483238526623,82.76166521610749,74.09527928407702,92.93996023209263,229
cpx,cpx_only,T_C,T,1000<=T<1200,1000.0,1200.0,229,v10,MLP/alr,v10 MLP alr,94.49546313896585,84.19509385264044,104.77907734256242,72.55441183434439,65.81542892321986,80.21012876475697,229
cpx,cpx_only,T_C,T,1000<=T<1200,1000.0,1200.0,229,v10,MLP/pwlr,v10 MLP pwlr,112.56800200073859,99.06799366798697,126.32703122089406,84.93813742860056,75.7630124957562,95.25876500048938,229
cpx,cpx_only,P_kbar,T,1000<=T<1200,1000.0,1200.0,229,v10,MLP/raw,v10 MLP raw,10.70984900148186,7.121355358139908,14.24793821397765,6.214389485835722,5.185094951630337,7.417971998457842,229
cpx,cpx_only,P_kbar,T,1000<=T<1200,1000.0,1200.0,229,v10,MLP/alr,v10 MLP alr,8.950332657150502,5.855575764442656,12.034499154951764,5.10141016195876,4.237993587467645,6.0645047197615245,229
cpx,cpx_only,P_kbar,T,1000<=T<1200,1000.0,1200.0,229,v10,MLP/pwlr,v10 MLP pwlr,10.672275844250338,7.22617105563797,14.075826012190486,5.959558394148017,4.866006309727428,7.258866890260457,214
cpx,cpx_only,T_C,T,1000<=T<1200,1000.0,1200.0,229,Putirka,Putirka 32d,Putirka 32d,164.13816756356232,131.66335356508807,199.0452911546969,106.23019804393883,90.93267827569008,123.65096111761119,229
cpx,cpx_only,P_kbar,T,1000<=T<1200,1000.0,1200.0,229,Putirka,Putirka 32a,Putirka 32a,6.40204233161526,4.504904597491485,8.51205299670868,3.842046502844794,3.1914056970886993,4.601012421637086,199
cpx,cpx_only,P_kbar,T,1000<=T<1200,1000.0,1200.0,229,Putirka,Putirka 32b,Putirka 32b,7.583530906097499,5.043419923122861,10.572027839372126,4.222516057850609,3.4659360326122357,5.270995663040105,185
cpx,cpx_only,T_C,T,1000<=T<1200,1000.0,1200.0,229,Agreda,Agreda 2024,Agreda 2024,62.0325001580779,53.16084048300732,72.37912141587162,40.50908729186745,34.836681229370654,47.96250846479657,229
cpx,cpx_only,P_kbar,T,1000<=T<1200,1000.0,1200.0,229,Agreda,Agreda 2024,Agreda 2024,11.80823307141499,6.6364997013798455,16.534121151479496,4.000245204302215,2.6800901648083038,5.58496120616525,229
cpx,cpx_only,T_C,T,1200<=T<1400,1200.0,1400.0,301,v10,RF/raw,v10 RF raw,78.0471378012033,69.92705104627926,86.76679816426167,59.1296855917896,53.62461181848052,65.64204433981888,301
cpx,cpx_only,T_C,T,1200<=T<1400,1200.0,1400.0,301,v10,RF/alr,v10 RF alr,85.31958472175099,77.07138037091595,94.20959056781548,65.814411806125,59.65986007055445,72.45449567763943,301
cpx,cpx_only,T_C,T,1200<=T<1400,1200.0,1400.0,301,v10,RF/pwlr,v10 RF pwlr,79.70057163623946,69.42085981504205,89.17511349671594,59.677874241577555,53.806313935393526,66.1403650443634,301
cpx,cpx_only,P_kbar,T,1200<=T<1400,1200.0,1400.0,301,v10,RF/raw,v10 RF raw,10.943728968374185,8.570522447954264,13.349774768826702,5.658971733316218,4.680964530304847,6.842987110069363,300
cpx,cpx_only,P_kbar,T,1200<=T<1400,1200.0,1400.0,301,v10,RF/alr,v10 RF alr,21.508797706370775,18.556250509185737,24.405932942567766,12.749086124942412,10.887945585894679,14.792892120721554,295
cpx,cpx_only,P_kbar,T,1200<=T<1400,1200.0,1400.0,301,v10,RF/pwlr,v10 RF pwlr,18.223730363935847,15.160683559645394,21.285244020938176,9.191566545242571,7.475012502182224,11.043360666231683,289
cpx,cpx_only,T_C,T,1200<=T<1400,1200.0,1400.0,301,v10,ERT/raw,v10 ERT raw,72.21951435703292,64.95234433791535,79.82943825391838,55.846349345066855,50.577763107849684,61.58565350566882,301
cpx,cpx_only,T_C,T,1200<=T<1400,1200.0,1400.0,301,v10,ERT/alr,v10 ERT alr,71.15208123505786,64.49482334648805,77.63890306235191,55.629627690108414,50.56358892662946,61.225626631577825,301
cpx,cpx_only,T_C,T,1200<=T<1400,1200.0,1400.0,301,v10,ERT/pwlr,v10 ERT pwlr,72.08606487904386,65.46542174270128,79.13707852309085,56.18275224973438,50.95500660780024,62.13123558340041,301
cpx,cpx_only,P_kbar,T,1200<=T<1400,1200.0,1400.0,301,v10,ERT/raw,v10 ERT raw,9.635840358508306,7.727045207396033,11.61635567356413,5.418416408460991,4.56351859822963,6.389266095403429,300
cpx,cpx_only,P_kbar,T,1200<=T<1400,1200.0,1400.0,301,v10,ERT/alr,v10 ERT alr,11.385214532730906,9.34794144497176,13.531717605736828,6.445806235991127,5.480213813043315,7.586326894654599,300
cpx,cpx_only,P_kbar,T,1200<=T<1400,1200.0,1400.0,301,v10,ERT/pwlr,v10 ERT pwlr,11.404851077035831,9.209811437495034,13.587327055485709,6.159470359556073,5.160665026671845,7.281441906270439,299
cpx,cpx_only,T_C,T,1200<=T<1400,1200.0,1400.0,301,v10,XGB/raw,v10 XGB raw,70.3050077511052,64.34283970744198,76.83551775554827,55.21181997508306,50.788135759220566,60.59418432292748,301
cpx,cpx_only,T_C,T,1200<=T<1400,1200.0,1400.0,301,v10,XGB/alr,v10 XGB alr,72.46697460236015,66.31259672678739,79.19964927860926,56.26282873819041,51.26033007853055,61.87765745245341,301
cpx,cpx_only,T_C,T,1200<=T<1400,1200.0,1400.0,301,v10,XGB/pwlr,v10 XGB pwlr,81.4821446611078,74.15778297212472,88.82414142273458,64.82554570701828,59.16780510075465,70.59121259011303,301
cpx,cpx_only,P_kbar,T,1200<=T<1400,1200.0,1400.0,301,v10,XGB/raw,v10 XGB raw,12.945227850955444,9.735573977726355,16.15001001246163,6.639406049183742,5.467830198514461,7.98374518939587,298
cpx,cpx_only,P_kbar,T,1200<=T<1400,1200.0,1400.0,301,v10,XGB/alr,v10 XGB alr,15.444013993096796,12.586008304897645,18.085194925629484,7.740300907818642,6.341905134597391,9.342881527776438,279
cpx,cpx_only,P_kbar,T,1200<=T<1400,1200.0,1400.0,301,v10,XGB/pwlr,v10 XGB pwlr,14.840460372812924,12.41027816766529,17.237112360219616,8.299995818839038,6.957754848416095,9.819586193271553,283
cpx,cpx_only,T_C,T,1200<=T<1400,1200.0,1400.0,301,v10,GB/raw,v10 GB raw,72.47272387205928,65.22089346374574,79.41697254872304,54.71789166358159,49.68721984218065,60.30002846279947,301
cpx,cpx_only,T_C,T,1200<=T<1400,1200.0,1400.0,301,v10,GB/alr,v10 GB alr,80.32987127223171,72.64697525351447,88.33290395358435,62.16996690103778,56.4166270122523,68.21332236865551,301
cpx,cpx_only,T_C,T,1200<=T<1400,1200.0,1400.0,301,v10,GB/pwlr,v10 GB pwlr,77.8528462152525,68.02311833146268,86.62600712855456,58.76884821278523,53.08102077108334,64.87154592489098,301
cpx,cpx_only,P_kbar,T,1200<=T<1400,1200.0,1400.0,301,v10,GB/raw,v10 GB raw,10.31354257905765,8.291677114879993,12.441474809307792,6.117009467005555,5.2214526069424165,7.149154148879294,296
cpx,cpx_only,P_kbar,T,1200<=T<1400,1200.0,1400.0,301,v10,GB/alr,v10 GB alr,23.254269041055583,18.95655561821406,26.755580582023622,11.393496836818098,9.11276477571029,13.693599454325605,294
cpx,cpx_only,P_kbar,T,1200<=T<1400,1200.0,1400.0,301,v10,GB/pwlr,v10 GB pwlr,14.16703448428249,12.16848816182457,16.338748863113956,8.35184569339582,7.143918112303035,9.69127799765428,298
cpx,cpx_only,T_C,T,1200<=T<1400,1200.0,1400.0,301,v10,CatBoost/raw,v10 CatBoost raw,76.45632691149471,69.653753566561,83.89843840224411,60.21692798040894,54.8829235037487,65.79908298425917,301
cpx,cpx_only,T_C,T,1200<=T<1400,1200.0,1400.0,301,v10,CatBoost/alr,v10 CatBoost alr,80.67629353908714,74.29866402115512,86.87964896794313,66.09396929604915,61.02290789271642,71.31007925211196,301
cpx,cpx_only,T_C,T,1200<=T<1400,1200.0,1400.0,301,v10,CatBoost/pwlr,v10 CatBoost pwlr,78.9557567076969,73.07662836730962,84.88485125391352,65.26325550073028,60.02710899685073,70.31474109441601,301
cpx,cpx_only,P_kbar,T,1200<=T<1400,1200.0,1400.0,301,v10,CatBoost/raw,v10 CatBoost raw,9.2203715501596,7.312137944773557,11.162525242418862,5.826989822820853,5.099857197322367,6.674747787199316,298
cpx,cpx_only,P_kbar,T,1200<=T<1400,1200.0,1400.0,301,v10,CatBoost/alr,v10 CatBoost alr,13.111322583840167,11.041929643020485,15.292565819653595,8.355266259850413,7.265504837048557,9.50479057132499,296
cpx,cpx_only,P_kbar,T,1200<=T<1400,1200.0,1400.0,301,v10,CatBoost/pwlr,v10 CatBoost pwlr,11.991333493083053,9.561222085888556,14.963506507323228,6.813548658208679,5.788348403825452,8.096296668144115,295
cpx,cpx_only,T_C,T,1200<=T<1400,1200.0,1400.0,301,v10,LightGBM/raw,v10 LightGBM raw,81.95510908558222,75.35726401741256,89.32463233350714,64.43037146838842,59.06915117607484,70.63848310418791,301
cpx,cpx_only,T_C,T,1200<=T<1400,1200.0,1400.0,301,v10,LightGBM/alr,v10 LightGBM alr,85.68019621753994,77.86709113810838,93.86887722352316,65.97027294388894,60.01082434069609,72.30970550732954,301
cpx,cpx_only,T_C,T,1200<=T<1400,1200.0,1400.0,301,v10,LightGBM/pwlr,v10 LightGBM pwlr,70.2829273057196,62.7153184772942,77.76955007384748,53.05025443601117,47.68435523685292,58.62904396874982,301
cpx,cpx_only,P_kbar,T,1200<=T<1400,1200.0,1400.0,301,v10,LightGBM/raw,v10 LightGBM raw,11.260459158396872,9.284776079966962,13.550880072630594,6.427814928040876,5.38466059996079,7.669728591127963,296
cpx,cpx_only,P_kbar,T,1200<=T<1400,1200.0,1400.0,301,v10,LightGBM/alr,v10 LightGBM alr,19.5441355064381,16.660199472377755,22.25974517176,10.210846246363884,8.54139870587112,12.071583835305482,295
cpx,cpx_only,P_kbar,T,1200<=T<1400,1200.0,1400.0,301,v10,LightGBM/pwlr,v10 LightGBM pwlr,14.022780410908343,11.88718179181838,16.19623844938314,8.241159849545312,7.001178534088692,9.548621292790866,299
cpx,cpx_only,T_C,T,1200<=T<1400,1200.0,1400.0,301,v10,ElasticNet/raw,v10 ElasticNet raw,68.10914644513359,58.94468802282963,78.1938468672198,48.03321936520405,42.52367408530098,54.016075963185294,301
cpx,cpx_only,T_C,T,1200<=T<1400,1200.0,1400.0,301,v10,ElasticNet/alr,v10 ElasticNet alr,70.65346948438717,63.00611361664689,78.57167955510664,50.99884872882124,45.891839498563755,56.80735555070978,301
cpx,cpx_only,T_C,T,1200<=T<1400,1200.0,1400.0,301,v10,ElasticNet/pwlr,v10 ElasticNet pwlr,82.84508856934303,74.42658859084406,91.64886976607283,61.70250097665786,55.5812528578339,68.43320379000772,301
cpx,cpx_only,P_kbar,T,1200<=T<1400,1200.0,1400.0,301,v10,ElasticNet/raw,v10 ElasticNet raw,8.941809910314168,7.112209089366664,10.937970660180172,5.6053542277210795,4.924999185491979,6.433167928887718,300
cpx,cpx_only,P_kbar,T,1200<=T<1400,1200.0,1400.0,301,v10,ElasticNet/alr,v10 ElasticNet alr,8.861364336306647,6.785406599579098,11.130713761328423,4.608690547515136,3.9234755043168046,5.511484324599683,300
cpx,cpx_only,P_kbar,T,1200<=T<1400,1200.0,1400.0,301,v10,ElasticNet/pwlr,v10 ElasticNet pwlr,8.394983330691321,6.414907803686551,10.642063810494518,4.524251871785477,3.8497628307071547,5.350696653771707,300
cpx,cpx_only,T_C,T,1200<=T<1400,1200.0,1400.0,301,v10,MLP/raw,v10 MLP raw,102.52222920431088,94.88570460916112,111.05977150905542,81.9550531282313,75.36471299250628,89.12201126022028,301
cpx,cpx_only,T_C,T,1200<=T<1400,1200.0,1400.0,301,v10,MLP/alr,v10 MLP alr,97.0156100364739,89.25899249662665,106.49342317221628,79.2992514690402,72.49182172821398,86.57569825516497,301
cpx,cpx_only,T_C,T,1200<=T<1400,1200.0,1400.0,301,v10,MLP/pwlr,v10 MLP pwlr,93.89643085396632,85.90339049986211,103.05069350593705,72.92927052508956,66.85116088857956,80.26174079188112,301
cpx,cpx_only,P_kbar,T,1200<=T<1400,1200.0,1400.0,301,v10,MLP/raw,v10 MLP raw,9.252594328645054,7.451763417381335,11.251585244021513,5.743160168935469,5.070547120342088,6.580101742129645,300
cpx,cpx_only,P_kbar,T,1200<=T<1400,1200.0,1400.0,301,v10,MLP/alr,v10 MLP alr,8.833979897427085,7.314830849295829,10.735294042294727,6.031857192000242,5.404994288309565,6.803004712095802,298
cpx,cpx_only,P_kbar,T,1200<=T<1400,1200.0,1400.0,301,v10,MLP/pwlr,v10 MLP pwlr,9.51265810088541,7.614629220391623,11.709447664953153,6.3199695593635585,5.563940332054948,7.220275050460806,300
cpx,cpx_only,T_C,T,1200<=T<1400,1200.0,1400.0,301,Putirka,Putirka 32d,Putirka 32d,103.4973941830555,77.21353403631173,131.17384172352183,57.38124964977005,48.76464190929131,68.89662787364011,299
cpx,cpx_only,P_kbar,T,1200<=T<1400,1200.0,1400.0,301,Putirka,Putirka 32a,Putirka 32a,8.191243953522175,4.830494432526182,12.087607325013561,3.2894819613921316,2.548330121593833,4.344143231889599,298
cpx,cpx_only,P_kbar,T,1200<=T<1400,1200.0,1400.0,301,Putirka,Putirka 32b,Putirka 32b,8.393819534682425,5.067512672393699,11.275713305182636,3.259502216280905,2.509070196929073,4.07573520693119,283
cpx,cpx_only,T_C,T,1200<=T<1400,1200.0,1400.0,301,Agreda,Agreda 2024,Agreda 2024,49.062838893466214,42.29960552033975,57.009567099150196,30.66406419331152,26.78143592739905,35.4597289971308,301
cpx,cpx_only,P_kbar,T,1200<=T<1400,1200.0,1400.0,301,Agreda,Agreda 2024,Agreda 2024,10.786445747228166,7.375406313335271,14.114199625007512,3.8587375207693877,2.946507449277132,5.14561936848395,301
cpx,cpx_only,T_C,T,T>=1400,1400.0,5000.0,147,v10,RF/raw,v10 RF raw,166.65103033648631,137.23998267569075,196.06311448259643,110.73659624910641,90.61395185861177,133.08086341931062,147
cpx,cpx_only,T_C,T,T>=1400,1400.0,5000.0,147,v10,RF/alr,v10 RF alr,153.199200103605,126.42173263341991,179.71985599229345,103.22586221868441,85.07877623457516,122.56582600480624,147
cpx,cpx_only,T_C,T,T>=1400,1400.0,5000.0,147,v10,RF/pwlr,v10 RF pwlr,159.63297032167867,128.17092618657125,188.39531424968615,104.56902888478487,84.87056893151004,124.9700739398748,147
cpx,cpx_only,P_kbar,T,T>=1400,1400.0,5000.0,147,v10,RF/raw,v10 RF raw,22.729177066273337,16.892195073641524,28.51221286075596,11.878436333709601,8.848792342372015,15.027131340942406,147
cpx,cpx_only,P_kbar,T,T>=1400,1400.0,5000.0,147,v10,RF/alr,v10 RF alr,15.614346567373705,13.196139947613888,17.88276661824229,11.861227743735455,10.189264806825832,13.522269768872833,135
cpx,cpx_only,P_kbar,T,T>=1400,1400.0,5000.0,147,v10,RF/pwlr,v10 RF pwlr,17.39028820896838,13.206568514837985,22.115869405795735,9.966077933526778,7.928985394962783,12.687045276335981,138
cpx,cpx_only,T_C,T,T>=1400,1400.0,5000.0,147,v10,ERT/raw,v10 ERT raw,170.35998210298808,140.19181504878634,198.64400758751466,115.42553721513084,94.5627556683391,136.60765292797183,147
cpx,cpx_only,T_C,T,T>=1400,1400.0,5000.0,147,v10,ERT/alr,v10 ERT alr,168.88595174233006,139.39002656631246,196.25392829181823,116.48154618174966,96.15156764812671,138.03450765055098,147
cpx,cpx_only,T_C,T,T>=1400,1400.0,5000.0,147,v10,ERT/pwlr,v10 ERT pwlr,162.38929408572943,132.60649618503047,191.20971961956266,105.96814240313492,85.20877703963963,127.11686674250333,147
cpx,cpx_only,P_kbar,T,T>=1400,1400.0,5000.0,147,v10,ERT/raw,v10 ERT raw,23.767209242540943,17.364261477168494,29.892721585741988,12.111198921755554,8.88357280189453,15.47077533712529,147
cpx,cpx_only,P_kbar,T,T>=1400,1400.0,5000.0,147,v10,ERT/alr,v10 ERT alr,22.43526080391694,16.396778620843293,27.916368395180243,12.619042088392732,9.819106907511577,15.683658823790092,147
cpx,cpx_only,P_kbar,T,T>=1400,1400.0,5000.0,147,v10,ERT/pwlr,v10 ERT pwlr,20.254566032510777,14.700896337732411,25.43037056897751,11.333531890734362,8.646644597417815,14.183611849120714,142
cpx,cpx_only,T_C,T,T>=1400,1400.0,5000.0,147,v10,XGB/raw,v10 XGB raw,182.95967838089595,154.63517321754017,211.4851631663089,132.12284176365858,111.46963067087187,153.47375704187925,147
cpx,cpx_only,T_C,T,T>=1400,1400.0,5000.0,147,v10,XGB/alr,v10 XGB alr,178.3250242134442,152.1467236807447,204.2517133471068,132.1745987457483,113.1701698977931,153.3347361869552,147
cpx,cpx_only,T_C,T,T>=1400,1400.0,5000.0,147,v10,XGB/pwlr,v10 XGB pwlr,170.89342581986358,141.24914338288772,200.11689667128326,116.51940751886693,97.45984183590429,137.69263475898174,147
cpx,cpx_only,P_kbar,T,T>=1400,1400.0,5000.0,147,v10,XGB/raw,v10 XGB raw,23.38703831735517,17.095640744288218,29.767167299513293,12.122094159223607,9.196312571504503,15.487015462611012,147
cpx,cpx_only,P_kbar,T,T>=1400,1400.0,5000.0,147,v10,XGB/alr,v10 XGB alr,13.948441805600474,11.131367692674164,16.251458536888986,9.212559814806347,7.416802003339493,10.866695427144027,135
cpx,cpx_only,P_kbar,T,T>=1400,1400.0,5000.0,147,v10,XGB/pwlr,v10 XGB pwlr,16.50275989476425,12.217110350086527,21.079172559483546,10.163553800026008,8.16299069841414,12.33858574998641,137
cpx,cpx_only,T_C,T,T>=1400,1400.0,5000.0,147,v10,GB/raw,v10 GB raw,183.73758634044188,152.99529915647216,212.97255950552565,128.03611356248265,105.11497752205713,150.35265131486204,147
cpx,cpx_only,T_C,T,T>=1400,1400.0,5000.0,147,v10,GB/alr,v10 GB alr,184.32439053163824,152.8410082437801,216.84972136194892,129.44327662674982,108.40328167536919,152.28985565994304,147
cpx,cpx_only,T_C,T,T>=1400,1400.0,5000.0,147,v10,GB/pwlr,v10 GB pwlr,171.8887559850436,137.72020533548476,203.4261814825491,110.4755137722538,89.15303003178661,133.29384261794854,147
cpx,cpx_only,P_kbar,T,T>=1400,1400.0,5000.0,147,v10,GB/raw,v10 GB raw,23.343787198326023,17.963219576283894,28.898526590080287,12.365414655801333,9.29794385691926,15.707604575900161,147
cpx,cpx_only,P_kbar,T,T>=1400,1400.0,5000.0,147,v10,GB/alr,v10 GB alr,13.074290088828706,10.09980966802266,15.459126002200051,8.221663768780747,6.512671625896617,9.761203774530872,135
cpx,cpx_only,P_kbar,T,T>=1400,1400.0,5000.0,147,v10,GB/pwlr,v10 GB pwlr,17.907721075714367,13.175799134631923,22.370822436931956,9.621954401232722,7.374898910051344,12.205900318803504,139
cpx,cpx_only,T_C,T,T>=1400,1400.0,5000.0,147,v10,CatBoost/raw,v10 CatBoost raw,165.74331040177614,137.18224925261777,193.26162094776367,114.79093547540106,96.33402151724376,136.10013627153208,147
cpx,cpx_only,T_C,T,T>=1400,1400.0,5000.0,147,v10,CatBoost/alr,v10 CatBoost alr,159.7299177388963,131.56959983104986,186.7229705651337,104.03604035539573,84.49315416053105,124.42417189351221,147
cpx,cpx_only,T_C,T,T>=1400,1400.0,5000.0,147,v10,CatBoost/pwlr,v10 CatBoost pwlr,160.18356298282282,129.89093212267005,188.39420257021743,101.69206836387204,81.52228154164894,121.88094418424453,147
cpx,cpx_only,P_kbar,T,T>=1400,1400.0,5000.0,147,v10,CatBoost/raw,v10 CatBoost raw,24.24805936445817,17.94749162045094,30.297888798547035,12.609135604884463,9.183312940200885,16.04844580355296,147
cpx,cpx_only,P_kbar,T,T>=1400,1400.0,5000.0,147,v10,CatBoost/alr,v10 CatBoost alr,19.661208100763954,14.889977222719585,24.172139673079716,12.685729254519918,10.249861597447214,15.219318026777936,140
cpx,cpx_only,P_kbar,T,T>=1400,1400.0,5000.0,147,v10,CatBoost/pwlr,v10 CatBoost pwlr,19.390150838269403,13.844917444766242,25.379987705256845,12.042373884444338,9.803999846576888,14.660225187957828,141
cpx,cpx_only,T_C,T,T>=1400,1400.0,5000.0,147,v10,LightGBM/raw,v10 LightGBM raw,171.3201311372786,140.4922404203166,201.09867880702578,112.76472598851085,91.00594667152251,134.70332566636336,147
cpx,cpx_only,T_C,T,T>=1400,1400.0,5000.0,147,v10,LightGBM/alr,v10 LightGBM alr,180.6919573524079,151.57713872106066,210.9127792719698,129.89624952930487,109.94664772329041,151.33052790499264,147
cpx,cpx_only,T_C,T,T>=1400,1400.0,5000.0,147,v10,LightGBM/pwlr,v10 LightGBM pwlr,171.66804092033033,139.92825365634295,201.09283477989933,113.54361690544135,93.16466088854078,135.41336557511644,147
cpx,cpx_only,P_kbar,T,T>=1400,1400.0,5000.0,147,v10,LightGBM/raw,v10 LightGBM raw,23.24131348896817,17.24083382412982,29.037364943177902,12.360534619612169,9.31116265587933,15.743950229837099,147
cpx,cpx_only,P_kbar,T,T>=1400,1400.0,5000.0,147,v10,LightGBM/alr,v10 LightGBM alr,13.773721135229277,10.761519277643796,16.23112497405365,8.7461126009403,6.875118953071368,10.413685329821975,135
cpx,cpx_only,P_kbar,T,T>=1400,1400.0,5000.0,147,v10,LightGBM/pwlr,v10 LightGBM pwlr,16.578176406764296,12.268447989567411,21.207806714850545,8.83417188760101,6.725449941644155,11.471400124118295,138
cpx,cpx_only,T_C,T,T>=1400,1400.0,5000.0,147,v10,ElasticNet/raw,v10 ElasticNet raw,188.85467370074096,164.53258511168525,211.05126778720143,147.99617943902166,128.79480920074758,166.13586174181458,147
cpx,cpx_only,T_C,T,T>=1400,1400.0,5000.0,147,v10,ElasticNet/alr,v10 ElasticNet alr,204.44463746275815,179.47179575609164,226.6072750303469,162.76433166292497,142.84028257466701,182.28235934635507,147
cpx,cpx_only,T_C,T,T>=1400,1400.0,5000.0,147,v10,ElasticNet/pwlr,v10 ElasticNet pwlr,196.8220437567464,171.1651356937702,220.38053020665146,154.96597022188726,134.90053104796883,175.17085234059323,147
cpx,cpx_only,P_kbar,T,T>=1400,1400.0,5000.0,147,v10,ElasticNet/raw,v10 ElasticNet raw,28.516922310186278,21.188761517325034,35.51846677780303,15.675407036582964,12.173741849184834,19.709779220390665,145
cpx,cpx_only,P_kbar,T,T>=1400,1400.0,5000.0,147,v10,ElasticNet/alr,v10 ElasticNet alr,28.10418431439553,21.22905968236611,34.40447654835204,16.625487847410827,13.22096629632723,20.56084915579721,146
cpx,cpx_only,P_kbar,T,T>=1400,1400.0,5000.0,147,v10,ElasticNet/pwlr,v10 ElasticNet pwlr,26.96135196013233,20.20569355807414,33.356715510128126,15.962739885601149,12.758327319926089,19.60990602546488,145
cpx,cpx_only,T_C,T,T>=1400,1400.0,5000.0,147,v10,MLP/raw,v10 MLP raw,176.49393284408845,151.49262733356878,199.47719926493838,127.86845418004232,108.73881703480801,146.5731251941378,147
cpx,cpx_only,T_C,T,T>=1400,1400.0,5000.0,147,v10,MLP/alr,v10 MLP alr,172.1566216743608,142.60328555858416,202.4516022909483,122.266529526356,101.89139787126395,142.8847978253866,147
cpx,cpx_only,T_C,T,T>=1400,1400.0,5000.0,147,v10,MLP/pwlr,v10 MLP pwlr,144.9316671487153,122.55642589285432,166.05544664462568,100.86280341881826,84.54885389345162,118.2528482356467,147
cpx,cpx_only,P_kbar,T,T>=1400,1400.0,5000.0,147,v10,MLP/raw,v10 MLP raw,26.01417366560636,19.234711464685205,32.5100682179244,13.988853716595488,10.610916308704718,17.720498537683866,145
cpx,cpx_only,P_kbar,T,T>=1400,1400.0,5000.0,147,v10,MLP/alr,v10 MLP alr,21.872259977218768,16.33330630095274,27.092293168954484,12.24576178850421,9.235895898526369,15.36949453833606,147
cpx,cpx_only,P_kbar,T,T>=1400,1400.0,5000.0,147,v10,MLP/pwlr,v10 MLP pwlr,23.093081734134724,16.902730145893266,28.870032711173256,12.124188600760807,8.98284436513138,15.408707880449889,147
cpx,cpx_only,T_C,T,T>=1400,1400.0,5000.0,147,Putirka,Putirka 32d,Putirka 32d,92.83240058227044,74.57266482524699,110.91694863379296,65.8129022315082,56.3075457772306,76.42184643566367,140
cpx,cpx_only,P_kbar,T,T>=1400,1400.0,5000.0,147,Putirka,Putirka 32a,Putirka 32a,19.116654863765618,12.798967415329466,24.821153188932488,8.999685031255563,6.506872624684436,11.85652882757883,144
cpx,cpx_only,P_kbar,T,T>=1400,1400.0,5000.0,147,Putirka,Putirka 32b,Putirka 32b,24.15898979734541,17.915305617955976,30.376113896100293,12.734938079888332,9.664895970090928,16.386408794259335,143
cpx,cpx_only,T_C,T,T>=1400,1400.0,5000.0,147,Agreda,Agreda 2024,Agreda 2024,190.3750690809172,152.22412399314095,229.95918241851209,123.82196695534955,102.22527740220634,148.95918515957385,147
cpx,cpx_only,P_kbar,T,T>=1400,1400.0,5000.0,147,Agreda,Agreda 2024,Agreda 2024,34.68026410000102,26.25043244102255,42.47484609462764,18.475045011613226,13.95769255079556,23.23101775503407,147
cpx,cpx_only,T_C,T,ALL,-1000.0,5000.0,784,v10,RF/raw,v10 RF raw,144.43469695097303,126.73588557509203,160.87948375715447,90.26873367608388,82.84484011061883,98.98723257459386,784
cpx,cpx_only,T_C,T,ALL,-1000.0,5000.0,784,v10,RF/alr,v10 RF alr,144.16442545379653,129.1669470840263,158.56103634100367,96.78711616001438,89.84441100284417,105.01189121439813,784
cpx,cpx_only,T_C,T,ALL,-1000.0,5000.0,784,v10,RF/pwlr,v10 RF pwlr,138.60494300928272,121.4925174089596,154.44923459696554,86.91313430764019,79.8908357133749,95.08966330945185,784
cpx,cpx_only,P_kbar,T,ALL,-1000.0,5000.0,784,v10,RF/raw,v10 RF raw,14.008267831441943,11.698575281755778,16.053367943126833,6.6308902208501985,5.832201811692894,7.573477713086992,780
cpx,cpx_only,P_kbar,T,ALL,-1000.0,5000.0,784,v10,RF/alr,v10 RF alr,20.686594915312874,19.069830262528882,22.086331936559294,14.025526292135481,12.85600949924718,15.007166673697341,764
cpx,cpx_only,P_kbar,T,ALL,-1000.0,5000.0,784,v10,RF/pwlr,v10 RF pwlr,16.393582656735063,14.685446544378955,18.080767876424503,9.25956653799522,8.327552845193678,10.145743209490881,763
cpx,cpx_only,T_C,T,ALL,-1000.0,5000.0,784,v10,ERT/raw,v10 ERT raw,143.05599220475315,126.65841369318497,159.8638032574606,89.74716025368531,82.40587162589236,98.8230923226252,784
cpx,cpx_only,T_C,T,ALL,-1000.0,5000.0,784,v10,ERT/alr,v10 ERT alr,133.43828871315387,120.19838013335621,146.79310162606407,89.10809363511247,82.68820012402958,96.779857916207,784
cpx,cpx_only,T_C,T,ALL,-1000.0,5000.0,784,v10,ERT/pwlr,v10 ERT pwlr,127.34987708248194,114.36633830048802,140.5058753923805,85.0817666626183,78.74701540914043,92.18252854040149,784
cpx,cpx_only,P_kbar,T,ALL,-1000.0,5000.0,784,v10,ERT/raw,v10 ERT raw,13.767823781694805,11.515320837168952,16.082376871589634,6.634231291898458,5.8641270129351675,7.452149847860142,778
cpx,cpx_only,P_kbar,T,ALL,-1000.0,5000.0,784,v10,ERT/alr,v10 ERT alr,14.363339623927452,12.322814566313642,16.20681781034311,7.596494473833345,6.828956662553838,8.416751117178439,782
cpx,cpx_only,P_kbar,T,ALL,-1000.0,5000.0,784,v10,ERT/pwlr,v10 ERT pwlr,13.798160521972722,11.855620313125806,15.520009985696406,7.030595348563246,6.285640300099979,7.809629809197312,777
cpx,cpx_only,T_C,T,ALL,-1000.0,5000.0,784,v10,XGB/raw,v10 XGB raw,144.86301996427807,130.17059398389162,160.21470625277385,95.34364209856305,88.0258835228122,103.45881722703271,784
cpx,cpx_only,T_C,T,ALL,-1000.0,5000.0,784,v10,XGB/alr,v10 XGB alr,142.40762625380881,129.03172250878558,155.70782961934833,95.8237641003667,88.81121717569779,103.57215227983436,784
cpx,cpx_only,T_C,T,ALL,-1000.0,5000.0,784,v10,XGB/pwlr,v10 XGB pwlr,133.5229204774292,120.8267233237459,146.33329259782715,92.0581923504265,86.1294517653329,99.00923486437115,784
cpx,cpx_only,P_kbar,T,ALL,-1000.0,5000.0,784,v10,XGB/raw,v10 XGB raw,14.801033714637953,12.33448857129586,17.170567702872866,7.051507153982581,6.183022708124773,7.910989881171763,778
cpx,cpx_only,P_kbar,T,ALL,-1000.0,5000.0,784,v10,XGB/alr,v10 XGB alr,14.288257109481238,12.695675943815377,15.857883084039399,8.064726508618705,7.2373510128461005,8.958033923868586,739
cpx,cpx_only,P_kbar,T,ALL,-1000.0,5000.0,784,v10,XGB/pwlr,v10 XGB pwlr,15.047121473016439,13.378021470749092,16.55662236686312,9.088817038252273,8.232639971505662,10.00266274804941,744
cpx,cpx_only,T_C,T,ALL,-1000.0,5000.0,784,v10,GB/raw,v10 GB raw,146.36172653028345,130.89660434311878,162.36496633587592,94.70376193100917,87.29892640103206,103.60633734997369,784
cpx,cpx_only,T_C,T,ALL,-1000.0,5000.0,784,v10,GB/alr,v10 GB alr,145.95019778247865,130.552041449015,162.41633035701716,96.58879865645169,89.39406043796929,104.92956061750093,784
cpx,cpx_only,T_C,T,ALL,-1000.0,5000.0,784,v10,GB/pwlr,v10 GB pwlr,131.59019236799173,117.84843164208542,145.4120822281447,85.99861928391563,79.39012435120154,93.57039897387418,784
cpx,cpx_only,P_kbar,T,ALL,-1000.0,5000.0,784,v10,GB/raw,v10 GB raw,13.80186393399728,11.788103631657446,15.910377364966548,7.024628779535431,6.305119247653811,7.840678557186087,775
cpx,cpx_only,P_kbar,T,ALL,-1000.0,5000.0,784,v10,GB/alr,v10 GB alr,18.36834096376127,16.311276672658956,20.328378082177565,10.262225210719075,9.18158845460938,11.309974753673602,761
cpx,cpx_only,P_kbar,T,ALL,-1000.0,5000.0,784,v10,GB/pwlr,v10 GB pwlr,14.836249845525971,13.298528792712244,16.354663163297165,8.844115768503947,8.0086354474905,9.714093911253771,772
cpx,cpx_only,T_C,T,ALL,-1000.0,5000.0,784,v10,CatBoost/raw,v10 CatBoost raw,139.72230333962128,124.87298408075007,154.2734829625632,91.76021801728994,84.8208195784266,99.79118407788235,784
cpx,cpx_only,T_C,T,ALL,-1000.0,5000.0,784,v10,CatBoost/alr,v10 CatBoost alr,138.1527196759428,125.28499345173678,151.4408954460627,94.90960525207127,88.26137737473566,102.66778325154907,784
cpx,cpx_only,T_C,T,ALL,-1000.0,5000.0,784,v10,CatBoost/pwlr,v10 CatBoost pwlr,137.02158378842944,124.53643029150739,149.516611818311,94.9597376266922,88.3153084641517,102.458434549868,784
cpx,cpx_only,P_kbar,T,ALL,-1000.0,5000.0,784,v10,CatBoost/raw,v10 CatBoost raw,13.898084654015117,11.553351825952541,16.28315010029307,7.080272484530639,6.342690643265357,7.989174147124985,775
cpx,cpx_only,P_kbar,T,ALL,-1000.0,5000.0,784,v10,CatBoost/alr,v10 CatBoost alr,14.543240457585823,12.945335499097727,16.03505199864485,9.32674525600694,8.566973271851923,10.09193494305272,769
cpx,cpx_only,P_kbar,T,ALL,-1000.0,5000.0,784,v10,CatBoost/pwlr,v10 CatBoost pwlr,15.275731316902023,13.58701946522061,17.082022910570473,8.971003561305077,8.192410169667362,9.858026907674848,772
cpx,cpx_only,T_C,T,ALL,-1000.0,5000.0,784,v10,LightGBM/raw,v10 LightGBM raw,145.15377327134118,128.83266453184856,160.7762706255077,93.62071665676463,86.22425018094862,102.0012847054982,784
cpx,cpx_only,T_C,T,ALL,-1000.0,5000.0,784,v10,LightGBM/alr,v10 LightGBM alr,144.98004825500686,130.29172367332063,160.30512213420965,97.06651692772917,90.09599377801534,105.44577961967545,784
cpx,cpx_only,T_C,T,ALL,-1000.0,5000.0,784,v10,LightGBM/pwlr,v10 LightGBM pwlr,132.2532059805331,118.6327710628804,145.69416578810657,86.66150718994196,80.19275077598576,94.27465150039369,784
cpx,cpx_only,P_kbar,T,ALL,-1000.0,5000.0,784,v10,LightGBM/raw,v10 LightGBM raw,14.039070421600664,11.877263555528607,16.13296311375578,7.100269505799163,6.373640909736806,7.954126365307417,771
cpx,cpx_only,P_kbar,T,ALL,-1000.0,5000.0,784,v10,LightGBM/alr,v10 LightGBM alr,16.10826262633145,14.494287761452565,17.741121785211767,8.938060494860453,7.940201161475922,9.955874747019331,763
cpx,cpx_only,P_kbar,T,ALL,-1000.0,5000.0,784,v10,LightGBM/pwlr,v10 LightGBM pwlr,14.18911689926904,12.568094852705151,15.664918184429203,8.45794445661184,7.657419071810731,9.209809036667068,771
cpx,cpx_only,T_C,T,ALL,-1000.0,5000.0,784,v10,ElasticNet/raw,v10 ElasticNet raw,151.75057974977986,138.20625271877194,165.62414316269022,101.33231143912691,93.56034596917793,110.54203985640184,784
cpx,cpx_only,T_C,T,ALL,-1000.0,5000.0,784,v10,ElasticNet/alr,v10 ElasticNet alr,151.5589753504157,139.3223379732911,163.862572917709,104.3255789134313,97.143742057493,111.93804429909086,784
cpx,cpx_only,T_C,T,ALL,-1000.0,5000.0,784,v10,ElasticNet/pwlr,v10 ElasticNet pwlr,151.32654929532444,139.11260702958188,163.77889215064303,105.70144278459304,98.49529356577993,113.56461009661435,784
cpx,cpx_only,P_kbar,T,ALL,-1000.0,5000.0,784,v10,ElasticNet/raw,v10 ElasticNet raw,16.09285496142262,13.520847610079892,18.548648645594096,8.592365303666364,7.680211501408635,9.556381112430431,779
cpx,cpx_only,P_kbar,T,ALL,-1000.0,5000.0,784,v10,ElasticNet/alr,v10 ElasticNet alr,15.996025300947263,13.2904354916032,18.427214815306346,8.226947928229043,7.2826801670960295,9.137903070638194,780
cpx,cpx_only,P_kbar,T,ALL,-1000.0,5000.0,784,v10,ElasticNet/pwlr,v10 ElasticNet pwlr,15.351284457295364,13.113959260146256,17.50890589370306,7.922500412166346,7.080337760301346,8.793899904476621,777
cpx,cpx_only,T_C,T,ALL,-1000.0,5000.0,784,v10,MLP/raw,v10 MLP raw,156.7953323984207,143.08130119213445,170.37832773198303,109.9723269102693,102.83707550385513,118.33071731059664,784
cpx,cpx_only,T_C,T,ALL,-1000.0,5000.0,784,v10,MLP/alr,v10 MLP alr,136.9457514896057,127.25606423886612,147.5773850298172,100.967844707162,94.89098969595723,108.06623885630546,784
cpx,cpx_only,T_C,T,ALL,-1000.0,5000.0,784,v10,MLP/pwlr,v10 MLP pwlr,130.8329932011939,119.79781181917974,142.17475424482026,95.14014720756502,88.76280049674092,101.73067834135138,784
cpx,cpx_only,P_kbar,T,ALL,-1000.0,5000.0,784,v10,MLP/raw,v10 MLP raw,15.119864696848298,12.722900140984029,17.391989819962863,7.867361425624929,7.050412416803622,8.714767145881996,773
cpx,cpx_only,P_kbar,T,ALL,-1000.0,5000.0,784,v10,MLP/alr,v10 MLP alr,13.38548353994582,11.537983534679276,15.312711482363197,7.43975982062996,6.7025686734761765,8.289021701118214,778
cpx,cpx_only,P_kbar,T,ALL,-1000.0,5000.0,784,v10,MLP/pwlr,v10 MLP pwlr,14.294241844352962,12.151974812979072,16.557637689983075,7.822443316425623,7.058729566501404,8.734975038697069,766
cpx,cpx_only,T_C,T,ALL,-1000.0,5000.0,784,Putirka,Putirka 32d,Putirka 32d,177.91548550553242,161.00690604712065,192.93444497897787,109.24285824697373,100.1834268001567,118.75073725277508,773
cpx,cpx_only,P_kbar,T,ALL,-1000.0,5000.0,784,Putirka,Putirka 32a,Putirka 32a,11.827069399048248,9.528170321121685,13.932094296724859,5.228478131186029,4.492620380630249,6.0304079741990515,743
cpx,cpx_only,P_kbar,T,ALL,-1000.0,5000.0,784,Putirka,Putirka 32b,Putirka 32b,13.456508007044503,10.648614860393927,15.636243038321034,6.027747953359376,5.166722507954634,6.860095366967899,716
cpx,cpx_only,T_C,T,ALL,-1000.0,5000.0,784,Agreda,Agreda 2024,Agreda 2024,112.11949305453702,98.6822956035653,127.49529745410204,63.87739768946467,57.690333916734645,70.84111277045116,784
cpx,cpx_only,P_kbar,T,ALL,-1000.0,5000.0,784,Agreda,Agreda 2024,Agreda 2024,18.21907694309427,14.71756961707184,21.268203567951875,6.936168986542051,5.837254087184572,8.070908683214714,784
twopx,twopx,T_C,P,shallow_crustal,0.0,5.0,9,v10,RF/twopx_components,v10 RF twopx_components,96.06440024943593,52.42186178538681,134.06213753972216,74.96963612639067,39.361507127423074,113.80541126838472,9
twopx,twopx,T_C,P,shallow_crustal,0.0,5.0,9,v10,RF/raw,v10 RF raw,86.07704559576769,52.90029778931799,120.45896571912819,70.0162074192035,41.969589396311065,103.29605858223171,9
twopx,twopx,T_C,P,shallow_crustal,0.0,5.0,9,v10,RF/alr,v10 RF alr,91.82611374362439,61.5246835074031,121.9433879335565,77.72016666666664,46.630150289352024,108.52246707175917,9
twopx,twopx,T_C,P,shallow_crustal,0.0,5.0,9,v10,RF/pwlr,v10 RF pwlr,73.67664614001367,33.15835182779718,109.78411214622585,52.79573498325448,23.67793852465644,88.34232176831034,9
twopx,twopx,P_kbar,P,shallow_crustal,0.0,5.0,9,v10,RF/raw,v10 RF raw,5.6093366065868215,2.8274802065853426,8.56757597869152,4.249941708390691,2.428376854182424,7.161683783466701,9
twopx,twopx,P_kbar,P,shallow_crustal,0.0,5.0,9,v10,RF/alr,v10 RF alr,5.7334705954859055,2.7287190155799346,8.856322803662636,4.174768585581211,2.137081685907618,7.395832386023176,9
twopx,twopx,P_kbar,P,shallow_crustal,0.0,5.0,9,v10,RF/pwlr,v10 RF pwlr,6.475318341668244,3.4084311822557276,9.832759744087817,5.004820697707362,2.910872672956108,8.38031168607023,9
twopx,twopx,P_kbar,P,shallow_crustal,0.0,5.0,9,v10,RF/twopx_components,v10 RF twopx_components,6.6118391001561045,3.0188905818484164,10.112469515870838,4.798636752620075,2.249988247285528,8.496250038324595,9
twopx,twopx,T_C,P,shallow_crustal,0.0,5.0,9,v10,ERT/raw,v10 ERT raw,80.04642635358039,37.35679813855151,120.17828370967447,61.52719120370321,33.9441039609057,96.99291563271497,9
twopx,twopx,T_C,P,shallow_crustal,0.0,5.0,9,v10,ERT/alr,v10 ERT alr,83.22912580667706,37.11945407429422,125.27606177253492,63.21142309145835,34.0720954774502,101.82786738378599,9
twopx,twopx,T_C,P,shallow_crustal,0.0,5.0,9,v10,ERT/pwlr,v10 ERT pwlr,80.0727242454912,35.03470646002014,120.7335248827548,59.788845796590394,30.193361938565364,97.47085327748408,9
twopx,twopx,T_C,P,shallow_crustal,0.0,5.0,9,v10,ERT/twopx_components,v10 ERT twopx_components,88.81166117451282,39.21766075745639,129.25280792851834,63.87136419753071,28.2222499999998,107.03422206790117,9
twopx,twopx,P_kbar,P,shallow_crustal,0.0,5.0,9,v10,ERT/raw,v10 ERT raw,5.306776881575753,2.836943191977438,7.853376156630336,4.176721927336093,2.35273678672135,6.802065533495584,9
twopx,twopx,P_kbar,P,shallow_crustal,0.0,5.0,9,v10,ERT/alr,v10 ERT alr,5.607366440700198,2.7516535229447903,8.560393907172042,4.17434890339569,2.1263917023263805,7.183852019881213,9
twopx,twopx,P_kbar,P,shallow_crustal,0.0,5.0,9,v10,ERT/pwlr,v10 ERT pwlr,5.884684446825577,3.274932181224431,8.787559878825414,4.664188132928654,2.7408038392658343,7.571647139185523,9
twopx,twopx,P_kbar,P,shallow_crustal,0.0,5.0,9,v10,ERT/twopx_components,v10 ERT twopx_components,7.452546845926059,3.1754137469023846,11.774810582210758,5.195890018254145,2.3555257744143123,9.519057448468185,9
twopx,twopx,T_C,P,shallow_crustal,0.0,5.0,9,v10,XGB/raw,v10 XGB raw,104.88760781754382,58.847813537438846,150.24287854459223,79.88918728298611,40.552829318576386,126.45074801974826,9
twopx,twopx,T_C,P,shallow_crustal,0.0,5.0,9,v10,XGB/alr,v10 XGB alr,113.56391480578579,61.952374622700766,160.63678832414337,89.31880018446181,47.144545491536455,138.24909328884547,9
twopx,twopx,T_C,P,shallow_crustal,0.0,5.0,9,v10,XGB/pwlr,v10 XGB pwlr,88.38017387716086,37.9941454162464,130.32920743857338,60.05744086371528,22.36229943169488,103.49080030653212,9
twopx,twopx,T_C,P,shallow_crustal,0.0,5.0,9,v10,XGB/twopx_components,v10 XGB twopx_components,93.01176849767832,38.96373033826056,139.45888293884718,65.35352240668402,28.81927202012804,112.53721415201821,9
twopx,twopx,P_kbar,P,shallow_crustal,0.0,5.0,9,v10,XGB/raw,v10 XGB raw,4.994572282260741,3.0607377162943434,7.177571978927386,4.1399664034147055,2.659462187776133,6.354426482676557,9
twopx,twopx,P_kbar,P,shallow_crustal,0.0,5.0,9,v10,XGB/alr,v10 XGB alr,4.927732865905283,2.5344420157270195,7.4413356481839195,3.7722990197968804,2.1358855807959842,6.32731798044226,9
twopx,twopx,P_kbar,P,shallow_crustal,0.0,5.0,9,v10,XGB/pwlr,v10 XGB pwlr,6.217317350695416,3.1508690536261073,9.501221565483053,4.828095854954487,2.8164350524716637,8.08308949135494,9
twopx,twopx,P_kbar,P,shallow_crustal,0.0,5.0,9,v10,XGB/twopx_components,v10 XGB twopx_components,6.706182698175161,2.9719364607476604,10.187160333694804,4.910670699314839,2.345483381824039,8.62436229860264,9
twopx,twopx,T_C,P,shallow_crustal,0.0,5.0,9,v10,GB/raw,v10 GB raw,98.62675345801443,47.66566542998923,144.7169641511855,72.05225980280461,34.25671957745887,119.87594332428799,9
twopx,twopx,T_C,P,shallow_crustal,0.0,5.0,9,v10,GB/alr,v10 GB alr,119.02565946794596,71.05043216552008,162.50398889032317,94.65128371765417,50.07227924594612,143.34874371989469,9
twopx,twopx,T_C,P,shallow_crustal,0.0,5.0,9,v10,GB/pwlr,v10 GB pwlr,85.39040943640204,41.165079353514706,124.18548326534479,61.615898868600055,27.092136306756295,103.5828101353523,9
twopx,twopx,T_C,P,shallow_crustal,0.0,5.0,9,v10,GB/twopx_components,v10 GB twopx_components,106.97428309193383,57.584627508142454,148.20922915634605,81.86777618412302,39.947985943707586,127.44590972940493,9
twopx,twopx,P_kbar,P,shallow_crustal,0.0,5.0,9,v10,GB/raw,v10 GB raw,5.970448164109966,3.368188766238504,8.84120518674158,4.801960661589771,3.0165191195484007,7.578065664210555,9
twopx,twopx,P_kbar,P,shallow_crustal,0.0,5.0,9,v10,GB/alr,v10 GB alr,5.706194070291862,2.898194708418608,8.669417017470737,4.506988909466486,2.6772264804342347,7.516550485354267,9
twopx,twopx,P_kbar,P,shallow_crustal,0.0,5.0,9,v10,GB/pwlr,v10 GB pwlr,6.3463171174117985,3.2648753233581975,9.571921429222536,5.045822550088608,2.890276775850058,8.324536069213266,9
twopx,twopx,P_kbar,P,shallow_crustal,0.0,5.0,9,v10,GB/twopx_components,v10 GB twopx_components,6.669154116731505,3.099231709766629,10.133396692982494,4.869198167400405,2.321924660009531,8.547156043472985,9
twopx,twopx,T_C,P,shallow_crustal,0.0,5.0,9,v10,CatBoost/raw,v10 CatBoost raw,92.86112114067606,47.05686904107596,137.99113098775675,68.73878683502919,35.24882924762826,111.92674601510068,9
twopx,twopx,T_C,P,shallow_crustal,0.0,5.0,9,v10,CatBoost/alr,v10 CatBoost alr,86.3954777137049,50.51260843993295,125.90345405369146,71.52269228462758,46.182096769746344,108.11494265988091,9
twopx,twopx,T_C,P,shallow_crustal,0.0,5.0,9,v10,CatBoost/pwlr,v10 CatBoost pwlr,72.21633429519592,27.986959480529364,109.33792453999837,47.95038617342415,16.04856475721579,84.07226537048331,9
twopx,twopx,T_C,P,shallow_crustal,0.0,5.0,9,v10,CatBoost/twopx_components,v10 CatBoost twopx_components,87.53470795935557,31.537995390035757,134.40350661972556,57.66432970960294,21.92075832221256,104.55637941726131,9
twopx,twopx,P_kbar,P,shallow_crustal,0.0,5.0,9,v10,CatBoost/raw,v10 CatBoost raw,5.406828750177078,3.0814250598675996,7.651793898328311,4.209812396178566,2.1432906269286516,6.70945928958142,9
twopx,twopx,P_kbar,P,shallow_crustal,0.0,5.0,9,v10,CatBoost/alr,v10 CatBoost alr,5.738840259089206,3.0467624109810596,8.614562518712672,4.226152857688847,1.9736093537173693,7.401786877060714,9
twopx,twopx,P_kbar,P,shallow_crustal,0.0,5.0,9,v10,CatBoost/pwlr,v10 CatBoost pwlr,5.127929794043186,2.8650811669916765,7.586159494317843,3.9221387661890343,1.9620670443857549,6.527874911733164,9
twopx,twopx,P_kbar,P,shallow_crustal,0.0,5.0,9,v10,CatBoost/twopx_components,v10 CatBoost twopx_components,7.264066173468393,3.539005435320489,11.142192026488578,5.378573792024877,2.6703508526314885,9.37329058268997,9
twopx,twopx,T_C,P,shallow_crustal,0.0,5.0,9,v10,LightGBM/raw,v10 LightGBM raw,108.09730251398501,53.84537168124206,159.48134646351883,78.93908917332958,35.48658500314788,131.31409256533124,9
twopx,twopx,T_C,P,shallow_crustal,0.0,5.0,9,v10,LightGBM/alr,v10 LightGBM alr,103.46661301417456,59.21298255200065,144.637900290223,79.54645538359358,39.53276278706863,123.50560486351627,9
twopx,twopx,T_C,P,shallow_crustal,0.0,5.0,9,v10,LightGBM/pwlr,v10 LightGBM pwlr,97.73197766302965,38.85706672201009,140.39532326570068,66.83983218355262,23.449473043104682,114.06752401878089,9
twopx,twopx,T_C,P,shallow_crustal,0.0,5.0,9,v10,LightGBM/twopx_components,v10 LightGBM twopx_components,96.66644581088565,48.53441024522471,140.5938810980908,69.75722221532335,32.838434630358776,115.64744931766431,9
twopx,twopx,P_kbar,P,shallow_crustal,0.0,5.0,9,v10,LightGBM/raw,v10 LightGBM raw,6.469369219344866,3.677774630712475,9.63957514006372,5.2529464217958095,3.360604518370971,8.312829752179825,9
twopx,twopx,P_kbar,P,shallow_crustal,0.0,5.0,9,v10,LightGBM/alr,v10 LightGBM alr,6.4138046011670395,3.52018075905016,9.631377437361886,5.0547073940519205,2.970111573991902,8.172763333846385,9
twopx,twopx,P_kbar,P,shallow_crustal,0.0,5.0,9,v10,LightGBM/pwlr,v10 LightGBM pwlr,5.861778486052068,3.009133539297956,8.901323519162737,4.700294101782048,2.834687486007656,7.7261455528791405,9
twopx,twopx,P_kbar,P,shallow_crustal,0.0,5.0,9,v10,LightGBM/twopx_components,v10 LightGBM twopx_components,6.219204743833999,2.967218714338992,9.145178340314887,4.60065799338081,2.170932439615199,7.952322068311287,9
twopx,twopx,T_C,P,shallow_crustal,0.0,5.0,9,v10,ElasticNet/raw,v10 ElasticNet raw,81.27108342236443,43.77235279040169,107.13634604729711,67.58130290804344,42.221020448918274,96.31212982671074,9
twopx,twopx,T_C,P,shallow_crustal,0.0,5.0,9,v10,ElasticNet/alr,v10 ElasticNet alr,82.67547982157326,39.361862092437924,113.08861228897753,65.3554032614934,35.18410735703937,98.52545465634812,9
twopx,twopx,T_C,P,shallow_crustal,0.0,5.0,9,v10,ElasticNet/pwlr,v10 ElasticNet pwlr,81.76806736226362,39.8124671007565,109.9863059058179,65.3062571287158,36.58625550857651,96.4351687792196,9
twopx,twopx,T_C,P,shallow_crustal,0.0,5.0,9,v10,ElasticNet/twopx_components,v10 ElasticNet twopx_components,166.50890434443346,64.2049870062842,241.09363897459448,112.19066056995935,41.13076141363791,201.5571161692749,9
twopx,twopx,P_kbar,P,shallow_crustal,0.0,5.0,9,v10,ElasticNet/raw,v10 ElasticNet raw,6.528391447478681,4.984701481155053,8.015862448907376,6.086622999587632,4.697718841685594,7.747209739702402,9
twopx,twopx,P_kbar,P,shallow_crustal,0.0,5.0,9,v10,ElasticNet/alr,v10 ElasticNet alr,6.643901385732824,5.1202812640206945,8.14622538432206,6.218880144571305,4.866059667043337,7.830225513244974,9
twopx,twopx,P_kbar,P,shallow_crustal,0.0,5.0,9,v10,ElasticNet/pwlr,v10 ElasticNet pwlr,7.36890191812752,6.303400549207946,8.26855586592536,7.173276693840007,6.104657881876318,8.175905349024605,9
twopx,twopx,P_kbar,P,shallow_crustal,0.0,5.0,9,v10,ElasticNet/twopx_components,v10 ElasticNet twopx_components,7.611340756895343,6.430097525592034,8.653135343340198,7.39620323536116,6.243342152118867,8.486101820375099,9
twopx,twopx,T_C,P,shallow_crustal,0.0,5.0,9,v10,MLP/raw,v10 MLP raw,271.6350113965837,197.9789310734337,336.15995638523407,253.19462341973548,184.39589369127566,322.89745948761896,8
twopx,twopx,T_C,P,shallow_crustal,0.0,5.0,9,v10,MLP/alr,v10 MLP alr,253.92350409856252,175.94704718744057,320.3209921548133,231.64610389815627,169.2590748187427,299.6199542283036,9
twopx,twopx,T_C,P,shallow_crustal,0.0,5.0,9,v10,MLP/pwlr,v10 MLP pwlr,430.4875811587051,325.32823674598177,523.614640133431,395.8184720810963,292.58744540823693,500.82707300863007,9
twopx,twopx,T_C,P,shallow_crustal,0.0,5.0,9,v10,MLP/twopx_components,v10 MLP twopx_components,403.7550889311504,206.01859301777685,557.2719113846887,321.9385349803301,168.62426839564083,488.1507633993451,9
twopx,twopx,P_kbar,P,shallow_crustal,0.0,5.0,9,v10,MLP/raw,v10 MLP raw,6.820697565341818,3.696969517692967,9.463363881031231,5.215516351760444,2.459670381451472,8.40196062240866,9
twopx,twopx,P_kbar,P,shallow_crustal,0.0,5.0,9,v10,MLP/alr,v10 MLP alr,6.360366880825066,3.074434193783003,9.582783660144008,4.758331097727126,2.278909208665126,8.169349106904109,9
twopx,twopx,P_kbar,P,shallow_crustal,0.0,5.0,9,v10,MLP/pwlr,v10 MLP pwlr,8.468468481884731,5.350599395502131,12.072035660274523,7.216477056677969,4.733280251942872,10.736408942602548,9
twopx,twopx,P_kbar,P,shallow_crustal,0.0,5.0,9,v10,MLP/twopx_components,v10 MLP twopx_components,7.437050244730639,3.9562800494255965,10.414653245170854,5.287381043403692,2.0935296530535163,8.863237424209613,9
twopx,twopx,T_C,P,deep_crustal_MASH,5.0,15.0,30,v10,RF/twopx_components,v10 RF twopx_components,99.48057060746979,67.69272781353422,124.51327802559537,71.75214413071977,47.12794798405144,96.73598712691397,30
twopx,twopx,T_C,P,deep_crustal_MASH,5.0,15.0,30,v10,RF/raw,v10 RF raw,94.46520578785689,63.03250063655902,120.06007281871597,66.07392921068111,42.27442926444539,91.0408790525743,30
twopx,twopx,T_C,P,deep_crustal_MASH,5.0,15.0,30,v10,RF/alr,v10 RF alr,96.60014123299763,67.96630550538617,120.37911033179117,71.64669104938277,49.22542078125009,94.8698611246141,30
twopx,twopx,T_C,P,deep_crustal_MASH,5.0,15.0,30,v10,RF/pwlr,v10 RF pwlr,90.67114153288513,62.03354600042602,113.79856335927552,66.50723253959518,45.183893267228626,89.67815088694194,30
twopx,twopx,P_kbar,P,deep_crustal_MASH,5.0,15.0,30,v10,RF/raw,v10 RF raw,3.6792062780182517,2.6410861664217262,4.459032285778622,2.8028168950828443,1.9680308637393134,3.6522181009332604,30
twopx,twopx,P_kbar,P,deep_crustal_MASH,5.0,15.0,30,v10,RF/alr,v10 RF alr,3.665918134167933,2.5891704458915226,4.476256388765481,2.767383155172616,1.9059884028337222,3.6200841299472146,30
twopx,twopx,P_kbar,P,deep_crustal_MASH,5.0,15.0,30,v10,RF/pwlr,v10 RF pwlr,3.8190880063769748,2.680715745896048,4.843897666520831,2.8385172174018773,1.9961353717158208,3.7818607603769587,30
twopx,twopx,P_kbar,P,deep_crustal_MASH,5.0,15.0,30,v10,RF/twopx_components,v10 RF twopx_components,4.114782371542187,3.155424574845331,4.960217865430249,3.3380841558397947,2.460424951101279,4.221935397620118,30
twopx,twopx,T_C,P,deep_crustal_MASH,5.0,15.0,30,v10,ERT/raw,v10 ERT raw,94.6876681103918,63.352363111932114,120.59983547898857,68.88548935626069,46.778998303791745,93.3256235278325,30
twopx,twopx,T_C,P,deep_crustal_MASH,5.0,15.0,30,v10,ERT/alr,v10 ERT alr,98.35395051473915,65.9754881556267,124.36176106194523,72.42421004409151,49.4776901606827,96.73271717283936,30
twopx,twopx,T_C,P,deep_crustal_MASH,5.0,15.0,30,v10,ERT/pwlr,v10 ERT pwlr,95.75986009397586,64.79337427101214,120.97071537070264,72.3311360273369,50.500133394730895,95.55155283068794,30
twopx,twopx,T_C,P,deep_crustal_MASH,5.0,15.0,30,v10,ERT/twopx_components,v10 ERT twopx_components,108.8630213194408,78.96509537103216,130.38457258968103,86.94802716049377,63.234071373456715,109.15021899691354,30
twopx,twopx,P_kbar,P,deep_crustal_MASH,5.0,15.0,30,v10,ERT/raw,v10 ERT raw,3.68721211091191,2.66012922731429,4.470415711294651,2.8251028569872556,1.9469299328139174,3.6144494560382685,30
twopx,twopx,P_kbar,P,deep_crustal_MASH,5.0,15.0,30,v10,ERT/alr,v10 ERT alr,3.541087852276205,2.508620262515678,4.307700601538589,2.702100131686346,1.904755192482756,3.5214862924072254,30
twopx,twopx,P_kbar,P,deep_crustal_MASH,5.0,15.0,30,v10,ERT/pwlr,v10 ERT pwlr,3.3648163422675164,2.4177448535928434,4.055343681562005,2.642578763031712,1.8413178857319643,3.3975459424063574,30
twopx,twopx,P_kbar,P,deep_crustal_MASH,5.0,15.0,30,v10,ERT/twopx_components,v10 ERT twopx_components,4.234267226185911,3.2222555809384943,5.139118362543408,3.4806708137947586,2.6325093419704744,4.384898682977627,30
twopx,twopx,T_C,P,deep_crustal_MASH,5.0,15.0,30,v10,XGB/raw,v10 XGB raw,110.47036796133463,73.66793771345256,138.20660164461557,81.3476560992959,55.34715362548828,108.20027608989194,30
twopx,twopx,T_C,P,deep_crustal_MASH,5.0,15.0,30,v10,XGB/alr,v10 XGB alr,112.43998012344846,78.03789643932895,139.7590003137884,83.60395696192612,57.23649951134199,111.75430196879819,30
twopx,twopx,T_C,P,deep_crustal_MASH,5.0,15.0,30,v10,XGB/pwlr,v10 XGB pwlr,97.87798892455898,62.9438181760215,124.3843698604497,66.54692978093654,40.98281582302517,92.05434311101465,30
twopx,twopx,T_C,P,deep_crustal_MASH,5.0,15.0,30,v10,XGB/twopx_components,v10 XGB twopx_components,104.29756534325361,67.98150723988226,131.719616839888,75.16436549057195,49.54327160870587,103.18709162205826,30
twopx,twopx,P_kbar,P,deep_crustal_MASH,5.0,15.0,30,v10,XGB/raw,v10 XGB raw,3.1961914835255762,2.271635219665984,3.971903546509543,2.3828054910758416,1.588656913338198,3.1260986089187286,30
twopx,twopx,P_kbar,P,deep_crustal_MASH,5.0,15.0,30,v10,XGB/alr,v10 XGB alr,3.4385093408055045,2.4355619120080125,4.244432434669719,2.631222890809306,1.8123240814991717,3.4540322486260733,30
twopx,twopx,P_kbar,P,deep_crustal_MASH,5.0,15.0,30,v10,XGB/pwlr,v10 XGB pwlr,3.5796835089893593,2.505471335363173,4.5494699885877035,2.643251147861426,1.8064839540733568,3.538803191047103,30
twopx,twopx,P_kbar,P,deep_crustal_MASH,5.0,15.0,30,v10,XGB/twopx_components,v10 XGB twopx_components,4.3919319539830495,3.303633115598968,5.316305819029837,3.4047598669877934,2.4088908178827837,4.446431272242985,30
twopx,twopx,T_C,P,deep_crustal_MASH,5.0,15.0,30,v10,GB/raw,v10 GB raw,115.217279206534,76.09985584079028,145.7444490996696,83.31299907987402,54.82746430342254,113.80021075917223,30
twopx,twopx,T_C,P,deep_crustal_MASH,5.0,15.0,30,v10,GB/alr,v10 GB alr,114.46027555117526,79.85550145033139,142.42252303211123,85.48262993238355,58.93402951848937,112.14266224441775,30
twopx,twopx,T_C,P,deep_crustal_MASH,5.0,15.0,30,v10,GB/pwlr,v10 GB pwlr,94.90139572565322,64.78150471395041,119.17338820724262,69.68061655965748,46.90363723927814,93.56474517670094,30
twopx,twopx,T_C,P,deep_crustal_MASH,5.0,15.0,30,v10,GB/twopx_components,v10 GB twopx_components,104.93549269242912,73.78971007514633,128.42816815974422,82.10141305799173,58.784605873570726,106.94082417432635,30
twopx,twopx,P_kbar,P,deep_crustal_MASH,5.0,15.0,30,v10,GB/raw,v10 GB raw,3.4832643221587634,2.5583152897974304,4.1628486712686374,2.7513788640622354,1.9617950279233924,3.509424856775399,30
twopx,twopx,P_kbar,P,deep_crustal_MASH,5.0,15.0,30,v10,GB/alr,v10 GB alr,3.5190632841501563,2.5711864716495043,4.279361762412835,2.773033389988427,1.9790834316901835,3.504069674755127,30
twopx,twopx,P_kbar,P,deep_crustal_MASH,5.0,15.0,30,v10,GB/pwlr,v10 GB pwlr,3.5697098833972096,2.441732566518954,4.58854768975127,2.7136429210689905,1.8767675140106381,3.5820098321903657,30
twopx,twopx,P_kbar,P,deep_crustal_MASH,5.0,15.0,30,v10,GB/twopx_components,v10 GB twopx_components,4.309320481639872,3.27717976830473,5.203863295649206,3.38721278364858,2.4304407684614153,4.369725404571811,30
twopx,twopx,T_C,P,deep_crustal_MASH,5.0,15.0,30,v10,CatBoost/raw,v10 CatBoost raw,97.03693276627281,62.479778868704,124.48942724274433,67.98030898662039,43.033790705604744,94.01698278384923,30
twopx,twopx,T_C,P,deep_crustal_MASH,5.0,15.0,30,v10,CatBoost/alr,v10 CatBoost alr,91.12451861103524,60.17072184067465,113.25758190008584,64.7262226930378,41.0365055709897,87.03696733009957,30
twopx,twopx,T_C,P,deep_crustal_MASH,5.0,15.0,30,v10,CatBoost/pwlr,v10 CatBoost pwlr,85.7550697146301,58.011409148419574,107.13365469813404,63.19610320292666,41.95162335611932,83.73596994663006,30
twopx,twopx,T_C,P,deep_crustal_MASH,5.0,15.0,30,v10,CatBoost/twopx_components,v10 CatBoost twopx_components,103.17068635140691,71.41429949642378,126.9182113365749,78.84161448700799,54.63208543962526,103.10042508797027,30
twopx,twopx,P_kbar,P,deep_crustal_MASH,5.0,15.0,30,v10,CatBoost/raw,v10 CatBoost raw,3.4320783084655426,2.5382465133616576,4.197405851792425,2.684123146588897,1.9606415348309614,3.433095117959378,30
twopx,twopx,P_kbar,P,deep_crustal_MASH,5.0,15.0,30,v10,CatBoost/alr,v10 CatBoost alr,3.681934503740949,2.5027650753637865,4.59993728641588,2.763448466139961,1.8843379340064417,3.6263711439628636,30
twopx,twopx,P_kbar,P,deep_crustal_MASH,5.0,15.0,30,v10,CatBoost/pwlr,v10 CatBoost pwlr,2.948471111577994,2.0544064523660865,3.6504076452126424,2.2383529348523896,1.5601277045700963,2.9528926424464195,30
twopx,twopx,P_kbar,P,deep_crustal_MASH,5.0,15.0,30,v10,CatBoost/twopx_components,v10 CatBoost twopx_components,4.391599766007663,3.253381745835276,5.3520382365733425,3.4158281199835034,2.4602815821419504,4.469330942030724,30
twopx,twopx,T_C,P,deep_crustal_MASH,5.0,15.0,30,v10,LightGBM/raw,v10 LightGBM raw,113.97504622303354,76.94645039041305,143.3118167416431,80.75481252021852,52.18179796281269,109.13183038809024,30
twopx,twopx,T_C,P,deep_crustal_MASH,5.0,15.0,30,v10,LightGBM/alr,v10 LightGBM alr,110.4605389265114,74.59086222589518,139.25607999198746,80.66697913773984,54.06130266436638,107.2121802694285,30
twopx,twopx,T_C,P,deep_crustal_MASH,5.0,15.0,30,v10,LightGBM/pwlr,v10 LightGBM pwlr,105.84301573546078,70.17078137524703,134.79596634685421,75.07541813068192,49.63139526362737,102.35446194020402,30
twopx,twopx,T_C,P,deep_crustal_MASH,5.0,15.0,30,v10,LightGBM/twopx_components,v10 LightGBM twopx_components,107.52025262803944,74.95588417960732,133.92827153506215,82.15201909975121,57.33158754402219,108.32435736868514,30
twopx,twopx,P_kbar,P,deep_crustal_MASH,5.0,15.0,30,v10,LightGBM/raw,v10 LightGBM raw,3.680081506424337,2.675210538297635,4.446145695894325,2.88151256056512,2.057232557261764,3.707223830962258,30
twopx,twopx,P_kbar,P,deep_crustal_MASH,5.0,15.0,30,v10,LightGBM/alr,v10 LightGBM alr,3.6418744972067736,2.642883592049535,4.489315797944861,2.88695489638244,2.123438984846806,3.6609284740855803,30
twopx,twopx,P_kbar,P,deep_crustal_MASH,5.0,15.0,30,v10,LightGBM/pwlr,v10 LightGBM pwlr,3.5366920517952845,2.594331284563941,4.291120430017389,2.857776509725763,2.0632647246637275,3.516607871168331,30
twopx,twopx,P_kbar,P,deep_crustal_MASH,5.0,15.0,30,v10,LightGBM/twopx_components,v10 LightGBM twopx_components,4.75587209191382,3.7153603400955513,5.690747998804309,3.813851774046319,2.7924306044083704,4.818567815124553,30
twopx,twopx,T_C,P,deep_crustal_MASH,5.0,15.0,30,v10,ElasticNet/raw,v10 ElasticNet raw,83.74099044122282,62.85272063818997,103.13116676551105,68.34111293184169,51.23224542202245,87.53033340446468,30
twopx,twopx,T_C,P,deep_crustal_MASH,5.0,15.0,30,v10,ElasticNet/alr,v10 ElasticNet alr,82.74612054508188,59.6583278454611,102.3424983874719,65.83008008742401,47.34922196072202,85.50641510549728,30
twopx,twopx,T_C,P,deep_crustal_MASH,5.0,15.0,30,v10,ElasticNet/pwlr,v10 ElasticNet pwlr,88.62778058904573,68.27736189654078,107.80538732109677,72.01501286202202,54.49435744917611,91.38514808227907,30
twopx,twopx,T_C,P,deep_crustal_MASH,5.0,15.0,30,v10,ElasticNet/twopx_components,v10 ElasticNet twopx_components,102.83169522911993,79.26977186619725,124.32647569533133,79.48282843991954,56.98754061134258,104.64049799925343,30
twopx,twopx,P_kbar,P,deep_crustal_MASH,5.0,15.0,30,v10,ElasticNet/raw,v10 ElasticNet raw,2.3806607042917456,2.039958496493869,2.7228049070614855,2.1874041388937817,1.839952005424158,2.5200412230308813,30
twopx,twopx,P_kbar,P,deep_crustal_MASH,5.0,15.0,30,v10,ElasticNet/alr,v10 ElasticNet alr,2.386246891464281,2.0508364565535637,2.7435085023557484,2.201642447783121,1.860663262204967,2.5349101254321273,30
twopx,twopx,P_kbar,P,deep_crustal_MASH,5.0,15.0,30,v10,ElasticNet/pwlr,v10 ElasticNet pwlr,2.450761583883145,2.0590349035739073,2.818359848471255,2.118909351822014,1.694393005514879,2.522765818149282,30
twopx,twopx,P_kbar,P,deep_crustal_MASH,5.0,15.0,30,v10,ElasticNet/twopx_components,v10 ElasticNet twopx_components,2.5259149072790965,2.1141620383053907,2.920154910030397,2.1836995115452593,1.7486461314906891,2.6335740063840856,30
twopx,twopx,T_C,P,deep_crustal_MASH,5.0,15.0,30,v10,MLP/raw,v10 MLP raw,276.03503920737296,223.61608094502705,326.9266640441189,234.3007412879906,182.99038604846396,291.0139652171665,29
twopx,twopx,T_C,P,deep_crustal_MASH,5.0,15.0,30,v10,MLP/alr,v10 MLP alr,243.70273783123503,199.2372755488916,287.7308252873252,207.6076088336774,161.8119208198596,255.62951208380585,28
twopx,twopx,T_C,P,deep_crustal_MASH,5.0,15.0,30,v10,MLP/pwlr,v10 MLP pwlr,357.51908930659005,296.2163987244532,415.40149719426665,322.2756702968805,267.3353749428674,380.2993363243222,26
twopx,twopx,T_C,P,deep_crustal_MASH,5.0,15.0,30,v10,MLP/twopx_components,v10 MLP twopx_components,365.1216553644687,307.7929187703875,419.2211117636572,333.762823137921,275.29540017717835,389.66521973546236,26
twopx,twopx,P_kbar,P,deep_crustal_MASH,5.0,15.0,30,v10,MLP/raw,v10 MLP raw,4.71758523395886,3.8205163216032867,5.513662445913211,3.9938910216681154,3.1322723570442914,4.8994563775268425,30
twopx,twopx,P_kbar,P,deep_crustal_MASH,5.0,15.0,30,v10,MLP/alr,v10 MLP alr,5.6445520547180665,4.397229067170944,6.858993124340075,4.492810258002169,3.2375925919915347,5.778322468443151,30
twopx,twopx,P_kbar,P,deep_crustal_MASH,5.0,15.0,30,v10,MLP/pwlr,v10 MLP pwlr,6.503017873360431,4.755467835600207,8.094871088637433,5.278791870709994,3.9008837632985927,6.6281606368901445,30
twopx,twopx,P_kbar,P,deep_crustal_MASH,5.0,15.0,30,v10,MLP/twopx_components,v10 MLP twopx_components,4.764234625228049,3.2967438695561784,6.103705352431311,3.4266356660324897,2.3193429971442963,4.69531668878501,30
twopx,twopx,T_C,P,lithospheric_mantle,15.0,30.0,8,v10,RF/twopx_components,v10 RF twopx_components,63.48544170498736,49.62493724122197,78.48931941514138,60.32867411705993,48.14951263139764,74.82478597885171,8
twopx,twopx,T_C,P,lithospheric_mantle,15.0,30.0,8,v10,RF/raw,v10 RF raw,58.065653786681146,44.67567113685414,70.76216930470616,54.68106352627345,41.885072051832175,67.5660180108015,8
twopx,twopx,T_C,P,lithospheric_mantle,15.0,30.0,8,v10,RF/alr,v10 RF alr,60.39435673374282,47.37267021867814,73.45481168519453,57.40634375000033,45.740181901042135,69.96103750000043,8
twopx,twopx,T_C,P,lithospheric_mantle,15.0,30.0,8,v10,RF/pwlr,v10 RF pwlr,66.81473064759899,53.20314819325427,83.55461976654946,63.89988170009312,52.91828743453169,79.44096315877978,8
twopx,twopx,P_kbar,P,lithospheric_mantle,15.0,30.0,8,v10,RF/raw,v10 RF raw,3.8610891864613976,1.0820395222113466,6.218466822325539,2.526105250731816,0.8625564476444532,5.028258533414089,8
twopx,twopx,P_kbar,P,lithospheric_mantle,15.0,30.0,8,v10,RF/alr,v10 RF alr,3.7190607957248725,0.8991580093076361,6.122061221137882,2.210811541590079,0.6262597796789571,4.672028929026615,8
twopx,twopx,P_kbar,P,lithospheric_mantle,15.0,30.0,8,v10,RF/pwlr,v10 RF pwlr,4.00647770515269,1.4992752647514256,6.347917167051529,2.905281017839017,1.3519710010295007,5.33191848142874,8
twopx,twopx,P_kbar,P,lithospheric_mantle,15.0,30.0,8,v10,RF/twopx_components,v10 RF twopx_components,3.952826857333492,1.5978994828162438,6.32143515085234,2.877348137351209,1.4905285791860077,5.148285132220653,8
twopx,twopx,T_C,P,lithospheric_mantle,15.0,30.0,8,v10,ERT/raw,v10 ERT raw,64.08643624228523,50.26511974279104,77.66152437766728,60.93661521990535,48.36792614438455,74.05709026909469,8
twopx,twopx,T_C,P,lithospheric_mantle,15.0,30.0,8,v10,ERT/alr,v10 ERT alr,63.05856232742643,49.20074720417961,78.05987411913995,60.04620041808249,48.21653383450131,73.8935891686135,8
twopx,twopx,T_C,P,lithospheric_mantle,15.0,30.0,8,v10,ERT/pwlr,v10 ERT pwlr,61.00240411214833,47.27993080695073,77.39154535697436,57.90661431878232,47.11694768146464,73.14093626860013,8
twopx,twopx,T_C,P,lithospheric_mantle,15.0,30.0,8,v10,ERT/twopx_components,v10 ERT twopx_components,67.52896008153017,52.03467516226608,80.58886409999778,63.532069444444375,47.48881701388877,78.1638489583333,8
twopx,twopx,P_kbar,P,lithospheric_mantle,15.0,30.0,8,v10,ERT/raw,v10 ERT raw,3.742192515449274,1.371613786952735,5.89701524717172,2.4843467311767236,0.8937684013477007,4.688661324756751,8
twopx,twopx,P_kbar,P,lithospheric_mantle,15.0,30.0,8,v10,ERT/alr,v10 ERT alr,4.370839554815796,1.459989929186892,7.015197420018101,2.9601643212414084,1.2452067083415204,5.536509180270285,8
twopx,twopx,P_kbar,P,lithospheric_mantle,15.0,30.0,8,v10,ERT/pwlr,v10 ERT pwlr,3.5579535468826773,0.9546863817276923,5.778270068780685,2.1678154133612413,0.6679898567181723,4.403114047415588,8
twopx,twopx,P_kbar,P,lithospheric_mantle,15.0,30.0,8,v10,ERT/twopx_components,v10 ERT twopx_components,4.6507613466752495,2.165461569475127,7.158573321314272,3.5377247442392243,1.9259369890327889,5.827425973495432,8
twopx,twopx,T_C,P,lithospheric_mantle,15.0,30.0,8,v10,XGB/raw,v10 XGB raw,58.07610018664641,46.11952277525005,69.70331868355122,55.5299072265625,44.384700775146484,67.57340354919434,8
twopx,twopx,T_C,P,lithospheric_mantle,15.0,30.0,8,v10,XGB/alr,v10 XGB alr,61.64243787484123,39.57331608357114,82.74138129805758,55.36512756347656,38.848802947998045,75.6935722351074,8
twopx,twopx,T_C,P,lithospheric_mantle,15.0,30.0,8,v10,XGB/pwlr,v10 XGB pwlr,63.777001701160756,48.17027530193144,80.44672480964789,59.87455749511719,45.96577453613281,75.45749893188476,8
twopx,twopx,T_C,P,lithospheric_mantle,15.0,30.0,8,v10,XGB/twopx_components,v10 XGB twopx_components,57.78422791207478,44.18380594929471,73.18827871011082,54.38529968261719,41.972359085083006,69.45192985534668,8
twopx,twopx,P_kbar,P,lithospheric_mantle,15.0,30.0,8,v10,XGB/raw,v10 XGB raw,4.101644804203166,1.5282174046032955,6.418002008337483,2.7501118183135986,1.0584120273590087,5.0996798217296595,8
twopx,twopx,P_kbar,P,lithospheric_mantle,15.0,30.0,8,v10,XGB/alr,v10 XGB alr,3.813924477731337,1.4873377118139266,5.990739158390176,2.6041548252105713,1.0616372853517533,4.810872238874435,8
twopx,twopx,P_kbar,P,lithospheric_mantle,15.0,30.0,8,v10,XGB/pwlr,v10 XGB pwlr,4.209372457987302,2.007351736497174,6.412977049702203,3.3473249673843384,1.891674843430519,5.589488983154295,8
twopx,twopx,P_kbar,P,lithospheric_mantle,15.0,30.0,8,v10,XGB/twopx_components,v10 XGB twopx_components,4.3073810932817045,1.9022584528672546,6.76473567130725,3.2301989793777466,1.6584465891122817,5.617826074361801,8
twopx,twopx,T_C,P,lithospheric_mantle,15.0,30.0,8,v10,GB/raw,v10 GB raw,66.20768995903119,46.90158693286303,83.2598533154275,60.94944475245407,42.762831824483385,78.8887591529979,8
twopx,twopx,T_C,P,lithospheric_mantle,15.0,30.0,8,v10,GB/alr,v10 GB alr,79.84660935659772,44.852113861615386,111.15377154952421,68.44946175009187,44.049813940264194,99.93378796658233,8
twopx,twopx,T_C,P,lithospheric_mantle,15.0,30.0,8,v10,GB/pwlr,v10 GB pwlr,64.53467836391742,54.432123579637796,77.50611464387262,62.753787145398974,54.30662657088777,74.9103236979595,8
twopx,twopx,T_C,P,lithospheric_mantle,15.0,30.0,8,v10,GB/twopx_components,v10 GB twopx_components,59.18534533837977,38.77767004213602,77.89381808851383,52.944818931443734,36.89354737852962,72.84074625633332,8
twopx,twopx,P_kbar,P,lithospheric_mantle,15.0,30.0,8,v10,GB/raw,v10 GB raw,3.5717363427906776,1.6702536534861792,5.444235370391283,2.7909502428123543,1.5113787844446094,4.605997297507034,8
twopx,twopx,P_kbar,P,lithospheric_mantle,15.0,30.0,8,v10,GB/alr,v10 GB alr,3.888546015306884,0.942794555604581,6.437531614504783,2.3351898392109574,0.8337700846129676,4.776563277195192,8
twopx,twopx,P_kbar,P,lithospheric_mantle,15.0,30.0,8,v10,GB/pwlr,v10 GB pwlr,3.447823435145796,1.5731184678506256,5.291916524784012,2.633940252149025,1.4534210131388374,4.399132386201844,8
twopx,twopx,P_kbar,P,lithospheric_mantle,15.0,30.0,8,v10,GB/twopx_components,v10 GB twopx_components,4.031008234808289,0.8367445210359523,6.797180487012457,2.1726172999850197,0.49412253656250155,4.994809219547245,8
twopx,twopx,T_C,P,lithospheric_mantle,15.0,30.0,8,v10,CatBoost/raw,v10 CatBoost raw,63.1407412753697,51.608002761718375,74.12758180716665,61.209797593189336,51.292010798346105,71.90523132112604,8
twopx,twopx,T_C,P,lithospheric_mantle,15.0,30.0,8,v10,CatBoost/alr,v10 CatBoost alr,58.3631408375373,41.678521174256936,77.06398165528148,53.72619411047586,40.811105377731295,70.45876158384068,8
twopx,twopx,T_C,P,lithospheric_mantle,15.0,30.0,8,v10,CatBoost/pwlr,v10 CatBoost pwlr,71.57013351761782,49.964888709403475,88.74634761807161,64.9343920623879,42.42521797230805,85.55745986898154,8
twopx,twopx,T_C,P,lithospheric_mantle,15.0,30.0,8,v10,CatBoost/twopx_components,v10 CatBoost twopx_components,60.94793525734341,41.91878003608219,75.63121678004758,54.18270461412422,35.225364908012175,72.22552725564113,8
twopx,twopx,P_kbar,P,lithospheric_mantle,15.0,30.0,8,v10,CatBoost/raw,v10 CatBoost raw,4.646568418081352,1.8419546260742372,7.271350969308421,3.276303645058306,1.357415376914365,5.9343859753658865,8
twopx,twopx,P_kbar,P,lithospheric_mantle,15.0,30.0,8,v10,CatBoost/alr,v10 CatBoost alr,4.730385613725042,1.731209619700353,7.468277956614607,3.4026251208305967,1.6680669628830544,6.0166825418468965,8
twopx,twopx,P_kbar,P,lithospheric_mantle,15.0,30.0,8,v10,CatBoost/pwlr,v10 CatBoost pwlr,4.383123711882713,1.6298383173749644,7.021856572776641,3.063119829451403,1.2870165132466571,5.660475733037007,8
twopx,twopx,P_kbar,P,lithospheric_mantle,15.0,30.0,8,v10,CatBoost/twopx_components,v10 CatBoost twopx_components,4.468354292330888,2.1132652154390006,6.865987558638593,3.447004891102798,1.7464656374727887,5.7899712259191025,8
twopx,twopx,T_C,P,lithospheric_mantle,15.0,30.0,8,v10,LightGBM/raw,v10 LightGBM raw,57.88622945119747,36.852341765954755,78.48908530668508,51.681112605314496,35.44023708678727,71.15097569631415,8
twopx,twopx,T_C,P,lithospheric_mantle,15.0,30.0,8,v10,LightGBM/alr,v10 LightGBM alr,84.87526829504706,50.765182937857205,117.42306927389673,74.31298308902967,50.17378059829607,104.9207433471327,8
twopx,twopx,T_C,P,lithospheric_mantle,15.0,30.0,8,v10,LightGBM/pwlr,v10 LightGBM pwlr,55.19682819523548,40.14891065602044,71.8423286919232,51.32065495199532,38.651361899781314,67.25558336190498,8
twopx,twopx,T_C,P,lithospheric_mantle,15.0,30.0,8,v10,LightGBM/twopx_components,v10 LightGBM twopx_components,59.733703863806625,43.45533766844096,76.0968013451616,55.12395929731025,40.07766942608017,71.97206782444772,8
twopx,twopx,P_kbar,P,lithospheric_mantle,15.0,30.0,8,v10,LightGBM/raw,v10 LightGBM raw,3.4175003283855165,1.4704341306930346,5.219727832452023,2.4764527133919114,1.0278238469038454,4.427596981662202,8
twopx,twopx,P_kbar,P,lithospheric_mantle,15.0,30.0,8,v10,LightGBM/alr,v10 LightGBM alr,3.4950328558873838,1.480675164227593,5.491666520087085,2.5885387721727615,1.3492281705781386,4.5091805991524625,8
twopx,twopx,P_kbar,P,lithospheric_mantle,15.0,30.0,8,v10,LightGBM/pwlr,v10 LightGBM pwlr,3.6040438979467497,0.9623750436399291,5.99533305682622,2.169980218850932,0.7132740493801701,4.443821963685847,8
twopx,twopx,P_kbar,P,lithospheric_mantle,15.0,30.0,8,v10,LightGBM/twopx_components,v10 LightGBM twopx_components,4.414445022326861,1.1006776436250603,7.343461258775767,2.64772310789386,0.8571973217536688,5.460338208059975,8
twopx,twopx,T_C,P,lithospheric_mantle,15.0,30.0,8,v10,ElasticNet/raw,v10 ElasticNet raw,60.015003181085746,49.00752463922621,69.17316659548699,56.420821132857185,40.8512243851762,68.31577661840339,8
twopx,twopx,T_C,P,lithospheric_mantle,15.0,30.0,8,v10,ElasticNet/alr,v10 ElasticNet alr,61.31994388972818,42.9574562669033,79.37916711489694,54.51812852573781,36.22385486119957,74.26135823512783,8
twopx,twopx,T_C,P,lithospheric_mantle,15.0,30.0,8,v10,ElasticNet/pwlr,v10 ElasticNet pwlr,71.71446393436827,50.574079173780056,92.58344962128942,66.82761627727862,50.315053077029056,87.25472030715626,8
twopx,twopx,T_C,P,lithospheric_mantle,15.0,30.0,8,v10,ElasticNet/twopx_components,v10 ElasticNet twopx_components,54.92879416965671,30.763178239272108,73.825875284818,44.56716515933468,21.797685338976894,67.01326473850384,8
twopx,twopx,P_kbar,P,lithospheric_mantle,15.0,30.0,8,v10,ElasticNet/raw,v10 ElasticNet raw,5.721345836811531,3.3682524589886222,8.506422251215206,4.796832089347052,3.319352231189411,7.284248284240849,8
twopx,twopx,P_kbar,P,lithospheric_mantle,15.0,30.0,8,v10,ElasticNet/alr,v10 ElasticNet alr,5.763256700020588,3.0813879137750564,8.735877006100376,4.693410099555133,3.0002329853886582,7.4286744291216475,8
twopx,twopx,P_kbar,P,lithospheric_mantle,15.0,30.0,8,v10,ElasticNet/pwlr,v10 ElasticNet pwlr,7.258271239317072,4.9796828589880535,10.260312699975415,6.433959541658908,4.954843872417181,9.058223601747526,8
twopx,twopx,P_kbar,P,lithospheric_mantle,15.0,30.0,8,v10,ElasticNet/twopx_components,v10 ElasticNet twopx_components,7.526395197652249,5.5108523627751875,10.449922798045867,6.7608523627751875,5.5108523627751875,9.260852362775188,8
twopx,twopx,T_C,P,lithospheric_mantle,15.0,30.0,8,v10,MLP/raw,v10 MLP raw,316.85494543148536,196.12589400215495,418.29171357950344,274.6226963273615,162.07408944701473,384.432714579912,8
twopx,twopx,T_C,P,lithospheric_mantle,15.0,30.0,8,v10,MLP/alr,v10 MLP alr,143.5770225571644,57.3092866020808,208.36096478384945,107.83663851741355,50.376787043297256,176.6584516687239,8
twopx,twopx,T_C,P,lithospheric_mantle,15.0,30.0,8,v10,MLP/pwlr,v10 MLP pwlr,400.1886215147913,230.67794075890342,550.7262294993016,345.163450917119,197.64778459154715,498.28245731101873,6
twopx,twopx,T_C,P,lithospheric_mantle,15.0,30.0,8,v10,MLP/twopx_components,v10 MLP twopx_components,194.2665786805644,110.8058585160575,265.0586372901589,154.84356772412247,84.07969907022292,238.58396053086307,8
twopx,twopx,P_kbar,P,lithospheric_mantle,15.0,30.0,8,v10,MLP/raw,v10 MLP raw,4.272326041049432,1.6712428540643134,6.150238543099663,3.180274088951408,1.398160005455012,5.294887770122447,8
twopx,twopx,P_kbar,P,lithospheric_mantle,15.0,30.0,8,v10,MLP/alr,v10 MLP alr,5.526378838817826,3.063829138790515,7.624277263323448,4.528344947830709,2.6154772762103318,6.984653075633664,8
twopx,twopx,P_kbar,P,lithospheric_mantle,15.0,30.0,8,v10,MLP/pwlr,v10 MLP pwlr,8.589388389883958,5.532250392240435,11.463215088351316,7.721818830082542,5.389212795146953,10.637445845379363,8
twopx,twopx,P_kbar,P,lithospheric_mantle,15.0,30.0,8,v10,MLP/twopx_components,v10 MLP twopx_components,3.859413416393761,1.0349333817249409,6.370672547276597,2.3633406517371824,0.7252455118436487,4.866693096280282,8
twopx,twopx,T_C,P,deeper_mantle,30.0,1000.0,1,v10,RF/twopx_components,v10 RF twopx_components,105.97906923740857,,,105.97906923740857,,,1
twopx,twopx,T_C,P,deeper_mantle,30.0,1000.0,1,v10,RF/raw,v10 RF raw,96.4859439484128,,,96.4859439484128,,,1
twopx,twopx,T_C,P,deeper_mantle,30.0,1000.0,1,v10,RF/alr,v10 RF alr,93.9167708333332,,,93.9167708333332,,,1
twopx,twopx,T_C,P,deeper_mantle,30.0,1000.0,1,v10,RF/pwlr,v10 RF pwlr,115.61729144386209,,,115.61729144386209,,,1
twopx,twopx,P_kbar,P,deeper_mantle,30.0,1000.0,1,v10,RF/raw,v10 RF raw,14.206606884299015,,,14.206606884299015,,,1
twopx,twopx,P_kbar,P,deeper_mantle,30.0,1000.0,1,v10,RF/alr,v10 RF alr,14.052010359557933,,,14.052010359557933,,,1
twopx,twopx,P_kbar,P,deeper_mantle,30.0,1000.0,1,v10,RF/pwlr,v10 RF pwlr,12.907281334350401,,,12.907281334350401,,,1
twopx,twopx,P_kbar,P,deeper_mantle,30.0,1000.0,1,v10,RF/twopx_components,v10 RF twopx_components,16.804603509090715,,,16.804603509090715,,,1
twopx,twopx,T_C,P,deeper_mantle,30.0,1000.0,1,v10,ERT/raw,v10 ERT raw,102.57456944444084,,,102.57456944444084,,,1
twopx,twopx,T_C,P,deeper_mantle,30.0,1000.0,1,v10,ERT/alr,v10 ERT alr,105.88502380951923,,,105.88502380951923,,,1
twopx,twopx,T_C,P,deeper_mantle,30.0,1000.0,1,v10,ERT/pwlr,v10 ERT pwlr,109.18164708994595,,,109.18164708994595,,,1
twopx,twopx,T_C,P,deeper_mantle,30.0,1000.0,1,v10,ERT/twopx_components,v10 ERT twopx_components,111.1011111111111,,,111.1011111111111,,,1
twopx,twopx,P_kbar,P,deeper_mantle,30.0,1000.0,1,v10,ERT/raw,v10 ERT raw,13.78282920348381,,,13.78282920348381,,,1
twopx,twopx,P_kbar,P,deeper_mantle,30.0,1000.0,1,v10,ERT/alr,v10 ERT alr,15.330010017670533,,,15.330010017670533,,,1
twopx,twopx,P_kbar,P,deeper_mantle,30.0,1000.0,1,v10,ERT/pwlr,v10 ERT pwlr,13.393496441176165,,,13.393496441176165,,,1
twopx,twopx,P_kbar,P,deeper_mantle,30.0,1000.0,1,v10,ERT/twopx_components,v10 ERT twopx_components,16.272110443912233,,,16.272110443912233,,,1
twopx,twopx,T_C,P,deeper_mantle,30.0,1000.0,1,v10,XGB/raw,v10 XGB raw,106.1636962890625,,,106.1636962890625,,,1
twopx,twopx,T_C,P,deeper_mantle,30.0,1000.0,1,v10,XGB/alr,v10 XGB alr,153.9375,,,153.9375,,,1
twopx,twopx,T_C,P,deeper_mantle,30.0,1000.0,1,v10,XGB/pwlr,v10 XGB pwlr,122.4359130859375,,,122.4359130859375,,,1
twopx,twopx,T_C,P,deeper_mantle,30.0,1000.0,1,v10,XGB/twopx_components,v10 XGB twopx_components,96.70068359375,,,96.70068359375,,,1
twopx,twopx,P_kbar,P,deeper_mantle,30.0,1000.0,1,v10,XGB/raw,v10 XGB raw,14.63713550567627,,,14.63713550567627,,,1
twopx,twopx,P_kbar,P,deeper_mantle,30.0,1000.0,1,v10,XGB/alr,v10 XGB alr,13.631370544433594,,,13.631370544433594,,,1
twopx,twopx,P_kbar,P,deeper_mantle,30.0,1000.0,1,v10,XGB/pwlr,v10 XGB pwlr,13.208438873291016,,,13.208438873291016,,,1
twopx,twopx,P_kbar,P,deeper_mantle,30.0,1000.0,1,v10,XGB/twopx_components,v10 XGB twopx_components,18.577014923095703,,,18.577014923095703,,,1
twopx,twopx,T_C,P,deeper_mantle,30.0,1000.0,1,v10,GB/raw,v10 GB raw,125.48987098160774,,,125.48987098160774,,,1
twopx,twopx,T_C,P,deeper_mantle,30.0,1000.0,1,v10,GB/alr,v10 GB alr,162.95613332612106,,,162.95613332612106,,,1
twopx,twopx,T_C,P,deeper_mantle,30.0,1000.0,1,v10,GB/pwlr,v10 GB pwlr,120.95284928213869,,,120.95284928213869,,,1
twopx,twopx,T_C,P,deeper_mantle,30.0,1000.0,1,v10,GB/twopx_components,v10 GB twopx_components,104.79682164470182,,,104.79682164470182,,,1
twopx,twopx,P_kbar,P,deeper_mantle,30.0,1000.0,1,v10,GB/raw,v10 GB raw,13.942850946812797,,,13.942850946812797,,,1
twopx,twopx,P_kbar,P,deeper_mantle,30.0,1000.0,1,v10,GB/alr,v10 GB alr,15.285686183530569,,,15.285686183530569,,,1
twopx,twopx,P_kbar,P,deeper_mantle,30.0,1000.0,1,v10,GB/pwlr,v10 GB pwlr,13.257271110787297,,,13.257271110787297,,,1
twopx,twopx,P_kbar,P,deeper_mantle,30.0,1000.0,1,v10,GB/twopx_components,v10 GB twopx_components,15.411257434014725,,,15.411257434014725,,,1
twopx,twopx,T_C,P,deeper_mantle,30.0,1000.0,1,v10,CatBoost/raw,v10 CatBoost raw,123.29083598662078,,,123.29083598662078,,,1
twopx,twopx,T_C,P,deeper_mantle,30.0,1000.0,1,v10,CatBoost/alr,v10 CatBoost alr,106.32842863471456,,,106.32842863471456,,,1
twopx,twopx,T_C,P,deeper_mantle,30.0,1000.0,1,v10,CatBoost/pwlr,v10 CatBoost pwlr,140.31050261306905,,,140.31050261306905,,,1
twopx,twopx,T_C,P,deeper_mantle,30.0,1000.0,1,v10,CatBoost/twopx_components,v10 CatBoost twopx_components,119.3459602240614,,,119.3459602240614,,,1
twopx,twopx,P_kbar,P,deeper_mantle,30.0,1000.0,1,v10,CatBoost/raw,v10 CatBoost raw,16.0340109810323,,,16.0340109810323,,,1
twopx,twopx,P_kbar,P,deeper_mantle,30.0,1000.0,1,v10,CatBoost/alr,v10 CatBoost alr,16.609568642911555,,,16.609568642911555,,,1
twopx,twopx,P_kbar,P,deeper_mantle,30.0,1000.0,1,v10,CatBoost/pwlr,v10 CatBoost pwlr,16.76678962542467,,,16.76678962542467,,,1
twopx,twopx,P_kbar,P,deeper_mantle,30.0,1000.0,1,v10,CatBoost/twopx_components,v10 CatBoost twopx_components,17.475483284640614,,,17.475483284640614,,,1
twopx,twopx,T_C,P,deeper_mantle,30.0,1000.0,1,v10,LightGBM/raw,v10 LightGBM raw,132.52280172500105,,,132.52280172500105,,,1
twopx,twopx,T_C,P,deeper_mantle,30.0,1000.0,1,v10,LightGBM/alr,v10 LightGBM alr,168.3490354936057,,,168.3490354936057,,,1
twopx,twopx,T_C,P,deeper_mantle,30.0,1000.0,1,v10,LightGBM/pwlr,v10 LightGBM pwlr,117.9018400789505,,,117.9018400789505,,,1
twopx,twopx,T_C,P,deeper_mantle,30.0,1000.0,1,v10,LightGBM/twopx_components,v10 LightGBM twopx_components,90.740478043037,,,90.740478043037,,,1
twopx,twopx,P_kbar,P,deeper_mantle,30.0,1000.0,1,v10,LightGBM/raw,v10 LightGBM raw,13.389776146883868,,,13.389776146883868,,,1
twopx,twopx,P_kbar,P,deeper_mantle,30.0,1000.0,1,v10,LightGBM/alr,v10 LightGBM alr,12.019089093057147,,,12.019089093057147,,,1
twopx,twopx,P_kbar,P,deeper_mantle,30.0,1000.0,1,v10,LightGBM/pwlr,v10 LightGBM pwlr,14.845905537404443,,,14.845905537404443,,,1
twopx,twopx,P_kbar,P,deeper_mantle,30.0,1000.0,1,v10,LightGBM/twopx_components,v10 LightGBM twopx_components,15.119754979956772,,,15.119754979956772,,,1
twopx,twopx,T_C,P,deeper_mantle,30.0,1000.0,1,v10,ElasticNet/raw,v10 ElasticNet raw,70.77678122764632,,,70.77678122764632,,,1
twopx,twopx,T_C,P,deeper_mantle,30.0,1000.0,1,v10,ElasticNet/alr,v10 ElasticNet alr,89.97868124763113,,,89.97868124763113,,,1
twopx,twopx,T_C,P,deeper_mantle,30.0,1000.0,1,v10,ElasticNet/pwlr,v10 ElasticNet pwlr,111.31136102127994,,,111.31136102127994,,,1
twopx,twopx,T_C,P,deeper_mantle,30.0,1000.0,1,v10,ElasticNet/twopx_components,v10 ElasticNet twopx_components,6.560852290954699,,,6.560852290954699,,,1
twopx,twopx,P_kbar,P,deeper_mantle,30.0,1000.0,1,v10,ElasticNet/raw,v10 ElasticNet raw,16.755622219711167,,,16.755622219711167,,,1
twopx,twopx,P_kbar,P,deeper_mantle,30.0,1000.0,1,v10,ElasticNet/alr,v10 ElasticNet alr,17.43401134942404,,,17.43401134942404,,,1
twopx,twopx,P_kbar,P,deeper_mantle,30.0,1000.0,1,v10,ElasticNet/pwlr,v10 ElasticNet pwlr,20.107125117599043,,,20.107125117599043,,,1
twopx,twopx,P_kbar,P,deeper_mantle,30.0,1000.0,1,v10,ElasticNet/twopx_components,v10 ElasticNet twopx_components,20.51085236277519,,,20.51085236277519,,,1
twopx,twopx,T_C,P,deeper_mantle,30.0,1000.0,1,v10,MLP/raw,v10 MLP raw,108.3748066117405,,,108.3748066117405,,,1
twopx,twopx,T_C,P,deeper_mantle,30.0,1000.0,1,v10,MLP/alr,v10 MLP alr,435.96964838368535,,,435.96964838368535,,,1
twopx,twopx,T_C,P,deeper_mantle,30.0,1000.0,1,v10,MLP/pwlr,v10 MLP pwlr,363.31677100104525,,,363.31677100104525,,,1
twopx,twopx,T_C,P,deeper_mantle,30.0,1000.0,1,v10,MLP/twopx_components,v10 MLP twopx_components,46.14376972997616,,,46.14376972997616,,,1
twopx,twopx,P_kbar,P,deeper_mantle,30.0,1000.0,1,v10,MLP/raw,v10 MLP raw,9.180512312371128,,,9.180512312371128,,,1
twopx,twopx,P_kbar,P,deeper_mantle,30.0,1000.0,1,v10,MLP/alr,v10 MLP alr,10.954226182176566,,,10.954226182176566,,,1
twopx,twopx,P_kbar,P,deeper_mantle,30.0,1000.0,1,v10,MLP/pwlr,v10 MLP pwlr,18.77612867556934,,,18.77612867556934,,,1
twopx,twopx,P_kbar,P,deeper_mantle,30.0,1000.0,1,v10,MLP/twopx_components,v10 MLP twopx_components,14.524236779869439,,,14.524236779869439,,,1
twopx,twopx,T_C,P,P<5,0.0,5.0,9,v10,RF/twopx_components,v10 RF twopx_components,96.06440024943593,52.42186178538681,134.06213753972216,74.96963612639067,39.361507127423074,113.80541126838472,9
twopx,twopx,T_C,P,P<5,0.0,5.0,9,v10,RF/raw,v10 RF raw,86.07704559576769,52.90029778931799,120.45896571912819,70.0162074192035,41.969589396311065,103.29605858223171,9
twopx,twopx,T_C,P,P<5,0.0,5.0,9,v10,RF/alr,v10 RF alr,91.82611374362439,61.5246835074031,121.9433879335565,77.72016666666664,46.630150289352024,108.52246707175917,9
twopx,twopx,T_C,P,P<5,0.0,5.0,9,v10,RF/pwlr,v10 RF pwlr,73.67664614001367,33.15835182779718,109.78411214622585,52.79573498325448,23.67793852465644,88.34232176831034,9
twopx,twopx,P_kbar,P,P<5,0.0,5.0,9,v10,RF/raw,v10 RF raw,5.6093366065868215,2.8274802065853426,8.56757597869152,4.249941708390691,2.428376854182424,7.161683783466701,9
twopx,twopx,P_kbar,P,P<5,0.0,5.0,9,v10,RF/alr,v10 RF alr,5.7334705954859055,2.7287190155799346,8.856322803662636,4.174768585581211,2.137081685907618,7.395832386023176,9
twopx,twopx,P_kbar,P,P<5,0.0,5.0,9,v10,RF/pwlr,v10 RF pwlr,6.475318341668244,3.4084311822557276,9.832759744087817,5.004820697707362,2.910872672956108,8.38031168607023,9
twopx,twopx,P_kbar,P,P<5,0.0,5.0,9,v10,RF/twopx_components,v10 RF twopx_components,6.6118391001561045,3.0188905818484164,10.112469515870838,4.798636752620075,2.249988247285528,8.496250038324595,9
twopx,twopx,T_C,P,P<5,0.0,5.0,9,v10,ERT/raw,v10 ERT raw,80.04642635358039,37.35679813855151,120.17828370967447,61.52719120370321,33.9441039609057,96.99291563271497,9
twopx,twopx,T_C,P,P<5,0.0,5.0,9,v10,ERT/alr,v10 ERT alr,83.22912580667706,37.11945407429422,125.27606177253492,63.21142309145835,34.0720954774502,101.82786738378599,9
twopx,twopx,T_C,P,P<5,0.0,5.0,9,v10,ERT/pwlr,v10 ERT pwlr,80.0727242454912,35.03470646002014,120.7335248827548,59.788845796590394,30.193361938565364,97.47085327748408,9
twopx,twopx,T_C,P,P<5,0.0,5.0,9,v10,ERT/twopx_components,v10 ERT twopx_components,88.81166117451282,39.21766075745639,129.25280792851834,63.87136419753071,28.2222499999998,107.03422206790117,9
twopx,twopx,P_kbar,P,P<5,0.0,5.0,9,v10,ERT/raw,v10 ERT raw,5.306776881575753,2.836943191977438,7.853376156630336,4.176721927336093,2.35273678672135,6.802065533495584,9
twopx,twopx,P_kbar,P,P<5,0.0,5.0,9,v10,ERT/alr,v10 ERT alr,5.607366440700198,2.7516535229447903,8.560393907172042,4.17434890339569,2.1263917023263805,7.183852019881213,9
twopx,twopx,P_kbar,P,P<5,0.0,5.0,9,v10,ERT/pwlr,v10 ERT pwlr,5.884684446825577,3.274932181224431,8.787559878825414,4.664188132928654,2.7408038392658343,7.571647139185523,9
twopx,twopx,P_kbar,P,P<5,0.0,5.0,9,v10,ERT/twopx_components,v10 ERT twopx_components,7.452546845926059,3.1754137469023846,11.774810582210758,5.195890018254145,2.3555257744143123,9.519057448468185,9
twopx,twopx,T_C,P,P<5,0.0,5.0,9,v10,XGB/raw,v10 XGB raw,104.88760781754382,58.847813537438846,150.24287854459223,79.88918728298611,40.552829318576386,126.45074801974826,9
twopx,twopx,T_C,P,P<5,0.0,5.0,9,v10,XGB/alr,v10 XGB alr,113.56391480578579,61.952374622700766,160.63678832414337,89.31880018446181,47.144545491536455,138.24909328884547,9
twopx,twopx,T_C,P,P<5,0.0,5.0,9,v10,XGB/pwlr,v10 XGB pwlr,88.38017387716086,37.9941454162464,130.32920743857338,60.05744086371528,22.36229943169488,103.49080030653212,9
twopx,twopx,T_C,P,P<5,0.0,5.0,9,v10,XGB/twopx_components,v10 XGB twopx_components,93.01176849767832,38.96373033826056,139.45888293884718,65.35352240668402,28.81927202012804,112.53721415201821,9
twopx,twopx,P_kbar,P,P<5,0.0,5.0,9,v10,XGB/raw,v10 XGB raw,4.994572282260741,3.0607377162943434,7.177571978927386,4.1399664034147055,2.659462187776133,6.354426482676557,9
twopx,twopx,P_kbar,P,P<5,0.0,5.0,9,v10,XGB/alr,v10 XGB alr,4.927732865905283,2.5344420157270195,7.4413356481839195,3.7722990197968804,2.1358855807959842,6.32731798044226,9
twopx,twopx,P_kbar,P,P<5,0.0,5.0,9,v10,XGB/pwlr,v10 XGB pwlr,6.217317350695416,3.1508690536261073,9.501221565483053,4.828095854954487,2.8164350524716637,8.08308949135494,9
twopx,twopx,P_kbar,P,P<5,0.0,5.0,9,v10,XGB/twopx_components,v10 XGB twopx_components,6.706182698175161,2.9719364607476604,10.187160333694804,4.910670699314839,2.345483381824039,8.62436229860264,9
twopx,twopx,T_C,P,P<5,0.0,5.0,9,v10,GB/raw,v10 GB raw,98.62675345801443,47.66566542998923,144.7169641511855,72.05225980280461,34.25671957745887,119.87594332428799,9
twopx,twopx,T_C,P,P<5,0.0,5.0,9,v10,GB/alr,v10 GB alr,119.02565946794596,71.05043216552008,162.50398889032317,94.65128371765417,50.07227924594612,143.34874371989469,9
twopx,twopx,T_C,P,P<5,0.0,5.0,9,v10,GB/pwlr,v10 GB pwlr,85.39040943640204,41.165079353514706,124.18548326534479,61.615898868600055,27.092136306756295,103.5828101353523,9
twopx,twopx,T_C,P,P<5,0.0,5.0,9,v10,GB/twopx_components,v10 GB twopx_components,106.97428309193383,57.584627508142454,148.20922915634605,81.86777618412302,39.947985943707586,127.44590972940493,9
twopx,twopx,P_kbar,P,P<5,0.0,5.0,9,v10,GB/raw,v10 GB raw,5.970448164109966,3.368188766238504,8.84120518674158,4.801960661589771,3.0165191195484007,7.578065664210555,9
twopx,twopx,P_kbar,P,P<5,0.0,5.0,9,v10,GB/alr,v10 GB alr,5.706194070291862,2.898194708418608,8.669417017470737,4.506988909466486,2.6772264804342347,7.516550485354267,9
twopx,twopx,P_kbar,P,P<5,0.0,5.0,9,v10,GB/pwlr,v10 GB pwlr,6.3463171174117985,3.2648753233581975,9.571921429222536,5.045822550088608,2.890276775850058,8.324536069213266,9
twopx,twopx,P_kbar,P,P<5,0.0,5.0,9,v10,GB/twopx_components,v10 GB twopx_components,6.669154116731505,3.099231709766629,10.133396692982494,4.869198167400405,2.321924660009531,8.547156043472985,9
twopx,twopx,T_C,P,P<5,0.0,5.0,9,v10,CatBoost/raw,v10 CatBoost raw,92.86112114067606,47.05686904107596,137.99113098775675,68.73878683502919,35.24882924762826,111.92674601510068,9
twopx,twopx,T_C,P,P<5,0.0,5.0,9,v10,CatBoost/alr,v10 CatBoost alr,86.3954777137049,50.51260843993295,125.90345405369146,71.52269228462758,46.182096769746344,108.11494265988091,9
twopx,twopx,T_C,P,P<5,0.0,5.0,9,v10,CatBoost/pwlr,v10 CatBoost pwlr,72.21633429519592,27.986959480529364,109.33792453999837,47.95038617342415,16.04856475721579,84.07226537048331,9
twopx,twopx,T_C,P,P<5,0.0,5.0,9,v10,CatBoost/twopx_components,v10 CatBoost twopx_components,87.53470795935557,31.537995390035757,134.40350661972556,57.66432970960294,21.92075832221256,104.55637941726131,9
twopx,twopx,P_kbar,P,P<5,0.0,5.0,9,v10,CatBoost/raw,v10 CatBoost raw,5.406828750177078,3.0814250598675996,7.651793898328311,4.209812396178566,2.1432906269286516,6.70945928958142,9
twopx,twopx,P_kbar,P,P<5,0.0,5.0,9,v10,CatBoost/alr,v10 CatBoost alr,5.738840259089206,3.0467624109810596,8.614562518712672,4.226152857688847,1.9736093537173693,7.401786877060714,9
twopx,twopx,P_kbar,P,P<5,0.0,5.0,9,v10,CatBoost/pwlr,v10 CatBoost pwlr,5.127929794043186,2.8650811669916765,7.586159494317843,3.9221387661890343,1.9620670443857549,6.527874911733164,9
twopx,twopx,P_kbar,P,P<5,0.0,5.0,9,v10,CatBoost/twopx_components,v10 CatBoost twopx_components,7.264066173468393,3.539005435320489,11.142192026488578,5.378573792024877,2.6703508526314885,9.37329058268997,9
twopx,twopx,T_C,P,P<5,0.0,5.0,9,v10,LightGBM/raw,v10 LightGBM raw,108.09730251398501,53.84537168124206,159.48134646351883,78.93908917332958,35.48658500314788,131.31409256533124,9
twopx,twopx,T_C,P,P<5,0.0,5.0,9,v10,LightGBM/alr,v10 LightGBM alr,103.46661301417456,59.21298255200065,144.637900290223,79.54645538359358,39.53276278706863,123.50560486351627,9
twopx,twopx,T_C,P,P<5,0.0,5.0,9,v10,LightGBM/pwlr,v10 LightGBM pwlr,97.73197766302965,38.85706672201009,140.39532326570068,66.83983218355262,23.449473043104682,114.06752401878089,9
twopx,twopx,T_C,P,P<5,0.0,5.0,9,v10,LightGBM/twopx_components,v10 LightGBM twopx_components,96.66644581088565,48.53441024522471,140.5938810980908,69.75722221532335,32.838434630358776,115.64744931766431,9
twopx,twopx,P_kbar,P,P<5,0.0,5.0,9,v10,LightGBM/raw,v10 LightGBM raw,6.469369219344866,3.677774630712475,9.63957514006372,5.2529464217958095,3.360604518370971,8.312829752179825,9
twopx,twopx,P_kbar,P,P<5,0.0,5.0,9,v10,LightGBM/alr,v10 LightGBM alr,6.4138046011670395,3.52018075905016,9.631377437361886,5.0547073940519205,2.970111573991902,8.172763333846385,9
twopx,twopx,P_kbar,P,P<5,0.0,5.0,9,v10,LightGBM/pwlr,v10 LightGBM pwlr,5.861778486052068,3.009133539297956,8.901323519162737,4.700294101782048,2.834687486007656,7.7261455528791405,9
twopx,twopx,P_kbar,P,P<5,0.0,5.0,9,v10,LightGBM/twopx_components,v10 LightGBM twopx_components,6.219204743833999,2.967218714338992,9.145178340314887,4.60065799338081,2.170932439615199,7.952322068311287,9
twopx,twopx,T_C,P,P<5,0.0,5.0,9,v10,ElasticNet/raw,v10 ElasticNet raw,81.27108342236443,43.77235279040169,107.13634604729711,67.58130290804344,42.221020448918274,96.31212982671074,9
twopx,twopx,T_C,P,P<5,0.0,5.0,9,v10,ElasticNet/alr,v10 ElasticNet alr,82.67547982157326,39.361862092437924,113.08861228897753,65.3554032614934,35.18410735703937,98.52545465634812,9
twopx,twopx,T_C,P,P<5,0.0,5.0,9,v10,ElasticNet/pwlr,v10 ElasticNet pwlr,81.76806736226362,39.8124671007565,109.9863059058179,65.3062571287158,36.58625550857651,96.4351687792196,9
twopx,twopx,T_C,P,P<5,0.0,5.0,9,v10,ElasticNet/twopx_components,v10 ElasticNet twopx_components,166.50890434443346,64.2049870062842,241.09363897459448,112.19066056995935,41.13076141363791,201.5571161692749,9
twopx,twopx,P_kbar,P,P<5,0.0,5.0,9,v10,ElasticNet/raw,v10 ElasticNet raw,6.528391447478681,4.984701481155053,8.015862448907376,6.086622999587632,4.697718841685594,7.747209739702402,9
twopx,twopx,P_kbar,P,P<5,0.0,5.0,9,v10,ElasticNet/alr,v10 ElasticNet alr,6.643901385732824,5.1202812640206945,8.14622538432206,6.218880144571305,4.866059667043337,7.830225513244974,9
twopx,twopx,P_kbar,P,P<5,0.0,5.0,9,v10,ElasticNet/pwlr,v10 ElasticNet pwlr,7.36890191812752,6.303400549207946,8.26855586592536,7.173276693840007,6.104657881876318,8.175905349024605,9
twopx,twopx,P_kbar,P,P<5,0.0,5.0,9,v10,ElasticNet/twopx_components,v10 ElasticNet twopx_components,7.611340756895343,6.430097525592034,8.653135343340198,7.39620323536116,6.243342152118867,8.486101820375099,9
twopx,twopx,T_C,P,P<5,0.0,5.0,9,v10,MLP/raw,v10 MLP raw,271.6350113965837,197.9789310734337,336.15995638523407,253.19462341973548,184.39589369127566,322.89745948761896,8
twopx,twopx,T_C,P,P<5,0.0,5.0,9,v10,MLP/alr,v10 MLP alr,253.92350409856252,175.94704718744057,320.3209921548133,231.64610389815627,169.2590748187427,299.6199542283036,9
twopx,twopx,T_C,P,P<5,0.0,5.0,9,v10,MLP/pwlr,v10 MLP pwlr,430.4875811587051,325.32823674598177,523.614640133431,395.8184720810963,292.58744540823693,500.82707300863007,9
twopx,twopx,T_C,P,P<5,0.0,5.0,9,v10,MLP/twopx_components,v10 MLP twopx_components,403.7550889311504,206.01859301777685,557.2719113846887,321.9385349803301,168.62426839564083,488.1507633993451,9
twopx,twopx,P_kbar,P,P<5,0.0,5.0,9,v10,MLP/raw,v10 MLP raw,6.820697565341818,3.696969517692967,9.463363881031231,5.215516351760444,2.459670381451472,8.40196062240866,9
twopx,twopx,P_kbar,P,P<5,0.0,5.0,9,v10,MLP/alr,v10 MLP alr,6.360366880825066,3.074434193783003,9.582783660144008,4.758331097727126,2.278909208665126,8.169349106904109,9
twopx,twopx,P_kbar,P,P<5,0.0,5.0,9,v10,MLP/pwlr,v10 MLP pwlr,8.468468481884731,5.350599395502131,12.072035660274523,7.216477056677969,4.733280251942872,10.736408942602548,9
twopx,twopx,P_kbar,P,P<5,0.0,5.0,9,v10,MLP/twopx_components,v10 MLP twopx_components,7.437050244730639,3.9562800494255965,10.414653245170854,5.287381043403692,2.0935296530535163,8.863237424209613,9
twopx,twopx,T_C,P,5<=P<10,5.0,10.0,4,v10,RF/twopx_components,v10 RF twopx_components,86.87391904461312,36.821352873833405,117.17714295344386,77.05142798804667,36.82089137796618,117.17552902860996,4
twopx,twopx,T_C,P,5<=P<10,5.0,10.0,4,v10,RF/raw,v10 RF raw,83.24354334402145,31.322114697224137,113.09990207412669,72.36587254143924,31.237886801046784,112.16855362364282,4
twopx,twopx,T_C,P,5<=P<10,5.0,10.0,4,v10,RF/alr,v10 RF alr,83.54283464056496,37.96268994448544,111.88228015079254,74.59682291666633,37.8141666666661,111.37947916666656,4
twopx,twopx,T_C,P,5<=P<10,5.0,10.0,4,v10,RF/pwlr,v10 RF pwlr,77.20216110754251,20.12394798437261,106.35716606625148,64.67380444239572,18.611819155858427,106.31713721233342,4
twopx,twopx,P_kbar,P,5<=P<10,5.0,10.0,4,v10,RF/raw,v10 RF raw,3.992561278446644,1.7731880614379563,5.917167925420679,3.4363013117813788,1.7725123153933446,5.5187223403673915,4
twopx,twopx,P_kbar,P,5<=P<10,5.0,10.0,4,v10,RF/alr,v10 RF alr,4.225646928878799,2.0205227496057643,6.3474708533704405,3.6456123021934363,2.020032787108823,5.940024578431177,4
twopx,twopx,P_kbar,P,5<=P<10,5.0,10.0,4,v10,RF/pwlr,v10 RF pwlr,5.548513222388981,2.199106907316851,8.616101869712823,4.607665376016504,1.9749114595600026,8.203268800100776,4
twopx,twopx,P_kbar,P,5<=P<10,5.0,10.0,4,v10,RF/twopx_components,v10 RF twopx_components,4.070557582632515,1.8241375158002495,6.208965059636286,3.4478235944842384,1.809897167957711,5.813602203885469,4
twopx,twopx,T_C,P,5<=P<10,5.0,10.0,4,v10,ERT/raw,v10 ERT raw,71.04232485186755,20.674681071898252,96.56117516529886,60.07528506944465,16.447600000000364,96.4706608796298,4
twopx,twopx,T_C,P,5<=P<10,5.0,10.0,4,v10,ERT/alr,v10 ERT alr,74.49534653251067,26.289317358647843,99.94888394107325,65.12718173185976,23.417925581066015,99.93887868480783,4
twopx,twopx,T_C,P,5<=P<10,5.0,10.0,4,v10,ERT/pwlr,v10 ERT pwlr,71.85527742723666,31.837963504472555,95.31236109003726,64.80869017857174,31.321709523809716,94.99888287037072,4
twopx,twopx,T_C,P,5<=P<10,5.0,10.0,4,v10,ERT/twopx_components,v10 ERT twopx_components,74.24371183948494,27.036982289866938,99.30118170418332,65.19131944444433,24.217083333332937,99.22458333333338,4
twopx,twopx,P_kbar,P,5<=P<10,5.0,10.0,4,v10,ERT/raw,v10 ERT raw,3.2585794284563443,1.6052521301656821,4.729934649873092,2.8388843942315125,1.5027699844367484,4.508715416796893,4
twopx,twopx,P_kbar,P,5<=P<10,5.0,10.0,4,v10,ERT/alr,v10 ERT alr,3.75502523310981,1.62324141994445,5.605696824353433,3.1695306420099936,1.5251421999878043,5.290545439647433,4
twopx,twopx,P_kbar,P,5<=P<10,5.0,10.0,4,v10,ERT/pwlr,v10 ERT pwlr,3.6616916319950756,1.4663911821487965,5.532332449241566,3.0764185058416422,1.4662404897911543,5.119476752468092,4
twopx,twopx,P_kbar,P,5<=P<10,5.0,10.0,4,v10,ERT/twopx_components,v10 ERT twopx_components,4.15103000894221,2.0597620088504356,6.445101498861308,3.505852233818552,2.05591484846246,6.0465271675328465,4
twopx,twopx,T_C,P,5<=P<10,5.0,10.0,4,v10,XGB/raw,v10 XGB raw,98.41177476074306,32.15238694790684,131.87668708884829,83.839111328125,22.6326904296875,131.8604736328125,4
twopx,twopx,T_C,P,5<=P<10,5.0,10.0,4,v10,XGB/alr,v10 XGB alr,106.83016855744218,27.133857784832923,146.94750867045474,88.43344116210938,23.422637939453125,145.535888671875,4
twopx,twopx,T_C,P,5<=P<10,5.0,10.0,4,v10,XGB/pwlr,v10 XGB pwlr,91.09124065950371,47.76407297586429,117.83251334807737,84.24424743652344,46.753387451171875,116.09219360351562,4
twopx,twopx,T_C,P,5<=P<10,5.0,10.0,4,v10,XGB/twopx_components,v10 XGB twopx_components,84.76007503704821,35.33007308036882,112.53877683946375,76.06803894042969,33.900848388671875,112.49221801757812,4
twopx,twopx,P_kbar,P,5<=P<10,5.0,10.0,4,v10,XGB/raw,v10 XGB raw,3.33482049844044,0.9500897537682197,4.6194572163211705,2.690924522130326,0.7782777666359282,4.603571277624724,4
twopx,twopx,P_kbar,P,5<=P<10,5.0,10.0,4,v10,XGB/alr,v10 XGB alr,3.789975459264622,1.551103819765532,5.341992304935818,3.106003388680738,1.1380182326869464,5.075009914884504,4
twopx,twopx,P_kbar,P,5<=P<10,5.0,10.0,4,v10,XGB/pwlr,v10 XGB pwlr,5.753200924984104,3.0259968695452883,8.406674741982748,5.064545199193281,2.8425815105438232,8.027589466854016,4
twopx,twopx,P_kbar,P,5<=P<10,5.0,10.0,4,v10,XGB/twopx_components,v10 XGB twopx_components,4.308163057435517,1.4479160274086067,7.025029342282565,3.2943627684491097,1.3479458689689636,6.489190962596814,4
twopx,twopx,T_C,P,5<=P<10,5.0,10.0,4,v10,GB/raw,v10 GB raw,96.55349461309547,19.070510390297866,133.93654045732694,77.403581131055,12.778530380988059,133.8556371658289,4
twopx,twopx,T_C,P,5<=P<10,5.0,10.0,4,v10,GB/alr,v10 GB alr,103.3513372780058,35.12836532513572,140.93168300575095,89.35212513117872,34.59928030656374,140.5982215718903,4
twopx,twopx,T_C,P,5<=P<10,5.0,10.0,4,v10,GB/pwlr,v10 GB pwlr,84.29745091814013,35.764800270998705,109.36498720779923,75.1227285958428,29.331417944948214,109.09895200255113,4
twopx,twopx,T_C,P,5<=P<10,5.0,10.0,4,v10,GB/twopx_components,v10 GB twopx_components,107.2906144937704,39.794626642765635,143.03687889221356,91.98043867685061,27.690263153027217,139.86270975061066,4
twopx,twopx,P_kbar,P,5<=P<10,5.0,10.0,4,v10,GB/raw,v10 GB raw,4.191089498254919,1.8574842141186867,6.211053921797319,3.3687227270391937,0.9438541675273506,5.93225562320721,4
twopx,twopx,P_kbar,P,5<=P<10,5.0,10.0,4,v10,GB/alr,v10 GB alr,4.092750484059275,1.28845293639839,6.611585403727097,3.080462606087785,0.9134981398279196,6.139435983778396,4
twopx,twopx,P_kbar,P,5<=P<10,5.0,10.0,4,v10,GB/pwlr,v10 GB pwlr,5.13762646755045,1.7848508377030543,8.415962527994832,3.913566613464762,1.734034000395295,7.7449731128878945,4
twopx,twopx,P_kbar,P,5<=P<10,5.0,10.0,4,v10,GB/twopx_components,v10 GB twopx_components,4.003942929567244,0.45739954133543653,6.624322613412665,2.7183089796003284,0.45699158799016315,5.855510625038795,4
twopx,twopx,T_C,P,5<=P<10,5.0,10.0,4,v10,CatBoost/raw,v10 CatBoost raw,92.2143789834997,46.50690459790251,120.36696499569632,85.00724531356224,46.091156037767405,120.34108620877339,4
twopx,twopx,T_C,P,5<=P<10,5.0,10.0,4,v10,CatBoost/alr,v10 CatBoost alr,86.9888200726513,43.738974647620836,112.16683539495658,80.47738451823199,42.24010133391067,112.16048983582391,4
twopx,twopx,T_C,P,5<=P<10,5.0,10.0,4,v10,CatBoost/pwlr,v10 CatBoost pwlr,85.050564069743,47.24963529281001,110.61043740018101,78.729902304875,47.18911682928501,110.27068778046498,4
twopx,twopx,T_C,P,5<=P<10,5.0,10.0,4,v10,CatBoost/twopx_components,v10 CatBoost twopx_components,72.00385749383447,27.687636789990556,95.43291250811303,61.56037752531631,17.327169463758082,93.32530009409129,4
twopx,twopx,P_kbar,P,5<=P<10,5.0,10.0,4,v10,CatBoost/raw,v10 CatBoost raw,3.891541299467904,1.9082085176309198,5.402932102284388,3.4765339147599605,1.9064508747313438,5.096266047522508,4
twopx,twopx,P_kbar,P,5<=P<10,5.0,10.0,4,v10,CatBoost/alr,v10 CatBoost alr,4.375134634521482,1.8395052591625591,6.685427426445939,3.64162312570875,1.5212947790770244,6.3580126931234435,4
twopx,twopx,P_kbar,P,5<=P<10,5.0,10.0,4,v10,CatBoost/pwlr,v10 CatBoost pwlr,3.7266618093370356,1.6667091705526942,5.772405216235064,3.121180882390621,1.6627825532044547,5.383748288059908,4
twopx,twopx,P_kbar,P,5<=P<10,5.0,10.0,4,v10,CatBoost/twopx_components,v10 CatBoost twopx_components,3.6483422133698657,1.3965383705224,5.84759765452839,2.926487369563002,1.3596481302437096,5.474022864277794,4
twopx,twopx,T_C,P,5<=P<10,5.0,10.0,4,v10,LightGBM/raw,v10 LightGBM raw,90.36336467970449,25.67636904838596,123.45357030670358,76.48801009705724,22.377492300788447,123.32932881233904,4
twopx,twopx,T_C,P,5<=P<10,5.0,10.0,4,v10,LightGBM/alr,v10 LightGBM alr,93.54722289450237,35.602378738556276,124.275840647581,82.6685993723369,31.465655296407192,124.25485814595157,4
twopx,twopx,T_C,P,5<=P<10,5.0,10.0,4,v10,LightGBM/pwlr,v10 LightGBM pwlr,84.35688278064728,30.442155090825757,114.86359272359992,72.77567601682813,25.136532171205943,111.07592198456331,4
twopx,twopx,T_C,P,5<=P<10,5.0,10.0,4,v10,LightGBM/twopx_components,v10 LightGBM twopx_components,84.14950386538537,38.34296476169375,110.41736982806967,76.61334872598735,36.98515283016303,110.4025545023369,4
twopx,twopx,P_kbar,P,5<=P<10,5.0,10.0,4,v10,LightGBM/raw,v10 LightGBM raw,4.152492502932491,1.547127495185387,6.365309601266457,3.4430928764016246,1.2885853151085762,6.073198427170915,4
twopx,twopx,P_kbar,P,5<=P<10,5.0,10.0,4,v10,LightGBM/alr,v10 LightGBM alr,4.990478366619708,1.8475345409590624,7.58871230375573,4.1340274571433895,1.8459427752926634,6.999728864887402,4
twopx,twopx,P_kbar,P,5<=P<10,5.0,10.0,4,v10,LightGBM/pwlr,v10 LightGBM pwlr,4.2079746709691195,1.3659415498733702,6.991396645666325,3.09064583272775,1.3659367831401759,6.3680012614863495,4
twopx,twopx,P_kbar,P,5<=P<10,5.0,10.0,4,v10,LightGBM/twopx_components,v10 LightGBM twopx_components,4.4274138008235555,0.4763746858219013,7.317035143971828,3.017067733660795,0.3806870384458718,6.5445322689472345,4
twopx,twopx,T_C,P,5<=P<10,5.0,10.0,4,v10,ElasticNet/raw,v10 ElasticNet raw,58.24140189510582,18.17291603109071,78.71782808455372,49.53491131870575,14.703403362878873,78.20025335013639,4
twopx,twopx,T_C,P,5<=P<10,5.0,10.0,4,v10,ElasticNet/alr,v10 ElasticNet alr,53.81007676326533,27.72425191346652,65.22190875271036,46.545552455686106,14.117816521319355,65.19744720785138,4
twopx,twopx,T_C,P,5<=P<10,5.0,10.0,4,v10,ElasticNet/pwlr,v10 ElasticNet pwlr,66.71235970851387,38.60669700835358,81.7872881640693,59.80872521681664,26.159069835709317,81.43618224006343,4
twopx,twopx,T_C,P,5<=P<10,5.0,10.0,4,v10,ElasticNet/twopx_components,v10 ElasticNet twopx_components,58.55295862244674,14.35490141264884,81.55265006311599,47.19528718459674,12.837980282872877,81.5525940863206,4
twopx,twopx,P_kbar,P,5<=P<10,5.0,10.0,4,v10,ElasticNet/raw,v10 ElasticNet raw,2.8597563345684986,1.4670577127043367,3.9004526092233136,2.45734000870911,1.0364456161587285,3.7709246708139816,4
twopx,twopx,P_kbar,P,5<=P<10,5.0,10.0,4,v10,ElasticNet/alr,v10 ElasticNet alr,3.0376077765759484,1.5942537444308738,4.218572719534328,2.606363177992594,1.0658351881031085,4.080473230119978,4
twopx,twopx,P_kbar,P,5<=P<10,5.0,10.0,4,v10,ElasticNet/pwlr,v10 ElasticNet pwlr,3.2489108406459577,1.735228900668757,4.254388788441595,2.8055965280290045,1.2656074457534485,4.2543530386870065,4
twopx,twopx,P_kbar,P,5<=P<10,5.0,10.0,4,v10,ElasticNet/twopx_components,v10 ElasticNet twopx_components,3.3349668310152607,1.4462230184666616,4.4891476372248125,2.8612144428659927,1.233281248507173,4.4891476372248125,4
twopx,twopx,T_C,P,5<=P<10,5.0,10.0,4,v10,MLP/raw,v10 MLP raw,129.0318764674851,28.461181300685286,214.64044378533362,91.91576013759322,28.371918580193096,193.4263043655688,4
twopx,twopx,T_C,P,5<=P<10,5.0,10.0,4,v10,MLP/alr,v10 MLP alr,84.72499587150051,3.815070909827411,144.2010847330798,51.428922036487506,2.6132326049407197,126.69726009169744,4
twopx,twopx,T_C,P,5<=P<10,5.0,10.0,4,v10,MLP/pwlr,v10 MLP pwlr,351.1223934710374,97.34759909404865,483.08705898061396,295.899686246524,92.8077253290885,482.0281454753725,4
twopx,twopx,T_C,P,5<=P<10,5.0,10.0,4,v10,MLP/twopx_components,v10 MLP twopx_components,273.2002281400118,240.4017615764487,297.0369933032223,271.41423840162895,238.6164701633803,296.93794782405547,4
twopx,twopx,P_kbar,P,5<=P<10,5.0,10.0,4,v10,MLP/raw,v10 MLP raw,3.9708873409098158,1.312718053559284,6.392423223638931,3.0478818354780404,1.0417535439203969,5.946759239091213,4
twopx,twopx,P_kbar,P,5<=P<10,5.0,10.0,4,v10,MLP/alr,v10 MLP alr,4.8666454793325915,0.7414459362305241,8.361396815622856,2.9775742337467115,0.7411564180145069,7.423493733079892,4
twopx,twopx,P_kbar,P,5<=P<10,5.0,10.0,4,v10,MLP/pwlr,v10 MLP pwlr,6.6400846329517655,1.3462182719908165,11.11485708902133,4.521268044778864,0.7300825200554961,10.203833599196438,4
twopx,twopx,P_kbar,P,5<=P<10,5.0,10.0,4,v10,MLP/twopx_components,v10 MLP twopx_components,5.209195755798502,1.2370757389537195,7.424133578729202,4.217444986497055,1.2212015219147978,7.099636961565626,4
twopx,twopx,T_C,P,10<=P<20,10.0,20.0,33,v10,RF/twopx_components,v10 RF twopx_components,93.45604020436447,63.039460447036525,118.71522241103112,67.37679559336506,46.51212181793692,89.84793803465497,33
twopx,twopx,T_C,P,10<=P<20,10.0,20.0,33,v10,RF/raw,v10 RF raw,88.47130359644248,59.61087535037857,113.885270768857,61.73022916726142,41.70360162613828,83.2269718101804,33
twopx,twopx,T_C,P,10<=P<20,10.0,20.0,33,v10,RF/alr,v10 RF alr,90.77144069312524,63.75774594221116,115.93415259859795,67.08445777216629,47.45814387801644,89.02602578037333,33
twopx,twopx,T_C,P,10<=P<20,10.0,20.0,33,v10,RF/pwlr,v10 RF pwlr,86.31613993226854,62.028073336710044,108.52526689475471,64.7051845542261,46.57042948622025,84.17994121377619,33
twopx,twopx,P_kbar,P,10<=P<20,10.0,20.0,33,v10,RF/raw,v10 RF raw,3.349448388663334,2.290793985853692,4.148035806401383,2.454210718259592,1.6120749338839142,3.235425565252048,33
twopx,twopx,P_kbar,P,10<=P<20,10.0,20.0,33,v10,RF/alr,v10 RF alr,3.2531504207924087,2.1774234138115984,4.069806868563814,2.317386346968679,1.502985792914754,3.1044011233599016,33
twopx,twopx,P_kbar,P,10<=P<20,10.0,20.0,33,v10,RF/pwlr,v10 RF pwlr,3.257119094283548,2.2818267724505277,4.019499642870588,2.4344485607891997,1.6104701852670875,3.1777829860755973,33
twopx,twopx,P_kbar,P,10<=P<20,10.0,20.0,33,v10,RF/twopx_components,v10 RF twopx_components,3.7730784210268946,2.865952278126417,4.538480127872481,3.0159896370242767,2.243304581791852,3.7867162322781494,33
twopx,twopx,T_C,P,10<=P<20,10.0,20.0,33,v10,ERT/raw,v10 ERT raw,90.67574401755752,61.17501098415045,115.73878493897907,67.03659425204354,48.364750676456346,87.74919420073675,33
twopx,twopx,T_C,P,10<=P<20,10.0,20.0,33,v10,ERT/alr,v10 ERT alr,93.55205362837071,63.35453578445474,119.7851136143192,69.32410711766144,49.85963989191759,91.31774800965954,33
twopx,twopx,T_C,P,10<=P<20,10.0,20.0,33,v10,ERT/pwlr,v10 ERT pwlr,90.96946738545591,63.08565457155031,115.93172335382697,68.74151610950761,50.80547201408912,89.84733711740418,33
twopx,twopx,T_C,P,10<=P<20,10.0,20.0,33,v10,ERT/twopx_components,v10 ERT twopx_components,104.49149159254924,80.33941042072502,128.75177269553058,83.56537485970814,63.15014855499437,107.66545697250272,33
twopx,twopx,P_kbar,P,10<=P<20,10.0,20.0,33,v10,ERT/raw,v10 ERT raw,3.4550799329513397,2.495741619798246,4.285327074641557,2.549555456638003,1.7704668808749875,3.3725966901448197,33
twopx,twopx,P_kbar,P,10<=P<20,10.0,20.0,33,v10,ERT/alr,v10 ERT alr,3.263972505784619,2.266272014603156,4.070676847965059,2.456487900582885,1.7033189282153525,3.2256294440510933,33
twopx,twopx,P_kbar,P,10<=P<20,10.0,20.0,33,v10,ERT/pwlr,v10 ERT pwlr,3.0375189888860255,2.1565735594831286,3.743928462841824,2.279193938853306,1.589306442586466,2.936026194922892,33
twopx,twopx,P_kbar,P,10<=P<20,10.0,20.0,33,v10,ERT/twopx_components,v10 ERT twopx_components,3.9654623822155797,3.054563843463443,4.750372107770414,3.2607636625830385,2.5158551767872503,4.048565087805457,33
twopx,twopx,T_C,P,10<=P<20,10.0,20.0,33,v10,XGB/raw,v10 XGB raw,102.51070290418883,66.66845401814307,131.90836843157672,74.61438714400954,51.984101379600034,99.37485087659088,33
twopx,twopx,T_C,P,10<=P<20,10.0,20.0,33,v10,XGB/alr,v10 XGB alr,103.00181513729538,69.04325385829416,131.1116296436284,75.13090547675101,53.60497855754814,99.0636822496065,33
twopx,twopx,T_C,P,10<=P<20,10.0,20.0,33,v10,XGB/pwlr,v10 XGB pwlr,91.26202847869145,59.25577435556059,118.52226950315732,61.494658362049314,40.75342154112194,85.48600538020447,33
twopx,twopx,T_C,P,10<=P<20,10.0,20.0,33,v10,XGB/twopx_components,v10 XGB twopx_components,97.68011061311773,63.74724999703059,125.97172050589911,69.34967952090348,47.76147246869191,93.01740944431018,33
twopx,twopx,P_kbar,P,10<=P<20,10.0,20.0,33,v10,XGB/raw,v10 XGB raw,3.0053284274864622,2.1093372927317384,3.7517066312093017,2.205932907088336,1.4901049701356244,2.8992502171113936,33
twopx,twopx,P_kbar,P,10<=P<20,10.0,20.0,33,v10,XGB/alr,v10 XGB alr,3.1532837171091344,2.140805444050096,3.9389470057098643,2.366665891631173,1.6393232075217368,3.085024685475191,33
twopx,twopx,P_kbar,P,10<=P<20,10.0,20.0,33,v10,XGB/pwlr,v10 XGB pwlr,3.0437202901567053,2.173698850041018,3.695431062313089,2.31618344513405,1.5877792583419548,2.9628954300441817,33
twopx,twopx,P_kbar,P,10<=P<20,10.0,20.0,33,v10,XGB/twopx_components,v10 XGB twopx_components,4.0624360469994985,3.0496368964252243,4.881490362861871,3.163719250402757,2.3006703722577635,4.107563406145662,33
twopx,twopx,T_C,P,10<=P<20,10.0,20.0,33,v10,GB/raw,v10 GB raw,107.99695820718804,72.85049468384717,139.5311964895581,77.93442407967238,54.2912273663302,104.74831878203081,33
twopx,twopx,T_C,P,10<=P<20,10.0,20.0,33,v10,GB/alr,v10 GB alr,106.59808512962383,73.54908446571899,133.38460138779644,78.55774377644484,56.831769064919634,103.32654178342271,33
twopx,twopx,T_C,P,10<=P<20,10.0,20.0,33,v10,GB/pwlr,v10 GB pwlr,89.64113600438739,63.165851697948135,114.03676778247548,66.43675402601292,46.3666127895715,87.314160907658,33
twopx,twopx,T_C,P,10<=P<20,10.0,20.0,33,v10,GB/twopx_components,v10 GB twopx_components,95.56650590400177,64.1278731216866,119.87901358447212,73.15491108957339,53.6025921819511,93.88482707089116,33
twopx,twopx,P_kbar,P,10<=P<20,10.0,20.0,33,v10,GB/raw,v10 GB raw,3.1549534670898103,2.415831184388164,3.828653588197823,2.5208880837576544,1.8090296243375272,3.1811680343790485,33
twopx,twopx,P_kbar,P,10<=P<20,10.0,20.0,33,v10,GB/alr,v10 GB alr,3.112451759274407,2.2719866030994975,3.8027041754654727,2.401969206226023,1.750810113646572,3.129777503671499,33
twopx,twopx,P_kbar,P,10<=P<20,10.0,20.0,33,v10,GB/pwlr,v10 GB pwlr,3.0453954523497835,2.162611211276148,3.7120356204130376,2.3853955254238564,1.709273641379523,2.995861921970406,33
twopx,twopx,P_kbar,P,10<=P<20,10.0,20.0,33,v10,GB/twopx_components,v10 GB twopx_components,3.9080277999289272,2.992147100196669,4.693110064900105,2.945955435816074,2.1067064541586378,3.8088763537557866,33
twopx,twopx,T_C,P,10<=P<20,10.0,20.0,33,v10,CatBoost/raw,v10 CatBoost raw,90.74533044192042,59.37781036938414,118.0387225755339,63.52174716575171,43.12461866958698,86.06837671888313,33
twopx,twopx,T_C,P,10<=P<20,10.0,20.0,33,v10,CatBoost/alr,v10 CatBoost alr,84.20637399551647,55.79968989735204,107.85918595490458,58.7785742177019,39.57193789346752,79.20147881240496,33
twopx,twopx,T_C,P,10<=P<20,10.0,20.0,33,v10,CatBoost/pwlr,v10 CatBoost pwlr,81.47636894870209,56.15046095218335,102.39742122214784,60.116436175775384,43.10704454142864,79.7829714216404,33
twopx,twopx,T_C,P,10<=P<20,10.0,20.0,33,v10,CatBoost/twopx_components,v10 CatBoost twopx_components,98.22642251168672,72.30874534417578,123.54000145139734,74.33142791920322,53.72041573413648,97.81211079834374,33
twopx,twopx,P_kbar,P,10<=P<20,10.0,20.0,33,v10,CatBoost/raw,v10 CatBoost raw,3.2184339620572047,2.379339761685629,3.964152360984058,2.4759391570936384,1.789777827430648,3.1858808001303798,33
twopx,twopx,P_kbar,P,10<=P<20,10.0,20.0,33,v10,CatBoost/alr,v10 CatBoost alr,3.3694369215535964,2.2838962656018045,4.261956693244456,2.5442695730187554,1.8097090334469188,3.3354114443378315,33
twopx,twopx,P_kbar,P,10<=P<20,10.0,20.0,33,v10,CatBoost/pwlr,v10 CatBoost pwlr,2.695474345666043,1.9412335977146389,3.3237894424887298,2.068295563892705,1.4503134346766462,2.6481718665487843,33
twopx,twopx,P_kbar,P,10<=P<20,10.0,20.0,33,v10,CatBoost/twopx_components,v10 CatBoost twopx_components,4.179663881061385,3.135023793541633,5.110082592045398,3.270453254220774,2.3850335907085944,4.235826654332335,33
twopx,twopx,T_C,P,10<=P<20,10.0,20.0,33,v10,LightGBM/raw,v10 LightGBM raw,106.06894618709575,70.82615454348091,136.27341565191068,73.2717076883757,49.43134705509462,99.50056144975763,33
twopx,twopx,T_C,P,10<=P<20,10.0,20.0,33,v10,LightGBM/alr,v10 LightGBM alr,104.42726483857221,71.4493411265603,134.90171435360324,76.18538114362215,53.488568378116746,101.86178254406589,33
twopx,twopx,T_C,P,10<=P<20,10.0,20.0,33,v10,LightGBM/pwlr,v10 LightGBM pwlr,98.82993124857899,66.01240737092213,128.13415985024017,68.89076163232134,47.5812699272817,93.27195881548573,33
twopx,twopx,T_C,P,10<=P<20,10.0,20.0,33,v10,LightGBM/twopx_components,v10 LightGBM twopx_components,101.14939075566404,70.10191154854259,128.3126512436895,75.82118773284023,55.171802889428974,98.31188827943781,33
twopx,twopx,P_kbar,P,10<=P<20,10.0,20.0,33,v10,LightGBM/raw,v10 LightGBM raw,3.366452890643016,2.473449949907818,4.118826248449918,2.574258678312366,1.813848333542436,3.2881991284666516,33
twopx,twopx,P_kbar,P,10<=P<20,10.0,20.0,33,v10,LightGBM/alr,v10 LightGBM alr,3.132799308101377,2.316049415210319,3.8376849323268165,2.493584068277775,1.8553478303354072,3.1648057881312877,33
twopx,twopx,P_kbar,P,10<=P<20,10.0,20.0,33,v10,LightGBM/pwlr,v10 LightGBM pwlr,3.0949026150734005,2.299781890585681,3.726771634384666,2.4583712218745575,1.7878741803036724,3.073630341605163,33
twopx,twopx,P_kbar,P,10<=P<20,10.0,20.0,33,v10,LightGBM/twopx_components,v10 LightGBM twopx_components,4.3272991982765605,3.365830179384973,5.208438861934566,3.3871985535631155,2.511996297889244,4.328267379600038,33
twopx,twopx,T_C,P,10<=P<20,10.0,20.0,33,v10,ElasticNet/raw,v10 ElasticNet raw,81.48472785627267,63.61939180089775,99.49921224686571,67.35671728475391,53.43373886414997,83.22320255562627,33
twopx,twopx,T_C,P,10<=P<20,10.0,20.0,33,v10,ElasticNet/alr,v10 ElasticNet alr,80.39675159908465,60.159838973902865,99.93938876835195,64.29930538974997,48.247793043437035,81.06930597736104,33
twopx,twopx,T_C,P,10<=P<20,10.0,20.0,33,v10,ElasticNet/pwlr,v10 ElasticNet pwlr,86.05027060447736,66.923136979158,104.76740111733362,70.75341457621978,54.989447877397616,87.95158070472165,33
twopx,twopx,T_C,P,10<=P<20,10.0,20.0,33,v10,ElasticNet/twopx_components,v10 ElasticNet twopx_components,99.64350622831886,76.21411131253011,120.51134577526804,77.28837092584244,57.496472039347445,100.46184801822852,33
twopx,twopx,P_kbar,P,10<=P<20,10.0,20.0,33,v10,ElasticNet/raw,v10 ElasticNet raw,2.6518911454187966,2.2904766827522764,2.9763609444569075,2.4618271681444654,2.1176644945062666,2.8076423011910676,33
twopx,twopx,P_kbar,P,10<=P<20,10.0,20.0,33,v10,ElasticNet/alr,v10 ElasticNet alr,2.595242683106091,2.2494134807449626,2.93936643602986,2.4197858471605316,2.090535352911772,2.762270459792524,33
twopx,twopx,P_kbar,P,10<=P<20,10.0,20.0,33,v10,ElasticNet/pwlr,v10 ElasticNet pwlr,3.1429190450337416,2.625299220161425,3.6892414084575615,2.682951305893902,2.150920857153934,3.2335505284627244,33
twopx,twopx,P_kbar,P,10<=P<20,10.0,20.0,33,v10,ElasticNet/twopx_components,v10 ElasticNet twopx_components,3.300623563026957,2.7402471671571127,3.851485023743665,2.807336185282428,2.247703537026748,3.371374424960131,33
twopx,twopx,T_C,P,10<=P<20,10.0,20.0,33,v10,MLP/raw,v10 MLP raw,295.8097129301059,241.16860101260747,348.96428092682527,257.55507707043955,205.1892572681036,310.2827859451601,32
twopx,twopx,T_C,P,10<=P<20,10.0,20.0,33,v10,MLP/alr,v10 MLP alr,240.84860454125734,194.87354959175715,283.1689978429328,207.74124316474956,163.97550459558138,250.88809822414035,31
twopx,twopx,T_C,P,10<=P<20,10.0,20.0,33,v10,MLP/pwlr,v10 MLP pwlr,347.6880832713368,283.88212431103744,403.3817671587105,316.31536488610413,259.81621822790385,370.2419357699241,27
twopx,twopx,T_C,P,10<=P<20,10.0,20.0,33,v10,MLP/twopx_components,v10 MLP twopx_components,345.8874672011568,288.7701029540953,401.4620652667853,304.37709196964863,245.37159049170825,363.00210136566,29
twopx,twopx,P_kbar,P,10<=P<20,10.0,20.0,33,v10,MLP/raw,v10 MLP raw,4.522943231068493,3.7104177014744284,5.224397453103218,3.7689752560422365,2.968987043480454,4.6245130818728155,33
twopx,twopx,P_kbar,P,10<=P<20,10.0,20.0,33,v10,MLP/alr,v10 MLP alr,5.535420506707389,4.38235832070866,6.615161195250491,4.527015134310054,3.4229951590923053,5.570055084971625,33
twopx,twopx,P_kbar,P,10<=P<20,10.0,20.0,33,v10,MLP/pwlr,v10 MLP pwlr,6.634455343532094,5.15263668266041,7.961079020497185,5.6632499213133505,4.527656744617252,6.790421252024453,33
twopx,twopx,P_kbar,P,10<=P<20,10.0,20.0,33,v10,MLP/twopx_components,v10 MLP twopx_components,4.22927335187694,2.8864203820199026,5.542270700562004,2.8718661631178115,1.9051578488555079,3.9695675554731094,33
twopx,twopx,T_C,P,20<=P<40,20.0,40.0,2,v10,RF/twopx_components,v10 RF twopx_components,104.77342774474495,,,104.76640978112391,,,2
twopx,twopx,T_C,P,20<=P<40,20.0,40.0,2,v10,RF/raw,v10 RF raw,94.81070666762277,,,94.79563789682504,,,2
twopx,twopx,T_C,P,20<=P<40,20.0,40.0,2,v10,RF/alr,v10 RF alr,95.2055341150601,,,95.19692708333321,,,2
twopx,twopx,T_C,P,20<=P<40,20.0,40.0,2,v10,RF/pwlr,v10 RF pwlr,114.04450446617246,,,114.03350658670934,,,2
twopx,twopx,P_kbar,P,20<=P<40,20.0,40.0,2,v10,RF/raw,v10 RF raw,12.107968262152951,,,11.882898396473415,,,2
twopx,twopx,P_kbar,P,20<=P<40,20.0,40.0,2,v10,RF/alr,v10 RF alr,12.05437707009393,,,11.851899344358449,,,2
twopx,twopx,P_kbar,P,20<=P<40,20.0,40.0,2,v10,RF/pwlr,v10 RF pwlr,11.387286817833154,,,11.268790994504638,,,2
twopx,twopx,P_kbar,P,20<=P<40,20.0,40.0,2,v10,RF/twopx_components,v10 RF twopx_components,13.770742495967697,,,13.323480441678079,,,2
twopx,twopx,T_C,P,20<=P<40,20.0,40.0,2,v10,ERT/raw,v10 ERT raw,102.06299919447088,,,102.06171064814475,,,2
twopx,twopx,T_C,P,20<=P<40,20.0,40.0,2,v10,ERT/alr,v10 ERT alr,105.38950376676988,,,105.388333333329,,,2
twopx,twopx,T_C,P,20<=P<40,20.0,40.0,2,v10,ERT/pwlr,v10 ERT pwlr,107.34786262412541,,,107.33192506613648,,,2
twopx,twopx,T_C,P,20<=P<40,20.0,40.0,2,v10,ERT/twopx_components,v10 ERT twopx_components,104.8841692486964,,,104.68791666666664,,,2
twopx,twopx,P_kbar,P,20<=P<40,20.0,40.0,2,v10,ERT/raw,v10 ERT raw,11.69296801653821,,,11.459910558267556,,,2
twopx,twopx,P_kbar,P,20<=P<40,20.0,40.0,2,v10,ERT/alr,v10 ERT alr,13.342700376297593,,,13.166052625458509,,,2
twopx,twopx,P_kbar,P,20<=P<40,20.0,40.0,2,v10,ERT/pwlr,v10 ERT pwlr,11.450120730359119,,,11.247154316745895,,,2
twopx,twopx,P_kbar,P,20<=P<40,20.0,40.0,2,v10,ERT/twopx_components,v10 ERT twopx_components,13.925572914846423,,,13.682711505577155,,,2
twopx,twopx,T_C,P,20<=P<40,20.0,40.0,2,v10,XGB/raw,v10 XGB raw,97.07289803275667,,,96.6007080078125,,,2
twopx,twopx,T_C,P,20<=P<40,20.0,40.0,2,v10,XGB/alr,v10 XGB alr,137.1449414309875,,,135.9617919921875,,,2
twopx,twopx,T_C,P,20<=P<40,20.0,40.0,2,v10,XGB/pwlr,v10 XGB pwlr,115.96153795879316,,,115.769775390625,,,2
twopx,twopx,T_C,P,20<=P<40,20.0,40.0,2,v10,XGB/twopx_components,v10 XGB twopx_components,96.95155665464746,,,96.95123291015625,,,2
twopx,twopx,P_kbar,P,20<=P<40,20.0,40.0,2,v10,XGB/raw,v10 XGB raw,12.50525449523019,,,12.281355381011963,,,2
twopx,twopx,P_kbar,P,20<=P<40,20.0,40.0,2,v10,XGB/alr,v10 XGB alr,11.64692277710988,,,11.438653945922852,,,2
twopx,twopx,P_kbar,P,20<=P<40,20.0,40.0,2,v10,XGB/pwlr,v10 XGB pwlr,11.456885066139002,,,11.29616928100586,,,2
twopx,twopx,P_kbar,P,20<=P<40,20.0,40.0,2,v10,XGB/twopx_components,v10 XGB twopx_components,15.055777835485754,,,14.490608215332031,,,2
twopx,twopx,T_C,P,20<=P<40,20.0,40.0,2,v10,GB/raw,v10 GB raw,115.94263352017933,,,115.51254112202582,,,2
twopx,twopx,T_C,P,20<=P<40,20.0,40.0,2,v10,GB/alr,v10 GB alr,162.60871201214687,,,162.60834007548362,,,2
twopx,twopx,T_C,P,20<=P<40,20.0,40.0,2,v10,GB/pwlr,v10 GB pwlr,110.76731945769103,,,110.24892299662861,,,2
twopx,twopx,T_C,P,20<=P<40,20.0,40.0,2,v10,GB/twopx_components,v10 GB twopx_components,104.68203508867342,,,104.68197208633967,,,2
twopx,twopx,P_kbar,P,20<=P<40,20.0,40.0,2,v10,GB/raw,v10 GB raw,11.439435004229,,,11.073810569509671,,,2
twopx,twopx,P_kbar,P,20<=P<40,20.0,40.0,2,v10,GB/alr,v10 GB alr,13.027807612323896,,,12.785686183530569,,,2
twopx,twopx,P_kbar,P,20<=P<40,20.0,40.0,2,v10,GB/pwlr,v10 GB pwlr,10.988695583951069,,,10.682880983601468,,,2
twopx,twopx,P_kbar,P,20<=P<40,20.0,40.0,2,v10,GB/twopx_components,v10 GB twopx_components,13.350686253450435,,,13.159407021510276,,,2
twopx,twopx,T_C,P,20<=P<40,20.0,40.0,2,v10,CatBoost/raw,v10 CatBoost raw,109.13313855699343,,,108.06592430334547,,,2
twopx,twopx,T_C,P,20<=P<40,20.0,40.0,2,v10,CatBoost/alr,v10 CatBoost alr,108.17661250695991,,,108.16108752628236,,,2
twopx,twopx,T_C,P,20<=P<40,20.0,40.0,2,v10,CatBoost/pwlr,v10 CatBoost pwlr,128.99945327932508,,,128.45336608994216,,,2
twopx,twopx,T_C,P,20<=P<40,20.0,40.0,2,v10,CatBoost/twopx_components,v10 CatBoost twopx_components,109.8862270438078,,,109.43870015616176,,,2
twopx,twopx,P_kbar,P,20<=P<40,20.0,40.0,2,v10,CatBoost/raw,v10 CatBoost raw,13.798338610579526,,,13.578003348017875,,,2
twopx,twopx,P_kbar,P,20<=P<40,20.0,40.0,2,v10,CatBoost/alr,v10 CatBoost alr,14.324275248671885,,,14.10331759065061,,,2
twopx,twopx,P_kbar,P,20<=P<40,20.0,40.0,2,v10,CatBoost/pwlr,v10 CatBoost pwlr,14.147572967711916,,,13.841929584292927,,,2
twopx,twopx,P_kbar,P,20<=P<40,20.0,40.0,2,v10,CatBoost/twopx_components,v10 CatBoost twopx_components,14.386945696901725,,,13.947729572715266,,,2
twopx,twopx,T_C,P,20<=P<40,20.0,40.0,2,v10,LightGBM/raw,v10 LightGBM raw,122.77112283846306,,,122.3488420347229,,,2
twopx,twopx,T_C,P,20<=P<40,20.0,40.0,2,v10,LightGBM/alr,v10 LightGBM alr,169.0365420181204,,,169.03514955457968,,,2
twopx,twopx,T_C,P,20<=P<40,20.0,40.0,2,v10,LightGBM/pwlr,v10 LightGBM pwlr,108.55786958160539,,,108.11589284072693,,,2
twopx,twopx,T_C,P,20<=P<40,20.0,40.0,2,v10,LightGBM/twopx_components,v10 LightGBM twopx_components,93.9222227924909,,,93.87006766318927,,,2
twopx,twopx,P_kbar,P,20<=P<40,20.0,40.0,2,v10,LightGBM/raw,v10 LightGBM raw,10.863899551901557,,,10.461933390529103,,,2
twopx,twopx,P_kbar,P,20<=P<40,20.0,40.0,2,v10,LightGBM/alr,v10 LightGBM alr,10.40630334384703,,,10.255831040086164,,,2
twopx,twopx,P_kbar,P,20<=P<40,20.0,40.0,2,v10,LightGBM/pwlr,v10 LightGBM pwlr,12.502870766928519,,,12.22510446360669,,,2
twopx,twopx,P_kbar,P,20<=P<40,20.0,40.0,2,v10,LightGBM/twopx_components,v10 LightGBM twopx_components,13.540773476489175,,,13.43563493113561,,,2
twopx,twopx,T_C,P,20<=P<40,20.0,40.0,2,v10,ElasticNet/raw,v10 ElasticNet raw,75.89469547759927,,,75.73271128702618,,,2
twopx,twopx,T_C,P,20<=P<40,20.0,40.0,2,v10,ElasticNet/alr,v10 ElasticNet alr,96.70243199459455,,,96.48341219587996,,,2
twopx,twopx,T_C,P,20<=P<40,20.0,40.0,2,v10,ElasticNet/pwlr,v10 ElasticNet pwlr,116.24298571919019,,,116.142547608825,,,2
twopx,twopx,T_C,P,20<=P<40,20.0,40.0,2,v10,ElasticNet/twopx_components,v10 ElasticNet twopx_components,4.796856611604392,,,4.1428187360154425,,,2
twopx,twopx,P_kbar,P,20<=P<40,20.0,40.0,2,v10,ElasticNet/raw,v10 ElasticNet raw,14.964314527990595,,,14.841373258848625,,,2
twopx,twopx,P_kbar,P,20<=P<40,20.0,40.0,2,v10,ElasticNet/alr,v10 ElasticNet alr,15.513193829266996,,,15.376089955545403,,,2
twopx,twopx,P_kbar,P,20<=P<40,20.0,40.0,2,v10,ElasticNet/pwlr,v10 ElasticNet pwlr,17.857067943982784,,,17.693151399457975,,,2
twopx,twopx,P_kbar,P,20<=P<40,20.0,40.0,2,v10,ElasticNet/twopx_components,v10 ElasticNet twopx_components,18.183531088149095,,,18.01085236277519,,,2
twopx,twopx,T_C,P,20<=P<40,20.0,40.0,2,v10,MLP/raw,v10 MLP raw,280.9637276227095,,,245.32618388896122,,,2
twopx,twopx,T_C,P,20<=P<40,20.0,40.0,2,v10,MLP/alr,v10 MLP alr,309.0066748533485,,,232.99078880638694,,,2
twopx,twopx,T_C,P,20<=P<40,20.0,40.0,2,v10,MLP/pwlr,v10 MLP pwlr,574.075441038248,,,544.6756536558721,,,2
twopx,twopx,T_C,P,20<=P<40,20.0,40.0,2,v10,MLP/twopx_components,v10 MLP twopx_components,32.75028381647711,,,25.06654619128767,,,2
twopx,twopx,P_kbar,P,20<=P<40,20.0,40.0,2,v10,MLP/raw,v10 MLP raw,8.939210878500017,,,8.93586244135994,,,2
twopx,twopx,P_kbar,P,20<=P<40,20.0,40.0,2,v10,MLP/alr,v10 MLP alr,10.350483412320523,,,10.331748568834321,,,2
twopx,twopx,P_kbar,P,20<=P<40,20.0,40.0,2,v10,MLP/pwlr,v10 MLP pwlr,17.066783164533682,,,16.97105792753673,,,2
twopx,twopx,P_kbar,P,20<=P<40,20.0,40.0,2,v10,MLP/twopx_components,v10 MLP twopx_components,12.494923825758022,,,12.294334322932798,,,2
twopx,twopx,T_C,P,P<20 (Agreda range),0.0,20.0,46,v10,RF/twopx_components,v10 RF twopx_components,93.42128400896702,71.93433388870477,113.05748185925198,69.70362373197283,53.59038281873842,87.21653609780526,46
twopx,twopx,T_C,P,P<20 (Agreda range),0.0,20.0,46,v10,RF/raw,v10 RF raw,87.56338468467997,66.41610493378639,106.56027693616566,64.27623737952642,48.28318132959871,81.04199290979156,46
twopx,twopx,T_C,P,P<20 (Agreda range),0.0,20.0,46,v10,RF/alr,v10 RF alr,90.37457487639742,71.39759455766344,107.78025689608734,69.81860648148157,54.45945167572468,85.19885745772974,46
twopx,twopx,T_C,P,P<20 (Agreda range),0.0,20.0,46,v10,RF/pwlr,v10 RF pwlr,83.21797423154509,63.44779280062068,101.53329611626604,62.37234615018118,47.423931068076165,77.94879573324468,46
twopx,twopx,P_kbar,P,P<20 (Agreda range),0.0,20.0,46,v10,RF/raw,v10 RF raw,3.9484852503347274,2.911610679495893,4.963387731416125,2.890948572287136,2.145612665779939,3.6035441610050993,46
twopx,twopx,P_kbar,P,P<20 (Agreda range),0.0,20.0,46,v10,RF/alr,v10 RF alr,3.9467023281519618,2.8543884245712947,4.989219187076617,2.796285128890675,2.042500855991151,3.5470735239374083,46
twopx,twopx,P_kbar,P,P<20 (Agreda range),0.0,20.0,46,v10,RF/pwlr,v10 RF pwlr,4.3001591041420415,3.121265978661052,5.507300323061466,3.126322832379908,2.2920091613512166,3.9230474572703335,46
twopx,twopx,P_kbar,P,P<20 (Agreda range),0.0,20.0,46,v10,RF/twopx_components,v10 RF twopx_components,4.495208773411363,3.3501795544739976,5.7003274168530895,3.4023191994199733,2.5859279401550253,4.285911541031185,46
twopx,twopx,T_C,P,P<20 (Agreda range),0.0,20.0,46,v10,ERT/raw,v10 ERT raw,87.1260842091839,65.1236082481306,107.0663772516941,65.35333633540313,49.81187701467927,81.8587598062953,46
twopx,twopx,T_C,P,P<20 (Agreda range),0.0,20.0,46,v10,ERT/alr,v10 ERT alr,90.09144815610024,67.6225935260604,110.7742301693276,67.7631971659433,51.797716926297454,85.1603538507259,46
twopx,twopx,T_C,P,P<20 (Agreda range),0.0,20.0,46,v10,ERT/pwlr,v10 ERT pwlr,87.40798217086916,65.40375951948172,106.78148666924264,66.64792183689896,51.75172436723588,83.41214921281927,46
twopx,twopx,T_C,P,P<20 (Agreda range),0.0,20.0,46,v10,ERT/twopx_components,v10 ERT twopx_components,99.27407005671625,80.30398557094522,118.27762400779046,78.1144549114331,61.97460353260863,96.06945824275358,46
twopx,twopx,P_kbar,P,P<20 (Agreda range),0.0,20.0,46,v10,ERT/raw,v10 ERT raw,3.8726194362961412,2.9531213072125975,4.766037318395149,2.8930731520001083,2.1676183950020658,3.626416510070584,46
twopx,twopx,P_kbar,P,P<20 (Agreda range),0.0,20.0,46,v10,ERT/alr,v10 ERT alr,3.875648413404311,2.8816350341470187,4.837793023905164,2.8545948569094866,2.1029688346475988,3.5744638303161795,46
twopx,twopx,P_kbar,P,P<20 (Agreda range),0.0,20.0,46,v10,ERT/pwlr,v10 ERT pwlr,3.8157931389290636,2.7976141187372843,4.842842476538825,2.815147113084425,2.0949157383369097,3.5215706454149984,46
twopx,twopx,P_kbar,P,P<20 (Agreda range),0.0,20.0,46,v10,ERT/twopx_components,v10 ERT twopx_components,4.86270126176612,3.498358521565155,6.351405266143038,3.66068739053917,2.804151429136566,4.603463145627914,46
twopx,twopx,T_C,P,P<20 (Agreda range),0.0,20.0,46,v10,XGB/raw,v10 XGB raw,102.63176695229167,78.67053104936889,124.83318809861375,76.44856318721065,58.17306751736505,94.59521140499392,46
twopx,twopx,T_C,P,P<20 (Agreda range),0.0,20.0,46,v10,XGB/alr,v10 XGB alr,105.48345674768234,81.61426515542125,126.78480923410986,79.06354015307342,60.725099995439564,98.48367428249783,46
twopx,twopx,T_C,P,P<20 (Agreda range),0.0,20.0,46,v10,XGB/pwlr,v10 XGB pwlr,90.6904627431499,67.42919601481556,111.86719345725491,63.191688771025184,45.55681698072743,81.72353921420333,46
twopx,twopx,T_C,P,P<20 (Agreda range),0.0,20.0,46,v10,XGB/twopx_components,v10 XGB twopx_components,95.71971257867554,72.02159519594831,118.27005601538083,69.15202786112368,51.955921015839266,88.45930580962299,46
twopx,twopx,P_kbar,P,P<20 (Agreda range),0.0,20.0,46,v10,XGB/raw,v10 XGB raw,3.5110132538316265,2.6729439384783604,4.253750634331696,2.6265039489819286,1.9898488810577515,3.2790702614302183,46
twopx,twopx,P_kbar,P,P<20 (Agreda range),0.0,20.0,46,v10,XGB/alr,v10 XGB alr,3.6239665913079544,2.730464027318849,4.4588779381706205,2.7059712860157297,2.057898572707613,3.3647040155652097,46
twopx,twopx,P_kbar,P,P<20 (Agreda range),0.0,20.0,46,v10,XGB/pwlr,v10 XGB pwlr,4.133669531609898,2.970334961919404,5.256939186079902,3.046632547408417,2.2616380439213803,3.8162976848027474,46
twopx,twopx,P_kbar,P,P<20 (Agreda range),0.0,20.0,46,v10,XGB/twopx_components,v10 XGB twopx_components,4.717241299872512,3.551950954496014,5.893741344476246,3.5168744050200216,2.6583397079632345,4.407553908089742,46
twopx,twopx,T_C,P,P<20 (Agreda range),0.0,20.0,46,v10,GB/raw,v10 GB raw,105.26630372259237,79.18226705404972,128.90465856573832,76.73740559518804,58.07244899076073,96.615779291708,46
twopx,twopx,T_C,P,P<20 (Agreda range),0.0,20.0,46,v10,GB/alr,v10 GB alr,108.86908492728547,84.69873171898725,130.2944364078178,82.6451217088322,63.415959866440765,101.12457902646469,46
twopx,twopx,T_C,P,P<20 (Agreda range),0.0,20.0,46,v10,GB/pwlr,v10 GB pwlr,88.36935048737891,67.24796677906262,106.45976345328538,66.24884537085212,50.40950806355578,82.25741164449755,46
twopx,twopx,T_C,P,P<20 (Agreda range),0.0,20.0,46,v10,GB/twopx_components,v10 GB twopx_components,98.95367401995537,78.36415083321752,118.31449748287416,76.49660448522678,60.32536433491076,93.39451474875112,46
twopx,twopx,P_kbar,P,P<20 (Agreda range),0.0,20.0,46,v10,GB/raw,v10 GB raw,3.9550471930785553,3.020149386252176,4.989703176436133,3.040909644053637,2.3456305418964285,3.7565329645833545,46
twopx,twopx,P_kbar,P,P<20 (Agreda range),0.0,20.0,46,v10,GB/alr,v10 GB alr,3.844055346967624,2.8289686112241372,4.870679592654097,2.872820313369746,2.188766414842812,3.664715764392167,46
twopx,twopx,P_kbar,P,P<20 (Agreda range),0.0,20.0,46,v10,GB/pwlr,v10 GB pwlr,4.102276133023582,2.931847814530315,5.280681843956711,3.0387982987748647,2.2830972398356013,3.8419698055744718,46
twopx,twopx,P_kbar,P,P<20 (Agreda range),0.0,20.0,46,v10,GB/twopx_components,v10 GB twopx_components,4.588319925620566,3.391392224879029,5.74440191583817,3.302446713194248,2.3988311026436913,4.2109836087008805,46
twopx,twopx,T_C,P,P<20 (Agreda range),0.0,20.0,46,v10,CatBoost/raw,v10 CatBoost raw,91.29125059774584,69.00295181660441,111.83411840321212,66.41077650520259,50.21657067919643,84.78099590501887,46
twopx,twopx,T_C,P,P<20 (Agreda range),0.0,20.0,46,v10,CatBoost/alr,v10 CatBoost alr,84.88347118557196,64.91400536965233,102.96078496484455,63.15884169171172,47.51099901845197,79.54102029158298,46
twopx,twopx,T_C,P,P<20 (Agreda range),0.0,20.0,46,v10,CatBoost/pwlr,v10 CatBoost pwlr,80.07311078399474,61.61709204954265,96.83732498149237,59.3546843169762,45.0925928456954,75.8064390406631,46
twopx,twopx,T_C,P,P<20 (Agreda range),0.0,20.0,46,v10,CatBoost/twopx_components,v10 CatBoost twopx_components,94.18960300735237,72.91013742633535,114.47071782108395,69.95994780046517,53.60365250224266,88.21358165781243,46
twopx,twopx,P_kbar,P,P<20 (Agreda range),0.0,20.0,46,v10,CatBoost/raw,v10 CatBoost raw,3.803616744207719,2.970431677188267,4.557057832749169,2.9021834654073264,2.2113814363018105,3.5445630785455053,46
twopx,twopx,P_kbar,P,P<20 (Agreda range),0.0,20.0,46,v10,CatBoost/alr,v10 CatBoost alr,4.031474728848123,3.015625452357951,4.975353790694173,2.9687557419924686,2.18849144975974,3.7281386935631127,46
twopx,twopx,P_kbar,P,P<20 (Agreda range),0.0,20.0,46,v10,CatBoost/pwlr,v10 CatBoost pwlr,3.400694344085426,2.5415662266018164,4.223632535939796,2.5225592616026753,1.8944350334521067,3.1474306786592683,46
twopx,twopx,P_kbar,P,P<20 (Agreda range),0.0,20.0,46,v10,CatBoost/twopx_components,v10 CatBoost twopx_components,4.900394827064618,3.6595532637405537,6.157366001149359,3.653001543386117,2.7554101144864043,4.621797598087431,46
twopx,twopx,T_C,P,P<20 (Agreda range),0.0,20.0,46,v10,LightGBM/raw,v10 LightGBM raw,105.2014523369643,77.5140267242366,128.88372604609503,74.6602216666216,55.02942640365778,95.7890640042828,46
twopx,twopx,T_C,P,P<20 (Agreda range),0.0,20.0,46,v10,LightGBM/alr,v10 LightGBM alr,103.33768640993536,77.8041623224661,124.49709100379201,77.40674073220045,58.19774822717716,96.44138355818012,46
twopx,twopx,T_C,P,P<20 (Agreda range),0.0,20.0,46,v10,LightGBM/pwlr,v10 LightGBM pwlr,97.44016168921935,71.15893742577614,119.27290851344506,68.82731146925846,49.94462180091284,87.35484242174581,46
twopx,twopx,T_C,P,P<20 (Agreda range),0.0,20.0,46,v10,LightGBM/twopx_components,v10 LightGBM twopx_components,98.91297745037525,75.28810706583572,119.652374203336,74.7036432614258,56.71262469546068,92.87843482760303,46
twopx,twopx,P_kbar,P,P<20 (Agreda range),0.0,20.0,46,v10,LightGBM/raw,v10 LightGBM raw,4.221159396565533,3.1855976469831564,5.366473088534369,3.1739005583929756,2.454783336722134,3.977981876057181,46
twopx,twopx,P_kbar,P,P<20 (Agreda range),0.0,20.0,46,v10,LightGBM/alr,v10 LightGBM alr,4.15390790892482,3.0346338247062774,5.358512678377976,3.137320665830596,2.3983658773650975,3.9507656562333993,46
twopx,twopx,P_kbar,P,P<20 (Agreda range),0.0,20.0,46,v10,LightGBM/pwlr,v10 LightGBM pwlr,3.8902334762726394,2.878972036330232,4.919950811002197,2.9519887080176055,2.2674891751245654,3.6744630268919853,46
twopx,twopx,P_kbar,P,P<20 (Agreda range),0.0,20.0,46,v10,LightGBM/twopx_components,v10 LightGBM twopx_components,4.765037173683186,3.706728925829881,5.747268727126683,3.5924292422315935,2.708515261468908,4.42769919803452,46
twopx,twopx,T_C,P,P<20 (Agreda range),0.0,20.0,46,v10,ElasticNet/raw,v10 ElasticNet raw,79.69033183140718,65.28407183205002,93.54639862797305,65.85093569226292,53.53539762319115,77.4662908900517,46
twopx,twopx,T_C,P,P<20 (Agreda range),0.0,20.0,46,v10,ElasticNet/alr,v10 ElasticNet alr,78.90545459078703,63.15220963866605,93.42323538126979,62.96212863125945,50.16415286653439,75.60004439609479,46
twopx,twopx,T_C,P,P<20 (Agreda range),0.0,20.0,46,v10,ElasticNet/pwlr,v10 ElasticNet pwlr,83.70882851202713,68.27718421355031,97.39067767374418,68.73595426176003,55.742350434876975,81.8955770923887,46
twopx,twopx,T_C,P,P<20 (Agreda range),0.0,20.0,46,v10,ElasticNet/twopx_components,v10 ElasticNet twopx_components,113.33790070751985,84.1247139859351,144.6021895591144,81.50028987871352,60.2887566480783,107.88469989705878,46
twopx,twopx,P_kbar,P,P<20 (Agreda range),0.0,20.0,46,v10,ElasticNet/raw,v10 ElasticNet raw,3.754317105019708,2.89478902589489,4.472050511659455,3.1706361647802708,2.5823002493763334,3.765897509272029,46
twopx,twopx,P_kbar,P,P<20 (Agreda range),0.0,20.0,46,v10,ElasticNet/alr,v10 ElasticNet alr,3.7776386283844254,2.8866825704791177,4.51113240507839,3.1793110210741227,2.602919150708363,3.777656859310771,46
twopx,twopx,P_kbar,P,P<20 (Agreda range),0.0,20.0,46,v10,ElasticNet/pwlr,v10 ElasticNet pwlr,4.316047280820274,3.489518211335771,5.05518933870238,3.57215803154728,2.8496237184098825,4.3169867682167515,46
twopx,twopx,P_kbar,P,P<20 (Agreda range),0.0,20.0,46,v10,ElasticNet/twopx_components,v10 ElasticNet twopx_components,4.485208571983079,3.613965553639393,5.240896958265917,3.709843065305099,2.93894016474125,4.493853366201447,46
twopx,twopx,T_C,P,P<20 (Agreda range),0.0,20.0,46,v10,MLP/raw,v10 MLP raw,280.2997541736505,236.99198472677705,322.5043065287953,241.7041475945982,199.51173151992103,283.0207926379869,44
twopx,twopx,T_C,P,P<20 (Agreda range),0.0,20.0,46,v10,MLP/alr,v10 MLP alr,233.9025230488186,192.21052377757005,269.10923065918416,198.42066275764984,160.92715099714087,237.36624600728902,44
twopx,twopx,T_C,P,P<20 (Agreda range),0.0,20.0,46,v10,MLP/pwlr,v10 MLP pwlr,368.2720749084285,318.44196883977804,419.9213095075919,332.16199614101936,283.93934789623677,381.8633170186262,40
twopx,twopx,T_C,P,P<20 (Agreda range),0.0,20.0,46,v10,MLP/twopx_components,v10 MLP twopx_components,353.05547467114843,298.51319530686243,406.7886399985684,305.0009389416499,256.0994511927468,357.0657584608927,42
twopx,twopx,P_kbar,P,P<20 (Agreda range),0.0,20.0,46,v10,MLP/raw,v10 MLP raw,5.014870350649727,4.066496324628372,5.914210209703434,3.989290390372825,3.1721919001858216,4.7656950224621575,46
twopx,twopx,P_kbar,P,P<20 (Agreda range),0.0,20.0,46,v10,MLP/alr,v10 MLP alr,5.6529607493596385,4.480586283396874,6.632344574702811,4.437538614060061,3.316617527200859,5.346648955295926,46
twopx,twopx,P_kbar,P,P<20 (Agreda range),0.0,20.0,46,v10,MLP/pwlr,v10 MLP pwlr,7.031490419448682,5.533520496340735,8.318050474735333,5.867839415055604,4.66775555573659,6.910284253388129,46
twopx,twopx,P_kbar,P,P<20 (Agreda range),0.0,20.0,46,v10,MLP/twopx_components,v10 MLP twopx_components,5.100283838167906,3.6920877893900474,6.364411855142027,3.46147375477194,2.452023470731895,4.612123404730793,46
twopx,twopx,T_C,P,ALL,0.0,1000.0,48,v10,RF/twopx_components,v10 RF twopx_components,93.92168861093734,71.33852969943362,113.79787142620498,71.16457315068745,54.61557551464338,89.08743736691888,48
twopx,twopx,T_C,P,ALL,0.0,1000.0,48,v10,RF/raw,v10 RF raw,87.87729035893143,67.19856883635725,106.73701999185758,65.5478790677472,49.40207964917186,82.09978172316953,48
twopx,twopx,T_C,P,ALL,0.0,1000.0,48,v10,RF/alr,v10 RF alr,90.58100903799541,71.5364620832658,108.2851394161049,70.87603650655872,56.03838343460651,87.13712202088166,48
twopx,twopx,T_C,P,ALL,0.0,1000.0,48,v10,RF/pwlr,v10 RF pwlr,84.72663576875318,65.39707962069588,101.60648815489857,64.52489450170319,50.90409236165035,80.17854576045318,48
twopx,twopx,P_kbar,P,ALL,0.0,1000.0,48,v10,RF/raw,v10 RF raw,4.5879607770221735,3.2077363205374136,5.732700389549279,3.265613148294898,2.3791998808208152,4.156631115281474,48
twopx,twopx,P_kbar,P,ALL,0.0,1000.0,48,v10,RF/alr,v10 RF alr,4.580604807636982,3.1009279954345708,5.764372943429318,3.173602387868499,2.28142633903907,4.143833589921389,48
twopx,twopx,P_kbar,P,ALL,0.0,1000.0,48,v10,RF/pwlr,v10 RF pwlr,4.808723723839126,3.3994679643136227,5.982446312596618,3.4655923391351067,2.52092920343548,4.413673488334584,48
twopx,twopx,P_kbar,P,ALL,0.0,1000.0,48,v10,RF/twopx_components,v10 RF twopx_components,5.221717840627274,3.6614387372524275,6.5521323020082205,3.815700917847394,2.8056834044239456,4.883292340726737,48
twopx,twopx,T_C,P,ALL,0.0,1000.0,48,v10,ERT/raw,v10 ERT raw,87.79920520852397,66.80389696580855,107.00772331550557,66.88285193176736,52.02591082627109,82.82152874021644,48
twopx,twopx,T_C,P,ALL,0.0,1000.0,48,v10,ERT/alr,v10 ERT alr,90.78035195231351,69.25268287683615,110.42476345738501,69.3309111729177,53.816400857219215,85.71771081598149,48
twopx,twopx,T_C,P,ALL,0.0,1000.0,48,v10,ERT/pwlr,v10 ERT pwlr,88.32872706429676,67.65230905381546,106.98241713116636,68.3430886381172,53.84578453076756,83.40756935681216,48
twopx,twopx,T_C,P,ALL,0.0,1000.0,48,v10,ERT/twopx_components,v10 ERT twopx_components,99.51413878363859,80.22332001391796,118.7388002893393,79.22168248456784,62.62529629629625,98.84983872492278,48
twopx,twopx,P_kbar,P,ALL,0.0,1000.0,48,v10,ERT/raw,v10 ERT raw,4.4798654690482165,3.2196236447813393,5.501147904029985,3.2500247105945856,2.387336542683683,4.10729852556574,48
twopx,twopx,P_kbar,P,ALL,0.0,1000.0,48,v10,ERT/alr,v10 ERT alr,4.670397099868708,3.1626533306960423,5.831790795451494,3.2842389305990287,2.3635175454696227,4.225287132243697,48
twopx,twopx,P_kbar,P,ALL,0.0,1000.0,48,v10,ERT/pwlr,v10 ERT pwlr,4.406395173301416,3.078421716459157,5.487005719251822,3.1664807465703197,2.3381344379009557,4.084919405295647,48
twopx,twopx,P_kbar,P,ALL,0.0,1000.0,48,v10,ERT/twopx_components,v10 ERT twopx_components,5.544428295271922,3.9098207870516886,6.994307465102029,4.078271728665752,3.080352114073393,5.160300656324993,48
twopx,twopx,T_C,P,ALL,0.0,1000.0,48,v10,XGB/raw,v10 XGB raw,102.40617210620916,76.98525611106686,124.33610254216552,77.28823588806905,58.73081764409571,96.38200839007342,48
twopx,twopx,T_C,P,ALL,0.0,1000.0,48,v10,XGB/alr,v10 XGB alr,106.98991518893126,82.88088684454969,127.32152126855804,81.43430064636983,62.133914224601085,101.3061696264479,48
twopx,twopx,T_C,P,ALL,0.0,1000.0,48,v10,XGB/pwlr,v10 XGB pwlr,91.88229767724616,67.7447676336177,111.92438003344292,65.38244238017518,48.367624893894906,82.99319949326691,48
twopx,twopx,T_C,P,ALL,0.0,1000.0,48,v10,XGB/twopx_components,v10 XGB twopx_components,95.77135575357705,72.0783967062878,117.31183031777859,70.31032807150005,53.487420096220795,88.1594373208505,48
twopx,twopx,P_kbar,P,ALL,0.0,1000.0,48,v10,XGB/raw,v10 XGB raw,4.281293192326384,2.9803323323978956,5.346181474762871,3.028789425316514,2.23253661381863,3.861810823135664,48
twopx,twopx,P_kbar,P,ALL,0.0,1000.0,48,v10,XGB/alr,v10 XGB alr,4.270601483978543,3.0042314861703474,5.302694643099959,3.06983306351186,2.254529728111921,3.8636249286783926,48
twopx,twopx,P_kbar,P,ALL,0.0,1000.0,48,v10,XGB/pwlr,v10 XGB pwlr,4.673802710942837,3.3004298428028593,5.81080912432607,3.390363244641643,2.4839362390629662,4.3253672526574,48
twopx,twopx,P_kbar,P,ALL,0.0,1000.0,48,v10,XGB/twopx_components,v10 XGB twopx_components,5.547074500354635,3.897697085120922,6.9516505168443326,3.9741133137830214,2.9028566210856797,5.117737013097132,48
twopx,twopx,T_C,P,ALL,0.0,1000.0,48,v10,GB/raw,v10 GB raw,105.73267634979797,79.94733141252182,128.99792964025545,78.35303624213962,58.32287049262981,97.62780194217778,48
twopx,twopx,T_C,P,ALL,0.0,1000.0,48,v10,GB/alr,v10 GB alr,111.62597129832226,87.56533000704768,132.19932901452876,85.97692247410936,66.09397126635169,106.56329574837723,48
twopx,twopx,T_C,P,ALL,0.0,1000.0,48,v10,GB/pwlr,v10 GB pwlr,89.41468640733983,69.25657606800642,107.31981777255962,68.08218193859283,52.793167205183074,83.67358843003693,48
twopx,twopx,T_C,P,ALL,0.0,1000.0,48,v10,GB/twopx_components,v10 GB twopx_components,99.19896028466412,76.90174603807253,118.33275073668624,77.6709948019398,60.22485502382681,95.70868415474659,48
twopx,twopx,P_kbar,P,ALL,0.0,1000.0,48,v10,GB/raw,v10 GB raw,4.521411256934363,3.352399214681666,5.614918663023934,3.375613849280972,2.60870113591639,4.194553646631423,48
twopx,twopx,P_kbar,P,ALL,0.0,1000.0,48,v10,GB/alr,v10 GB alr,4.60791567995762,3.140567124633572,5.717190761563273,3.285856391293113,2.402505788469257,4.236491316707503,48
twopx,twopx,P_kbar,P,ALL,0.0,1000.0,48,v10,GB/pwlr,v10 GB pwlr,4.599867880724804,3.2621661662724364,5.754116938347976,3.3573017439759725,2.540691143838232,4.292095527856859,48
twopx,twopx,P_kbar,P,ALL,0.0,1000.0,48,v10,GB/twopx_components,v10 GB twopx_components,5.253778233545142,3.7877237403711916,6.488024098767231,3.713153392707415,2.6813428975371987,4.825838244408834,48
twopx,twopx,T_C,P,ALL,0.0,1000.0,48,v10,CatBoost/raw,v10 CatBoost raw,92.10369336432936,69.80950015223203,111.71133435525108,68.14640766345853,51.36593391282783,85.93231707343486,48
twopx,twopx,T_C,P,ALL,0.0,1000.0,48,v10,CatBoost/alr,v10 CatBoost alr,85.98010044608505,66.33435542289098,104.12607539460895,65.03393526815216,49.22567267981862,81.48549025344514,48
twopx,twopx,T_C,P,ALL,0.0,1000.0,48,v10,CatBoost/pwlr,v10 CatBoost pwlr,82.69170392960639,63.562651121726304,98.34857857538299,62.233796057516436,47.82570898518586,78.30967288628553,48
twopx,twopx,T_C,P,ALL,0.0,1000.0,48,v10,CatBoost/twopx_components,v10 CatBoost twopx_components,94.8954804709775,73.92196210786722,113.85790229432203,71.60489581528587,55.70672320112447,90.41642566290686,48
twopx,twopx,P_kbar,P,ALL,0.0,1000.0,48,v10,CatBoost/raw,v10 CatBoost raw,4.668808985165133,3.277608745981162,5.841714468208115,3.347009293849432,2.498383594751168,4.211862743464324,48
twopx,twopx,P_kbar,P,ALL,0.0,1000.0,48,v10,CatBoost/alr,v10 CatBoost alr,4.911716420350418,3.376958483305697,6.170711884666137,3.4326958190198913,2.4569282582703855,4.4253476359554345,48
twopx,twopx,P_kbar,P,ALL,0.0,1000.0,48,v10,CatBoost/pwlr,v10 CatBoost pwlr,4.4071080246399905,2.8112468906772743,5.6459381694813064,2.994199691714769,2.123211675457867,3.9027946495995414,48
twopx,twopx,P_kbar,P,ALL,0.0,1000.0,48,v10,CatBoost/twopx_components,v10 CatBoost twopx_components,5.624734082941897,3.956185267750122,7.013161368673085,4.081948544608166,2.9948155171351334,5.184593643249269,48
twopx,twopx,T_C,P,ALL,0.0,1000.0,48,v10,LightGBM/raw,v10 LightGBM raw,105.99168536583583,79.61318631776481,129.03361362351976,76.64724751529248,57.06190958428695,99.39248175727208,48
twopx,twopx,T_C,P,ALL,0.0,1000.0,48,v10,LightGBM/alr,v10 LightGBM alr,106.88446517273549,81.84213770720203,127.82406416724317,81.2245910997996,61.832974978868194,101.3040368807859,48
twopx,twopx,T_C,P,ALL,0.0,1000.0,48,v10,LightGBM/pwlr,v10 LightGBM pwlr,97.92860251619219,71.8212466581853,119.6526619311842,70.46433569306969,53.066896235326695,88.38326596469167,48
twopx,twopx,T_C,P,ALL,0.0,1000.0,48,v10,LightGBM/twopx_components,v10 LightGBM twopx_components,98.7100673311632,77.45765125511177,119.03536855727174,75.50224427816596,58.9028311189159,93.52194093955696,48
twopx,twopx,P_kbar,P,ALL,0.0,1000.0,48,v10,LightGBM/raw,v10 LightGBM raw,4.6897166156909975,3.4687349094172424,5.775969401520578,3.477568593065314,2.647251090924937,4.382106794429518,48
twopx,twopx,P_kbar,P,ALL,0.0,1000.0,48,v10,LightGBM/alr,v10 LightGBM alr,4.587823650473292,3.3344118094582402,5.726512085209443,3.4339252647579115,2.6501057284224996,4.326679772947017,48
twopx,twopx,P_kbar,P,ALL,0.0,1000.0,48,v10,LightGBM/pwlr,v10 LightGBM pwlr,4.584402255258671,3.124274006416676,5.7084329978602835,3.3383685311671507,2.4459123736654975,4.278485056551954,48
twopx,twopx,P_kbar,P,ALL,0.0,1000.0,48,v10,LightGBM/twopx_components,v10 LightGBM twopx_components,5.4221031800130906,4.073982962992726,6.515252502110243,4.002562812602593,3.017269867746895,5.100172634044635,48
twopx,twopx,T_C,P,ALL,0.0,1000.0,48,v10,ElasticNet/raw,v10 ElasticNet raw,79.53579684431216,65.18850553792056,93.30557967349657,66.2626763420447,55.299093941667536,79.02799998875737,48
twopx,twopx,T_C,P,ALL,0.0,1000.0,48,v10,ElasticNet/alr,v10 ElasticNet alr,79.72635175235887,63.843046433772756,93.68670236487579,64.35884877978529,51.838633271915945,78.16260631650391,48
twopx,twopx,T_C,P,ALL,0.0,1000.0,48,v10,ElasticNet/pwlr,v10 ElasticNet pwlr,85.31248810954717,70.51246913524305,98.82875254448898,70.7112289845544,58.05975022708675,84.56441185642957,48
twopx,twopx,T_C,P,ALL,0.0,1000.0,48,v10,ElasticNet/twopx_components,v10 ElasticNet twopx_components,110.95589284701295,79.14906099551636,141.57300843569243,78.27706191443444,56.34921851185089,102.24783096126214,48
twopx,twopx,P_kbar,P,ALL,0.0,1000.0,48,v10,ElasticNet/raw,v10 ElasticNet raw,4.778917845463868,3.4135515183122878,6.015905422577566,3.6569168770331193,2.8796964596355377,4.50027307796347,48
twopx,twopx,P_kbar,P,ALL,0.0,1000.0,48,v10,ElasticNet/alr,v10 ElasticNet alr,4.868615116820685,3.435397754041921,6.173785507810464,3.6875101433437596,2.8900749508276617,4.577787206567742,48
twopx,twopx,P_kbar,P,ALL,0.0,1000.0,48,v10,ElasticNet/pwlr,v10 ElasticNet pwlr,5.580191717705463,3.939894547296742,7.087420926008892,4.160532755210226,3.17462445025973,5.258908894418376,48
twopx,twopx,P_kbar,P,ALL,0.0,1000.0,48,v10,ElasticNet/twopx_components,v10 ElasticNet twopx_components,5.749398553037476,4.098996875802082,7.302729487214173,4.3057184526996855,3.249445646915102,5.424402605143314,48
twopx,twopx,T_C,P,ALL,0.0,1000.0,48,v10,MLP/raw,v10 MLP raw,280.3286552862274,237.87039051892955,319.43309790322286,241.86162743348356,201.1611044062921,282.1919725787549,46
twopx,twopx,T_C,P,ALL,0.0,1000.0,48,v10,MLP/alr,v10 MLP alr,237.66195498184166,201.14415364645066,275.0866030934089,199.9237117162906,164.2407605193125,238.36842668606653,46
twopx,twopx,T_C,P,ALL,0.0,1000.0,48,v10,MLP/pwlr,v10 MLP pwlr,380.60409596364934,327.59632712784696,429.37032194592933,342.2816941179171,291.53428471860894,392.8493273498288,42
twopx,twopx,T_C,P,ALL,0.0,1000.0,48,v10,MLP/twopx_components,v10 MLP twopx_components,345.0088347479293,291.65241612002654,398.5784799211254,292.276648362088,240.7821565330956,342.25105291033594,44
twopx,twopx,P_kbar,P,ALL,0.0,1000.0,48,v10,MLP/raw,v10 MLP raw,5.237424453346497,4.249743421227416,6.062770437192747,4.195397559163955,3.2531923550783057,5.021858995120014,48
twopx,twopx,P_kbar,P,ALL,0.0,1000.0,48,v10,MLP/alr,v10 MLP alr,5.923539578263637,4.775725533622219,6.844249859893361,4.683130695508988,3.695456959382733,5.601425947992353,48
twopx,twopx,P_kbar,P,ALL,0.0,1000.0,48,v10,MLP/pwlr,v10 MLP pwlr,7.714806679684145,6.11529964243279,9.118533827914188,6.330473519742316,5.039872767968167,7.58028979944756,48
twopx,twopx,P_kbar,P,ALL,0.0,1000.0,48,v10,MLP/twopx_components,v10 MLP twopx_components,5.6066170418632,4.20547360246493,6.863264247929796,3.8295096117786422,2.7101308952708534,5.034108908481497,48
twopx,twopx,T_C,T,800<=T<1000,800.0,1000.0,1,v10,RF/twopx_components,v10 RF twopx_components,18.18273878482728,,,18.18273878482728,,,1
twopx,twopx,T_C,T,800<=T<1000,800.0,1000.0,1,v10,RF/raw,v10 RF raw,43.211111998746446,,,43.211111998746446,,,1
twopx,twopx,T_C,T,800<=T<1000,800.0,1000.0,1,v10,RF/alr,v10 RF alr,45.12125000000003,,,45.12125000000003,,,1
twopx,twopx,T_C,T,800<=T<1000,800.0,1000.0,1,v10,RF/pwlr,v10 RF pwlr,29.878760682716347,,,29.878760682716347,,,1
twopx,twopx,P_kbar,T,800<=T<1000,800.0,1000.0,1,v10,RF/raw,v10 RF raw,4.357361546859467,,,4.357361546859467,,,1
twopx,twopx,P_kbar,T,800<=T<1000,800.0,1000.0,1,v10,RF/alr,v10 RF alr,5.356784388511652,,,5.356784388511652,,,1
twopx,twopx,P_kbar,T,800<=T<1000,800.0,1000.0,1,v10,RF/pwlr,v10 RF pwlr,5.89400762571311,,,5.89400762571311,,,1
twopx,twopx,P_kbar,T,800<=T<1000,800.0,1000.0,1,v10,RF/twopx_components,v10 RF twopx_components,6.359741589527269,,,6.359741589527269,,,1
twopx,twopx,T_C,T,800<=T<1000,800.0,1000.0,1,v10,ERT/raw,v10 ERT raw,40.61711018518588,,,40.61711018518588,,,1
twopx,twopx,T_C,T,800<=T<1000,800.0,1000.0,1,v10,ERT/alr,v10 ERT alr,36.678680158730344,,,36.678680158730344,,,1
twopx,twopx,T_C,T,800<=T<1000,800.0,1000.0,1,v10,ERT/pwlr,v10 ERT pwlr,30.720481878306373,,,30.720481878306373,,,1
twopx,twopx,T_C,T,800<=T<1000,800.0,1000.0,1,v10,ERT/twopx_components,v10 ERT twopx_components,26.299999999999955,,,26.299999999999955,,,1
twopx,twopx,P_kbar,T,800<=T<1000,800.0,1000.0,1,v10,ERT/raw,v10 ERT raw,5.833884495009952,,,5.833884495009952,,,1
twopx,twopx,P_kbar,T,800<=T<1000,800.0,1000.0,1,v10,ERT/alr,v10 ERT alr,6.0248514179595425,,,6.0248514179595425,,,1
twopx,twopx,P_kbar,T,800<=T<1000,800.0,1000.0,1,v10,ERT/pwlr,v10 ERT pwlr,5.948604038476985,,,5.948604038476985,,,1
twopx,twopx,P_kbar,T,800<=T<1000,800.0,1000.0,1,v10,ERT/twopx_components,v10 ERT twopx_components,5.572022110786023,,,5.572022110786023,,,1
twopx,twopx,T_C,T,800<=T<1000,800.0,1000.0,1,v10,XGB/raw,v10 XGB raw,26.06475830078125,,,26.06475830078125,,,1
twopx,twopx,T_C,T,800<=T<1000,800.0,1000.0,1,v10,XGB/alr,v10 XGB alr,11.55487060546875,,,11.55487060546875,,,1
twopx,twopx,T_C,T,800<=T<1000,800.0,1000.0,1,v10,XGB/pwlr,v10 XGB pwlr,6.58856201171875,,,6.58856201171875,,,1
twopx,twopx,T_C,T,800<=T<1000,800.0,1000.0,1,v10,XGB/twopx_components,v10 XGB twopx_components,32.98590087890625,,,32.98590087890625,,,1
twopx,twopx,P_kbar,T,800<=T<1000,800.0,1000.0,1,v10,XGB/raw,v10 XGB raw,4.487494528293626,,,4.487494528293626,,,1
twopx,twopx,P_kbar,T,800<=T<1000,800.0,1000.0,1,v10,XGB/alr,v10 XGB alr,4.150569975376145,,,4.150569975376145,,,1
twopx,twopx,P_kbar,T,800<=T<1000,800.0,1000.0,1,v10,XGB/pwlr,v10 XGB pwlr,6.03246027231218,,,6.03246027231218,,,1
twopx,twopx,P_kbar,T,800<=T<1000,800.0,1000.0,1,v10,XGB/twopx_components,v10 XGB twopx_components,6.815245687961594,,,6.815245687961594,,,1
twopx,twopx,T_C,T,800<=T<1000,800.0,1000.0,1,v10,GB/raw,v10 GB raw,17.157625034648504,,,17.157625034648504,,,1
twopx,twopx,T_C,T,800<=T<1000,800.0,1000.0,1,v10,GB/alr,v10 GB alr,12.828781319941527,,,12.828781319941527,,,1
twopx,twopx,T_C,T,800<=T<1000,800.0,1000.0,1,v10,GB/pwlr,v10 GB pwlr,6.188536488748923,,,6.188536488748923,,,1
twopx,twopx,T_C,T,800<=T<1000,800.0,1000.0,1,v10,GB/twopx_components,v10 GB twopx_components,10.718861533235781,,,10.718861533235781,,,1
twopx,twopx,P_kbar,T,800<=T<1000,800.0,1000.0,1,v10,GB/raw,v10 GB raw,5.43640057410928,,,5.43640057410928,,,1
twopx,twopx,P_kbar,T,800<=T<1000,800.0,1000.0,1,v10,GB/alr,v10 GB alr,6.942660463378157,,,6.942660463378157,,,1
twopx,twopx,P_kbar,T,800<=T<1000,800.0,1000.0,1,v10,GB/pwlr,v10 GB pwlr,7.68718801191449,,,7.68718801191449,,,1
twopx,twopx,P_kbar,T,800<=T<1000,800.0,1000.0,1,v10,GB/twopx_components,v10 GB twopx_components,6.4156699727654125,,,6.4156699727654125,,,1
twopx,twopx,T_C,T,800<=T<1000,800.0,1000.0,1,v10,CatBoost/raw,v10 CatBoost raw,42.587936394675125,,,42.587936394675125,,,1
twopx,twopx,T_C,T,800<=T<1000,800.0,1000.0,1,v10,CatBoost/alr,v10 CatBoost alr,61.55414055589654,,,61.55414055589654,,,1
twopx,twopx,T_C,T,800<=T<1000,800.0,1000.0,1,v10,CatBoost/pwlr,v10 CatBoost pwlr,2.6177321913759215,,,2.6177321913759215,,,1
twopx,twopx,T_C,T,800<=T<1000,800.0,1000.0,1,v10,CatBoost/twopx_components,v10 CatBoost twopx_components,19.74668631353336,,,19.74668631353336,,,1
twopx,twopx,P_kbar,T,800<=T<1000,800.0,1000.0,1,v10,CatBoost/raw,v10 CatBoost raw,4.305802604207985,,,4.305802604207985,,,1
twopx,twopx,P_kbar,T,800<=T<1000,800.0,1000.0,1,v10,CatBoost/alr,v10 CatBoost alr,6.673407977539469,,,6.673407977539469,,,1
twopx,twopx,P_kbar,T,800<=T<1000,800.0,1000.0,1,v10,CatBoost/pwlr,v10 CatBoost pwlr,5.568422959479481,,,5.568422959479481,,,1
twopx,twopx,P_kbar,T,800<=T<1000,800.0,1000.0,1,v10,CatBoost/twopx_components,v10 CatBoost twopx_components,5.779740574499664,,,5.779740574499664,,,1
twopx,twopx,T_C,T,800<=T<1000,800.0,1000.0,1,v10,LightGBM/raw,v10 LightGBM raw,2.4279511255973603,,,2.4279511255973603,,,1
twopx,twopx,T_C,T,800<=T<1000,800.0,1000.0,1,v10,LightGBM/alr,v10 LightGBM alr,8.117801307382365,,,8.117801307382365,,,1
twopx,twopx,T_C,T,800<=T<1000,800.0,1000.0,1,v10,LightGBM/pwlr,v10 LightGBM pwlr,6.062541262224272,,,6.062541262224272,,,1
twopx,twopx,T_C,T,800<=T<1000,800.0,1000.0,1,v10,LightGBM/twopx_components,v10 LightGBM twopx_components,38.316940396341124,,,38.316940396341124,,,1
twopx,twopx,P_kbar,T,800<=T<1000,800.0,1000.0,1,v10,LightGBM/raw,v10 LightGBM raw,6.111895113053327,,,6.111895113053327,,,1
twopx,twopx,P_kbar,T,800<=T<1000,800.0,1000.0,1,v10,LightGBM/alr,v10 LightGBM alr,4.612989213223383,,,4.612989213223383,,,1
twopx,twopx,P_kbar,T,800<=T<1000,800.0,1000.0,1,v10,LightGBM/pwlr,v10 LightGBM pwlr,6.883940019228865,,,6.883940019228865,,,1
twopx,twopx,P_kbar,T,800<=T<1000,800.0,1000.0,1,v10,LightGBM/twopx_components,v10 LightGBM twopx_components,6.8270251406362945,,,6.8270251406362945,,,1
twopx,twopx,T_C,T,800<=T<1000,800.0,1000.0,1,v10,ElasticNet/raw,v10 ElasticNet raw,42.2122257986116,,,42.2122257986116,,,1
twopx,twopx,T_C,T,800<=T<1000,800.0,1000.0,1,v10,ElasticNet/alr,v10 ElasticNet alr,45.16453232971446,,,45.16453232971446,,,1
twopx,twopx,T_C,T,800<=T<1000,800.0,1000.0,1,v10,ElasticNet/pwlr,v10 ElasticNet pwlr,30.95051117249659,,,30.95051117249659,,,1
twopx,twopx,T_C,T,800<=T<1000,800.0,1000.0,1,v10,ElasticNet/twopx_components,v10 ElasticNet twopx_components,0.14249246832991957,,,0.14249246832991957,,,1
twopx,twopx,P_kbar,T,800<=T<1000,800.0,1000.0,1,v10,ElasticNet/raw,v10 ElasticNet raw,4.035219372882299,,,4.035219372882299,,,1
twopx,twopx,P_kbar,T,800<=T<1000,800.0,1000.0,1,v10,ElasticNet/alr,v10 ElasticNet alr,4.1166078137740225,,,4.1166078137740225,,,1
twopx,twopx,P_kbar,T,800<=T<1000,800.0,1000.0,1,v10,ElasticNet/pwlr,v10 ElasticNet pwlr,5.514914581140886,,,5.514914581140886,,,1
twopx,twopx,P_kbar,T,800<=T<1000,800.0,1000.0,1,v10,ElasticNet/twopx_components,v10 ElasticNet twopx_components,5.501147780752813,,,5.501147780752813,,,1
twopx,twopx,T_C,T,800<=T<1000,800.0,1000.0,1,v10,MLP/raw,v10 MLP raw,162.26093971826276,,,162.26093971826276,,,1
twopx,twopx,T_C,T,800<=T<1000,800.0,1000.0,1,v10,MLP/alr,v10 MLP alr,156.39463835799893,,,156.39463835799893,,,1
twopx,twopx,T_C,T,800<=T<1000,800.0,1000.0,1,v10,MLP/pwlr,v10 MLP pwlr,461.89952039245054,,,461.89952039245054,,,1
twopx,twopx,T_C,T,800<=T<1000,800.0,1000.0,1,v10,MLP/twopx_components,v10 MLP twopx_components,411.4177866175371,,,411.4177866175371,,,1
twopx,twopx,P_kbar,T,800<=T<1000,800.0,1000.0,1,v10,MLP/raw,v10 MLP raw,4.78005126752884,,,4.78005126752884,,,1
twopx,twopx,P_kbar,T,800<=T<1000,800.0,1000.0,1,v10,MLP/alr,v10 MLP alr,5.647662705056144,,,5.647662705056144,,,1
twopx,twopx,P_kbar,T,800<=T<1000,800.0,1000.0,1,v10,MLP/pwlr,v10 MLP pwlr,5.584534659292224,,,5.584534659292224,,,1
twopx,twopx,P_kbar,T,800<=T<1000,800.0,1000.0,1,v10,MLP/twopx_components,v10 MLP twopx_components,0.8550865177865572,,,0.8550865177865572,,,1
twopx,twopx,T_C,T,1000<=T<1200,1000.0,1200.0,30,v10,RF/twopx_components,v10 RF twopx_components,107.54841934216157,78.13049038807378,132.7551806772583,80.03275526723291,55.4891077217229,104.61726694785696,30
twopx,twopx,T_C,T,1000<=T<1200,1000.0,1200.0,30,v10,RF/raw,v10 RF raw,100.6636981740373,72.53451213999344,123.64237011903265,73.75928587983509,51.58705765913651,97.47357900997216,30
twopx,twopx,T_C,T,1000<=T<1200,1000.0,1200.0,30,v10,RF/alr,v10 RF alr,103.90771165621089,78.91310599225957,125.28084315607518,80.73065771604927,58.833993790509076,102.72101000192899,30
twopx,twopx,T_C,T,1000<=T<1200,1000.0,1200.0,30,v10,RF/pwlr,v10 RF pwlr,93.57835111391545,66.7097626306193,116.31170021331951,67.7363422808747,46.54993042000378,91.29880347118183,30
twopx,twopx,P_kbar,T,1000<=T<1200,1000.0,1200.0,30,v10,RF/raw,v10 RF raw,4.308968856962944,2.8124598080994425,5.8820825923463556,3.1012037638356906,2.069753475393866,4.28602050980864,30
twopx,twopx,P_kbar,T,1000<=T<1200,1000.0,1200.0,30,v10,RF/alr,v10 RF alr,4.255229721706876,2.698451744935767,5.92761785523276,2.9591487607416407,1.9170916479680904,4.1889793830381175,30
twopx,twopx,P_kbar,T,1000<=T<1200,1000.0,1200.0,30,v10,RF/pwlr,v10 RF pwlr,4.2315428711896,2.5751670193648493,6.198706506857011,2.933455387255912,1.928831801037317,4.244434315925683,30
twopx,twopx,P_kbar,T,1000<=T<1200,1000.0,1200.0,30,v10,RF/twopx_components,v10 RF twopx_components,4.895677415782592,3.3349330615894996,6.680526230451376,3.637345450071109,2.5354561909453595,5.0310512198763435,30
twopx,twopx,T_C,T,1000<=T<1200,1000.0,1200.0,30,v10,ERT/raw,v10 ERT raw,100.30709185988131,70.49168520103997,125.21653436389414,73.68229302909998,52.35023502783246,99.21053538172335,30
twopx,twopx,T_C,T,1000<=T<1200,1000.0,1200.0,30,v10,ERT/alr,v10 ERT alr,104.26476016396104,74.81863623348993,130.6216782086491,77.49699066200517,55.00788129725672,102.24834897363891,30
twopx,twopx,T_C,T,1000<=T<1200,1000.0,1200.0,30,v10,ERT/pwlr,v10 ERT pwlr,100.80777873861793,71.40862784301413,125.4902267474211,76.36635483686089,55.14680565255747,100.5554950816802,30
twopx,twopx,T_C,T,1000<=T<1200,1000.0,1200.0,30,v10,ERT/twopx_components,v10 ERT twopx_components,115.22218304937147,88.39845362961883,139.19271159212846,91.9687790123456,69.36478699074064,116.41387373456786,30
twopx,twopx,P_kbar,T,1000<=T<1200,1000.0,1200.0,30,v10,ERT/raw,v10 ERT raw,4.272918006757849,2.8758643298069355,5.521487023698564,3.128425644308722,2.077580316200726,4.265111585779577,30
twopx,twopx,P_kbar,T,1000<=T<1200,1000.0,1200.0,30,v10,ERT/alr,v10 ERT alr,4.202465079200606,2.728631154768404,5.740571866078652,2.987489500827633,1.9561734955982302,4.19789160239147,30
twopx,twopx,P_kbar,T,1000<=T<1200,1000.0,1200.0,30,v10,ERT/pwlr,v10 ERT pwlr,4.09577059576716,2.681080875354944,5.655430730235835,2.9829726420140874,2.0504760055731746,4.148472393340404,30
twopx,twopx,P_kbar,T,1000<=T<1200,1000.0,1200.0,30,v10,ERT/twopx_components,v10 ERT twopx_components,5.313770642852675,3.43452385756792,7.610111875133913,3.9089718900213417,2.741436900219553,5.397364278369822,30
twopx,twopx,T_C,T,1000<=T<1200,1000.0,1200.0,30,v10,XGB/raw,v10 XGB raw,119.63730487171283,86.62718345412402,147.7307840686256,89.10710773232543,62.24497006451642,117.00467111658166,30
twopx,twopx,T_C,T,1000<=T<1200,1000.0,1200.0,30,v10,XGB/alr,v10 XGB alr,123.57844926875974,92.55996782894827,151.58570805817632,94.7376415864921,67.50294060789508,123.42630820003555,30
twopx,twopx,T_C,T,1000<=T<1200,1000.0,1200.0,30,v10,XGB/pwlr,v10 XGB pwlr,104.42296142450243,72.8689395244445,130.43776200058824,71.22240924599731,45.527499536584926,98.70897285178856,30
twopx,twopx,T_C,T,1000<=T<1200,1000.0,1200.0,30,v10,XGB/twopx_components,v10 XGB twopx_components,112.17685786085325,79.47311679272414,140.6200179331338,81.2035107271171,56.53568148012514,107.75382903864353,30
twopx,twopx,P_kbar,T,1000<=T<1200,1000.0,1200.0,30,v10,XGB/raw,v10 XGB raw,3.8607150441494005,2.690954555819434,4.99001695896205,2.856453250947466,1.993029610108222,3.855197668915792,30
twopx,twopx,P_kbar,T,1000<=T<1200,1000.0,1200.0,30,v10,XGB/alr,v10 XGB alr,3.926592161882506,2.5869308416070167,5.222129207488686,2.8447070653359803,1.919912449283411,3.860982065087784,30
twopx,twopx,P_kbar,T,1000<=T<1200,1000.0,1200.0,30,v10,XGB/pwlr,v10 XGB pwlr,4.031470613233884,2.411286946078813,5.973497164176035,2.7758115584771654,1.8805335637289786,4.006709142872035,30
twopx,twopx,P_kbar,T,1000<=T<1200,1000.0,1200.0,30,v10,XGB/twopx_components,v10 XGB twopx_components,5.0674395457117525,3.5541909651496386,6.792686443704679,3.6865252470096554,2.538707101993927,5.087031925008557,30
twopx,twopx,T_C,T,1000<=T<1200,1000.0,1200.0,30,v10,GB/raw,v10 GB raw,121.59016816489282,85.09639125709903,150.11441975293022,89.31146808045244,60.549563501051175,118.10313874462352,30
twopx,twopx,T_C,T,1000<=T<1200,1000.0,1200.0,30,v10,GB/alr,v10 GB alr,126.82349319310342,95.64404158276075,154.80068893459597,97.139259425765,69.02317227611864,126.23419711930447,30
twopx,twopx,T_C,T,1000<=T<1200,1000.0,1200.0,30,v10,GB/pwlr,v10 GB pwlr,99.75207417509003,72.25264104072957,123.18145850944317,74.82404327209365,52.461756895612204,97.61004408301453,30
twopx,twopx,T_C,T,1000<=T<1200,1000.0,1200.0,30,v10,GB/twopx_components,v10 GB twopx_components,115.6617513815317,88.34034219983909,139.81862053074215,91.31936958791793,67.04596021811908,116.73327813518803,30
twopx,twopx,P_kbar,T,1000<=T<1200,1000.0,1200.0,30,v10,GB/raw,v10 GB raw,4.177876990849373,2.7407601283789575,5.866101357572044,3.1079102202645377,2.184118702153451,4.23234076290918,30
twopx,twopx,P_kbar,T,1000<=T<1200,1000.0,1200.0,30,v10,GB/alr,v10 GB alr,4.003804355875718,2.6263376315856357,5.5519748501915025,2.941820920644443,2.068894182620859,4.03937817913199,30
twopx,twopx,P_kbar,T,1000<=T<1200,1000.0,1200.0,30,v10,GB/pwlr,v10 GB pwlr,4.023314424261791,2.4703704556800443,5.935347977330311,2.8683678372523245,1.9787331483728992,4.039040485515395,30
twopx,twopx,P_kbar,T,1000<=T<1200,1000.0,1200.0,30,v10,GB/twopx_components,v10 GB twopx_components,5.042464732307833,3.5199990348199623,6.759741831207622,3.643005716383413,2.449954832298928,4.991467286795006,30
twopx,twopx,T_C,T,1000<=T<1200,1000.0,1200.0,30,v10,CatBoost/raw,v10 CatBoost raw,106.36918001122987,74.76029200072497,131.63490255097284,77.13868477020536,52.5123613933092,101.75989926343895,30
twopx,twopx,T_C,T,1000<=T<1200,1000.0,1200.0,30,v10,CatBoost/alr,v10 CatBoost alr,98.33431174080485,71.22872744660924,122.83194004116626,73.30235513995116,51.94601871102024,96.14340075904838,30
twopx,twopx,T_C,T,1000<=T<1200,1000.0,1200.0,30,v10,CatBoost/pwlr,v10 CatBoost pwlr,90.9551098208424,64.23226968362053,112.34741555419913,66.71449258907498,46.27711888871461,88.0215462348732,30
twopx,twopx,T_C,T,1000<=T<1200,1000.0,1200.0,30,v10,CatBoost/twopx_components,v10 CatBoost twopx_components,110.53326349564605,81.24269786037162,136.6362358973431,83.60976491343966,60.34450017480547,111.48400018618209,30
twopx,twopx,P_kbar,T,1000<=T<1200,1000.0,1200.0,30,v10,CatBoost/raw,v10 CatBoost raw,4.205395254021429,2.935111881400677,5.365052029550744,3.161749048263843,2.14184425232878,4.24471166642373,30
twopx,twopx,P_kbar,T,1000<=T<1200,1000.0,1200.0,30,v10,CatBoost/alr,v10 CatBoost alr,4.275878953969525,2.715682765106808,5.721603055300307,3.012232435956109,1.9040805934337217,4.205721586315397,30
twopx,twopx,P_kbar,T,1000<=T<1200,1000.0,1200.0,30,v10,CatBoost/pwlr,v10 CatBoost pwlr,3.5585388752025384,2.344371766018674,4.826982949837458,2.5416528876739783,1.7503262023889925,3.5917247288181526,30
twopx,twopx,P_kbar,T,1000<=T<1200,1000.0,1200.0,30,v10,CatBoost/twopx_components,v10 CatBoost twopx_components,5.453825538676847,3.642048334346662,7.420988123621821,3.974756919552615,2.69334437909874,5.370091834568936,30
twopx,twopx,T_C,T,1000<=T<1200,1000.0,1200.0,30,v10,LightGBM/raw,v10 LightGBM raw,122.0829933234331,86.35303153152078,152.79124956960408,88.09189241041456,60.264653421184285,119.22828092030585,30
twopx,twopx,T_C,T,1000<=T<1200,1000.0,1200.0,30,v10,LightGBM/alr,v10 LightGBM alr,118.37619382184327,84.87589136534734,145.70294503384346,87.25715625169111,60.223491414325466,115.23787873457981,30
twopx,twopx,T_C,T,1000<=T<1200,1000.0,1200.0,30,v10,LightGBM/pwlr,v10 LightGBM pwlr,112.4753797281664,79.38472415943555,140.21799536986148,78.22669572555814,50.4988472388256,108.4208375935574,30
twopx,twopx,T_C,T,1000<=T<1200,1000.0,1200.0,30,v10,LightGBM/twopx_components,v10 LightGBM twopx_components,114.91561578416078,85.17535533725477,141.43930751121897,86.52873476743252,61.794668141919765,113.72764865371944,30
twopx,twopx,P_kbar,T,1000<=T<1200,1000.0,1200.0,30,v10,LightGBM/raw,v10 LightGBM raw,4.436705073187285,2.9338096346645526,6.303403629955645,3.30220900892585,2.3159682955744203,4.449161224503489,30
twopx,twopx,P_kbar,T,1000<=T<1200,1000.0,1200.0,30,v10,LightGBM/alr,v10 LightGBM alr,4.300426885267848,2.7971047173781045,6.2878554324620035,3.1504139195472467,2.183033092274902,4.386464824213082,30
twopx,twopx,P_kbar,T,1000<=T<1200,1000.0,1200.0,30,v10,LightGBM/pwlr,v10 LightGBM pwlr,3.9776419716743248,2.5752548445403463,5.66083522494628,3.0147451293359846,2.1332222601051973,4.07991717776816,30
twopx,twopx,P_kbar,T,1000<=T<1200,1000.0,1200.0,30,v10,LightGBM/twopx_components,v10 LightGBM twopx_components,5.155761301644574,3.8575837523915655,6.547103079418558,3.817838099085622,2.6541510054429445,5.076070038052807,30
twopx,twopx,T_C,T,1000<=T<1200,1000.0,1200.0,30,v10,ElasticNet/raw,v10 ElasticNet raw,89.5806396926598,68.83245794579805,107.621074607627,72.91433414083082,56.07834940819687,92.18756183374995,30
twopx,twopx,T_C,T,1000<=T<1200,1000.0,1200.0,30,v10,ElasticNet/alr,v10 ElasticNet alr,90.01110063187969,67.77319679664896,107.82993054754161,71.56306755726261,54.1082391948251,90.37792805169934,30
twopx,twopx,T_C,T,1000<=T<1200,1000.0,1200.0,30,v10,ElasticNet/pwlr,v10 ElasticNet pwlr,93.14859801690585,73.00492167777112,109.84671578845517,74.89665393594792,57.35377979799237,94.11133602871327,30
twopx,twopx,T_C,T,1000<=T<1200,1000.0,1200.0,30,v10,ElasticNet/twopx_components,v10 ElasticNet twopx_components,132.78180489647275,92.22100353284053,169.83907946207836,99.37390647060606,71.60489435892023,128.58518640619772,30
twopx,twopx,P_kbar,T,1000<=T<1200,1000.0,1200.0,30,v10,ElasticNet/raw,v10 ElasticNet raw,4.052856658461623,2.965819733292398,5.184254105534786,3.3207502948582923,2.57118697973001,4.251439490660467,30
twopx,twopx,P_kbar,T,1000<=T<1200,1000.0,1200.0,30,v10,ElasticNet/alr,v10 ElasticNet alr,4.096507075389293,2.984019204784905,5.279457796353472,3.35435687717987,2.5766787121635892,4.30713547886126,30
twopx,twopx,P_kbar,T,1000<=T<1200,1000.0,1200.0,30,v10,ElasticNet/pwlr,v10 ElasticNet pwlr,4.4951690743808514,3.4133409655175417,5.461607511488206,3.6330439314119043,2.718909168546574,4.5893048490252815,30
twopx,twopx,P_kbar,T,1000<=T<1200,1000.0,1200.0,30,v10,ElasticNet/twopx_components,v10 ElasticNet twopx_components,4.628892153501096,3.5159568634749356,5.6699719065582155,3.717023932725808,2.7837945594771036,4.715320177877204,30
twopx,twopx,T_C,T,1000<=T<1200,1000.0,1200.0,30,v10,MLP/raw,v10 MLP raw,268.9030721482431,221.96309244712992,314.6255981895414,230.30472952718588,185.92211829712002,277.38167106436595,28
twopx,twopx,T_C,T,1000<=T<1200,1000.0,1200.0,30,v10,MLP/alr,v10 MLP alr,246.3908510389043,199.02568820551147,284.6356213059203,212.62103470249644,166.23078180672073,254.9085703925868,28
twopx,twopx,T_C,T,1000<=T<1200,1000.0,1200.0,30,v10,MLP/pwlr,v10 MLP pwlr,371.9272273326418,308.9472659317192,440.1245170723077,331.5781834506805,273.09154627834505,402.175522248557,28
twopx,twopx,T_C,T,1000<=T<1200,1000.0,1200.0,30,v10,MLP/twopx_components,v10 MLP twopx_components,397.3768310375199,313.5919888081418,471.8618877269402,345.75653592801604,264.48712494969595,423.2118373815428,26
twopx,twopx,P_kbar,T,1000<=T<1200,1000.0,1200.0,30,v10,MLP/raw,v10 MLP raw,5.524092528112791,4.217393886756293,6.934349360330687,4.421522723308687,3.2401050256973196,5.807474736965114,30
twopx,twopx,P_kbar,T,1000<=T<1200,1000.0,1200.0,30,v10,MLP/alr,v10 MLP alr,5.3297687629849655,3.890979050994806,6.71560622961279,4.097693934569876,2.779196868188618,5.405431925576748,30
twopx,twopx,P_kbar,T,1000<=T<1200,1000.0,1200.0,30,v10,MLP/pwlr,v10 MLP pwlr,5.984415254882011,4.4261695365651486,7.845671054249865,4.930157465811855,3.7665407118452516,6.316976459296664,30
twopx,twopx,P_kbar,T,1000<=T<1200,1000.0,1200.0,30,v10,MLP/twopx_components,v10 MLP twopx_components,6.067120853503837,4.297194024654826,7.580458451567596,4.316239128501025,2.8433219261129707,5.95085745665271,30
twopx,twopx,T_C,T,1200<=T<1400,1200.0,1400.0,15,v10,RF/twopx_components,v10 RF twopx_components,60.07560957716938,43.465040026801155,75.3629170658888,52.48008632459567,37.57030100838199,67.77277485961042,15
twopx,twopx,T_C,T,1200<=T<1400,1200.0,1400.0,15,v10,RF/raw,v10 RF raw,55.87803827368721,39.493068280362394,70.83494237091507,46.71448207096106,31.155629624091286,62.765423099100225,15
twopx,twopx,T_C,T,1200<=T<1400,1200.0,1400.0,15,v10,RF/alr,v10 RF alr,57.60071215858899,41.07656547326296,72.7897840899801,49.64099444444496,34.929333993056005,65.00875579861187,15
twopx,twopx,T_C,T,1200<=T<1400,1200.0,1400.0,15,v10,RF/pwlr,v10 RF pwlr,60.53134866242694,45.80350408396178,74.36104033193767,53.81059291995847,40.84610011206142,67.66111488700044,15
twopx,twopx,P_kbar,T,1200<=T<1400,1200.0,1400.0,15,v10,RF/raw,v10 RF raw,3.067699111264068,2.0010867360257087,4.099529630458444,2.3726773242185377,1.5197478087130307,3.4272852402015417,15
twopx,twopx,P_kbar,T,1200<=T<1400,1200.0,1400.0,15,v10,RF/alr,v10 RF alr,3.104970077836667,1.802637617523408,4.270247181148331,2.299857914547345,1.4134050534744829,3.5077641564971724,15
twopx,twopx,P_kbar,T,1200<=T<1400,1200.0,1400.0,15,v10,RF/pwlr,v10 RF pwlr,4.310336141181349,2.655455182963419,5.8565901660576785,3.3275454030723575,2.141313331401477,4.918292349314135,15
twopx,twopx,P_kbar,T,1200<=T<1400,1200.0,1400.0,15,v10,RF/twopx_components,v10 RF twopx_components,3.366912079773118,2.112053760364732,4.535947411977766,2.7351052054438814,1.831975146137597,3.816140324917456,15
twopx,twopx,T_C,T,1200<=T<1400,1200.0,1400.0,15,v10,ERT/raw,v10 ERT raw,55.189841650670566,44.02541944669116,66.21807419262929,50.344504691357194,39.023037893517575,61.4524843395055,15
twopx,twopx,T_C,T,1200<=T<1400,1200.0,1400.0,15,v10,ERT/alr,v10 ERT alr,55.30403450025183,42.43432863021024,67.56364429103483,50.36791130763372,39.38238580413808,62.807601117724644,15
twopx,twopx,T_C,T,1200<=T<1400,1200.0,1400.0,15,v10,ERT/pwlr,v10 ERT pwlr,55.15865017514319,41.35010995359665,68.35517550026765,49.60621850088126,37.7279637458108,62.6546721254402,15
twopx,twopx,T_C,T,1200<=T<1400,1200.0,1400.0,15,v10,ERT/twopx_components,v10 ERT twopx_components,60.20490087409891,44.000285503302145,73.69093167166737,53.860103703703636,39.651709444444364,67.94596222222215,15
twopx,twopx,P_kbar,T,1200<=T<1400,1200.0,1400.0,15,v10,ERT/raw,v10 ERT raw,2.684539471989387,1.963214722776062,3.4371449787778645,2.226314077848892,1.489111143014102,3.045287451128241,15
twopx,twopx,P_kbar,T,1200<=T<1400,1200.0,1400.0,15,v10,ERT/alr,v10 ERT alr,2.8847843576642904,1.9295576464080526,3.797420421442348,2.3774551316698562,1.6359554736118997,3.206055904698408,15
twopx,twopx,P_kbar,T,1200<=T<1400,1200.0,1400.0,15,v10,ERT/pwlr,v10 ERT pwlr,2.9566508263845033,1.8771858777100006,4.000590252681281,2.270598926865597,1.468533184553939,3.3314636746417117,15
twopx,twopx,P_kbar,T,1200<=T<1400,1200.0,1400.0,15,v10,ERT/twopx_components,v10 ERT twopx_components,3.7378919198391953,2.3370543607556797,4.988098585382882,3.0366960768917,1.9939435797382492,4.19979340349696,15
twopx,twopx,T_C,T,1200<=T<1400,1200.0,1400.0,15,v10,XGB/raw,v10 XGB raw,60.25443159479883,45.046357887171105,74.0366191946284,54.49039442274305,41.375110473632816,67.69274420844182,15
twopx,twopx,T_C,T,1200<=T<1400,1200.0,1400.0,15,v10,XGB/alr,v10 XGB alr,59.748603909712685,41.99501952620732,75.95646976689207,52.215915256076386,39.05290852864584,66.79738694932725,15
twopx,twopx,T_C,T,1200<=T<1400,1200.0,1400.0,15,v10,XGB/pwlr,v10 XGB pwlr,58.407137787996604,43.47578625035463,72.83024832861219,50.90378960503472,37.61166239420573,64.14594936794704,15
twopx,twopx,T_C,T,1200<=T<1400,1200.0,1400.0,15,v10,XGB/twopx_components,v10 XGB twopx_components,53.458159626521976,40.79505549887213,63.05895906992264,47.460137261284714,34.77153299967448,58.85382168240016,15
twopx,twopx,P_kbar,T,1200<=T<1400,1200.0,1400.0,15,v10,XGB/raw,v10 XGB raw,2.578896669115577,1.767785085843713,3.2306918749038065,2.0425393064300743,1.2566974960745911,2.821557563033457,15
twopx,twopx,P_kbar,T,1200<=T<1400,1200.0,1400.0,15,v10,XGB/alr,v10 XGB alr,2.8792724316273257,1.884648775713026,3.783709475197886,2.3321931480845346,1.5336975733438656,3.209202280318108,15
twopx,twopx,P_kbar,T,1200<=T<1400,1200.0,1400.0,15,v10,XGB/pwlr,v10 XGB pwlr,4.179625649454612,2.776200490455555,5.617703685413212,3.389219343610668,2.2620307842890153,4.808627644291745,15
twopx,twopx,P_kbar,T,1200<=T<1400,1200.0,1400.0,15,v10,XGB/twopx_components,v10 XGB twopx_components,3.7129766303751026,2.2993567547975573,4.996885128263464,2.95768130217798,1.8609607167280195,4.137743199225695,15
twopx,twopx,T_C,T,1200<=T<1400,1200.0,1400.0,15,v10,GB/raw,v10 GB raw,66.2853941907506,47.0304521381257,83.12669804294723,55.56126599536184,37.550085411003536,74.80387339673327,15
twopx,twopx,T_C,T,1200<=T<1400,1200.0,1400.0,15,v10,GB/alr,v10 GB alr,64.56182650886797,48.85807309471946,79.00737417840281,58.311268967559336,44.66636411547503,73.43823512299929,15
twopx,twopx,T_C,T,1200<=T<1400,1200.0,1400.0,15,v10,GB/pwlr,v10 GB pwlr,63.59661930478353,44.63204689057102,83.19496871254509,53.102470160509334,35.61538192899089,70.73377818443181,15
twopx,twopx,T_C,T,1200<=T<1400,1200.0,1400.0,15,v10,GB/twopx_components,v10 GB twopx_components,57.14312190883699,42.67919780201072,68.57325009514645,51.23625714331056,37.540713207564956,64.46928289782592,15
twopx,twopx,P_kbar,T,1200<=T<1400,1200.0,1400.0,15,v10,GB/raw,v10 GB raw,3.3302270798828895,2.233562059947963,4.388276107100645,2.747209096294793,1.8805160534851162,3.7207168437665215,15
twopx,twopx,P_kbar,T,1200<=T<1400,1200.0,1400.0,15,v10,GB/alr,v10 GB alr,3.1687749007219588,1.9948903148073904,4.322489403155212,2.4634964221531237,1.5903361966664753,3.574523875000818,15
twopx,twopx,P_kbar,T,1200<=T<1400,1200.0,1400.0,15,v10,GB/pwlr,v10 GB pwlr,3.9107899241946393,2.420271086708451,5.4592786972505,3.0697665742773017,2.018538576247791,4.5079144641593345,15
twopx,twopx,P_kbar,T,1200<=T<1400,1200.0,1400.0,15,v10,GB/twopx_components,v10 GB twopx_components,3.311283029647331,1.8452243280992424,4.653779991264088,2.4137804895111707,1.3234476415053316,3.6296832697918493,15
twopx,twopx,T_C,T,1200<=T<1400,1200.0,1400.0,15,v10,CatBoost/raw,v10 CatBoost raw,52.99210383193587,41.51951331956357,62.05278142612417,46.543149315898894,33.393533220980245,57.622651789710694,15
twopx,twopx,T_C,T,1200<=T<1400,1200.0,1400.0,15,v10,CatBoost/alr,v10 CatBoost alr,50.04088403018423,36.24882795914547,63.64848717585392,42.97879487095388,30.96497991078552,55.112772555934484,15
twopx,twopx,T_C,T,1200<=T<1400,1200.0,1400.0,15,v10,CatBoost/pwlr,v10 CatBoost pwlr,55.82504136515579,41.8328790740384,65.80782394588262,48.41753124781864,33.73615513187637,60.901222111852576,15
twopx,twopx,T_C,T,1200<=T<1400,1200.0,1400.0,15,v10,CatBoost/twopx_components,v10 CatBoost twopx_components,52.395507876851994,39.6979832731017,61.76479949870333,46.007864340311656,32.46305144492591,57.92086352223491,15
twopx,twopx,P_kbar,T,1200<=T<1400,1200.0,1400.0,15,v10,CatBoost/raw,v10 CatBoost raw,2.7857327240879117,1.9550927429942189,3.646159998691155,2.2894776904409158,1.5939455057626846,3.1132857458055923,15
twopx,twopx,P_kbar,T,1200<=T<1400,1200.0,1400.0,15,v10,CatBoost/alr,v10 CatBoost alr,3.210396357720909,2.1157558848068883,4.29806445368845,2.634825538362054,1.7619380425820328,3.551640477050251,15
twopx,twopx,P_kbar,T,1200<=T<1400,1200.0,1400.0,15,v10,CatBoost/pwlr,v10 CatBoost pwlr,2.841055096986106,1.9104731771551453,3.8040181079702533,2.2813144296016143,1.4812350397247345,3.188282341520376,15
twopx,twopx,P_kbar,T,1200<=T<1400,1200.0,1400.0,15,v10,CatBoost/twopx_components,v10 CatBoost twopx_components,3.4535605193612855,2.2692503266387867,4.469510736166718,2.8677081889788893,1.903090212496692,3.826763797409676,15
twopx,twopx,T_C,T,1200<=T<1400,1200.0,1400.0,15,v10,LightGBM/raw,v10 LightGBM raw,64.27248435847271,39.22692056037596,87.44007024690299,52.61236488177062,36.10084312734358,73.04935427117309,15
twopx,twopx,T_C,T,1200<=T<1400,1200.0,1400.0,15,v10,LightGBM/alr,v10 LightGBM alr,68.68554689656817,51.93657078760816,84.08797580846198,62.32517232154035,49.044923175059694,76.69837139199842,15
twopx,twopx,T_C,T,1200<=T<1400,1200.0,1400.0,15,v10,LightGBM/pwlr,v10 LightGBM pwlr,61.74832213891196,43.1379073896676,78.55924214908862,54.212860970461406,39.039598536873065,70.17125689150897,15
twopx,twopx,T_C,T,1200<=T<1400,1200.0,1400.0,15,v10,LightGBM/twopx_components,v10 LightGBM twopx_components,59.114350496646715,44.181053791497575,69.7501272881605,53.479240440418,39.7798965257158,65.95559143964799,15
twopx,twopx,P_kbar,T,1200<=T<1400,1200.0,1400.0,15,v10,LightGBM/raw,v10 LightGBM raw,3.575385917533772,2.2088399232418947,4.7142068299963755,2.721417353683202,1.630405456436574,3.9445111849084795,15
twopx,twopx,P_kbar,T,1200<=T<1400,1200.0,1400.0,15,v10,LightGBM/alr,v10 LightGBM alr,3.8090937748213816,2.2154088813612662,5.230465591674796,3.012756255237775,1.9369723734364674,4.255155840403429,15
twopx,twopx,P_kbar,T,1200<=T<1400,1200.0,1400.0,15,v10,LightGBM/pwlr,v10 LightGBM pwlr,3.407075570660457,2.031883067813539,4.729617307656895,2.5643457779667616,1.5034312038005146,3.876740362679334,15
twopx,twopx,P_kbar,T,1200<=T<1400,1200.0,1400.0,15,v10,LightGBM/twopx_components,v10 LightGBM twopx_components,3.6550616593599687,2.2964427800094294,4.8703952113902735,2.925971801963222,1.9028717418397512,4.126521613046642,15
twopx,twopx,T_C,T,1200<=T<1400,1200.0,1400.0,15,v10,ElasticNet/raw,v10 ElasticNet raw,57.50515987348919,47.115035269841755,66.1880152391873,53.30005278803713,41.74229394474586,63.136106701886845,15
twopx,twopx,T_C,T,1200<=T<1400,1200.0,1400.0,15,v10,ElasticNet/alr,v10 ElasticNet alr,52.47188012817899,41.363265680643195,61.89173778091084,46.94675719935611,35.11851774884637,58.41936045707576,15
twopx,twopx,T_C,T,1200<=T<1400,1200.0,1400.0,15,v10,ElasticNet/pwlr,v10 ElasticNet pwlr,63.808020991137774,50.65908176486875,76.11577232890045,58.93358445266849,46.616836086069384,71.55607622913031,15
twopx,twopx,T_C,T,1200<=T<1400,1200.0,1400.0,15,v10,ElasticNet/twopx_components,v10 ElasticNet twopx_components,64.27120466750192,42.14646400675876,81.65947776054122,51.17690985562066,32.41456334405755,70.6997349112138,15
twopx,twopx,P_kbar,T,1200<=T<1400,1200.0,1400.0,15,v10,ElasticNet/raw,v10 ElasticNet raw,3.04754382351447,2.476328903819122,3.5090439388231918,2.812769024084095,2.2091691828293953,3.3572709184937,15
twopx,twopx,P_kbar,T,1200<=T<1400,1200.0,1400.0,15,v10,ElasticNet/alr,v10 ElasticNet alr,3.011731500345476,2.4406130023436288,3.5175074482098836,2.7667328560159685,2.1747417089957013,3.3244841225049044,15
twopx,twopx,P_kbar,T,1200<=T<1400,1200.0,1400.0,15,v10,ElasticNet/pwlr,v10 ElasticNet pwlr,3.8322275240154133,3.0585532455472686,4.5155906763379265,3.3208691285117884,2.384732019596533,4.193082494442661,15
twopx,twopx,P_kbar,T,1200<=T<1400,1200.0,1400.0,15,v10,ElasticNet/twopx_components,v10 ElasticNet twopx_components,4.101418527003884,3.224978227791067,4.836590138605768,3.5760610161004993,2.5775635692525762,4.542705444650938,15
twopx,twopx,T_C,T,1200<=T<1400,1200.0,1400.0,15,v10,MLP/raw,v10 MLP raw,306.16043091729614,224.22278480717836,378.72232069358057,268.27927517885695,193.46642943399812,348.1840635048533,15
twopx,twopx,T_C,T,1200<=T<1400,1200.0,1400.0,15,v10,MLP/alr,v10 MLP alr,213.37935677606268,150.20128730845627,280.336001062923,174.71503675391295,118.59435971894267,242.35954526412655,15
twopx,twopx,T_C,T,1200<=T<1400,1200.0,1400.0,15,v10,MLP/pwlr,v10 MLP pwlr,348.81429433776555,277.65288682951103,407.6444786763422,321.85374442084265,237.6501938442366,393.9479156270772,11
twopx,twopx,T_C,T,1200<=T<1400,1200.0,1400.0,15,v10,MLP/twopx_components,v10 MLP twopx_components,253.02720236832258,199.96185318840412,297.7869996534625,227.26344765355623,164.49354254010777,287.27158411091443,15
twopx,twopx,P_kbar,T,1200<=T<1400,1200.0,1400.0,15,v10,MLP/raw,v10 MLP raw,3.8169245496099933,2.531168389346142,4.843904316468678,3.0721083326907004,1.9857384514143968,4.240954883074799,15
twopx,twopx,P_kbar,T,1200<=T<1400,1200.0,1400.0,15,v10,MLP/alr,v10 MLP alr,6.249721352284652,3.9793774374943904,8.006621405238205,5.036553033640692,3.2625077661635897,6.820118388339696,15
twopx,twopx,P_kbar,T,1200<=T<1400,1200.0,1400.0,15,v10,MLP/pwlr,v10 MLP pwlr,8.827010215688224,6.3362095085521615,10.786672641186343,7.7620902972606585,5.621770291771988,9.783667511223308,15
twopx,twopx,P_kbar,T,1200<=T<1400,1200.0,1400.0,15,v10,MLP/twopx_components,v10 MLP twopx_components,2.470672568226392,1.5035226302100366,3.3089601439139282,1.9257021564461292,1.1811969266623683,2.727043216001665,15
twopx,twopx,T_C,T,T>=1400,1400.0,5000.0,2,v10,RF/twopx_components,v10 RF twopx_components,104.77342774474495,,,104.76640978112391,,,2
twopx,twopx,T_C,T,T>=1400,1400.0,5000.0,2,v10,RF/raw,v10 RF raw,94.81070666762277,,,94.79563789682504,,,2
twopx,twopx,T_C,T,T>=1400,1400.0,5000.0,2,v10,RF/alr,v10 RF alr,95.2055341150601,,,95.19692708333321,,,2
twopx,twopx,T_C,T,T>=1400,1400.0,5000.0,2,v10,RF/pwlr,v10 RF pwlr,114.04450446617246,,,114.03350658670934,,,2
twopx,twopx,P_kbar,T,T>=1400,1400.0,5000.0,2,v10,RF/raw,v10 RF raw,12.107968262152951,,,11.882898396473415,,,2
twopx,twopx,P_kbar,T,T>=1400,1400.0,5000.0,2,v10,RF/alr,v10 RF alr,12.05437707009393,,,11.851899344358449,,,2
twopx,twopx,P_kbar,T,T>=1400,1400.0,5000.0,2,v10,RF/pwlr,v10 RF pwlr,11.387286817833154,,,11.268790994504638,,,2
twopx,twopx,P_kbar,T,T>=1400,1400.0,5000.0,2,v10,RF/twopx_components,v10 RF twopx_components,13.770742495967697,,,13.323480441678079,,,2
twopx,twopx,T_C,T,T>=1400,1400.0,5000.0,2,v10,ERT/raw,v10 ERT raw,102.06299919447088,,,102.06171064814475,,,2
twopx,twopx,T_C,T,T>=1400,1400.0,5000.0,2,v10,ERT/alr,v10 ERT alr,105.38950376676988,,,105.388333333329,,,2
twopx,twopx,T_C,T,T>=1400,1400.0,5000.0,2,v10,ERT/pwlr,v10 ERT pwlr,107.34786262412541,,,107.33192506613648,,,2
twopx,twopx,T_C,T,T>=1400,1400.0,5000.0,2,v10,ERT/twopx_components,v10 ERT twopx_components,104.8841692486964,,,104.68791666666664,,,2
twopx,twopx,P_kbar,T,T>=1400,1400.0,5000.0,2,v10,ERT/raw,v10 ERT raw,11.69296801653821,,,11.459910558267556,,,2
twopx,twopx,P_kbar,T,T>=1400,1400.0,5000.0,2,v10,ERT/alr,v10 ERT alr,13.342700376297593,,,13.166052625458509,,,2
twopx,twopx,P_kbar,T,T>=1400,1400.0,5000.0,2,v10,ERT/pwlr,v10 ERT pwlr,11.450120730359119,,,11.247154316745895,,,2
twopx,twopx,P_kbar,T,T>=1400,1400.0,5000.0,2,v10,ERT/twopx_components,v10 ERT twopx_components,13.925572914846423,,,13.682711505577155,,,2
twopx,twopx,T_C,T,T>=1400,1400.0,5000.0,2,v10,XGB/raw,v10 XGB raw,97.07289803275667,,,96.6007080078125,,,2
twopx,twopx,T_C,T,T>=1400,1400.0,5000.0,2,v10,XGB/alr,v10 XGB alr,137.1449414309875,,,135.9617919921875,,,2
twopx,twopx,T_C,T,T>=1400,1400.0,5000.0,2,v10,XGB/pwlr,v10 XGB pwlr,115.96153795879316,,,115.769775390625,,,2
twopx,twopx,T_C,T,T>=1400,1400.0,5000.0,2,v10,XGB/twopx_components,v10 XGB twopx_components,96.95155665464746,,,96.95123291015625,,,2
twopx,twopx,P_kbar,T,T>=1400,1400.0,5000.0,2,v10,XGB/raw,v10 XGB raw,12.50525449523019,,,12.281355381011963,,,2
twopx,twopx,P_kbar,T,T>=1400,1400.0,5000.0,2,v10,XGB/alr,v10 XGB alr,11.64692277710988,,,11.438653945922852,,,2
twopx,twopx,P_kbar,T,T>=1400,1400.0,5000.0,2,v10,XGB/pwlr,v10 XGB pwlr,11.456885066139002,,,11.29616928100586,,,2
twopx,twopx,P_kbar,T,T>=1400,1400.0,5000.0,2,v10,XGB/twopx_components,v10 XGB twopx_components,15.055777835485754,,,14.490608215332031,,,2
twopx,twopx,T_C,T,T>=1400,1400.0,5000.0,2,v10,GB/raw,v10 GB raw,115.94263352017933,,,115.51254112202582,,,2
twopx,twopx,T_C,T,T>=1400,1400.0,5000.0,2,v10,GB/alr,v10 GB alr,162.60871201214687,,,162.60834007548362,,,2
twopx,twopx,T_C,T,T>=1400,1400.0,5000.0,2,v10,GB/pwlr,v10 GB pwlr,110.76731945769103,,,110.24892299662861,,,2
twopx,twopx,T_C,T,T>=1400,1400.0,5000.0,2,v10,GB/twopx_components,v10 GB twopx_components,104.68203508867342,,,104.68197208633967,,,2
twopx,twopx,P_kbar,T,T>=1400,1400.0,5000.0,2,v10,GB/raw,v10 GB raw,11.439435004229,,,11.073810569509671,,,2
twopx,twopx,P_kbar,T,T>=1400,1400.0,5000.0,2,v10,GB/alr,v10 GB alr,13.027807612323896,,,12.785686183530569,,,2
twopx,twopx,P_kbar,T,T>=1400,1400.0,5000.0,2,v10,GB/pwlr,v10 GB pwlr,10.988695583951069,,,10.682880983601468,,,2
twopx,twopx,P_kbar,T,T>=1400,1400.0,5000.0,2,v10,GB/twopx_components,v10 GB twopx_components,13.350686253450435,,,13.159407021510276,,,2
twopx,twopx,T_C,T,T>=1400,1400.0,5000.0,2,v10,CatBoost/raw,v10 CatBoost raw,109.13313855699343,,,108.06592430334547,,,2
twopx,twopx,T_C,T,T>=1400,1400.0,5000.0,2,v10,CatBoost/alr,v10 CatBoost alr,108.17661250695991,,,108.16108752628236,,,2
twopx,twopx,T_C,T,T>=1400,1400.0,5000.0,2,v10,CatBoost/pwlr,v10 CatBoost pwlr,128.99945327932508,,,128.45336608994216,,,2
twopx,twopx,T_C,T,T>=1400,1400.0,5000.0,2,v10,CatBoost/twopx_components,v10 CatBoost twopx_components,109.8862270438078,,,109.43870015616176,,,2
twopx,twopx,P_kbar,T,T>=1400,1400.0,5000.0,2,v10,CatBoost/raw,v10 CatBoost raw,13.798338610579526,,,13.578003348017875,,,2
twopx,twopx,P_kbar,T,T>=1400,1400.0,5000.0,2,v10,CatBoost/alr,v10 CatBoost alr,14.324275248671885,,,14.10331759065061,,,2
twopx,twopx,P_kbar,T,T>=1400,1400.0,5000.0,2,v10,CatBoost/pwlr,v10 CatBoost pwlr,14.147572967711916,,,13.841929584292927,,,2
twopx,twopx,P_kbar,T,T>=1400,1400.0,5000.0,2,v10,CatBoost/twopx_components,v10 CatBoost twopx_components,14.386945696901725,,,13.947729572715266,,,2
twopx,twopx,T_C,T,T>=1400,1400.0,5000.0,2,v10,LightGBM/raw,v10 LightGBM raw,122.77112283846306,,,122.3488420347229,,,2
twopx,twopx,T_C,T,T>=1400,1400.0,5000.0,2,v10,LightGBM/alr,v10 LightGBM alr,169.0365420181204,,,169.03514955457968,,,2
twopx,twopx,T_C,T,T>=1400,1400.0,5000.0,2,v10,LightGBM/pwlr,v10 LightGBM pwlr,108.55786958160539,,,108.11589284072693,,,2
twopx,twopx,T_C,T,T>=1400,1400.0,5000.0,2,v10,LightGBM/twopx_components,v10 LightGBM twopx_components,93.9222227924909,,,93.87006766318927,,,2
twopx,twopx,P_kbar,T,T>=1400,1400.0,5000.0,2,v10,LightGBM/raw,v10 LightGBM raw,10.863899551901557,,,10.461933390529103,,,2
twopx,twopx,P_kbar,T,T>=1400,1400.0,5000.0,2,v10,LightGBM/alr,v10 LightGBM alr,10.40630334384703,,,10.255831040086164,,,2
twopx,twopx,P_kbar,T,T>=1400,1400.0,5000.0,2,v10,LightGBM/pwlr,v10 LightGBM pwlr,12.502870766928519,,,12.22510446360669,,,2
twopx,twopx,P_kbar,T,T>=1400,1400.0,5000.0,2,v10,LightGBM/twopx_components,v10 LightGBM twopx_components,13.540773476489175,,,13.43563493113561,,,2
twopx,twopx,T_C,T,T>=1400,1400.0,5000.0,2,v10,ElasticNet/raw,v10 ElasticNet raw,75.89469547759927,,,75.73271128702618,,,2
twopx,twopx,T_C,T,T>=1400,1400.0,5000.0,2,v10,ElasticNet/alr,v10 ElasticNet alr,96.70243199459455,,,96.48341219587996,,,2
twopx,twopx,T_C,T,T>=1400,1400.0,5000.0,2,v10,ElasticNet/pwlr,v10 ElasticNet pwlr,116.24298571919019,,,116.142547608825,,,2
twopx,twopx,T_C,T,T>=1400,1400.0,5000.0,2,v10,ElasticNet/twopx_components,v10 ElasticNet twopx_components,4.796856611604392,,,4.1428187360154425,,,2
twopx,twopx,P_kbar,T,T>=1400,1400.0,5000.0,2,v10,ElasticNet/raw,v10 ElasticNet raw,14.964314527990595,,,14.841373258848625,,,2
twopx,twopx,P_kbar,T,T>=1400,1400.0,5000.0,2,v10,ElasticNet/alr,v10 ElasticNet alr,15.513193829266996,,,15.376089955545403,,,2
twopx,twopx,P_kbar,T,T>=1400,1400.0,5000.0,2,v10,ElasticNet/pwlr,v10 ElasticNet pwlr,17.857067943982784,,,17.693151399457975,,,2
twopx,twopx,P_kbar,T,T>=1400,1400.0,5000.0,2,v10,ElasticNet/twopx_components,v10 ElasticNet twopx_components,18.183531088149095,,,18.01085236277519,,,2
twopx,twopx,T_C,T,T>=1400,1400.0,5000.0,2,v10,MLP/raw,v10 MLP raw,280.9637276227095,,,245.32618388896122,,,2
twopx,twopx,T_C,T,T>=1400,1400.0,5000.0,2,v10,MLP/alr,v10 MLP alr,309.0066748533485,,,232.99078880638694,,,2
twopx,twopx,T_C,T,T>=1400,1400.0,5000.0,2,v10,MLP/pwlr,v10 MLP pwlr,574.075441038248,,,544.6756536558721,,,2
twopx,twopx,T_C,T,T>=1400,1400.0,5000.0,2,v10,MLP/twopx_components,v10 MLP twopx_components,32.75028381647711,,,25.06654619128767,,,2
twopx,twopx,P_kbar,T,T>=1400,1400.0,5000.0,2,v10,MLP/raw,v10 MLP raw,8.939210878500017,,,8.93586244135994,,,2
twopx,twopx,P_kbar,T,T>=1400,1400.0,5000.0,2,v10,MLP/alr,v10 MLP alr,10.350483412320523,,,10.331748568834321,,,2
twopx,twopx,P_kbar,T,T>=1400,1400.0,5000.0,2,v10,MLP/pwlr,v10 MLP pwlr,17.066783164533682,,,16.97105792753673,,,2
twopx,twopx,P_kbar,T,T>=1400,1400.0,5000.0,2,v10,MLP/twopx_components,v10 MLP twopx_components,12.494923825758022,,,12.294334322932798,,,2
twopx,twopx,T_C,T,ALL,-1000.0,5000.0,48,v10,RF/twopx_components,v10 RF twopx_components,93.92168861093734,71.33852969943362,113.79787142620498,71.16457315068745,54.61557551464338,89.08743736691888,48
twopx,twopx,T_C,T,ALL,-1000.0,5000.0,48,v10,RF/raw,v10 RF raw,87.87729035893143,67.19856883635725,106.73701999185758,65.5478790677472,49.40207964917186,82.09978172316953,48
twopx,twopx,T_C,T,ALL,-1000.0,5000.0,48,v10,RF/alr,v10 RF alr,90.58100903799541,71.5364620832658,108.2851394161049,70.87603650655872,56.03838343460651,87.13712202088166,48
twopx,twopx,T_C,T,ALL,-1000.0,5000.0,48,v10,RF/pwlr,v10 RF pwlr,84.72663576875318,65.39707962069588,101.60648815489857,64.52489450170319,50.90409236165035,80.17854576045318,48
twopx,twopx,P_kbar,T,ALL,-1000.0,5000.0,48,v10,RF/raw,v10 RF raw,4.5879607770221735,3.2077363205374136,5.732700389549279,3.265613148294898,2.3791998808208152,4.156631115281474,48
twopx,twopx,P_kbar,T,ALL,-1000.0,5000.0,48,v10,RF/alr,v10 RF alr,4.580604807636982,3.1009279954345708,5.764372943429318,3.173602387868499,2.28142633903907,4.143833589921389,48
twopx,twopx,P_kbar,T,ALL,-1000.0,5000.0,48,v10,RF/pwlr,v10 RF pwlr,4.808723723839126,3.3994679643136227,5.982446312596618,3.4655923391351067,2.52092920343548,4.413673488334584,48
twopx,twopx,P_kbar,T,ALL,-1000.0,5000.0,48,v10,RF/twopx_components,v10 RF twopx_components,5.221717840627274,3.6614387372524275,6.5521323020082205,3.815700917847394,2.8056834044239456,4.883292340726737,48
twopx,twopx,T_C,T,ALL,-1000.0,5000.0,48,v10,ERT/raw,v10 ERT raw,87.79920520852397,66.80389696580855,107.00772331550557,66.88285193176736,52.02591082627109,82.82152874021644,48
twopx,twopx,T_C,T,ALL,-1000.0,5000.0,48,v10,ERT/alr,v10 ERT alr,90.78035195231351,69.25268287683615,110.42476345738501,69.3309111729177,53.816400857219215,85.71771081598149,48
twopx,twopx,T_C,T,ALL,-1000.0,5000.0,48,v10,ERT/pwlr,v10 ERT pwlr,88.32872706429676,67.65230905381546,106.98241713116636,68.3430886381172,53.84578453076756,83.40756935681216,48
twopx,twopx,T_C,T,ALL,-1000.0,5000.0,48,v10,ERT/twopx_components,v10 ERT twopx_components,99.51413878363859,80.22332001391796,118.7388002893393,79.22168248456784,62.62529629629625,98.84983872492278,48
twopx,twopx,P_kbar,T,ALL,-1000.0,5000.0,48,v10,ERT/raw,v10 ERT raw,4.4798654690482165,3.2196236447813393,5.501147904029985,3.2500247105945856,2.387336542683683,4.10729852556574,48
twopx,twopx,P_kbar,T,ALL,-1000.0,5000.0,48,v10,ERT/alr,v10 ERT alr,4.670397099868708,3.1626533306960423,5.831790795451494,3.2842389305990287,2.3635175454696227,4.225287132243697,48
twopx,twopx,P_kbar,T,ALL,-1000.0,5000.0,48,v10,ERT/pwlr,v10 ERT pwlr,4.406395173301416,3.078421716459157,5.487005719251822,3.1664807465703197,2.3381344379009557,4.084919405295647,48
twopx,twopx,P_kbar,T,ALL,-1000.0,5000.0,48,v10,ERT/twopx_components,v10 ERT twopx_components,5.544428295271922,3.9098207870516886,6.994307465102029,4.078271728665752,3.080352114073393,5.160300656324993,48
twopx,twopx,T_C,T,ALL,-1000.0,5000.0,48,v10,XGB/raw,v10 XGB raw,102.40617210620916,76.98525611106686,124.33610254216552,77.28823588806905,58.73081764409571,96.38200839007342,48
twopx,twopx,T_C,T,ALL,-1000.0,5000.0,48,v10,XGB/alr,v10 XGB alr,106.98991518893126,82.88088684454969,127.32152126855804,81.43430064636983,62.133914224601085,101.3061696264479,48
twopx,twopx,T_C,T,ALL,-1000.0,5000.0,48,v10,XGB/pwlr,v10 XGB pwlr,91.88229767724616,67.7447676336177,111.92438003344292,65.38244238017518,48.367624893894906,82.99319949326691,48
twopx,twopx,T_C,T,ALL,-1000.0,5000.0,48,v10,XGB/twopx_components,v10 XGB twopx_components,95.77135575357705,72.0783967062878,117.31183031777859,70.31032807150005,53.487420096220795,88.1594373208505,48
twopx,twopx,P_kbar,T,ALL,-1000.0,5000.0,48,v10,XGB/raw,v10 XGB raw,4.281293192326384,2.9803323323978956,5.346181474762871,3.028789425316514,2.23253661381863,3.861810823135664,48
twopx,twopx,P_kbar,T,ALL,-1000.0,5000.0,48,v10,XGB/alr,v10 XGB alr,4.270601483978543,3.0042314861703474,5.302694643099959,3.06983306351186,2.254529728111921,3.8636249286783926,48
twopx,twopx,P_kbar,T,ALL,-1000.0,5000.0,48,v10,XGB/pwlr,v10 XGB pwlr,4.673802710942837,3.3004298428028593,5.81080912432607,3.390363244641643,2.4839362390629662,4.3253672526574,48
twopx,twopx,P_kbar,T,ALL,-1000.0,5000.0,48,v10,XGB/twopx_components,v10 XGB twopx_components,5.547074500354635,3.897697085120922,6.9516505168443326,3.9741133137830214,2.9028566210856797,5.117737013097132,48
twopx,twopx,T_C,T,ALL,-1000.0,5000.0,48,v10,GB/raw,v10 GB raw,105.73267634979797,79.94733141252182,128.99792964025545,78.35303624213962,58.32287049262981,97.62780194217778,48
twopx,twopx,T_C,T,ALL,-1000.0,5000.0,48,v10,GB/alr,v10 GB alr,111.62597129832226,87.56533000704768,132.19932901452876,85.97692247410936,66.09397126635169,106.56329574837723,48
twopx,twopx,T_C,T,ALL,-1000.0,5000.0,48,v10,GB/pwlr,v10 GB pwlr,89.41468640733983,69.25657606800642,107.31981777255962,68.08218193859283,52.793167205183074,83.67358843003693,48
twopx,twopx,T_C,T,ALL,-1000.0,5000.0,48,v10,GB/twopx_components,v10 GB twopx_components,99.19896028466412,76.90174603807253,118.33275073668624,77.6709948019398,60.22485502382681,95.70868415474659,48
twopx,twopx,P_kbar,T,ALL,-1000.0,5000.0,48,v10,GB/raw,v10 GB raw,4.521411256934363,3.352399214681666,5.614918663023934,3.375613849280972,2.60870113591639,4.194553646631423,48
twopx,twopx,P_kbar,T,ALL,-1000.0,5000.0,48,v10,GB/alr,v10 GB alr,4.60791567995762,3.140567124633572,5.717190761563273,3.285856391293113,2.402505788469257,4.236491316707503,48
twopx,twopx,P_kbar,T,ALL,-1000.0,5000.0,48,v10,GB/pwlr,v10 GB pwlr,4.599867880724804,3.2621661662724364,5.754116938347976,3.3573017439759725,2.540691143838232,4.292095527856859,48
twopx,twopx,P_kbar,T,ALL,-1000.0,5000.0,48,v10,GB/twopx_components,v10 GB twopx_components,5.253778233545142,3.7877237403711916,6.488024098767231,3.713153392707415,2.6813428975371987,4.825838244408834,48
twopx,twopx,T_C,T,ALL,-1000.0,5000.0,48,v10,CatBoost/raw,v10 CatBoost raw,92.10369336432936,69.80950015223203,111.71133435525108,68.14640766345853,51.36593391282783,85.93231707343486,48
twopx,twopx,T_C,T,ALL,-1000.0,5000.0,48,v10,CatBoost/alr,v10 CatBoost alr,85.98010044608505,66.33435542289098,104.12607539460895,65.03393526815216,49.22567267981862,81.48549025344514,48
twopx,twopx,T_C,T,ALL,-1000.0,5000.0,48,v10,CatBoost/pwlr,v10 CatBoost pwlr,82.69170392960639,63.562651121726304,98.34857857538299,62.233796057516436,47.82570898518586,78.30967288628553,48
twopx,twopx,T_C,T,ALL,-1000.0,5000.0,48,v10,CatBoost/twopx_components,v10 CatBoost twopx_components,94.8954804709775,73.92196210786722,113.85790229432203,71.60489581528587,55.70672320112447,90.41642566290686,48
twopx,twopx,P_kbar,T,ALL,-1000.0,5000.0,48,v10,CatBoost/raw,v10 CatBoost raw,4.668808985165133,3.277608745981162,5.841714468208115,3.347009293849432,2.498383594751168,4.211862743464324,48
twopx,twopx,P_kbar,T,ALL,-1000.0,5000.0,48,v10,CatBoost/alr,v10 CatBoost alr,4.911716420350418,3.376958483305697,6.170711884666137,3.4326958190198913,2.4569282582703855,4.4253476359554345,48
twopx,twopx,P_kbar,T,ALL,-1000.0,5000.0,48,v10,CatBoost/pwlr,v10 CatBoost pwlr,4.4071080246399905,2.8112468906772743,5.6459381694813064,2.994199691714769,2.123211675457867,3.9027946495995414,48
twopx,twopx,P_kbar,T,ALL,-1000.0,5000.0,48,v10,CatBoost/twopx_components,v10 CatBoost twopx_components,5.624734082941897,3.956185267750122,7.013161368673085,4.081948544608166,2.9948155171351334,5.184593643249269,48
twopx,twopx,T_C,T,ALL,-1000.0,5000.0,48,v10,LightGBM/raw,v10 LightGBM raw,105.99168536583583,79.61318631776481,129.03361362351976,76.64724751529248,57.06190958428695,99.39248175727208,48
twopx,twopx,T_C,T,ALL,-1000.0,5000.0,48,v10,LightGBM/alr,v10 LightGBM alr,106.88446517273549,81.84213770720203,127.82406416724317,81.2245910997996,61.832974978868194,101.3040368807859,48
twopx,twopx,T_C,T,ALL,-1000.0,5000.0,48,v10,LightGBM/pwlr,v10 LightGBM pwlr,97.92860251619219,71.8212466581853,119.6526619311842,70.46433569306969,53.066896235326695,88.38326596469167,48
twopx,twopx,T_C,T,ALL,-1000.0,5000.0,48,v10,LightGBM/twopx_components,v10 LightGBM twopx_components,98.7100673311632,77.45765125511177,119.03536855727174,75.50224427816596,58.9028311189159,93.52194093955696,48
twopx,twopx,P_kbar,T,ALL,-1000.0,5000.0,48,v10,LightGBM/raw,v10 LightGBM raw,4.6897166156909975,3.4687349094172424,5.775969401520578,3.477568593065314,2.647251090924937,4.382106794429518,48
twopx,twopx,P_kbar,T,ALL,-1000.0,5000.0,48,v10,LightGBM/alr,v10 LightGBM alr,4.587823650473292,3.3344118094582402,5.726512085209443,3.4339252647579115,2.6501057284224996,4.326679772947017,48
twopx,twopx,P_kbar,T,ALL,-1000.0,5000.0,48,v10,LightGBM/pwlr,v10 LightGBM pwlr,4.584402255258671,3.124274006416676,5.7084329978602835,3.3383685311671507,2.4459123736654975,4.278485056551954,48
twopx,twopx,P_kbar,T,ALL,-1000.0,5000.0,48,v10,LightGBM/twopx_components,v10 LightGBM twopx_components,5.4221031800130906,4.073982962992726,6.515252502110243,4.002562812602593,3.017269867746895,5.100172634044635,48
twopx,twopx,T_C,T,ALL,-1000.0,5000.0,48,v10,ElasticNet/raw,v10 ElasticNet raw,79.53579684431216,65.18850553792056,93.30557967349657,66.2626763420447,55.299093941667536,79.02799998875737,48
twopx,twopx,T_C,T,ALL,-1000.0,5000.0,48,v10,ElasticNet/alr,v10 ElasticNet alr,79.72635175235887,63.843046433772756,93.68670236487579,64.35884877978529,51.838633271915945,78.16260631650391,48
twopx,twopx,T_C,T,ALL,-1000.0,5000.0,48,v10,ElasticNet/pwlr,v10 ElasticNet pwlr,85.31248810954717,70.51246913524305,98.82875254448898,70.7112289845544,58.05975022708675,84.56441185642957,48
twopx,twopx,T_C,T,ALL,-1000.0,5000.0,48,v10,ElasticNet/twopx_components,v10 ElasticNet twopx_components,110.95589284701295,79.14906099551636,141.57300843569243,78.27706191443444,56.34921851185089,102.24783096126214,48
twopx,twopx,P_kbar,T,ALL,-1000.0,5000.0,48,v10,ElasticNet/raw,v10 ElasticNet raw,4.778917845463868,3.4135515183122878,6.015905422577566,3.6569168770331193,2.8796964596355377,4.50027307796347,48
twopx,twopx,P_kbar,T,ALL,-1000.0,5000.0,48,v10,ElasticNet/alr,v10 ElasticNet alr,4.868615116820685,3.435397754041921,6.173785507810464,3.6875101433437596,2.8900749508276617,4.577787206567742,48
twopx,twopx,P_kbar,T,ALL,-1000.0,5000.0,48,v10,ElasticNet/pwlr,v10 ElasticNet pwlr,5.580191717705463,3.939894547296742,7.087420926008892,4.160532755210226,3.17462445025973,5.258908894418376,48
twopx,twopx,P_kbar,T,ALL,-1000.0,5000.0,48,v10,ElasticNet/twopx_components,v10 ElasticNet twopx_components,5.749398553037476,4.098996875802082,7.302729487214173,4.3057184526996855,3.249445646915102,5.424402605143314,48
twopx,twopx,T_C,T,ALL,-1000.0,5000.0,48,v10,MLP/raw,v10 MLP raw,280.3286552862274,237.87039051892955,319.43309790322286,241.86162743348356,201.1611044062921,282.1919725787549,46
twopx,twopx,T_C,T,ALL,-1000.0,5000.0,48,v10,MLP/alr,v10 MLP alr,237.66195498184166,201.14415364645066,275.0866030934089,199.9237117162906,164.2407605193125,238.36842668606653,46
twopx,twopx,T_C,T,ALL,-1000.0,5000.0,48,v10,MLP/pwlr,v10 MLP pwlr,380.60409596364934,327.59632712784696,429.37032194592933,342.2816941179171,291.53428471860894,392.8493273498288,42
twopx,twopx,T_C,T,ALL,-1000.0,5000.0,48,v10,MLP/twopx_components,v10 MLP twopx_components,345.0088347479293,291.65241612002654,398.5784799211254,292.276648362088,240.7821565330956,342.25105291033594,44
twopx,twopx,P_kbar,T,ALL,-1000.0,5000.0,48,v10,MLP/raw,v10 MLP raw,5.237424453346497,4.249743421227416,6.062770437192747,4.195397559163955,3.2531923550783057,5.021858995120014,48
twopx,twopx,P_kbar,T,ALL,-1000.0,5000.0,48,v10,MLP/alr,v10 MLP alr,5.923539578263637,4.775725533622219,6.844249859893361,4.683130695508988,3.695456959382733,5.601425947992353,48
twopx,twopx,P_kbar,T,ALL,-1000.0,5000.0,48,v10,MLP/pwlr,v10 MLP pwlr,7.714806679684145,6.11529964243279,9.118533827914188,6.330473519742316,5.039872767968167,7.58028979944756,48
twopx,twopx,P_kbar,T,ALL,-1000.0,5000.0,48,v10,MLP/twopx_components,v10 MLP twopx_components,5.6066170418632,4.20547360246493,6.863264247929796,3.8295096117786422,2.7101308952708534,5.034108908481497,48
universal,universal,T_C,P,shallow_crustal,0.0,5.0,318,v10,RF/universal_raw,v10 RF universal_raw,69.16515358723906,63.337893035912906,75.86390242975155,54.20936007200371,49.588204549376904,59.66718681766758,318
universal,universal,P_kbar,P,shallow_crustal,0.0,5.0,318,v10,RF/universal_raw,v10 RF universal_raw,4.635483030127037,4.110949849874947,5.083909203228663,3.2029233693867414,2.8502231534323608,3.567654075563064,318
universal,universal,T_C,P,shallow_crustal,0.0,5.0,318,v10,ERT/universal_raw,v10 ERT universal_raw,67.41267740734718,60.90722407273477,74.75880122744232,52.45005885126215,47.91664561982733,57.672217998244705,318
universal,universal,P_kbar,P,shallow_crustal,0.0,5.0,318,v10,ERT/universal_raw,v10 ERT universal_raw,6.487687906648172,5.419501940669973,7.472921264003101,4.125111517340938,3.5732026257269776,4.676793538227847,318
universal,universal,T_C,P,shallow_crustal,0.0,5.0,318,v10,XGB/universal_raw,v10 XGB universal_raw,67.23997518644506,61.091160693547444,74.80189295115396,51.396133902687694,47.00925586628464,56.94366685879305,318
universal,universal,P_kbar,P,shallow_crustal,0.0,5.0,318,v10,XGB/universal_raw,v10 XGB universal_raw,5.202657225508612,4.679960537946412,5.70133608286426,3.747103890425694,3.3508177123366245,4.1547382065291485,318
universal,universal,T_C,P,shallow_crustal,0.0,5.0,318,v10,GB/universal_raw,v10 GB universal_raw,64.57967948009008,59.37150015797347,70.80818175362478,50.688550203975375,46.320803144278784,55.43062102575323,318
universal,universal,P_kbar,P,shallow_crustal,0.0,5.0,318,v10,GB/universal_raw,v10 GB universal_raw,4.995960237664857,4.50795723891946,5.452395757409909,3.6448615898994094,3.249962204398819,4.059685027436854,318
universal,universal,T_C,P,shallow_crustal,0.0,5.0,318,v10,CatBoost/universal_raw,v10 CatBoost universal_raw,65.13205896820243,59.644182975744826,71.34763775877882,51.60610280034949,47.38221902262858,56.47718918947339,318
universal,universal,P_kbar,P,shallow_crustal,0.0,5.0,318,v10,CatBoost/universal_raw,v10 CatBoost universal_raw,5.4894894162466485,4.760796900140378,6.144586394620849,3.5616245689908945,3.0989501333345477,4.025608534461913,318
universal,universal,T_C,P,shallow_crustal,0.0,5.0,318,v10,LightGBM/universal_raw,v10 LightGBM universal_raw,63.36591540207841,57.72794929103397,69.39754434895883,49.319536062241895,44.72805666861132,54.14069448548886,318
universal,universal,P_kbar,P,shallow_crustal,0.0,5.0,318,v10,LightGBM/universal_raw,v10 LightGBM universal_raw,5.343317838135112,4.719064371830978,5.896142725871519,3.6394825074943307,3.180801737050835,4.072879176775441,318
universal,universal,T_C,P,shallow_crustal,0.0,5.0,318,v10,ElasticNet/universal_raw,v10 ElasticNet universal_raw,88.56253830385143,81.86441090910729,96.14948925765567,68.87437850667762,63.35182241531004,75.74598513529048,318
universal,universal,P_kbar,P,shallow_crustal,0.0,5.0,318,v10,ElasticNet/universal_raw,v10 ElasticNet universal_raw,8.430578894180117,7.77723866723902,9.018391755197229,6.672345807456915,6.069012552347229,7.215939629750042,307
universal,universal,T_C,P,shallow_crustal,0.0,5.0,318,v10,MLP/universal_raw,v10 MLP universal_raw,62.501901113675196,54.79445302657773,70.30395852629671,45.23394971921959,40.524715061565324,49.96451851901856,318
universal,universal,P_kbar,P,shallow_crustal,0.0,5.0,318,v10,MLP/universal_raw,v10 MLP universal_raw,7.64009298204773,6.186886912443996,9.016601405082453,4.371256277504831,3.6842805741300726,5.030070093813792,318
universal,universal,T_C,P,deep_crustal_MASH,5.0,15.0,286,v10,RF/universal_raw,v10 RF universal_raw,76.96519347125289,62.30940205658538,92.30111965109805,51.98306410356824,45.819026089255104,59.62040243151319,286
universal,universal,P_kbar,P,deep_crustal_MASH,5.0,15.0,286,v10,RF/universal_raw,v10 RF universal_raw,4.286698322821312,3.9141253967198515,4.675205781178777,3.2968062644575995,2.9957979673427038,3.608334288753237,286
universal,universal,T_C,P,deep_crustal_MASH,5.0,15.0,286,v10,ERT/universal_raw,v10 ERT universal_raw,77.34718467738257,61.853999464976276,92.31190977618401,50.8836785010403,44.55447046942934,58.60520165090443,286
universal,universal,P_kbar,P,deep_crustal_MASH,5.0,15.0,286,v10,ERT/universal_raw,v10 ERT universal_raw,4.0199694333887575,3.571448194050776,4.477576217334718,2.9468749786604933,2.633299066373625,3.27194594796577,286
universal,universal,T_C,P,deep_crustal_MASH,5.0,15.0,286,v10,XGB/universal_raw,v10 XGB universal_raw,78.00372265725228,63.36432617056831,92.8672333167307,52.60399549808912,46.44708247102057,60.01788847579144,286
universal,universal,P_kbar,P,deep_crustal_MASH,5.0,15.0,286,v10,XGB/universal_raw,v10 XGB universal_raw,4.503130088227265,4.056216719019803,4.932567673456733,3.3842022763729074,3.030004431909651,3.7102466040013287,286
universal,universal,T_C,P,deep_crustal_MASH,5.0,15.0,286,v10,GB/universal_raw,v10 GB universal_raw,78.36629926670732,62.57819697363936,94.72613697384926,51.85725912348223,45.390863902344684,59.446590127288445,286
universal,universal,P_kbar,P,deep_crustal_MASH,5.0,15.0,286,v10,GB/universal_raw,v10 GB universal_raw,4.508686085142664,4.075037583341236,4.93757778711185,3.4251106805503513,3.093338525679665,3.7514850656471923,286
universal,universal,T_C,P,deep_crustal_MASH,5.0,15.0,286,v10,CatBoost/universal_raw,v10 CatBoost universal_raw,76.93229862835648,63.9247957607065,89.50044073681732,52.81053036292927,46.594533708838206,59.45818947149498,286
universal,universal,P_kbar,P,deep_crustal_MASH,5.0,15.0,286,v10,CatBoost/universal_raw,v10 CatBoost universal_raw,4.368588812748556,3.942435976360475,4.774808994930064,3.3708825466400834,3.0269115208590898,3.6767145256047944,286
universal,universal,T_C,P,deep_crustal_MASH,5.0,15.0,286,v10,LightGBM/universal_raw,v10 LightGBM universal_raw,78.7909264695806,63.60886371963899,94.72638503737565,52.627105266064845,46.664824934424864,59.96556119251805,286
universal,universal,P_kbar,P,deep_crustal_MASH,5.0,15.0,286,v10,LightGBM/universal_raw,v10 LightGBM universal_raw,4.4524454427949065,4.031593292032663,4.876362923636411,3.4201795643539037,3.0980582037316142,3.7558360131560997,286
universal,universal,T_C,P,deep_crustal_MASH,5.0,15.0,286,v10,ElasticNet/universal_raw,v10 ElasticNet universal_raw,97.83564468666945,83.59194521170464,112.64277245657946,69.71755134932143,62.00454985988935,78.44764617617409,286
universal,universal,P_kbar,P,deep_crustal_MASH,5.0,15.0,286,v10,ElasticNet/universal_raw,v10 ElasticNet universal_raw,5.908291723214442,5.229545985902807,6.733261147280213,4.417943156681139,3.9651931438450947,4.877661464000949,281
universal,universal,T_C,P,deep_crustal_MASH,5.0,15.0,286,v10,MLP/universal_raw,v10 MLP universal_raw,103.3711419986918,89.59733381690029,117.7186333243795,70.66610985601575,62.15971885600091,80.21764780491222,286
universal,universal,P_kbar,P,deep_crustal_MASH,5.0,15.0,286,v10,MLP/universal_raw,v10 MLP universal_raw,5.428625912233204,4.832505558456672,5.98683949259988,4.098449432528472,3.7029056308201307,4.476943833295906,286
universal,universal,T_C,P,lithospheric_mantle,15.0,30.0,272,v10,RF/universal_raw,v10 RF universal_raw,113.32888001856924,97.59103891036371,130.09679057730554,81.9098815478863,73.01824407863238,91.47192196198547,272
universal,universal,P_kbar,P,lithospheric_mantle,15.0,30.0,272,v10,RF/universal_raw,v10 RF universal_raw,8.997326065196496,7.370355167901504,10.71919466096157,6.09874591596453,5.329379024682397,6.914795948724468,271
universal,universal,T_C,P,lithospheric_mantle,15.0,30.0,272,v10,ERT/universal_raw,v10 ERT universal_raw,107.04215200065184,92.27693528769014,121.73023467200827,76.2479618736326,67.48509190595361,85.11329015954902,272
universal,universal,P_kbar,P,lithospheric_mantle,15.0,30.0,272,v10,ERT/universal_raw,v10 ERT universal_raw,7.979776276269536,6.548877755952418,9.38357797089055,5.3702680287559925,4.702303057239691,6.09166296921827,271
universal,universal,T_C,P,lithospheric_mantle,15.0,30.0,272,v10,XGB/universal_raw,v10 XGB universal_raw,105.58881789368142,93.2563858342585,117.76140473049222,78.08267897562263,69.58356787550683,86.53441566953471,272
universal,universal,P_kbar,P,lithospheric_mantle,15.0,30.0,272,v10,XGB/universal_raw,v10 XGB universal_raw,9.55621416301034,8.107447992532453,11.092775108024394,6.678263814432298,5.994520840489148,7.532396901030922,271
universal,universal,T_C,P,lithospheric_mantle,15.0,30.0,272,v10,GB/universal_raw,v10 GB universal_raw,106.11646370488239,93.73347610204132,119.05350814585174,77.98891985832175,69.30109400586355,86.1754788710803,272
universal,universal,P_kbar,P,lithospheric_mantle,15.0,30.0,272,v10,GB/universal_raw,v10 GB universal_raw,9.228264437206565,7.919771448391923,10.577651929850413,6.488496655542624,5.853718003989987,7.258334624291392,271
universal,universal,T_C,P,lithospheric_mantle,15.0,30.0,272,v10,CatBoost/universal_raw,v10 CatBoost universal_raw,97.42496237486381,83.95037078251536,110.63560938052304,68.62610235233267,60.06962306009994,77.67037800792852,272
universal,universal,P_kbar,P,lithospheric_mantle,15.0,30.0,272,v10,CatBoost/universal_raw,v10 CatBoost universal_raw,9.511055008155344,7.93744575237876,11.256345642310242,6.288346166218398,5.569406242463143,7.160680132261391,271
universal,universal,T_C,P,lithospheric_mantle,15.0,30.0,272,v10,LightGBM/universal_raw,v10 LightGBM universal_raw,107.48363403087086,94.13349272850354,121.90171067505707,77.74509460434662,69.16112968382122,86.67623418690863,272
universal,universal,P_kbar,P,lithospheric_mantle,15.0,30.0,272,v10,LightGBM/universal_raw,v10 LightGBM universal_raw,9.254865652654246,7.912399565447417,10.712741297524902,6.484011430832437,5.808549671890439,7.2624109473245975,271
universal,universal,T_C,P,lithospheric_mantle,15.0,30.0,272,v10,ElasticNet/universal_raw,v10 ElasticNet universal_raw,142.4811705644952,122.09541707938632,162.30747903937097,104.74718199298519,93.93839165563055,115.7112368758574,272
universal,universal,P_kbar,P,lithospheric_mantle,15.0,30.0,272,v10,ElasticNet/universal_raw,v10 ElasticNet universal_raw,10.92816721051824,8.955954307620502,13.000129984098546,7.407279231762182,6.569973792911521,8.380970811261486,271
universal,universal,T_C,P,lithospheric_mantle,15.0,30.0,272,v10,MLP/universal_raw,v10 MLP universal_raw,95.73736750079951,83.91359472726396,106.59035726310948,72.4755531633964,65.173860708161,80.25096358403452,272
universal,universal,P_kbar,P,lithospheric_mantle,15.0,30.0,272,v10,MLP/universal_raw,v10 MLP universal_raw,8.688270148074826,7.267548816186454,10.033595525481353,5.809772759546037,5.091748487363531,6.533290524115066,271
universal,universal,T_C,P,deeper_mantle,30.0,1000.0,129,v10,RF/universal_raw,v10 RF universal_raw,329.9851440243975,282.0211097121728,373.9632920683771,248.76461780880052,212.52460593272914,286.1346861614116,129
universal,universal,P_kbar,P,deeper_mantle,30.0,1000.0,129,v10,RF/universal_raw,v10 RF universal_raw,45.82742583335571,36.95015998705805,54.17138431133561,30.05617888790965,24.431213937246024,36.1394960079291,126
universal,universal,T_C,P,deeper_mantle,30.0,1000.0,129,v10,ERT/universal_raw,v10 ERT universal_raw,344.286212507045,295.0255579955136,392.50276485102455,258.01634848774256,219.62783425216585,298.2171729056553,129
universal,universal,P_kbar,P,deeper_mantle,30.0,1000.0,129,v10,ERT/universal_raw,v10 ERT universal_raw,42.611707323694226,35.058561459474575,50.553065903959975,28.758096053330966,23.972710081953455,34.21010617602048,123
universal,universal,T_C,P,deeper_mantle,30.0,1000.0,129,v10,XGB/universal_raw,v10 XGB universal_raw,344.66692490908366,296.5941188909212,392.2770557383949,257.2323269314236,219.8875190912291,296.46958241622883,129
universal,universal,P_kbar,P,deeper_mantle,30.0,1000.0,129,v10,XGB/universal_raw,v10 XGB universal_raw,46.20225380268288,37.30692079202574,54.50742025547901,31.769947632682754,26.143575780564685,37.857389383846616,126
universal,universal,T_C,P,deeper_mantle,30.0,1000.0,129,v10,GB/universal_raw,v10 GB universal_raw,341.377477650692,293.34835015267356,387.80649797686436,255.74617326378961,217.90673277066847,295.18258154665665,129
universal,universal,P_kbar,P,deeper_mantle,30.0,1000.0,129,v10,GB/universal_raw,v10 GB universal_raw,46.2378852760417,37.44090442659636,55.209494939459326,31.38694264145639,25.760770721467864,37.372536689025075,123
universal,universal,T_C,P,deeper_mantle,30.0,1000.0,129,v10,CatBoost/universal_raw,v10 CatBoost universal_raw,345.5749494374093,294.0362522532399,393.17967020629004,254.40564788239416,214.38092292947644,297.13103538916056,129
universal,universal,P_kbar,P,deeper_mantle,30.0,1000.0,129,v10,CatBoost/universal_raw,v10 CatBoost universal_raw,43.34814433339217,35.937832675710524,51.59862745701881,29.663180288965595,24.97836457866288,35.51831005276136,122
universal,universal,T_C,P,deeper_mantle,30.0,1000.0,129,v10,LightGBM/universal_raw,v10 LightGBM universal_raw,346.14695241340576,296.7633063302976,393.1497179840898,259.4655367651406,222.02131745856903,300.09995963419743,129
universal,universal,P_kbar,P,deeper_mantle,30.0,1000.0,129,v10,LightGBM/universal_raw,v10 LightGBM universal_raw,46.68394416227435,38.17542696792379,55.343907589770104,31.642980576323502,25.936050942262362,37.97973444358425,122
universal,universal,T_C,P,deeper_mantle,30.0,1000.0,129,v10,ElasticNet/universal_raw,v10 ElasticNet universal_raw,314.3484718205363,271.2508727134383,352.2420800247211,246.35654416116682,213.75783278099527,279.11524790853827,129
universal,universal,P_kbar,P,deeper_mantle,30.0,1000.0,129,v10,ElasticNet/universal_raw,v10 ElasticNet universal_raw,46.16986840691543,38.31624133394346,54.97043240168055,33.53952455525656,28.920022042746787,39.74980583919742,121
universal,universal,T_C,P,deeper_mantle,30.0,1000.0,129,v10,MLP/universal_raw,v10 MLP universal_raw,374.56409015471763,316.6730178395242,430.14250320628264,264.61786050585914,218.48821490391987,309.2305169451413,129
universal,universal,P_kbar,P,deeper_mantle,30.0,1000.0,129,v10,MLP/universal_raw,v10 MLP universal_raw,37.98886372005134,29.165975615880644,46.44418614955088,25.170284975145865,19.9369322816403,30.226555972951203,114
universal,universal,T_C,P,P<5,0.0,5.0,318,v10,RF/universal_raw,v10 RF universal_raw,69.16515358723906,63.337893035912906,75.86390242975155,54.20936007200371,49.588204549376904,59.66718681766758,318
universal,universal,P_kbar,P,P<5,0.0,5.0,318,v10,RF/universal_raw,v10 RF universal_raw,4.635483030127037,4.110949849874947,5.083909203228663,3.2029233693867414,2.8502231534323608,3.567654075563064,318
universal,universal,T_C,P,P<5,0.0,5.0,318,v10,ERT/universal_raw,v10 ERT universal_raw,67.41267740734718,60.90722407273477,74.75880122744232,52.45005885126215,47.91664561982733,57.672217998244705,318
universal,universal,P_kbar,P,P<5,0.0,5.0,318,v10,ERT/universal_raw,v10 ERT universal_raw,6.487687906648172,5.419501940669973,7.472921264003101,4.125111517340938,3.5732026257269776,4.676793538227847,318
universal,universal,T_C,P,P<5,0.0,5.0,318,v10,XGB/universal_raw,v10 XGB universal_raw,67.23997518644506,61.091160693547444,74.80189295115396,51.396133902687694,47.00925586628464,56.94366685879305,318
universal,universal,P_kbar,P,P<5,0.0,5.0,318,v10,XGB/universal_raw,v10 XGB universal_raw,5.202657225508612,4.679960537946412,5.70133608286426,3.747103890425694,3.3508177123366245,4.1547382065291485,318
universal,universal,T_C,P,P<5,0.0,5.0,318,v10,GB/universal_raw,v10 GB universal_raw,64.57967948009008,59.37150015797347,70.80818175362478,50.688550203975375,46.320803144278784,55.43062102575323,318
universal,universal,P_kbar,P,P<5,0.0,5.0,318,v10,GB/universal_raw,v10 GB universal_raw,4.995960237664857,4.50795723891946,5.452395757409909,3.6448615898994094,3.249962204398819,4.059685027436854,318
universal,universal,T_C,P,P<5,0.0,5.0,318,v10,CatBoost/universal_raw,v10 CatBoost universal_raw,65.13205896820243,59.644182975744826,71.34763775877882,51.60610280034949,47.38221902262858,56.47718918947339,318
universal,universal,P_kbar,P,P<5,0.0,5.0,318,v10,CatBoost/universal_raw,v10 CatBoost universal_raw,5.4894894162466485,4.760796900140378,6.144586394620849,3.5616245689908945,3.0989501333345477,4.025608534461913,318
universal,universal,T_C,P,P<5,0.0,5.0,318,v10,LightGBM/universal_raw,v10 LightGBM universal_raw,63.36591540207841,57.72794929103397,69.39754434895883,49.319536062241895,44.72805666861132,54.14069448548886,318
universal,universal,P_kbar,P,P<5,0.0,5.0,318,v10,LightGBM/universal_raw,v10 LightGBM universal_raw,5.343317838135112,4.719064371830978,5.896142725871519,3.6394825074943307,3.180801737050835,4.072879176775441,318
universal,universal,T_C,P,P<5,0.0,5.0,318,v10,ElasticNet/universal_raw,v10 ElasticNet universal_raw,88.56253830385143,81.86441090910729,96.14948925765567,68.87437850667762,63.35182241531004,75.74598513529048,318
universal,universal,P_kbar,P,P<5,0.0,5.0,318,v10,ElasticNet/universal_raw,v10 ElasticNet universal_raw,8.430578894180117,7.77723866723902,9.018391755197229,6.672345807456915,6.069012552347229,7.215939629750042,307
universal,universal,T_C,P,P<5,0.0,5.0,318,v10,MLP/universal_raw,v10 MLP universal_raw,62.501901113675196,54.79445302657773,70.30395852629671,45.23394971921959,40.524715061565324,49.96451851901856,318
universal,universal,P_kbar,P,P<5,0.0,5.0,318,v10,MLP/universal_raw,v10 MLP universal_raw,7.64009298204773,6.186886912443996,9.016601405082453,4.371256277504831,3.6842805741300726,5.030070093813792,318
universal,universal,T_C,P,5<=P<10,5.0,10.0,106,v10,RF/universal_raw,v10 RF universal_raw,67.43438118345844,54.233367111812335,78.95095597525463,49.38431103718367,40.85865730669082,58.61975583339864,106
universal,universal,P_kbar,P,5<=P<10,5.0,10.0,106,v10,RF/universal_raw,v10 RF universal_raw,4.971718219347909,4.265085112656904,5.718447853692149,3.9961184874161977,3.4509274444378977,4.538937673462255,106
universal,universal,T_C,P,5<=P<10,5.0,10.0,106,v10,ERT/universal_raw,v10 ERT universal_raw,67.68782694287987,54.805168339403416,80.53749458601878,49.842321681881465,41.30884930048883,59.38135461978514,106
universal,universal,P_kbar,P,5<=P<10,5.0,10.0,106,v10,ERT/universal_raw,v10 ERT universal_raw,4.085395460796536,3.3277385604084024,4.863969235527139,3.0854994944204828,2.550639530015743,3.6115598060063023,106
universal,universal,T_C,P,5<=P<10,5.0,10.0,106,v10,XGB/universal_raw,v10 XGB universal_raw,67.28500110637763,54.35851017387775,80.18020709992088,50.67200379172214,42.151141660208175,60.07671366824089,106
universal,universal,P_kbar,P,5<=P<10,5.0,10.0,106,v10,XGB/universal_raw,v10 XGB universal_raw,4.9959544267083436,4.082196205274523,5.903833082675234,3.704491060050453,3.0698380791747235,4.3657520040763655,106
universal,universal,T_C,P,5<=P<10,5.0,10.0,106,v10,GB/universal_raw,v10 GB universal_raw,65.95075429200554,53.58440090390227,78.56981248993384,49.855025736006006,41.47486855908386,58.63008003723648,106
universal,universal,P_kbar,P,5<=P<10,5.0,10.0,106,v10,GB/universal_raw,v10 GB universal_raw,4.998236000335913,4.135554459047743,5.941485617362107,3.8078373911111294,3.1625390896819625,4.4480646219275215,106
universal,universal,T_C,P,5<=P<10,5.0,10.0,106,v10,CatBoost/universal_raw,v10 CatBoost universal_raw,63.37456567811344,48.90172288398915,78.32661309207555,45.314432870260376,36.681688415302986,55.24299907217751,106
universal,universal,P_kbar,P,5<=P<10,5.0,10.0,106,v10,CatBoost/universal_raw,v10 CatBoost universal_raw,4.388452820503534,3.644360522323608,5.093363327955019,3.387805245513405,2.8209584222767887,3.9410004623196673,106
universal,universal,T_C,P,5<=P<10,5.0,10.0,106,v10,LightGBM/universal_raw,v10 LightGBM universal_raw,67.09197588312284,55.0365358484937,78.80364240389461,51.709789947649114,43.67864237264605,60.70791699945143,106
universal,universal,P_kbar,P,5<=P<10,5.0,10.0,106,v10,LightGBM/universal_raw,v10 LightGBM universal_raw,4.921752323634372,4.050841768763993,5.749602272634321,3.74985925623047,3.1075889785477,4.357321086358011,106
universal,universal,T_C,P,5<=P<10,5.0,10.0,106,v10,ElasticNet/universal_raw,v10 ElasticNet universal_raw,76.48603952283983,62.94134875755657,91.63979896472415,57.157635089367176,48.01548302029798,67.91093350646335,106
universal,universal,P_kbar,P,5<=P<10,5.0,10.0,106,v10,ElasticNet/universal_raw,v10 ElasticNet universal_raw,5.598888331262703,4.6982933766739565,6.479890320583035,4.1568310182515615,3.4532194996368073,4.901236565315401,105
universal,universal,T_C,P,5<=P<10,5.0,10.0,106,v10,MLP/universal_raw,v10 MLP universal_raw,75.73704338469344,59.25080780982938,91.63545349148995,51.66777905863967,41.902861585670934,62.79162072832897,106
universal,universal,P_kbar,P,5<=P<10,5.0,10.0,106,v10,MLP/universal_raw,v10 MLP universal_raw,5.944183300730985,5.04169003809309,6.953038459972348,4.82380301548245,4.169834785889668,5.471067747984798,106
universal,universal,T_C,P,10<=P<20,10.0,20.0,278,v10,RF/universal_raw,v10 RF universal_raw,88.99431382216417,70.5425206078906,106.71118358002943,56.77951207252055,48.980362375694064,65.36794737648921,278
universal,universal,P_kbar,P,10<=P<20,10.0,20.0,278,v10,RF/universal_raw,v10 RF universal_raw,6.575820943878799,4.657326116252456,8.3977943794604,3.750336745988458,3.135818986900428,4.406506852154545,278
universal,universal,T_C,P,10<=P<20,10.0,20.0,278,v10,ERT/universal_raw,v10 ERT universal_raw,85.08170267892777,66.7004236421307,101.76352240228455,51.9987121888204,43.95220581128587,60.47986017481562,278
universal,universal,P_kbar,P,10<=P<20,10.0,20.0,278,v10,ERT/universal_raw,v10 ERT universal_raw,5.911787468172293,4.47315972556719,7.309874324692046,3.602580183820062,3.0745495806256717,4.184630561983492,278
universal,universal,T_C,P,10<=P<20,10.0,20.0,278,v10,XGB/universal_raw,v10 XGB universal_raw,82.8352464846297,65.79389347247657,97.99019973423582,53.76407807712937,45.93929234367624,61.7636178707957,278
universal,universal,P_kbar,P,10<=P<20,10.0,20.0,278,v10,XGB/universal_raw,v10 XGB universal_raw,6.940369139774435,5.2025519335783486,8.580288074384638,4.182164478115106,3.6031144448635013,4.851914665025726,278
universal,universal,T_C,P,10<=P<20,10.0,20.0,278,v10,GB/universal_raw,v10 GB universal_raw,85.53438211324632,67.87530959944675,101.61328912691403,55.31079049457797,47.32974959151073,63.194422524572985,278
universal,universal,P_kbar,P,10<=P<20,10.0,20.0,278,v10,GB/universal_raw,v10 GB universal_raw,6.66542690646033,5.096679260783535,8.145567116977682,4.139412865277944,3.5715872073122945,4.791005735346017,278
universal,universal,T_C,P,10<=P<20,10.0,20.0,278,v10,CatBoost/universal_raw,v10 CatBoost universal_raw,86.41368233725319,72.45891097998295,99.685470789982,58.65875576005262,50.81762435916769,66.21887658091292,278
universal,universal,P_kbar,P,10<=P<20,10.0,20.0,278,v10,CatBoost/universal_raw,v10 CatBoost universal_raw,7.175883205400086,5.267025224386158,8.926924009637117,4.263204316107205,3.6287591168386966,4.977984781015902,278
universal,universal,T_C,P,10<=P<20,10.0,20.0,278,v10,LightGBM/universal_raw,v10 LightGBM universal_raw,86.97560339937665,69.70218919092048,103.26571371123255,56.32610867931932,48.22879849094322,64.49380049179666,278
universal,universal,P_kbar,P,10<=P<20,10.0,20.0,278,v10,LightGBM/universal_raw,v10 LightGBM universal_raw,6.737144666589327,5.006568056378682,8.377867347374998,4.12411556785502,3.538693805302575,4.793777996488565,278
universal,universal,T_C,P,10<=P<20,10.0,20.0,278,v10,ElasticNet/universal_raw,v10 ElasticNet universal_raw,117.7202563461929,96.84425931044841,137.08144597316905,78.38736652625889,68.56909247035168,88.22899006834008,278
universal,universal,P_kbar,P,10<=P<20,10.0,20.0,278,v10,ElasticNet/universal_raw,v10 ElasticNet universal_raw,8.605739880818986,6.550903543380314,10.592776305913128,5.33381399165486,4.5384488958991085,6.187539577487525,274
universal,universal,T_C,P,10<=P<20,10.0,20.0,278,v10,MLP/universal_raw,v10 MLP universal_raw,106.54275485815006,93.33311434699104,119.53348097503033,74.08695740099577,65.3215656729833,82.7444076581139,278
universal,universal,P_kbar,P,10<=P<20,10.0,20.0,278,v10,MLP/universal_raw,v10 MLP universal_raw,6.668622599634834,5.3597784241627195,7.962819297510182,4.317448780795303,3.7375280084955858,4.982390607659659,278
universal,universal,T_C,P,20<=P<40,20.0,40.0,213,v10,RF/universal_raw,v10 RF universal_raw,120.25252162749034,104.90052023067352,135.78756217386325,94.41558179580582,84.6369905501504,105.54950521830658,213
universal,universal,P_kbar,P,20<=P<40,20.0,40.0,213,v10,RF/universal_raw,v10 RF universal_raw,9.053522321298038,7.7328418565870995,10.258018160716524,6.809028331863979,5.976394647165621,7.576756701606714,212
universal,universal,T_C,P,20<=P<40,20.0,40.0,213,v10,ERT/universal_raw,v10 ERT universal_raw,116.97981182662063,102.75152218549242,131.60851060470767,91.20443329957378,81.34727085737514,101.73418894245066,213
universal,universal,P_kbar,P,20<=P<40,20.0,40.0,213,v10,ERT/universal_raw,v10 ERT universal_raw,8.804088450388148,7.241855588225018,10.349619651645094,6.258907591885244,5.415362995791162,7.117952020795131,212
universal,universal,T_C,P,20<=P<40,20.0,40.0,213,v10,XGB/universal_raw,v10 XGB universal_raw,118.66279590529541,105.53944753441372,131.3691354453955,93.34748107241538,83.88761930749263,103.83892082727758,213
universal,universal,P_kbar,P,20<=P<40,20.0,40.0,213,v10,XGB/universal_raw,v10 XGB universal_raw,9.637915114085846,8.388254352732122,10.912568266345268,7.514486910320279,6.731767285104974,8.356029078261408,212
universal,universal,T_C,P,20<=P<40,20.0,40.0,213,v10,GB/universal_raw,v10 GB universal_raw,118.67494816743306,105.14921564603013,132.79052572132852,90.45159502870956,80.38177782713576,101.10792079677468,213
universal,universal,P_kbar,P,20<=P<40,20.0,40.0,213,v10,GB/universal_raw,v10 GB universal_raw,9.78497976523593,8.396742474105887,11.196922498147458,7.439046988835101,6.626304867036428,8.319581759156746,212
universal,universal,T_C,P,20<=P<40,20.0,40.0,213,v10,CatBoost/universal_raw,v10 CatBoost universal_raw,105.22929559827512,91.20974815820259,119.73223927201762,76.77666130714378,66.54985798271518,87.10944455850029,213
universal,universal,P_kbar,P,20<=P<40,20.0,40.0,213,v10,CatBoost/universal_raw,v10 CatBoost universal_raw,9.332536528135066,7.9035313781995935,10.562104411858638,6.921599062290348,6.07521831058014,7.808886093428647,212
universal,universal,T_C,P,20<=P<40,20.0,40.0,213,v10,LightGBM/universal_raw,v10 LightGBM universal_raw,117.89991752395615,102.18845247820124,132.6951298668136,88.72828952229443,78.33653284465142,100.57055769403449,213
universal,universal,P_kbar,P,20<=P<40,20.0,40.0,213,v10,LightGBM/universal_raw,v10 LightGBM universal_raw,9.34708365326294,8.184149712887514,10.515926031171034,7.258830695522192,6.460956652970272,8.074506577476049,212
universal,universal,T_C,P,20<=P<40,20.0,40.0,213,v10,ElasticNet/universal_raw,v10 ElasticNet universal_raw,147.1983775275148,129.02219521637358,167.5813578692311,119.73861894297606,109.1438431067312,132.2400044941773,213
universal,universal,P_kbar,P,20<=P<40,20.0,40.0,213,v10,ElasticNet/universal_raw,v10 ElasticNet universal_raw,10.83414288462764,9.17438436649362,12.542246907606835,8.381581623455299,7.48751940200288,9.37287233510011,212
universal,universal,T_C,P,20<=P<40,20.0,40.0,213,v10,MLP/universal_raw,v10 MLP universal_raw,100.49030284701121,89.57658193966637,112.33508623225799,78.27630584468638,70.93098199776836,87.31797958472342,213
universal,universal,P_kbar,P,20<=P<40,20.0,40.0,213,v10,MLP/universal_raw,v10 MLP universal_raw,9.305109143827968,7.979135447457739,10.498038364388574,6.500708273734032,5.5898319796147,7.351990386959917,212
universal,universal,T_C,P,P>=40,40.0,1000.0,90,v10,RF/universal_raw,v10 RF universal_raw,386.8750555943777,332.03098658528734,440.52637519613876,312.3035507041337,264.68623578047914,364.0790287703517,90
universal,universal,P_kbar,P,P>=40,40.0,1000.0,90,v10,RF/universal_raw,v10 RF universal_raw,54.64563326227615,44.80344538583658,64.24592182873097,39.91987463599776,32.201443220622316,47.51068870078098,87
universal,universal,T_C,P,P>=40,40.0,1000.0,90,v10,ERT/universal_raw,v10 ERT universal_raw,404.2213421019578,347.17058152673036,460.0232934170954,326.7868250695962,278.0719362934807,376.32609895224044,90
universal,universal,P_kbar,P,P>=40,40.0,1000.0,90,v10,ERT/universal_raw,v10 ERT universal_raw,50.86148286140485,41.245492275059526,59.697906908112415,37.85626246737219,30.87771663231438,44.333591342642976,84
universal,universal,T_C,P,P>=40,40.0,1000.0,90,v10,XGB/universal_raw,v10 XGB universal_raw,404.2915575024797,346.6967499697509,461.47662269701266,325.1726888020833,274.5745455423991,378.10250396728514,90
universal,universal,P_kbar,P,P>=40,40.0,1000.0,90,v10,XGB/universal_raw,v10 XGB universal_raw,55.063612113400104,45.319622506160364,63.96480887081237,41.750755680489476,34.04549366540394,48.59836890940801,87
universal,universal,T_C,P,P>=40,40.0,1000.0,90,v10,GB/universal_raw,v10 GB universal_raw,399.4165873167457,341.9338557734606,457.1927943664901,323.4244048353761,274.1845594712875,374.30856575494124,90
universal,universal,P_kbar,P,P>=40,40.0,1000.0,90,v10,GB/universal_raw,v10 GB universal_raw,55.26582269478038,42.941940291888045,64.98246836877668,41.27491299464879,32.66762979267159,48.62010503091752,84
universal,universal,T_C,P,P>=40,40.0,1000.0,90,v10,CatBoost/universal_raw,v10 CatBoost universal_raw,405.7864590128521,345.98812228925567,465.1153343897723,323.6060806277473,272.0597541527412,377.62081776702945,90
universal,universal,P_kbar,P,P>=40,40.0,1000.0,90,v10,CatBoost/universal_raw,v10 CatBoost universal_raw,51.99599920071331,41.21557213926062,60.81142067810174,39.4634344280756,31.873779965860464,46.193709490397524,83
universal,universal,T_C,P,P>=40,40.0,1000.0,90,v10,LightGBM/universal_raw,v10 LightGBM universal_raw,405.9747152604952,347.7831592582879,464.38466800729924,329.2227829514409,276.01071852542,381.5823527007151,90
universal,universal,P_kbar,P,P>=40,40.0,1000.0,90,v10,LightGBM/universal_raw,v10 LightGBM universal_raw,56.08291473757879,45.59179146003586,66.60520286345904,42.32434659033064,34.27661047909754,50.18056885208459,83
universal,universal,T_C,P,P>=40,40.0,1000.0,90,v10,ElasticNet/universal_raw,v10 ElasticNet universal_raw,363.90945918428923,310.53813323291416,414.01396378057905,298.39693706846253,250.81267634037428,341.3491727456135,90
universal,universal,P_kbar,P,P>=40,40.0,1000.0,90,v10,ElasticNet/universal_raw,v10 ElasticNet universal_raw,55.396118324717655,45.45800524304104,64.64839907825689,44.295970429495455,37.5557257029847,51.24306625190596,82
universal,universal,T_C,P,P>=40,40.0,1000.0,90,v10,MLP/universal_raw,v10 MLP universal_raw,443.88396258086686,377.6442340615761,507.09609634958923,347.9305555767703,295.5030277633601,401.65514512536424,90
universal,universal,P_kbar,P,P>=40,40.0,1000.0,90,v10,MLP/universal_raw,v10 MLP universal_raw,46.03484041568719,35.35752850816112,56.11215705571151,33.68391210630532,26.204528788919784,40.98833342736466,75
universal,universal,T_C,P,P<20 (Agreda range),0.0,20.0,702,v10,RF/universal_raw,v10 RF universal_raw,77.39559513786915,69.04090591622266,87.40502169732397,54.49860089601048,50.496669487193806,58.77558150373674,702
universal,universal,P_kbar,P,P<20 (Agreda range),0.0,20.0,702,v10,RF/universal_raw,v10 RF universal_raw,5.5308395534911075,4.6845282411858555,6.413110684876701,3.539475507857396,3.244500514341476,3.843639635231089,702
universal,universal,T_C,P,P<20 (Agreda range),0.0,20.0,702,v10,ERT/universal_raw,v10 ERT universal_raw,74.94735410955212,66.4404124802813,84.25774628805685,51.87755954625766,47.997137965016385,55.872560991760636,702
universal,universal,P_kbar,P,P<20 (Agreda range),0.0,20.0,702,v10,ERT/universal_raw,v10 ERT universal_raw,5.952054948312506,5.187830130388677,6.645663849994494,3.7612047008902656,3.4396379315683316,4.072612391517064,702
universal,universal,T_C,P,P<20 (Agreda range),0.0,20.0,702,v10,XGB/universal_raw,v10 XGB universal_raw,73.81720128229954,66.37484011210562,82.36951218341028,52.224525197178345,48.46995248666031,56.21834406415385,702
universal,universal,P_kbar,P,P<20 (Agreda range),0.0,20.0,702,v10,XGB/universal_raw,v10 XGB universal_raw,5.924997609494917,5.167982418341095,6.72776804749596,3.9129584251235303,3.6215196198209605,4.2424763002872465,702
universal,universal,T_C,P,P<20 (Agreda range),0.0,20.0,702,v10,GB/universal_raw,v10 GB universal_raw,73.77838559636922,65.67285144411245,83.12470945634155,52.39315021420723,48.501984026378054,56.403925346160044,702
universal,universal,P_kbar,P,P<20 (Agreda range),0.0,20.0,702,v10,GB/universal_raw,v10 GB universal_raw,5.716005648240019,5.038244704823662,6.443580472226588,3.865318412525727,3.5833165644754694,4.18145085646252,702
universal,universal,T_C,P,P<20 (Agreda range),0.0,20.0,702,v10,CatBoost/universal_raw,v10 CatBoost universal_raw,74.06263850144552,67.2560042789514,81.33548788345335,53.449009510047524,49.60678607596521,57.384909793766425,702
universal,universal,P_kbar,P,P<20 (Agreda range),0.0,20.0,702,v10,CatBoost/universal_raw,v10 CatBoost universal_raw,6.078699133017971,5.229372698777868,6.967151973838441,3.813211921426394,3.5056257729018125,4.157280241230892,702
universal,universal,T_C,P,P<20 (Agreda range),0.0,20.0,702,v10,LightGBM/universal_raw,v10 LightGBM universal_raw,74.1234576131269,66.56840957089975,83.49180373850058,52.4551401924423,48.681667506293266,56.381139659935194,702
universal,universal,P_kbar,P,P<20 (Agreda range),0.0,20.0,702,v10,LightGBM/universal_raw,v10 LightGBM universal_raw,5.87925923926668,5.158259143293599,6.6706781370849635,3.8480692968765275,3.5434025561356983,4.17438073792944,702
universal,universal,T_C,P,P<20 (Agreda range),0.0,20.0,702,v10,ElasticNet/universal_raw,v10 ElasticNet universal_raw,99.62057089421229,90.27029970566868,110.26576416738756,70.87243529757318,65.89446483742661,76.5318570196884,702
universal,universal,P_kbar,P,P<20 (Agreda range),0.0,20.0,702,v10,ElasticNet/universal_raw,v10 ElasticNet universal_raw,8.135470469519568,7.3304035155718825,9.038089297420097,5.7526857923019215,5.380286032679215,6.188184321365521,686
universal,universal,T_C,P,P<20 (Agreda range),0.0,20.0,702,v10,MLP/universal_raw,v10 MLP universal_raw,84.44529355125024,77.32060305246854,92.33920551481165,57.631559470661614,53.32033563376379,62.178700807768976,702
universal,universal,P_kbar,P,P<20 (Agreda range),0.0,20.0,702,v10,MLP/universal_raw,v10 MLP universal_raw,7.02763395874717,6.145462522377129,7.829489781942864,4.418281163744687,4.058968073589614,4.7795256276206635,702
universal,universal,T_C,P,ALL,0.0,1000.0,1005,v10,RF/universal_raw,v10 RF universal_raw,143.70943987497077,127.78321050282297,159.81075198435448,86.045628174008,79.34257904181695,93.27037630341925,1005
universal,universal,P_kbar,P,ALL,0.0,1000.0,1005,v10,RF/universal_raw,v10 RF universal_raw,17.272737106101502,14.415613325898894,20.50036331173216,7.393861045157704,6.557829190550028,8.419242111384746,1001
universal,universal,T_C,P,ALL,0.0,1000.0,1005,v10,ERT/universal_raw,v10 ERT universal_raw,146.47941328272222,129.55578232829365,164.49059265915494,84.83124910502063,77.96075734744234,92.77062617406338,1005
universal,universal,P_kbar,P,ALL,0.0,1000.0,1005,v10,ERT/universal_raw,v10 ERT universal_raw,16.0971829343694,13.332266897200638,19.309875630645813,7.161503163090082,6.3622125293493745,8.157952747218857,998
universal,universal,T_C,P,ALL,0.0,1000.0,1005,v10,XGB/universal_raw,v10 XGB universal_raw,146.38277400914612,129.36554728968662,164.39225339163457,85.38325586968276,78.40245054555099,92.87722245470704,1005
universal,universal,P_kbar,P,ALL,0.0,1000.0,1005,v10,XGB/universal_raw,v10 XGB universal_raw,17.544600032114346,14.747180564798738,20.498117625959587,7.964319464163039,7.1266547923042864,8.998699431960475,1001
universal,universal,T_C,P,ALL,0.0,1000.0,1005,v10,GB/universal_raw,v10 GB universal_raw,145.16768096605153,128.1507879795704,162.57917181769793,84.73072400663926,78.48567272044765,92.93268513639264,1005
universal,universal,P_kbar,P,ALL,0.0,1000.0,1005,v10,GB/universal_raw,v10 GB universal_raw,17.331973271034645,13.95840619685536,20.515739284023528,7.773170519816232,6.827846994091605,8.754937336110528,998
universal,universal,T_C,P,ALL,0.0,1000.0,1005,v10,CatBoost/universal_raw,v10 CatBoost universal_raw,144.65224644515126,126.79418090694017,164.81883020312222,82.58624954325596,75.79175214458634,90.08549639635945,1005
universal,universal,P_kbar,P,ALL,0.0,1000.0,1005,v10,CatBoost/universal_raw,v10 CatBoost universal_raw,16.419805367039892,13.815672898591778,19.553641841930283,7.442044962464552,6.607799804454753,8.426349647645742,997
universal,universal,T_C,P,ALL,0.0,1000.0,1005,v10,LightGBM/universal_raw,v10 LightGBM universal_raw,146.77686346982327,129.52318718493495,164.8820677078243,84.92804432733621,78.205704105528,92.95347520111903,1005
universal,universal,P_kbar,P,ALL,0.0,1000.0,1005,v10,LightGBM/universal_raw,v10 LightGBM universal_raw,17.457398211893,14.54482579295255,20.84902464139399,7.776466921620331,6.9575517555406,8.8939380113171,997
universal,universal,T_C,P,ALL,0.0,1000.0,1005,v10,ElasticNet/universal_raw,v10 ElasticNet universal_raw,152.9175171981898,139.55691783558368,165.41095371001933,101.60447736309641,95.33040478149583,108.12240316373402,1005
universal,universal,P_kbar,P,ALL,0.0,1000.0,1005,v10,ElasticNet/universal_raw,v10 ElasticNet universal_raw,18.124389972441442,15.558494952003253,21.134952581350543,9.546436053990071,8.667586841667235,10.579246846178915,980
universal,universal,T_C,P,ALL,0.0,1000.0,1005,v10,MLP/universal_raw,v10 MLP universal_raw,157.37230611109723,137.66473968264143,178.28705638959914,88.00393820421093,80.78787606868784,97.0974996687887,1005
universal,universal,P_kbar,P,ALL,0.0,1000.0,1005,v10,MLP/universal_raw,v10 MLP universal_raw,14.639815939904976,11.917280116171586,17.53544948880072,7.084000949396648,6.3872219915135595,7.923521266067628,989
universal,universal,T_C,T,T<800,-1000.0,800.0,7,v10,RF/universal_raw,v10 RF universal_raw,458.2449897703584,439.0819571251791,474.8623778798754,457.55531557395034,438.6428519999566,474.4259255658993,7
universal,universal,P_kbar,T,T<800,-1000.0,800.0,7,v10,RF/universal_raw,v10 RF universal_raw,34.88363890915234,28.18567568753004,41.746353318058745,33.08556044665594,24.842566890574027,40.98046747890045,7
universal,universal,T_C,T,T<800,-1000.0,800.0,7,v10,ERT/universal_raw,v10 ERT universal_raw,410.27376617162344,383.9463714006581,436.77582973849843,408.80681216931197,383.496673280423,435.37647850529083,7
universal,universal,P_kbar,T,T<800,-1000.0,800.0,7,v10,ERT/universal_raw,v10 ERT universal_raw,27.77129136658179,22.289421766755915,34.25475828478543,26.502824046658738,21.16446761460223,32.94795981482974,7
universal,universal,T_C,T,T<800,-1000.0,800.0,7,v10,XGB/universal_raw,v10 XGB universal_raw,347.597761407964,312.0204652135127,379.8437040862589,344.2698713030134,310.8307795933315,377.3522731236049,7
universal,universal,P_kbar,T,T<800,-1000.0,800.0,7,v10,XGB/universal_raw,v10 XGB universal_raw,35.298369967736015,29.225198390543504,39.60672481081602,34.12657553809027,26.689403698274205,39.47124026332586,7
universal,universal,T_C,T,T<800,-1000.0,800.0,7,v10,GB/universal_raw,v10 GB universal_raw,352.48049831494967,326.17586044464707,374.5405230675343,350.9012847549482,324.84677115101454,373.4706189583403,7
universal,universal,P_kbar,T,T<800,-1000.0,800.0,7,v10,GB/universal_raw,v10 GB universal_raw,32.8709004978604,27.21563977990467,36.62853690355388,31.731544969724066,24.763306084862542,36.620915951595265,7
universal,universal,T_C,T,T<800,-1000.0,800.0,7,v10,CatBoost/universal_raw,v10 CatBoost universal_raw,353.77684635141003,335.93522361254173,371.0949180352059,352.96028132939745,335.79509380099967,370.1254688577953,7
universal,universal,P_kbar,T,T<800,-1000.0,800.0,7,v10,CatBoost/universal_raw,v10 CatBoost universal_raw,35.727808491693615,29.742634941278357,41.81984086986068,34.54959373025686,27.919527662520657,41.143914678661226,7
universal,universal,T_C,T,T<800,-1000.0,800.0,7,v10,LightGBM/universal_raw,v10 LightGBM universal_raw,382.2261084066127,342.6151085819638,415.9398943462685,379.15045151978995,341.8233877093508,413.120943111788,7
universal,universal,P_kbar,T,T<800,-1000.0,800.0,7,v10,LightGBM/universal_raw,v10 LightGBM universal_raw,33.27323574314022,27.01692219002796,39.37003325747423,31.80587376826071,24.282579439608476,38.902448323303695,7
universal,universal,T_C,T,T<800,-1000.0,800.0,7,v10,ElasticNet/universal_raw,v10 ElasticNet universal_raw,578.6008234592458,570.8706156077523,586.9986533911498,578.4992702328802,570.8498501057054,586.8682000000292,7
universal,universal,P_kbar,T,T<800,-1000.0,800.0,7,v10,ElasticNet/universal_raw,v10 ElasticNet universal_raw,46.12199686598368,40.92874496067002,50.55927541942878,45.57076447447538,40.25301935518179,50.28401588226286,7
universal,universal,T_C,T,T<800,-1000.0,800.0,7,v10,MLP/universal_raw,v10 MLP universal_raw,303.3243563062262,274.43044272800836,325.7434136344332,301.0890442010158,272.22486725471623,324.67739089123734,7
universal,universal,P_kbar,T,T<800,-1000.0,800.0,7,v10,MLP/universal_raw,v10 MLP universal_raw,28.559154328840915,22.031432011834408,35.59685408485958,26.863273115984377,20.395988744167294,34.49606274579623,7
universal,universal,T_C,T,800<=T<1000,800.0,1000.0,97,v10,RF/universal_raw,v10 RF universal_raw,106.04174979360359,86.70089472350725,125.68855305855145,82.42569025004306,69.86768049000783,96.28231148067043,97
universal,universal,P_kbar,T,800<=T<1000,800.0,1000.0,97,v10,RF/universal_raw,v10 RF universal_raw,7.785159868894693,5.532915128218963,9.611455866523386,4.83301374492549,3.6657896407890096,5.966543486396277,96
universal,universal,T_C,T,800<=T<1000,800.0,1000.0,97,v10,ERT/universal_raw,v10 ERT universal_raw,105.53638801232492,81.69670909348545,129.83853477455577,76.02209501910858,62.86689841856878,92.332473604025,97
universal,universal,P_kbar,T,800<=T<1000,800.0,1000.0,97,v10,ERT/universal_raw,v10 ERT universal_raw,8.228711418615838,6.000428187022313,10.156712294814724,5.201629531690627,3.8993872634229505,6.528573701507061,96
universal,universal,T_C,T,800<=T<1000,800.0,1000.0,97,v10,XGB/universal_raw,v10 XGB universal_raw,100.38688634658446,74.79841806430913,125.7451795155024,70.48096709890464,56.308211556660765,85.32608766326379,97
universal,universal,P_kbar,T,800<=T<1000,800.0,1000.0,97,v10,XGB/universal_raw,v10 XGB universal_raw,8.445513560762272,5.803513501931086,10.524545256710217,4.907597510540591,3.5603062212224192,6.169275723636591,96
universal,universal,T_C,T,800<=T<1000,800.0,1000.0,97,v10,GB/universal_raw,v10 GB universal_raw,104.60806356702578,77.91079744121528,132.59542384353267,73.85914217268046,59.77460705700005,88.81584934009769,97
universal,universal,P_kbar,T,800<=T<1000,800.0,1000.0,97,v10,GB/universal_raw,v10 GB universal_raw,8.256532353832162,5.466963451288001,10.408923209218736,4.589582070751175,3.2548921226331275,5.866854216345753,96
universal,universal,T_C,T,800<=T<1000,800.0,1000.0,97,v10,CatBoost/universal_raw,v10 CatBoost universal_raw,99.88170793472672,78.0700748362986,123.6884432634,73.68296868667302,61.72082377591699,87.77381790366628,97
universal,universal,P_kbar,T,800<=T<1000,800.0,1000.0,97,v10,CatBoost/universal_raw,v10 CatBoost universal_raw,8.811739205962018,5.888735006120266,11.069365753052498,4.80853458874109,3.3530443166752812,6.233245468936904,96
universal,universal,T_C,T,800<=T<1000,800.0,1000.0,97,v10,LightGBM/universal_raw,v10 LightGBM universal_raw,99.87351038416216,74.48916557589179,126.08348820224538,70.911672256538,57.26412267586954,85.7182247173839,97
universal,universal,P_kbar,T,800<=T<1000,800.0,1000.0,97,v10,LightGBM/universal_raw,v10 LightGBM universal_raw,8.227171678031727,5.746324662026325,10.066661497759995,4.724913473829589,3.3557019267983086,5.990508346701956,96
universal,universal,T_C,T,800<=T<1000,800.0,1000.0,97,v10,ElasticNet/universal_raw,v10 ElasticNet universal_raw,143.89623202795977,123.85007825848368,163.18916583325995,112.84588970107887,94.95486985534751,131.93579822308573,97
universal,universal,P_kbar,T,800<=T<1000,800.0,1000.0,97,v10,ElasticNet/universal_raw,v10 ElasticNet universal_raw,11.202028153257116,9.087605280129798,13.135194034425288,8.677874034001965,7.150963084246064,10.180573610652267,84
universal,universal,T_C,T,800<=T<1000,800.0,1000.0,97,v10,MLP/universal_raw,v10 MLP universal_raw,108.67584250058701,82.1444335200827,137.92696826025485,74.73623286243706,61.31020912656867,92.22912059562935,97
universal,universal,P_kbar,T,800<=T<1000,800.0,1000.0,97,v10,MLP/universal_raw,v10 MLP universal_raw,9.257048485381686,6.527059589037251,11.585346377086953,5.435326628202117,3.8960671418429587,6.858733267080608,96
universal,universal,T_C,T,1000<=T<1200,1000.0,1200.0,443,v10,RF/universal_raw,v10 RF universal_raw,73.973374401504,67.4567333480802,80.71655990667197,56.396240947727016,51.784398461205804,61.18733506262023,443
universal,universal,P_kbar,T,1000<=T<1200,1000.0,1200.0,443,v10,RF/universal_raw,v10 RF universal_raw,5.580083448594497,4.93210246559621,6.223742567509229,3.8036811893840325,3.440082585062866,4.19068601314772,443
universal,universal,T_C,T,1000<=T<1200,1000.0,1200.0,443,v10,ERT/universal_raw,v10 ERT universal_raw,73.15609067006048,66.43993812360007,81.18257676012264,54.566291173876,49.90523242661934,59.55908998339649,443
universal,universal,P_kbar,T,1000<=T<1200,1000.0,1200.0,443,v10,ERT/universal_raw,v10 ERT universal_raw,6.723399762534914,5.6245855871067745,7.695722693920947,4.073522253488322,3.608858884890254,4.568297522216147,443
universal,universal,T_C,T,1000<=T<1200,1000.0,1200.0,443,v10,XGB/universal_raw,v10 XGB universal_raw,76.23129366924978,68.60757763624979,84.33483322599837,55.94590322807569,51.42309127488969,60.921312746629056,443
universal,universal,P_kbar,T,1000<=T<1200,1000.0,1200.0,443,v10,XGB/universal_raw,v10 XGB universal_raw,5.806950669451273,5.2302966585348605,6.396374053897364,4.130229554936675,3.76096556306148,4.5232453939695105,443
universal,universal,T_C,T,1000<=T<1200,1000.0,1200.0,443,v10,GB/universal_raw,v10 GB universal_raw,76.53825301343758,69.2567687321002,84.36480497036958,55.94502646467571,51.270168729478804,60.676904644576176,443
universal,universal,P_kbar,T,1000<=T<1200,1000.0,1200.0,443,v10,GB/universal_raw,v10 GB universal_raw,6.007899081439191,5.318640108509658,6.734802287723524,4.193734355602916,3.7708512172943798,4.596847701214861,443
universal,universal,T_C,T,1000<=T<1200,1000.0,1200.0,443,v10,CatBoost/universal_raw,v10 CatBoost universal_raw,71.76401910344444,65.18628764695045,78.19141722389013,54.466560537743725,50.03409649487266,58.80153913607015,443
universal,universal,P_kbar,T,1000<=T<1200,1000.0,1200.0,443,v10,CatBoost/universal_raw,v10 CatBoost universal_raw,5.944931295814454,5.324686685648707,6.655867608059469,4.022828487822707,3.6551223412077363,4.4520652643959,443
universal,universal,T_C,T,1000<=T<1200,1000.0,1200.0,443,v10,LightGBM/universal_raw,v10 LightGBM universal_raw,75.62785502526789,69.08323039695746,83.06921614657671,55.467958998197815,50.77333366369835,60.41675556227158,443
universal,universal,P_kbar,T,1000<=T<1200,1000.0,1200.0,443,v10,LightGBM/universal_raw,v10 LightGBM universal_raw,5.923191620116702,5.327401723063121,6.580093583293533,4.120497947707966,3.7355933108415833,4.5206740860907635,443
universal,universal,T_C,T,1000<=T<1200,1000.0,1200.0,443,v10,ElasticNet/universal_raw,v10 ElasticNet universal_raw,92.8799172308911,86.63640443966094,98.93909022166363,72.60863203395627,67.61558909514089,77.98884063816026,443
universal,universal,P_kbar,T,1000<=T<1200,1000.0,1200.0,443,v10,ElasticNet/universal_raw,v10 ElasticNet universal_raw,8.454515069025874,7.845660797273396,9.13865850009245,6.515109341644136,6.058337814919565,7.048401960857622,439
universal,universal,T_C,T,1000<=T<1200,1000.0,1200.0,443,v10,MLP/universal_raw,v10 MLP universal_raw,81.42470782651404,74.40879312365739,89.68047950381391,57.19807363972233,52.31312279923677,62.74574931543465,443
universal,universal,P_kbar,T,1000<=T<1200,1000.0,1200.0,443,v10,MLP/universal_raw,v10 MLP universal_raw,7.438007501042927,6.425793553740645,8.536935266841036,4.833371631543538,4.34243048587995,5.358868635259666,443
universal,universal,T_C,T,1200<=T<1400,1200.0,1400.0,317,v10,RF/universal_raw,v10 RF universal_raw,82.08080799557486,73.70804536677572,90.26085499947884,61.45687014934299,55.78705243754245,67.41009886231049,317
universal,universal,P_kbar,T,1200<=T<1400,1200.0,1400.0,317,v10,RF/universal_raw,v10 RF universal_raw,7.701139085613694,6.40354539469528,8.920979248928585,4.944098498264612,4.362085357129684,5.582368237127444,317
universal,universal,T_C,T,1200<=T<1400,1200.0,1400.0,317,v10,ERT/universal_raw,v10 ERT universal_raw,83.97737028728999,74.64413509256711,93.41177679472668,60.70402351908895,54.81281977532314,67.12640418096294,317
universal,universal,P_kbar,T,1200<=T<1400,1200.0,1400.0,317,v10,ERT/universal_raw,v10 ERT universal_raw,7.512097007905665,6.306310865919253,8.730842624225446,4.89357133007405,4.320699977091898,5.539208672330586,317
universal,universal,T_C,T,1200<=T<1400,1200.0,1400.0,317,v10,XGB/universal_raw,v10 XGB universal_raw,89.92635780882682,80.21022661049952,98.8652080018017,65.73102170910605,59.358588043427794,72.33777984618168,317
universal,universal,P_kbar,T,1200<=T<1400,1200.0,1400.0,317,v10,XGB/universal_raw,v10 XGB universal_raw,8.382091546159488,7.104507436431956,9.64298113816287,5.666484532943121,5.06543592432989,6.375060404039666,317
universal,universal,T_C,T,1200<=T<1400,1200.0,1400.0,317,v10,GB/universal_raw,v10 GB universal_raw,84.71424583785418,76.19494174034085,92.30311211127433,62.66350942937452,56.44173294584102,68.50024476632109,317
universal,universal,P_kbar,T,1200<=T<1400,1200.0,1400.0,317,v10,GB/universal_raw,v10 GB universal_raw,8.447253518792413,7.094185757819468,9.756553874804343,5.646096487615504,4.991216574217781,6.334162833092174,317
universal,universal,T_C,T,1200<=T<1400,1200.0,1400.0,317,v10,CatBoost/universal_raw,v10 CatBoost universal_raw,77.2738550616626,68.51050651115189,85.8415037214182,55.536461236478665,49.722611807090566,61.14610799614208,317
universal,universal,P_kbar,T,1200<=T<1400,1200.0,1400.0,317,v10,CatBoost/universal_raw,v10 CatBoost universal_raw,8.091451075011458,6.703260668809956,9.408553474982567,5.3045411344521405,4.647053227864631,6.0022415428935165,317
universal,universal,T_C,T,1200<=T<1400,1200.0,1400.0,317,v10,LightGBM/universal_raw,v10 LightGBM universal_raw,85.16331470428752,75.53064611992717,93.8769107324598,62.28388646395649,55.85328048112071,68.81720428308309,317
universal,universal,P_kbar,T,1200<=T<1400,1200.0,1400.0,317,v10,LightGBM/universal_raw,v10 LightGBM universal_raw,8.377171225687576,7.061627392023936,9.6388122306477,5.5995248767594505,4.955003667243639,6.318527347052943,317
universal,universal,T_C,T,1200<=T<1400,1200.0,1400.0,317,v10,ElasticNet/universal_raw,v10 ElasticNet universal_raw,88.67973631042248,82.67656438159246,95.37809745662969,71.26256455390846,65.80752582491976,77.23472635600042,317
universal,universal,P_kbar,T,1200<=T<1400,1200.0,1400.0,317,v10,ElasticNet/universal_raw,v10 ElasticNet universal_raw,10.112905720084646,8.497587400294314,11.683942981005725,6.594605697209563,5.7839567318858265,7.503064108062264,317
universal,universal,T_C,T,1200<=T<1400,1200.0,1400.0,317,v10,MLP/universal_raw,v10 MLP universal_raw,89.7725627169186,79.70397852569941,99.50881447103254,65.78409663565142,59.53776173561965,72.39355622296864,317
universal,universal,P_kbar,T,1200<=T<1400,1200.0,1400.0,317,v10,MLP/universal_raw,v10 MLP universal_raw,8.030097823379105,6.533120717268249,9.186781714284718,5.012378918012729,4.280802947575905,5.632876466860048,314
universal,universal,T_C,T,T>=1400,1400.0,5000.0,141,v10,RF/universal_raw,v10 RF universal_raw,310.9714972796607,263.72102350928895,358.43047718420104,218.52705371930085,184.70522807782746,258.00942060235997,141
universal,universal,P_kbar,T,T>=1400,1400.0,5000.0,141,v10,RF/universal_raw,v10 RF universal_raw,42.70856337567611,33.73890063568036,50.55383417199853,25.024468642872556,19.348236286472016,30.46800948344451,138
universal,universal,T_C,T,T>=1400,1400.0,5000.0,141,v10,ERT/universal_raw,v10 ERT universal_raw,322.8688787475838,273.5706046599536,375.0556992851315,224.13880853140972,188.3454147259535,265.49734293567343,141
universal,universal,P_kbar,T,T>=1400,1400.0,5000.0,141,v10,ERT/universal_raw,v10 ERT universal_raw,39.3265332319378,31.175910383381197,46.478474139290384,23.010899877527333,17.949052295912914,28.052291500859564,135
universal,universal,T_C,T,T>=1400,1400.0,5000.0,141,v10,XGB/universal_raw,v10 XGB universal_raw,321.4980535949672,271.34669011211145,375.28970083648306,219.4529094290226,183.6028405696788,261.32162626009455,141
universal,universal,P_kbar,T,T>=1400,1400.0,5000.0,141,v10,XGB/universal_raw,v10 XGB universal_raw,43.015089009197936,33.94553034349341,51.25032909324073,26.35000800049824,20.5673918236857,32.09087220179862,138
universal,universal,T_C,T,T>=1400,1400.0,5000.0,141,v10,GB/universal_raw,v10 GB universal_raw,319.32751218674696,270.0712795419799,370.0896162730761,219.04789099060108,181.2431967396816,259.80647232720486,141
universal,universal,P_kbar,T,T>=1400,1400.0,5000.0,141,v10,GB/universal_raw,v10 GB universal_raw,42.78099080334577,33.55456486472222,50.731456406865384,25.535307993260822,19.882161397987947,31.240927563568654,135
universal,universal,T_C,T,T>=1400,1400.0,5000.0,141,v10,CatBoost/universal_raw,v10 CatBoost universal_raw,326.2804787749937,276.8489143364021,382.39858584494806,224.45011580762392,188.9101257938848,268.61306771873586,141
universal,universal,P_kbar,T,T>=1400,1400.0,5000.0,141,v10,CatBoost/universal_raw,v10 CatBoost universal_raw,40.14903831168624,31.294777873907364,47.83489860012953,24.273132770294236,19.056091810220032,29.666919261941178,134
universal,universal,T_C,T,T>=1400,1400.0,5000.0,141,v10,LightGBM/universal_raw,v10 LightGBM universal_raw,324.2890157305687,274.0047705318887,375.7314752035812,223.43192435584635,185.83594159940185,264.560122583935,141
universal,universal,P_kbar,T,T>=1400,1400.0,5000.0,141,v10,LightGBM/universal_raw,v10 LightGBM universal_raw,43.349535121118194,33.4291618437699,51.12202077906975,25.94384130016888,20.259865468356566,31.298178529110427,134
universal,universal,T_C,T,T>=1400,1400.0,5000.0,141,v10,ElasticNet/universal_raw,v10 ElasticNet universal_raw,301.69970280994335,261.9282737176815,339.0623086431377,229.51132342301756,198.77902723133496,260.50788154171715,141
universal,universal,P_kbar,T,T>=1400,1400.0,5000.0,141,v10,ElasticNet/universal_raw,v10 ElasticNet universal_raw,41.82789006125699,33.281002384477844,50.179916185473225,25.24020718598172,19.87687028922358,30.94186295581799,133
universal,universal,T_C,T,T>=1400,1400.0,5000.0,141,v10,MLP/universal_raw,v10 MLP universal_raw,353.38684943945,296.1982262158919,414.99971285007473,233.29514001609908,194.47731885691138,282.7935202932474,141
universal,universal,P_kbar,T,T>=1400,1400.0,5000.0,141,v10,MLP/universal_raw,v10 MLP universal_raw,34.46993254993918,26.22753638032117,42.756986232693116,20.00908571941245,15.745197109657461,25.238822400603713,129
universal,universal,T_C,T,ALL,-1000.0,5000.0,1005,v10,RF/universal_raw,v10 RF universal_raw,143.70943987497077,127.78321050282297,159.81075198435448,86.045628174008,79.34257904181695,93.27037630341925,1005
universal,universal,P_kbar,T,ALL,-1000.0,5000.0,1005,v10,RF/universal_raw,v10 RF universal_raw,17.272737106101502,14.415613325898894,20.50036331173216,7.393861045157704,6.557829190550028,8.419242111384746,1001
universal,universal,T_C,T,ALL,-1000.0,5000.0,1005,v10,ERT/universal_raw,v10 ERT universal_raw,146.47941328272222,129.55578232829365,164.49059265915494,84.83124910502063,77.96075734744234,92.77062617406338,1005
universal,universal,P_kbar,T,ALL,-1000.0,5000.0,1005,v10,ERT/universal_raw,v10 ERT universal_raw,16.0971829343694,13.332266897200638,19.309875630645813,7.161503163090082,6.3622125293493745,8.157952747218857,998
universal,universal,T_C,T,ALL,-1000.0,5000.0,1005,v10,XGB/universal_raw,v10 XGB universal_raw,146.38277400914612,129.36554728968662,164.39225339163457,85.38325586968276,78.40245054555099,92.87722245470704,1005
universal,universal,P_kbar,T,ALL,-1000.0,5000.0,1005,v10,XGB/universal_raw,v10 XGB universal_raw,17.544600032114346,14.747180564798738,20.498117625959587,7.964319464163039,7.1266547923042864,8.998699431960475,1001
universal,universal,T_C,T,ALL,-1000.0,5000.0,1005,v10,GB/universal_raw,v10 GB universal_raw,145.16768096605153,128.1507879795704,162.57917181769793,84.73072400663926,78.48567272044765,92.93268513639264,1005
universal,universal,P_kbar,T,ALL,-1000.0,5000.0,1005,v10,GB/universal_raw,v10 GB universal_raw,17.331973271034645,13.95840619685536,20.515739284023528,7.773170519816232,6.827846994091605,8.754937336110528,998
universal,universal,T_C,T,ALL,-1000.0,5000.0,1005,v10,CatBoost/universal_raw,v10 CatBoost universal_raw,144.65224644515126,126.79418090694017,164.81883020312222,82.58624954325596,75.79175214458634,90.08549639635945,1005
universal,universal,P_kbar,T,ALL,-1000.0,5000.0,1005,v10,CatBoost/universal_raw,v10 CatBoost universal_raw,16.419805367039892,13.815672898591778,19.553641841930283,7.442044962464552,6.607799804454753,8.426349647645742,997
universal,universal,T_C,T,ALL,-1000.0,5000.0,1005,v10,LightGBM/universal_raw,v10 LightGBM universal_raw,146.77686346982327,129.52318718493495,164.8820677078243,84.92804432733621,78.205704105528,92.95347520111903,1005
universal,universal,P_kbar,T,ALL,-1000.0,5000.0,1005,v10,LightGBM/universal_raw,v10 LightGBM universal_raw,17.457398211893,14.54482579295255,20.84902464139399,7.776466921620331,6.9575517555406,8.8939380113171,997
universal,universal,T_C,T,ALL,-1000.0,5000.0,1005,v10,ElasticNet/universal_raw,v10 ElasticNet universal_raw,152.9175171981898,139.55691783558368,165.41095371001933,101.60447736309641,95.33040478149583,108.12240316373402,1005
universal,universal,P_kbar,T,ALL,-1000.0,5000.0,1005,v10,ElasticNet/universal_raw,v10 ElasticNet universal_raw,18.124389972441442,15.558494952003253,21.134952581350543,9.546436053990071,8.667586841667235,10.579246846178915,980
universal,universal,T_C,T,ALL,-1000.0,5000.0,1005,v10,MLP/universal_raw,v10 MLP universal_raw,157.37230611109723,137.66473968264143,178.28705638959914,88.00393820421093,80.78787606868784,97.0974996687887,1005
universal,universal,P_kbar,T,ALL,-1000.0,5000.0,1005,v10,MLP/universal_raw,v10 MLP universal_raw,14.639815939904976,11.917280116171586,17.53544948880072,7.084000949396648,6.3872219915135595,7.923521266067628,989
