{
  "T": {
    "slope": -0.050330298244242795,
    "intercept": 88.9463557970377,
    "r": -0.0894121707994399,
    "p": 0.21149048444628352
  },
  "P": {
    "slope": -0.21445284192831626,
    "intercept": 2.2652911969812495,
    "r": -0.21430244112454974,
    "p": 0.00249499658518614
  }
}