SiO2,TiO2,Al2O3,Cr2O3,FeO_total,MnO,MgO,CaO,Na2O,FeO,K2O,SiO2_cat,TiO2_cat,Al2O3_cat,Cr2O3_cat,FeO_cat,MnO_cat,MgO_cat,CaO_cat,Na2O_cat,K2O_cat,cation_sum,oxide_total,En_frac,Fs_frac,Wo_frac,Wo,Mg_num,Al_IV,Al_VI,MgTs,ood_score,is_outlier,T_pred,T_lo,T_hi,P_pred,P_lo,P_hi,T_CV,P_CV
56.18,0.0001,2.09,0.85,5.43,0.14,33.9,2.19,0.01,0.0,0.0,1.930406621671972,2.5850203562429057e-06,0.08463852703736614,0.02309190741574334,0.15603974308784432,0.004074563768983385,1.7365106422837662,0.08062788065338981,0.0006662102833917808,0.0,4.016058681222813,95.3601,88.00576573256075,7.9080408382051015,4.086193429234146,4.086193429234146,91.75505475077719,0.06959337832802803,0.01504514870933811,0.01504514870933811,-0.4218589958147797,False,1300.0,1190.0,1391.6,10.0,10.0,12.787999973694488,0.155076923076923,0.27879999736944877
