target,rmse_baseline,rmse_with_h2o,r2_baseline,r2_with_h2o
T_C,88.22184054538583,87.40721316639777,0.595514514977393,0.6029499447661227
P_kbar,5.767672503070286,5.763059373417926,0.6419220523110609,0.6424946227535947
