strategy,model_name,target,feature_set,n_folds_x,rmse,mae,r2,bias,n,fold_median_rmse,fold_mean_rmse,fold_q25,fold_q75,n_folds_y
LOSO,RF,T_C,pwlr,93,74.65005093542757,52.80416888165847,0.8209160884916735,3.048441495618579,600,58.58242057136253,70.62829572844831,31.058905918806097,81.45690438954375,93
LOSO,RF,P_kbar,pwlr,93,5.927868419160324,3.8103402931901615,0.5990231463821463,-0.1489460950757477,600,3.220305968276365,4.72073276161544,2.000000290309586,5.630615624569176,93
Cluster-KFold,RF,T_C,pwlr,3,103.2987619227008,79.38802100638559,0.657084917253765,3.966392200006782,600,103.25506269549795,108.45453311839061,99.01626358994965,115.29306743538527,3
Cluster-KFold,RF,P_kbar,pwlr,3,6.778360389238183,4.608575521163621,0.4757100841144464,-0.4126853616175874,600,6.123288118864077,6.132118040127086,4.9452855928792046,7.314535526743462,3
TargetBinKFold,RF,T_C,pwlr,9,101.69073955363692,79.3629476121872,0.6676779437832178,-6.6229906509385685,600,84.86050980587629,93.58318509510092,69.66772277344619,101.5557309995375,9
TargetBinKFold,RF,P_kbar,pwlr,9,8.432043528302012,6.054219741346945,0.1886880492922089,0.1457554595713734,600,6.251174656806681,6.3788573077264745,3.377114968300364,8.228470282686278,9
